date,dqn_dow30_w55_equal,bh_dow30_w55_equal,dqn_dow30_w55_price,bh_dow30_w55_price,dqn_dow30_w60_equal,bh_dow30_w60_equal,dqn_dow30_w60_price,bh_dow30_w60_price,dqn_dow30_w65_equal,bh_dow30_w65_equal,dqn_dow30_w65_price,bh_dow30_w65_price,dqn_dow30_w75_equal,bh_dow30_w75_equal,dqn_dow30_w75_price,bh_dow30_w75_price
2024-01-18 00:00:00,,,,,1.0029656162902536,1.007525892201085,1.0028559557106624,1.0069205933263985,1.00356170423614,1.007525892201085,1.0034022237343674,1.0069205933263985,1.003121652214375,1.007525892201085,1.0026645344868665,1.0069205933263985
2024-01-19 00:00:00,,,,,1.0098051539248885,1.0193715639873293,1.0090786910249332,1.0173463469026978,1.0082237206793672,1.0193715639873293,1.0075153794801577,1.0173463469026978,1.0121939239090236,1.0193715639873293,1.0100313070604396,1.0173463469026978
2024-01-22 00:00:00,,,,,1.0107843414759086,1.022861944660446,1.0102946535575614,1.021275139852914,1.009654365621051,1.022861944660446,1.0086016289003121,1.021275139852914,1.014401175785537,1.022861944660446,1.0113776948646802,1.021275139852914
2024-01-23 00:00:00,,,,,1.0082027765898274,1.021519803205359,1.0089260428668396,1.018664171162933,1.0104969954892347,1.021519803205359,1.0087963565592504,1.018664171162933,1.0174042986229035,1.021519803205359,1.0115515073177814,1.018664171162933
2024-01-24 00:00:00,,,,,1.0070802557064806,1.017998887030548,1.008743026483262,1.0164043975137425,1.0084471624012301,1.017998887030548,1.0074110171735473,1.0164043975137425,1.0147487858324178,1.017998887030548,1.010856123792093,1.0164043975137425
2024-01-25 00:00:00,,,,,1.0164670293608353,1.028335256948767,1.0168990660791328,1.0215005965452957,1.013271583909748,1.028335256948767,1.011615914470338,1.0215005965452957,1.0258900972647405,1.028335256948767,1.0193216367519378,1.0215005965452957
2024-01-26 00:00:00,,,,,1.0179950682590695,1.0312217723818056,1.0173274268687251,1.0242974139749452,1.0132535702705483,1.0312217723818056,1.0103109935047456,1.0242974139749452,1.0247406160732522,1.0312217723818056,1.0172735490229567,1.0242974139749452
2024-01-29 00:00:00,,,,,1.0215867940577275,1.0379083421956687,1.0205580254071882,1.0316009528421117,1.0174280403274696,1.0379083421956687,1.0143854258620686,1.0316009528421117,1.0303202257951465,1.0379083421956687,1.0227836698799073,1.0316009528421117
2024-01-30 00:00:00,,,,,1.023980900038346,1.0406448329955598,1.023708662191005,1.0342216824505968,1.0193929741979328,1.0406448329955598,1.0165054315237125,1.0342216824505968,1.031922016774616,1.0406448329955598,1.0245259726346956,1.0342216824505968
2024-01-31 00:00:00,,,,,1.0165881727859605,1.0297253721609456,1.0178261331558653,1.0259387345476492,1.0121397922452215,1.0297253721609456,1.0114541586404715,1.0259387345476492,1.021795056779951,1.0297253721609456,1.0145515728291972,1.0259387345476492
2024-02-01 00:00:00,,,,,1.0241696669240132,1.0413753774137073,1.0250243385810935,1.036223538682503,1.0202221301105772,1.0413753774137073,1.0189537541924292,1.036223538682503,1.031109948581463,1.0413753774137073,1.0222360030704563,1.036223538682503
2024-02-02 00:00:00,,,,,1.0278037951693386,1.0476267567324613,1.029763557488715,1.0425235797484569,1.0251138458453373,1.0476267567324613,1.0235436038052657,1.0425235797484569,1.037165220398798,1.0476267567324613,1.0272692788225255,1.0425235797484569
2024-02-05 00:00:00,,,,,1.0259553268830344,1.0415299815501051,1.0261702505514494,1.0347332156167426,1.022383389796836,1.0415299815501051,1.021020174935376,1.0347332156167426,1.0331082720617941,1.0415299815501051,1.0240539292917554,1.0347332156167426
2024-02-06 00:00:00,,,,,1.027645548373895,1.0454414989454002,1.0271235118450253,1.038581103387099,1.0262519850671794,1.0454414989454002,1.0245489951935098,1.038581103387099,1.0372257422027753,1.0454414989454002,1.0273850043372987,1.038581103387099
2024-02-07 00:00:00,,,,,1.0294072561603744,1.0492064596018194,1.0299536481293603,1.0440287755859663,1.0280236012869646,1.0492064596018194,1.027688969821544,1.0440287755859663,1.0400074777877857,1.0492064596018194,1.0324249389095195,1.0440287755859663
2024-02-08 00:00:00,,,,,1.0323040581746166,1.0523146407029795,1.0308113628080076,1.0457987779262605,1.0311582860357338,1.0523146407029795,1.029166611948219,1.0457987779262605,1.0427272373776106,1.0523146407029795,1.033028231213165,1.0457987779262605
2024-02-09 00:00:00,,,,,1.0306485122549975,1.0526750685605997,1.0292540227840405,1.0454228263395544,1.0302841114029977,1.0526750685605997,1.0284124683761595,1.0454228263395544,1.0436738602650961,1.0526750685605997,1.0334653661653515,1.0454228263395544
2024-02-12 00:00:00,,,,,1.0340371719820256,1.0559415524618492,1.0324834055567595,1.0477373153606653,1.0333055147795174,1.0559415524618492,1.0303795659384793,1.0477373153606653,1.0466651576291484,1.0559415524618492,1.0353697877535444,1.0477373153606653
2024-02-13 00:00:00,,,,,1.0258454498063763,1.0442140536216127,1.0233977427697791,1.0336561872448555,1.024691073405065,1.0442140536216127,1.0194861860329891,1.0336561872448555,1.0375121675620147,1.0442140536216127,1.0250112991025997,1.0336561872448555
2024-02-14 00:00:00,,,,,1.0278369219960612,1.0494050348927544,1.0253722689472913,1.0386032777463952,1.027714649427395,1.0494050348927544,1.0223988080896278,1.0386032777463952,1.042334154912774,1.0494050348927544,1.0294102167082595,1.0386032777463952
2024-02-15 00:00:00,,,,,1.031761951540281,1.0573582626239573,1.0300710964639899,1.0479120241367448,1.0331337673589,1.0573582626239573,1.028227883586729,1.0479120241367448,1.0483267668873064,1.0573582626239573,1.0369405140043089,1.0479120241367448
2024-02-16 00:00:00,,,,,1.0297286462562336,1.053083070017579,1.0277819115482396,1.0435683584629094,1.0287444983379959,1.053083070017579,1.0242390776054837,1.0435683584629094,1.0459609412181834,1.053083070017579,1.0345735827854436,1.0435683584629094
2024-02-20 00:00:00,,,,,1.029168994293455,1.0508758210269686,1.0253933681271064,1.040955749474673,1.0273825991765195,1.0508758210269686,1.0225977966521587,1.040955749474673,1.0437647522973272,1.0508758210269686,1.032388558983792,1.040955749474673
2024-02-21 00:00:00,,,,,1.029604702388562,1.052247360802693,1.0261111686793283,1.0430955847059813,1.0284803063520482,1.052247360802693,1.0243944732840793,1.0430955847059813,1.0442250311446444,1.052247360802693,1.0340126725265526,1.0430955847059813
2024-02-22 00:00:00,,,,,1.0361806675330987,1.0688910029738712,1.0338455082742295,1.0580755963488628,1.035420755863286,1.0688910029738712,1.0330447715232771,1.0580755963488628,1.0577510806023542,1.0688910029738712,1.0449519955552626,1.0580755963488628
2024-02-23 00:00:00,,,,,1.0372170949931936,1.0708811959954807,1.0345735651401031,1.0599776414181994,1.0369613627554848,1.0708811959954807,1.0344234538912127,1.0599776414181994,1.0590949050734841,1.0708811959954807,1.046294514630312,1.0599776414181994
2024-02-26 00:00:00,,,,,1.03526238528093,1.068391322157567,1.032803093376979,1.0584576196844693,1.0346804429377963,1.068391322157567,1.0322726381973275,1.0584576196844693,1.0583935528384383,1.068391322157567,1.0466569972612845,1.0584576196844693
2024-02-27 00:00:00,,,,,1.0359429897500168,1.0679427299485942,1.033801176612729,1.0567256064612178,1.0334526833713789,1.0679427299485942,1.030734256829776,1.0567256064612178,1.0589636061932697,1.0679427299485942,1.047964219049092,1.0567256064612178
2024-02-28 00:00:00,,,,,1.035749445395406,1.068496467818061,1.034928224877738,1.0572800720218742,1.0354196806295148,1.068496467818061,1.0341768944684884,1.0572800720218742,1.0596733426729492,1.068496467818061,1.0498362260227005,1.0572800720218742
2024-02-29 00:00:00,,,,,1.0369055330184498,1.0701504359899103,1.036226139380558,1.058708691271218,1.0385691718242098,1.0701504359899103,1.0370800792060288,1.058708691271218,1.0635343029104651,1.0701504359899103,1.0539541609115406,1.058708691271218
2024-03-01 00:00:00,,,,,1.0393045803558199,1.0732819500804651,1.03840249581241,1.061355146523704,1.040827232015244,1.0732819500804651,1.0391028676342744,1.061355146523704,1.0664426627236223,1.0732819500804651,1.0558616612345635,1.061355146523704
2024-03-04 00:00:00,,,,,1.040177693064929,1.0725843735079124,1.0370666689538997,1.0587225869337287,1.0407130053417053,1.0725843735079124,1.0383481023767303,1.0587225869337287,1.0677050117156202,1.0725843735079124,1.0560889295813654,1.0587225869337287
2024-03-05 00:00:00,,,,,1.035528590551039,1.0655302658871564,1.0294208199441717,1.0482817118606373,1.038236326467064,1.0655302658871564,1.0339382765013605,1.0482817118606373,1.0631975329938594,1.0655302658871564,1.0488724406435517,1.0482817118606373
2024-03-06 00:00:00,,,,,1.0380182172987826,1.0683285366350441,1.0311798020476304,1.0510023636220112,1.038677189669131,1.0683285366350441,1.034766471035476,1.0510023636220112,1.0644977381930174,1.0683285366350441,1.0501802802272902,1.0510023636220112
2024-03-07 00:00:00,,,,,1.041990719395349,1.0729483638347554,1.0356612639690903,1.0561447033267417,1.0420431329079578,1.0729483638347554,1.0379952474783711,1.0561447033267417,1.0673101386662411,1.0729483638347554,1.05376667248999,1.0561447033267417
2024-03-08 00:00:00,,,,,1.0398675106003306,1.0706118439070107,1.0338153319774903,1.0538232583573024,1.0398456460030872,1.0706118439070107,1.0358785585513317,1.0538232583573024,1.0680894991387246,1.0706118439070107,1.0538311829618863,1.0538232583573024
2024-03-11 00:00:00,,,,,1.0416906602708382,1.0721678042034826,1.0361575995950663,1.054738909153446,1.0414831550871062,1.0721678042034826,1.0376135224057002,1.054738909153446,1.070853057823103,1.0721678042034826,1.056331967858697,1.054738909153446
2024-03-12 00:00:00,,,,,1.0453354171010214,1.0807289225464756,1.040109567335197,1.060781058632642,1.0426788186657987,1.0807289225464756,1.039647969621116,1.060781058632642,1.074579906956001,1.0807289225464756,1.0611539868105389,1.060781058632642
2024-03-13 00:00:00,,,,,1.046542173570867,1.0823957126476218,1.0388906221923353,1.0605642723794477,1.0408406920524995,1.0823957126476218,1.0368017825239846,1.0605642723794477,1.0777038119965894,1.0823957126476218,1.062740157211896,1.0605642723794477
2024-03-14 00:00:00,,,,,1.04526194075437,1.0765568140759394,1.0389835703788988,1.0569144658394722,1.037533683064996,1.0765568140759394,1.0351148331648528,1.0569144658394722,1.0758795702967299,1.0765568140759394,1.0621072133085288,1.0569144658394722
2024-03-15 00:00:00,,,,,1.0419977535205598,1.0720481523577237,1.0355866151235293,1.0522996549036607,1.0360018814305825,1.0720481523577237,1.0335580114218725,1.0522996549036607,1.072639629379324,1.0720481523577237,1.0596352252056456,1.0522996549036607
2024-03-18 00:00:00,,,,,1.0440300124469135,1.0748671981760387,1.0378711434257857,1.0538681271689088,1.036953623074084,1.0748671981760387,1.03462466157855,1.0538681271689088,1.0756329089360643,1.0748671981760387,1.061527132915294,1.0538681271689088
2024-03-19 00:00:00,,,,,1.0486009048875933,1.082304434037735,1.0430218979047492,1.062747785140868,1.0398430948283661,1.082304434037735,1.0375730382443187,1.062747785140868,1.0799125957773925,1.082304434037735,1.067310575594096,1.062747785140868
2024-03-20 00:00:00,,,,,1.0546429982134222,1.0933234451568934,1.0491012678689355,1.0740897016596271,1.0461192249578586,1.0933234451568934,1.0437911323542985,1.0740897016596271,1.0856214137362288,1.0933234451568934,1.0731341998628487,1.0740897016596271
2024-03-21 00:00:00,,,,,1.0559733486144498,1.098604612442254,1.0510849657921133,1.0816963309877194,1.0463833129987083,1.098604612442254,1.0451017277903962,1.0816963309877194,1.089333921127241,1.098604612442254,1.0790458127152547,1.0816963309877194
2024-03-22 00:00:00,,,,,1.0506355880198759,1.091364743378946,1.0458229265421346,1.073714731249378,1.043196776321122,1.091364743378946,1.0416504722494595,1.073714731249378,1.0853688974581337,1.091364743378946,1.0746845290261016,1.073714731249378
2024-03-25 00:00:00,,,,,1.0505653698470825,1.0898243871687896,1.045269639338266,1.0698126636090086,1.044796028745844,1.0898243871687896,1.0423574479895874,1.0698126636090086,1.0868955649229195,1.0898243871687896,1.0753859848092253,1.0698126636090086
2024-03-26 00:00:00,,,,,1.0489449768337071,1.0870050235027215,1.0445508817681508,1.068651365951802,1.0421088122861324,1.0870050235027215,1.0404948667667693,1.068651365951802,1.086060794469819,1.0870050235027215,1.0749649852917669,1.068651365951802
2024-03-27 00:00:00,,,,,1.0562832485789757,1.0999224873926772,1.0522535440315326,1.081242143855224,1.047988566672903,1.0999224873926772,1.0448491794699617,1.081242143855224,1.0946011533828761,1.0999224873926772,1.0816010829337634,1.081242143855224
2024-03-28 00:00:00,,,,,1.0570867565178632,1.1017506474781293,1.0531366781562013,1.0824158878439554,1.0499331592053402,1.1017506474781293,1.0457540171367004,1.0824158878439554,1.0966032946015403,1.1017506474781293,1.0826494902586477,1.0824158878439554
2024-04-01 00:00:00,,,,,1.054325760162803,1.0969746284744974,1.0485697837264734,1.0743589993303486,1.0504247456073905,1.0969746284744974,1.0447780624624015,1.0743589993303486,1.096556198013298,1.0969746284744974,1.080856454606148,1.0743589993303486
2024-04-02 00:00:00,,,,,1.0498582272551151,1.0885242011677847,1.0444650715547994,1.0621957174592491,1.0480086394285073,1.0885242011677847,1.0426395804483377,1.0621957174592491,1.0955006416953814,1.0885242011677847,1.079822201637591,1.0621957174592491
2024-04-03 00:00:00,,,,,1.049442102553682,1.0861087007466739,1.0450022857315013,1.061158843513376,1.0460270734404113,1.0861087007466739,1.0415427353656308,1.061158843513376,1.094668898785952,1.0861087007466739,1.0802965405032792,1.061158843513376
2024-04-04 00:00:00,,,,,1.0396870748437441,1.071547539496654,1.0352204129250258,1.0469990645605802,1.0380425044983728,1.071547539496654,1.0352889003361068,1.0469990645605802,1.0905715043281166,1.071547539496654,1.07685182072158,1.0469990645605802
2024-04-05 00:00:00,,,,,1.0438087718877,1.0796008082938584,1.038878810751369,1.0549613404072227,1.0411441261820393,1.0796008082938584,1.0381409534685873,1.0549613404072227,1.0924819505181211,1.0796008082938584,1.0788674795817577,1.0549613404072227
2024-04-08 00:00:00,,,,,1.0430059034645818,1.0786009277133066,1.0383186540006502,1.0548960918404129,1.0394822982549439,1.0786009277133066,1.0374634376133176,1.0548960918404129,1.091303266254075,1.0786009277133066,1.0777842457953473,1.0548960918404129
2024-04-09 00:00:00,,,,,1.043905024613364,1.0791834435914167,1.038124335168878,1.0550875589944677,1.0401275561903767,1.0791834435914167,1.0378521544459078,1.0550875589944677,1.0931595562663876,1.0791834435914167,1.0783624039161215,1.0550875589944677
2024-04-10 00:00:00,,,,,1.0374465797598669,1.0694528558832368,1.0304588802516825,1.041827971676333,1.0347691542118236,1.0694528558832368,1.032296016701886,1.041827971676333,1.0903259802168166,1.0694528558832368,1.0768062520319144,1.041827971676333
2024-04-11 00:00:00,,,,,1.0373945593234102,1.0720721958545527,1.0286013548838433,1.0419806735490267,1.036203845939736,1.0720721958545527,1.031390203021916,1.0419806735490267,1.0924015712560304,1.0720721958545527,1.0777563363582108,1.0419806735490267
2024-04-12 00:00:00,,,,,1.0274324770475463,1.05887276265338,1.0202621548257702,1.0299836175387629,1.0266475606213032,1.05887276265338,1.0237738055247445,1.0299836175387629,1.08678909978859,1.05887276265338,1.0744358070193323,1.0299836175387629
2024-04-15 00:00:00,,,,,1.0248487010799903,1.051923811342623,1.0195048382119163,1.0230158807762386,1.025019117415486,1.051923811342623,1.0246463317120842,1.0230158807762386,1.084982313531306,1.051923811342623,1.0733051803569205,1.0230158807762386
2024-04-16 00:00:00,,,,,1.0228725218539323,1.051298306780975,1.0168229155138644,1.0249141669500548,1.0245977088799842,1.051298306780975,1.027077432382344,1.0249141669500548,1.0848871897521053,1.051298306780975,1.0761724891953137,1.0249141669500548
2024-04-17 00:00:00,,,,,1.0228612416442886,1.0482874857273639,1.0190319085752924,1.024567897658102,1.0266441416923253,1.0482874857273639,1.0307987462385986,1.024567897658102,1.0863744727924756,1.0482874857273639,1.0797364071756892,1.024567897658102
2024-04-18 00:00:00,,,,,1.0246753578518393,1.0497483049525194,1.0217503738200635,1.025775389364392,1.0289159815514284,1.0497483049525194,1.0336040708115573,1.025775389364392,1.0879668759998387,1.0497483049525194,1.0825700113350063,1.025775389364392
2024-04-19 00:00:00,,,,,1.0228349269025492,1.0522249069139147,1.0214547851820672,1.0298865981941479,1.0341336982686564,1.0522249069139147,1.038284992247822,1.0298865981941479,1.094792841123143,1.0522249069139147,1.0890603402980659,1.0298865981941479
2024-04-22 00:00:00,,,,,1.0283064173196517,1.0590972415535038,1.024672563663708,1.0370848864425422,1.0367535508949517,1.0590972415535038,1.0417644265991837,1.0370848864425422,1.1000686776270103,1.0590972415535038,1.0935519155458138,1.0370848864425422
2024-04-23 00:00:00,,,,,1.0321788898958066,1.0659167007205697,1.0273616388622175,1.0423772349846905,1.0401548866821975,1.0659167007205697,1.0429838607181785,1.0423772349846905,1.1046644874979854,1.0659167007205697,1.0953125915615551,1.0423772349846905
2024-04-24 00:00:00,,,,,1.0320675895649025,1.0643665050580646,1.0278784099447986,1.040622300053012,1.03865760814302,1.0643665050580646,1.0417053439653687,1.040622300053012,1.101012333918522,1.0643665050580646,1.0919607211585292,1.040622300053012
2024-04-25 00:00:00,,,,,1.025532220441787,1.058321244155735,1.018959565060119,1.0328586618357494,1.0363027630941537,1.058321244155735,1.038610193931781,1.0328586618357494,1.1014043720167714,1.058321244155735,1.092240971850483,1.0328586618357494
2024-04-26 00:00:00,,,,,1.0295012421671856,1.063630777145764,1.0228214738447392,1.0379067847369148,1.039933462731862,1.063630777145764,1.040874802081345,1.0379067847369148,1.1060904177663893,1.063630777145764,1.0956886448654926,1.0379067847369148
2024-04-29 00:00:00,,,,,1.0300947505915174,1.068079223325417,1.0226182388850285,1.04225312350878,1.0425073685571107,1.068079223325417,1.0428108864907069,1.04225312350878,1.1090419955567936,1.068079223325417,1.098733724784491,1.04225312350878
2024-04-30 00:00:00,,,,,1.0204633251906097,1.0541765868952746,1.0116782442076186,1.0264621071210702,1.0347678327479903,1.0541765868952746,1.0337170593241645,1.0264621071210702,1.1017671471407988,1.0541765868952746,1.090036726877152,1.0264621071210702
2024-05-01 00:00:00,,,,,1.0212914973746126,1.055239953380865,1.0138786152164516,1.0295642417662152,1.0358983107095405,1.055239953380865,1.0370552876081136,1.0295642417662152,1.104805177279024,1.055239953380865,1.094143616122475,1.0295642417662152
2024-05-02 00:00:00,,,,,1.0278769463842736,1.063786661158893,1.0214397427497977,1.039219511956123,1.0423960959714031,1.063786661158893,1.0443022904816512,1.039219511956123,1.1099968401916804,1.063786661158893,1.0991559594715585,1.039219511956123
2024-05-03 00:00:00,,,,,1.0386245429323648,1.075103668238579,1.034759444675073,1.0527645612757113,1.0498254885945455,1.075103668238579,1.0545849205271327,1.0527645612757113,1.1193706575401217,1.075103668238579,1.1098278082971025,1.0527645612757113
2024-05-06 00:00:00,,,,,1.0432914485891263,1.0814185380438583,1.038806700680575,1.057835754273947,1.0536352456811986,1.0814185380438583,1.0571724078571114,1.057835754273947,1.1217781085317329,1.0814185380438583,1.11125815936144,1.057835754273947
2024-05-07 00:00:00,,,,,1.0416258305301918,1.0806016598077732,1.039664984339454,1.0592050876337675,1.0559031255108289,1.0806016598077732,1.0601699522162493,1.0592050876337675,1.1228276811772409,1.0806016598077732,1.1126143225928358,1.0592050876337675
2024-05-08 00:00:00,,,,,1.0435473842294842,1.0849384751770044,1.0414925258355014,1.0640581854872113,1.0585892122348748,1.0849384751770044,1.0628375601663107,1.0640581854872113,1.125676419856117,1.0849384751770044,1.1164221785789847,1.0640581854872113
2024-05-09 00:00:00,,,,,1.0491443066171033,1.0915597510242283,1.0496512182615008,1.0725842059782549,1.0633031357545393,1.0915597510242283,1.0697475076151806,1.0725842059782549,1.129302144882915,1.0915597510242283,1.1213636466909855,1.0725842059782549
2024-05-10 00:00:00,,,,,1.0496153714656231,1.0948204356597593,1.0506021642661738,1.0759039178057392,1.0669630387632194,1.0948204356597593,1.0728508365910199,1.0759039178057392,1.1311141720258713,1.0948204356597593,1.1222312392849947,1.0759039178057392
2024-05-13 00:00:00,,,,,1.0488455119000513,1.0942241127680679,1.048102943748637,1.0730975169023464,1.0673937672107838,1.0942241127680679,1.0723937040214562,1.0730975169023464,1.1309154425739893,1.0942241127680679,1.1214446582907434,1.0730975169023464
2024-05-14 00:00:00,,,,,1.0493674857766255,1.0962312187494005,1.0488259077590456,1.0760232649550336,1.069169718124099,1.0962312187494005,1.0751986756818057,1.0760232649550336,1.1325841540809165,1.0962312187494005,1.12382518681405,1.0760232649550336
2024-05-15 00:00:00,,,,,1.0511316295325221,1.104066244657123,1.0506667164617376,1.0856958882994356,1.0744694896825877,1.104066244657123,1.0792874594387043,1.0856958882994356,1.1379304384226032,1.104066244657123,1.1290305640015859,1.0856958882994356
2024-05-16 00:00:00,,,,,1.0533565913799492,1.1070412944880401,1.0515655564455606,1.0860897634992837,1.0778113513109093,1.1070412944880401,1.0799457559504178,1.0860897634992837,1.1412995791958822,1.1070412944880401,1.1300104651298786,1.0860897634992837
2024-05-17 00:00:00,,,,,1.054110085674598,1.1089210383037769,1.0526004383588172,1.0890161344832874,1.0781725089613274,1.1089210383037769,1.0801199079920432,1.0890161344832874,1.141775792355229,1.1089210383037769,1.131253552960649,1.0890161344832874
2024-05-20 00:00:00,,,,,1.049444954762094,1.1039105586770335,1.0484748467324008,1.0838575469854295,1.0752821506052104,1.1039105586770335,1.0791548208339863,1.0838575469854295,1.1409757107622476,1.1039105586770335,1.1314322423859005,1.0838575469854295
2024-05-21 00:00:00,,,,,1.0509506500239614,1.1051417314230108,1.0496858689840514,1.085582093457229,1.0757784248752262,1.1051417314230108,1.0795124006228272,1.085582093457229,1.1410594042048217,1.1051417314230108,1.131177280943007,1.085582093457229
2024-05-22 00:00:00,,,,,1.0477272107294384,1.1015916730851136,1.0454712536826567,1.0805246206947319,1.0750372524218879,1.1015916730851136,1.0777771746243114,1.0805246206947319,1.139524962151307,1.1015916730851136,1.1289250800343797,1.0805246206947319
2024-05-23 00:00:00,,,,,1.037719275023134,1.0883657222453484,1.0357341536244535,1.0640746041417504,1.069220885405385,1.0883657222453484,1.0698511088378553,1.0640746041417504,1.1358491846214325,1.0883657222453484,1.123571764738496,1.0640746041417504
2024-05-24 00:00:00,,,,,1.0384622371662235,1.0906572274449202,1.0360334785409806,1.0644718624423717,1.0710725980769478,1.0906572274449202,1.071035106078462,1.0644718624423717,1.1371383212706927,1.0906572274449202,1.1237853532822768,1.0644718624423717
2024-05-28 00:00:00,,,,,1.0374786339821545,1.0870720844389385,1.03324666045368,1.0589720371375884,1.0673001471694141,1.0870720844389385,1.067978236935254,1.0589720371375884,1.1377807814094925,1.0870720844389385,1.1233665694619945,1.0589720371375884
2024-05-29 00:00:00,,,,,1.032270265538429,1.0782968860078843,1.0247928151425425,1.0475004912307753,1.0629977195288147,1.0782968860078843,1.0630570535410617,1.0475004912307753,1.1346703781684937,1.0782968860078843,1.1195076174737235,1.0475004912307753
2024-05-30 00:00:00,,,,,1.0328699975747009,1.074620848743695,1.025146301140019,1.0405257395678538,1.0651196776653338,1.074620848743695,1.0650061804566981,1.0405257395678538,1.1280827765442,1.074620848743695,1.1098909186054844,1.0405257395678538
2024-05-31 00:00:00,,,,,1.0379767236865902,1.089844764473381,1.029839695848313,1.0568630131162513,1.0725114885619793,1.089844764473381,1.0714703059170356,1.0568630131162513,1.1353890740113992,1.089844764473381,1.1173572059997368,1.0568630131162513
2024-06-03 00:00:00,,,,,1.037523850197431,1.0901249433489733,1.0271344115552021,1.0558897959392417,1.0746574116933922,1.0901249433489733,1.07136260461297,1.0558897959392417,1.1390437120233954,1.0901249433489733,1.1185522528199767,1.0558897959392417
2024-06-04 00:00:00,,,,,1.0396088031606308,1.095739819518396,1.0282169393439822,1.0611187694287716,1.0773285078492512,1.095739819518396,1.0727179282693278,1.0611187694287716,1.1442229659947494,1.095739819518396,1.1217109081422996,1.0611187694287716
2024-06-05 00:00:00,,,,,1.0420407921208519,1.0978368206311175,1.0313057542493078,1.0642689787565758,1.0803856976713926,1.0978368206311175,1.0756745083208161,1.0642689787565758,1.1478795646142383,1.0978368206311175,1.1257862064157,1.0642689787565758
2024-06-06 00:00:00,,,,,1.042224224592273,1.100151093911497,1.0307844665866785,1.0659215129107327,1.0810284499474387,1.100151093911497,1.0755782471751296,1.0659215129107327,1.1502955087918258,1.100151093911497,1.1285111924705893,1.0659215129107327
2024-06-07 00:00:00,,,,,1.0406175063560186,1.097949866458306,1.027833578084352,1.0609487652673553,1.0801245305311553,1.097949866458306,1.073687574030563,1.0609487652673553,1.1490536974321577,1.097949866458306,1.1271378663612563,1.0609487652673553
2024-06-10 00:00:00,,,,,1.0421253641918724,1.0996656802798073,1.0296810047562583,1.063038952167295,1.0799157548568934,1.0996656802798073,1.0735457003901823,1.063038952167295,1.1507384618116903,1.0996656802798073,1.1292276587706127,1.063038952167295
2024-06-11 00:00:00,,,,,1.0425311293932373,1.0968404475550357,1.03018411654359,1.0607663063008546,1.0771417371369794,1.0968404475550357,1.0705751926800826,1.0607663063008546,1.1489145135823247,1.0968404475550357,1.1281108115552863,1.0607663063008546
2024-06-12 00:00:00,,,,,1.0439526847333853,1.094314624916376,1.032955377568608,1.0603997048194458,1.0771669893916627,1.094314624916376,1.0704118726884566,1.0603997048194458,1.1473065119571586,1.094314624916376,1.1264007195158703,1.0603997048194458
2024-06-13 00:00:00,,,,,1.0431211995923555,1.094001203639586,1.032907182426627,1.059157986673622,1.0774764021215608,1.094001203639586,1.0698623758004702,1.059157986673622,1.1466003036257073,1.094001203639586,1.1248068069259674,1.059157986673622
2024-06-14 00:00:00,,,,,1.0417092873699882,1.0929706000301083,1.030514791764208,1.0571613962562894,1.0775579061743148,1.0929706000301083,1.0692376532296781,1.0571613962562894,1.1460870477747935,1.0929706000301083,1.1232476288465776,1.0571613962562894
2024-06-17 00:00:00,,,,,1.0462303856359574,1.0986486194957812,1.0350351187816835,1.0631684730540287,1.0803167226917971,1.0986486194957812,1.0720242771359996,1.0631684730540287,1.1475137891597567,1.0986486194957812,1.1244772213493304,1.0631684730540287
2024-06-18 00:00:00,,,,,1.0471345179817482,1.1015499484895754,1.035372290690722,1.0637373702113242,1.081168641712021,1.1015499484895754,1.0700767683958243,1.0637373702113242,1.1483090929258295,1.1015499484895754,1.1244550121405334,1.0637373702113242
2024-06-20 00:00:00,,,,,1.051744971084827,1.1092109811057096,1.0401388098449744,1.0721549506470913,1.0879091146750528,1.1092109811057096,1.076980202256182,1.0721549506470913,1.1551901550273536,1.1092109811057096,1.1312916527610695,1.0721549506470913
2024-06-21 00:00:00,,,,,1.0503601311759232,1.1100252930772787,1.0389965414828413,1.0726732100912628,1.087780557709356,1.1100252930772787,1.0772582832840887,1.0726732100912628,1.1543210857139763,1.1100252930772787,1.1293852158389455,1.0726732100912628
2024-06-24 00:00:00,,,,,1.0565463093633627,1.1147471348801499,1.0456211076791986,1.078557562560062,1.0898243662187341,1.1147471348801499,1.0808946178820693,1.078557562560062,1.1608908612426807,1.1147471348801499,1.1354018562634751,1.078557562560062
2024-06-25 00:00:00,,,,,1.054000635201138,1.108920671316305,1.0408467118151286,1.069976011160822,1.0893854326300894,1.108920671316305,1.078162588181479,1.069976011160822,1.1569080497578517,1.108920671316305,1.1320843137906806,1.069976011160822
2024-06-26 00:00:00,,,,,1.0533519187523488,1.1097070663064628,1.0404599557056111,1.0713254513927088,1.0889768890993117,1.1097070663064628,1.0782606683787679,1.0713254513927088,1.1585917907566785,1.1097070663064628,1.1335978991521576,1.0713254513927088
2024-06-27 00:00:00,,,,,1.0524032972768111,1.1109258068318817,1.0387729097435208,1.0730132724080914,1.091871280708069,1.1109258068318817,1.0810912167901754,1.0730132724080914,1.1609482367830695,1.1109258068318817,1.1360820465843349,1.0730132724080914
2024-06-28 00:00:00,,,,,1.0455052367116893,1.1017095722299926,1.0354133343137302,1.0719860502942062,1.092047331145731,1.1017095722299926,1.0857276373449647,1.0719860502942062,1.160952351608579,1.1017095722299926,1.140025806316526,1.0719860502942062
2024-07-01 00:00:00,,,,,1.0458727415035707,1.1043556216022543,1.0334266948215531,1.0725391950383099,1.09410250762543,1.1043556216022543,1.0862562752038505,1.0725391950383099,1.1642045167805601,1.1043556216022543,1.1421994840464726,1.0725391950383099
2024-07-02 00:00:00,,,,,1.0475568915516296,1.1068535039828864,1.034921779269753,1.0758340792948433,1.0952791774063049,1.1068535039828864,1.0872789404696415,1.0758340792948433,1.166748457905966,1.1068535039828864,1.1453982234893754,1.0758340792948433
2024-07-03 00:00:00,,,,,1.0472930512870466,1.1079655016320864,1.0353351903215056,1.0759557563042408,1.096712636650758,1.1079655016320864,1.087469785473921,1.0759557563042408,1.1666342865317352,1.1079655016320864,1.144964322122944,1.0759557563042408
2024-07-05 00:00:00,,,,,1.0476401016851198,1.1097761684733232,1.0354142699695432,1.0775792885395203,1.0975393736237153,1.1097761684733232,1.0874678171132028,1.0775792885395203,1.166429645160448,1.1097761684733232,1.1450612599657837,1.0775792885395203
2024-07-08 00:00:00,,,,,1.047700801243152,1.1084315073978894,1.0355487214811587,1.0772253089099144,1.0972903953328224,1.1084315073978894,1.0878758741587449,1.0772253089099144,1.1663033312563489,1.1084315073978894,1.1450873788960096,1.0772253089099144
2024-07-09 00:00:00,,,,,1.0470957221219432,1.1068654272712475,1.0359729232170787,1.075427101884357,1.0966233129439933,1.1068654272712475,1.0871851240112087,1.075427101884357,1.1661484415580277,1.1068654272712475,1.1447758590057466,1.075427101884357
2024-07-10 00:00:00,,,,,1.0552180900676564,1.1188410042095438,1.0450965310265086,1.0880790316283184,1.1035805493154318,1.1188410042095438,1.0939502234411227,1.0880790316283184,1.17521853385706,1.1188410042095438,1.1553087376295819,1.0880790316283184
2024-07-11 00:00:00,,,,,1.0575126634405214,1.1195505032061972,1.0484932948133525,1.0909390622315995,1.1053108862288736,1.1195505032061972,1.096620925697196,1.0909390622315995,1.1780702897643942,1.1195505032061972,1.1601429017116573,1.0909390622315995
2024-07-12 00:00:00,,,,,1.061473964947446,1.1258819061883718,1.0529008281068912,1.0980766593778841,1.1093006465685955,1.1258819061883718,1.1015545717894972,1.0980766593778841,1.1836255284485477,1.1258819061883718,1.1669450777981372,1.0980766593778841
2024-07-15 00:00:00,,,,,1.0620114159505032,1.1274700778392364,1.0564227895369571,1.1022833013546915,1.1081961307167842,1.1274700778392364,1.1015526776449744,1.1022833013546915,1.1841080250615352,1.1274700778392364,1.1682704796669303,1.1022833013546915
2024-07-16 00:00:00,,,,,1.0705120320165251,1.1432498128080795,1.0653454900065171,1.1238563989553072,1.1189635315231798,1.1432498128080795,1.119630273402936,1.1238563989553072,1.1968338265879244,1.1432498128080795,1.1867226293184625,1.1238563989553072
2024-07-17 00:00:00,,,,,1.075041467469959,1.1476294813790893,1.0674545855258546,1.1296635765698284,1.1251447249174864,1.1476294813790893,1.1270613055970873,1.1296635765698284,1.2025400199239522,1.1476294813790893,1.1930629216965902,1.1296635765698284
2024-07-18 00:00:00,,,,,1.0679796392354204,1.1369388401166831,1.0573789175471424,1.1160224443389697,1.1188849003362242,1.1369388401166831,1.1195331437185638,1.1160224443389697,1.1978947949933023,1.1369388401166831,1.1871100681668292,1.1160224443389697
2024-07-19 00:00:00,,,,,1.0639039050971546,1.1266112320185246,1.0531552584860848,1.1063026535538054,1.112148286660461,1.1266112320185246,1.1127802470536716,1.1063026535538054,1.1943942154994764,1.1266112320185246,1.1833548656946564,1.1063026535538054
2024-07-22 00:00:00,,,,,1.0673043555379982,1.1291773096089273,1.0554348852610624,1.110515822331203,1.1120672123264783,1.1291773096089273,1.1137814903941738,1.110515822331203,1.195908396675447,1.1291773096089273,1.1853861451230236,1.110515822331203
2024-07-23 00:00:00,,,,,1.0674507614687105,1.1289983749621526,1.0575860863386373,1.1134601328343723,1.1134560407660492,1.1289983749621526,1.1174859800904147,1.1134601328343723,1.1983710941983612,1.1289983749621526,1.1899036235444131,1.1134601328343723
2024-07-24 00:00:00,,,,,1.0593128496891149,1.1154199798992752,1.0466509288246066,1.0972596781265127,1.1099977890648904,1.1154199798992752,1.1130823615930263,1.0972596781265127,1.1938324563733114,1.1154199798992752,1.1818718576229366,1.0972596781265127
2024-07-25 00:00:00,,,,,1.0619987404513678,1.1190272765879994,1.05095473665608,1.1017937487509453,1.1104698504250685,1.1190272765879994,1.1139163379744994,1.1017937487509453,1.1970770057457725,1.1190272765879994,1.1857862955983622,1.1017937487509453
2024-07-26 00:00:00,,,,,1.077107866129452,1.1397013659568755,1.0628544502798962,1.1199341675684438,1.1174418442982401,1.1397013659568755,1.1222507119729668,1.1199341675684438,1.21145384614056,1.1397013659568755,1.19610132970752,1.1199341675684438
2024-07-29 00:00:00,,,,,1.0778209037088047,1.1399799100986971,1.0633254423165257,1.1198740885970107,1.1183167485631778,1.1399799100986971,1.1233621702713377,1.1198740885970107,1.2099559843026004,1.1399799100986971,1.1956767158586343,1.1198740885970107
2024-07-30 00:00:00,,,,,1.078751480050211,1.1399881191168209,1.0674240741995356,1.1246061985993572,1.123145769457574,1.1399881191168209,1.1288197631067596,1.1246061985993572,1.2080808791551163,1.1399881191168209,1.1974073137396408,1.1246061985993572
2024-07-31 00:00:00,,,,,1.0829069302066816,1.1466423362455924,1.0695846910156572,1.1284167438638468,1.122613293239897,1.1466423362455924,1.1290807233130296,1.1284167438638468,1.2133762563212025,1.1466423362455924,1.1993077654629747,1.1284167438638468
2024-08-01 00:00:00,,,,,1.0739344313115657,1.1338731105282511,1.0606791589402451,1.114624943094629,1.1227778413267042,1.1338731105282511,1.1280855333303197,1.114624943094629,1.2127737628216846,1.1338731105282511,1.1985970426403927,1.114624943094629
2024-08-02 00:00:00,,,,,1.0675454240167617,1.1194719257041439,1.0550806992116117,1.1002421522346029,1.1180327979010611,1.1194719257041439,1.1252419038792363,1.1002421522346029,1.212344320789054,1.1194719257041439,1.1997286437500938,1.1002421522346029
2024-08-05 00:00:00,,,,,1.0480477596016315,1.089834753412416,1.037159216293675,1.0714741241154413,1.0999572614000137,1.089834753412416,1.1087814962847191,1.0714741241154413,1.1951074041601057,1.089834753412416,1.18729030973205,1.0714741241154413
2024-08-06 00:00:00,,,,,1.0525666823721143,1.0981024065300693,1.0403809898493184,1.079552199115384,1.1045841246953942,1.0981024065300693,1.1117549684176289,1.079552199115384,1.1980604464343507,1.0981024065300693,1.1884195328961253,1.079552199115384
2024-08-07 00:00:00,,,,,1.0459059699638678,1.0906775104886302,1.0351941805056708,1.0724790346032742,1.097122546588922,1.0906775104886302,1.105036393132027,1.0724790346032742,1.1953536100704636,1.0906775104886302,1.187114712296747,1.0724790346032742
2024-08-08 00:00:00,,,,,1.058713992312662,1.1100174649771442,1.0466298956910263,1.0913879109141873,1.1103357405240317,1.1100174649771442,1.1180103140801507,1.0913879109141873,1.2094724746334664,1.1100174649771442,1.1986764801287768,1.0913879109141873
2024-08-09 00:00:00,,,,,1.0604256606085707,1.1123489819993853,1.0484847839384068,1.0934125261851206,1.1117256677594602,1.1123489819993853,1.1197422220563613,1.0934125261851206,1.2109920246985255,1.1123489819993853,1.2001550106615027,1.0934125261851206
2024-08-12 00:00:00,,,,,1.0571361396208925,1.1090958169156813,1.0451605766030372,1.0897643132272854,1.1093057596019689,1.1090958169156813,1.1161799581218643,1.0897643132272854,1.2100621605082378,1.1090958169156813,1.1983303278981376,1.0897643132272854
2024-08-13 00:00:00,,,,,1.0668500473652114,1.1218971338969868,1.0534658955159735,1.102392536317441,1.1179248682257372,1.1218971338969868,1.1235243495711091,1.102392536317441,1.2195587361407203,1.1218971338969868,1.204990960256789,1.102392536317441
2024-08-14 00:00:00,,,,,1.071486321347295,1.1281811874543657,1.057684794617988,1.109154502995509,1.1211338236615254,1.1281811874543657,1.1270692461995298,1.109154502995509,1.2234548115082218,1.1281811874543657,1.2082819634111845,1.109154502995509
2024-08-15 00:00:00,,,,,1.086099055604699,1.1486572472392036,1.0686710398989612,1.1260737791050526,1.1350284382258924,1.1486572472392036,1.1381256306061367,1.1260737791050526,1.2388891502733619,1.1486572472392036,1.219264015791465,1.1260737791050526
2024-08-16 00:00:00,,,,,1.0901222453664812,1.1540004478736845,1.0708152554495687,1.12950111181832,1.1396639297140128,1.1540004478736845,1.1412512241547297,1.12950111181832,1.243577747126597,1.1540004478736845,1.2226414618528696,1.12950111181832
2024-08-19 00:00:00,,,,,1.0961390401200972,1.162217672200111,1.075283214110127,1.1367232336151731,1.145975633335785,1.162217672200111,1.1459793316463371,1.1367232336151731,1.2496650532594296,1.162217672200111,1.2275334967202591,1.1367232336151731
2024-08-20 00:00:00,,,,,1.0969801860913717,1.1605182856083776,1.075863171006907,1.134278962796581,1.144561574980303,1.1605182856083776,1.1432320963366494,1.134278962796581,1.2498442396838685,1.1605182856083776,1.2275528778165914,1.134278962796581
2024-08-21 00:00:00,,,,,1.0986165160728605,1.1643461726127697,1.0771144282051637,1.136635604516867,1.1468339414819473,1.1643461726127697,1.1438999534094805,1.136635604516867,1.2523279104060066,1.1643461726127697,1.2295582103828844,1.136635604516867
2024-08-22 00:00:00,,,,,1.093505443616962,1.158973321042331,1.072598767287094,1.131651107773415,1.1437873019142293,1.158973321042331,1.1426881181897324,1.131651107773415,1.250917696834882,1.158973321042331,1.2278643403257192,1.131651107773415
2024-08-23 00:00:00,,,,,1.102574067418441,1.1713144001849978,1.0815554801318152,1.144061647839436,1.1496116792592566,1.1713144001849978,1.1464020144439622,1.144061647839436,1.255950687836221,1.1713144001849978,1.2334758776890231,1.144061647839436
2024-08-26 00:00:00,,,,,1.1045383084357474,1.1740545092085242,1.0827500150972218,1.145675405699548,1.1518988010095141,1.1740545092085242,1.1483122003686235,1.145675405699548,1.258867950153681,1.1740545092085242,1.2353155065839023,1.145675405699548
2024-08-27 00:00:00,,,,,1.1051783141869411,1.1750029964366222,1.0833237318662399,1.146229941332625,1.1535102087165556,1.1750029964366222,1.1492788362988977,1.146229941332625,1.257934589963211,1.1750029964366222,1.2350315363909665,1.146229941332625
2024-08-28 00:00:00,,,,,1.1030928648985716,1.1695045953665273,1.0807951427815226,1.141508897754469,1.1513296793303127,1.1695045953665273,1.1478166011840247,1.141508897754469,1.2572587429099515,1.1695045953665273,1.2341681875923889,1.141508897754469
2024-08-29 00:00:00,,,,,1.104807584267199,1.173317543357755,1.0851378406862047,1.1472223209106287,1.155128560337226,1.173317543357755,1.15232360456828,1.1472223209106287,1.2611167782220127,1.173317543357755,1.2376498076761244,1.1472223209106287
2024-08-30 00:00:00,,,,,1.1112482735881353,1.1823574724807238,1.0910556178194997,1.1549072011283323,1.1595083762073757,1.1823574724807238,1.157009736881451,1.1549072011283323,1.2670241057047251,1.1823574724807238,1.2424844951382523,1.1549072011283323
2024-09-03 00:00:00,,,,,1.1024715742818485,1.164228361472976,1.0808590225955408,1.136651819463135,1.1468678749587367,1.164228361472976,1.143816877211262,1.136651819463135,1.2662652409089317,1.164228361472976,1.2413374563128234,1.136651819463135
2024-09-04 00:00:00,,,,,1.100892896559634,1.1623631993769379,1.0810650054226187,1.1377093743180573,1.1458684716406409,1.1623631993769379,1.1443605808804396,1.1377093743180573,1.2645075765197273,1.1623631993769379,1.2428919547581654,1.1377093743180573
2024-09-05 00:00:00,,,,,1.0946731246526125,1.1576834142236452,1.0746913717069835,1.1317106318430539,1.1439468556212449,1.1576834142236452,1.1417690889231233,1.1317106318430539,1.2618770415812812,1.1576834142236452,1.239762764721104,1.1317106318430539
2024-09-06 00:00:00,,,,,1.085281466989733,1.1450693934457252,1.0661033901402683,1.12074516682806,1.1350335012793018,1.1450693934457252,1.134318799397103,1.12074516682806,1.253963269971773,1.1450693934457252,1.2340214793767783,1.12074516682806
2024-09-09 00:00:00,,,,,1.0960131349043443,1.1592864512962975,1.0760062494920772,1.13437887250446,1.1456016562826508,1.1592864512962975,1.1445879941787795,1.13437887250446,1.2644254559621946,1.1592864512962975,1.2427695029894568,1.13437887250446
2024-09-10 00:00:00,,,,,1.0973420770280622,1.1597437308761573,1.0766853751391297,1.1339406296149623,1.1472112322169064,1.1597437308761573,1.1469320527155238,1.1339406296149623,1.2665453478291582,1.1597437308761573,1.2459931882545303,1.1339406296149623
2024-09-11 00:00:00,,,,,1.0983716483427806,1.1661381895249667,1.0783144697445188,1.1380640406316451,1.1504144346121312,1.1661381895249667,1.1507096231790805,1.1380640406316451,1.2738267878106273,1.1661381895249667,1.2510480959821422,1.1380640406316451
2024-09-12 00:00:00,,,,,1.104199740926392,1.1738170317506302,1.0835630736700737,1.1451288909487236,1.154837014234575,1.1738170317506302,1.1544782665217574,1.1451288909487236,1.279490925542252,1.1738170317506302,1.256442183717459,1.1451288909487236
2024-09-13 00:00:00,,,,,1.1096764321708388,1.1809230716167465,1.0895076030991602,1.152103772249272,1.1608665827572227,1.1809230716167465,1.1599586083522255,1.152103772249272,1.2851018580938642,1.1809230716167465,1.2619238050111683,1.152103772249272
2024-09-16 00:00:00,,,,,1.1154819033363041,1.1887784570224704,1.0938867796173994,1.1582571979884542,1.1663344190304572,1.1887784570224704,1.1646107752466783,1.1582571979884542,1.2914253534858477,1.1887784570224704,1.2671847765695181,1.1582571979884542
2024-09-17 00:00:00,,,,,1.1152496347814929,1.1872246556451902,1.0953429520609197,1.157583005873241,1.1647903295869622,1.1872246556451902,1.1645663882449748,1.157583005873241,1.291448555353211,1.1872246556451902,1.2683397919125994,1.157583005873241
2024-09-18 00:00:00,,,,,1.1131428174656732,1.1839440607365512,1.0933082233369904,1.154289563742998,1.1622984781713928,1.1839440607365512,1.1618990397353202,1.154289563742998,1.2892539481017307,1.1839440607365512,1.2661548406100542,1.154289563742998
2024-09-19 00:00:00,,,,,1.119466410644051,1.195140003088842,1.0990165443829556,1.1685672293441203,1.1717527880677774,1.195140003088842,1.1732579572972963,1.1685672293441203,1.303085377060253,1.195140003088842,1.2814119999586735,1.1685672293441203
2024-09-20 00:00:00,,,,,1.123114951671129,1.2000847656840279,1.1003960771530104,1.1695611493856213,1.1749283771164514,1.2000847656840279,1.1734304780010092,1.1695611493856213,1.3065982214270864,1.2000847656840279,1.2827028650530745,1.1695611493856213
2024-09-23 00:00:00,,,,,1.1244861663573569,1.2026261139473962,1.1017690121065211,1.1719464472565824,1.1754956593006416,1.2026261139473962,1.174395161367486,1.1719464472565824,1.3073685327898514,1.2026261139473962,1.283456315730497,1.1719464472565824
2024-09-24 00:00:00,,,,,1.1269443691177594,1.2062896538255523,1.103327087182751,1.174075769387397,1.1804207653427676,1.2062896538255523,1.1774688109945648,1.174075769387397,1.3115947299866622,1.2062896538255523,1.2866795195076874,1.174075769387397
2024-09-25 00:00:00,,,,,1.1248639371762525,1.2008549442447463,1.099491538164882,1.166447643437618,1.1757649770229541,1.2008549442447463,1.170603552103299,1.166447643437618,1.3080698762353307,1.2008549442447463,1.282026595063866,1.166447643437618
2024-09-26 00:00:00,,,,,1.1287386496918768,1.2066254789267015,1.1044055939296222,1.1734924085068315,1.1808328969891877,1.2066254789267015,1.1771864770265403,1.1734924085068315,1.31338340874893,1.2066254789267015,1.2875131475324084,1.1734924085068315
2024-09-27 00:00:00,,,,,1.1306859588348186,1.2089764037111477,1.1079582416835576,1.1772246032153157,1.1836910403549556,1.2089764037111477,1.1812622238383887,1.1772246032153157,1.3152213121266694,1.2089764037111477,1.291602665761774,1.1772246032153157
2024-09-30 00:00:00,,,,,1.132178465234674,1.2089248411394182,1.109512800872033,1.1769225662066263,1.1838108156886125,1.2089248411394182,1.1813534292135113,1.1769225662066263,1.3173938763669915,1.2089248411394182,1.2937160567172057,1.1769225662066263
2024-10-01 00:00:00,,,,,1.1284140107509248,1.204396542540234,1.1067693054251768,1.1725664597538012,1.1790858979693681,1.204396542540234,1.178482696884644,1.1725664597538012,1.3122877842152174,1.204396542540234,1.290487833382673,1.1725664597538012
2024-10-02 00:00:00,,,,,1.1248787906611872,1.2015700484271539,1.1044877235350432,1.1729601849229014,1.17659800699437,1.2015700484271539,1.1775074236884628,1.1729601849229014,1.3150010683547955,1.2015700484271539,1.2946661090128557,1.1729601849229014
2024-10-03 00:00:00,,,,,1.1211839696452057,1.1963774429740548,1.1000738630582205,1.1674100383625141,1.1732986395709826,1.1963774429740548,1.173525593673161,1.1674100383625141,1.3144626464076525,1.1963774429740548,1.292915135607859,1.1674100383625141
2024-10-04 00:00:00,,,,,1.1258115934791215,1.2056866452790327,1.1039202168213933,1.1765481346529651,1.178836874948672,1.2056866452790327,1.179011680734573,1.1765481346529651,1.323951292919517,1.2056866452790327,1.3014830099925176,1.1765481346529651
2024-10-07 00:00:00,,,,,1.1179080341176386,1.194496548085572,1.0961182102055043,1.165897382668058,1.1731048444927725,1.194496548085572,1.172618171788715,1.165897382668058,1.315452757059413,1.194496548085572,1.2917372874075488,1.165897382668058
2024-10-08 00:00:00,,,,,1.120775316927061,1.200336773989852,1.098124762741563,1.1709052969766,1.1756225801103377,1.200336773989852,1.1738435693762812,1.1709052969766,1.3218603196229997,1.200336773989852,1.2973812047674123,1.1709052969766
2024-10-09 00:00:00,,,,,1.1287223617721518,1.2114088859637695,1.1070294935052587,1.1818273533765777,1.1821837946326201,1.2114088859637695,1.181338869989965,1.1818273533765777,1.3281862847266777,1.2114088859637695,1.304675655230225,1.1818273533765777
2024-10-10 00:00:00,,,,,1.1276649575919215,1.2088582125624967,1.1066126980286446,1.1799234681100206,1.1788508095253725,1.2088582125624967,1.1775560646997092,1.1799234681100206,1.3294988152538518,1.2088582125624967,1.3062062835274868,1.1799234681100206
2024-10-11 00:00:00,,,,,1.136106658493482,1.2198977144704013,1.1149634666132544,1.1910542123807901,1.1859401447018163,1.2198977144704013,1.1861656362792945,1.1910542123807901,1.3378982925039058,1.2198977144704013,1.3149053975649545,1.1910542123807901
2024-10-14 00:00:00,,,,,1.1392949125950678,1.2259506341074031,1.1188878476716324,1.1972513186246982,1.1885178115994075,1.2259506341074031,1.1882602393706312,1.1972513186246982,1.3407844526073132,1.2259506341074031,1.3166739896693866,1.1972513186246982
2024-10-15 00:00:00,,,,,1.138405355724363,1.2232085486182807,1.117322229026019,1.19001340516379,1.1885509174441413,1.2232085486182807,1.1892765223724864,1.19001340516379,1.338960515385232,1.2232085486182807,1.3157260697378121,1.19001340516379
2024-10-16 00:00:00,,,,,1.1442448665390494,1.2334043314821765,1.1211499214560559,1.1998647996878256,1.192543609961125,1.2334043314821765,1.19222010381963,1.1998647996878256,1.3453943517213371,1.2334043314821765,1.319832149361108,1.1998647996878256
2024-10-17 00:00:00,,,,,1.1487748495359844,1.2378171680248744,1.1259596305006623,1.203797549365653,1.1967979345726136,1.2378171680248744,1.1965810291371364,1.203797549365653,1.3498587792225893,1.2378171680248744,1.3245005212397056,1.203797549365653
2024-10-18 00:00:00,,,,,1.150417302005046,1.239434478379159,1.1269951517142054,1.2052417120561236,1.1965925537014979,1.239434478379159,1.1960734226143586,1.2052417120561236,1.3507822107489373,1.239434478379159,1.3245398236257346,1.2052417120561236
2024-10-21 00:00:00,,,,,1.1451257729160307,1.2320972192050252,1.1220378738345897,1.1973352072906105,1.1947142333469118,1.2320972192050252,1.1950191067503986,1.1973352072906105,1.347247842063966,1.2320972192050252,1.3204075729396898,1.1973352072906105
2024-10-22 00:00:00,,,,,1.1455876070747162,1.2282425201135365,1.121887739867829,1.193963382704642,1.195261755122374,1.2282425201135365,1.1948566296890772,1.193963382704642,1.34841776319649,1.2282425201135365,1.3208896118494897,1.193963382704642
2024-10-23 00:00:00,,,,,1.1413891728788343,1.2181689289797535,1.116872067652974,1.1826294348360908,1.1915978948921595,1.2181689289797535,1.191635072555134,1.1826294348360908,1.345508182637866,1.2181689289797535,1.3173458980128345,1.1826294348360908
2024-10-24 00:00:00,,,,,1.1393142512797119,1.2112792428545016,1.1161653767373174,1.1788055773795831,1.190459301505912,1.2112792428545016,1.190967444372466,1.1788055773795831,1.3452951583967585,1.2112792428545016,1.3183727823124822,1.1788055773795831
2024-10-25 00:00:00,,,,,1.1336444235752752,1.2039267337431965,1.110423066077439,1.1724319224432374,1.1854550024130532,1.2039267337431965,1.1869220218754364,1.1724319224432374,1.3426904600515406,1.2039267337431965,1.3154662525494938,1.1724319224432374
2024-10-28 00:00:00,,,,,1.13631867198611,1.2099416582916487,1.1145686546893103,1.1787999097896296,1.186346877571711,1.2099416582916487,1.1880960339532827,1.1787999097896296,1.346382964873719,1.2099416582916487,1.3189488163133263,1.1787999097896296
2024-10-29 00:00:00,,,,,1.13190968720565,1.2052676242071054,1.1107648943862825,1.1753281282797927,1.1843121307237177,1.2052676242071054,1.1868511217077449,1.1753281282797927,1.3446061607444202,1.2052676242071054,1.3180753797987286,1.1753281282797927
2024-10-30 00:00:00,,,,,1.1285601809172257,1.202015985071941,1.1082272937464697,1.1732206613759741,1.1866469753089652,1.202015985071941,1.18993768361606,1.1732206613759741,1.3430348077982266,1.202015985071941,1.3184431925726356,1.1732206613759741
2024-10-31 00:00:00,,,,,1.125776411787721,1.1923992056347907,1.105276890271838,1.1620447689630446,1.1820285470832776,1.1923992056347907,1.185261716952384,1.1620447689630446,1.3373237834753702,1.1923992056347907,1.3138303099790767,1.1620447689630446
2024-11-01 00:00:00,,,,,1.131027513185188,1.2004664497821906,1.1098214253647651,1.1704999823317424,1.1894464419857644,1.2004664497821906,1.1930538633260872,1.1704999823317424,1.3428143080793211,1.2004664497821906,1.318761249532658,1.1704999823317424
2024-11-04 00:00:00,,,,,1.1277495881604982,1.1974287588941406,1.1061261656889874,1.1673974087839438,1.1869436660448014,1.1974287588941406,1.1899332357686745,1.1673974087839438,1.3408241109035897,1.1974287588941406,1.3168755874197702,1.1673974087839438
2024-11-05 00:00:00,,,,,1.135007818147329,1.207411195812268,1.1146065294819563,1.1780846040750532,1.1936026828176471,1.207411195812268,1.196965824610221,1.1780846040750532,1.3508593965807543,1.207411195812268,1.3277840388734259,1.1780846040750532
2024-11-06 00:00:00,,,,,1.1535126399257414,1.2363343349705822,1.138965516127835,1.2132502849092315,1.2250013766120689,1.2363343349705822,1.234961687512079,1.2132502849092315,1.3834950387942888,1.2363343349705822,1.3650583996050716,1.2132502849092315
2024-11-07 00:00:00,,,,,1.1573351462005805,1.2381145526261992,1.1431332531312361,1.2163930677860015,1.2240729893632871,1.2381145526261992,1.23391279968033,1.2163930677860015,1.3834256804506613,1.2381145526261992,1.3665754259418688,1.2163930677860015
2024-11-08 00:00:00,,,,,1.1616574416121843,1.244543459865859,1.1486229562386463,1.224191357863149,1.2270479273001083,1.244543459865859,1.2368679788106165,1.224191357863149,1.3888976794772505,1.244543459865859,1.3733839314871108,1.224191357863149
2024-11-11 00:00:00,,,,,1.163692941937344,1.248605013778053,1.1534811676465493,1.231745039735327,1.2318895433699648,1.248605013778053,1.244689907803332,1.231745039735327,1.39496382394395,1.248605013778053,1.3825199865866729,1.231745039735327
2024-11-12 00:00:00,,,,,1.1572937054509345,1.2413535759209122,1.14401704559845,1.2207798247859925,1.225879251151735,1.2413535759209122,1.2377117726761522,1.2207798247859925,1.3929769173675255,1.2413535759209122,1.377399178236512,1.2207798247859925
2024-11-13 00:00:00,,,,,1.1609149588059948,1.2441478305250604,1.1459286819687857,1.2212053439179749,1.2302667134084035,1.2441478305250604,1.2402232407387985,1.2212053439179749,1.3953607212361867,1.2441478305250604,1.3771221368868443,1.2212053439179749
2024-11-14 00:00:00,,,,,1.1583905356100468,1.2407771278065376,1.1413876040538886,1.2152088715906342,1.2301661927318248,1.2407771278065376,1.2397537195756865,1.2152088715906342,1.3899702625100763,1.2407771278065376,1.3711483907963535,1.2152088715906342
2024-11-15 00:00:00,,,,,1.1553900368812,1.2351204155993574,1.1359668570728605,1.2076596233826848,1.2275066256116531,1.2351204155993574,1.235710879862408,1.2076596233826848,1.384232880678998,1.2351204155993574,1.3651397841289978,1.2076596233826848
2024-11-18 00:00:00,,,,,1.1560384394368677,1.235394749791393,1.136162902629172,1.207727106196634,1.2289976963275473,1.235394749791393,1.2371081910950834,1.207727106196634,1.3850517847532529,1.235394749791393,1.3662847110819527,1.207727106196634
2024-11-19 00:00:00,,,,,1.153780001852269,1.2351351834879771,1.1337223184470528,1.204188829116918,1.2307935684206812,1.2351351834879771,1.237415694038761,1.204188829116918,1.3866557177700771,1.2351351834879771,1.3658367415298363,1.204188829116918
2024-11-20 00:00:00,,,,,1.1540288963361598,1.2386273599162199,1.1328208577245418,1.2087088290386319,1.232031125664915,1.2386273599162199,1.2382263747825388,1.2087088290386319,1.3866468510335608,1.2386273599162199,1.363847795133159,1.2087088290386319
2024-11-21 00:00:00,,,,,1.159911507976907,1.2505073033039085,1.1401750504856376,1.2202667957874542,1.2396631506826414,1.2505073033039085,1.2449535029060494,1.2202667957874542,1.3970705237352936,1.2505073033039085,1.373784193719113,1.2202667957874542
2024-11-22 00:00:00,,,,,1.1691438784183765,1.263162589085563,1.150428298392493,1.233303123030662,1.2479386157278218,1.263162589085563,1.2530868306365657,1.233303123030662,1.406284971200421,1.263162589085563,1.3859619126453866,1.233303123030662
2024-11-25 00:00:00,,,,,1.178243003812149,1.2738930739623266,1.1605321395690393,1.2472430545221231,1.2565477406857308,1.2738930739623266,1.2609744373332674,1.2472430545221231,1.4139107539490037,1.2738930739623266,1.3967042826895082,1.2472430545221231
2024-11-26 00:00:00,,,,,1.1816060425698143,1.2785418724574646,1.1612903395614813,1.2495881755405966,1.259339984855108,1.2785418724574646,1.2627346558052586,1.2495881755405966,1.4188187455575558,1.2785418724574646,1.4003634293803373,1.2495881755405966
2024-11-27 00:00:00,,,,,1.1800652842992558,1.2771328174494299,1.159368988429317,1.2469166847719746,1.2579456785388106,1.2771328174494299,1.2617375600472507,1.2469166847719746,1.4184534766986627,1.2771328174494299,1.399644501746707,1.2469166847719746
2024-11-29 00:00:00,,,,,1.1833190514019376,1.2822679594796147,1.1625337475420383,1.2524942786054658,1.2600838426674834,1.2822679594796147,1.2644580022815757,1.2524942786054658,1.4222350110116868,1.2822679594796147,1.4029828395445996,1.2524942786054658
2024-12-02 00:00:00,,,,,1.1828343442342784,1.2799524000599947,1.1626628251663218,1.2503668180885397,1.2615212668124312,1.2799524000599947,1.2665834874828328,1.2503668180885397,1.4222223910113374,1.2799524000599947,1.403773717614485,1.2503668180885397
2024-12-03 00:00:00,,,,,1.1824913706451536,1.2778688309985782,1.161446616754965,1.2478469341979088,1.2591044300852174,1.2778688309985782,1.264584212149923,1.2478469341979088,1.420977613448246,1.2778688309985782,1.4019796510247813,1.2478469341979088
2024-12-04 00:00:00,,,,,1.18246454058647,1.2836092806176838,1.162068072587032,1.2564907547039084,1.257341032171606,1.2836092806176838,1.2656575247088646,1.2564907547039084,1.4312950142807905,1.2836092806176838,1.413547067458828,1.2564907547039084
2024-12-05 00:00:00,,,,,1.183439833532361,1.2826773104246845,1.162030301749446,1.249204439320506,1.2575223988953312,1.2826773104246845,1.2617385718661929,1.249204439320506,1.4305296124638005,1.2826773104246845,1.4111567327067964,1.249204439320506
2024-12-06 00:00:00,,,,,1.1818638416228675,1.2799963320249077,1.1608097212150559,1.244332996041989,1.2549910772456028,1.2799963320249077,1.2559277099369115,1.244332996041989,1.43088693613325,1.2799963320249077,1.412394898159897,1.244332996041989
2024-12-09 00:00:00,,,,,1.1770630914935476,1.271844643759791,1.158353890976838,1.240864940864904,1.2536149930051816,1.271844643759791,1.2578546482793518,1.240864940864904,1.4277389252273063,1.271844643759791,1.4125025041794175,1.240864940864904
2024-12-10 00:00:00,,,,,1.1766638282545812,1.2690673567553834,1.1594129764216556,1.2386792273907716,1.2533423818696365,1.2690673567553834,1.2583405799020717,1.2386792273907716,1.426713945867773,1.2690673567553834,1.4126539967873784,1.2386792273907716
2024-12-11 00:00:00,,,,,1.1776722536135669,1.268502691660322,1.159381093329983,1.234650285427157,1.249730271503015,1.268502691660322,1.2508758419557966,1.234650285427157,1.4269999521170502,1.268502691660322,1.4128616754258678,1.234650285427157
2024-12-12 00:00:00,,,,,1.1762273006731547,1.2651949376350418,1.1570766749770607,1.2282972315637795,1.247742791669948,1.2651949376350418,1.246892812575354,1.2282972315637795,1.425904879151397,1.2651949376350418,1.4108512849478811,1.2282972315637795
2024-12-13 00:00:00,,,,,1.1741233038152923,1.2624593250726686,1.1566031907500578,1.226804815741434,1.2454953538430933,1.2624593250726686,1.2469386128283322,1.226804815741434,1.4262282167946372,1.2624593250726686,1.4115939754052098,1.226804815741434
2024-12-16 00:00:00,,,,,1.1753147621170328,1.2588871810166073,1.1586131881156405,1.2233990994295585,1.2413195307901237,1.2588871810166073,1.2414047374390675,1.2233990994295585,1.4237831933801124,1.2588871810166073,1.410800766157566,1.2233990994295585
2024-12-17 00:00:00,,,,,1.173641438236627,1.2550045553796836,1.1557664111973927,1.2164089365934463,1.2401940818638004,1.2550045553796836,1.2370009148808467,1.2164089365934463,1.4239390873714497,1.2550045553796836,1.4103119745057764,1.2164089365934463
2024-12-18 00:00:00,,,,,1.1588448944214247,1.226016026182559,1.144465133761158,1.1879175585192914,1.2264860892693703,1.226016026182559,1.2253314694835038,1.1879175585192914,1.4130414429372715,1.226016026182559,1.3997237050058442,1.1879175585192914
2024-12-19 00:00:00,,,,,1.1613367681955529,1.2282716625018335,1.1463779549340336,1.187763763793092,1.2287645482454612,1.2282716625018335,1.2265801620844015,1.187763763793092,1.4135951075707789,1.2282716625018335,1.399373526144564,1.187763763793092
2024-12-20 00:00:00,,,,,1.1674241347921495,1.2393609330116278,1.1531267399730027,1.200984777981796,1.2360777054048093,1.2393609330116278,1.2348565182569682,1.200984777981796,1.423567394161738,1.2393609330116278,1.4116776104427529,1.200984777981796
2024-12-23 00:00:00,,,,,1.1686274909797616,1.2409926863510654,1.1543165565240043,1.2026614139031158,1.238611091147469,1.2409926863510654,1.237256797390534,1.2026614139031158,1.4249927697363343,1.2409926863510654,1.4137245504101357,1.2026614139031158
2024-12-24 00:00:00,,,,,1.1753549151555664,1.2516653460511307,1.1595150881033276,1.2127268547176095,1.244918329125803,1.2516653460511307,1.243201350339802,1.2127268547176095,1.4329123204521004,1.2516653460511307,1.421143230387556,1.2127268547176095
2024-12-26 00:00:00,,,,,1.1763384405871722,1.2530141304735205,1.160595928482392,1.2139078216241452,1.2451679797757604,1.2530141304735205,1.2438979521272209,1.2139078216241452,1.433574716086037,1.2530141304735205,1.4221195736112842,1.2139078216241452
2024-12-27 00:00:00,,,,,1.1695212610051222,1.2439834264224154,1.1547129303791765,1.2054087169062104,1.24065989162573,1.2439834264224154,1.2401573271969482,1.2054087169062104,1.4278715123888186,1.2439834264224154,1.417252109303937,1.2054087169062104
2024-12-30 00:00:00,,,,,1.1603092932751873,1.2312978280773188,1.1454912717462646,1.1929673166993715,1.233732126341857,1.2312978280773188,1.2327997843351404,1.1929673166993715,1.418379501014558,1.2312978280773188,1.4083879063227118,1.1929673166993715
2024-12-31 00:00:00,,,,,1.1605933623764801,1.2321528172143936,1.14522443455612,1.1929163524356539,1.2338688141646126,1.2321528172143936,1.2326143082572427,1.1929163524356539,1.4195350493647827,1.2321528172143936,1.4090910008760775,1.1929163524356539
2025-01-02 00:00:00,,,,,1.1571124561262258,1.2280107321944478,1.1414003634539382,1.1871602908291528,1.233403161930701,1.2280107321944478,1.2297011593544762,1.1871602908291528,1.418141722581564,1.2280107321944478,1.4062043519630025,1.1871602908291528
2025-01-03 00:00:00,,,,,1.1607348539166993,1.2362591251371924,1.146233026146003,1.195646944529974,1.238259813352894,1.2362591251371924,1.2343383248764295,1.195646944529974,1.4258383507175747,1.2362591251371924,1.4136898900984751,1.195646944529974
2025-01-06 00:00:00,,,,,1.1582372701902186,1.2342145586159345,1.1446940877862362,1.194325789790266,1.238099502686225,1.2342145586159345,1.2348207525728487,1.194325789790266,1.4249189843734764,1.2342145586159345,1.414568902204833,1.194325789790266
2025-01-07 00:00:00,,,,,1.1544402466871617,1.2306933020486135,1.1409997283329287,1.190958320873035,1.2363984131211678,1.2306933020486135,1.234024757424818,1.190958320873035,1.4250732515788878,1.2306933020486135,1.413352848540978,1.190958320873035
2025-01-08 00:00:00,,,,,1.1559508889136403,1.2320695828200128,1.1438815962553326,1.1938724695266454,1.237084804525769,1.2320695828200128,1.235483901534719,1.1938724695266454,1.4270624087767279,1.2320695828200128,1.4171208606603767,1.1938724695266454
2025-01-10 00:00:00,,,,,1.1435443797331188,1.2153560829164187,1.131513607478884,1.17635087246898,1.2275225623931942,1.2153560829164187,1.2252642373220421,1.17635087246898,1.417740081676436,1.2153560829164187,1.4051019094723727,1.17635087246898
2025-01-13 00:00:00,,,,,1.1502978959879566,1.2234165571280267,1.1416384786900882,1.187298858341489,1.2332766482252762,1.2234165571280267,1.2341933551864896,1.187298858341489,1.4257500339979312,1.2234165571280267,1.4137095501208412,1.187298858341489
2025-01-14 00:00:00,,,,,1.1545834527604504,1.2271790686106123,1.1468919656251069,1.1921951675026656,1.2355237380437114,1.2271790686106123,1.2372588792997379,1.1921951675026656,1.4297468767063855,1.2271790686106123,1.4185692255906115,1.1921951675026656
2025-01-15 00:00:00,,,,,1.1678103245175067,1.2418543891203984,1.1633609111877925,1.2093074902964616,1.2446777751841656,1.2418543891203984,1.2488809651769701,1.2093074902964616,1.4427322989126834,1.2418543891203984,1.436367670658483,1.2093074902964616
2025-01-16 00:00:00,,,,,1.1662022002545058,1.2422666556585775,1.1585147537372449,1.2070723403487018,1.2437631617609861,1.2422666556585775,1.2455887789081141,1.2070723403487018,1.4483542390787045,1.2422666556585775,1.442952562666364,1.2070723403487018
2025-01-17 00:00:00,,,,,1.1727094892489052,1.2508424113613565,1.1636334357652605,1.215208422042263,1.2504360288834924,1.2508424113613565,1.2505663829384748,1.215208422042263,1.4555451291813217,1.2508424113613565,1.4501142363050095,1.215208422042263
2025-01-21 00:00:00,,,,,1.1822092180359514,1.264445229056908,1.1746998025764843,1.2304704558380524,1.2624493974417914,1.264445229056908,1.2629628888612996,1.2304704558380524,1.4670219095852324,1.264445229056908,1.4612288507500666,1.2304704558380524
2025-01-22 00:00:00,,,,,1.1818487337604897,1.2690111155418053,1.172750971941713,1.2329601533297132,1.2646966791813616,1.2690111155418053,1.2616759984655437,1.2329601533297132,1.4693342221063008,1.2690111155418053,1.4632425901686819,1.2329601533297132
2025-01-23 00:00:00,,,,,1.1875097067717664,1.2791808555016568,1.1792549153030913,1.2449397448885542,1.2725875570729968,1.2791808555016568,1.2707194063600034,1.2449397448885542,1.4771657892822099,1.2791808555016568,1.4715644911261128,1.2449397448885542
2025-01-24 00:00:00,,,,,1.186791676468168,1.2752919786954555,1.1782348017388304,1.241465296277592,1.2705170830742945,1.2752919786954555,1.268952662635702,1.241465296277592,1.4760038813524223,1.2752919786954555,1.469619160336915,1.241465296277592
2025-01-27 00:00:00,,,,,1.1974870982156645,1.2840458342111123,1.186043726930209,1.253915587729443,1.2718758926890474,1.2840458342111123,1.272598926136353,1.253915587729443,1.4903507219304188,1.2840458342111123,1.4824154584731877,1.253915587729443
2025-01-28 00:00:00,,,,,1.193358688441313,1.2867149244302765,1.183105110154691,1.2565882237211492,1.273565568817289,1.2867149244302765,1.273087124679963,1.2565882237211492,1.4860850152860248,1.2867149244302765,1.4794224411797394,1.2565882237211492
2025-01-29 00:00:00,,,,,1.1949837172338857,1.2849986832768945,1.1829196607857693,1.2528723147586873,1.2736536689437454,1.2849986832768945,1.2725034061807554,1.2528723147586873,1.489136573155809,1.2849986832768945,1.480725654058979,1.2528723147586873
2025-01-30 00:00:00,,,,,1.2037445249383165,1.294402384570993,1.1883994463556478,1.2577495365476585,1.282551436854051,1.294402384570993,1.2800705159946597,1.2577495365476585,1.4992262341210123,1.294402384570993,1.4877498157693787,1.2577495365476585
2025-01-31 00:00:00,,,,,1.2007539689310405,1.2835567498217748,1.1856081541247434,1.2482844182734056,1.2781216174490388,1.2835567498217748,1.2765645601218913,1.2482844182734056,1.4949354426040669,1.2835567498217748,1.4835300176763793,1.2482844182734056
2025-02-03 00:00:00,,,,,1.1998013771099303,1.2819781188599155,1.1842295020262752,1.2455326234626558,1.2762511148594724,1.2819781188599155,1.2743622038985465,1.2455326234626558,1.4936720688000114,1.2819781188599155,1.4810617521993485,1.2455326234626558
2025-02-04 00:00:00,,,,,1.2014463336891588,1.2841582694216718,1.1858638347570654,1.2483249834807806,1.2798939789502939,1.2841582694216718,1.2770450661501989,1.2483249834807806,1.496486872016637,1.2841582694216718,1.483415993370409,1.2483249834807806
2025-02-05 00:00:00,,,,,1.204969218679786,1.2926192727132224,1.187730310107236,1.2569189768218454,1.2876731597037123,1.2926192727132224,1.284262522871799,1.2569189768218454,1.5078615964508653,1.2926192727132224,1.4941713368157608,1.2569189768218454
2025-02-06 00:00:00,,,,,1.2049820536030253,1.2881525771656912,1.187925310119231,1.2522570452649566,1.2858794992388454,1.2881525771656912,1.2820632320662084,1.2522570452649566,1.5080343763155306,1.2881525771656912,1.4951442827977774,1.2522570452649566
2025-02-07 00:00:00,,,,,1.20030187233349,1.2752743925042667,1.18188506223069,1.2391636623985889,1.2789599621496954,1.2752743925042667,1.2754677734223696,1.2391636623985889,1.505267447899472,1.2752743925042667,1.4913572636768317,1.2391636623985889
2025-02-10 00:00:00,,,,,1.2053355119218476,1.2820702309388847,1.1862777176098547,1.2455868898798572,1.2840606437919324,1.2820702309388847,1.2793235237048792,1.2455868898798572,1.5111632761709932,1.2820702309388847,1.4955591172599494,1.2455868898798572
2025-02-11 00:00:00,,,,,1.2098540441814023,1.2880201160822955,1.189029479759083,1.2493809028866165,1.2877624868552842,1.2880201160822955,1.282275812410671,1.2493809028866165,1.5173174762182453,1.2880201160822955,1.4988712162237263,1.2493809028866165
2025-02-12 00:00:00,,,,,1.2078571582572124,1.2845398245301989,1.1853971752511496,1.2436819300832829,1.286748684071133,1.2845398245301989,1.28139617808112,1.2436819300832829,1.516214969090634,1.2845398245301989,1.4962911634556033,1.2436819300832829
2025-02-13 00:00:00,,,,,1.2167281386486233,1.2953951519220808,1.1924228522300435,1.252883538895365,1.2942471345351687,1.2953951519220808,1.286605918404237,1.252883538895365,1.522818152956863,1.2953951519220808,1.5007013848036421,1.252883538895365
2025-02-14 00:00:00,,,,,1.2158570102569364,1.2912314379434249,1.1905085529628858,1.247164024855206,1.2938232790684159,1.2912314379434249,1.284283044262291,1.247164024855206,1.5183472274952483,1.2912314379434249,1.496570665460132,1.247164024855206
2025-02-18 00:00:00,,,,,1.2204007370135446,1.2952848913281063,1.194370854286528,1.2467152319597063,1.2995095419081502,1.2952848913281063,1.288325747195222,1.2467152319597063,1.5244632450452167,1.2952848913281063,1.5005844966239674,1.2467152319597063
2025-02-19 00:00:00,,,,,1.2250741733760373,1.3005956695350793,1.1966063520417414,1.2499531104566521,1.3031417464835937,1.3005956695350793,1.2896110402160632,1.2499531104566521,1.5301321499309035,1.3005956695350793,1.5029602240885855,1.2499531104566521
2025-02-20 00:00:00,,,,,1.2222449479324364,1.2919488578585567,1.191854360292897,1.2395825724793463,1.3035562903086708,1.2919488578585567,1.2874529160723722,1.2395825724793463,1.5317418861263055,1.2919488578585567,1.5017468415671595,1.2395825724793463
2025-02-21 00:00:00,,,,,1.2143525871511536,1.2766374470744972,1.1766905539198267,1.2188871456673929,1.3007629348958119,1.2766374470744972,1.2832666669104245,1.2188871456673929,1.5277216312994124,1.2766374470744972,1.4918234779157002,1.2188871456673929
2025-02-24 00:00:00,,,,,1.2165325885102944,1.279968288838558,1.1771696474063866,1.2210206311074552,1.3028430881803246,1.279968288838558,1.2854706907284943,1.2210206311074552,1.5335732147711967,1.279968288838558,1.4964217200863665,1.2210206311074552
2025-02-25 00:00:00,,,,,1.2217697332912731,1.2863880413940985,1.1813428026167472,1.2272405127999384,1.3054322363478637,1.2863880413940985,1.2887575781420255,1.2272405127999384,1.5409028258236743,1.2863880413940985,1.5033621644925355,1.2272405127999384
2025-02-26 00:00:00,,,,,1.2179712263275437,1.2799289987329994,1.1783560094510317,1.22004535526509,1.2976865319025814,1.2799289987329994,1.2802448058232943,1.22004535526509,1.5335733997146,1.2799289987329994,1.4947846281954438,1.22004535526509
2025-02-27 00:00:00,,,,,1.2155799554547444,1.274824293462108,1.176372831785412,1.2162833339849433,1.2936811699334463,1.274824293462108,1.2775162553188757,1.2162833339849433,1.5385739804932128,1.274824293462108,1.499558268547252,1.2162833339849433
2025-02-28 00:00:00,,,,,1.2279081224454211,1.291668609712092,1.1873932543073114,1.232487875928993,1.3021190410229624,1.291668609712092,1.2887430181112307,1.232487875928993,1.5451375299430417,1.291668609712092,1.5061382148830413,1.232487875928993
2025-03-03 00:00:00,,,,,1.2194115796443894,1.2760029903895043,1.1755027201207917,1.2156054017686257,1.2956760439571653,1.2760029903895043,1.2769021273152619,1.2156054017686257,1.5438513251112496,1.2760029903895043,1.5016124243228381,1.2156054017686257
2025-03-04 00:00:00,,,,,1.2067720975590857,1.2552204200210428,1.1650640551466125,1.1977927452434791,1.2837469045980678,1.2552204200210428,1.2671389353478801,1.1977927452434791,1.537815348421505,1.2552204200210428,1.4986030789833342,1.1977927452434791
2025-03-05 00:00:00,,,,,1.2137733136332718,1.2670627661343774,1.175138251025971,1.2121065044646964,1.291185696858657,1.2670627661343774,1.2776044843898229,1.2121065044646964,1.5422058189291106,1.2670627661343774,1.504486751330871,1.2121065044646964
2025-03-06 00:00:00,,,,,1.210293849387102,1.2563352354762627,1.1716878413068725,1.2025573246746695,1.2894726474580425,1.2563352354762627,1.276213954593681,1.2025573246746695,1.5460653021198323,1.2563352354762627,1.508439580454375,1.2025573246746695
2025-03-07 00:00:00,,,,,1.2176375185401718,1.2644228157916815,1.1776328849126652,1.2085322537508887,1.2969979983268543,1.2644228157916815,1.2841313487792279,1.2085322537508887,1.5560964477159864,1.2644228157916815,1.5180740513841124,1.2085322537508887
2025-03-10 00:00:00,,,,,1.2088044814405043,1.2414832537443892,1.163909756754237,1.1843311178895606,1.2853800451928694,1.2414832537443892,1.2699394608569605,1.1843311178895606,1.5502018926528693,1.2414832537443892,1.5098459141122584,1.1843311178895606
2025-03-11 00:00:00,,,,,1.1985308488543172,1.2248911289694802,1.1556786499286094,1.1727769868522717,1.2751598824063466,1.2248911289694802,1.2626453962609963,1.1727769868522717,1.5388191908416102,1.2248911289694802,1.502000806801764,1.1727769868522717
2025-03-12 00:00:00,,,,,1.1978116153804457,1.2224436629422288,1.1537577326737254,1.1702140368573761,1.2764285785642095,1.2224436629422288,1.262516868702585,1.1702140368573761,1.5312135987041935,1.2224436629422288,1.494341843949452,1.1702140368573761
2025-03-13 00:00:00,,,,,1.189034635356356,1.2105091899436906,1.1444802300790686,1.156032672597191,1.2720220922519263,1.2105091899436906,1.2595868799761747,1.156032672597191,1.5273018595256578,1.2105091899436906,1.4876712098555784,1.156032672597191
2025-03-14 00:00:00,,,,,1.201324181370207,1.2283368763198332,1.1583702917561534,1.1740616036284648,1.28453786854734,1.2283368763198332,1.2714369699431072,1.1740616036284648,1.537055390312391,1.2283368763198332,1.4998797861125615,1.1740616036284648
2025-03-17 00:00:00,,,,,1.2083007074049783,1.238365661962393,1.1661035120704168,1.1842622357591628,1.2903825962308275,1.238365661962393,1.2787700140822826,1.1842622357591628,1.5427773830807157,1.238365661962393,1.5073757849244762,1.1842622357591628
2025-03-18 00:00:00,,,,,1.2031446315624972,1.2301546980741536,1.1624775448030988,1.177751035197007,1.2875334480115361,1.2301546980741536,1.2762931248943299,1.177751035197007,1.5432058907119632,1.2301546980741536,1.5076574464225834,1.177751035197007
2025-03-19 00:00:00,,,,,1.2128441459319161,1.2415994246088107,1.1724897467757525,1.18916566733538,1.2939225288357072,1.2415994246088107,1.283310123913991,1.18916566733538,1.5485576484887833,1.2415994246088107,1.5138799310609437,1.18916566733538
2025-03-20 00:00:00,,,,,1.2112053370355529,1.2392199326840956,1.173077045931569,1.1894328110378058,1.2929758382535221,1.2392199326840956,1.284257168317295,1.1894328110378058,1.5501304742003608,1.2392199326840956,1.5175443221265275,1.1894328110378058
2025-03-21 00:00:00,,,,,1.209944665140351,1.23775220405456,1.174654860605204,1.1908222670399986,1.29406193446426,1.23775220405456,1.2866426957711752,1.1908222670399986,1.549310935838668,1.23775220405456,1.5174634958335744,1.1908222670399986
2025-03-24 00:00:00,,,,,1.2211713751205582,1.2525637743212856,1.185801699661814,1.2064789876998612,1.3014736711558663,1.2525637743212856,1.2937687222132441,1.2064789876998612,1.5562702799422217,1.2525637743212856,1.5262014766477692,1.2064789876998612
2025-03-25 00:00:00,,,,,1.2206383697736398,1.2501228270956197,1.186717772458929,1.206024537862003,1.3000580037455827,1.2501228270956197,1.2937012558000163,1.206024537862003,1.554413701903349,1.2501228270956197,1.5247910470596204,1.206024537862003
2025-03-26 00:00:00,,,,,1.2222037538379478,1.2474715731859396,1.1881061062381764,1.2029934784717915,1.3020788813573743,1.2474715731859396,1.2951092411864311,1.2029934784717915,1.5556790493627606,1.2474715731859396,1.5259384405116907,1.2029934784717915
2025-03-27 00:00:00,,,,,1.222039943763637,1.2447902086550855,1.1884032918550116,1.1999035136110159,1.303449289014055,1.2447902086550855,1.2957791148430335,1.1999035136110159,1.5567509341054153,1.2447902086550855,1.525496453336341,1.1999035136110159
2025-03-28 00:00:00,,,,,1.2076748216323658,1.2255811588785868,1.1727080698024768,1.179611204654461,1.298129459988694,1.2255811588785868,1.2907418610115375,1.179611204654461,1.5556803671805965,1.2255811588785868,1.524217735923685,1.179611204654461
2025-03-31 00:00:00,,,,,1.2162392827467432,1.2372717743424497,1.1801424157265143,1.190678530311517,1.3039052660944896,1.2372717743424497,1.2937642384718784,1.190678530311517,1.559926806855767,1.2372717743424497,1.5272209681227227,1.190678530311517
2025-04-01 00:00:00,,,,,1.2128730696615209,1.2362439787474198,1.1775822557211733,1.1898619225966736,1.300810189028662,1.2362439787474198,1.290679812797322,1.1898619225966736,1.556128573884912,1.2362439787474198,1.5239360279833192,1.1898619225966736
2025-04-02 00:00:00,,,,,1.2156976460320483,1.24061466252755,1.1822540756291093,1.195976259475495,1.3028946299579418,1.24061466252755,1.293360122367331,1.195976259475495,1.5569933663754856,1.24061466252755,1.524551810956293,1.195976259475495
2025-04-03 00:00:00,,,,,1.1926994764764658,1.1885521799607108,1.1586593685644306,1.1493030020841433,1.29381884955053,1.1885521799607108,1.2846537011720358,1.1493030020841433,1.556047416322415,1.1885521799607108,1.5268259938455653,1.1493030020841433
2025-04-04 00:00:00,,,,,1.1649107467659852,1.1230420263943202,1.1310227875527092,1.0881833050738026,1.2733979370583306,1.1230420263943202,1.2727405453232603,1.0881833050738026,1.5460820319942767,1.1230420263943202,1.5175321332393183,1.0881833050738026
2025-04-07 00:00:00,,,,,1.160484681360723,1.1147571719504306,1.1249327801830797,1.0782112381696956,1.2709880879165518,1.1147571719504306,1.2718117838521281,1.0782112381696956,1.54710864223576,1.1147571719504306,1.5185777234965796,1.0782112381696956
2025-04-08 00:00:00,,,,,1.1545637276308383,1.1001758333391636,1.1220687699150134,1.0689684669150354,1.26692682383465,1.1001758333391636,1.2732545587291368,1.0689684669150354,1.5449813000701567,1.1001758333391636,1.5221775195344691,1.0689684669150354
2025-04-09 00:00:00,,,,,1.2113808489161635,1.1892406073092963,1.1776937018704667,1.1545629239309834,1.312616396645622,1.1892406073092963,1.3221382282630192,1.1545629239309834,1.593358660440616,1.1892406073092963,1.5615569611951086,1.1545629239309834
2025-04-10 00:00:00,,,,,1.1900217554316055,1.1555807096532036,1.157658736429325,1.1257130147738688,1.2971784097402013,1.1555807096532036,1.310074019406734,1.1257130147738688,1.5898325149253771,1.1555807096532036,1.5588866661278769,1.1257130147738688
2025-04-11 00:00:00,,,,,1.2050247714037932,1.174322030799706,1.1710728773205021,1.14255061111918,1.3109458066125002,1.174322030799706,1.3224465195121486,1.14255061111918,1.6033607434281727,1.174322030799706,1.5704620879164448,1.14255061111918
2025-04-14 00:00:00,,,,,1.2133356283717023,1.1844544619210635,1.1779723822088806,1.151691359349977,1.3162465461176105,1.1844544619210635,1.324528733841133,1.151691359349977,1.6120930817348382,1.1844544619210635,1.5777181332341057,1.151691359349977
2025-04-15 00:00:00,,,,,1.2069754651945497,1.1795877511140573,1.1707877693470454,1.1461027295019472,1.3114070986093909,1.1795877511140573,1.3194978789196474,1.1461027295019472,1.6064752934821875,1.1795877511140573,1.5712260053350318,1.1461027295019472
2025-04-16 00:00:00,,,,,1.194461636426193,1.157146742984426,1.1595878418215664,1.1268789194729087,1.3005104413082458,1.157146742984426,1.3106314384709683,1.1268789194729087,1.5920795054869747,1.157146742984426,1.5577928754782875,1.1268789194729087
2025-04-17 00:00:00,,,,,1.203806318180227,1.1592124665123729,1.167189621957497,1.113949252290758,1.2990721944728327,1.1592124665123729,1.2900932542235766,1.113949252290758,1.5995186547258577,1.1592124665123729,1.5639178084084056,1.113949252290758
2025-04-21 00:00:00,,,,,1.1894184711217735,1.1343933933320682,1.1532728101785146,1.0863927123411699,1.28237899210251,1.1343933933320682,1.26822398181628,1.0863927123411699,1.5783260010739508,1.1343933933320682,1.5438893031414938,1.0863927123411699
2025-04-22 00:00:00,,,,,1.2082056921908606,1.1632492814007762,1.1697356825448142,1.1138440156746958,1.3060777637837404,1.1632492814007762,1.2890462682501544,1.1138440156746958,1.6066589891448815,1.1632492814007762,1.5697738591799724,1.1138440156746958
2025-04-23 00:00:00,,,,,1.2185580881729325,1.1746321181217863,1.1803638058146853,1.126410088932034,1.3141352936395305,1.1746321181217863,1.2957120260004589,1.126410088932034,1.6190407555939494,1.1746321181217863,1.5843617491805606,1.126410088932034
2025-04-24 00:00:00,,,,,1.2313132913158875,1.1886523434042,1.1929838279437308,1.1411545643050751,1.327061743013961,1.1886523434042,1.3072508087474792,1.1411545643050751,1.6376776151464978,1.1886523434042,1.603351793774803,1.1411545643050751
2025-04-25 00:00:00,,,,,1.2300796087417698,1.1903520898445323,1.1925411276811422,1.1415974577917867,1.3292569689171128,1.1903520898445323,1.3076456042858575,1.1415974577917867,1.6408863401704068,1.1903520898445323,1.6057993942195026,1.1415974577917867
2025-04-28 00:00:00,,,,,1.2331382742699375,1.193656569364907,1.1960971495649957,1.1452706276858573,1.332016594342514,1.193656569364907,1.310902209082702,1.1452706276858573,1.644485312600524,1.193656569364907,1.6093030690085355,1.1452706276858573
2025-04-29 00:00:00,,,,,1.243385488971046,1.2033537053229741,1.2064002725200245,1.1530125948180021,1.3424427233790766,1.2033537053229741,1.3217121154496794,1.1530125948180021,1.658342578750504,1.2033537053229741,1.6226984364864498,1.1530125948180021
2025-04-30 00:00:00,,,,,1.2453707720431668,1.2068035422702783,1.2083951152732542,1.157009395917759,1.3454451022141372,1.2068035422702783,1.3252469619463718,1.157009395917759,1.661901877082947,1.2068035422702783,1.6259406780597903,1.157009395917759
2025-05-01 00:00:00,,,,,1.2457766554330272,1.20690206914675,1.2128827511103517,1.1585455452401168,1.3480797014299792,1.20690206914675,1.330819000105979,1.1585455452401168,1.666844330266954,1.20690206914675,1.635736162231517,1.1585455452401168
2025-05-02 00:00:00,,,,,1.2579145513799035,1.2233889378140257,1.2230815022888806,1.1732956366599496,1.361478897088827,1.2233889378140257,1.3445607424091621,1.1732956366599496,1.6886770880228947,1.2233889378140257,1.6570058406103516,1.1732956366599496
2025-05-05 00:00:00,,,,,1.2533033703292429,1.218866216216961,1.2184603167770207,1.170637776635505,1.3581633574829222,1.218866216216961,1.341307025284957,1.170637776635505,1.6798223538155288,1.218866216216961,1.64938595760869,1.170637776635505
2025-05-06 00:00:00,,,,,1.2495841317008063,1.2092804586574524,1.2141914829326712,1.158995755332698,1.3516975860690859,1.2092804586574524,1.3336585423781007,1.158995755332698,1.6713574406341878,1.2092804586574524,1.6366347637234242,1.158995755332698
2025-05-07 00:00:00,,,,,1.2578911477713468,1.221605207958919,1.2182246644007435,1.1667299822181902,1.3623234001159152,1.221605207958919,1.34003504614176,1.1667299822181902,1.6852884737731022,1.221605207958919,1.644944721462143,1.1667299822181902
2025-05-08 00:00:00,,,,,1.2639695995977518,1.2270475504845342,1.2247455266315785,1.1728820299016742,1.3691134684225421,1.2270475504845342,1.348759977273595,1.1728820299016742,1.6938922128116547,1.2270475504845342,1.6564714785828107,1.1728820299016742
2025-05-09 00:00:00,,,,,1.2636554373866373,1.2236581752361755,1.224717869953843,1.169330941884605,1.3677971425727273,1.2236581752361755,1.3480451011077337,1.169330941884605,1.6921502296902533,1.2236581752361755,1.6558596114217896,1.169330941884605
2025-05-12 00:00:00,,,,,1.2885926325723134,1.2589686482295916,1.2478451064451155,1.201460634299514,1.4004331209406178,1.2589686482295916,1.3769527606594152,1.201460634299514,1.7352685767279856,1.2589686482295916,1.6958646205224448,1.201460634299514
2025-05-13 00:00:00,,,,,1.2923570614621145,1.253082833971868,1.2511491605853935,1.185081327455151,1.404901110356642,1.253082833971868,1.3817002367165643,1.185081327455151,1.7402777963778666,1.253082833971868,1.7006096216490754,1.185081327455151
2025-05-14 00:00:00,,,,,1.2917421076779905,1.2490435668986248,1.2493963633419445,1.180663558017734,1.4032218206827431,1.2490435668986248,1.3787416953795635,1.180663558017734,1.7377190005430017,1.2490435668986248,1.6971870575013006,1.180663558017734
2025-05-15 00:00:00,,,,,1.2999439307727574,1.2606155637358551,1.2578524441532672,1.1830602800759757,1.416098149702414,1.2606155637358551,1.3875403428575757,1.1830602800759757,1.7586255900511798,1.2606155637358551,1.7140267214659568,1.1830602800759757
2025-05-16 00:00:00,,,,,1.307115617157552,1.2716631870375301,1.2635225239912906,1.1964058228906775,1.4246983831818234,1.2716631870375301,1.398840560132158,1.1964058228906775,1.7652889420011555,1.2716631870375301,1.719694531248093,1.1964058228906775
2025-05-19 00:00:00,,,,,1.3086722729692943,1.2757362862713835,1.2645838584545859,1.2051623922093202,1.4290940148928148,1.2757362862713835,1.409028958236918,1.2051623922093202,1.7661911184911636,1.2757362862713835,1.71984750893335,1.2051623922093202
2025-05-20 00:00:00,,,,,1.306721750452103,1.273439775934041,1.263594203042039,1.2038393244306933,1.4269572063176617,1.273439775934041,1.4071318123261487,1.2038393244306933,1.764125905211667,1.273439775934041,1.7174656629171763,1.2038393244306933
2025-05-21 00:00:00,,,,,1.2897812226898167,1.250930306660062,1.243386646560089,1.1790635952889452,1.4148148409872259,1.250930306660062,1.3961393962952868,1.1790635952889452,1.7545772092749143,1.250930306660062,1.7080313237445086,1.1790635952889452
2025-05-22 00:00:00,,,,,1.2880458765878247,1.251186129563378,1.2414729226421983,1.1780151256443296,1.4157817731407933,1.251186129563378,1.397750254335521,1.1780151256443296,1.7547060739035962,1.251186129563378,1.708369143204962,1.1780151256443296
2025-05-23 00:00:00,,,,,1.2849427105541387,1.2442984312511056,1.2377189728929607,1.170555316455083,1.4129221581275604,1.2442984312511056,1.3946255837102868,1.170555316455083,1.753423976093312,1.2442984312511056,1.7062590116793102,1.170555316455083
2025-05-27 00:00:00,,,,,1.298334053276306,1.264902793385453,1.2497706211387687,1.189797158709269,1.4279825382424387,1.264902793385453,1.4077795067184367,1.189797158709269,1.770208543809181,1.264902793385453,1.7212177350262874,1.189797158709269
2025-05-28 00:00:00,,,,,1.2916208168323158,1.2570313303056553,1.24386788256754,1.1839064329970168,1.4218745719724712,1.2570313303056553,1.4044838943687732,1.1839064329970168,1.7633437652255906,1.2570313303056553,1.7172016887214725,1.1839064329970168
2025-05-29 00:00:00,,,,,1.2947581795287366,1.2618615934679847,1.2454076921570432,1.187327600927239,1.4257779533386876,1.2618615934679847,1.407465574136961,1.187327600927239,1.7675741134471799,1.2618615934679847,1.7208286466118996,1.187327600927239
2025-05-30 00:00:00,,,,,1.2975851861493608,1.2640852039096642,1.2483514961442987,1.1903463106556191,1.4257115957548818,1.2640852039096642,1.4095286363857569,1.1903463106556191,1.7695609158324344,1.2640852039096642,1.7239827323588925,1.1903463106556191
2025-06-02 00:00:00,,,,,1.297479594386,1.267226559186762,1.2475100544699138,1.1922077865551672,1.4298494331242129,1.267226559186762,1.4125770192034883,1.1922077865551672,1.7752038660777096,1.267226559186762,1.7287301663349905,1.1922077865551672
2025-06-03 00:00:00,,,,,1.3008127948274368,1.2734249456849265,1.2506414369627072,1.1973609732005068,1.4343274340859395,1.2734249456849265,1.414576695994304,1.1973609732005068,1.7801655778738146,1.2734249456849265,1.7312324829869452,1.1973609732005068
2025-06-04 00:00:00,,,,,1.2980427865096311,1.2707572132478895,1.2479581058349536,1.1949609796790273,1.4326318400764153,1.2707572132478895,1.4118477688655446,1.1949609796790273,1.7784934123796665,1.2707572132478895,1.7294394281302508,1.1949609796790273
2025-06-05 00:00:00,,,,,1.2939312684370954,1.2661216902142682,1.244901995606107,1.1912808879940178,1.4291959016990758,1.2661216902142682,1.4083493066114556,1.1912808879940178,1.7750568701893261,1.2661216902142682,1.725676617643923,1.1912808879940178
2025-06-06 00:00:00,,,,,1.3053512621829044,1.2797530785797433,1.2559229436446269,1.2043941089002297,1.4393435033275777,1.2797530785797433,1.418640265784803,1.2043941089002297,1.7906718490358333,1.2797530785797433,1.7411407752980488,1.2043941089002297
2025-06-09 00:00:00,,,,,1.3039867269303946,1.2799608641229399,1.2544344169579693,1.204615826867582,1.4409695485746705,1.2799608641229399,1.4202667490144587,1.204615826867582,1.7957106344324407,1.2799608641229399,1.746065732224785,1.204615826867582
2025-06-10 00:00:00,,,,,1.3074711535927603,1.2860392851724032,1.256326915787636,1.207850140429303,1.4472163109304372,1.2860392851724032,1.4240406160720893,1.207850140429303,1.8029136764997993,1.2860392851724032,1.7511881902074244,1.207850140429303
2025-06-11 00:00:00,,,,,1.3079679551302235,1.2828037817388842,1.260303270023559,1.2078214423357179,1.4469346448069496,1.2828037817388842,1.4275349397070838,1.2078214423357179,1.8024524471913344,1.2828037817388842,1.7560020681280972,1.2078214423357179
2025-06-12 00:00:00,,,,,1.3118362718715078,1.2847126904946011,1.266134037744892,1.2114267547024289,1.4455772015718262,1.2847126904946011,1.4273795872849087,1.2114267547024289,1.8049348757304233,1.2847126904946011,1.7608823975642172,1.2114267547024289
2025-06-13 00:00:00,,,,,1.2986271532910063,1.2649252951623666,1.253265806754858,1.1900855055832675,1.4294669819451418,1.2649252951623666,1.4106027350069303,1.1900855055832675,1.7914640473760273,1.2649252951623666,1.7478363997275477,1.1900855055832675
2025-06-16 00:00:00,,,,,1.302678664575886,1.2739062794333997,1.255849789338365,1.1972138330182838,1.4403923765139761,1.2739062794333997,1.4193674028207277,1.1972138330182838,1.802022889502666,1.2739062794333997,1.7554829627064599,1.1972138330182838
2025-06-17 00:00:00,,,,,1.29471961717314,1.2628151779543086,1.2488000051533732,1.1882463778932277,1.4310032453362598,1.2628151779543086,1.4116652440855526,1.1882463778932277,1.7929779508698154,1.2628151779543086,1.7464941211864349,1.1882463778932277
2025-06-18 00:00:00,,,,,1.2924815514888586,1.2612601715332095,1.2465635316022787,1.185631152183285,1.4307822191286923,1.2612601715332095,1.4106218273730629,1.185631152183285,1.7917363094693133,1.2612601715332095,1.7441917663557645,1.185631152183285
2025-06-20 00:00:00,,,,,1.2945263014227573,1.2626171446658683,1.2481930447118652,1.1859395440668936,1.4343787419070508,1.2626171446658683,1.413667081932768,1.1859395440668936,1.794223283994793,1.2626171446658683,1.74674741636639,1.1859395440668936
2025-06-23 00:00:00,,,,,1.304830945733249,1.2739353410697276,1.257245408530817,1.195317938097875,1.4429924795203963,1.2739353410697276,1.4223451172443338,1.195317938097875,1.808763950797391,1.2739353410697276,1.7625113296153692,1.195317938097875
2025-06-24 00:00:00,,,,,1.3121459804988311,1.2862182521870622,1.2643111727740601,1.2086030752939587,1.4481014038174271,1.2862182521870622,1.426091629111663,1.2086030752939587,1.8225354552559705,1.2862182521870622,1.7772459026683072,1.2086030752939587
2025-06-25 00:00:00,,,,,1.3099579802742474,1.2820766733118294,1.2621655400153042,1.2037652044486815,1.4443059312520388,1.2820766733118294,1.4241675852491955,1.2037652044486815,1.820340785439469,1.2820766733118294,1.774602641175752,1.2037652044486815
2025-06-26 00:00:00,,,,,1.3172076575771652,1.2919902154941607,1.2690685250718945,1.213934229502002,1.4530934444907542,1.2919902154941607,1.4333591657244855,1.213934229502002,1.8338781413735108,1.2919902154941607,1.7884833746254607,1.213934229502002
2025-06-27 00:00:00,,,,,1.3326130787623691,1.3098066199216316,1.2834515145649332,1.229666652481464,1.4678299973262656,1.3098066199216316,1.4447895941860245,1.229666652481464,1.8572346107873114,1.3098066199216316,1.8084699154997372,1.229666652481464
2025-06-30 00:00:00,,,,,1.3370484393138091,1.3162466628054779,1.2869699540067145,1.2356432480687358,1.4753830853062757,1.3162466628054779,1.4521698369707932,1.2356432480687358,1.8627475661679092,1.3162466628054779,1.812235345341108,1.2356432480687358
2025-07-01 00:00:00,,,,,1.3443195161329053,1.3297660684129864,1.29329556312041,1.2516979716458636,1.4826903655052264,1.3297660684129864,1.4586610942266318,1.2516979716458636,1.8751748740928609,1.3297660684129864,1.8256228713551763,1.2516979716458636
2025-07-02 00:00:00,,,,,1.3499061240567347,1.3305725018454302,1.2986636249332233,1.2483676765932725,1.4891239202654087,1.3305725018454302,1.4652079728470826,1.2483676765932725,1.879707450674466,1.3305725018454302,1.8306451769263097,1.2483676765932725
2025-07-03 00:00:00,,,,,1.3556088854493995,1.3396365295234238,1.3041643683135007,1.2573443309588563,1.4963735328898933,1.3396365295234238,1.4725426675513713,1.2573443309588563,1.8879091747762005,1.3396365295234238,1.840200659356538,1.2573443309588563
2025-07-07 00:00:00,,,,,1.3496082843980632,1.3295526964231876,1.2993521530304688,1.245894071221378,1.4916166974662173,1.3295526964231876,1.4685257248415757,1.245894071221378,1.8785111549836153,1.3295526964231876,1.8305492358126507,1.245894071221378
2025-07-08 00:00:00,,,,,1.3465594538081094,1.3255266612265457,1.2962510971694081,1.24376876373715,1.4895712855575176,1.3255266612265457,1.4660289146251755,1.24376876373715,1.8781406020591522,1.3255266612265457,1.8289749021092214,1.24376876373715
2025-07-09 00:00:00,,,,,1.3520653760547625,1.3311112387930808,1.3022535431439672,1.24938675698171,1.495318676677692,1.3311112387930808,1.472166723998686,1.24938675698171,1.885284534962902,1.3311112387930808,1.8376475378674253,1.24938675698171
2025-07-10 00:00:00,,,,,1.357984308751684,1.3355218390638846,1.3090939924286513,1.253275178568195,1.4997499695822172,1.3355218390638846,1.4772039303158708,1.253275178568195,1.8911510817693842,1.3355218390638846,1.8454080541850746,1.253275178568195
2025-07-11 00:00:00,,,,,1.3508146148309723,1.3268593701457638,1.3027236957418213,1.2465142799736961,1.4939635697567661,1.3268593701457638,1.4726869056653817,1.2465142799736961,1.887442390674449,1.3268593701457638,1.8418058655227934,1.2465142799736961
2025-07-14 00:00:00,,,,,1.3523945392275785,1.3278138940407602,1.3050445572892695,1.2477520427736262,1.495840497077163,1.3278138940407602,1.4753058214910826,1.2477520427736262,1.8891763606761547,1.3278138940407602,1.8447517751079021,1.2477520427736262
2025-07-15 00:00:00,,,,,1.3432738089381782,1.3166446656279978,1.294401088481019,1.2336571918115598,1.4912773758509315,1.3166446656279978,1.4702388429756228,1.2336571918115598,1.8842014761521797,1.3166446656279978,1.8376846025556464,1.2336571918115598
2025-07-16 00:00:00,,,,,1.3499080883938652,1.3234389133850721,1.3009668476011047,1.2402551087279028,1.497832867401954,1.3234389133850721,1.4770139675413054,1.2402551087279028,1.890223340156201,1.3234389133850721,1.8432781132682705,1.2402551087279028
2025-07-17 00:00:00,,,,,1.3558663520923866,1.3310664274389787,1.3046047594049854,1.245272482931977,1.5011700625835107,1.3310664274389787,1.4799845911811826,1.245272482931977,1.8959481701617964,1.3310664274389787,1.848879563811581,1.245272482931977
2025-07-18 00:00:00,,,,,1.3526215962654995,1.3256562791086766,1.3021057515977084,1.2402945510261625,1.5000569109129456,1.3256562791086766,1.4782616331515839,1.2402945510261625,1.8931450633092974,1.3256562791086766,1.8466485745418066,1.2402945510261625
2025-07-21 00:00:00,,,,,1.3548779756606544,1.3278232004410475,1.3026115853260611,1.2407491998661786,1.502561883679823,1.3278232004410475,1.478847478289242,1.2407491998661786,1.8986697968164905,1.3278232004410475,1.849354107780778,1.2407491998661786
2025-07-22 00:00:00,,,,,1.3577329587530953,1.334646271589523,1.307417510166228,1.248345835284876,1.5065567070020378,1.334646271589523,1.48191572522009,1.248345835284876,1.9052722996425386,1.334646271589523,1.8564544188099406,1.248345835284876
2025-07-23 00:00:00,,,,,1.365628836763918,1.3479365190798878,1.3168261506467747,1.2632756819347057,1.5149476520532796,1.3479365190798878,1.4909509685360076,1.2632756819347057,1.9164223659237394,1.3479365190798878,1.868247080616339,1.2632756819347057
2025-07-24 00:00:00,,,,,1.3617777520520393,1.3392522822475998,1.3121770430724475,1.2516463020663866,1.5119011289679782,1.3392522822475998,1.4882554378683561,1.2516463020663866,1.9174004125202855,1.3392522822475998,1.86686005742675,1.2516463020663866
2025-07-25 00:00:00,,,,,1.3656030787128242,1.3439388625531477,1.3166378590957928,1.2574030403953682,1.513915361507741,1.3439388625531477,1.4909307352936216,1.2574030403953682,1.920893728506198,1.3439388625531477,1.8727071967878917,1.2574030403953682
2025-07-28 00:00:00,,,,,1.3622992631353388,1.342816326863088,1.3142252411234143,1.2562799479375888,1.5128413469524964,1.342816326863088,1.4891071888771106,1.2562799479375888,1.9150108133682056,1.342816326863088,1.8666668238565571,1.2562799479375888
2025-07-29 00:00:00,,,,,1.3614693738531762,1.3366674759222281,1.3122535808485762,1.2449481778175688,1.5117753310159492,1.3366674759222281,1.4874714411008876,1.2449481778175688,1.9174271360324504,1.3366674759222281,1.868227889701587,1.2449481778175688
2025-07-30 00:00:00,,,,,1.3568834898310722,1.3294922560235298,1.3088183987743205,1.240620269679455,1.5056689310723865,1.3294922560235298,1.481956070685749,1.240620269679455,1.9143823250999155,1.3294922560235298,1.8645893907347202,1.240620269679455
2025-07-31 00:00:00,,,,,1.3543200982267702,1.3170693775416704,1.3077959581912086,1.2264439758904357,1.5021262803834563,1.3170693775416704,1.4779615362902432,1.2264439758904357,1.9126346259455318,1.3170693775416704,1.864625429795147,1.2264439758904357
2025-08-01 00:00:00,,,,,1.3500516982885202,1.3034671635776516,1.3037108468651253,1.2120705866629582,1.494179061869208,1.3034671635776516,1.4733540929010616,1.2120705866629582,1.9010161389726983,1.3034671635776516,1.8522419655265503,1.2120705866629582
2025-08-04 00:00:00,,,,,1.3588577298578395,1.3187346046248485,1.311896465534574,1.2268902004330529,1.508590366238921,1.3187346046248485,1.4879738972404246,1.2268902004330529,1.9137860479448128,1.3187346046248485,1.8649748639977952,1.2268902004330529
2025-08-05 00:00:00,,,,,1.3574069001022087,1.3180929955305571,1.3106512342525454,1.2287996765285867,1.5086912640164714,1.3180929955305571,1.4920389808832797,1.2287996765285867,1.911470761754341,1.3180929955305571,1.861517507010238,1.2287996765285867
2025-08-06 00:00:00,,,,,1.3641717707835055,1.3230150674372778,1.31602504449552,1.2294950764932666,1.5133539507419367,1.3230150674372778,1.492843230413956,1.2294950764932666,1.9237469833182737,1.3230150674372778,1.8709082606965852,1.2294950764932666
2025-08-07 00:00:00,,,,,1.3637269145908621,1.3200979305604899,1.3127749686996448,1.223730733475507,1.5146279693890528,1.3200979305604899,1.4921971898369495,1.223730733475507,1.9245456884267271,1.3200979305604899,1.8678044082693006,1.223730733475507
2025-08-08 00:00:00,,,,,1.3701139876289727,1.327562954812634,1.3190401489893944,1.2313965423494548,1.5216820909097262,1.327562954812634,1.4999217458313008,1.2313965423494548,1.934631573049637,1.327562954812634,1.8786569604317669,1.2313965423494548
2025-08-11 00:00:00,,,,,1.366308335667626,1.3222211021105303,1.314753141129473,1.2259491899512795,1.5183861739258604,1.3222211021105303,1.497517064077656,1.2259491899512795,1.9305445952351779,1.3222211021105303,1.8741952672480198,1.2259491899512795
2025-08-12 00:00:00,,,,,1.3746864983362226,1.333022167410037,1.32514375832808,1.2401389178033386,1.5279896876480503,1.333022167410037,1.510972665811447,1.2401389178033386,1.9443523851238187,1.333022167410037,1.8923732611300517,1.2401389178033386
2025-08-13 00:00:00,,,,,1.3849504082411634,1.3475366511944817,1.3382973129975433,1.2570450710253493,1.544258592917048,1.3475366511944817,1.5315001294394932,1.2570450710253493,1.9594716753947703,1.3475366511944817,1.9117566014442406,1.2570450710253493
2025-08-14 00:00:00,,,,,1.3808911377353286,1.3446835927598362,1.3363696030730898,1.2559483964838305,1.542764056906478,1.3446835927598362,1.5308868848093404,1.2559483964838305,1.9597879455765352,1.3446835927598362,1.913465565350363,1.2559483964838305
2025-08-15 00:00:00,,,,,1.3829692040993007,1.3484156724085112,1.3460504323183204,1.2682224219401022,1.5431747143593284,1.3484156724085112,1.5415469892552545,1.2682224219401022,1.964833218339262,1.3484156724085112,1.9307670615088504,1.2682224219401022
2025-08-18 00:00:00,,,,,1.3835938561336933,1.3488184379759023,1.3456681922090918,1.2674410216590115,1.5436570057361747,1.3488184379759023,1.5403998942818828,1.2674410216590115,1.9634691716324795,1.3488184379759023,1.9263997006004556,1.2674410216590115
2025-08-19 00:00:00,,,,,1.3853849826649132,1.350513253360391,1.3461349278147938,1.268569714859836,1.5452211082848666,1.350513253360391,1.5418829390430824,1.268569714859836,1.9669005948319283,1.350513253360391,1.930498577198923,1.268569714859836
2025-08-20 00:00:00,,,,,1.3881223240994116,1.3522571847106273,1.3477537670779738,1.2678885355891236,1.5476393102309336,1.3522571847106273,1.5418842404906712,1.2678885355891236,1.9697971937720253,1.3522571847106273,1.931866110335989,1.2678885355891236
2025-08-21 00:00:00,,,,,1.386103656734542,1.3481853203420462,1.3453163468810327,1.2652570319370944,1.5463355890324895,1.3481853203420462,1.540561520865102,1.2652570319370944,1.9656283348371941,1.3481853203420462,1.9265286848846845,1.2652570319370944
2025-08-22 00:00:00,,,,,1.3997484509487745,1.3687819498876017,1.3612113492135862,1.2882654102187785,1.5665168253272104,1.3687819498876017,1.5642438386188542,1.2882654102187785,1.9898264452443466,1.3687819498876017,1.9542202068301253,1.2882654102187785
2025-08-25 00:00:00,,,,,1.3924372697652003,1.3584256100967491,1.3547434177694797,1.2779858709206287,1.558409659807696,1.3584256100967491,1.555667192261929,1.2779858709206287,1.9801436118438873,1.3584256100967491,1.9461026307894798,1.2779858709206287
2025-08-26 00:00:00,,,,,1.3955480259943291,1.3618921626518063,1.3576869520108312,1.280173333995933,1.563473950640344,1.3618921626518063,1.5590653013670306,1.280173333995933,1.9844879133187558,1.3618921626518063,1.9509442095352363,1.280173333995933
2025-08-27 00:00:00,,,,,1.3969575132842185,1.3656734591033615,1.359807825593241,1.2849712335109567,1.5665241869041442,1.3656734591033615,1.563834114428342,1.2849712335109567,1.988370305535057,1.3656734591033615,1.956378515546167,1.2849712335109567
2025-08-28 00:00:00,,,,,1.3967342131698253,1.366571691373279,1.3596722369145893,1.2863374933051435,1.565605851728736,1.366571691373279,1.5629525650769547,1.2863374933051435,1.9901411609118154,1.366571691373279,1.9583796021025068,1.2863374933051435
2025-08-29 00:00:00,,,,,1.3976706489781485,1.3663178198559436,1.3609375824582384,1.2872796995030298,1.5662758071389642,1.3663178198559436,1.563095722876109,1.2872796995030298,1.994485021047811,1.3663178198559436,1.963908234543665,1.2872796995030298
2025-09-02 00:00:00,,,,,1.394328551273264,1.3602404361860256,1.3565942551522838,1.2818594272985389,1.5620061445387354,1.3602404361860256,1.558227827091409,1.2818594272985389,1.9919798212144966,1.3602404361860256,1.960452846757306,1.2818594272985389
2025-09-03 00:00:00,,,,,1.3936294690511153,1.3589568963172514,1.3559841998489695,1.2810023479179933,1.5616934116261016,1.3589568963172514,1.5571430016922707,1.2810023479179933,1.9954375310573325,1.3589568963172514,1.9636275441101163,1.2810023479179933
2025-09-04 00:00:00,,,,,1.3998546440223611,1.3678079262452385,1.3629789080625536,1.2884813636301597,1.5700815820213996,1.3678079262452385,1.5665229813152852,1.2884813636301597,2.0044274116919465,1.3678079262452385,1.9744501955093132,1.2884813636301597
2025-09-05 00:00:00,,,,,1.3961785111766818,1.361501004426504,1.3620714805632566,1.285837070268864,1.5708979676453423,1.361501004426504,1.5698437818409172,1.285837070268864,1.9986151891067478,1.361501004426504,1.9710981478959417,1.285837070268864
2025-09-08 00:00:00,,,,,1.398126610868916,1.363367369562101,1.3649309224471613,1.2893275174146281,1.5729655851849846,1.363367369562101,1.5739718335399633,1.2893275174146281,2.0012346598848154,1.363367369562101,1.9751752462682843,1.2893275174146281
2025-09-09 00:00:00,,,,,1.4011937340927532,1.3672070233359965,1.3734742511215785,1.2976424514033547,1.5777053601220672,1.3672070233359965,1.5863888195974643,1.2976424514033547,2.0079904795288197,1.3672070233359965,1.992690538673924,1.2976424514033547
2025-09-10 00:00:00,,,,,1.3998957978849584,1.3605533185786132,1.369872947661683,1.2894202904335137,1.574095185552136,1.3605533185786132,1.5816518975995009,1.2894202904335137,2.0052718961867346,1.3605533185786132,1.9905589505672256,1.2894202904335137
2025-09-11 00:00:00,,,,,1.4103873272413399,1.376290500338866,1.3814999001727557,1.3060848901762938,1.5828899429854986,1.376290500338866,1.590811722234697,1.3060848901762938,2.015433431131431,1.376290500338866,2.0027809883665006,1.3060848901762938
2025-09-12 00:00:00,,,,,1.4031749341708117,1.3661175792380962,1.3763514415493543,1.2971030103391867,1.5788003075965127,1.3661175792380962,1.5883748565971831,1.2971030103391867,2.0097417934887907,1.3661175792380962,1.9974458989968014,1.2971030103391867
2025-09-15 00:00:00,,,,,1.4042671871190955,1.3663536851321245,1.3783756592380871,1.2974744804493201,1.5804305618809515,1.3663536851321245,1.5896796480099904,1.2974744804493201,2.0126988507365913,1.3663536851321245,2.0008164014546566,1.2974744804493201
2025-09-16 00:00:00,,,,,1.4049042089418307,1.3634063104851217,1.37930812552756,1.2926652758380857,1.5794931769654628,1.3634063104851217,1.5862796297704782,1.2926652758380857,2.012924759883821,1.3634063104851217,2.0013303427057183,1.2926652758380857
2025-09-17 00:00:00,,,,,1.4094827339426896,1.370024598345508,1.384983535708977,1.2996652571907579,1.5825556632959301,1.370024598345508,1.590425911809085,1.2996652571907579,2.0162209699063434,1.370024598345508,2.0070487053701322,1.2996652571907579
2025-09-18 00:00:00,,,,,1.41120489823653,1.3709084960873474,1.386476301344066,1.2996648774256843,1.5819839363878805,1.3709084960873474,1.5864746421825517,1.2996648774256843,2.0213215397564808,1.3709084960873474,2.011022718736242,1.2996648774256843
2025-09-19 00:00:00,,,,,1.4111471636040962,1.3733586551168946,1.3871701977937736,1.3050195101951836,1.5856347526112653,1.3733586551168946,1.5917434710772012,1.3050195101951836,2.0217002930466803,1.3733586551168946,2.0116700157520695,1.3050195101951836
2025-09-22 00:00:00,,,,,1.413718493271782,1.37368950029618,1.3901754947890397,1.3065054246490417,1.588182780340196,1.37368950029618,1.595448772820786,1.3065054246490417,2.0252136592155288,1.37368950029618,2.0156225573751434,1.3065054246490417
2025-09-23 00:00:00,,,,,1.4125274721500596,1.3716661567159376,1.3908654033859809,1.3057178879893374,1.5877926400972668,1.3716661567159376,1.5975470022154168,1.3057178879893374,2.024046613417425,1.3716661567159376,2.018414642974127,1.3057178879893374
2025-09-24 00:00:00,,,,,1.411509959012369,1.368320031323922,1.3903365863226544,1.302690758208153,1.5843864161810084,1.368320031323922,1.594797734072453,1.302690758208153,2.021246365514974,1.368320031323922,2.0179853556414797,1.302690758208153
2025-09-25 00:00:00,,,,,1.411168671704269,1.3629788261244642,1.3877102002200128,1.294791271249485,1.5847812063557896,1.3629788261244642,1.5927776685023423,1.294791271249485,2.0149534166503265,1.3629788261244642,2.008874717637598,1.294791271249485
2025-09-26 00:00:00,,,,,1.413783586447893,1.3703742748800969,1.390484373265924,1.3032793244765384,1.5886111290456149,1.3703742748800969,1.5980095354532529,1.3032793244765384,2.0166052833003563,1.3703742748800969,2.010350860392593,1.3032793244765384
2025-09-29 00:00:00,,,,,1.4160310592796006,1.3723780722348564,1.3925194900368913,1.3045735364376458,1.5902932445623938,1.3723780722348564,1.598893748685143,1.3045735364376458,2.0224216093938794,1.3723780722348564,2.0149516883221317,1.3045735364376458
2025-09-30 00:00:00,,,,,1.4236971597574788,1.3789512561004413,1.399164854968756,1.3076178744335245,1.597727544892297,1.3789512561004413,1.603235260359878,1.3076178744335245,2.032024971050924,1.3789512561004413,2.0212883765230414,1.3076178744335245
2025-10-01 00:00:00,,,,,1.4277788961804017,1.3856128467583086,1.4023274327063513,1.3115937816950434,1.6030715685256283,1.3856128467583086,1.6100256486399063,1.3115937816950434,2.0433511106462543,1.3856128467583086,2.0332431866931295,1.3115937816950434
2025-10-02 00:00:00,,,,,1.4286483563036458,1.3871928417348496,1.404765790776822,1.3148641772885563,1.6061081567972062,1.3871928417348496,1.6147092661830655,1.3148641772885563,2.044725136990389,1.3871928417348496,2.0377718082390737,1.3148641772885563
2025-10-03 00:00:00,,,,,1.4309274306936102,1.390778336309035,1.4071720222589394,1.3212263626249536,1.6088245031539044,1.390778336309035,1.619161972887436,1.3212263626249536,2.0484582245585736,1.390778336309035,2.0439390913593223,1.3212263626249536
2025-10-06 00:00:00,,,,,1.4297566067050642,1.386197394569688,1.4057713222577854,1.3190462438151145,1.6079146522490293,1.386197394569688,1.6178263870477754,1.3190462438151145,2.0495513092711484,1.386197394569688,2.04546646949209,1.3190462438151145
2025-10-07 00:00:00,,,,,1.4322105227284179,1.3846953474184758,1.4081502963405206,1.3175204078961762,1.6095111687381782,1.3846953474184758,1.619062248756163,1.3175204078961762,2.050752618130981,1.3846953474184758,2.046762022854163,1.3175204078961762
2025-10-08 00:00:00,,,,,1.4355047042258595,1.3851800999095578,1.4123804012056111,1.3188707098973378,1.6128276185490233,1.3851800999095578,1.624179740271102,1.3188707098973378,2.056121837297072,1.3851800999095578,2.0548789432262944,1.3188707098973378
2025-10-09 00:00:00,,,,,1.430064195162836,1.3772162954812854,1.407455357222034,1.3104433252609757,1.6091661625370643,1.3772162954812854,1.6190822557310736,1.3104433252609757,2.0538089424778527,1.3772162954812854,2.053099844291177,1.3104433252609757
2025-10-10 00:00:00,,,,,1.4114282695775837,1.3519221199864662,1.3880940377091662,1.2866229640971985,1.5898909961127838,1.3519221199864662,1.5988946440289151,1.2866229640971985,2.03234632152194,1.3519221199864662,2.03436184992198,1.2866229640971985
2025-10-13 00:00:00,,,,,1.4199141420070291,1.3659955427182613,1.3987126949842428,1.3020514284061082,1.5985142455497323,1.3659955427182613,1.6093188714593323,1.3020514284061082,2.0413749836023642,1.3659955427182613,2.043777440592656,1.3020514284061082
2025-10-14 00:00:00,,,,,1.429828840948844,1.3736381856682713,1.4059429072987875,1.308553840401773,1.6059455474727644,1.3736381856682713,1.6145372642561018,1.308553840401773,2.0513523385673134,1.3736381856682713,2.0518583341709906,1.308553840401773
2025-10-15 00:00:00,,,,,1.4301661516456263,1.3732946963885293,1.4051532559594775,1.307432322630626,1.6061350408994757,1.3732946963885293,1.61398445323013,1.307432322630626,2.0552646187934047,1.3732946963885293,2.0545362162714915,1.307432322630626
2025-10-16 00:00:00,,,,,1.4243260349185494,1.3651192723588306,1.3979442679013532,1.3000037422542328,1.601822074063409,1.3651192723588306,1.6070873569424395,1.3000037422542328,2.0501887378744823,1.3651192723588306,2.0507407376914237,1.3000037422542328
2025-10-17 00:00:00,,,,,1.4329745965009688,1.375311158718309,1.4042512881953073,1.3068049833069537,1.6097905888815596,1.375311158718309,1.6131852070976824,1.3068049833069537,2.0600964238934387,1.375311158718309,2.0567951455317695,1.3068049833069537
2025-10-20 00:00:00,,,,,1.4413094558653643,1.389897559443416,1.4120307552540963,1.3227770553293738,1.619424375799382,1.389897559443416,1.6261374806020465,1.3227770553293738,2.0756397720803013,1.389897559443416,2.073209122455604,1.3227770553293738
2025-10-21 00:00:00,,,,,1.448521385566531,1.40022980952702,1.4154576937084153,1.3305100668229504,1.624117829994195,1.40022980952702,1.6283225570096198,1.3305100668229504,2.088062870439363,1.40022980952702,2.0809646849457795,1.3305100668229504
2025-10-22 00:00:00,,,,,1.4458319751935784,1.3934009870073345,1.41227160734931,1.321408314894203,1.6220606196793166,1.3934009870073345,1.6242504926281287,1.321408314894203,2.083485427907998,1.3934009870073345,2.0755222625859604,1.321408314894203
2025-10-23 00:00:00,,,,,1.4519728010047652,1.3962277377005272,1.4180090878230895,1.3243527994284934,1.6276183952989707,1.3962277377005272,1.629437979583973,1.3243527994284934,2.091815526803649,1.3962277377005272,2.0828234405965427,1.3243527994284934
2025-10-24 00:00:00,,,,,1.455299956130516,1.4047962069236137,1.421655847175619,1.33442841009964,1.6355550606381315,1.4047962069236137,1.6382503261124406,1.33442841009964,2.1007385488985193,1.4047962069236137,2.08956023863223,1.33442841009964
2025-10-27 00:00:00,,,,,1.4609424023603979,1.4129949979168888,1.4275026342914316,1.342825864340799,1.6432535294869115,1.4129949979168888,1.6446280625918177,1.342825864340799,2.1049923601471536,1.4129949979168888,2.0933708860700677,1.342825864340799
2025-10-28 00:00:00,,,,,1.459005830911122,1.4154287172318671,1.4254464459716005,1.346800706748998,1.6405293481401892,1.4154287172318671,1.6419436185615586,1.346800706748998,2.106420561857842,1.4154287172318671,2.091998100300725,1.346800706748998
2025-10-29 00:00:00,,,,,1.4569173667610817,1.4081464170467655,1.424348037940719,1.3381245647926616,1.6414767419072827,1.4081464170467655,1.6470278239307443,1.3381245647926616,2.107911939451637,1.4081464170467655,2.0934118244357203,1.3381245647926616
2025-10-30 00:00:00,,,,,1.4578201550916097,1.4049196037848393,1.4239375327052692,1.3322647355558699,1.6419017562647529,1.4049196037848393,1.6493750393018507,1.3322647355558699,2.1086223644397046,1.4049196037848393,2.090542650416998,1.3322647355558699
2025-10-31 00:00:00,,,,,1.4582681094324172,1.4097556417106065,1.4225350115762367,1.3336559463408157,1.6467942743673094,1.4097556417106065,1.6508516771197028,1.3336559463408157,2.1164253674837488,1.4097556417106065,2.094610196586016,1.3336559463408157
2025-11-03 00:00:00,,,,,1.450256134866189,1.4015744924192437,1.4139438696872753,1.3254240558290464,1.640296195533053,1.4015744924192437,1.642260368778377,1.3254240558290464,2.11020255565275,1.4015744924192437,2.08552337804949,1.3254240558290464
2025-11-04 00:00:00,,,,,1.4452467391559005,1.3938551221568882,1.4111518610869165,1.3189621198746666,1.6338929900745736,1.3938551221568882,1.6364377091083215,1.3189621198746666,2.10896071875985,1.3938551221568882,2.0843721542503104,1.3189621198746666
2025-11-05 00:00:00,,,,,1.4480717459489156,1.399131311939649,1.4128196767616266,1.3236605981167116,1.633684146982482,1.399131311939649,1.6351443136487838,1.3236605981167116,2.11911798258203,1.399131311939649,2.094853910253741,1.3236605981167116
2025-11-06 00:00:00,,,,,1.4450879800192569,1.3894277723841844,1.4094632139982166,1.3108546724205772,1.6295699292386558,1.3894277723841844,1.6289664199702993,1.3108546724205772,2.1132618338831737,1.3894277723841844,2.0871404531634514,1.3108546724205772
2025-11-07 00:00:00,,,,,1.4481098570728088,1.3930657920694929,1.4113582412315802,1.3140247001433771,1.6307314211682968,1.3930657920694929,1.6292211405566386,1.3140247001433771,2.1181561523224524,1.3930657920694929,2.092315083734943,1.3140247001433771
2025-11-10 00:00:00,,,,,1.4545571800330228,1.4032768562743096,1.4185441894351747,1.321803415632757,1.6355892046033145,1.4032768562743096,1.6347371437254457,1.321803415632757,2.129245775815363,1.4032768562743096,2.0996635600929343,1.321803415632757
2025-11-11 00:00:00,,,,,1.4726037494111899,1.4223571208984445,1.4361675411427526,1.3404285120250221,1.652742080748639,1.4223571208984445,1.651881612344875,1.3404285120250221,2.152147903154936,1.4223571208984445,2.122123220088604,1.3404285120250221
2025-11-12 00:00:00,,,,,1.4777911251059965,1.4296409277755506,1.4435733317344233,1.3493808381357506,1.6592165823221603,1.4296409277755506,1.6609423291660743,1.3493808381357506,2.163071539652866,1.4296409277755506,2.136038234379931,1.3493808381357506
2025-11-13 00:00:00,,,,,1.473818420601831,1.4152207187019157,1.4335453121620718,1.331438587941262,1.658661410856605,1.4152207187019157,1.6538308409141658,1.331438587941262,2.159727306556654,1.4152207187019157,2.125754869313532,1.331438587941262
2025-11-14 00:00:00,,,,,1.468946355957156,1.4085419084117397,1.4248270293818674,1.3222060526366812,1.6551123275351143,1.4085419084117397,1.6469864904702538,1.3222060526366812,2.153853471126898,1.4085419084117397,2.115287362615044,1.3222060526366812
2025-11-17 00:00:00,,,,,1.4633348610205987,1.3939124896946822,1.418716558767403,1.3078174552441493,1.647209058504554,1.3939124896946822,1.6390546812601423,1.3078174552441493,2.148559344588219,1.3939124896946822,2.1089930124043015,1.3078174552441493
2025-11-18 00:00:00,,,,,1.4581109377436248,1.383410832376836,1.4107803534286891,1.2930510090017424,1.6379807731647722,1.383410832376836,1.6269222584310763,1.2930510090017424,2.1397467796776217,1.383410832376836,2.0977892705009125,1.2930510090017424
2025-11-19 00:00:00,,,,,1.461343073276342,1.3825094426607003,1.4150155058280487,1.2905828126117729,1.6394354677518572,1.3825094426607003,1.6258912216128643,1.2905828126117729,2.14164988500653,1.3825094426607003,2.098544572400997,1.2905828126117729
2025-11-20 00:00:00,,,,,1.4569414570138943,1.3723432779945932,1.4101279195563936,1.280725687274181,1.6325903943921038,1.3723432779945932,1.6191606548586968,1.280725687274181,2.138478992474086,1.3723432779945932,2.093612653679976,1.280725687274181
2025-11-21 00:00:00,,,,,1.4679628818092263,1.388983979478042,1.4233055667308327,1.2972764133579384,1.648272226680837,1.388983979478042,1.6362695624651815,1.2972764133579384,2.1581920007335076,1.388983979478042,2.1161709449203934,1.2972764133579384
2025-11-24 00:00:00,,,,,1.4683102248460125,1.3903377551656992,1.4260375324404873,1.299245260204725,1.6508825090623134,1.3903377551656992,1.6393911555585863,1.299245260204725,2.1631906771116407,1.3903377551656992,2.1219767105772998,1.299245260204725
2025-11-25 00:00:00,,,,,1.478357940967662,1.410103332764049,1.437530481623214,1.3207967297800562,1.667791519091608,1.410103332764049,1.6577905669552717,1.3207967297800562,2.184538216590991,1.410103332764049,2.148623286760414,1.3207967297800562
2025-11-26 00:00:00,,,,,1.4820514402759917,1.4169450551959317,1.441844682726906,1.3289441025351403,1.6752825947345442,1.4169450551959317,1.6678581708630016,1.3289441025351403,2.1911190237383122,1.4169450551959317,2.1577969099536927,1.3289441025351403
2025-11-28 00:00:00,,,,,1.488309643621641,1.4250805968415434,1.4471284025874962,1.3366409059679456,1.6821790088643822,1.4250805968415434,1.6743220316031844,1.3366409059679456,2.2002959692224184,1.4250805968415434,2.166330403233756,1.3366409059679456
2025-12-01 00:00:00,,,,,1.4822659008775605,1.417091703462565,1.4396776375200273,1.325283808156836,1.6750695508624145,1.417091703462565,1.6617055122185573,1.325283808156836,2.1922764515143194,1.417091703462565,2.152942503848665,1.325283808156836
2025-12-02 00:00:00,,,,,1.4834572425922699,1.421206133877027,1.4421954066191036,1.3324616489735404,1.6832003872045522,1.421206133877027,1.67246488022816,1.3324616489735404,2.2013649892875704,1.421206133877027,2.167320011251585,1.3324616489735404
2025-12-03 00:00:00,,,,,1.489371473831425,1.4312879292486593,1.44802565402362,1.3451908807843602,1.69328332573504,1.4312879292486593,1.6877242428097838,1.3451908807843602,2.2171036274697298,1.4312879292486593,2.187518049258861,1.3451908807843602
2025-12-04 00:00:00,,,,,1.487142069419384,1.4299173802644534,1.4434182491507397,1.3424209462056909,1.6918751896647144,1.4299173802644534,1.6827420702435432,1.3424209462056909,2.2147120440662276,1.4299173802644534,2.1851888468579905,1.3424209462056909
2025-12-05 00:00:00,,,,,1.4873574369911287,1.4299505591682364,1.4451307574132786,1.3446184398770038,1.6909393609673593,1.4299505591682364,1.682390417842184,1.3446184398770038,2.2157346500092285,1.4299505591682364,2.1892059926519356,1.3446184398770038
2025-12-08 00:00:00,,,,,1.4817127199651576,1.4221225334007193,1.4388752723110696,1.33704126057161,1.6872590612599614,1.4221225334007193,1.6754300895924887,1.33704126057161,2.214824375238654,1.4221225334007193,2.1852180591520995,1.33704126057161
2025-12-09 00:00:00,,,,,1.4779124514944078,1.4150823960887993,1.4360851014699532,1.3304532611430855,1.6786885570531984,1.4150823960887993,1.6653524620358222,1.3304532611430855,2.206482264572361,1.4150823960887993,2.176270179757481,1.3304532611430855
2025-12-10 00:00:00,,,,,1.4884428311827262,1.4284731792407748,1.445781366404579,1.343435482898721,1.6916085834923316,1.4284731792407748,1.6778046319734898,1.343435482898721,2.220161517154404,1.4284731792407748,2.1916058994366128,1.343435482898721
2025-12-11 00:00:00,,,,,1.5026308729220341,1.4437148659360843,1.4597534464276203,1.3615308488101725,1.7017106736548775,1.4437148659360843,1.6943118288042909,1.3615308488101725,2.2385506470586125,1.4437148659360843,2.2152595302158966,1.3615308488101725
2025-12-12 00:00:00,,,,,1.5053286591766482,1.4436491683945891,1.4601673455078532,1.3608983592144412,1.7016423649255534,1.4436491683945891,1.696160813657007,1.3608983592144412,2.2450821690901552,1.4436491683945891,2.2231929123558323,1.3608983592144412
2025-12-15 00:00:00,,,,,1.5071037894984889,1.4445792518704088,1.4615872877184455,1.360401204815014,1.7045090553632953,1.4445792518704088,1.6975289153174342,1.360401204815014,2.2505086714453344,1.4445792518704088,2.227971611935108,1.360401204815014
2025-12-16 00:00:00,,,,,1.50285565872625,1.4357287605496052,1.4581530867360273,1.3518463447399889,1.698973428457149,1.4357287605496052,1.6900697661272446,1.3518463447399889,2.245509292642429,1.4357287605496052,2.2212139077852253,1.3518463447399889
2025-12-17 00:00:00,,,,,1.4965904195277295,1.4318449756526765,1.4535982400082785,1.3488017028797499,1.6947934896079095,1.4318449756526765,1.6872707228483383,1.3488017028797499,2.239422499933323,1.4318449756526765,2.2188340626451017,1.3488017028797499
2025-12-18 00:00:00,,,,,1.4987839483871104,1.432820148527481,1.4558737984944843,1.34943012156436,1.6944935043590783,1.432820148527481,1.686993972206278,1.34943012156436,2.2419675082064576,1.432820148527481,2.2184175944447957,1.34943012156436
2025-12-19 00:00:00,,,,,1.5014188850682064,1.4319746397514148,1.4572368378864975,1.3503157020302539,1.6921736174104829,1.4319746397514148,1.6858802986932722,1.3503157020302539,2.247668633950153,1.4319746397514148,2.2243301580866923,1.3503157020302539
2025-12-22 00:00:00,,,,,1.5048362790256118,1.4368108695238073,1.459630980564211,1.3554710973154016,1.695332615101686,1.4368108695238073,1.687348712510786,1.3554710973154016,2.258574660716662,1.4368108695238073,2.232794022280978,1.3554710973154016
2025-12-23 00:00:00,,,,,1.506795171276,1.4389229133665558,1.4604659959873496,1.356335855876663,1.6961942048209109,1.4389229133665558,1.6864400034010236,1.356335855876663,2.2641010777960466,1.4389229133665558,2.2360552452992133,1.356335855876663
2025-12-24 00:00:00,,,,,1.5103798223893634,1.448926172580302,1.4640212288629664,1.3654259292316409,1.7007822545069244,1.448926172580302,1.691900888798995,1.3654259292316409,2.2757446634415643,1.448926172580302,2.2460961734349345,1.3654259292316409
2025-12-26 00:00:00,,,,,1.511180477574926,1.4498169029768946,1.4649454311495227,1.3660191432071653,1.7025718073191005,1.4498169029768946,1.6935877396958297,1.3660191432071653,2.278194334321739,1.4498169029768946,2.248660877454692,1.3660191432071653
2025-12-29 00:00:00,,,,,1.5081672463983682,1.4460790628348592,1.460542213621884,1.3605354035464439,1.7017833001070706,1.4460790628348592,1.691380819018273,1.3605354035464439,2.2739054989108154,1.4460790628348592,2.242684044335335,1.3605354035464439
2025-12-30 00:00:00,,,,,1.506840374206781,1.4443634529838028,1.459822441441653,1.359639860178147,1.7011872534018895,1.4443634529838028,1.691558255554969,1.359639860178147,2.2722014929483576,1.4443634529838028,2.2430951119043545,1.359639860178147
2025-12-31 00:00:00,,,,,1.503161703223187,1.4379785188143743,1.4551419004032382,1.3520805634011266,1.6972579725851025,1.4379785188143743,1.6861757674023994,1.3520805634011266,2.2690578773474726,1.4379785188143743,2.237500716636038,1.3520805634011266
2026-01-02 00:00:00,,,,,1.5054337882646602,1.4412795046759057,1.4600749134718114,1.3586952068633509,1.7074629008174795,1.4412795046759057,1.703177393949299,1.3586952068633509,2.28178433011576,1.4412795046759057,2.25537501015411,1.3586952068633509
2026-01-05 00:00:00,,,,,1.5153237178569086,1.4533710324985092,1.47203421659163,1.372422453052464,1.7162855434245001,1.4533710324985092,1.7156686022879708,1.372422453052464,2.2962643049475124,1.4533710324985092,2.273683674380436,1.372422453052464
2026-01-06 00:00:00,,,,,1.5244517908121513,1.4653302656096838,1.4832851508135951,1.3876936679968046,1.724942794791237,1.4653302656096838,1.7271040564102091,1.3876936679968046,2.309600169772463,1.4653302656096838,2.2916561071333814,1.3876936679968046
2026-01-07 00:00:00,,,,,1.5133125768205347,1.4532618165631879,1.4727110497358742,1.3763407107556294,1.7154661733701089,1.4532618165631879,1.7164874092230615,1.3763407107556294,2.291934148157617,1.4532618165631879,2.2726012711020096,1.3763407107556294
2026-01-08 00:00:00,,,,,1.522679319143874,1.4650632369334808,1.4800523040033458,1.386105305152404,1.7279538999597852,1.4650632369334808,1.7283395484381836,1.386105305152404,2.3095531987731435,1.4650632369334808,2.289511246369449,1.386105305152404
2026-01-09 00:00:00,,,,,1.5274714484665928,1.4723182825192989,1.484495935311795,1.3939116486495424,1.73154088947894,1.4723182825192989,1.7309336230106895,1.3939116486495424,2.3207418763782575,1.4723182825192989,2.3031431652367,1.3939116486495424
2026-01-12 00:00:00,,,,,1.5318268097479188,1.4744476122656696,1.4877195274906545,1.3952349236173585,1.737491745171762,1.4744476122656696,1.7358377086807257,1.3952349236173585,2.3297547725473593,1.4744476122656696,2.3105239858338162,1.3952349236173585
2026-01-13 00:00:00,,,,,1.5314077155419359,1.4670849915084307,1.4846974241601525,1.3838256321175815,1.739131000894608,1.4670849915084307,1.7349365924079385,1.3838256321175815,2.3266846182807135,1.4670849915084307,2.3054639868983986,1.3838256321175815
2026-01-14 00:00:00,,,,,1.5373201741195583,1.4688501533895735,1.4887850023450975,1.383087051678202,1.7424776291469117,1.4688501533895735,1.7362213872279622,1.383087051678202,2.3350759780988666,1.4688501533895735,2.3104458560423105,1.383087051678202
2026-01-15 00:00:00,,,,,1.5357160230206637,1.4699575239678193,1.4903852866755574,1.388072827410076,1.7447126579970114,1.4699575239678193,1.7395345189561848,1.388072827410076,2.3307584129522527,1.4699575239678193,2.309040077317617,1.388072827410076
2026-01-16 00:00:00,,,,,1.5345558103155217,1.4666719775794215,1.4885059591150722,1.384205529403657,1.7400788735966135,1.4666719775794215,1.7346774927241169,1.384205529403657,2.3261721723354776,1.4666719775794215,2.3022557317216883,1.384205529403657
2026-01-20 00:00:00,,,,,1.5157923365743924,1.4445896711216242,1.4727789927843546,1.3658897734067161,1.7240505093829441,1.4445896711216242,1.7250457040555451,1.3658897734067161,2.314485106534305,1.4445896711216242,2.289463273473051,1.3658897734067161
2026-01-21 00:00:00,,,,,1.5316892216317681,1.4610506392632063,1.4890936798013552,1.3827692595409367,1.7363497880363787,1.4610506392632063,1.7386044978512925,1.3827692595409367,2.333730922409131,1.4610506392632063,2.313944714525126,1.3827692595409367
2026-01-22 00:00:00,,,,,1.5370481863876155,1.4701993936090356,1.4928109919737147,1.392561621381843,1.7425219025505196,1.4701993936090356,1.7448898275504323,1.392561621381843,2.3405085223827933,1.4701993936090356,2.3200759437481375,1.392561621381843
2026-01-23 00:00:00,,,,,1.534283389444517,1.4686576740315436,1.48843003969625,1.3899843166986228,1.7429667492189944,1.4686576740315436,1.743358228155298,1.3899843166986228,2.3391813212507833,1.4686576740315436,2.3160740159802025,1.3899843166986228
2026-01-26 00:00:00,,,,,1.5393921182765962,1.4750360152114272,1.493480591819383,1.396568088491145,1.7461493923505296,1.4750360152114272,1.7466456199988303,1.396568088491145,2.346275222570775,1.4750360152114272,2.3229789290149823,1.396568088491145
2026-01-27 00:00:00,,,,,1.5400689886638477,1.4655163323226021,1.493096547463579,1.372109398460776,1.7475697886685135,1.4655163323226021,1.7467433946845907,1.372109398460776,2.348917537953258,1.4655163323226021,2.3232899850565563,1.372109398460776
2026-01-28 00:00:00,,,,,1.539581042351766,1.4634903602110167,1.4931385945308744,1.373442591130704,1.7484556124007742,1.4634903602110167,1.751599247721232,1.373442591130704,2.3478073626055993,1.4634903602110167,2.321522180317158,1.373442591130704
2026-01-29 00:00:00,,,,,1.5515708271065831,1.4677616173922423,1.5051768152108211,1.370083462211304,1.7608755466997357,1.4677616173922423,1.7628931781708024,1.370083462211304,2.3684013498936403,1.4677616173922423,2.3411872909424343,1.370083462211304
2026-01-30 00:00:00,,,,,1.5561740443452488,1.4713832592578102,1.5027055652671475,1.3652618280271132,1.767386200968716,1.4713832592578102,1.7616198844045738,1.3652618280271132,2.3767801084646023,1.4713832592578102,2.338594345037641,1.3652618280271132
2026-02-02 00:00:00,,,,,1.5673002905774944,1.4821616484092843,1.514222080393133,1.3759309646610196,1.7861192967820567,1.4821616484092843,1.778596475030317,1.3759309646610196,2.401220456640413,1.4821616484092843,2.361307688553984,1.3759309646610196
2026-02-03 00:00:00,,,,,1.570669873314539,1.4820605810000642,1.5148328784086373,1.3697012453902515,1.794415954472337,1.4820605810000642,1.7805223658601539,1.3697012453902515,2.4099844172136633,1.4820605810000642,2.363539775203511,1.3697012453902515
2026-02-04 00:00:00,,,,,1.586077260888807,1.497136623995935,1.5276738551531155,1.3811051314983516,1.811362939366419,1.497136623995935,1.7947667100351927,1.3811051314983516,2.4340126077511672,1.497136623995935,2.383200280673473,1.3811051314983516
2026-02-05 00:00:00,,,,,1.5804803301010064,1.4847718230553146,1.5175338648263768,1.3629037523428305,1.8062794484143094,1.4847718230553146,1.7837371948729495,1.3629037523428305,2.433232054256104,1.4847718230553146,2.3788014496821615,1.3629037523428305
2026-02-06 00:00:00,,,,,1.6111901587022073,1.514530839294354,1.5450822412816827,1.3911695285724945,1.840572780007789,1.514530839294354,1.8185667137255097,1.3911695285724945,2.465069305147665,1.514530839294354,2.413485115190707,1.3911695285724945
2026-02-09 00:00:00,,,,,1.6084002438259095,1.5102855203503511,1.542390863868408,1.3896299102203369,1.8385581474929562,1.5102855203503511,1.8162383555658692,1.3896299102203369,2.459247923553805,1.5102855203503511,2.4091429414518553,1.3896299102203369
2026-02-10 00:00:00,,,,,1.6080851346008196,1.5118447206071481,1.5416283861990407,1.391212110010604,1.837259412306197,1.5118447206071481,1.8128010693124348,1.391212110010604,2.4577878992644515,1.5118447206071481,2.4081530761538015,1.391212110010604
2026-02-11 00:00:00,,,,,1.6063336330047568,1.5093868744677483,1.5429246735384334,1.3877222684200758,1.8381068571900603,1.5093868744677483,1.8121901349077507,1.3877222684200758,2.4631035920978026,1.5093868744677483,2.40851246059057,1.3877222684200758
2026-02-12 00:00:00,,,,,1.587442266838884,1.491710034812306,1.5299428956337335,1.3768083617130544,1.8392573473230596,1.491710034812306,1.8161274792294788,1.3768083617130544,2.457857906456376,1.491710034812306,2.4095134359205193,1.3768083617130544
2026-02-13 00:00:00,,,,,1.5910903172710313,1.4953390844575019,1.5335594010970184,1.3816626431890138,1.845486992561408,1.4953390844575019,1.8235857447157984,1.3816626431890138,2.4627905568104183,1.4953390844575019,2.4171828187680453,1.3816626431890138
2026-02-17 00:00:00,,,,,1.5948517228456187,1.4962509206189514,1.5364340454845795,1.3811292801004365,1.8456185561212064,1.4962509206189514,1.8204827807132684,1.3811292801004365,2.463340120533551,1.4962509206189514,2.414705125758837,1.3811292801004365
2026-02-18 00:00:00,,,,,1.5983146347303812,1.4994490210898574,1.5396953555125148,1.3844137097260305,1.8496139888583076,1.4994490210898574,1.824068803139188,1.3844137097260305,2.4654609827729868,1.4994490210898574,2.4164185274980583,1.3844137097260305
2026-02-19 00:00:00,,,,,1.5940826265684762,1.4937816805515427,1.534320493635879,1.377169679690019,1.8492557533384752,1.4937816805515427,1.8238828058944203,1.377169679690019,2.4619929239905893,1.4937816805515427,2.4116043034730725,1.377169679690019
2026-02-20 00:00:00,,,,,1.5988804743190055,1.500971012879833,1.5391480318954305,1.3830195872312656,1.8530286858540783,1.500971012879833,1.8267523254914109,1.3830195872312656,2.4681546307436237,1.500971012879833,2.4154704918518024,1.3830195872312656
2026-02-23 00:00:00,,,,,1.5835883238092205,1.4817075943643547,1.5217160716902105,1.3604858853854882,1.8499191989174362,1.4817075943643547,1.8188579318996598,1.3604858853854882,2.4591597883819323,1.4817075943643547,2.401288915905253,1.3604858853854882
2026-02-24 00:00:00,,,,,1.5926574167445446,1.4926988970502106,1.5303270352239433,1.3692595569387485,1.8547281369220519,1.4926988970502106,1.8242125952842387,1.3692595569387485,2.464554559480239,1.4926988970502106,2.404329136823384,1.3692595569387485
2026-02-25 00:00:00,,,,,1.5945262102955593,1.498469732754978,1.53273553002373,1.3792894340655575,1.8621963280477885,1.498469732754978,1.8334807153312869,1.3792894340655575,2.469623543527842,1.498469732754978,2.4138106252085385,1.3792894340655575
2026-02-26 00:00:00,,,,,1.5892086627723545,1.497780104883167,1.53089631902282,1.383163554077654,1.861579875842025,1.497780104883167,1.8370047676511971,1.383163554077654,2.473494057407989,1.497780104883167,2.4194504598716082,1.383163554077654
2026-02-27 00:00:00,,,,,1.588135527905117,1.495795204010087,1.5256843511078866,1.377563282010428,1.8602043745843961,1.495795204010087,1.8347138866048003,1.377563282010428,2.4774000018754023,1.495795204010087,2.418910166728441,1.377563282010428
2026-03-02 00:00:00,,,,,1.5869102503005152,1.490976979523003,1.5259820535240392,1.3747878190107736,1.8612949818739741,1.490976979523003,1.8353411101299946,1.3747878190107736,2.47594897189523,1.490976979523003,2.4199722845950915,1.3747878190107736
2026-03-03 00:00:00,,,,,1.582533029102694,1.481050547965205,1.5208467849593377,1.3641792339367138,1.8595562587484291,1.481050547965205,1.8342550612432253,1.3641792339367138,2.472379549435131,1.481050547965205,2.4197834383902133,1.3641792339367138
2026-03-04 00:00:00,,,,,1.587332244434625,1.4867853215058968,1.52498017995922,1.3695729890338735,1.8613404322337792,1.4867853215058968,1.8343178551673518,1.3695729890338735,2.470644872715405,1.4867853215058968,2.4186689662081524,1.3695729890338735
2026-03-05 00:00:00,,,,,1.5769348348807342,1.4683284122764042,1.5158237142573878,1.3517894404415618,1.8517005061486596,1.4683284122764042,1.8254705807984444,1.3517894404415618,2.4653277418266386,1.4683284122764042,2.417875485679385,1.3517894404415618
2026-03-06 00:00:00,,,,,1.5723168337535136,1.457882601381088,1.5108770394091429,1.342727770927549,1.84809765490696,1.457882601381088,1.8238499684071392,1.342727770927549,2.4619345880635617,1.457882601381088,2.4154781342085068,1.342727770927549
2026-03-09 00:00:00,,,,,1.573133663281969,1.460014069714916,1.5129421794577866,1.3462768044848095,1.85225012874181,1.460014069714916,1.827498035820966,1.3462768044848095,2.462271421429621,1.460014069714916,2.4150963570496393,1.3462768044848095
2026-03-10 00:00:00,,,,,1.5742152361359185,1.4589705954057164,1.5141981408881537,1.341981488843399,1.853357027719421,1.4589705954057164,1.8266628277010275,1.341981488843399,2.4615750539600496,1.4589705954057164,2.4121865802987736,1.341981488843399
2026-03-11 00:00:00,,,,,1.5717132713284996,1.4523864700923272,1.51094049237672,1.334507339835359,1.8490225841768688,1.4523864700923272,1.8228332080773821,1.334507339835359,2.4598971596039836,1.4523864700923272,2.4112236902328377,1.334507339835359
2026-03-12 00:00:00,,,,,1.5629895144282482,1.4349984576257138,1.5038716954345417,1.3142390267851587,1.8402667953410368,1.4349984576257138,1.8147695235594505,1.3142390267851587,2.4575280855446477,1.4349984576257138,2.4091874563422206,1.3142390267851587
2026-03-13 00:00:00,,,,,1.5630097453871514,1.4340387105941004,1.5025700200695906,1.3130302401997458,1.8390230205419396,1.4340387105941004,1.813504597733753,1.3130302401997458,2.455762536815409,1.4340387105941004,2.4056836267666912,1.3130302401997458
2026-03-16 00:00:00,,,,,1.5673359125558326,1.4445028038349368,1.5081010643125168,1.3250185519263493,1.8451446610947286,1.4445028038349368,1.822184483125117,1.3250185519263493,2.461410023116299,1.4445028038349368,2.4103342808000683,1.3250185519263493
2026-03-17 00:00:00,,,,,1.5698023529035183,1.4444008420591152,1.510665263588723,1.325073108723756,1.8433660250148598,1.4444008420591152,1.8208947285632717,1.325073108723756,2.458566681016417,1.4444008420591152,2.407300777987967,1.325073108723756
2026-03-18 00:00:00,,,,,1.5545238025934958,1.4190188355327769,1.4950012224560822,1.30173355673886,1.8242309730021267,1.4190188355327769,1.8024602158723277,1.30173355673886,2.446319916427982,1.4190188355327769,2.3981404305307255,1.30173355673886
2026-03-19 00:00:00,,,,,1.5492416991536713,1.4126749225990463,1.4887779292441012,1.2945252486435768,1.8173140507522676,1.4126749225990463,1.794460576239573,1.2945252486435768,2.4460798602264404,1.4126749225990463,2.3969175630609136,1.2945252486435768
2026-03-20 00:00:00,,,,,1.53847564570326,1.3982243588981649,1.477296112549168,1.280537437788043,1.802395230144108,1.3982243588981649,1.7795274724678465,1.280537437788043,2.4409542704325196,1.3982243588981649,2.393716835121668,1.280537437788043
2026-03-23 00:00:00,,,,,1.5530143313859757,1.4145851584500426,1.4919395045885595,1.2942142261558829,1.8188742169538443,1.4145851584500426,1.7937504938563602,1.2942142261558829,2.447106376144169,1.4145851584500426,2.4012282276857286,1.2942142261558829
2026-03-24 00:00:00,,,,,1.5517580217067102,1.4108074116978278,1.4908760953166593,1.2888914836620688,1.8170070580590834,1.4108074116978278,1.7920471412282457,1.2888914836620688,2.44709661382527,1.4108074116978278,2.399801525219394,1.2888914836620688
2026-03-25 00:00:00,,,,,1.5588884196542823,1.4198887769096669,1.4974337861726912,1.2964811381190178,1.8234037614940075,1.4198887769096669,1.7983927391522225,1.2964811381190178,2.452782910654111,1.4198887769096669,2.402741089186597,1.2964811381190178
2026-03-26 00:00:00,,,,,1.5480079090285643,1.4084077865443534,1.487464406640266,1.2855287891810447,1.8160408303321602,1.4084077865443534,1.7895302496596432,1.2855287891810447,2.4440912679245104,1.4084077865443534,2.3945505119636867,1.2855287891810447
2026-03-27 00:00:00,,,,,1.5322547047859345,1.387236372654401,1.470639526141601,1.2616395962323252,1.7997364987681974,1.387236372654401,1.7682352847684637,1.2616395962323252,2.433550835540014,1.387236372654401,2.3797292429594497,1.2616395962323252
2026-03-30 00:00:00,,,,,1.5348911721682386,1.3905151917482657,1.4742190720942623,1.2666683361651156,1.8049765744983206,1.3905151917482657,1.7742593169111929,1.2666683361651156,2.4384547550066507,1.3905151917482657,2.384988572501093,1.2666683361651156
