date,1101,1216,1301,1303,1326,1590,2002,2207,2301,2303,2308,2317,2327,2330,2345,2357,2379,2382,2395,2408,2412,2454,2603,2801,2880,2881,2882,2883,2884,2885,2886,2887,2890,2891,2892,2912,3008,3034,3037,3045,3231,3711,4904,4938,5871,5876,5880,6505,6669,9910
2024-01-02,0.007198560287942412,0.011397720455908818,0.013497300539892024,0.014197160567886422,0.009798040391921616,0.0053989202159568095,0.011397720455908818,0.010597880423915218,0.007198560287942412,0.01769646070785843,0.021895620875824834,0.03889222155568887,0.006698660267946411,0.4130173965206959,0.007798440311937613,0.009798040391921616,0.006498700259948011,0.023295340931813638,0.008598280343931213,0.006498700259948011,0.02499500099980004,0.043591281743651275,0.008198360327934412,0.005198960207958409,0.008198360327934412,0.02269546090781844,0.01799640071985603,0.005698860227954409,0.010897820435912819,0.009398120375924815,0.015196960607878425,0.00609878024395121,0.006598680263947211,0.014897020595880824,0.009998000399920017,0.007498500299940012,0.010297940411917617,0.008498300339932013,0.007198560287942412,0.009898020395920816,0.007498500299940012,0.015896820635872826,0.006998600279944011,0.00619876024795041,0.008398320335932814,0.00609878024395121,0.010597880423915218,0.020695860827834433,0.008598280343931213,0.004599080183963208
2024-01-03,0.007307111173086378,0.011493019255128956,0.013467362920246388,0.014128595912727266,0.009821212467027834,0.005404876719953371,0.01152873818124006,0.010727839569531439,0.0071519978135439624,0.017679762631601977,0.021497909252146737,0.039059163140893166,0.0066263839612442825,0.4130678999827053,0.0077722231135571515,0.009882092552319857,0.006494754628014608,0.023359458990791743,0.008630392437045997,0.006470037410493912,0.025028619384263096,0.04362569397638558,0.008159106318924513,0.005178499922010237,0.008230211659152874,0.022605823625034844,0.017752871139867055,0.00568438266833192,0.010954221019889323,0.009358181295735814,0.014992030750880502,0.006044031746417917,0.006660206112811811,0.01477676551775766,0.010117809031685859,0.007497163198395057,0.010238500400599553,0.008494874473172946,0.007217319622123605,0.00988680267159855,0.007535540416043044,0.016080140409075343,0.006971380953725549,0.006147924132932639,0.008498941476490968,0.006134305156732856,0.010702040225190735,0.020520460418529163,0.008717850785655835,0.004617469377284678
2024-01-04,0.007308845833283248,0.01149267274926201,0.013469407228198029,0.014149285988790974,0.009817739240616432,0.005402596632134006,0.011509715798141194,0.01068260812402704,0.0071547933185280785,0.017599774879820004,0.021510683011196425,0.039011060934770754,0.00662629171331277,0.4133200401568383,0.007759666290947645,0.009852783069198966,0.006498919613046893,0.02333561983216326,0.008651242510133035,0.0064725499745676915,0.025046509130580284,0.04361298798738506,0.008159215863423644,0.005182126349615405,0.008195630536343066,0.02260959128749285,0.017732034181189633,0.005681371888878615,0.01092709246906203,0.009357255650240433,0.015008325795846406,0.0060588032673254775,0.006641091424381829,0.014807309606109993,0.01013587966120743,0.0075041169690581895,0.010245048170391733,0.008482247168124386,0.007230051214962494,0.00988379147907944,0.007531785045253225,0.0160821485494049,0.006964079507605183,0.006151504731484558,0.008489113376000798,0.006131227941032245,0.010695315585651824,0.020478817240230505,0.008726967699204563,0.0046222633244570035
2024-01-05,0.007308845850404513,0.011492672733370514,0.01346940724093411,0.014149285998875532,0.009817739249899655,0.005402596622147784,0.011509715803664649,0.010682608119204615,0.007154793328625047,0.017599774871874977,0.02151068306158606,0.03901106092624305,0.006626291710321477,0.4133200398740206,0.007759666291058091,0.009852783069339207,0.006498919613139395,0.02333561987052814,0.00865124251831327,0.006472549976166827,0.025046509130936787,0.04361298794738807,0.008159215867339208,0.005182126354515396,0.008195630541230204,0.022609591261493638,0.017732034206213387,0.005681371884991088,0.010927092489570857,0.009357255659088242,0.01500832578907123,0.006058803273054416,0.006641091427568854,0.014807309599425566,0.010135879666071584,0.007504116970912188,0.010245048189620446,0.008482247189969318,0.007230051228532424,0.009883791483822622,0.007531785045360428,0.01608214855712264,0.006964079523918819,0.00615150472584308,0.008489113380074681,0.006131227949684739,0.010695315590784451,0.020478817288202954,0.008726967719647833,0.004622263328827612
2024-01-08,0.007309038136296672,0.011492164283818022,0.013469598458587308,0.014149685064580668,0.009817637598493086,0.005402350288010177,0.011510389167817603,0.010682630855871001,0.007154991893515632,0.017600108397691404,0.021511990166060008,0.0390108145089363,0.006626107473293125,0.41330918836483554,0.007759554012202601,0.009852558026022657,0.006498860195613174,0.023336425169488646,0.00865133157249922,0.006472436159364664,0.025046971821640403,0.043613127462708165,0.008159458535511432,0.0051822667844480565,0.008195650052192104,0.02260924255435192,0.017732944648777314,0.005681215218086853,0.010927759279610169,0.00935756307753311,0.015008682478129146,0.00605899384318617,0.00664115582812448,0.014807153670054852,0.010136067343061071,0.007504194056070784,0.010245895293390254,0.008482801102657258,0.007230538305499957,0.009883933875398553,0.007531722022463001,0.01608255789196167,0.006964419928853782,0.006151372755093368,0.008489471426010548,0.006131358644042409,0.010695920778918618,0.02047990809230608,0.008727440421373609,0.004622353015547466
2024-01-09,0.007308845832507226,0.011492672737338382,0.013469407229903996,0.014149285993877436,0.009817739244145767,0.00540259663156038,0.01150971579691914,0.010682608122892805,0.007154793311104991,0.017599774877951332,0.02151068300891251,0.039011060912462786,0.0066262917126092185,0.41332004025730407,0.007759666290123755,0.009852783072740899,0.006498919613870012,0.023335619829685583,0.008651242509214481,0.0064725499738804634,0.025046509116257762,0.04361298798275441,0.0081592158587579,0.005182126349065189,0.008195630537381083,0.022609591274563846,0.01773203417930692,0.00568137188827539,0.010927092470446,0.009357255649246917,0.015008325794252882,0.006058803269503529,0.006641091423676706,0.014807309590747435,0.010135879660131243,0.007504116964767056,0.010245048169303958,0.008482247167223777,0.007230051217561593,0.009883791478030021,0.007531785047960791,0.016082148547697364,0.006964079510108669,0.006151504727966899,0.00848911337509946,0.006131227946091406,0.01069531558451624,0.02047881723805615,0.008726967698277969,0.00462226332396623
2024-01-10,0.00730884150339078,0.01149264714567624,0.013469382751292024,0.014149298259015255,0.009817762450420044,0.005402587251531417,0.011509679351603536,0.010682621245668223,0.007154736185893759,0.017599736375535174,0.021510627717036965,0.039010986114626924,0.0066262879173731495,0.4133209140146847,0.007759657842125197,0.009852790019155027,0.006498919662349686,0.023335630745293802,0.008651218801316201,0.006472558152476628,0.02504647977191691,0.043612961764393644,0.008159170410165345,0.005182115204149656,0.008195651463690907,0.022609593727888917,0.01773197342366918,0.005681332928106521,0.010927096793077162,0.009357250065438501,0.015008292639575944,0.00605879284750007,0.006641115372093785,0.014807260386881623,0.010135850623521361,0.007504077911782008,0.010245031347843799,0.008482236733767436,0.007230046258398823,0.009883812226207227,0.007531798238848233,0.016082037413930737,0.006964062997333262,0.006151497472203869,0.00848910693961112,0.006131267951595416,0.010695276379020211,0.020478767421233415,0.008726910577616471,0.004622249202073692
2024-01-11,0.007298710238144033,0.011480273301834678,0.013449008363216183,0.014154223773662829,0.009827724888428934,0.005392426506193647,0.011478221668068072,0.010686317392746123,0.007120231445335176,0.017569937196898977,0.02149135358109101,0.03895139680533758,0.00662529711956301,0.4138909283386761,0.007756852055800878,0.009860534140720086,0.0064977705428865785,0.023345323967754322,0.008631479748818368,0.006479815914677542,0.025060386689008174,0.0435884052429909,0.008133294014910853,0.005177256010528126,0.00821088394162756,0.022617531273099317,0.017698069708234017,0.005654921820049414,0.010924770237436314,0.009357192953556264,0.014977618489949473,0.006050084120142353,0.00665809918311412,0.014776081143049047,0.010111387847900482,0.007476858314463571,0.010232667067939483,0.008478165587560206,0.007221004909294891,0.009895584415836928,0.0075435332650846,0.016007740879429747,0.006952410114784659,0.00615231971381905,0.0084808955175507,0.006154056792335439,0.010662319453546766,0.020454197420943433,0.008690307619895315,0.004614129262064783
2024-01-12,0.007308729889626568,0.01149205922182198,0.013468797682773785,0.01414957509853087,0.009818296950293782,0.005402360882737792,0.011508814285886794,0.010682913318460037,0.007153404833706331,0.017598824380814015,0.021509358817055582,0.039009219209570206,0.00662620108713184,0.41334139377096146,0.007759469921566688,0.009852961813307587,0.006498914900160674,0.02333590865111762,0.008650655156337481,0.006472752413172565,0.025045842287109175,0.04361232111359154,0.008158109434681003,0.005181855750346378,0.008196145506083859,0.022609661982594054,0.01773055000242691,0.0056804179573477906,0.010927191817447808,0.009357126379225837,0.015007503133545454,0.006058545568392414,0.006641678033019587,0.014806102239757663,0.010135162514827888,0.007503165278895801,0.010244632702273895,0.008481995100818568,0.007229918536364581,0.009884289920145594,0.007532113009985943,0.016079433650803547,0.006963676326607167,0.00615133456770605,0.00848894741740405,0.0061321987926287996,0.010694348333139848,0.02047762190565049,0.008725575602185513,0.004621922849958955
2024-01-15,0.00730562454128805,0.011485990289255014,0.013460389019938184,0.014151652894267409,0.009823568010732319,0.00539869902231501,0.011496775072024347,0.010685345849817096,0.0071380710333329945,0.017586725201713768,0.02149739024130042,0.038984852347511326,0.006625430829142992,0.4135932655467733,0.007757717986267925,0.00985589126771339,0.006498537068752777,0.023339910747783833,0.008642905616891438,0.00647543443353669,0.025044896478060713,0.04360254844138824,0.008146164484769102,0.0051792380267702935,0.008202488292840392,0.02261174809839154,0.017714328511126514,0.005669137449769226,0.010927081083851096,0.009356271659697449,0.014995970373285976,0.006054974291743948,0.006648774274427307,0.01479199130461142,0.010125831380710923,0.007491859783680936,0.010239375153411735,0.008479754789253183,0.007227101822185583,0.009889722767691263,0.0075364236468541896,0.01604765831745856,0.0069586509177152495,0.006150685459479353,0.008485912197712353,0.006142572936904366,0.010681591160411483,0.02046506367156953,0.008709792588311591,0.004618213615558194
2024-01-16,0.0073057219437039755,0.011481738212134352,0.013490157204234915,0.01409764929633541,0.009794599547052986,0.005415101471813142,0.011499261421271084,0.010664218550590387,0.0071402907127615335,0.01763414023781562,0.02150767652248692,0.03891772248211021,0.006633064956008915,0.4135694909723036,0.007774146102502714,0.009859494460583528,0.006480041980864616,0.023299183938366594,0.008607557866843994,0.006470716674731201,0.02510099312922092,0.04359997333206066,0.008170480647959959,0.005172379223373167,0.00819854249443338,0.022555101250305062,0.01770271299563184,0.005696486064865708,0.01090552679357204,0.009351514539260442,0.015026178377205542,0.006052383684172389,0.00665231612367506,0.014824552990063095,0.010144156108681067,0.007510783984715224,0.01025110648199633,0.008506499521457402,0.00722827210110061,0.0098713073547053,0.007534810237712013,0.01602021823568273,0.006966127763679468,0.006165912203662147,0.008522803676780934,0.006099828032218986,0.010730166550277196,0.020481824958439452,0.008711421000223304,0.004603645588352938
2024-01-17,0.007306552903901614,0.01147898518746174,0.013488896437834247,0.01410083743080923,0.0097980907929046,0.005414909997443318,0.011495883037129482,0.010665787815676826,0.007134605156792644,0.017633176928309888,0.021504492767228243,0.038914827883299134,0.0066325596077545425,0.4136093004479508,0.007773893493156772,0.009860422649348964,0.006480491874959995,0.02330123398253232,0.008606936645598785,0.006472227840759329,0.02509756977237251,0.04360298826433692,0.00816655105636127,0.005171220187315383,0.0082006296994754,0.02255508229307171,0.017700277425030653,0.005693253092978798,0.010907264326745074,0.00935149006000065,0.015024075620530571,0.006052360241291769,0.006655082234061811,0.014821228875879297,0.01014231182123936,0.0075076479446988,0.010249518533357682,0.008505305914672351,0.00722888041716961,0.009874017464004946,0.007535863936991596,0.016010195892115546,0.006965900194906385,0.006165741741497056,0.00852424800397419,0.006104295127653526,0.010726951280728052,0.020477281725165355,0.008706338670561356,0.004602315300959992
2024-01-18,0.00730819486838321,0.01141788834321851,0.013512064180015344,0.01409813255361898,0.009805751219226909,0.005406582403879602,0.011478330259512236,0.010685488182749501,0.00713541632103696,0.01763275723474347,0.02166732800353282,0.03884076748819039,0.00661595600256356,0.41275246148284916,0.007770818312696259,0.009840493877677499,0.006476536437888039,0.02337430521911571,0.008640709631838321,0.00648526859648183,0.02519004946639781,0.04372439876774393,0.008180245014509736,0.005186548254830143,0.008202296130510028,0.02252471448760389,0.017787211344664558,0.005640053694709168,0.010945971525188735,0.009366937085926516,0.015046832016124898,0.006060909960689138,0.006678504825065042,0.014783016451662445,0.010125416107310733,0.007502060865023367,0.010324542040204394,0.008501859020423249,0.007287796551365242,0.009937344405617821,0.007565426057539918,0.015977003899673506,0.0069769727549765966,0.006190822678862599,0.008562448741759612,0.006127182929058227,0.010767118039447009,0.020587109188644582,0.008707740179527452,0.0045962168957214425
2024-01-19,0.0073081948758147615,0.011417888344195389,0.013512064181171393,0.01409813255482517,0.009805751226915096,0.005406582399936309,0.0114783302658393,0.010685488183663716,0.007135416315002069,0.01763275722804118,0.02166732802556588,0.03884076746890518,0.0066159560092911894,0.41275246151816297,0.007770818309742536,0.009840493873937083,0.006476536442965959,0.023374305226557795,0.008640709632577593,0.006485268598546657,0.025190049456822957,0.043724398690041806,0.008180245007591165,0.005186548252858712,0.008202296127392298,0.022524714520997694,0.017787211346186375,0.005640053700444421,0.010945971526125238,0.009366937082366102,0.015046831989385348,0.0060609099612076904,0.006678504831856276,0.014783016452927232,0.01012541610817703,0.007502060872652059,0.010324542048299338,0.008501859027089121,0.007287796565563342,0.009937344404154308,0.007565426058187191,0.015977003901040447,0.006976972755573524,0.0061908226757887335,0.008562448742492188,0.006127182923876066,0.01076711802031289,0.02058710919040595,0.008707740180272459,0.00459621689825496
2024-01-22,0.007309536789874967,0.011414321106473904,0.013521171491403295,0.014093936865896077,0.009798292136955721,0.00540849315276257,0.011495196783742891,0.01068183637738294,0.007150109085730482,0.01764525037274459,0.02166009829114015,0.03883854396710478,0.006616749367156141,0.4126338213012656,0.00776683031438918,0.009840892627124271,0.006478030765468841,0.02335331789584002,0.0086374904314128,0.006474115555256444,0.02516831324972613,0.04373308830092995,0.008188776405074332,0.0051899062604919026,0.008193149447482461,0.02253154450227222,0.01780675737897261,0.005652182859214947,0.010947375574994509,0.009366553061858629,0.015054397693743568,0.006057483761563491,0.006667359718612175,0.014803352261918085,0.010136851868262922,0.0075121214941944485,0.010330384346244769,0.008509305691601613,0.007289837680168737,0.009923045378224448,0.007560121010931765,0.016011260040634828,0.006978327643105684,0.006185115908368669,0.008563776215855868,0.0061171095038415465,0.01078336878277846,0.020597778725782515,0.008724347329313634,0.004598973224709303
2024-01-23,0.007290788481078458,0.01145129947269176,0.013498613577744886,0.014082878332305091,0.009787274086913704,0.005430919709438641,0.011472036207820828,0.010651602156606795,0.007154029766079907,0.017629049079420683,0.02156113248665753,0.03886358733042369,0.006630099006764684,0.41337748104787775,0.007780944145764365,0.00986261016940471,0.006486812081482691,0.02329755690531259,0.008625776457005508,0.006463171049092784,0.025164811670154618,0.04371487002059906,0.008168195645873053,0.005180244137839901,0.008186291511784908,0.02254162377158862,0.017722532445725404,0.005677575020220735,0.010897498514459588,0.009340678040233714,0.015050440789579827,0.006047508048129504,0.0066474578150340765,0.01480897762910255,0.01013753521854577,0.00751147835525916,0.010262652336768022,0.008474882643647274,0.007244604643521613,0.00988992582714957,0.007553962604539573,0.016001285379908237,0.006962714183247783,0.0061855305609363675,0.008529530956156156,0.006096223315558019,0.010766622856611244,0.02052595893601997,0.008716244683083038,0.004594480888835618
2024-01-24,0.007290658520963772,0.011451614539358898,0.013498373492745802,0.014082809056840956,0.009787302435991402,0.0054310646851059964,0.011471806849000538,0.010651458878069592,0.007154005058229786,0.01762893840568164,0.021560506552773702,0.038863905531099134,0.006630230074243616,0.4133818572713459,0.007781070248787671,0.009862759193430087,0.0064868651447693,0.023297377640700584,0.008625758909026508,0.006463160491945503,0.025164860573270012,0.04371470855922115,0.00816803747885581,0.005180162580024031,0.008186361610640484,0.022541823381300664,0.017721980037180132,0.005677692960526759,0.010897143346523476,0.009340509200290155,0.015050421504063972,0.006047447429918496,0.0066474198097495555,0.014808960694199612,0.010137471273802413,0.00751146130778182,0.010262211195693441,0.008474654627144775,0.007244317545550861,0.009889773778955847,0.007553889453942608,0.016001072711477528,0.006962605445709323,0.006185617279828043,0.008529323588132959,0.006096136481533928,0.01076643503993794,0.020525406293742218,0.00871611284649509,0.004594458984396301
2024-01-25,0.0072906581179425735,0.011451615506095802,0.013498372771710251,0.014082808842328058,0.009787302519344704,0.0054310651157730904,0.011471806150745422,0.010651458452945371,0.007154004982571609,0.01762893806327118,0.02156050463805558,0.038863906486443424,0.006630230467240926,0.413381870705442,0.00778107063572083,0.00986275964024973,0.006486865301962534,0.023297377098689207,0.008625758849937047,0.0064631604597091726,0.02516486070555777,0.043714708015485174,0.008168037002610875,0.005180162332264412,0.008186361815687961,0.02254182397215798,0.017721978364319733,0.005677693316892922,0.010897142274759056,0.009340508701353063,0.015050421414980128,0.006047447242056141,0.006647419696112597,0.014808960634128818,0.010137471072179617,0.007511461256325686,0.010262209866202531,0.008474653935706329,0.007244316679562436,0.009889773315152964,0.007553889233353244,0.016001072080289003,0.0069626051159402775,0.00618561754637758,0.00852932294188132,0.006096136221190693,0.010766434464832915,0.020525404623874147,0.008716112429616129,0.004594458922970189
2024-01-26,0.007290712132139314,0.011451718809042203,0.013498346211470263,0.014082842988756065,0.009787309590291265,0.005431019181004414,0.011471910693548807,0.010651497854901267,0.00715395661154272,0.017628940993704337,0.021560317756039386,0.0388640181743245,0.00663025912485326,0.4133824139241477,0.007781049247962706,0.009862743896344835,0.006486844371609155,0.02329736497770547,0.008625702981980423,0.006463182026770391,0.02516474380373906,0.04371445264656236,0.008168055772993262,0.005180120348010223,0.00818639658365995,0.022541787873221024,0.017721901649588475,0.005677750385301134,0.010897159098733506,0.009340532497453693,0.015050349705027891,0.0060474628401683125,0.006647430926316967,0.014809004988822393,0.010137505853698171,0.007511461903324034,0.010262175005415635,0.008474735241985354,0.007244274869699647,0.009889721841897384,0.007553824946719228,0.01600114135292767,0.006962619579392166,0.006185567307961665,0.008529323068871317,0.006096148703043338,0.010766327938127793,0.02052526263214877,0.008716121504890411,0.004594487582160654
2024-01-29,0.007305664983798908,0.011481617523037576,0.013490239790824966,0.014097345187407137,0.009794433986899418,0.005415208279982258,0.011499177292022524,0.010664083745905844,0.007140290346452357,0.01763418169241339,0.021507864939308334,0.03891700901725873,0.006633126548765411,0.4135702845761882,0.007774202078178462,0.009859492301948195,0.006480010424874373,0.023299035699897195,0.008607426798810304,0.006470708241891084,0.02510148515033786,0.04360024207786999,0.008170541463393107,0.005172348696752796,0.008198509834006718,0.022554814653960746,0.01770261597712325,0.0056964898842086645,0.010905401891819372,0.009351449654636336,0.015026337274220099,0.006052355770713614,0.006652341347981049,0.014824583159447877,0.010144162404628341,0.007510792657880772,0.010251157520040249,0.008506498550304496,0.007228319684789174,0.009871279185475975,0.007534868130385014,0.0160199541602152,0.006966108413555007,0.006166027595981323,0.008522965479193805,0.006099683729871059,0.01073039728097849,0.020481956909845726,0.008711368446809815,0.004603539557709475
2024-01-30,0.007305702579448137,0.011481694508875154,0.013490210744231982,0.014097414937162303,0.009794479824519397,0.005415154541625996,0.011499233694126521,0.010664128171133585,0.007140255119045501,0.0176342046201378,0.021507718265842867,0.03891723522083211,0.006633109718362107,0.4135708690925714,0.007774183764347821,0.009859499483147148,0.006479993664632185,0.023299067821124415,0.00860736799201174,0.0064707322858164155,0.025101201887290724,0.043599787337468485,0.008170535248894674,0.005172349932652299,0.008198543709269198,0.022554945301300013,0.017702591734282888,0.005696548584341565,0.010905443040119119,0.009351496262677433,0.015026262510390962,0.006052365531018802,0.006652362032003277,0.014824641306385148,0.010144167880050433,0.007510789220298887,0.010251124969745123,0.008506624096330545,0.00722825995333994,0.009871212608080401,0.007534819363618541,0.016020001523965696,0.0069661193473630895,0.006165952182629858,0.00852291854859022,0.006099694498147845,0.010730271949352922,0.020481833255744177,0.008711314572491758,0.004603565563161247
2024-01-31,0.0073058345912682034,0.011481274018832751,0.01348956189633034,0.014097450826150066,0.00979487462040467,0.005415210670893255,0.011498427693715094,0.010664428446845078,0.007140207246796506,0.017633844834228456,0.02150617824670614,0.03891671098436769,0.006633106672899771,0.4135730606121254,0.007774297893695883,0.009859602891112809,0.006480829965577938,0.023300123664582322,0.00860738384423243,0.006470734419215343,0.025101556559034798,0.043602446701506585,0.00817033314001329,0.005172382576070973,0.008197668430330462,0.02255375058944012,0.01770354271999807,0.005696420504707967,0.01090524795114209,0.009351519216066957,0.015026816009217965,0.006051821117546517,0.00665210099002268,0.014825300948582669,0.010143850430489933,0.007510798964381546,0.010250493173917977,0.008506566322442127,0.0072280572335859114,0.00987161096348859,0.007534601443134195,0.016019642006027356,0.006966597921272762,0.006165984475680573,0.008522952966132737,0.006099945074189914,0.010729411527034168,0.020481577993328986,0.008710493441441586,0.00460336456979024
2024-02-01,0.007305702217691812,0.011481695800946448,0.013490212620394515,0.014097414882433679,0.009794478716962166,0.005415154346611104,0.011499236069830816,0.010664127315330662,0.007140255250922925,0.017634205652028674,0.02150772264917565,0.03891723693180982,0.006633109723499041,0.4135708628650025,0.007774183433695767,0.009859499201537933,0.006479991240577829,0.023299064774191927,0.008607367902482784,0.006470732301373692,0.02510120071448697,0.043599779361806354,0.008170535843048724,0.005172349845132567,0.008198546263963262,0.022554948837260936,0.017702588945232713,0.005696548985657779,0.010905443641449557,0.009351496222018663,0.015026260870700862,0.006052367116801848,0.006652362805396539,0.014824639443630524,0.01014416879486579,0.0075107892086281125,0.01025112677731327,0.008506624328707118,0.0072282605075828996,0.009871211411405028,0.007534819951893649,0.016020002625516838,0.00696611797087706,0.006165952052456483,0.008522918428189311,0.006099693778571869,0.010730274366059153,0.020481833939237887,0.008711316915795098,0.004603566149813479
2024-02-02,0.007307860385786022,0.011420107506820978,0.013431540045230776,0.014085208136364982,0.009766834625780282,0.00541808455112498,0.01152599308797806,0.01065714101347857,0.007131499175579112,0.01766696665918126,0.02155443627211893,0.03890410073866811,0.006643066941383001,0.41397212649410176,0.007791578635789395,0.009822659350962649,0.006464876599778389,0.023250901342459433,0.008623449412478808,0.006463131100777518,0.02513963339769758,0.0436972476046278,0.008192796131583326,0.005163512506261377,0.008209971703130585,0.02251342280484866,0.017663422026164416,0.0056966409739631204,0.010882337934209865,0.009366433723118755,0.015044760993836935,0.006031051324847062,0.0066331803363997716,0.014778301501807426,0.010121758225387271,0.007515432194757294,0.010241996340685554,0.008524435328668438,0.007206643991180251,0.009831639340606128,0.007493139505842837,0.01595000637961706,0.006960464034797864,0.0061514334039444295,0.008491698679778333,0.006078511700797262,0.010746904675133345,0.02046800864991038,0.008707101682036271,0.004596550828517638
2024-02-05,0.007307728280522522,0.01142544071568622,0.01343642157042119,0.014085419842524814,0.009768693531955535,0.005418021843203324,0.011523843652994985,0.010658044428250678,0.007131886718452077,0.017664449691954163,0.021550063959927604,0.03890173918704281,0.006641918402422896,0.41395721117518186,0.007790215674701142,0.009825251116590559,0.006465770906944585,0.023254461509625998,0.008622236721420132,0.006463834193908024,0.02513635361400307,0.043690006518991624,0.008190712083023412,0.005163744930888278,0.008208714483880076,0.022515416913783805,0.017663255181582165,0.005696406941263732,0.010884552990799741,0.009364472709950094,0.01504295082255863,0.006032567159598754,0.006634758470946159,0.01478138961676045,0.010123160736515422,0.007514865109998755,0.010242147317711616,0.00852276748938119,0.007207842172235918,0.009834334072330005,0.007496319611894417,0.015955049305614033,0.0069608964406432175,0.0061524623820623375,0.008494069417771305,0.006080161970278224,0.010745207807505914,0.02046829029066918,0.008707126038917776,0.004597344274709627
2024-02-15,0.0073059731399341245,0.011482256602022452,0.01348941478431149,0.014100578669495552,0.009796112854290644,0.0054144419027613785,0.011499562205962129,0.010665371349044757,0.007140751761912441,0.017633236800760232,0.02150706508473066,0.038923733763500154,0.006632514903484001,0.41355259939620304,0.007773672173580467,0.009859415610589936,0.006480730217342173,0.023300743108032,0.008609941824064974,0.006470540998357384,0.025098381312636718,0.04360241761068456,0.008169789214227388,0.005172755215189927,0.008198446451887522,0.02255702261830124,0.01770430139126164,0.005695691575687788,0.010906568471081473,0.009351755568186326,0.015025174540444929,0.006052579238496239,0.006651719598748265,0.014823503235289479,0.01014396489684244,0.007510708697319161,0.010250823026780945,0.008504948556589976,0.0072284053584058755,0.009872495376249448,0.007534676248841718,0.016022933879676664,0.006966258514092886,0.006165398673771829,0.008521343895807922,0.0061015162074752214,0.010728754720960148,0.02048170376190409,0.00871267139310718,0.0046046335996711985
2024-02-16,0.007305703259334073,0.011481659477329636,0.013490173127510484,0.01409739840647245,0.009794454955504104,0.00541515862124285,0.011499256204705204,0.010664124450950944,0.007140245526099815,0.01763422952460372,0.02150774999287058,0.038917198479798125,0.006633114975008198,0.4135713179770782,0.007774195514776103,0.009859470544247382,0.006479974291972522,0.02329902630944559,0.008607380344438807,0.0064707289648521455,0.025101217396390083,0.04359984768433676,0.008170549325732936,0.005172337908757592,0.008198555271697678,0.022554906113195557,0.017702521350936678,0.005696547387924456,0.010905430032715612,0.009351501102196026,0.015026265000325785,0.006052353890811836,0.0066523501733715415,0.01482459926454565,0.010144149078848606,0.0075107907639131305,0.010251116753748783,0.00850663267967264,0.007228239881876613,0.009871181235361539,0.007534791690233326,0.01601994857260202,0.006966110264096191,0.006165939864569122,0.008522896005278774,0.006099678733568511,0.010730284220436937,0.02048182257220682,0.00871131153760494,0.004603563294803019
2024-02-19,0.007307869168729683,0.011419715323333312,0.013431179794021067,0.014085196375864303,0.009766700811853723,0.005418089089861779,0.011526149022276964,0.010657072787372645,0.007131472339566367,0.01766714835318474,0.021554757490243256,0.03890429799576929,0.0066431547268532565,0.4139731227249714,0.0077916781442558545,0.009822473166514299,0.0064648126174969385,0.023250642414578575,0.008623537647649122,0.006463080353948538,0.025139867470741064,0.043697777797336364,0.008192951305027112,0.005163497701974899,0.008210066666533367,0.02251328151688561,0.017663451414310166,0.005696659493719657,0.010882171564673774,0.00936658433838165,0.015044891098064166,0.006030943248971812,0.00663306397850254,0.014778080188193023,0.01012165708271327,0.007515475149355256,0.010241989081569512,0.008524557085795447,0.007206558705812516,0.009831448929726053,0.007492909508187631,0.01594963977932745,0.0069604304200358985,0.006151358099829568,0.008491526501182902,0.006078392123361422,0.010747030191406636,0.020468000195289864,0.008707098985548278,0.004596490029197725
2024-02-20,0.007307869168729683,0.011419715323333312,0.013431179794021067,0.014085196375864303,0.009766700811853723,0.005418089089861779,0.011526149022276964,0.010657072787372645,0.007131472339566367,0.01766714835318474,0.021554757490243256,0.03890429799576929,0.0066431547268532565,0.4139731227249714,0.0077916781442558545,0.009822473166514299,0.0064648126174969385,0.023250642414578575,0.008623537647649122,0.006463080353948538,0.025139867470741064,0.043697777797336364,0.008192951305027112,0.005163497701974899,0.008210066666533367,0.02251328151688561,0.017663451414310166,0.005696659493719657,0.010882171564673774,0.00936658433838165,0.015044891098064166,0.006030943248971812,0.00663306397850254,0.014778080188193023,0.01012165708271327,0.007515475149355256,0.010241989081569512,0.008524557085795447,0.007206558705812516,0.009831448929726053,0.007492909508187631,0.01594963977932745,0.0069604304200358985,0.006151358099829568,0.008491526501182902,0.006078392123361422,0.010747030191406636,0.020468000195289864,0.008707098985548278,0.004596490029197725
2024-02-21,0.007307869168729683,0.011419715323333312,0.013431179794021067,0.014085196375864303,0.009766700811853723,0.005418089089861779,0.011526149022276964,0.010657072787372645,0.007131472339566367,0.01766714835318474,0.021554757490243256,0.03890429799576929,0.0066431547268532565,0.4139731227249714,0.0077916781442558545,0.009822473166514299,0.0064648126174969385,0.023250642414578575,0.008623537647649122,0.006463080353948538,0.025139867470741064,0.043697777797336364,0.008192951305027112,0.005163497701974899,0.008210066666533367,0.02251328151688561,0.017663451414310166,0.005696659493719657,0.010882171564673774,0.00936658433838165,0.015044891098064166,0.006030943248971812,0.00663306397850254,0.014778080188193023,0.01012165708271327,0.007515475149355256,0.010241989081569512,0.008524557085795447,0.007206558705812516,0.009831448929726053,0.007492909508187631,0.01594963977932745,0.0069604304200358985,0.006151358099829568,0.008491526501182902,0.006078392123361422,0.010747030191406636,0.020468000195289864,0.008707098985548278,0.004596490029197725
2024-02-22,0.007307869168729683,0.011419715323333312,0.013431179794021067,0.014085196375864303,0.009766700811853723,0.005418089089861779,0.011526149022276964,0.010657072787372645,0.007131472339566367,0.01766714835318474,0.021554757490243256,0.03890429799576929,0.0066431547268532565,0.4139731227249714,0.0077916781442558545,0.009822473166514299,0.0064648126174969385,0.023250642414578575,0.008623537647649122,0.006463080353948538,0.025139867470741064,0.043697777797336364,0.008192951305027112,0.005163497701974899,0.008210066666533367,0.02251328151688561,0.017663451414310166,0.005696659493719657,0.010882171564673774,0.00936658433838165,0.015044891098064166,0.006030943248971812,0.00663306397850254,0.014778080188193023,0.01012165708271327,0.007515475149355256,0.010241989081569512,0.008524557085795447,0.007206558705812516,0.009831448929726053,0.007492909508187631,0.01594963977932745,0.0069604304200358985,0.006151358099829568,0.008491526501182902,0.006078392123361422,0.010747030191406636,0.020468000195289864,0.008707098985548278,0.004596490029197725
2024-02-23,0.007307869167331779,0.011419715331784304,0.013431179797706232,0.01408519637316998,0.009766700816807437,0.005418089088825366,0.011526149020072155,0.010657072785334079,0.007131472341523056,0.017667148362145595,0.0215547574861201,0.038904297952094935,0.006643154725582506,0.4139731228385548,0.007791678144579546,0.009822473164635383,0.006464812620775921,0.023250642420957944,0.008623537645999548,0.006463080349702626,0.025139867465932126,0.04369777780932589,0.008192951301552334,0.005163497700987186,0.008210066659228219,0.0225132815125791,0.017663451410931372,0.005696659491303601,0.010882171562592153,0.009366584336589939,0.015044891095186266,0.006030943247818168,0.006633063977233718,0.014778080185366162,0.010121657090203651,0.007515475151417306,0.0102419890772257,0.00852455708019525,0.007206558704433992,0.00983144892784542,0.007492909501520594,0.015949639776276486,0.006960430415463253,0.0061513581015173405,0.00849152649955858,0.006078392116537758,0.010747030169332962,0.020468000191374593,0.008707098975773602,0.004596490030993983
2024-02-26,0.007307869168729683,0.011419715323333312,0.013431179794021067,0.014085196375864303,0.009766700811853723,0.005418089089861779,0.011526149022276964,0.010657072787372645,0.007131472339566367,0.01766714835318474,0.021554757490243256,0.03890429799576929,0.0066431547268532565,0.4139731227249714,0.0077916781442558545,0.009822473166514299,0.0064648126174969385,0.023250642414578575,0.008623537647649122,0.006463080353948538,0.025139867470741064,0.043697777797336364,0.008192951305027112,0.005163497701974899,0.008210066666533367,0.02251328151688561,0.017663451414310166,0.005696659493719657,0.010882171564673774,0.00936658433838165,0.015044891098064166,0.006030943248971812,0.00663306397850254,0.014778080188193023,0.01012165708271327,0.007515475149355256,0.010241989081569512,0.008524557085795447,0.007206558705812516,0.009831448929726053,0.007492909508187631,0.01594963977932745,0.0069604304200358985,0.006151358099829568,0.008491526501182902,0.006078392123361422,0.010747030191406636,0.020468000195289864,0.008707098985548278,0.004596490029197725
2024-02-27,0.007307869168729683,0.011419715323333312,0.013431179794021067,0.014085196375864303,0.009766700811853723,0.005418089089861779,0.011526149022276964,0.010657072787372645,0.007131472339566367,0.01766714835318474,0.021554757490243256,0.03890429799576929,0.0066431547268532565,0.4139731227249714,0.0077916781442558545,0.009822473166514299,0.0064648126174969385,0.023250642414578575,0.008623537647649122,0.006463080353948538,0.025139867470741064,0.043697777797336364,0.008192951305027112,0.005163497701974899,0.008210066666533367,0.02251328151688561,0.017663451414310166,0.005696659493719657,0.010882171564673774,0.00936658433838165,0.015044891098064166,0.006030943248971812,0.00663306397850254,0.014778080188193023,0.01012165708271327,0.007515475149355256,0.010241989081569512,0.008524557085795447,0.007206558705812516,0.009831448929726053,0.007492909508187631,0.01594963977932745,0.0069604304200358985,0.006151358099829568,0.008491526501182902,0.006078392123361422,0.010747030191406636,0.020468000195289864,0.008707098985548278,0.004596490029197725
2024-02-29,0.007307869168729683,0.011419715323333312,0.013431179794021067,0.014085196375864303,0.009766700811853723,0.005418089089861779,0.011526149022276964,0.010657072787372645,0.007131472339566367,0.01766714835318474,0.021554757490243256,0.03890429799576929,0.0066431547268532565,0.4139731227249714,0.0077916781442558545,0.009822473166514299,0.0064648126174969385,0.023250642414578575,0.008623537647649122,0.006463080353948538,0.025139867470741064,0.043697777797336364,0.008192951305027112,0.005163497701974899,0.008210066666533367,0.02251328151688561,0.017663451414310166,0.005696659493719657,0.010882171564673774,0.00936658433838165,0.015044891098064166,0.006030943248971812,0.00663306397850254,0.014778080188193023,0.01012165708271327,0.007515475149355256,0.010241989081569512,0.008524557085795447,0.007206558705812516,0.009831448929726053,0.007492909508187631,0.01594963977932745,0.0069604304200358985,0.006151358099829568,0.008491526501182902,0.006078392123361422,0.010747030191406636,0.020468000195289864,0.008707098985548278,0.004596490029197725
2024-03-01,0.007307869168729683,0.011419715323333312,0.013431179794021067,0.014085196375864303,0.009766700811853723,0.005418089089861779,0.011526149022276964,0.010657072787372645,0.007131472339566367,0.01766714835318474,0.021554757490243256,0.03890429799576929,0.0066431547268532565,0.4139731227249714,0.0077916781442558545,0.009822473166514299,0.0064648126174969385,0.023250642414578575,0.008623537647649122,0.006463080353948538,0.025139867470741064,0.043697777797336364,0.008192951305027112,0.005163497701974899,0.008210066666533367,0.02251328151688561,0.017663451414310166,0.005696659493719657,0.010882171564673774,0.00936658433838165,0.015044891098064166,0.006030943248971812,0.00663306397850254,0.014778080188193023,0.01012165708271327,0.007515475149355256,0.010241989081569512,0.008524557085795447,0.007206558705812516,0.009831448929726053,0.007492909508187631,0.01594963977932745,0.0069604304200358985,0.006151358099829568,0.008491526501182902,0.006078392123361422,0.010747030191406636,0.020468000195289864,0.008707098985548278,0.004596490029197725
2024-03-04,0.007307869168729683,0.011419715323333312,0.013431179794021067,0.014085196375864303,0.009766700811853723,0.005418089089861779,0.011526149022276964,0.010657072787372645,0.007131472339566367,0.01766714835318474,0.021554757490243256,0.03890429799576929,0.0066431547268532565,0.4139731227249714,0.0077916781442558545,0.009822473166514299,0.0064648126174969385,0.023250642414578575,0.008623537647649122,0.006463080353948538,0.025139867470741064,0.043697777797336364,0.008192951305027112,0.005163497701974899,0.008210066666533367,0.02251328151688561,0.017663451414310166,0.005696659493719657,0.010882171564673774,0.00936658433838165,0.015044891098064166,0.006030943248971812,0.00663306397850254,0.014778080188193023,0.01012165708271327,0.007515475149355256,0.010241989081569512,0.008524557085795447,0.007206558705812516,0.009831448929726053,0.007492909508187631,0.01594963977932745,0.0069604304200358985,0.006151358099829568,0.008491526501182902,0.006078392123361422,0.010747030191406636,0.020468000195289864,0.008707098985548278,0.004596490029197725
2024-03-05,0.007307869168729683,0.011419715323333312,0.013431179794021067,0.014085196375864303,0.009766700811853723,0.005418089089861779,0.011526149022276964,0.010657072787372645,0.007131472339566367,0.01766714835318474,0.021554757490243256,0.03890429799576929,0.0066431547268532565,0.4139731227249714,0.0077916781442558545,0.009822473166514299,0.0064648126174969385,0.023250642414578575,0.008623537647649122,0.006463080353948538,0.025139867470741064,0.043697777797336364,0.008192951305027112,0.005163497701974899,0.008210066666533367,0.02251328151688561,0.017663451414310166,0.005696659493719657,0.010882171564673774,0.00936658433838165,0.015044891098064166,0.006030943248971812,0.00663306397850254,0.014778080188193023,0.01012165708271327,0.007515475149355256,0.010241989081569512,0.008524557085795447,0.007206558705812516,0.009831448929726053,0.007492909508187631,0.01594963977932745,0.0069604304200358985,0.006151358099829568,0.008491526501182902,0.006078392123361422,0.010747030191406636,0.020468000195289864,0.008707098985548278,0.004596490029197725
2024-03-06,0.007307869674898246,0.011419714088251683,0.013431177847296619,0.014085196223318126,0.009766702118224087,0.005418089222930099,0.011526146772002695,0.010657073470930303,0.007131472006625262,0.017667147791634325,0.021554752579457725,0.0389042961432443,0.006643155310719784,0.4139731300005864,0.007791678566015516,0.009822473201926784,0.0064648144816720115,0.023250645115812037,0.00862353732134651,0.006463080488605002,0.025139867151643406,0.043697786053527275,0.008192951070366303,0.0051634978480259806,0.008210064155676369,0.02251327793928822,0.017663453690566402,0.0056966590334531905,0.010882170666436663,0.009366585133259499,0.015044892644545236,0.006030942099621865,0.006633063211693603,0.014778082897761786,0.010121656200117972,0.007515474990968147,0.0102419873681623,0.008524557291189096,0.007206557970023913,0.009831449839592846,0.007492909013572365,0.01594963853708225,0.006960431373734722,0.006151358362620511,0.008491526812543433,0.006078392598151077,0.010747028553653077,0.02046799898237622,0.008707096572040864,0.004596489512807798
2024-03-07,0.007307736282570412,0.01140667913720211,0.013406751207208523,0.014087360017389326,0.009790054529262914,0.00541992914661155,0.011496813785585687,0.010654941291080787,0.00713599645980108,0.017657632651351042,0.021489478828697308,0.03890129880433617,0.006656305114442487,0.41394837912258825,0.0078079125757122055,0.009833416393342455,0.006496710969254456,0.02329224676989311,0.008614320587220661,0.006469877367957766,0.02513817830098617,0.04381355124715291,0.008195995863555142,0.005169928416435505,0.008173580988228594,0.022462173041575977,0.017707934552667358,0.005687792993743142,0.010869074875658238,0.009377532223304091,0.015076077437987025,0.006017852069153691,0.006625721571687405,0.014832083130300683,0.010106277934928085,0.007520247908563387,0.010220972844529129,0.008522129836776056,0.007199563076721452,0.009841114015193162,0.0074797691876802505,0.015928544656971445,0.006977148731520354,0.0061559496682847305,0.008502475863639829,0.006087422889904553,0.010715451142291539,0.020467460299076475,0.008669405909617215,0.004584748280358271
2024-03-08,0.007307736138623294,0.01140667887533285,0.013406750961852582,0.014087359477500283,0.009790054841311893,0.005419929367950941,0.011496813023760419,0.010654940828159463,0.007135996658178523,0.017657632607764224,0.021489477364690465,0.038901298409415946,0.006656305649737696,0.41394837655870337,0.007807913596289894,0.009833417124611096,0.006496711745837657,0.023292247477061573,0.00861431966340176,0.006469877617111148,0.02513817889446316,0.043813553995320303,0.008195996515038042,0.005169928620343044,0.008173580018425651,0.02246217140670507,0.017707935836546257,0.005687792875746203,0.010869074292084774,0.009377532462161437,0.015076078706556962,0.006017851754454949,0.006625721604697676,0.014832085296934614,0.010106277519374847,0.007520248341743707,0.010220972519450052,0.008522129772087,0.007199562971783255,0.00984111393132682,0.007479768598433898,0.01592854314531749,0.006977149354348352,0.00615594978208557,0.008502476646384602,0.006087422914563591,0.010715450551997002,0.020467461535225828,0.008669404560042197,0.004584747589062822
2024-03-11,0.007307518152829361,0.011407664089428938,0.013406104725130074,0.01408706956911286,0.009790570556629727,0.005419654246814646,0.011497934077214824,0.010653240495649903,0.0071358256434796135,0.0176584104569398,0.02148920070573591,0.03890155317313388,0.006655699946625817,0.4139589863399055,0.007807163449822951,0.00983360129436391,0.006495986042254327,0.023288328684369055,0.008613289239078649,0.006470328494911898,0.0251356870448937,0.04381761898594684,0.008195967115285406,0.005170569538147289,0.008173768955541323,0.022461391046325437,0.017707918790427424,0.005688014608411332,0.010867385849210378,0.009376364870449011,0.015076275507630816,0.006018462981878276,0.006625163192967586,0.014830052636154232,0.010105550494034972,0.007520093292939588,0.010221284713768796,0.008521287006509825,0.007199919913293161,0.009841552034491437,0.0074785994999928265,0.0159313761351446,0.006976993558244497,0.006155612141093303,0.008503223076674999,0.006087601504044489,0.010714241622635404,0.020468020042178,0.008667631901278562,0.004584242556974739
2024-03-12,0.007304046855129822,0.01141686992498126,0.013375394918663243,0.01413190785891461,0.009811047976592048,0.005403135450581029,0.011511095567620176,0.010658081468980955,0.007155407375963639,0.017631657647529688,0.021489004258429388,0.03892309140773621,0.0066533299554429855,0.4139347650705416,0.007784538361310155,0.009820278350744218,0.006514960620889034,0.023339634788413378,0.008651195904239468,0.006477457330478044,0.025069994619720485,0.04375554978763432,0.008174839791137159,0.005176952280252077,0.008177833154497856,0.022509113644396814,0.01773523220566069,0.005673695116441138,0.010889194809161576,0.009381737248283423,0.015062203744215364,0.006029232568467453,0.006615951080136746,0.01480851283866421,0.010099914431137415,0.007506817702489797,0.010213076615089509,0.008505942035529282,0.007197591260933467,0.009854041036120606,0.007482207037204095,0.016003500691461395,0.006967282258150986,0.006149236872950871,0.008476305097272114,0.006108041724224314,0.010670417091104795,0.02042944308553059,0.008686740606533431,0.004602498472416938
2024-03-13,0.007288575002264379,0.011439005412254576,0.013350401117782242,0.014126225899154696,0.009824044526299928,0.005394657953311837,0.011537758682474393,0.010613920140452838,0.0071492438555303805,0.01767525228951121,0.021499523803297706,0.038950015557598264,0.006627334563364882,0.4142468485740686,0.007761058878342582,0.009815372115120584,0.0064930210989437515,0.023241890151274116,0.008630107919046028,0.006486155025831046,0.024978988128741386,0.043899345245544896,0.008172330219594673,0.005193121254882594,0.008198314178765322,0.022479883008488792,0.01774096630730448,0.005670146101328036,0.010841343530526711,0.009340967533220428,0.015055174355780574,0.006041258810377136,0.006597010509773434,0.014747988913224878,0.01007689717787124,0.007513720731351537,0.01022024817981295,0.00847915994919474,0.007203989596969927,0.009862892291145169,0.007446543959119943,0.01606085339163726,0.006967237656643497,0.006137746361685823,0.008495688635148331,0.00610831150915343,0.010637801396223247,0.020454507769021583,0.00863699822190349,0.004590152509640495
2024-03-14,0.007285304676124242,0.011443480454866796,0.01331524254387355,0.014105219584142775,0.009818741093004098,0.005373949446967938,0.011562368788599977,0.010600014432263574,0.007161494528574069,0.01770579383638566,0.021563401899707204,0.038973649345452256,0.006635491153510143,0.4142509302891798,0.007764384989702544,0.009819990052653984,0.006514438978255634,0.02329069231703692,0.008607222913074981,0.006484887602721547,0.02495430030626654,0.04384195783264508,0.008178593119248156,0.005175519428172545,0.008240647944453333,0.02248030299721643,0.017765466480681672,0.005660161973519599,0.010824001714714574,0.009324792048345925,0.015054124089064248,0.006036515993423497,0.006583151483309815,0.014751396429178188,0.01007470376982735,0.007495799339648122,0.010208110784019985,0.008496564246523128,0.007200415603083779,0.009858730144410521,0.007436560314823493,0.016006297157874716,0.0069625060396721426,0.006157856434145649,0.00848669114365358,0.006127260380712378,0.010661695516268506,0.020489928625994802,0.008612380668490327,0.004576869064514366
2024-03-15,0.007285302427940608,0.011443479134950809,0.013315239699781737,0.014105228420448422,0.009818743663977534,0.005373945926797796,0.011562372758357078,0.010600008419232549,0.007161497432560423,0.017705796357714524,0.021563398920516643,0.038973630875790484,0.006635490709506797,0.4142510227473336,0.007764386737125831,0.009819982101969361,0.006514434562372866,0.023290691957013103,0.008607223940356581,0.006484884535564623,0.024954297892793145,0.043841940281533744,0.00817859216448603,0.005175518304623407,0.008240642795898886,0.022480279415546787,0.017765466921653608,0.0056601644202694005,0.010823999221292143,0.009324785167292283,0.015054128437475871,0.00603651026833269,0.006583151324836412,0.014751386429784918,0.010074698671706071,0.007495794279482649,0.01020810741522107,0.008496565056836637,0.007200420100418677,0.00985872909450883,0.007436558878767154,0.016006303831040077,0.006962506852823024,0.006157861022981184,0.008486695448502904,0.006127262384547652,0.010661688869997204,0.02048992239838912,0.008612390362980256,0.004576870956666595
2024-03-18,0.007270546705501573,0.01143916822968277,0.013313286018910575,0.014151553533864223,0.009825225500135976,0.0053583301497433875,0.011572740335076274,0.010575177089840291,0.00717727000059778,0.017710003823640224,0.021545117107823707,0.038874233918922654,0.0066334850861445105,0.41470172281482803,0.0077735076561450305,0.009788806847326846,0.006495529439389898,0.023281890560825035,0.008614685821036883,0.006470408987415983,0.024950417704441123,0.04374180147088833,0.008175471004688352,0.005169570876576419,0.008210088771340697,0.02236885007393009,0.017766892652664523,0.005673604782544391,0.010814271251367212,0.009295265527761677,0.01507172229050048,0.006010077973509462,0.0065838798058635885,0.014706994485046683,0.010051722011351636,0.007473177976870882,0.010192014478038115,0.008499717161910192,0.007224630919951689,0.009857702939222949,0.007430034143051196,0.016045512017780175,0.006961989781486221,0.006180376369876072,0.008505757687807893,0.006136699125962304,0.010622013913585453,0.02045952790753697,0.00866002276865423,0.004587502498939414
2024-03-19,0.007270461850391313,0.011439162521545209,0.013313340155418463,0.01415176887119579,0.009825214315573054,0.005358277263461424,0.011572738957690324,0.010575103643918142,0.007177349242064202,0.01770999023616957,0.021545056795234694,0.03887372241505674,0.006633475962627725,0.4147034668783182,0.007773545834159564,0.009788716491043627,0.006495471841197439,0.02328183497021702,0.008614724634267166,0.0064703567702204,0.02495045067071361,0.043741412252291424,0.008175468173829187,0.005169540660399462,0.008209939947809669,0.0223683950984818,0.01776689996967648,0.005673671863839783,0.010814234633231161,0.009295156929463923,0.015071772305969615,0.006009972219789844,0.006583890572879694,0.014706832727672073,0.01005161736275873,0.007473099049511012,0.010191948733474503,0.008499734822107538,0.007224746695526985,0.009857721522847116,0.007430009513618944,0.016045711951788007,0.006961974119442024,0.006180467862046535,0.008505828659366721,0.006136736162033347,0.01062181458810886,0.020459396360118235,0.008660223130166528,0.004587551791266996
2024-03-20,0.007270612359286568,0.011439171670306562,0.013313245932567884,0.014151388208571076,0.009825234178937579,0.005358371971176675,0.01157274023759395,0.010575234726558727,0.007177208035042836,0.017710013389268416,0.021545160267763357,0.03887462878316479,0.006633491699329625,0.4147003843506216,0.007773477604121432,0.00978887616931147,0.006495572901418307,0.023281930239690683,0.008614656733155363,0.006470449372273108,0.02495039132955158,0.0437421063920219,0.008175472020817897,0.00516959458199779,0.008210201787042778,0.02236920154281044,0.01776688492461543,0.005673553743484225,0.01081429984415705,0.00929534938705329,0.015071683204914341,0.006010159946589143,0.006583872015249659,0.014707119853208071,0.010051802509897378,0.007473240125597326,0.010192065421591383,0.008499702396291093,0.007224541542681194,0.009857688878579473,0.007430053864080526,0.016045358876369018,0.00696200214268374,0.0061803040267115325,0.008505703876167798,0.006136669560808822,0.010622167208761139,0.020459626761257916,0.008659868569680316,0.004587464835167751
2024-03-21,0.007288378549739248,0.011439254790083855,0.013349860127475044,0.014126111007920845,0.009824118709744086,0.005394444823685773,0.011538120501278759,0.010613252692975087,0.007149304129756728,0.01767592991010948,0.021500169885305998,0.03895026034304765,0.006627078530726679,0.41425110259976056,0.007760704898276719,0.009815303832497612,0.006492831382488861,0.023240819081047068,0.00862966029105722,0.006486260218099804,0.02497762655396206,0.04390074427331785,0.008172252324577392,0.005193201362679935,0.00819885695901565,0.02247960024880064,0.017741093870564266,0.005670058571293995,0.010840575205028919,0.009340327827920575,0.015055198304353605,0.0060413830221281665,0.006596720345454507,0.014747366800571643,0.010076580608870445,0.00751374949909364,0.01022033370749166,0.008478923867943772,0.007204069175828407,0.009862974359841339,0.0074461767564204554,0.016061245374298466,0.0069672203821422455,0.006137653848316103,0.008496005822625094,0.006108369404554172,0.01063752749987958,0.020455024262162124,0.008636266340845668,0.0045899071149403965
2024-03-22,0.007285315792269701,0.01144348693304765,0.013315256734690369,0.01410517607408826,0.009818728486041886,0.005373966835690235,0.011562349301745035,0.010600044128342818,0.007161480212810662,0.01770578136346106,0.021563416566904785,0.038973740735971894,0.006635493330941904,0.414250473249051,0.007764376343768835,0.009820029253860038,0.006514460782323737,0.02329069413036416,0.008607217857702871,0.006484902730821731,0.02495431223672518,0.04384204432699062,0.008178597794870186,0.005175524965710485,0.008240673289024007,0.02248041927516726,0.017765464252806153,0.0056601499301319105,0.010824014056925178,0.009324826016072905,0.015054102558855377,0.006036544217600441,0.006583152264082584,0.014751445836993293,0.010074729050380876,0.007495824276528225,0.01020812742941845,0.008496560282862022,0.007200393452476251,0.00985873533523987,0.007436567416216492,0.016006264278190595,0.006962502047574179,0.0061578337745228995,0.00848666992459791,0.006127250521947871,0.010661728396271093,0.020489959336767883,0.008612332858798885,0.004576859752352225
2024-03-25,0.007272421501946018,0.011422720145211288,0.013340115302453808,0.014167453243699696,0.009829754113549354,0.005373672993098676,0.011552214693063514,0.010586948738462169,0.00716347664086164,0.01769369426927492,0.021481499014534628,0.03886202917250653,0.006625026313851494,0.4148698819598124,0.007769395583120255,0.009776627838713215,0.006471987500718688,0.02322730166245082,0.008631429072587793,0.006474717592717229,0.02494564358123922,0.04377482639375356,0.008161037669726442,0.005180381814108199,0.008174385914503134,0.022350936104960546,0.017744881328526436,0.0056818001914346605,0.010829820728034375,0.009302369855146583,0.01506787261509656,0.006011467004802425,0.00659373573235407,0.014712253828166164,0.010048361194175204,0.007491657221677396,0.010199250325288015,0.008484050084944206,0.007225220140815199,0.009856356083136291,0.007439959564626825,0.01606791198709929,0.006969187128183334,0.006160040476805822,0.008519997677524508,0.006121213470211267,0.010605103928620739,0.02041051710071605,0.008680594623679757,0.004596798878009554
2024-03-26,0.007287324109802477,0.01143807680447455,0.013348880218199846,0.01412944123898374,0.009824902554571874,0.005392852874642396,0.011539353004441236,0.010610643634433066,0.007150131339794206,0.017677311081311063,0.02149785374246446,0.0389436517725608,0.006626815160931798,0.41430160113262704,0.007761377266734594,0.00981189788920072,0.006490778258893477,0.02323982966783836,0.008629931914350778,0.006485221184450628,0.024975139121793107,0.04389109029008268,0.008171329988369204,0.005192400277677609,0.008196878007043119,0.022469395348605686,0.017741134567318084,0.005670870881551093,0.010839782208559617,0.00933743763226446,0.01505649465354178,0.006039067439988433,0.0065964708836929314,0.014744125692896062,0.010074631280568541,0.00751196881779586,0.010218660853053828,0.00847918132478774,0.007205596203217537,0.00986217740787034,0.007445599863541895,0.016062072555379805,0.006967452712263184,0.006139343671005947,0.00849787044750404,0.006109218492592712,0.010634932285418475,0.02045145812467413,0.008639774389910104,0.004590569726324745
2024-03-27,0.007288381409967156,0.011439218822140438,0.013350047524031041,0.014126185077857942,0.009824130991715724,0.005394552632845159,0.011537976223541904,0.010613311293818557,0.007149239966428922,0.01767577040442186,0.021499848336344513,0.03895004258785048,0.006627041982871253,0.41425131570714174,0.007760714943915268,0.00981528726521035,0.006492723867626222,0.023240628431273287,0.008629772181862087,0.006486297862217192,0.024977785630320045,0.04390081592057908,0.008172254793402335,0.005193302026683907,0.00819864006658838,0.0224795118870007,0.017741062599364112,0.005670071128045732,0.01084071960885959,0.009340461163889023,0.015055193030623396,0.0060413906621886535,0.006596786782722363,0.014747371283197747,0.010076605293785202,0.0075138297660518666,0.010220400425944012,0.00847885615476156,0.007204083173988161,0.009862953266263758,0.007446211915039589,0.016061480210423265,0.006967257634854346,0.00613759075608345,0.008496010177486179,0.006108279813455902,0.010637373173950401,0.020454826719431312,0.00863640875303063,0.004589978668904201
2024-03-28,0.0072982632868734045,0.011426736272756427,0.013366557610886991,0.014129390903057893,0.00981763907006959,0.005399712086539547,0.011524201216045641,0.010641431717051897,0.0071518016954357526,0.01764918443025231,0.02148902236051382,0.03893841343588613,0.00664265029128347,0.41405035402475127,0.007776187304435556,0.009818836933943007,0.006506782194279479,0.02330170248764108,0.00864391769906365,0.006480387039933285,0.02503625517020563,0.04381599680956759,0.008174626264396682,0.005183735003139391,0.00818402336403257,0.022497070317451347,0.017736956117702082,0.005673080021476345,0.010870816488568075,0.009365638713259395,0.015058097989852325,0.00603427308192077,0.006608239333385179,0.014781569290147172,0.010090785152773334,0.007508617684124591,0.010214965945234767,0.008494870024564559,0.007199987720192195,0.00985841327341356,0.007466226942412015,0.016028618989249722,0.0069667178198365015,0.006145189763247403,0.008482692227833863,0.006108818489243977,0.010657812445036644,0.020438075046669217,0.008666750893534856,0.004597907556827891
2024-03-29,0.007273910505429661,0.01142426619814079,0.013340265514711602,0.014163773302724999,0.00982982178027309,0.005375216709807537,0.011551020991382438,0.010588214847574957,0.007161896036392682,0.017692073015711084,0.021481506766357874,0.03887045404317652,0.006625241944533716,0.4148304522407864,0.0077687360050036494,0.00977913219681859,0.006473102702180586,0.023228189607295842,0.008631282890836875,0.006475427585133731,0.024947551513193295,0.04378364530002972,0.008161702087980354,0.005181430109208992,0.008176542755277188,0.02236108122885498,0.017743952455489504,0.005680710221937493,0.01083035653753257,0.009305165958436692,0.01506715497458874,0.006013814892281744,0.00659381362451433,0.014714667285310666,0.010050948057862564,0.007493237319106444,0.010200458994429715,0.008483272677151214,0.007223178904387357,0.009856344656759053,0.007440305038642349,0.016067049453788743,0.0069688697516416,0.006158299860396424,0.008517974919347823,0.006120103298144838,0.01060767883402791,0.020413700358295275,0.008676615847750516,0.004596388199359108
2024-04-01,0.007275006489479252,0.011425274932245455,0.013340520124392985,0.01416133092829803,0.009829714386934443,0.005376321987810271,0.01155035269802508,0.010589275037075775,0.007160888710304241,0.01769114249233098,0.021482119365900183,0.03887607258140887,0.006625276646221725,0.41479697696515333,0.007768233084710867,0.009781042122605764,0.0064740164322766094,0.02322902083935523,0.00863118879280529,0.006475954947309318,0.02494915773545087,0.043790438573522855,0.008162325841852535,0.005182249757194157,0.008178068023963276,0.02236861114251019,0.017743602733579417,0.005679898883271534,0.010830979118104678,0.009307381007310486,0.015066700753658327,0.006015557851186,0.006593917366410533,0.014716345558315783,0.01005287513776803,0.007494427861956062,0.0102016282878486,0.008482914216060405,0.007221822954216294,0.00985651421415077,0.007440600240836524,0.016066570745683052,0.006968780809799277,0.006156969986245237,0.00851655430438722,0.00611929432069086,0.010609689925204058,0.02041640368406207,0.008673955506458077,0.004596033893658974
2024-04-02,0.0072891705563115335,0.0114402141957292,0.013353107668447647,0.014126369666629725,0.009821809442661818,0.005394732390173581,0.011541187971742414,0.01061514238063725,0.007147749287658034,0.01767713174249606,0.021504382341195772,0.03895013518504275,0.006625437329227426,0.4142558852197687,0.007757879522585088,0.009814151814747072,0.00648990280612884,0.023233948273728364,0.008631359262648922,0.006485009808435838,0.024979094164802953,0.04389272796363764,0.00817128794572227,0.005192428786885703,0.008202810994044737,0.022482631197645028,0.017733898942428414,0.005671066848660157,0.010842356238054227,0.009340134593603824,0.015052698558979605,0.006042548065517786,0.0065973636011964105,0.014740600829590014,0.010077859362813624,0.007513659068139931,0.010222114660617346,0.008478961691926858,0.007205073012640439,0.009862002127074134,0.007447438021220964,0.01606450636882001,0.006966352088588472,0.006137241551667478,0.008494558761529583,0.006108020181046532,0.010640066706680126,0.02045364509161901,0.008640741268736797,0.004591404440113895
2024-04-03,0.00729614956307164,0.0114496231342849,0.013375767466380053,0.014134179406668624,0.009800524927835017,0.0053920662719039985,0.011573570362864926,0.010620925098229157,0.007143941964565811,0.01769468804819871,0.02154047393775721,0.03892897863670025,0.006616306117783583,0.4143538385760033,0.007734797445691401,0.00979733291215842,0.00646008679195776,0.023192751819144174,0.008641273770962035,0.006474276441882238,0.024989353628521983,0.04377724068962733,0.008166099833729816,0.005184289654970754,0.00823592844941381,0.022503557806880757,0.017681223452320656,0.005680915734993808,0.01085654492317997,0.009331096309549211,0.015033123783122848,0.0060493623648991135,0.00660308658807121,0.014688219089456925,0.010089247124115746,0.007506217908748017,0.01024211857412945,0.00847785083839292,0.007215877266196567,0.009856871201533573,0.0074563621530047116,0.016082964153161215,0.006960957542615934,0.006137093143153748,0.008483268772596161,0.006105606928324015,0.010658586434588953,0.020439832072167926,0.008681335177510572,0.004604215706979417
2024-04-08,0.007298549969523776,0.011452118334270758,0.013379456513766734,0.014125735162047943,0.009798853478527977,0.005396639218716682,0.011571664571603682,0.010625935730056213,0.007142050474965677,0.01769038564404384,0.021545571492610435,0.03894442976398712,0.006616890163881875,0.4142294733615675,0.007733060581271626,0.00980551636964749,0.00646509769532948,0.02319505553458881,0.008640170768033148,0.006476861198169478,0.024996735705427358,0.04379958339033758,0.008167170823570203,0.005186318084573047,0.008239756560945728,0.02252782871196101,0.017682212121475284,0.005679300473010981,0.01085948022176024,0.009337675395567891,0.015029105941155682,0.006055452228978399,0.006603949644634672,0.014696581253275571,0.010094448748989028,0.007510607285055901,0.010246517606239711,0.008477447950782344,0.007212958161433942,0.009859000759371692,0.0074574053470401165,0.016082249818237766,0.0069605442055465944,0.006133305649580944,0.008479766201337365,0.006103359946968677,0.010664265724055868,0.020446540915875607,0.00867400323333605,0.004602911862864558
2024-04-09,0.0072824806385292686,0.01143806469684252,0.013363762511126719,0.014168671430315954,0.009803436182609648,0.005372379512660372,0.011576042820889348,0.010605272787161345,0.007153769398242184,0.017710736312452936,0.021524609996664855,0.03885702325453191,0.0066161240456395175,0.41491849059623065,0.007743998764268261,0.009765324689873404,0.006441180548804227,0.023180425985716,0.00864351660619905,0.006466354583881062,0.024950681025741023,0.043679496752671076,0.008162084023190784,0.005173197982342952,0.008216481306285172,0.022395589110466692,0.017678322492158123,0.00568835824865563,0.010841530532290835,0.0093019348285593,0.015046675442342273,0.006021713652473904,0.00659903928271437,0.014657244603338003,0.010061503467192449,0.007487747850776907,0.010221762746895392,0.008479730059792738,0.007229256757566913,0.00984966257595745,0.007454608323907293,0.01607952576757697,0.006961010205747433,0.006152944124538745,0.008499045546080806,0.006115743618193546,0.010633960786330103,0.020410378891113613,0.008710791761936383,0.004608312870523918
2024-04-10,0.007298550997534326,0.011452114294540924,0.013379461476047615,0.014125727238922076,0.0097988480279798,0.005396641314503576,0.011571662235569775,0.010625929953047215,0.00714204645901173,0.017690390230201077,0.021545569470731916,0.038944402914820736,0.006616890331734726,0.41422956025416247,0.007733062113405047,0.009805521289457022,0.006465089362071847,0.023195023871103383,0.00864015538853009,0.006476861941546724,0.02499674948110533,0.043799587621969206,0.008167172434106612,0.005186316425363771,0.00823975618291522,0.022527811407903088,0.017682201322492135,0.005679305049482023,0.010859465233176472,0.00933767237129483,0.015029117869888885,0.006055450546906216,0.006603951761838733,0.01469658277581836,0.010094449700746215,0.007510611350699223,0.01024652286183056,0.008477452302938749,0.007212958676928205,0.009858997972551905,0.007457404935450482,0.016082235802622535,0.0069605459379201125,0.006133308746891619,0.008479777567579562,0.006103353300656662,0.010664276184685031,0.020446547432883246,0.008674000795613647,0.004602906780819438
2024-04-11,0.007303695760371181,0.011440360820983273,0.013409273555638784,0.014079603451827625,0.009772290916694591,0.00541001967310472,0.011554073150631387,0.010617268719602077,0.007129349681491333,0.017688116164749197,0.021556125021759454,0.03886020741766192,0.00662753658656649,0.41432100209260925,0.007753848094647713,0.009832916447696119,0.006448955214967947,0.02313203817751512,0.008590227653581388,0.006478644118849431,0.02506262843144711,0.043774257814110554,0.008180140374443683,0.00517919688087356,0.008237412578953496,0.022493940230086495,0.017650006708469477,0.005699829710024322,0.010834364499933675,0.009344426930587405,0.015064787061435164,0.006051393291898318,0.006619741534366295,0.014729407948947991,0.010108676364236237,0.00751856804754737,0.010256771826581858,0.008504583108580835,0.007214185769943817,0.009838353480064253,0.0074674919080314345,0.016025978701223752,0.006962353844704161,0.006140793748232355,0.008510911881541525,0.006077898429221143,0.01070794136548517,0.020486096758057744,0.008665431329911634,0.004586876720110055
2024-04-12,0.00730368827878648,0.011440339997581426,0.013409235798455987,0.014079689924864205,0.009772314720617715,0.00540997820212045,0.011554097212424721,0.010617238910531873,0.00712937604526616,0.017688141061843216,0.021556136266276418,0.03886011504307234,0.006627537914278547,0.4143217154081766,0.007753876753325869,0.009832845605592201,0.006448916242411976,0.023132052990873692,0.008590246983106882,0.006478625418036748,0.025062578506723533,0.04377409248428592,0.008180134476742817,0.005179184463289104,0.008237380608064242,0.022493732292349716,0.01764999730775678,0.005699848281982527,0.010834352859334782,0.009344368225615352,0.015064843085513912,0.006051331701975193,0.006619745607076483,0.014729329114236939,0.010108624717752158,0.007518524900778896,0.010256732855216449,0.008504596576274944,0.007214216774317867,0.009838328732661838,0.007467485564394312,0.01602600943413589,0.006962367257963544,0.006140828017538139,0.008510939085841324,0.0060779248728271345,0.010707881501502222,0.020486040514771948,0.008665514996089863,0.0045868964053424836
2024-04-15,0.0073036958129241575,0.011440360935265187,0.013409273808228298,0.014079602930284945,0.009772290765169427,0.005410019933724786,0.011554072997034986,0.010617268909710693,0.00712934953027823,0.01768811602433037,0.02155612497610723,0.038860207932520485,0.006627536591047612,0.4143209975494157,0.0077538479392157,0.009832916884752529,0.006448955447558515,0.023132038074666905,0.008590227531385192,0.006478644240887179,0.025062628775172364,0.04377425878137091,0.0081801404371122,0.005179196953110324,0.008237412780151169,0.022493941439395027,0.017650006769716845,0.005699829613018966,0.01083436456780092,0.009344427287188223,0.015064786734896795,0.006051393667952647,0.006619741532677032,0.014729408439031151,0.010108676681747562,0.0075185683117128055,0.01025677206754974,0.008504583043046505,0.007214185610212611,0.009838353614993857,0.0074674919565470045,0.01602597848817917,0.006962353774843397,0.00614079355793634,0.00851091172876798,0.006077898272006842,0.010707941751682016,0.020486097134413277,0.00866543081927071,0.004586876593987593
2024-04-16,0.007303695810839407,0.011440360942654342,0.013409273816889144,0.014079602906597117,0.009772290764655335,0.005410019929661325,0.011554072993737018,0.010617268896792022,0.007129349524923383,0.01768811602751819,0.021556124969954297,0.03886020793952401,0.006627536589155862,0.4143209976240861,0.007753847938807793,0.009832916881945842,0.006448955442714711,0.023132038089607537,0.008590227516932808,0.006478644233004222,0.025062628768018545,0.043774258809644036,0.00818014043287269,0.00517919695585255,0.008237412773964056,0.022493941453923524,0.01765000676467887,0.005699829612719115,0.01083436457479867,0.009344427284520972,0.015064786737611824,0.00605139367186115,0.006619741521539837,0.014729408448544652,0.010108676678862165,0.007518568309566723,0.010256772058651843,0.00850458303665872,0.007214185604794043,0.0098383536213483,0.007467491950938179,0.01602597848360475,0.0069623537696139794,0.006140793556183526,0.00851091173426505,0.006077898273102223,0.010707941748625566,0.020486097109486606,0.00866543081679727,0.004586876596950187
2024-04-17,0.00729678201087053,0.01145111884395488,0.013384960927134083,0.014135444371597554,0.009814594199303467,0.00539214383182322,0.011552030169924413,0.010637396331042034,0.007117000768803739,0.017668084148286762,0.021561859027621224,0.038935427925046666,0.006624807620643245,0.41423549505175655,0.007734779595147731,0.009819949089621029,0.006471659763391455,0.02320820649365522,0.008625946344940027,0.006481174167521745,0.02501988905233087,0.04382176648825531,0.008150229589674204,0.00519233462984223,0.008262998014554367,0.02254965370295477,0.017670172489091557,0.005660388602346441,0.010867337345002023,0.00934017809447223,0.014998508543921435,0.00605253962992609,0.006622948868411881,0.014683713017709692,0.010089679576522933,0.007492008845266729,0.010241197213654345,0.008470850472833889,0.007217921164673858,0.009885645058675455,0.0074749535311345915,0.016027411676450377,0.006957899327717986,0.006140613835878905,0.008477304564449362,0.006130086572487998,0.010644157712874441,0.020456851762650233,0.008655385351535275,0.004596514582614683
2024-04-18,0.007303724659570692,0.011440326423125192,0.013409292195325228,0.014079674982366201,0.009772360271736912,0.005410033005243622,0.011554049311302121,0.010617311377591358,0.007129250654434973,0.017688112685807944,0.02155613332434733,0.03886026387405589,0.006627548724946064,0.4143205761208485,0.007753834618306382,0.009832951723485063,0.006448993011582531,0.02313206087486256,0.008590236152386363,0.006478665300599582,0.02506258214700066,0.043774445533162676,0.008180085256357968,0.0051791975323545,0.00823747630073277,0.022493968146136335,0.017650025522648088,0.005699782554890991,0.010834402124805582,0.00934442160728273,0.015064735536596794,0.006051397299312728,0.006619800017296616,0.014729378655426801,0.01010868765746267,0.007518516707950274,0.010256763665894795,0.008504543284854357,0.007214231316814838,0.009838461142736545,0.007467527556326006,0.01602584875509383,0.006962360162350294,0.006140800923162303,0.008510940579643043,0.006078010293097073,0.010707899825555825,0.0204860863897528,0.008665371565938888,0.004586852647436584
2024-04-19,0.007303755814167245,0.01144025429273765,0.013409319221674966,0.014079821775015452,0.009772405964455173,0.005410064158886809,0.011554095604539365,0.010617391136810869,0.007129097447355651,0.0176881771974663,0.021556083699612705,0.038860279408987675,0.006627546701133208,0.41431974520461895,0.007753820008635294,0.009833036726241097,0.0064490462895582775,0.023132008774728634,0.008590245357659764,0.006478737595573157,0.025062539540163256,0.04377457964494686,0.008180031681752508,0.005179195300848667,0.008237622564806509,0.022493931571442506,0.017650100021161894,0.005699772869140064,0.010834433406045233,0.009344429736609133,0.015064668874247603,0.006051387265439914,0.006619885822323492,0.014729368615619496,0.01010872879038656,0.007518452579729086,0.010256751013742387,0.008504499069863865,0.00721430056501094,0.009838628856210063,0.007467614911879075,0.01602565762544135,0.006962400386366142,0.006140846078893873,0.008510961847220862,0.006078178429712356,0.010707887271352962,0.020486148571066887,0.00866525239423931,0.004586812314478878
2024-04-22,0.007303732826823304,0.011492303615340437,0.013420490496404034,0.014152805317838886,0.009838335039280117,0.00540020681165949,0.011537046640439556,0.010630733721572905,0.007114407790390885,0.017746345842211405,0.021548341635796463,0.03882569532615517,0.006651100604294246,0.41358956500498495,0.007750167866366931,0.009832386309264423,0.006485600951102105,0.023198900155035743,0.008664316256101588,0.006518737956980124,0.02495982371131422,0.043896155657858114,0.008178418005014183,0.005189253501435049,0.008271206649516721,0.02259318810840702,0.01774340426286735,0.005666615479586046,0.010861745427134757,0.009346085618538872,0.014991548983568042,0.006087560034563124,0.006626437204331828,0.01472770186869798,0.010080848576428963,0.007467989595480838,0.010246447899189456,0.008486373907751109,0.007229158755840445,0.009907602380384321,0.007493287376624099,0.016033898144441724,0.006988934563473974,0.006148656469977012,0.008516490055137433,0.006126306313239761,0.01065248683251265,0.020508566111253488,0.008666742017439237,0.0046058463199496495
2024-04-23,0.0073012476299765565,0.011466094923469741,0.013395462091254202,0.014136435449167364,0.00983498192673298,0.005384297310525568,0.011572843821825158,0.010648237419420736,0.007123329201359369,0.01774664823676976,0.021717335242675842,0.03874824974293851,0.006635591132639455,0.41328789663166665,0.007775078688310801,0.009812925329287722,0.006485919912282016,0.02323326251266966,0.008646539761804494,0.006524353687850089,0.02490818693806902,0.04396118037677159,0.00821380767575975,0.005201427473511818,0.008263613935154079,0.022551032897861353,0.017784875156349505,0.005639808380251347,0.010921681741302423,0.009368611963168046,0.014993263698035653,0.0061004857224901295,0.006657246769846039,0.014756187828138681,0.010038639142089113,0.007458271829621057,0.01032342639743189,0.008527575859198678,0.0072678868165008,0.009872521530030019,0.007488200525778033,0.015979681846012995,0.007018663046540287,0.006141385473344696,0.00852967902368939,0.006080349680704026,0.010651678420960113,0.020524524219812962,0.008695161823663517,0.004604213155286484
2024-04-24,0.00729980543055416,0.011480506284198107,0.013392289227096768,0.014127133093786867,0.009840546402453399,0.00539123571241304,0.011558392364086288,0.010651567947621381,0.007118606567417501,0.01773564053009546,0.021674965522819604,0.038759416099562786,0.006644043271524715,0.4134597361083047,0.007770083650898848,0.009819966145988998,0.006490459000517848,0.02321772524649448,0.008646253348965854,0.0065266312809241726,0.024902382847639484,0.04398788167630668,0.008202399799475275,0.005197310626284501,0.008265521586505592,0.02255329229381193,0.017766931187455565,0.005647259099752364,0.010904870358314368,0.009359091293425905,0.014986711403356313,0.006097684423542268,0.006653682136050796,0.014764863813944436,0.010036695584210083,0.007458433773026701,0.010296299575822903,0.008511403234041391,0.0072570678341925265,0.009871342570419087,0.007488854532870607,0.015977297088473646,0.007008348333161372,0.0061454846742477155,0.008527015309185123,0.006086696919357042,0.010640648993504517,0.020513738598025733,0.008681632100518257,0.004604155097352928
2024-04-25,0.007301879162337333,0.011461047619003953,0.01339800916093171,0.014141238442250566,0.009832897368826757,0.005381744119481744,0.011579142912249183,0.010647691246760968,0.0071260361627132,0.017751891334787172,0.02173232394877534,0.038745976407426,0.006632470392237497,0.4132037468811544,0.0077766464708697155,0.009810934006581886,0.006483526153422191,0.023239476574180254,0.008647687679560994,0.006523492383055183,0.02491150423309537,0.043943666851131026,0.008218347603998326,0.005202780603234374,0.008263165910885087,0.02255259233775389,0.01779155613611344,0.005637756188678288,0.010927662775315528,0.009372434254929465,0.014997037545555513,0.0061015071685651635,0.006658302565418348,0.014752147290701413,0.010041189256618283,0.007459137218847928,0.0103340282570759,0.008534201821026296,0.007271567123108363,0.009874488608290592,0.007487358176562448,0.01598364702413818,0.007022778213196374,0.00614004973996148,0.008530830780861014,0.006079339280107486,0.010657549888659267,0.020530327515751606,0.008700622641927638,0.0046045645618859946
2024-04-26,0.007301950377743023,0.011460928105518495,0.013398365317459264,0.014141429184504534,0.009832877123036137,0.005381642477650644,0.011579182987286735,0.010647495554444851,0.007126064117477691,0.01775175362471593,0.021732313852741488,0.038746333738254354,0.006632469275312728,0.4132025760225118,0.007776637813683886,0.009810819903081936,0.006483423378192604,0.02323978643856327,0.008647723222437809,0.006523305663145034,0.024911936677850795,0.043943253715171146,0.0082183774500206,0.00520282407902561,0.008263090094841665,0.022552755215593964,0.017791526777636926,0.005637556319728576,0.010927692464010322,0.009372506792766197,0.014997062912295743,0.006101600692413661,0.006658233481240414,0.014751853143938405,0.010041347960641907,0.007459101818963222,0.01033418357233122,0.008534367128527077,0.00727160851597065,0.009874681730245648,0.007487216975557749,0.015983728959180855,0.007022778803010588,0.006140003525318299,0.008530932081065692,0.006079337837356361,0.010657573970010999,0.020530438589634065,0.00870079571081734,0.004604554827072178
2024-04-29,0.007293234263933464,0.011462341970295766,0.01336388429011099,0.014158704091593675,0.009824624598275914,0.005393732112479573,0.011583700046002935,0.010663516094269687,0.007126800306315857,0.017800650409387594,0.021718944124192188,0.03868257757359739,0.006620390020402832,0.41297847412871774,0.007771779447133605,0.009832299871825967,0.006481160671650844,0.023228298327657396,0.008660126904420688,0.0065480131056868405,0.02491027789422587,0.04391231374908118,0.008227609833735402,0.005204790283889536,0.008277279655465564,0.02255468653893348,0.01783939409574067,0.005663448738707265,0.010935805688387895,0.009383227085710074,0.015016704079462637,0.006085935874303394,0.006656202137421563,0.014758263130804925,0.010041025635466244,0.007470425372773382,0.010337723465353922,0.008530505998282494,0.007268647750682221,0.009864704744693918,0.007510973613292564,0.01601495831608513,0.007030658043813387,0.006148606049915029,0.008517539193487775,0.006097302959103076,0.010699143294690228,0.020555059630761468,0.008688331672994518,0.004605203114784225
2024-04-30,0.007282209254358786,0.011432542693369635,0.013366024290163309,0.014079579444881835,0.009765085165578889,0.005416547946564263,0.011567728975099183,0.010662613943222977,0.007128876339145507,0.017728828633570677,0.02160905819765905,0.038784973616011374,0.00663862325950193,0.4141831725464576,0.007767997232708376,0.009851176537693344,0.006460530113922296,0.023130425553240158,0.00860330920739655,0.006518623970536867,0.024961295608958156,0.04385206757115317,0.008195133037821857,0.005187849890495286,0.008255169305815446,0.022456159631521526,0.017685033691283904,0.0057054441327400755,0.01084845926537811,0.00934724739013747,0.015070516828559059,0.006044409017210537,0.006640213811201446,0.014772397048984198,0.010067156611629833,0.0075007363938022105,0.01026628995854161,0.008519251084371047,0.007230093109512252,0.009804099401672636,0.007470340166821715,0.01597930918732075,0.006978860751411903,0.006162609330054425,0.008510850723015818,0.006060349986559797,0.01070727355647001,0.020512883967791246,0.008647784593860631,0.004582788024821369
2024-05-02,0.0072834063941267435,0.011430836507762483,0.013366445906753514,0.014081481599379535,0.009764808088850083,0.005415618642875052,0.011571272393701561,0.010662535791540702,0.007128774961162036,0.017731387633574163,0.02161338688501875,0.03878090971430568,0.006637438710316507,0.4141402405642678,0.007767593398142328,0.009849587249385843,0.0064604126481210035,0.023133590735667602,0.008603615873393953,0.006518441677733881,0.024963047425649785,0.04385254716181571,0.008196467556881455,0.0051884143930444335,0.008255700482993823,0.022456149728257515,0.017689686082578298,0.005704513984147568,0.010851549668000155,0.009349213219093726,0.015071548915838262,0.006045381015439495,0.006640617022615305,0.014772134984239222,0.010067452472860646,0.007500403449613273,0.010269777734697418,0.008522296084626612,0.007231554198032846,0.009804305170276771,0.007470766426271998,0.01598085365962626,0.006980364114332497,0.006162253487321007,0.008512041252305997,0.006060662123907011,0.01070936163670207,0.020516409752652957,0.008649838886333748,0.00458290253376482
2024-05-03,0.007285437099977302,0.011454170593753595,0.013336303826068452,0.014133506473456176,0.009804620973179986,0.005407353686532489,0.01157582096500752,0.010680031529695039,0.007148375129265661,0.01773363522613077,0.021622927900068287,0.03884534867750407,0.006629346708017795,0.4139084644365494,0.007748408878003123,0.009823985306847412,0.006478009476183023,0.023187998529468852,0.008640867921702934,0.006522876889663532,0.024908512431183465,0.04388312144885169,0.008179471807526656,0.005196361286368126,0.008254743931512949,0.0224974918929067,0.01771382456708273,0.005696898220037685,0.01087418115747422,0.00935618876085647,0.015038372717825654,0.006047529605975246,0.006626603959249175,0.014755543227404357,0.010058262782440685,0.007499708946655108,0.010269673085073866,0.008503397240232174,0.007231305290686378,0.009827917587368994,0.007469148606065454,0.01603638483822201,0.006979769992851995,0.006147088720329659,0.008477469933532376,0.006081401845934785,0.010678366705715255,0.020476393900226576,0.008666972676449388,0.004600402606884869
2024-05-06,0.007284052790344143,0.011529386838576452,0.013336075657565113,0.014089324810965802,0.009825058654962951,0.005398875936899799,0.011584001813820185,0.01066092456926895,0.007143999049838157,0.01778975700650279,0.021680890682344203,0.03878704700581885,0.0066526395713274265,0.413167699026293,0.007777727987975966,0.009848296144969862,0.006500297449727093,0.023229854022642608,0.008651032643144213,0.006548480181497007,0.02487830650429863,0.04392562187070287,0.008218454685125304,0.005174092860939605,0.008296041057635302,0.022565079275991013,0.017811753017118105,0.0056909897465882535,0.010860387195364012,0.00934790579042844,0.015019502492831535,0.0060858372454195,0.006635430994039419,0.01484949177165883,0.010047985663076426,0.007480646976849078,0.010280046254867508,0.00853487774383775,0.007224482539078353,0.009824799122548666,0.007487280101270407,0.016002634383243376,0.006987250190038817,0.006186874956137795,0.008501667608986848,0.006093801098281795,0.010735573040281473,0.02050476794881825,0.008663131560841811,0.004599864459216451
2024-05-07,0.007262865085795746,0.011459926730393569,0.013316434756467788,0.014186391928266255,0.009793306614264287,0.005366656696184701,0.011594229641433106,0.01060001263090754,0.007147661831263246,0.017739885918172184,0.021557841411312027,0.038857395234005984,0.006610828119738198,0.4145503232710119,0.007748497564411761,0.00979570410735739,0.006464696885220641,0.02319435370452967,0.008623379676204647,0.006481844115666912,0.025018101448397622,0.043594682219345884,0.008188055856993426,0.005156120860954566,0.008268775158901625,0.02240821989899541,0.01774903589725507,0.005701101227156565,0.010821340675836042,0.009311874323434196,0.015027847259083014,0.0060119132214996665,0.006588181730368756,0.014694195617617008,0.010052345075003482,0.007478497101790877,0.010241929277940542,0.008511457848678414,0.007229126787081851,0.009861652704693195,0.007472182777593304,0.016074753320015463,0.0069606433708778725,0.006184857889317731,0.00846525950922217,0.006137843737327421,0.010677150617517742,0.020467401920729242,0.008689018365551499,0.004604198378212989
2024-05-08,0.0072628650470082795,0.011459926759911171,0.013316434734958709,0.014186391979670096,0.009793306639489135,0.005366656680019193,0.011594229644301715,0.010600012631062153,0.007147661859658814,0.017739885864735884,0.021557841376491194,0.03885739529337952,0.006610828096746574,0.4145503237596587,0.00774849751220624,0.00979570406872769,0.006464696915418527,0.023194353796674047,0.00862337973054068,0.0064818441097247706,0.02501810133808791,0.043594682199681406,0.008188055839954987,0.005156120874235307,0.008268775114742078,0.022408219946278146,0.017749035934706635,0.005701101188745382,0.010821340703708823,0.009311874312729571,0.01502784719282229,0.0060119132229871156,0.006588181689048726,0.014694195621252602,0.01005234505408566,0.007478497058369378,0.01024192924708968,0.008511457813131455,0.007229126782137811,0.009861652711725323,0.0074721827394277265,0.01607475338387575,0.006960643351531589,0.006184857844767187,0.00846525944824552,0.00613784376742759,0.01067715055055235,0.02046740183048446,0.008689018343424473,0.004604198394360124
2024-05-09,0.007294823594160502,0.011495155203135918,0.013362497527572324,0.014224220510010516,0.009819964526968846,0.005372666795807429,0.011655452084145966,0.010616606757745263,0.0071462395226796005,0.017842169623688207,0.021673169036224304,0.03875191210117262,0.0066113326439902345,0.4128976632260685,0.007762326756244288,0.009787065173464761,0.006469962997301024,0.02323769301979174,0.0086647502828711,0.006523958966737673,0.024972595806065624,0.04375381484053097,0.008235220417244659,0.005171267315149497,0.008283554023681569,0.02246220575900408,0.01786955560450364,0.005691032377228103,0.010874645168232614,0.009351221642340217,0.015059090091448167,0.006060373501917192,0.00660683453189538,0.014757455578040035,0.010078037099154707,0.007474593381542855,0.01030698994589508,0.008553333661844914,0.007246856595816154,0.009876950837219834,0.007498478790518283,0.016116750757890718,0.0069976461374558,0.006193708404961966,0.008514259456017664,0.006148030630566245,0.010734846828552446,0.020571311270512736,0.00872423087216446,0.004605478322823327
2024-05-10,0.007297179637573271,0.011476482893382458,0.013391278718634493,0.014192531536511357,0.009812525672797869,0.005364098953037679,0.011653382606892512,0.010591035110204426,0.007158648039527217,0.017823970603151818,0.02169057963613732,0.03877012514226022,0.006625013710359875,0.41333829690577323,0.007765712629895999,0.009766663167944596,0.006457289616000839,0.02327929757986538,0.008668573562476599,0.00651046428456237,0.02490493426092248,0.04378418948205571,0.008220749300333657,0.00517066774295989,0.008261675486459202,0.022457445399523327,0.017849636835533297,0.0056697137215503445,0.010866183522535964,0.009327100169400887,0.015034315551734874,0.006070659122734869,0.006612187693949149,0.014710254744340541,0.010070010740588903,0.0074547395751488115,0.010282997764968197,0.008542558670754253,0.00724893967578494,0.009859695272511685,0.007478817650869746,0.01608061022252327,0.006989946419225506,0.006181327666451833,0.008543732600275373,0.006128418725415963,0.010694037743089368,0.020540258393519247,0.00872543701251431,0.004605608825334708
2024-05-13,0.007309173269882896,0.011465337363848119,0.013327005198416878,0.014130348291248457,0.009827426997785656,0.005367531132013749,0.011606051605757273,0.010590611046653367,0.007156821855306027,0.01781525400494695,0.02164247162317208,0.03877271436345986,0.006630048052085199,0.41303152617551286,0.007786014885539222,0.009797657804379085,0.006507890498678336,0.023335683169813905,0.008642124831514768,0.006517902866453594,0.024901971099764404,0.0439323833631931,0.00822768211610182,0.005185246907258793,0.008250661114799482,0.022522617333218548,0.017918673730029578,0.005647068003772296,0.010872136856539831,0.009374752663498203,0.015083507432245702,0.00607894176150195,0.00660214984013733,0.014807294796643378,0.010081640771035369,0.007481820204399603,0.01029272754959563,0.008543067981855218,0.007221526250291583,0.009882637790007006,0.007449688560142376,0.01602655194953985,0.007005916801534976,0.006167787595128209,0.008528323043413366,0.006128716272421759,0.010712498442782535,0.020579496185156396,0.008648256324876962,0.004584662222646491
2024-05-14,0.00728703328561738,0.011442488381584003,0.013315534241134873,0.014110676221495777,0.009819031621995532,0.005373256926118514,0.011569418142092232,0.01060203930278883,0.0071624799453059666,0.017712785644515745,0.021570129219566612,0.038970297075978044,0.006634073012339894,0.4141354703700711,0.00776481533061514,0.009819946384663443,0.006515355207133056,0.023294114644664566,0.008608295532005962,0.0064857999380764945,0.02495862046744345,0.0438434950540058,0.008181507370171837,0.0051761394236229516,0.008243495744697635,0.022481341922164673,0.017772628006829386,0.005660235601334979,0.010829104003823928,0.009329074054984619,0.015058315460182351,0.006037579732019375,0.006584351790687223,0.01475255193107785,0.01007630010954447,0.007497091673675679,0.010213832268710655,0.008501371521645271,0.007202142804726221,0.009860884490588726,0.007437150559584654,0.016009328538523552,0.006965956367986063,0.006158669068477411,0.008487642300252122,0.0061289409810883965,0.010666911219344613,0.02049918128352939,0.00861620257671965,0.004576913244793916
2024-05-15,0.00728141911279334,0.011405344043259713,0.013372996534591036,0.014100459827727424,0.009779720910273569,0.005383040769158808,0.011572036457326117,0.010619936119408402,0.0071593654221285535,0.017725560493563455,0.021653471510258177,0.03877016608634172,0.0065990380180899035,0.4138361007653043,0.007756465579426525,0.009781270891853435,0.006484046605985144,0.0232564285980674,0.008634696141812255,0.006477777402422517,0.02500036193577444,0.04399322625658286,0.008191453030679465,0.005200540408012193,0.008188913337575834,0.02248275616638433,0.017800274125440586,0.0056323726019224165,0.01087915520443566,0.009344466054793991,0.015077967350774213,0.006038713420599633,0.006604183164041171,0.014696672847990885,0.010065786421699896,0.007494301707043412,0.010287990256663193,0.0084950351252535,0.007252100026337251,0.009886715273581322,0.00745818058973225,0.016047938358467986,0.006996467749694818,0.006144993672291662,0.008523533120010817,0.006095154761141493,0.010688407473007493,0.020522860716251052,0.008685115819739452,0.00457502173428487
2024-05-16,0.007253782181835512,0.011389491708541241,0.013361600571096486,0.014104625991734492,0.009779919791812428,0.005416961999544254,0.011554716884675397,0.010622285290664057,0.007147804482836688,0.017734137543201568,0.021527194818039535,0.038851006007054656,0.006614501773557182,0.4142952224795957,0.007772819800654512,0.009815645273795234,0.006501766507123283,0.02319133809981642,0.008639236386000317,0.006504696900734183,0.02499475779779392,0.043929015566481315,0.008168296055294547,0.005187064947704909,0.008203069595406075,0.022418201755544688,0.01776513648755416,0.005671611438380681,0.010836584855733404,0.009329793566045397,0.015042244623836057,0.006026238355934569,0.006585965538559939,0.014737966708262062,0.010068419725037593,0.0075168112840265375,0.01023126137885473,0.00845123197082007,0.0072268242937094445,0.009897139504952811,0.007482044192914191,0.016025995682603544,0.0069814140267662715,0.006165018919377191,0.008493271663053602,0.0061077871997423415,0.010678542196937039,0.020491260970113716,0.00863775833690168,0.004570516869344371
2024-05-17,0.007255636203200308,0.011391578911772005,0.013361089888552856,0.014105606705496038,0.009780076293501439,0.005415134416173255,0.011555787257614457,0.010620051508449566,0.007147666320827946,0.017733593642085314,0.02152467079933018,0.03886192411856769,0.006615202615191141,0.41429407445656347,0.007771014535253233,0.009814108408953137,0.006502171048494022,0.023193614152317302,0.008638089755182989,0.006503153266814525,0.024997087636401648,0.04392144591337969,0.00816885764783196,0.0051850869590914506,0.008205255650835009,0.022420690027699464,0.017763908134962973,0.0056720205458398705,0.010834991164126657,0.009329745043306154,0.015041443384812695,0.00602633878246969,0.00658441122374534,0.014737972179763387,0.01007077389163654,0.0075173732701765235,0.010229297923181835,0.008452575872177135,0.007224995400354443,0.009897441423038236,0.007480641003764674,0.016029200818085905,0.006980600660913931,0.00616472751388634,0.008492838940104662,0.0061095928249295115,0.010677812541242384,0.020490153206456464,0.008636824690898002,0.004571651420546539
2024-05-20,0.007254029518368214,0.011390565342758955,0.013358330703371973,0.014102129361494704,0.009779213339831195,0.005414323306366696,0.011558085765587351,0.010621338751560303,0.007149201747982826,0.0177383930096809,0.021538273434010095,0.038858524895626446,0.006615453132474956,0.4142586853432214,0.00777259151764936,0.009815034996232456,0.00650680810476456,0.023193983063680416,0.00863838638799376,0.006502435866162107,0.025001500100923172,0.0439196467325574,0.008168758565895348,0.005182423349918073,0.008211273468582666,0.022422763382624444,0.017765225572909677,0.005672103073378411,0.010833234478305954,0.009327597736327213,0.01504335931117112,0.006026470664285855,0.006583499803135767,0.014742025840904165,0.010068474912181245,0.007515184976881999,0.010230172325789613,0.008453197417067501,0.007225541448153482,0.009899482798869241,0.007481225398940873,0.0160231661773507,0.006979458257118163,0.006168643966272736,0.008493438987505254,0.00611170978411643,0.010684007543535783,0.02049639081924211,0.00863498372539,0.004569251791846778
2024-05-21,0.007284567578826476,0.011455349385716686,0.013333442418596927,0.014105954928653689,0.00983076856516253,0.005392333543827816,0.011539582962570509,0.01065230956846761,0.007147423608578316,0.01766616856407969,0.021582663527654873,0.03889105193738247,0.006636636562008224,0.4142462805239403,0.007785696180584904,0.0098212806947482,0.006508202430434925,0.02323218077978123,0.008629659463826801,0.006503669365951207,0.024896113916328087,0.043988887250000656,0.008178328666006929,0.0051985420588995445,0.008199497191313382,0.022443630105222916,0.017722229644539043,0.005665030992641384,0.01083789139874132,0.009332984643965234,0.015058372902904862,0.006040581651644646,0.006623570399892855,0.014788446852232707,0.010043513170335618,0.007499039012725652,0.010234760357710232,0.008489462826946128,0.0072188952771061864,0.009842369788279706,0.007432946984661665,0.016014374371386076,0.006980525740296737,0.00613232292208723,0.00850155607380472,0.006082469070978146,0.010620444240426234,0.020458725838225857,0.008645387216126708,0.004583876843776116
2024-05-22,0.007264043790820957,0.011407767668177554,0.013361940529253795,0.014062398829907636,0.009786000907001387,0.00540389796170578,0.011516154391119745,0.010590250430886636,0.007147317724605359,0.017681474426282335,0.021530001352196227,0.03881819736486603,0.006618847375111112,0.41480392206021066,0.0077603030817005245,0.009787137922482479,0.006495213332319144,0.0232281452804558,0.008621241235296834,0.00647889476232687,0.02498526255233305,0.043995396688846,0.008160020203779412,0.0051824726226914015,0.00817362711943839,0.022441329232737558,0.017739651717816312,0.005642415676421778,0.010825953984634332,0.009306075155251347,0.015047214295257719,0.006026609487029618,0.0065722737633553555,0.014713306358606022,0.010059413721890322,0.007495044594590243,0.010211516094028459,0.008437904623210323,0.007219597179182221,0.009876817978652334,0.007462681945975003,0.01603541515442601,0.006965004175645447,0.006149806746008196,0.00850921229753394,0.00610031924062705,0.010650858369394611,0.020453662792338165,0.008628623895970654,0.0045693619056018445
2024-05-23,0.007264038254500776,0.01140777129524415,0.01336187842179238,0.014062348874776545,0.009785989707299396,0.005403869099554391,0.011516169595712257,0.01059021537700345,0.007147341968419909,0.017681481896494752,0.021530095065375423,0.03881821615114269,0.006618868652046299,0.41480422672594963,0.007760292474805295,0.009787128498898928,0.00649524988672078,0.02322825369435769,0.008621217783310842,0.006478876671951766,0.024985211206100314,0.04399536385413341,0.008160016348064776,0.005182440706686786,0.00817367741599031,0.022441347554686717,0.017739644112104956,0.005642402319210331,0.010825913671453915,0.009306041966435074,0.015047210940955047,0.0060266077394712245,0.006572248659379092,0.014713300228548977,0.01005940762898456,0.007495002237477256,0.010211467274814435,0.008437908502461138,0.0072195934887931,0.00987679261742674,0.0074626538900779355,0.01603533838777806,0.006964987737760347,0.006149823997942652,0.008509217152622064,0.006100338359262969,0.010650872828326696,0.020453695416429333,0.008628593689727878,0.0045693499715364645
2024-05-24,0.007274276393596733,0.011405690511974381,0.01337734300725726,0.014048314876353893,0.009781538780200362,0.005413393067947237,0.011504880152225842,0.010594574219635807,0.007139550522827144,0.01768146802839724,0.02153690360019673,0.03882253810391927,0.0066251155755795415,0.4146244652137822,0.007774077089098626,0.009805304076369878,0.006487218319105749,0.023202184728768924,0.008596521073527862,0.006481663268557736,0.025029685823616504,0.044017930319867456,0.008168000929056767,0.005179627761868659,0.008172761611404017,0.02243243241635308,0.017727646701540915,0.00565417884367824,0.010815579922283547,0.009312748222212227,0.015064883238751414,0.006022477104220053,0.00658482025876658,0.014736843407594196,0.01006742774225982,0.007504016377052175,0.01022297330085919,0.008451880925483525,0.007219834727134206,0.00987305359763466,0.007471712163539439,0.01600258271847122,0.006972262430804544,0.006152662650494133,0.00852391286115258,0.006090757302413691,0.010677466733528984,0.020482903784613826,0.008626835184087845,0.0045630803299342056
2024-05-27,0.007283285424397405,0.011404056522567072,0.013389792315282851,0.014035448620115635,0.00977467573642957,0.0054209458327834584,0.011494040491964095,0.010595748413144594,0.0071361229608901565,0.017678465955677482,0.021549468238662516,0.03881627186319767,0.006632137507765555,0.4144971676347945,0.007783744815788039,0.009820343335424949,0.006481927956295253,0.02318648611697172,0.00857579136294014,0.006484708404937985,0.02506228541520689,0.044014126968577226,0.008174780097268295,0.005177883492549594,0.008174633550971543,0.022425354707506836,0.017717971744789,0.005664651727151206,0.010811190145719815,0.009321216368909762,0.015082155245715262,0.006019831044247448,0.006595837880870911,0.01475793037433824,0.01007535248094651,0.007507574013064766,0.010229691671430247,0.008466293298546097,0.007220543755236259,0.009866845986208638,0.0074810704367158955,0.01598176811947713,0.00697632118939587,0.00615446913780914,0.00853586819668545,0.006081946854762278,0.010695275128837403,0.020506309340532138,0.008621968420458107,0.004558223696041265
2024-05-28,0.007268979857160392,0.011419388153133215,0.0133967195220116,0.014077174991907433,0.009782750115167478,0.005436090186532626,0.011535834964081431,0.010613197780368825,0.007123852077310876,0.017818879725343763,0.021548147826058732,0.03867378504862074,0.006631691018276476,0.41389276088005766,0.00780319034117184,0.009839764624249193,0.006497138600421542,0.023154786017383966,0.008613483254401076,0.006541780503163769,0.025001346578390315,0.04399699706635365,0.00819662194631224,0.005188603420524164,0.008206367035839436,0.022443938925896873,0.01778207440234342,0.0056818413473320945,0.01080596337023979,0.009338471880272486,0.01508092450546403,0.006052266468567894,0.0066133885828684215,0.014810789299066538,0.010075950301241577,0.00748522593395334,0.010250992987354338,0.00847457839684073,0.0072222807560248705,0.0098852870794749,0.007509385363235155,0.01595759919031154,0.006994373775981182,0.00618806016366815,0.008543168432547666,0.006092056291082637,0.01074228932298455,0.02052884091245977,0.00861119723917288,0.004569723537372603
2024-05-29,0.007269067995768768,0.011420209710834956,0.013397135898198487,0.014077577517729757,0.0097834902895351,0.005436247816988982,0.011535754047666451,0.0106133366743238,0.007123683529636683,0.01782118929191937,0.02154896747761661,0.0386700215142689,0.006631984707443939,0.41387772343094675,0.007803520970649286,0.009839577079104676,0.006497568366910202,0.023155532398107047,0.008614414377169931,0.006542613672363528,0.024999743029859342,0.04399854483140717,0.008197191042070336,0.005188872350783941,0.008206401895524807,0.02244623256188063,0.01778347527947537,0.005681675154940668,0.010805628001776106,0.009338759458508716,0.015080855043230933,0.006053223981367257,0.006613720939205822,0.014812470352460399,0.010075879033787191,0.007484333463425653,0.010251528456855615,0.008474715609186301,0.007222171864334231,0.009885547607614014,0.007509872502286393,0.015957259439300576,0.006994490373773132,0.00618853017723976,0.00854377957602295,0.006092132393166984,0.01074297558977914,0.020529208485074838,0.008611097917458373,0.004570066821020182
2024-05-30,0.007269101934336763,0.011420481558972044,0.01339727925638489,0.01407770166652937,0.009783725251067313,0.005436294520844739,0.011535723903397953,0.01061338082014282,0.00712363082036825,0.01782191519161668,0.021549240401909364,0.038668818501124254,0.006632080815881988,0.4138729215479151,0.007803622001298344,0.009839510102655822,0.006497701619722409,0.02315577260807984,0.008614713854864908,0.006542871826639049,0.024999227650838937,0.04399905512646732,0.008197371453743949,0.005188956283453993,0.00820641161572116,0.022446988261835762,0.017783918540919257,0.005681619262366568,0.010805513078779362,0.009338842898964098,0.01508082723646116,0.006053533903671819,0.006613827205017757,0.014813005811103659,0.010075855148840277,0.007484042063590784,0.010251701527240266,0.008474758213533889,0.007222137037538286,0.009885630966519872,0.007510028416227415,0.01595715793186504,0.006994524202913442,0.00618867538319048,0.008543980677487985,0.0060921534948877205,0.01074319396680335,0.020529326130075517,0.008611070487559441,0.004570177818629489
2024-05-31,0.007269085724317434,0.011420348137884957,0.013397214438352662,0.014077642281764224,0.00978360252097902,0.00543627235058598,0.01153574795339703,0.010613361037010596,0.007123659000458789,0.01782154955185717,0.02154911263242368,0.03866943060568989,0.006632029609321716,0.41387526414691966,0.007803567545161536,0.00983954687289484,0.006497628139965343,0.023155642192516316,0.008614565991333955,0.006542740180812655,0.024999491367035415,0.04399879293655575,0.008197280261871021,0.0051889141340687615,0.008206416675760763,0.022446627365940337,0.017783681061239103,0.005681650368407562,0.010805574551994586,0.009338798416394761,0.015080840376578888,0.0060533813106408785,0.006613776702994014,0.014812727783231717,0.010075869572466908,0.00748418855516937,0.01025161621526515,0.00847473520675629,0.007222157431655704,0.009885583586039224,0.007509954027857378,0.015957213224243677,0.0069945048782960005,0.006188603210078634,0.008543879252127552,0.006092142797388908,0.010743093268783857,0.020529280273420956,0.008611090895190805,0.004570123378898469
2024-06-03,0.007261158628910885,0.011437257415212893,0.013377258186036014,0.014095275667355136,0.009802729423768563,0.005420579123806127,0.011534516194477347,0.010616500535844618,0.007138479015828436,0.017805376619544393,0.02153591154886237,0.038727749763876856,0.006628608581713322,0.4138894509687153,0.007795286458942829,0.009810259379766284,0.006507888322855696,0.023210530268313614,0.008661501928829297,0.006532085186999244,0.0249189387746585,0.04405424853605048,0.0081808205155368,0.005192582325752653,0.008196550053831273,0.022474248176752008,0.017803505358586304,0.005665796062155164,0.01082081946422467,0.009329682021076702,0.015045313192815456,0.0060616205315917986,0.006597566810078205,0.01479073841129211,0.010065486546516388,0.007483397263801616,0.010238511097985478,0.008448519656138707,0.007222581776296687,0.009904631750260653,0.007495716954075987,0.016024631076686707,0.006990814921215415,0.006169659139764936,0.008521157104747153,0.00610596864155988,0.01069975346839555,0.020493800985011367,0.008631825222998005,0.0045827109404840876
2024-06-04,0.007261757309374236,0.011438794333369104,0.013377384691404082,0.014092610563590917,0.009802557066503455,0.005419475999390659,0.011532321676247397,0.010614725842022516,0.007137977258945435,0.017802848118846935,0.021535817904664106,0.038725335104851884,0.006629069063772957,0.41392814708466025,0.007794587220078535,0.009808185331774497,0.0065074265593530285,0.023211325272875817,0.008660296165687066,0.006530652420718638,0.024917378811976563,0.04405905227831013,0.008180044132761638,0.005191935340272359,0.008194503160643567,0.022473792017302895,0.01780358171433395,0.005664322679446477,0.010818735209672465,0.00932725947205935,0.015044444178011814,0.006061701523104542,0.006596630872362446,0.014789293786707219,0.01006465122669452,0.007481678021813886,0.010237580485275614,0.00844799194639564,0.007221963787578597,0.009904462580653813,0.007494424429684591,0.016025101133928795,0.006989972728161184,0.006168443392539422,0.008522490654808205,0.006105234545395342,0.01069752078217485,0.02049071121704834,0.008631121159189252,0.004582681743560934
2024-06-05,0.007259204567825012,0.011432992340736638,0.013377022109572947,0.01410462840705392,0.009804865627825222,0.005425306384128163,0.011540571141960089,0.010622230852063092,0.00714014087944271,0.01781749998280315,0.02153809561060283,0.03873036896363547,0.006627791332293008,0.4137240445044326,0.00779878816219559,0.00981746325859107,0.006509915773336185,0.02321013364951179,0.008666831215348295,0.006538831101872277,0.02492144264033114,0.044041037337062064,0.008184244443647007,0.005195524290076372,0.008203512248895801,0.022479820720714288,0.01780661215762331,0.005670550146597806,0.010828303613887556,0.00933903150814044,0.01504873232098526,0.0060632178175521485,0.0066011218777065755,0.014799799817527525,0.010068703103828314,0.0074879888580037975,0.010242440646364858,0.008450550698815189,0.007224486680458634,0.009904870407813132,0.007501082812033897,0.016022260802913777,0.006994492025748524,0.006174483364112926,0.008517452838126114,0.006108832480285804,0.010707942852631422,0.020506735809652413,0.008634447834003701,0.004583551979230127
2024-06-06,0.007259204527490092,0.01143299226123885,0.013377022109995028,0.014104628558562484,0.009804865658953379,0.00542530646514271,0.011540571249804168,0.01062223094637912,0.007140140906267097,0.017817500165897573,0.02153809565140024,0.03873036905503368,0.006627791313984296,0.41372404177214905,0.007798788215099772,0.009817463367476636,0.0065099158129499944,0.023210133682668305,0.008666831312481143,0.006538831211694294,0.024921442693339752,0.04404103709235319,0.008184244493449356,0.005195524344070941,0.008203512362323865,0.022479820847039367,0.017806612207936254,0.00567055021807173,0.01082830376045655,0.009339031664992828,0.01504873237752098,0.006063217843154111,0.006601121927097049,0.014799799955828375,0.01006870315103206,0.0074879889454117264,0.010242440689613606,0.008450550722692391,0.007224486704235731,0.00990487039659487,0.007501082896101709,0.01602226078103648,0.006994492084596373,0.006174483433312976,0.008517452759069899,0.006108832543060783,0.010707942972639873,0.02050673600128331,0.00863444789056633,0.004583551996449811
2024-06-07,0.0072536608075262216,0.01139149370695868,0.013362887455595596,0.014105453113683908,0.009780528256453792,0.005417678064493583,0.011554076412792358,0.01062020511724339,0.007147293069951093,0.017741627395687083,0.021523827418738848,0.03884726383109449,0.006614965873626634,0.4142672554011177,0.007773816298065151,0.009815293483373724,0.0065018818326842785,0.023191829795498404,0.008640772877424294,0.006506895988174652,0.02499083657334839,0.04393138998002919,0.008169224770775897,0.005187005205313562,0.008203246690662302,0.022422749829989038,0.01776625318940368,0.0056718442696954115,0.010835966604589764,0.009330814388629361,0.015042020932562898,0.00602847362473572,0.006585732234615845,0.014740314150003443,0.010069989242578464,0.007515962003960248,0.010231092117985596,0.008450506012275654,0.00722586439505206,0.009899026127595304,0.007483826224151758,0.01602715617831117,0.006981884196253057,0.0061656040034522444,0.008494348084401795,0.006108746532929726,0.010680875154463225,0.020491524166628146,0.008637212052773392,0.004571804862649779
2024-06-11,0.007259254499251588,0.01143310471350494,0.013376970900458704,0.014104554373746593,0.009804869533210558,0.005425238862947371,0.011540696728208124,0.010622262316490593,0.007140155678916898,0.017817657684022183,0.021538451008519633,0.038730574892572214,0.006627835056490381,0.4137213729366128,0.007798803756696237,0.009817447572788613,0.0065100569164201726,0.02321019716442208,0.008666848424518234,0.006538805890663721,0.02492169458643932,0.044041022470995714,0.008184310494283982,0.0051954027421978,0.008203766000143749,0.02248001244384198,0.017806687672623354,0.005670569634238733,0.010828261733028989,0.009339014004639282,0.015048794023949432,0.0060632604740449795,0.006601103087419448,0.01480000369671052,0.01006865759687286,0.007487943679215204,0.010242455837813056,0.008450639369217418,0.007224488113983054,0.009904904666375246,0.007501071986005631,0.0160222007208896,0.0069944412486806495,0.0061746182826441275,0.008517503206119468,0.006108963284565409,0.01070815711058075,0.020506968172590494,0.008634405271147734,0.004583519478280321
2024-06-12,0.007271081124176546,0.011426433267120728,0.01339440568801262,0.014074171159374,0.009785682764143662,0.005433901103442448,0.011540208862313075,0.010614825362777431,0.007124432908136174,0.017828787612660473,0.02156462044293313,0.03868085960684291,0.006634245548023782,0.41373361399513914,0.007805551633584072,0.009839902397572708,0.006503107142075199,0.023158809887392513,0.00861525029886068,0.006543338180912456,0.025007953814112718,0.044003227123716945,0.008200220968654547,0.005184680658445024,0.00821691837178381,0.022455056296205592,0.017788244770729787,0.005683427436738851,0.010804228273424114,0.009339501130038086,0.01508308260867937,0.006055383579782347,0.006614262836997773,0.014821387254383664,0.010074276492846337,0.0074837886996053605,0.010253260852367312,0.008478898770429379,0.007222180922636993,0.009888372637233694,0.007510557960034049,0.01595635252443356,0.006993032245912105,0.006194315869847181,0.00854565479442326,0.006096873828853241,0.010751015982110226,0.020540755088851535,0.00861050497735846,0.00456935424387094
2024-06-13,0.0072769910804459685,0.01145754332172929,0.013376369431397054,0.014052444978927993,0.009794483728297408,0.005422917346117423,0.011557915580723496,0.010615486824691876,0.007128960809536163,0.01785340704907097,0.021636818608000728,0.0387427759192415,0.006646434760478215,0.41314268857571673,0.00781798298684365,0.009846287917726775,0.006527504223332034,0.023193293098157326,0.008614625184937441,0.006548764366774334,0.025047002226486117,0.04399177478080257,0.008215203446206751,0.005170028194208325,0.008263498605813612,0.02248298436321905,0.01781134736366874,0.005687079386847823,0.010798454112177697,0.009349308630317547,0.015092254126425666,0.006062250987099697,0.006611724933756112,0.01485890589552116,0.010069853033923147,0.00748494104645316,0.010263250448457778,0.00849822140109433,0.007217543671923501,0.00989819869186963,0.007507768909677265,0.01594655959939002,0.006988590958866155,0.006222806294109697,0.008540850764945143,0.006117683822552844,0.010780166339554833,0.020590469524622946,0.008612789716509018,0.004564792931353401
2024-06-14,0.0072769902589842565,0.011457537642703236,0.013376366663179217,0.01405244451813331,0.009794480223609936,0.005422916439761732,0.011557916525717296,0.010615486916545408,0.0071289617708551675,0.017853395123836997,0.02163681431165409,0.03874278920792255,0.006646432660782526,0.4131427753087854,0.007817980948443472,0.009846288133598098,0.0065275025578765316,0.02319328906515853,0.008614621215889427,0.006548760251716411,0.025047008986391596,0.04399176399698506,0.008215200858567515,0.005170026440554726,0.008263498631139997,0.02248297347060882,0.017811341338716598,0.005687079624082849,0.010798455387293661,0.00934930767940933,0.01509225382831512,0.006062246565172044,0.006611723510051595,0.014858896641636381,0.010069852539601989,0.007484944673346753,0.010263247860912697,0.008498220679211813,0.007217544184740088,0.009898197458130925,0.007507766488929783,0.015946560375982008,0.006988590645090572,0.0062228045136978076,0.008540848559944317,0.006117682999491585,0.010780161658903583,0.02059046971237605,0.008612789303239228,0.004564791642322162
2024-06-17,0.0072769818680441046,0.01145747005375504,0.013376351550622442,0.014052453638596236,0.009794445089985053,0.005422913613464884,0.011557918300626515,0.010615490682201122,0.007128967134737504,0.017853278656689113,0.021636739811876103,0.03874287881381798,0.006646407058428492,0.4131438053913757,0.00781795508262804,0.009846285429718854,0.006527476678064945,0.023193227382843424,0.00861458727782736,0.0065487193512287515,0.025047053447766025,0.04399168356744819,0.008215169710561883,0.005170015185066731,0.008263478455305272,0.022482864544424545,0.017811275316372558,0.005687082147289973,0.010798470712838537,0.009349292571441766,0.015092248218534372,0.006062203980450946,0.00661171358941673,0.014858796685511343,0.010069848763820501,0.007484977003680026,0.01026321941890574,0.00849820539727676,0.007217552646835078,0.009898182602812378,0.007507748275379336,0.015946574988136352,0.006988589350789302,0.006222774204445208,0.00854083580836627,0.006117666876287375,0.010780108597553026,0.020590449738103117,0.008612782882329638,0.004564782446319338
2024-06-18,0.007276983856728962,0.011457544496766276,0.013376358457629745,0.01405247311832802,0.009794500953676339,0.005422910959117803,0.011557926744424482,0.010615494705360004,0.0071289659691084846,0.017853422007285118,0.021636803094231712,0.038742822000282735,0.006646427228016101,0.4131425782887436,0.00781797555647324,0.009846275199933302,0.006527513617960953,0.02319332813665073,0.008614666127327633,0.006548756170429313,0.02504695547064359,0.043991837675466355,0.008215192819874326,0.005170031488214802,0.008263494785670211,0.022483001661245176,0.017811367487021362,0.005687064644671189,0.01079846573908641,0.009349301360820749,0.015092223936354036,0.006062255905358799,0.0066117115385340005,0.014858893508306256,0.010069847614388276,0.007484940754500921,0.010263245426653148,0.008498197349640284,0.007217546774859024,0.009898209476208914,0.007507756452243858,0.015946594880666576,0.006988596836934393,0.006222797293035216,0.008540837283380863,0.006117700885950282,0.010780147385594603,0.0205904486054853,0.00861280688302677,0.004564801387689739
2024-06-19,0.007276977796027776,0.011457455682181735,0.013376318614513098,0.014052430803264198,0.009794426649495301,0.005422899499461514,0.011557934491651416,0.010615486620462966,0.007128978336428233,0.01785321101188572,0.02163676371396103,0.03874301400151208,0.006646402398394348,0.4131440282833479,0.00781795228333057,0.009846293514612203,0.006527481290107399,0.023193237106489597,0.008614557606253011,0.00654869695378025,0.02504712334188334,0.043991586023510505,0.008215163510681403,0.005169996609790427,0.008263508578601433,0.022482806463638733,0.017811252278264526,0.005687083257760549,0.010798473761685246,0.009349295920764264,0.015092249991820293,0.006062178114872791,0.006611699637214035,0.014858758168788115,0.01006984426375699,0.007485002035703198,0.01026320944151211,0.008498213319060118,0.007217550369202942,0.009898179824947848,0.007507726529246353,0.01594656916877567,0.006988585012207947,0.006222783252019241,0.008540810284421323,0.006117674033294824,0.01078009326846779,0.02059048277247851,0.008612783934908972,0.004564770173560113
2024-06-20,0.007269544166289485,0.011401590444483653,0.013366339736192069,0.014060838194840988,0.009766140854700546,0.005418712679768549,0.011561794122089391,0.010615846980527375,0.00714144704577907,0.01775099213297074,0.021603335457626046,0.03885315436531473,0.006629876427032503,0.41386006864747815,0.007798131801515321,0.009843324417335403,0.00651030835012162,0.023161851316325914,0.008586802362304786,0.006510267934490773,0.02510715443091382,0.043884356949934325,0.00818860731905198,0.005162126007325236,0.008250046709969126,0.02240178009206795,0.017768407816772473,0.005692681925118454,0.0108038396063778,0.009335012077242714,0.015091494971556093,0.00602510210404092,0.006597810777786298,0.014789989115223856,0.010074821319595756,0.0075138740352443875,0.010244184776839317,0.008486698001520961,0.007221864277432368,0.00989056402743511,0.007491458137382312,0.015958617660286903,0.006987053285591522,0.006203392560569247,0.008519282114962941,0.006109828790628425,0.01073912127380709,0.020578338214697754,0.008617322298294136,0.00455480188514395
2024-06-21,0.007269339588011753,0.011405497809140158,0.013361938087617419,0.014062289955355762,0.00976857839472807,0.005415241646272181,0.011566178675352581,0.010614959775824002,0.007143752521669529,0.017752668456064515,0.02161295720843856,0.038856762141776455,0.006631650190645743,0.4137989504350615,0.007799905582417483,0.009843801642539996,0.006513116459968446,0.023172341360470097,0.008587493999995106,0.006509721856286851,0.025112962142541592,0.04387219081734434,0.008191506278075725,0.005160096816002223,0.008254848310602182,0.022397870685500684,0.01777531696551643,0.005693696777392927,0.010802829719713535,0.009335117900212148,0.015094462108765352,0.006024128914411555,0.006597483615041187,0.01479114098378701,0.01007252601982502,0.007512166654807387,0.010243946583346677,0.008490672141667079,0.007222186582417524,0.009891124636893308,0.007489852791471121,0.01595919743958365,0.006987132781353734,0.006209706366940495,0.008518528530348918,0.0061129206717864685,0.01073937621240827,0.020584478162963594,0.008620212511164765,0.004555174090478917
2024-06-24,0.007294211671259042,0.011497105602869807,0.01335573302845002,0.01408292466711428,0.009806162281741804,0.005406829789167607,0.011575289009953537,0.01061285949625278,0.007117322786613855,0.01783040291588483,0.021577088582034675,0.03879019786797069,0.006653691357423905,0.41322127435374145,0.007806925551299412,0.009850886607435716,0.006517049446236341,0.02318160474206048,0.008607393822879022,0.006549364451467429,0.02499768039034211,0.04387122306058833,0.008232744177371881,0.005165769004837586,0.008274923240012628,0.022472794594643006,0.017833773930785432,0.005706656239326342,0.010811597780972402,0.009361711763614534,0.015094300389319637,0.006066343050229956,0.00661421343086529,0.01488048969720788,0.010087672421850298,0.007506583863156263,0.010261945566192776,0.008541817620366985,0.007207369367111658,0.009876521584658089,0.007491265118718948,0.015973143465868037,0.006997050061162406,0.006206094480001432,0.00852454975110304,0.006123043359064995,0.010748763138616455,0.02056241328175323,0.00860509820967149,0.004568129928730077
2024-06-25,0.007293021830167446,0.011504431592628603,0.01333793857191549,0.014120526456165785,0.009828837371524896,0.005400030415929868,0.011578257533704443,0.010631032702497552,0.007131599325717229,0.017826836302736213,0.02158214112590278,0.03886892130258795,0.006645712352605078,0.4129905159125099,0.007799052723381531,0.009836445299666461,0.006527646411856273,0.023229748091878315,0.008648078640181975,0.006547443923805529,0.024939330954382166,0.04390378430251346,0.008224211563477574,0.005172037655044929,0.008275132928933915,0.022507839503741824,0.01786140474009791,0.005692088028371989,0.010837303316141892,0.00936586003365133,0.015065870180371784,0.006070874378753584,0.006604958854952253,0.014867937533398672,0.010084296863270005,0.007505438168615147,0.01025362182485774,0.008528369377679207,0.007206966652534202,0.009885587750359923,0.0074825635338143775,0.016031036716700513,0.007001203308556226,0.006189998018513406,0.00849908523518807,0.006140217629302633,0.01072253158444733,0.020546922948035878,0.00862251411159321,0.004582794415335448
2024-06-26,0.007292087222414061,0.011504967087677271,0.013334031556696655,0.014127598618860619,0.009831536513167635,0.005398340398701572,0.011577796879837366,0.010634378818281874,0.007135507015391233,0.01782300051936863,0.021583845248324823,0.03887874776898819,0.0066443686433157925,0.4129826255055063,0.007796596930999535,0.009831756253854317,0.006529717987663164,0.02323991986309537,0.008655691378560523,0.006546645511408232,0.024926842213436686,0.04390094450367139,0.008222286827080181,0.005173612302098802,0.00827493622349612,0.0225158323750693,0.01786559197824325,0.005688434819121722,0.010843461145562635,0.00936641269997207,0.015060303748898336,0.006071568562193313,0.006602541455866184,0.014864807546426528,0.010083669112458518,0.007503537608165641,0.010250579867444872,0.008525745838295516,0.007206616969528447,0.009886614376358452,0.00748089747047746,0.01604452783298837,0.007000374509971555,0.006186079436759009,0.008492859214091519,0.006143671579911407,0.010715552820001846,0.020542105653489517,0.008624757099225576,0.004585674487582603
2024-06-27,0.0072920619123275935,0.011504917233218077,0.013334063386609203,0.014127531472395627,0.00983149837158741,0.005398361357639039,0.011577794412180247,0.010634363579900207,0.007135513701695082,0.017823031097105067,0.021583885595049524,0.038878604460674766,0.006644372084775257,0.4129828038330287,0.007796604341154639,0.009831731026674784,0.006529731034415664,0.02323992720352237,0.008655708372848452,0.006546638506803666,0.024926919499447107,0.04390113450701177,0.008222267642099226,0.005173606304019095,0.0082749183837795,0.02251579259901556,0.01786553895343758,0.005688408827780668,0.010843435496215024,0.009366384904962983,0.01506030741173061,0.00607156925853247,0.006602527944138559,0.01486478090236358,0.010083653825049697,0.00750351099636619,0.010250571696953892,0.008525675973747855,0.007206635957889384,0.009886643317315834,0.00748090665591661,0.01604448575677402,0.0070003642784069835,0.0061861099866255395,0.008492896232214022,0.0061436637133583764,0.01071559003558548,0.020542122797955597,0.008624770584851118,0.004585662572850288
2024-06-28,0.0072669576195321444,0.011457313522971095,0.013362746041869752,0.014082347405974865,0.009804336281818003,0.0054129828107768235,0.011564553090281792,0.010622908122312988,0.007143349172053335,0.017845386532790757,0.021620345696550743,0.03876712778392487,0.006638388719669923,0.41321550144011404,0.007804762202113211,0.009818040568733193,0.006538938885586192,0.023243494898838094,0.008666329514582549,0.006538466515145219,0.02497491682242608,0.044003951975366544,0.008203656885526302,0.005176060272708952,0.008255574042937443,0.022509833412628154,0.01783054807891262,0.0056673711806445705,0.010823927652325252,0.009344655728020628,0.015059629682059743,0.006069509114731683,0.006592613741293542,0.01484164079990461,0.010064871165874508,0.007476745333475804,0.010245756057965613,0.00847199484836397,0.007221303984726044,0.009905372901405148,0.007491921391741106,0.016002555230909786,0.0069875323935661825,0.006207555626635498,0.008515860530646261,0.006137117178149125,0.010745108664827096,0.020556187337614155,0.008626211548078034,0.004575739590896113
2024-07-01,0.0072669393514926415,0.011456987628134309,0.013362238826679052,0.014082263780653366,0.00980428043697463,0.005413003628694782,0.01156467472855492,0.010622763312009906,0.007143295835533312,0.017845525462838522,0.02162052957025398,0.03876735167960847,0.006638559709340868,0.4132177032504236,0.007804892902776092,0.009817823501824419,0.006538827714716861,0.023243314936062843,0.008666353944134682,0.006538382775607682,0.024975145647114325,0.04400409548473813,0.008203771633510505,0.00517602220602102,0.008255741504481374,0.022509679994412998,0.01783047718427127,0.005667407627822889,0.01082378021767123,0.009344821974440403,0.015059769245982301,0.006069473719341898,0.006592546496593266,0.014841349030424245,0.010064752025446788,0.007476772775886845,0.010245641913769364,0.008472124173185136,0.007221205785141042,0.009905146867418233,0.007491611354244369,0.016002234655542423,0.006987461756809252,0.006207438558901877,0.008515690473744035,0.006137018428595532,0.010745263084166018,0.020556021906778445,0.008626142445917173,0.004575678851312459
2024-07-02,0.0072666597586450435,0.011456027454839564,0.013361525640559169,0.014082209869430186,0.009803724247959111,0.00541267815822732,0.011564981651245738,0.010622556648421383,0.007143446151027804,0.017843722404696862,0.021620117424435887,0.03876953769961502,0.006638200992209332,0.4132363910674134,0.007804288280477023,0.009817857283949068,0.00653876902724828,0.023243033702427186,0.00866564936260441,0.006537588991886854,0.024976208755620198,0.044001329629556565,0.008203293619889902,0.005175722038723044,0.008255766261392114,0.022507881990391727,0.017829111488495968,0.005667375132134751,0.01082386279565847,0.009344519708517107,0.015059572152196395,0.006068589594614398,0.006592153680888944,0.014839559722798558,0.010064564250811306,0.007477312736541671,0.01024523386675715,0.008472072942768458,0.007221145556406964,0.009904979629705692,0.007491115060328107,0.01600218618102021,0.006987114494107049,0.006207130789797966,0.00851521749370847,0.006136880876311889,0.010744427700517102,0.02055532140778778,0.008626010337438896,0.004575374287794383
2024-07-03,0.0072619786196522085,0.011438506993336182,0.013350258207998638,0.014081951019662482,0.009794225192894494,0.005407736083864735,0.011569627794977876,0.01061969737490356,0.007146774496890781,0.01781220687273166,0.02161400533153372,0.038807440128309105,0.006632463467563869,0.4135441787264886,0.007793947395572913,0.009818412262087343,0.0065376924473103636,0.02323843176994888,0.00865384067292953,0.006523657163899117,0.024995419391231778,0.043952110065125616,0.008194714056853746,0.0051709930267530265,0.008256102045106187,0.022478560812684404,0.017808268136759512,0.0056671847471002675,0.010824713876128282,0.009338635314092495,0.015056312039296617,0.006053676287680378,0.006585187425670941,0.014810881110142227,0.010062835071583778,0.007486625432098606,0.010238681244086126,0.008471399786799139,0.007220010393989018,0.009902882352360852,0.007483232012368818,0.016001244334336723,0.006981681160751245,0.006201895052593037,0.008506152260242504,0.006134717292896893,0.010730184661394013,0.02054442744220081,0.008624077244691771,0.00457016390042518
2024-07-04,0.007263415602137207,0.011390865132322275,0.013339627926588377,0.014052763944656542,0.00981780585836588,0.005391556249530728,0.01155493874911161,0.010648250214466425,0.007170091090280818,0.017839349361363742,0.02170661556662664,0.0389720183365233,0.006648119342001729,0.4137749828282463,0.007783696787549394,0.009822969667807447,0.006530478433419925,0.0231862817331623,0.00860854473750783,0.006501148250507055,0.025013564787931434,0.04381883394521776,0.008178944551820055,0.005177123511987321,0.008248717493894012,0.022426671600359223,0.01774087899256427,0.005658124761387784,0.010822969370811916,0.00931214838475898,0.015122764802936985,0.005994769713260148,0.006569585902334274,0.014814144417759077,0.010060005121626827,0.007519406951920147,0.010273639621950527,0.008494936242573917,0.007195811373160182,0.009901932799349618,0.007451791400079619,0.016032972512539857,0.006950951632881565,0.006184412668538781,0.008495005896062446,0.006146260772641699,0.010697184096938752,0.020497366440748826,0.008625058359500577,0.004570502060287895
2024-07-05,0.007263617847205335,0.011391179364874158,0.013339409476398386,0.014053261051745146,0.00981803468713499,0.005391440062045302,0.011555142218639163,0.01064841069407842,0.0071700087282285715,0.01783921925985158,0.021706172201422506,0.038973055593701664,0.0066481711296627445,0.4137739108501447,0.007783663609966122,0.009823120136266877,0.006530407464521618,0.023186192026289153,0.00860832660950541,0.006501198060009682,0.025013296698968776,0.04381836321966995,0.008179050052923064,0.005177103744661105,0.008248873042768286,0.022426535091519737,0.01774102489037746,0.005658228009595395,0.010823079095938314,0.009312212312761105,0.01512272642677467,0.005994723425504216,0.006569662350545615,0.014814326304486867,0.010060063231115095,0.00751950479645003,0.010273613665948256,0.008495333582337936,0.007195609678785236,0.00990170766297347,0.007451734285477425,0.016033183474724853,0.00695100789966567,0.006184237982548163,0.008494847659583535,0.006146302382922768,0.010696931591892164,0.02049716363748421,0.008625050007285938,0.004570562722619004
2024-07-08,0.007263416521097477,0.01139086324769686,0.01333962799925045,0.014052762516122723,0.009817806721047994,0.0053915558169414235,0.011554937649823849,0.010648252994673068,0.0071700923897468,0.017839351153183518,0.02170662185070294,0.038972026615487446,0.006648120402915145,0.4137749726543185,0.007783696623347568,0.00982297029994736,0.006530478246999648,0.02318627863117094,0.008608543116794381,0.006501148160285033,0.025013564397117265,0.043818828613410396,0.008178944192657966,0.005177123884929959,0.008248717123985767,0.022426673518755297,0.01774087659430584,0.005658123930638446,0.010822969611199702,0.009312148209995067,0.015122767012022123,0.005994768043079762,0.0065695857499784484,0.01481414625063996,0.010060004904720334,0.00751940881715901,0.010273642146474918,0.008494937946311393,0.0071958098977900455,0.009901933169136137,0.007451790396196975,0.016032973092624497,0.0069509504019227685,0.0061844116294849,0.008495005689164553,0.006146261412880978,0.010697183936031572,0.020497366189696158,0.008625057042929304,0.0045705025832074074
2024-07-09,0.0072829352959400285,0.011446810791237473,0.013312744230911198,0.014145779578154216,0.009815764961679126,0.005384148138042531,0.011587437434168957,0.010631946413271249,0.007149159814943871,0.01775098981633449,0.02157335000357795,0.03900924865321097,0.006626636664143062,0.4136535094277987,0.0077749131889089775,0.009837035812918357,0.0065276156821733235,0.02323623419124519,0.008620811416342212,0.006509702958146323,0.02499557023538651,0.043766880666551274,0.008194186581005916,0.005169927075011508,0.008275998744444815,0.022455156611622278,0.017799669113103163,0.00568670286619186,0.010842127772945898,0.009351281183246294,0.01505777378423834,0.006031494438159235,0.006584169385220934,0.014797474633250087,0.010080492527048394,0.007523972378943763,0.010236465424211603,0.00852224684780721,0.0072007539276271815,0.009880685703494022,0.007464504251432956,0.016036318779959726,0.006981413645134868,0.006172062576468029,0.00846284285335798,0.006144405345811279,0.01069075183179704,0.020524076403709974,0.008616590979891621,0.004577228959778118
2024-07-10,0.007282937832871523,0.011446815391598768,0.013312742644233969,0.014145787710329087,0.009815764603109593,0.005384147142820077,0.01158743877261593,0.010631946277381808,0.007149158706532774,0.017750982154235595,0.021573341907132483,0.03900925232351438,0.0066266348128444265,0.4136534766921003,0.0077749127655033605,0.009837037063697329,0.006527615457398222,0.023236239077140713,0.008620814017870394,0.0065097043754461575,0.024995566488088712,0.04376686976403264,0.008194188176175463,0.005169927142546075,0.008276000764044993,0.022455166357628686,0.01779967378831882,0.00568670566468734,0.010842130100689186,0.009351286879201403,0.0150577675861568,0.0060314989714428035,0.006584171105404079,0.01479747449579962,0.010080494339215717,0.007523973962765313,0.010236464199413433,0.00852225019344522,0.007200754766081354,0.009880684709908216,0.00746450538129299,0.016036319019311542,0.0069814158966054465,0.0061720608694093345,0.008462839685147551,0.006144405666417212,0.010690752847625374,0.02052408192831328,0.008616588893647843,0.0045772306288065345
2024-07-11,0.007255593302639915,0.011403440388588258,0.01333539827169325,0.014084754448785389,0.009778230198397821,0.005401335887794704,0.011575384833905142,0.010618380157193012,0.0071555028229648154,0.01775576118193137,0.021610491516779896,0.03888124155131397,0.00662305295185695,0.4139992590003616,0.007776845100908035,0.00981873097661948,0.006536095958569343,0.023231798747346225,0.008633970393802688,0.006498330728236716,0.02503609579302305,0.043861295983802194,0.008177976450379612,0.0051644413437971085,0.008256660706027005,0.022436202279854534,0.01778332356213399,0.005668211915061994,0.01082374687878805,0.009328134004588906,0.01505060656049878,0.006028628891459294,0.006572442143805214,0.014769897929964696,0.010066103129746071,0.007502453035127769,0.01022893810550464,0.008470385830479224,0.007218263795369442,0.009901595864194378,0.0074717368351389386,0.01599944584183036,0.006974298056323356,0.00619396262844191,0.00848746038057908,0.0061316005867169555,0.010707035663379806,0.020532307013033685,0.008621524846564813,0.004561625524696802
2024-07-12,0.007255523396442709,0.011403405553177547,0.013335504082537534,0.014084591815140742,0.009778183730833594,0.005401391199870891,0.011575300419896208,0.010618340800096434,0.007155502317570383,0.01775592268751173,0.021610615206796566,0.038880696495233555,0.006623042796921214,0.41399922821725327,0.007776897443807017,0.009818701443995327,0.006536125509997743,0.023231813009163972,0.008634055762921705,0.006498367073341136,0.02503604945492589,0.04386167645977301,0.008177967247274496,0.005164463200172873,0.008256592466066338,0.022436317740735002,0.017783337286438612,0.005668155653317829,0.010823711916604972,0.00932810710518079,0.015050593155535929,0.006028683093132805,0.0065724475634671995,0.0147699177470529,0.010066034859589384,0.007502341606902523,0.010228950986798723,0.008470250569897515,0.007218315708033556,0.009901651679451716,0.007471798178287868,0.01599933861210257,0.006974284147655317,0.006194029378390461,0.008487561730820487,0.006131577528691006,0.010707137132544522,0.0205323699569416,0.008621521282798878,0.004561607588905975
2024-07-15,0.007291515863222349,0.0115022088354635,0.013332216306812058,0.014128569532858367,0.009830634506834522,0.005397328754984668,0.011578678746334543,0.010634039934519432,0.007136069465824019,0.017818827181851276,0.02158239379584766,0.038885886357814765,0.0066433171878460566,0.4130267553108284,0.00779526744199065,0.009832211781266666,0.006529423243944421,0.023239550534622518,0.008653569972189995,0.0065446063694323256,0.024930236310095708,0.04389410463366878,0.00822087123439646,0.005173203979048543,0.008275032737906687,0.02251109708854029,0.017861178702352553,0.005688285739107841,0.010843829135223497,0.009365552427158351,0.015060285718130942,0.006069201944654567,0.006601633189113982,0.0148600617287069,0.010082916153338317,0.007504835431491552,0.010249523624144205,0.008525700432070401,0.007206211517802383,0.009885925996451748,0.007479861695445535,0.01604425578190687,0.006999169097553348,0.006185163341272279,0.008491411711957839,0.006143582987843914,0.010714024891700927,0.020540409530040164,0.008624219149759143,0.004585142964627972
2024-07-16,0.007292055606588047,0.011504905741524706,0.013334072482925776,0.014127515098051213,0.009831489002336614,0.005398366553641289,0.011577793576435713,0.010634360284255991,0.007135515446075425,0.01782303825943526,0.021583895092874027,0.03887856889457374,0.006644372508606268,0.4129828457534833,0.0077966059603325946,0.009831725260287385,0.006529734429244601,0.023239929135060473,0.008655712415503558,0.006546637012981004,0.024926937960994818,0.04390118025826635,0.008222262568889025,0.0051736048247628666,0.008274913578641269,0.02251578346664325,0.017865525650761754,0.005688402312840872,0.010843429482336533,0.009366377542576337,0.015060307909538892,0.006071569442260318,0.006602524783460123,0.014864774887074243,0.010083650326775807,0.007503504216021466,0.010250569711185419,0.00852565837831861,0.007206640770126894,0.009886650897444569,0.007480909496710299,0.01604447597672829,0.007000361827800386,0.006186117820461873,0.008492905696022002,0.006143662033983194,0.01071559886252629,0.020542127207573868,0.008624773858006694,0.004585659737050753
2024-07-17,0.0072722426585657566,0.011491039849343824,0.01343087621600605,0.014108946703066694,0.009817873219209109,0.005405507118787862,0.011540591221734488,0.01063965326057066,0.0071597850612059545,0.017817614750034818,0.02161711147407477,0.03877261018153901,0.006614222040768115,0.4127217046142842,0.007786933554082228,0.009849407005255719,0.006554975094536558,0.023249477576901975,0.008658985818307083,0.006546787855985835,0.024956536681805003,0.043963266889514754,0.008192315275212305,0.005190426324652829,0.00823250870116905,0.022548057372465628,0.017881430063634914,0.005666980722886929,0.010848260954142533,0.009334254577759328,0.015048181115579574,0.006074675251383527,0.006603706927727378,0.014884282464532854,0.010090482529410298,0.007476428098939623,0.010267271975193733,0.008461991311485095,0.0072456069806929625,0.009942077381625825,0.007533039847480168,0.01605530478519201,0.006998099952057638,0.0062231633625092,0.008541643982922521,0.0061515483217084894,0.01072557916586978,0.0205768889942967,0.008647379704187967,0.004582265009700386
2024-07-18,0.007272215978604332,0.011491138576762108,0.013430782724389032,0.01410873279518781,0.009817832607634485,0.005405464717627541,0.011540754084453698,0.010639689291692674,0.007159842031511622,0.017817826767410772,0.021617570272819173,0.03877281964477208,0.006614291462281631,0.4127200163238804,0.00778699833208138,0.009849425126155335,0.006555103407707662,0.023249685762962734,0.008658910398912471,0.0065468111210897325,0.02495679775468325,0.04396293318561451,0.008192460902183066,0.005190327713815864,0.008232763260920279,0.022548173326080903,0.017881505182426292,0.0056669109468235074,0.010848235571969105,0.00933426804974674,0.015048187221987855,0.006074669151003288,0.00660362659317341,0.01488443380046928,0.010090508933716678,0.007476383189432834,0.01026724348209682,0.008462109554234444,0.007245517629081739,0.00994202560121347,0.007532893243533485,0.016055123450938746,0.006998078859633377,0.006223350217914615,0.008541519151294448,0.00615166661230085,0.010725745390818343,0.02057709038134967,0.008647320963883213,0.00458221924972325
2024-07-19,0.007279973460499066,0.011481481464753807,0.013348562108988946,0.014101957912557101,0.009816374237437277,0.005406489344303612,0.011573501510759303,0.010628425141186981,0.007138844469018575,0.017835696809965464,0.02160127459830064,0.038819097610525384,0.006643342139099918,0.4130889193239287,0.007800516743467935,0.009822703510917812,0.006534777313472643,0.02324185066826164,0.008661733098925596,0.006543016357727151,0.024955183878316665,0.04396662510060194,0.008213085844302307,0.005173153968289077,0.008265665909080164,0.02250673861189202,0.0178446571058802,0.0056775276060628335,0.01083242482447881,0.009354902193820855,0.015060580151629688,0.006071023986222378,0.006597026172835835,0.014852874385337169,0.010075175432643814,0.007490691524220786,0.010247660659757291,0.008496703637526021,0.0072144026312495595,0.00989745176811221,0.0074856307294284465,0.016024459661154088,0.006994684762319125,0.006197882458136103,0.008506657772791913,0.006140203789969641,0.010730982708705738,0.020548896737561054,0.008627843926519772,0.004580664237056957
2024-07-22,0.007282269475172284,0.011488481165082508,0.013350666206459284,0.014108079486744324,0.009819415333796433,0.0054054480923841205,0.01157318584746696,0.010631170331816058,0.007138373371492171,0.01783098828441315,0.021593287388573308,0.03882801522457792,0.0066420917686343854,0.4130672981643897,0.007798400009999253,0.009825820604031019,0.006533879118172743,0.023241172252518892,0.008660643459986614,0.006544546826025584,0.024946493261688695,0.043954596389471634,0.008213087103791135,0.0051734738545378,0.008264687556105564,0.022508493698624305,0.01784702769432957,0.005679632415365456,0.010835808774070695,0.009355066404209522,0.01505891030118019,0.006071368025128629,0.006598988342010322,0.014856458757674116,0.010078165813889544,0.0074932263996508345,0.010248298827764242,0.008500073139861347,0.007213724011389901,0.009897367869675594,0.00748730204328383,0.016032053793574,0.006996580494870546,0.006195799733261289,0.008506027777038521,0.006140947871353309,0.01072549466124021,0.02054706474621275,0.008628100133316842,0.004582447693692981
2024-07-23,0.007289839567905948,0.011475967729239284,0.013339517063791197,0.014100169997480422,0.009862622958940524,0.00539014206533939,0.011548396462403451,0.01065848774836597,0.007146863505494004,0.017884971102159017,0.021670228141898427,0.039010464210616276,0.006662070045213502,0.4131309097587974,0.007796323621042188,0.009841773606604213,0.006525377950968408,0.023178987418490817,0.00862075755823367,0.006540008820860644,0.024895263008047997,0.043849690634722785,0.00820447566988814,0.005183913459382226,0.00826503475202724,0.022486107453127104,0.01781048107225723,0.0056789851489566735,0.01083030805057377,0.009343372748014382,0.015110802762036952,0.006022586551076664,0.006592779328149897,0.014904637363914952,0.010070076789018846,0.007504967672141656,0.010282795761416495,0.008545753434105829,0.007181205933628405,0.00987703932393326,0.007460404445741077,0.016052594135061736,0.006972536836190599,0.006171088681937078,0.008497633206129928,0.006148539517837107,0.01067887022102741,0.02049258027354422,0.008628684965825577,0.0045829114664398245
2024-07-26,0.007291355613238396,0.011497695207635975,0.013335800459374417,0.014118568608540199,0.009843330495156288,0.005396327662006477,0.011570298661201543,0.010639847603553954,0.007137653076621726,0.017843986848974595,0.021607558783499355,0.038922300130890125,0.006648877752549431,0.41300400649181446,0.007796768859258006,0.009835015829322771,0.006529459488184281,0.02322322644672811,0.008644100636425942,0.006545205890309167,0.02492150402894493,0.043890405351026805,0.008217210271517167,0.005177023682858216,0.008273632856382595,0.022503761999863345,0.01785125875924819,0.005685420640874331,0.010839400562930254,0.009359661024686565,0.015079043418822456,0.006056322511645122,0.006599031439603488,0.014877025777135898,0.010081008997481909,0.007503733109158781,0.010259421353573708,0.008531128251789243,0.0071987903369854925,0.009882944438969473,0.007474919711916791,0.01604893149190181,0.006992496515024862,0.006183185039729439,0.008493351252016248,0.006145921327618496,0.010704974450589407,0.020526280960777795,0.008626686658390458,0.004584139233251529
2024-07-29,0.007279287390759786,0.011463781657314936,0.013340460280170706,0.014110663415542785,0.009800995682932861,0.005395016499807154,0.011551040315735499,0.010581848900218288,0.007188875658591845,0.017760938370380622,0.021601118828268245,0.038640007492111064,0.006647353431775496,0.41402737020965624,0.007784644549672364,0.009793933904266616,0.006505054704513993,0.023384694151270143,0.008654453440527135,0.006519641404711095,0.024975297884032133,0.04386556909309171,0.008189602413532214,0.005151224805977447,0.008209497597713104,0.022408193217310714,0.01788738451433025,0.005676933443655288,0.010852858838174089,0.009297135111787518,0.015050974136263256,0.006057088944608204,0.006594755446035121,0.014749084683323569,0.010037409534008768,0.007439307475645346,0.010174455744937243,0.008484806309406992,0.007241890968788737,0.00987710607846153,0.007474661650444565,0.016071563071111704,0.007010257886051402,0.0062027098810154835,0.008548469484245428,0.0061216135402965485,0.010674357326717017,0.02040303794406649,0.00865387881967029,0.004587693867070971
2024-07-30,0.007274339358765188,0.011453708410124658,0.013342257947476179,0.01411790050143028,0.009824850572754425,0.005401998952062188,0.011539911148129535,0.01062880655439743,0.007189965691777287,0.017844840787898608,0.021708902231334395,0.038740863049916606,0.006667904084347763,0.4132999309155357,0.007794531474914051,0.00982736159779171,0.006511062390682972,0.023278930534798802,0.008648716690777276,0.006537524847774483,0.02498762307887486,0.043822116024798935,0.00819455217235774,0.005161063873141487,0.00823678401269887,0.02238075400350197,0.017831908244376256,0.005690980767627188,0.010869614081911776,0.009316541791502523,0.015158729346305999,0.006026719363161177,0.0065953557527904765,0.014845631234934412,0.010030560194858262,0.007476809524502921,0.01025514687875126,0.008521357694273009,0.007236129891202048,0.009906037452404735,0.007473394433388621,0.016104072599062557,0.006994243825254715,0.0062039448621460415,0.00855098898981925,0.0061364558517899076,0.010684591301216679,0.020416986070507744,0.008669708792171766,0.004586890147977141
2024-07-31,0.007279381994033063,0.011504936489718412,0.013397322229135346,0.0141446611421463,0.009855417167428422,0.005405943347531215,0.011510426566286133,0.010635685130400557,0.007213704563464566,0.0178003756301458,0.021703109888692586,0.03875330050838482,0.00664428041983358,0.41273046017301407,0.007779745647005366,0.009860577075092681,0.006537421527798785,0.02325704837882521,0.008634548747307602,0.006551899399351455,0.02497770302598921,0.043744481041495184,0.008187500061715751,0.005169750120744019,0.00821683003191915,0.022445380446387157,0.017905945333142954,0.005700662150329198,0.010875047132300154,0.00932272995767875,0.015123062196628748,0.0060378456551080095,0.006608072973136284,0.01488011246986275,0.010059250269021179,0.0074843021077020105,0.010285214490885682,0.008506219620133874,0.007264903589005987,0.00995042915336329,0.0075157054862952126,0.016148613385595787,0.00699984745396604,0.006225392042311463,0.008574306383340497,0.006162441305869339,0.010679560030698058,0.020471491532590452,0.008681022719509992,0.004595931807677629
2024-08-01,0.0072793805453972606,0.011504914238510463,0.013397352989527387,0.014144504280258215,0.009855744430913933,0.005405925121752174,0.011510052949040981,0.010635865816833397,0.007213832969994179,0.017800935380179465,0.02170457198211951,0.038754730720913906,0.006644546918200709,0.4127289264096069,0.007779740613733233,0.00986067841712532,0.006537179661479814,0.0232562499699683,0.008634452565432072,0.006551848355790058,0.024977252882923358,0.04374394942839627,0.008187366353486441,0.005169809449418312,0.008216889830890285,0.022445570574749073,0.017905106286232094,0.005700657992304487,0.010874957511669413,0.009322543124278583,0.015123565193345916,0.006037558780223433,0.006608039846871946,0.014880531769970236,0.010059019202914354,0.007484549306971428,0.010285895920161776,0.00850644538383606,0.007264788350720473,0.0099503774231013,0.007515548779842197,0.016148836022665647,0.006999566908257312,0.006225157314011065,0.008574432325272465,0.006162508376601915,0.01067937494822056,0.020471043007181753,0.008681206092072796,0.0045960172766317565
2024-08-02,0.007284248543605107,0.011527200451812599,0.013389919417574517,0.01417585433800263,0.0098410896087298,0.005410941152703672,0.011548402180860702,0.010626319639314064,0.0071887842278565905,0.017727556766797572,0.021610295790497933,0.038607267826782754,0.0066254042675092314,0.4132163282709269,0.007771625747939447,0.009867957056655335,0.006481564372929463,0.023247794575946105,0.008658487928820657,0.006552023216441597,0.024902537801802405,0.043818013193356195,0.008191473987683709,0.0051920458495773505,0.008218889735305603,0.0224655841809106,0.017844503642592442,0.005715418477038391,0.01091230743277361,0.0093360146941045,0.015039415510714626,0.006091158148280921,0.00665652620704613,0.014788556130678575,0.010024499347055448,0.007457734920359326,0.010280539847590557,0.008471448413634572,0.007290718031551774,0.009899523481004797,0.0075684522836558625,0.01609540631623736,0.007003340058543222,0.006192838845862016,0.008569383063688428,0.006108538018332392,0.010671444124673647,0.020529339922173043,0.00870819776400734,0.004597085188058631
2024-08-05,0.007293202993076206,0.011511720121371341,0.013409845372396185,0.01419638003098818,0.009838312567876996,0.005414093343139648,0.01152464860403301,0.010603693571030675,0.007156693862574767,0.017735653848101413,0.02155936828530946,0.03862447917574948,0.0066201269600494345,0.41340507485441536,0.007759046069676579,0.009863826690242829,0.006479585877105804,0.02325410695244713,0.008658356189215281,0.006563484720604917,0.02496437740850429,0.04372272171710364,0.008174147626677293,0.0051795497870310596,0.008226737747883437,0.022486760941497846,0.017818148353401866,0.005700140899767833,0.010907535076667241,0.009334344641055247,0.015042939856092794,0.006081045905586734,0.00665006483902245,0.014752223544386003,0.0100269394570102,0.007446850215606914,0.010266960982209288,0.008452952284780305,0.0072965750000292505,0.009941437915944389,0.007582971855279166,0.016061786117961434,0.007008819660622626,0.006193708303335319,0.008564277160749619,0.006141565221598516,0.010676085553320726,0.020547435852419683,0.008677000574861923,0.004602195410187918
2024-08-06,0.007279855762922468,0.011473399236909715,0.013462499515690245,0.01417099732649324,0.009835299298488096,0.005388832697390408,0.01151223719902762,0.010580488137157493,0.007131417413604465,0.01771317251749009,0.021536724769698336,0.03871631515403779,0.006612683432672643,0.4142032057787191,0.007763024859947148,0.009800959856361792,0.00647088807163154,0.02322087229508158,0.008658159627824341,0.006523294907914781,0.02494441123704749,0.04382095562089847,0.008155267662509565,0.005187283349154015,0.00821089256184747,0.022456763362885,0.017752314606581616,0.005654817219414952,0.010851575394275417,0.009279657299899801,0.01500306897287163,0.006062576817438606,0.006619436172286864,0.014721577646837194,0.01003931043556269,0.0074284508143932625,0.01024132743302307,0.008426068979664036,0.007275241731538416,0.009930941111862244,0.007551499126619979,0.016023364816225513,0.006989692713847972,0.006184047984968324,0.008555906915817367,0.006150369914199452,0.010638562198617297,0.020512643812207146,0.00868238275373689,0.004595263474705629
2024-08-07,0.007297151200760203,0.01147938506271219,0.013506907801030496,0.014142666434679993,0.009846503056253113,0.00541937239255946,0.01146641499476168,0.010659370116817675,0.00713221802902349,0.017675760160978354,0.02154936625227396,0.03878927968567713,0.006640333926414993,0.4128622799542081,0.007781761713948157,0.00984568964100134,0.006505925498376322,0.02334417045202893,0.008700630921240122,0.006519467767239401,0.025056162074740818,0.04386124823056506,0.008162195075309731,0.005192629129576585,0.008215624030315068,0.022651656154791977,0.01776650495599082,0.0056450242910123195,0.01091674204441082,0.009348807544765147,0.01501577684504492,0.006092385234229749,0.006660399976211804,0.014832681828856721,0.010102083231398117,0.007447300532863355,0.01026381292954986,0.00844906585834914,0.007258435001892841,0.009932550771223216,0.007584835539914598,0.015968695800107225,0.006972223877637993,0.00619120125333327,0.008528581953813869,0.006153210604153719,0.010729709460225324,0.020518435875897512,0.008707305000082682,0.004610059831750838
2024-08-08,0.007284953835871248,0.011465116789054519,0.013472608755363068,0.01416611122380637,0.009835253935646913,0.005426209662069716,0.011482326823714474,0.010682813204516542,0.007130395760257877,0.017729993495750565,0.021549477414212717,0.03879242736331898,0.006636497198276206,0.41255925075672345,0.007789089646485092,0.009866698277183386,0.00650974752511166,0.023298479491638147,0.008715732612118998,0.006539317593483069,0.0250183997246007,0.0438708480071822,0.008175640573266616,0.005197968775783016,0.008233319494002161,0.022652597601433892,0.017804259348802417,0.005673216891531762,0.010922821025347999,0.009375752105510992,0.01501423508563709,0.006080383024581127,0.006665901511325113,0.014846862854819372,0.010093074828532668,0.0074522132354110215,0.010276358767755607,0.00844481219032264,0.00726465139889161,0.009934555842275521,0.007597495844483693,0.01596466267337644,0.006970392611301209,0.006199087451883518,0.00852003180408768,0.006165522548310276,0.010763814121820895,0.020577866915596273,0.008696923823397084,0.004613828554126202
2024-08-09,0.007298513895729151,0.011455236821465032,0.013499216880023106,0.014167270904316001,0.009839514530112715,0.0054103646298728275,0.011505832503994843,0.010706567551781286,0.0071420389539085015,0.01774024979427473,0.0216694051890753,0.03881277566130538,0.006626210520452816,0.41168703561441844,0.00778020037167684,0.009858099326948958,0.0064997608199834555,0.02335857879233644,0.008732518176587732,0.0065387422253590025,0.025065674157105942,0.0438736268065961,0.008201272762775415,0.005213523317234457,0.008235457459595539,0.02264244633843782,0.017865569549502816,0.0056547653102224284,0.01095627636230678,0.009388764716784324,0.015039228537190513,0.006088516563253565,0.006672817036065057,0.014837722388751178,0.0101022316201667,0.0074645954807403695,0.010352324080711406,0.008475651779440789,0.007298438126945371,0.0099669236458687,0.007598907296021146,0.01602066779816653,0.006988147353926445,0.006195354419052076,0.008540006480497898,0.0061624909427169874,0.010793464924626779,0.020631610192859452,0.008724505240775449,0.004620886148039496
2024-08-12,0.007296997685981482,0.011479232837389977,0.013506126656509465,0.014143314103312165,0.009846560891278708,0.00541963965398175,0.011467201821668127,0.010660324777607158,0.007132333858581285,0.017677155562750527,0.021549334237120455,0.03878916824921171,0.006640135257601665,0.4128482220162712,0.007782126797918335,0.009846418339617172,0.006506085293008126,0.023342660635753753,0.00870134723812161,0.006519853386634394,0.025055306667846815,0.04386225779497746,0.008162612908264347,0.005192850485983997,0.008216154057918326,0.022651874120278744,0.01776749259812703,0.0056459972809873886,0.010917031470210272,0.00934950052176728,0.015016062450744916,0.006092260652170451,0.006660907329755176,0.014833290317838777,0.010102019751716092,0.007447499360205653,0.010264300152394188,0.008449044988550864,0.007258643199521114,0.009932786185606814,0.007585263525592897,0.015968759594116515,0.006972075198638992,0.006191519226587991,0.008528393843346024,0.006153522683380181,0.010730982089197441,0.02051992027707544,0.008707263340853678,0.0046101686260260856
2024-08-13,0.007315940706859232,0.011540971230963143,0.01349719609463029,0.014153488074794607,0.009830039662130877,0.005415441749026551,0.011513743959808783,0.010681098149761831,0.007143984538162767,0.017666225748963874,0.02151428414544372,0.03892028619744316,0.0066446818985094,0.4126887846673051,0.007776080971170254,0.00985278865847968,0.006496006303167998,0.023309292819825776,0.008687264602260257,0.006513294399523797,0.024973711088427223,0.043764795473815524,0.008185656758619157,0.005188724136581216,0.008197220027944582,0.022652164698487378,0.017803497196701167,0.005691006387858366,0.010924149161868325,0.009362282556577629,0.015008557624556789,0.006094675919161298,0.006656026294766981,0.014878455527847447,0.010144589663131278,0.007476948958435992,0.010257338520707319,0.008493830406649963,0.007231941552288187,0.00988910314544696,0.007548088691196131,0.01607619600746986,0.006976268225038417,0.006166667440090678,0.008511533976458525,0.006128650946921895,0.010713480553385144,0.020483172169193452,0.008730235310967189,0.0046301370011748635
2024-08-14,0.007300628463203415,0.01150684904116581,0.013504646882719682,0.014130945806278584,0.00982604830144411,0.0054271168756614505,0.011496063946337197,0.010664814697755003,0.007157652862517269,0.01769191523413605,0.021554023182077095,0.038832669248114106,0.0066409323152989514,0.4126279171778574,0.007784249318119684,0.00984372572131842,0.006501057240787776,0.023331972538025172,0.008699055839432835,0.006507075785329174,0.025023693577496085,0.0438699746064416,0.008178327457345392,0.005194237861260635,0.008187267305922584,0.022638876279232105,0.017800615740288486,0.00567068437339415,0.010911727934800873,0.009343768794027332,0.015032456924812716,0.006094147208032431,0.00664687115209744,0.014855383626053327,0.01012811080670716,0.007472732439008735,0.010269362779350087,0.00845851734792335,0.007246594245263089,0.009905950134377254,0.007566704376590095,0.016046630273604343,0.006971579231444673,0.006184292034752291,0.008526805972938778,0.0061280951182897695,0.010754089441465773,0.020510836377412297,0.0087324388302448,0.004619867271843005
2024-08-15,0.007294449570911627,0.011485851236208147,0.013391409506480436,0.0141162142395774,0.009819305800463213,0.005413961222176666,0.011540071845248611,0.010699937332672013,0.0071450861140688725,0.017704566811936735,0.021644096595203843,0.03881136189771768,0.006673700283978684,0.41314965933458264,0.007802828595557326,0.009828920003683024,0.006506186864216516,0.023276250055500266,0.008691063677257959,0.006513219412281032,0.02491213980867351,0.04395682013391786,0.00821106132139437,0.005185087775139698,0.00821824600162862,0.022587599491564286,0.01774745709377761,0.005675375461886938,0.01091227726335932,0.009368025035434154,0.015030745094596792,0.006088705630322767,0.006670916797103896,0.014865829189508297,0.010072157914945767,0.0074689648764258215,0.010263062313013365,0.008532318933448631,0.007225043406234932,0.009818435298757259,0.0074924164268133685,0.015960056009639317,0.00697732723296738,0.006155260425675916,0.008501371695550396,0.006069556224830869,0.010702871089519006,0.02046551033496701,0.008733864978278433,0.00462335634090189
2024-08-16,0.007289874160917636,0.011464288431564584,0.013389005941956113,0.014127025906810364,0.009838600975902292,0.005408628992896306,0.011510896509000178,0.010705032372726322,0.00712498284641992,0.017672809782541238,0.021614581810883528,0.03877112894757271,0.006675044611088358,0.41340316608960426,0.0077899351540113735,0.009839761325440195,0.006514267649534584,0.023276015006692925,0.008675357298509299,0.006522901958260175,0.024934463121023633,0.04395533763335958,0.008194343037394405,0.005179652201849338,0.008243302871971246,0.02260833744977242,0.017720940839101692,0.005656286668547808,0.010926152239777692,0.009375678193648259,0.015004484712617599,0.006087862313272181,0.00667899997620676,0.014847328280595736,0.010051504164683683,0.007450581055344263,0.010252892165459496,0.008522100682958262,0.0072340513621702235,0.009837467262488605,0.007510216459908248,0.01590237786705319,0.006981525127595998,0.006160157738540959,0.008499373826031238,0.00609551345125691,0.010668627647088626,0.02048118460162313,0.008708271441754583,0.0046176798345717055
2024-08-19,0.00729448461845954,0.011485764322945596,0.013391573055169846,0.014115956052686946,0.009819183366295389,0.005414011999233802,0.01153998353293435,0.010699897452255266,0.007144982359603669,0.01770448485491695,0.021644028724170056,0.0388112953796044,0.006673694644971347,0.41315055739455486,0.00780292529823692,0.009829033246998636,0.006506124098537762,0.02327607967985396,0.00869088956486148,0.006513219243837556,0.02491250350189941,0.043956652860881434,0.008211161411540522,0.005185019666223572,0.008218171418997909,0.022587523960309924,0.017747331162452307,0.005675396289752998,0.01091220289422414,0.00936804544879899,0.015030809165476408,0.006088665719604987,0.0066710052799207505,0.014865847987147756,0.010072182951162223,0.007469012907736638,0.010263072963086869,0.008532440846936823,0.007225068767173078,0.00981834058871037,0.007492398927110052,0.01595963587018256,0.006977351849475925,0.006155319321893365,0.0085015048374493,0.0060694552737313185,0.010703103112918956,0.020465616956478895,0.008733710603437419,0.004623278565156759
2024-08-20,0.007314552178514252,0.01148387843083619,0.013433474016174124,0.014145902237751057,0.009809455118797392,0.005413889379301228,0.011541345365328023,0.010669286013629164,0.007142981275636273,0.017714970345822336,0.02156261301912876,0.03885622008176558,0.00666338770203152,0.41310471640206603,0.007782117116234681,0.00982362889043046,0.006490060359682773,0.023280727305614392,0.008702073657499492,0.006502871329064902,0.025002040929873407,0.04384617564386488,0.008200287434449036,0.005181081234646949,0.008214126846434496,0.0225847307518032,0.01777593327900312,0.0056893929743529,0.01089810408727148,0.009367707685290702,0.015035575352970992,0.006079006426597974,0.006638874318207378,0.014828690252352733,0.010121214788502968,0.007478816374367888,0.010250244222483537,0.008514318551517618,0.007210416598945564,0.009855470261898109,0.007512367055250473,0.01602252797121254,0.006973617521455594,0.006150056985794515,0.008491413782731928,0.006103710698887491,0.01071792780071935,0.020462326299971533,0.008732380061069163,0.004623313582763801
2024-08-21,0.007314661079265977,0.011483907024461932,0.013433607132767483,0.014147199142111693,0.009809663199505143,0.005413704585269759,0.011541548668308838,0.01066846410901871,0.007143384683097306,0.0177151001140616,0.021561499173540076,0.03885797189417364,0.006663154478002221,0.4131005128340304,0.007781356279436205,0.009823162814195003,0.006490152116422492,0.02328187085972235,0.008702859969343016,0.006502848188086993,0.025002690670309195,0.04384403831383234,0.008199864380089588,0.005181225505829213,0.008214328611961232,0.022585792493271258,0.01777685835393534,0.0056894351783301515,0.01089821865203849,0.009367637812159298,0.01503534926268645,0.006079144424776419,0.006638039826106758,0.014827949569525652,0.010121975532903608,0.007478920609161096,0.010249943533259675,0.00851351558092639,0.007210250345343681,0.009856371717213588,0.007512724105900254,0.01602499964158472,0.006973520210600513,0.00614980525623544,0.008490706759665853,0.00610478536454512,0.010717226818400764,0.02046189586341779,0.008732559680893577,0.004623597580275854
2024-08-22,0.0073146620612606714,0.011483920031463809,0.01343362117827373,0.014147208274786447,0.009809672197517433,0.005413708964922776,0.011541547863753793,0.01066846733963896,0.007143384793866631,0.01771512577374293,0.02156150923699155,0.03885793840641489,0.006663163098442541,0.413100221170463,0.00778136095209188,0.009823167090220774,0.006490155351097687,0.02328186946171627,0.00870287253358163,0.006502860970722434,0.02500267418762471,0.043844075743366906,0.008199873113828023,0.0051812291702336075,0.00821433016801028,0.02258580496998323,0.017776891501541298,0.005689437870865122,0.010898215222944036,0.009367636469927351,0.015035349320798497,0.006079157025628659,0.00663804365997238,0.01482797558891476,0.01012197897510949,0.007478911510063472,0.010249949185927787,0.008513522571381904,0.007210250682104678,0.009856376721398672,0.007512731616236746,0.016025000554215123,0.006973527113711138,0.0061498099593350715,0.008490716708602448,0.006104786084617071,0.010717231201643985,0.020461912578944513,0.008732562268354156,0.004623601503745001
2024-08-23,0.007314661703321693,0.011483919480199714,0.013433619451213474,0.014147206567978342,0.009809671112228593,0.005413707821453302,0.011541548793072167,0.010668466579124548,0.007143384733705609,0.01771512501204087,0.02156151093294964,0.03885794182474654,0.0066631627847954155,0.4131002388514919,0.007781360620232208,0.009823166643836492,0.00649015564399274,0.023281870509696375,0.008702871240456983,0.006502860213429595,0.025002675502258046,0.04384407263830619,0.008199872993221434,0.005181228132566297,0.008214331653731321,0.02258580391734592,0.017776890664750897,0.005689437486481566,0.01089821431791114,0.009367635627658404,0.015035348403016046,0.006079156348817509,0.006638043338234432,0.014827974407598194,0.010121978310113112,0.007478911400061037,0.0102499488561803,0.008513522693938166,0.007210251007497005,0.009856376037134039,0.007512731234611791,0.01602499868055613,0.006973526139241657,0.006149810746614337,0.008490716198222732,0.00610478642834705,0.010717232034645285,0.020461911844445,0.008732561466920748,0.004623600969608013
2024-08-26,0.0073143049856229,0.01148416890140382,0.01343258704951671,0.014145617642446253,0.009808957646729637,0.005412723094123558,0.011542541217942244,0.010667858243615495,0.007143278246717679,0.01771591598249359,0.02156430753611631,0.038859798859638056,0.0066633805445196915,0.4131000997826976,0.007781270371890624,0.00982303360926139,0.006490787157483691,0.02328306265485957,0.008702174725563104,0.006502868163962423,0.025003167624705433,0.04384308075648272,0.008200340591860126,0.005180276742698849,0.00821624608330743,0.022585740761437687,0.017778195410223168,0.005689118929001883,0.010897002151292367,0.009366671573618543,0.015034148498832991,0.006079298094423512,0.006637934048000977,0.014828508553280407,0.010121519111778436,0.007478235884027588,0.010249978620949894,0.008514144325696344,0.007210616860672364,0.009855926409891594,0.007512778771058337,0.01602277455604704,0.006972861727800042,0.006151025090523844,0.008490725513600087,0.006105217912594495,0.010718594715069902,0.020462248597650046,0.008731661477454118,0.004623224189415514
2024-08-27,0.007295641075721824,0.011458599684742759,0.013384558198105008,0.014093292765171853,0.009776352774476615,0.00538454758446556,0.011558492739949834,0.010637551330578279,0.00714566371428661,0.01767662189849329,0.021614976666095832,0.03895946412538516,0.006654775426958637,0.41376757440896106,0.007775558280854558,0.009819779410069037,0.006498106078378155,0.02333077205570062,0.008658665081571508,0.006480374278601653,0.02504932629569812,0.04368394865933726,0.00819645735535009,0.00515753811398186,0.008256814719808303,0.022557597650935915,0.01774888651220133,0.005669523285861716,0.010877714117222964,0.009346478913862769,0.01499631299124092,0.006055931011812553,0.006620881064274704,0.0147893568552141,0.010104571695285428,0.0074750049380353425,0.010239035627440447,0.008518734102090095,0.007215427604645852,0.009833225935124293,0.007492435440439288,0.015963946575398163,0.006952524774205583,0.006171023377339213,0.008462799508882655,0.006112215659823291,0.010726451007852404,0.02044670385311476,0.008701464033214963,0.0046063007417381265
2024-08-28,0.0072903520505375385,0.011435582374843621,0.013372767407062081,0.014091198437223394,0.009767096032587663,0.005381396035769712,0.011556276215139138,0.010634106956689518,0.007149799026503811,0.017641704177755135,0.021609449416194235,0.03901281706789373,0.006645789567454182,0.41407414075366494,0.0077728566268003415,0.009820250144992871,0.006498951345539605,0.02334151089022751,0.008645104902356227,0.006463378708005857,0.025083026061509056,0.04360277548320129,0.008184327467064746,0.005154490201905212,0.008257945885186423,0.022550584880679736,0.01771301692293157,0.005667595472329913,0.010879859000092633,0.009343170796191262,0.014991548134281702,0.006040625198078963,0.006612844667334819,0.014763858341611216,0.010099635623490333,0.007484237541607941,0.010234804674353714,0.008511753331298442,0.007214838618062698,0.009830463407788051,0.007482802207470359,0.01596143306901122,0.006947372117429262,0.006164724458307314,0.008450213921756064,0.006112870080805765,0.010715866971836751,0.020441834151742673,0.008696440810308707,0.004600512365090995
2024-08-29,0.007284736900454357,0.01151422444648569,0.013435467335612974,0.014098139060320893,0.009806594182636729,0.0053821221290349585,0.011524645400218733,0.010695236353992138,0.007160771317606606,0.01761180709424192,0.02161328242278296,0.03903743292525057,0.006646401130994078,0.41325996652609287,0.007780956625396342,0.00987024974663864,0.006519276877355313,0.023364444602404163,0.008624977898783373,0.006495130607310575,0.02499033632955923,0.04364141819183669,0.008187069063044929,0.005169139623671954,0.008236309046059336,0.02261358369483551,0.01774778330143698,0.005658879274405208,0.010912794653743799,0.00934794267223086,0.014963875837272909,0.006072767143213049,0.006665118616244954,0.01485206813221912,0.010107916751229448,0.007472789669438205,0.010257593316220765,0.008523971615378281,0.0072461762685089495,0.009844190748376239,0.007507575011027599,0.015979478340748723,0.00695930906642751,0.006187458313292161,0.008482797624619863,0.006110277457984808,0.010713681566173708,0.020491614470483054,0.008711377043570698,0.0046188435731316065
2024-08-30,0.007286798081158129,0.011509631530539124,0.013393396278066325,0.014082237230649578,0.009801585623394617,0.005392666076263245,0.011551887315914106,0.01067175101520001,0.007148285023392303,0.017707530708180538,0.021671077214643116,0.03888185576241827,0.006674349515630158,0.41319636475426663,0.007798045993430183,0.009836547435778524,0.006510251929119622,0.023325455384279027,0.008663933391924929,0.006518735709372114,0.02492930875208964,0.04385928325240169,0.008215115352018267,0.005164520515043509,0.008248436604947805,0.022583984155362506,0.017779001210780264,0.00566451072487046,0.010888633309619684,0.009349462271558858,0.014984905812662904,0.0060893820710585635,0.006661283295397169,0.014867041663549083,0.010087702778181724,0.007457222358221328,0.010254993069680154,0.008548873523973429,0.007229078871583875,0.00981943885700699,0.0074974218048087515,0.015928340352335497,0.006968994605529079,0.006186416035649446,0.008492003806667361,0.006086915657094177,0.010730099436434841,0.020469846004364283,0.008717105510891322,0.004618292362596907
2024-09-02,0.00728841373563503,0.011493021546470554,0.013378291141300286,0.014092868449830879,0.00980923999926811,0.005400947871998881,0.011549403248539581,0.010687224133071865,0.00714723979736287,0.017708730956220827,0.021675539183195834,0.03884432255479447,0.0066786771690652575,0.4131865724444286,0.0078024366703274605,0.009830860818393475,0.0065107899033709895,0.023304771382367803,0.008676460568640293,0.006516672116815161,0.024913808502522193,0.04393690935008274,0.008215358378907328,0.005172121890111289,0.008239310400826223,0.02258238511534616,0.017759327994185087,0.005668989575568409,0.010896252075893393,0.009358971216310843,0.015005571653034915,0.00609025648882503,0.006668602077686304,0.014867135247942271,0.010071278043074491,0.007462788293268977,0.010259021431082677,0.008546818525915326,0.007228472447053799,0.00981036590579575,0.007490145892271995,0.015925682511363403,0.0069727014266257065,0.006171879002552753,0.008497652179635828,0.006071627336883892,0.010719492734678504,0.020468862122401014,0.008725442067125656,0.004620286421929926
2024-09-03,0.00729970062707039,0.011483491783341095,0.013404086255471539,0.014099295903132017,0.009788563781668114,0.005389985973690938,0.011558329177740703,0.01064375207119972,0.007143734009163522,0.01771636804031632,0.02162504649448096,0.03890616576694501,0.0066639486172903745,0.413364227021149,0.007780466687152848,0.009820973817584008,0.00649894043798245,0.02332178529949691,0.008673527686101863,0.006500743733385811,0.025016192188260258,0.043760284761525284,0.008208966771694227,0.00516169585035986,0.008255075749310838,0.022570765536001753,0.01779483545233118,0.005672462912330459,0.010875386156726818,0.009348794368802971,0.014999369802392864,0.006073582985654628,0.0066294534843324504,0.014822938888588705,0.010112387857477608,0.007465195815490858,0.010244943176007906,0.008527338119715492,0.007216700990511987,0.009839401735609805,0.007504390787542128,0.01596885435426868,0.006959881023394066,0.006179548701833314,0.008477927626748198,0.006112992551730761,0.010737118462835425,0.020460228150384254,0.008707074250263932,0.004613078303509698
2024-09-04,0.00729100335591709,0.011456623207252294,0.013400152171800364,0.014099063404700067,0.009778487401284001,0.005381086911282771,0.011548279499985317,0.010645852394867587,0.007152260015994683,0.017631262753572838,0.021592168792123972,0.039024949176548404,0.0066408409864704586,0.4138721359997427,0.007769470146263531,0.009835257418502531,0.006503660498213994,0.02335430523104226,0.008639758648683294,0.0064666288648404634,0.025080842489328712,0.04357324664608402,0.00817946479638161,0.005157936699430081,0.008250592013249628,0.02256992684333861,0.01772442008598064,0.0056668839658744665,0.01089078211590639,0.009338330098955227,0.014984887572996474,0.006046680314781487,0.00662065082531146,0.014781079491375795,0.010110628637260987,0.007484249029554467,0.010237832513663774,0.00850655457245093,0.007219982216542966,0.009841259650209412,0.007495001877276296,0.015984213201435376,0.006949600957448011,0.00617088834563408,0.008457666031815195,0.006121662736939811,0.01071502190128382,0.020449278173978545,0.00870010505417256,0.004607084262250517
2024-09-05,0.007311598739605597,0.01148405820264942,0.013495658169013774,0.014155128875689352,0.009836369454376612,0.0053714169201452685,0.011531640654629105,0.010679498449620196,0.007129227985981879,0.017676225310027095,0.02164058469833698,0.038969408522222235,0.006640898615561082,0.412507800462481,0.00776849398112604,0.009850656632588007,0.006505890445507534,0.023398547809387535,0.00865071446047107,0.006520798354130721,0.025015595498085103,0.04369482785559776,0.008188583133483382,0.005176016773396958,0.008259823056568995,0.02262692106415031,0.017838977965597493,0.005634752146523624,0.010939537763414156,0.009353938217923368,0.014981573394925571,0.006093540629599279,0.006662714185163938,0.01485618822058294,0.010126780219825762,0.007450423187735613,0.010315785054577089,0.008528203448973554,0.0072667456139781745,0.009903836058810277,0.0075451410994006205,0.015995497670312924,0.006973568173503354,0.006183834426314498,0.008515544178699947,0.00616155472899038,0.010733369208702699,0.020530151209328943,0.008700679356306943,0.004621279715975804
2024-09-06,0.007286876547928465,0.011467570249447988,0.01344152189922757,0.014132088542225073,0.009812707674398537,0.005377248885749983,0.011499141415509105,0.010685323996484112,0.007120160111553971,0.017583509790949574,0.021538296727747038,0.0390175074790989,0.006627622755939849,0.4139888235811212,0.007751662009753816,0.009864839739891289,0.006512937935367828,0.02335817433335346,0.008606857103928386,0.006476933803794688,0.025061765174270334,0.04350971485527554,0.008144281594623649,0.005154808393080062,0.008247711240278021,0.022622550015287114,0.01772765839715506,0.0056437945589022515,0.010908829384445429,0.009336488894095411,0.014941115364471846,0.006054785242802959,0.006653414633473836,0.014791854467293367,0.010107178378231208,0.007457328822621607,0.010233616069338118,0.008491462962189597,0.007226876819743366,0.00987491700072194,0.007528346901502832,0.015957255738814506,0.006940092835380002,0.006174675666138367,0.008477171432228982,0.006164382081913324,0.010685461835370488,0.020464985661156114,0.008659886197169337,0.004607784798554529
2024-09-09,0.007286873919641753,0.011467564746196169,0.013441517761454561,0.014132088482530489,0.009812705295702379,0.005377248210750367,0.011499139698945731,0.010685323655292189,0.007120161555254846,0.017583500795896122,0.02153829714326062,0.03901751797037351,0.006627620464197108,0.4139889194747696,0.007751661173863605,0.009864840141511304,0.006512938976927095,0.023358177307439453,0.008606853065705238,0.006476928282689745,0.025061776126014096,0.04350969097650136,0.008144276673617152,0.005154807685993274,0.008247710285606127,0.02262254332516637,0.017727650616153202,0.005643794709831035,0.010908828469716934,0.009336487782964108,0.014941114316873817,0.006054780933030326,0.006653412233669042,0.01479184691412036,0.010107176596478414,0.007457331461543179,0.010233614703712772,0.008491460773289286,0.007226874859230753,0.009874916112910432,0.007528343975781229,0.015957256291871804,0.006940091178887586,0.006174673039341253,0.00847716879305141,0.006164381913784248,0.010685458528594347,0.02046498464556033,0.008659884751205176,0.0046077832030989
2024-09-10,0.007286873916892176,0.011467564731189078,0.013441517778289816,0.01413208847061722,0.00981270528286093,0.005377248208721355,0.011499139716025545,0.010685323661211749,0.007120161559199344,0.017583500822013112,0.02153829719531082,0.03901751802832672,0.006627620474041195,0.413988919318558,0.007751661181767595,0.009864840146976323,0.00651293898356802,0.023358177309502647,0.008606853050433953,0.006476928288539938,0.025061776093216873,0.04350969091956218,0.008144276681921473,0.005154807676847013,0.008247710297856552,0.022622543337699034,0.0177276506424843,0.00564379471295764,0.010908828470680495,0.009336487770745862,0.014941114311236046,0.006054780933565135,0.006653412237354964,0.014791846936090874,0.010107176592664645,0.007457331456992988,0.010233614704616692,0.008491460789855904,0.00722687485986909,0.009874916113782668,0.0075283439694348794,0.01595725628585061,0.006940091182732326,0.006174673051387877,0.008477168797747674,0.006164381917199252,0.01068545854446559,0.02046498463783822,0.008659884747937517,0.004607783201360232
2024-09-11,0.0072906346294327054,0.011418191967002311,0.013368529855360085,0.014121594300561624,0.009787696462683121,0.00537941858207667,0.011534263561890613,0.010653411444226144,0.007115641134600677,0.01761576953260936,0.021597915530316522,0.03897735742409622,0.006646363279960562,0.41427890178470134,0.0077628519726576865,0.009824194067144616,0.00650595991986639,0.023338898531176298,0.008630672246690512,0.006473060338708783,0.02507373042317515,0.04362242988357673,0.008154342384892842,0.005148800471621609,0.008280225998064043,0.022570849251240904,0.01770426004216248,0.005649738318535852,0.010883517842528953,0.009347449717847761,0.014970372190779471,0.006041228730748744,0.006633379317337727,0.01474637036844863,0.01008315708684928,0.007460306062486211,0.010226578044306382,0.008503227243672829,0.007217988692355094,0.009846815309496553,0.007497193021498891,0.015907958086939157,0.006938689734183366,0.006164637304648173,0.008460065575189047,0.006144890339669757,0.01069699267741983,0.02044582937127005,0.008662614688606431,0.004595035254685966
2024-09-12,0.007290907366085228,0.011418391840987044,0.013369092601601292,0.014122248169212665,0.009788166483399453,0.005379848014346627,0.011533823133154755,0.010654040116052468,0.007115700618737387,0.017615319070358567,0.021596633463061454,0.038976125261395635,0.006646333912305122,0.4142726338934561,0.007762849968567442,0.009824251878832622,0.0065056677425167735,0.023337993113179013,0.008631345921055352,0.006473002137792195,0.02507462268647482,0.0436247437713318,0.008154211684208615,0.005149312813483585,0.008279212429711703,0.02257142984734669,0.017702843896407163,0.005650137029837313,0.010884007107977428,0.009347909575374456,0.014971272845781763,0.006041195774866602,0.0066336461058029515,0.014746311245963541,0.010083705545624797,0.0074609553580314136,0.010226575777996788,0.008502798698837235,0.007217800357135427,0.009847350220387208,0.007497504501954883,0.01590922824014451,0.0069388657433047075,0.006164140040931473,0.008460159187081165,0.006144635763121258,0.010696500011152037,0.020445532552909942,0.008663736880350568,0.004595279600371023
2024-09-13,0.007308774415980516,0.011490179538054692,0.013465599778141718,0.01414848364096207,0.009816125123904097,0.005402638779362744,0.011511433473458876,0.010681383756913488,0.007154069774544943,0.017602046452036012,0.021511256615511846,0.039007763902786784,0.00662692202824292,0.41335643283593293,0.007760313557013399,0.009850227434327301,0.006497948030270804,0.023334174204776945,0.008652388881739182,0.006472280977966645,0.025047411633722965,0.04361711360817969,0.008159906544019411,0.005181193578766172,0.00819684638106808,0.02260605129766901,0.017727561516313828,0.005681255645482045,0.01092623144703713,0.009357477878302106,0.015009166013013449,0.006058016652846515,0.006640194004895675,0.0148043189197266,0.010134175095104553,0.00750412215674048,0.010244283576554943,0.008482764640788615,0.007228747728593428,0.009881740814023524,0.007529704927478848,0.016078693707939913,0.006963605457093417,0.00615094326318892,0.008487849727259151,0.006130148663551577,0.010695069656999156,0.020476348736578952,0.008726766315633116,0.004621847209500665
2024-09-16,0.007290573960016954,0.011487663072193203,0.01345031046620854,0.01411032331420988,0.009797947734482688,0.0053825510046223764,0.011530600090032329,0.010669765829496141,0.007161055360906338,0.017607254933435314,0.02157102040370599,0.039061004660621866,0.006632735772310759,0.4134649094526419,0.0077623872693310565,0.009864907257288728,0.00651260441330912,0.02336555128636866,0.008626290501917055,0.0064711133627723075,0.025079074318437807,0.043517203418679026,0.008174731800554601,0.0051660596811757995,0.008234944067870202,0.022611834554402212,0.017756425071877233,0.005666436891346377,0.010907120432633784,0.00933613712808724,0.014971466735567904,0.006056875338940005,0.006633059430091526,0.014813535133390187,0.010134317885434015,0.007486511958409766,0.01024434268055973,0.008498810446016644,0.0072308088245791905,0.009864610973285467,0.0075156639987057445,0.016025900960135453,0.0069522906152342506,0.0061803934521813455,0.008470805265710911,0.006136486354021198,0.01071483472668396,0.020478184407960922,0.008704970482431644,0.0046155928197246
2024-09-18,0.007290318221812087,0.011491705745899916,0.013457310129059857,0.014111370753827757,0.009800542945337318,0.005382543019490879,0.011528163366369144,0.010672918425888482,0.0071626892587404005,0.0176041666789465,0.021569942779530196,0.03906739341859985,0.006631778228968122,0.41339894820302564,0.007761375672185739,0.00986931793106352,0.006514065274924665,0.023366746874229873,0.00862390674914425,0.006471764266125612,0.025079145736450054,0.04350842424724659,0.008174735722968026,0.005167328210811124,0.008233033297913719,0.022618948978034157,0.0177636183977266,0.005666265169678286,0.010909064464601468,0.009336267237734808,0.014969559860434144,0.00605829779917891,0.006634691729327346,0.014818702920538418,0.010137928276779522,0.007486671930087813,0.010245605388155204,0.008498464826484116,0.007232658288114659,0.009867670287645942,0.007518230480458345,0.016031222404034953,0.006952739945097311,0.006182146566258047,0.008472557847703559,0.006138488586021905,0.010715345499379325,0.02048312035817311,0.00870555100272372,0.004616546597069048
2024-09-19,0.007294163444572281,0.011460280784617,0.013447271991220127,0.014139279141336305,0.009814328823005205,0.00537193380043078,0.011516616129381286,0.010688199707977963,0.007125921172655752,0.0175945118931006,0.02156895688767605,0.03901707672378628,0.006625925852281389,0.41360287208603563,0.007750283407240416,0.009862112561169626,0.006512556062696795,0.023389987184799874,0.008610512371380493,0.006476551992107144,0.025079118575704107,0.043526920244976904,0.008153926052714365,0.005159177996344566,0.008252646434950175,0.022614134954055776,0.017755827971007148,0.0056381098797610605,0.01092589648351921,0.009344435482436563,0.014953732300359035,0.006060218854795091,0.006657246374289543,0.014791918371056884,0.010109695742009229,0.007461418919667961,0.010259250924190836,0.008505846556820355,0.007240102334505509,0.00988025526612592,0.007526808731493145,0.015971668315140946,0.006947778426645152,0.0061760246159725165,0.00848745834153579,0.006167912540399273,0.010699446587222394,0.020500825797772765,0.008670967408070435,0.004611887498986351
2024-09-20,0.007299345972543533,0.011445757264741209,0.01343136300342051,0.014141300573955202,0.009815624440231123,0.005363922360495949,0.011515440775862983,0.010710328241592881,0.007136523998544053,0.017595171257429307,0.021656278454294596,0.038964428613867404,0.006617726790969728,0.41307114890926433,0.00777343700258027,0.009844018101751843,0.006505503437795915,0.023402375888291322,0.008616016173306217,0.0064876540012719945,0.025000265469480486,0.04371757065044517,0.008166658567240217,0.005187614521227361,0.00822551182757155,0.022592109628546995,0.017767013116335002,0.005619737422919602,0.0109843658357588,0.009385701090943882,0.014985780934938808,0.0060733250065340685,0.006696769137293335,0.014802594110080843,0.010071224143683444,0.0074665214922732745,0.010332108564190734,0.008541394718070684,0.007285363857110933,0.009880508777376461,0.007527741001350828,0.015962312492366466,0.006980890156774794,0.0061516776683129765,0.008505776859656122,0.006125255156889933,0.010688657303924688,0.02054753930335797,0.008716633931444805,0.004618011991689269
2024-09-23,0.0072944942122076225,0.011444094030383928,0.013419863791710774,0.014132358093237598,0.00980794464852428,0.005354705510032756,0.011530817745186965,0.010701479015457264,0.007141847021654019,0.017619976942072166,0.021675194130125516,0.03902384239602405,0.006623093241369567,0.41303980681677255,0.007769822777604088,0.009853677299884258,0.006524336725642395,0.023426979866210607,0.00859521727965028,0.006486650011587767,0.024998162246467677,0.04369535739827021,0.008167797579392214,0.005174798629669585,0.008246901373737953,0.02258074706309048,0.017786798392665636,0.005618943573069111,0.010974920688443546,0.009368101393226165,0.014978431999544007,0.006071014077707346,0.006692057677379604,0.014818655353910148,0.010073043824377244,0.007459824187946069,0.010336487148455522,0.008550069793315724,0.007281062380308074,0.009871364038345331,0.007511624909820912,0.015936135929625853,0.0069752357971944266,0.006158519334066792,0.00850079086377791,0.0061363287755311895,0.010708368622059244,0.020549476971500547,0.008701586347198528,0.0046111920745645395
2024-09-24,0.007285343108503365,0.011463595851393601,0.013388216431070549,0.014091369004644938,0.009798681375271333,0.00537727185024348,0.011537495302558374,0.010694304589469336,0.007143135733646369,0.0176292206498166,0.02165476105373145,0.038997392600099774,0.0066518503373060155,0.41361989627758416,0.007782551796605545,0.009847856519684797,0.006517154839643097,0.023367233149868823,0.008616687858628415,0.006488386583616343,0.0249865540447204,0.04371826515460547,0.008179217825387986,0.005159276399957119,0.008254723676146604,0.022571980535539053,0.01769849849699276,0.005648614432594092,0.010917451647248543,0.009355361196637704,0.014975670281097711,0.006062435577765016,0.006670777829624471,0.014818378320766714,0.010072244278551613,0.007469291842385489,0.010264877916782275,0.0085418971655343,0.007245810298258882,0.009819097504703837,0.007483713553676432,0.015904378185679413,0.006959703256090595,0.006173898883678633,0.008485492715203956,0.00610147464117331,0.0107123329490343,0.020487618034364864,0.00869891261825927,0.004609645824152946
2024-09-25,0.007294843475474823,0.011413433190791366,0.013366458401539367,0.014104852353895338,0.00978859257376893,0.005367139491634173,0.011585351216500055,0.010696195019777564,0.007145787707311206,0.01768549419526807,0.021754167018451006,0.03896211582427211,0.006649955562719331,0.4131774634334392,0.007778138046701826,0.00981035340744829,0.006511702527268353,0.02338874061102009,0.008624029452078132,0.006488785212536384,0.024988717015963086,0.04380517970174412,0.008200920363176555,0.005165337014522684,0.008269762271993858,0.022568333052221917,0.017738124358365956,0.005627127070684878,0.010956156279352258,0.009379858367825978,0.015007699165169466,0.006062659168902865,0.006673011826137474,0.014788382574647884,0.010063780646009924,0.007465603450740472,0.010313882671803758,0.008573281026275604,0.007263914782484068,0.009829413516082556,0.007466082944042355,0.015897586247033434,0.006973576504021589,0.006157606720544558,0.008494526654551832,0.00611090053999488,0.010729804225188993,0.020523636462292993,0.008710995795843723,0.004600540860484503
2024-09-26,0.007306060248708927,0.011464913889747526,0.013439860670764353,0.01412044212015846,0.009805024614939548,0.005363140025431312,0.011566974366051554,0.010698729424161479,0.00717338263190055,0.017646442484633335,0.021715102019065093,0.03899874544621842,0.006632337898022328,0.41243095879630604,0.007784408648641583,0.009859910632320548,0.0065265190277326475,0.023426543160027596,0.008613821747677022,0.006485549198560576,0.02501457877692967,0.04370999107847566,0.008198987154125122,0.0051820691339456125,0.008235387118207926,0.022570761544819875,0.01781266859783446,0.005643070930157527,0.010965965413765823,0.009377672142999262,0.015014771521274438,0.006077685458281156,0.006679542011360038,0.014866376334611573,0.010107172401271772,0.0074877055715639835,0.010340553277389763,0.008574746976739277,0.007282238717550716,0.009860379447137852,0.007494864461227347,0.015967978365717957,0.006987786222659645,0.006175193103897197,0.008517124663676053,0.006107269838683031,0.010748162566992651,0.02057999976155015,0.008747308073099489,0.004613122282986183
2024-09-27,0.007306394330834391,0.011427377526429094,0.013363575738356732,0.014076236544909278,0.009779260069705779,0.00536972262591782,0.011626083316841484,0.010733153567723188,0.007180252736696752,0.01777888054622562,0.021716693597928608,0.039020480716259125,0.006659938873488667,0.41265143865915027,0.007796717699590665,0.009839874164067404,0.006507048493145279,0.023429205177269232,0.008605227080873192,0.006478267338324036,0.024977137672747115,0.04384627589663408,0.008207482518011651,0.005163320893873747,0.008306772337387412,0.022574835612534445,0.01777818722162488,0.005646311780689503,0.010966468745897717,0.009376218133975281,0.01501516513056632,0.006047644094309688,0.006688052440029417,0.014785012911920643,0.010065829993064716,0.007466439476814636,0.010284070114572701,0.008580200961970466,0.007253686612476343,0.009827577828602274,0.0074567454788813025,0.01592324166446584,0.0069895769472252175,0.006157676111745987,0.008510345059431412,0.006096246455212693,0.0107551468904595,0.020594455125668557,0.008710296542643645,0.00460375054282634
2024-09-30,0.0073037892318453795,0.011418697688728052,0.01341219462597109,0.01404315414934121,0.009773866137144503,0.005390318787020105,0.011612080208205268,0.01073195891375774,0.007149320080962276,0.017780004769995757,0.021672484189505917,0.03893287638410608,0.00665336262635628,0.41264460054520036,0.007812760477962064,0.009829687562429877,0.006482020074495546,0.023370495304608347,0.008594026398801746,0.006470898256473692,0.025058102097794806,0.04389058052303509,0.008226226924259018,0.005167841043393839,0.008280340931301481,0.02255309944973221,0.017751446196374292,0.0056619784741799555,0.01095300269957541,0.009385730902395376,0.01505066335531643,0.006046276254378117,0.006696327298830926,0.01479581403812684,0.010081716359412097,0.007497072838436822,0.010307847814486994,0.008587454924844027,0.007250615570670302,0.009820281377173706,0.007458318267715974,0.015897593769068248,0.006988245335025819,0.00616347256014797,0.008538222504723518,0.006071283814403067,0.010797914279351097,0.020622375091464,0.008726311573517324,0.00459524731795394
2024-10-01,0.007295050678382153,0.011428384228273919,0.01338372713196335,0.01407291355707733,0.009778624647903425,0.005376750718266684,0.011592623177943802,0.010689640200673341,0.00715398781384892,0.017702525992229427,0.021740866109217678,0.038945150690816166,0.006656992457747813,0.413059561458296,0.0078002126896747105,0.009821982734368349,0.0065005986301709855,0.02336667530991371,0.00861922953796024,0.006484355662846376,0.02503055266526013,0.04379828496716703,0.00822107827591311,0.0051627132377422905,0.008259710285029299,0.022543992813807083,0.017728641673076584,0.005648479103331686,0.010926262232494505,0.009380120429953816,0.01503243867308314,0.006062146592888401,0.006666691716757079,0.014814257563082495,0.010087411873720977,0.007487712783211392,0.01030673407546072,0.00858637715207913,0.007251811755146656,0.009811328843272443,0.007453977913218057,0.015893355885480853,0.006977277486804908,0.006175228040999514,0.00850355154358492,0.0060792568015400755,0.01076713475136178,0.020543990384639745,0.008730091753222381,0.0045995352990953866
2024-10-04,0.0072949252263304195,0.011411103003091977,0.013367435805080836,0.014103909694559928,0.00978848556219098,0.005367005819870824,0.011582908513489193,0.010696023282994571,0.007142994300693192,0.01768542165750421,0.021753819660921762,0.03896248777859324,0.006649921552527441,0.41319025635570544,0.007778793052789391,0.009811154233705202,0.006510443498986289,0.023385946098888583,0.008621541465393963,0.006488440816366687,0.02499356829034371,0.04380860970044903,0.008200116272812261,0.005165015029769669,0.008270938700243929,0.02256657517331443,0.017736448062548555,0.005626958197831668,0.010955148208783481,0.009379548531658961,0.015007764773334627,0.006061925429729601,0.00667463683312356,0.014787395603732083,0.010063555199347613,0.007465894095653973,0.010314541518390409,0.008573141418568403,0.0072637631184320145,0.009829947920603814,0.0074671454330470285,0.01589175633142501,0.0069733484789645485,0.0061580827319939295,0.008495666908911535,0.00611132109004187,0.01073058342053064,0.02052445624521861,0.008709398404482269,0.004599731497028402
2024-10-07,0.007301225304459639,0.011396262460410055,0.013403463128516412,0.014065392195509042,0.009774937644865799,0.005376102896761271,0.011574129992190551,0.010688884730951882,0.007128837984335648,0.017700430507578465,0.02173381527577144,0.03891695619817869,0.006652291302274396,0.413203357475825,0.007803635723621162,0.009821850398726165,0.006486928004015118,0.023343375898448246,0.008594945763393229,0.0064811165625260694,0.02505036376882697,0.043815966358561324,0.008215055351198356,0.005160714434776691,0.008264815803528443,0.02251625640567217,0.017716935196666474,0.00564298038761961,0.01092658239242783,0.009378574871455712,0.015051211020580216,0.006060726174765464,0.0066793713193899484,0.014811033385148555,0.010091639242602363,0.007489176021922738,0.010321908648443682,0.008588163947225566,0.007259620631410827,0.009816493853166498,0.007461395944898638,0.01584173326904579,0.006977278269397572,0.006173507027879262,0.008522562025482495,0.006081070318946089,0.010778580028318756,0.020560246657849095,0.008710267754595737,0.0045878300398387506
2024-10-08,0.007296237548373201,0.011418404271108129,0.013404614639858224,0.014052484294434271,0.00976960481601356,0.0053771579250412975,0.011589493902648997,0.010684312044179238,0.007146089084359838,0.01771181610997058,0.021735137263944136,0.038898307629862613,0.006655303772962201,0.413049900989577,0.007810975100756049,0.009824365003394946,0.0064877532650037635,0.02335169828044165,0.008597479335972666,0.006480350233949471,0.025067830156717198,0.043779540885022006,0.008230884841545959,0.005164082441669294,0.008259668087946825,0.022520936529922327,0.01772771097545126,0.005652520192199071,0.010920152951541601,0.009382150708537882,0.01505959927294654,0.006060008758868023,0.006672020493197395,0.014824282431403397,0.010101061446759856,0.007497582583960228,0.010322425686354145,0.008598453384325142,0.007253413924193902,0.009808469789475107,0.00745429904217077,0.01587046891661347,0.006977820059735452,0.006180805391433305,0.008518287328979947,0.006067828448615109,0.010793098602509316,0.020574184062196885,0.008727175318542772,0.004591751775314001
2024-10-09,0.007296215931845612,0.011418370048392308,0.013404526825370373,0.014052481818634164,0.009769547805842148,0.005377144863662551,0.011589458206527526,0.010684276330011849,0.007146029142364217,0.01771174735434084,0.021735072940206684,0.03889826751136111,0.006655286952992743,0.4130513392535954,0.007810914562839978,0.009824284256444112,0.006487746191569176,0.023351779461938536,0.008597503872144197,0.006480331316796552,0.025067750845606855,0.043779346921775576,0.008230830176933768,0.005164059103140885,0.00825969809477201,0.022520868192240015,0.01772766476053345,0.0056525227971197765,0.010920137867393988,0.009382108853003397,0.01505955509072924,0.006060011035166703,0.0066719450321130955,0.014824287413030551,0.01010100909337127,0.007497582827135796,0.010322443354320445,0.008598459044539535,0.007253393826120903,0.009808495520786276,0.007454354743169289,0.015870444877223517,0.006977808083314714,0.006180801902817802,0.00851826275035116,0.006067821146405469,0.010793063047398771,0.020574054136734667,0.008727163361116995,0.00459173145475408
2024-10-11,0.007314457198006784,0.011406235158231212,0.013429555664400584,0.01407790617559832,0.009776438688139126,0.0053810239935154795,0.011595293243571152,0.010665787002438074,0.007147243695910223,0.017701185373388,0.021677382179579794,0.03894119333598405,0.006647476761761184,0.4129267937283989,0.007792643510863486,0.009814141733921082,0.006477581381376071,0.02335221815820526,0.008614227894195936,0.006472728467051226,0.02515104734971626,0.043681723508902544,0.008233231991931007,0.0051610702755884785,0.008266602487656307,0.02253203401885047,0.01776101137642464,0.005675335130995731,0.010919358972687207,0.00938453820037919,0.01505458689012233,0.006056426262376355,0.006639931264876003,0.014822686237471292,0.010122628439027379,0.007520665685708687,0.010306410190996259,0.008581085661179072,0.007240292418357999,0.00982967073185093,0.007476270227785745,0.0159283923041447,0.00696557718736469,0.0061833158000776526,0.008513757438070896,0.006101095447464026,0.01079843959178985,0.020573390337124117,0.008714130125338271,0.004593781101206013
2024-10-14,0.007314597164553226,0.011414248864344763,0.013434336672994237,0.014089963531501708,0.009776682524704042,0.005380851624291638,0.011602504162087237,0.01067441009721641,0.007144753478653642,0.01770713576021891,0.0216703723553342,0.03893274883992037,0.006641613657440596,0.4127673240677167,0.007791159845184398,0.009825011064684275,0.0064831719502485684,0.023334246293314747,0.008617751012102486,0.006478126571975491,0.02515941836034311,0.04365558712735782,0.008233116002018119,0.005163367782194361,0.008273834949629353,0.022526695373812123,0.01778001622117072,0.005683788220987291,0.010926915646146389,0.009384481014524796,0.015057659000590053,0.006056854706324366,0.00663773714362768,0.014839459474608888,0.010126162084928307,0.007524245652182622,0.010313828402003308,0.00858108750328202,0.007242211946453738,0.009840246499217895,0.00748595772358066,0.015948272782295197,0.006970068819639051,0.006190801094161118,0.008510057502772039,0.006109832882349612,0.010807108542716451,0.020580071583020273,0.008714249260075593,0.00459585715949939
2024-10-15,0.0073135532472512355,0.011436276762889094,0.013488942568924522,0.014154321500615985,0.009784821559759137,0.005404959442685067,0.01156474660625218,0.010700013827574352,0.0071439675089201155,0.017680607443031605,0.021573928971567097,0.03884463338136677,0.006613989180269464,0.41231086225120445,0.007766055317265755,0.009868414023114381,0.006482923472449806,0.023302570102963476,0.008635766851208641,0.006496356446225997,0.025145028540822626,0.04358001604796527,0.008219290179250814,0.0052060951857558525,0.008235241631565296,0.022518331699071335,0.01786082752498572,0.005708883234706543,0.010970108064525072,0.00941309506318942,0.01506405067062324,0.006063182439707122,0.006652128624219687,0.014861833418754487,0.01015766409558866,0.0075267362361967315,0.010334892370300195,0.008549152810855542,0.007271167529360993,0.009883458746305735,0.00754946592908097,0.016074093377500574,0.00698936879895003,0.006181365542409567,0.008524856663560757,0.006128406735670689,0.010789686913634527,0.02063135214889462,0.008730322492456475,0.004612186818552228
2024-10-16,0.007311380403451838,0.011387305162660767,0.01342454255271842,0.014142899355322003,0.009758182241650216,0.005409561692361219,0.011601124550337225,0.010695953841314804,0.007131314827970379,0.0177325243724969,0.02159965323708618,0.0388653600078412,0.006624873034403899,0.4128131152501629,0.007782077569475005,0.009830799414424288,0.006463488455533691,0.023269117869652144,0.00865201201655386,0.006495599959884492,0.0251441170017539,0.04366292938590293,0.008238552673031209,0.0051894260276766115,0.008252429958425305,0.022502993468254878,0.017793266473207676,0.005711886785568803,0.010948907437766749,0.009416377835104177,0.015073104035934596,0.006043729664979178,0.006634462724332871,0.014816038564751118,0.01012879984014018,0.007533506776778203,0.01031116754689638,0.008562690879884696,0.0072384869844812055,0.00983623322877782,0.0075043190690654675,0.015996557585307648,0.0069890213319041775,0.006170037504731471,0.008495932976324155,0.006105515920688088,0.01079342280291805,0.020589091660078877,0.008721714942939027,0.0046043930970931
2024-10-17,0.007309373978045172,0.011461287645441827,0.01347250384200896,0.014131265978720114,0.009795566517783098,0.00538227950115999,0.011587460804599296,0.010693797812490139,0.007149353910689015,0.017690840818814967,0.021630206678643998,0.03891548545106383,0.006624922683632152,0.4120806500020977,0.007776269286620372,0.009883948281489661,0.006510031998460753,0.02331008952895338,0.008609802796714711,0.0064953685475194626,0.0251725334581661,0.04352649583575809,0.008221746952784301,0.005182345289666686,0.008280208066533972,0.022534151162344817,0.017875648644156424,0.005705412802049142,0.010953726936019603,0.009390918379607142,0.015064475065614653,0.006069690877037459,0.006640402487742696,0.014913705453249033,0.010150019485967466,0.007527227809038978,0.010347798437366572,0.008570495729448496,0.007264969150537045,0.009888813974951276,0.007538211818641106,0.01604322336721843,0.006977467423929472,0.006211360321663136,0.008510840094664622,0.0061468891711852465,0.010826571398291223,0.02063613873924943,0.008711968413677645,0.004606037188491229
2024-10-18,0.007306483646014846,0.011461839884250449,0.013465716727026622,0.014125158338326404,0.00979398220671362,0.005380996249890789,0.01158434287919052,0.010696133628879813,0.0071499920646769,0.017689297463933645,0.021644504395201113,0.03890613153651084,0.00662735376707841,0.41213495924558635,0.00777907418313961,0.009886548582544672,0.0065111802496815325,0.02330919187175519,0.00860635166959936,0.006496614777490957,0.02515434150423022,0.04354768612500177,0.008220375962668605,0.005182932803011441,0.008277882709352851,0.02253159542331253,0.01786747743410995,0.005701887109602944,0.010954749626566172,0.009390275776415699,0.015064202948859018,0.006069889192181219,0.006645469103676739,0.01491243432838393,0.010143418123062053,0.007522063525477887,0.010349937952080517,0.0085754273001372,0.007267935173507197,0.00988230820744036,0.007534796328480007,0.016030023118746985,0.006978591529296495,0.006209762822597183,0.008511451144619086,0.006141329646165425,0.010826474231761736,0.020632718285333695,0.008712894460437806,0.00460381473599161
2024-10-21,0.007285373628716667,0.011410403912363925,0.013366173120183573,0.014081627635826061,0.009765696090299886,0.005386123407009224,0.011603048743314838,0.010702383802777004,0.0071430231477236285,0.01775044127145069,0.021749140485503818,0.038853022159109116,0.006649212316579087,0.412853146585679,0.007810838802031906,0.009843125835748878,0.006491754936204161,0.023276053529434602,0.008611442074313613,0.006502330844467306,0.025056109519192304,0.04374264315573537,0.00823897602689851,0.005166135545049744,0.008280932049403167,0.02251500611989916,0.017762578595315368,0.005680688854665418,0.010936773363339139,0.009391670752754988,0.015080731215049837,0.006053133973763267,0.006649836826286,0.014853597700876643,0.010091666385349802,0.007502817361026904,0.010331699657477374,0.008608780006644326,0.007249256756469376,0.009810846309025968,0.007480717458205545,0.015908992016667085,0.006979920300806215,0.006194781209012425,0.008490733331153357,0.006087041003792492,0.010822484094951599,0.020599661759733406,0.008709947309115389,0.004587479013602778
2024-10-22,0.007285300069412568,0.011421132277365794,0.01337046337187442,0.014080536621186534,0.009771385468421533,0.005386742633496039,0.011605195757740284,0.010697934889728646,0.007142174727152779,0.017761889533845214,0.02175337545551937,0.0388299696233879,0.0066522374115499305,0.41278181704759104,0.007812893657057597,0.00984487748123165,0.006491256375936077,0.02327464157569205,0.008616058570429573,0.00650749726105681,0.025034755832807166,0.04376229772109982,0.008243509086546339,0.005169006351803972,0.008279924035345734,0.022518215414858888,0.017770533465351665,0.005681819362933209,0.010938215830341455,0.009387619644598253,0.015083327985115741,0.006058671880254427,0.00665257652815602,0.014865628089975835,0.010092414602834207,0.0074988953755482585,0.010333994746224606,0.008609084210242318,0.007248348710269919,0.009809253780094243,0.007485507532657987,0.01591228209529544,0.006981128491937342,0.00619461181869022,0.008495362542410342,0.00608718225583661,0.01082752782023287,0.020590802703151532,0.008711281282725575,0.004588840992984227
2024-10-23,0.007291365705481447,0.011508831593693836,0.013441240793635102,0.014062475670975185,0.009777100721532025,0.005373806867777805,0.011605431778919127,0.010597170869574613,0.007136929392693735,0.01771021605718247,0.02168738338441157,0.038755720417092736,0.006620712824679086,0.4134428851129009,0.0077795397037141644,0.009847494821909095,0.006484311011843791,0.023265424856065847,0.008562351414917242,0.006525944264137733,0.02488421949945127,0.04377562628359217,0.008199655925543881,0.005183773482460201,0.00824139339191906,0.02252221576021819,0.017793222981262753,0.005655194703042179,0.01088759928642813,0.009322119924149901,0.015025708119753418,0.006106605657295811,0.006666904815224914,0.014872776944218983,0.010082947744575797,0.007471590209418745,0.010357054509039464,0.008556787229638325,0.00726208814071741,0.009858085036667769,0.007500159516044872,0.01596153682625432,0.006998171522361162,0.00616728104507901,0.008569625669774109,0.0060714550171780055,0.01071876546855557,0.020542109023630288,0.00869031887033845,0.004578670133028261
2024-10-24,0.00729124336425181,0.011508602978425072,0.013441341691682825,0.014062096416876266,0.009776920193725721,0.005373927749420326,0.011605278577579856,0.010597035552517132,0.007137006725928983,0.01771025669203119,0.02168772086695442,0.03875511965830011,0.0066207309874691455,0.41344305159739503,0.00777951196798084,0.009847387350979299,0.006484285214089921,0.02326548758655093,0.008562339360737574,0.006525977890171661,0.02488477255066491,0.043777178951052514,0.008199592261020258,0.005183748722709563,0.008241283282367876,0.02252174878074286,0.017793317298699388,0.005654977786357266,0.010887382230770865,0.009321892974408996,0.015025597102214678,0.006106554785313175,0.006666833098866696,0.01487252904339283,0.01008286687056845,0.007471521080024124,0.01035697073232284,0.008556380396322161,0.007262306766634601,0.00985834633643668,0.007500381689005994,0.015961275014429153,0.006998180644483814,0.006167390947254494,0.008569829937106631,0.006071412671594204,0.010719000198877875,0.020542350120407404,0.00869043497726828,0.004578620325613125
2024-10-25,0.007315452939809534,0.011495278884622626,0.013516228859230532,0.014095493247236352,0.009808251452442872,0.00538227319534508,0.011565398884520794,0.010657130439769723,0.007139506347450794,0.017704924846654025,0.021639998473362378,0.03886929268276358,0.006646129071795377,0.4123965299536784,0.007785880317647301,0.009843259192022258,0.006490034199086646,0.023368856102739685,0.008627346108920256,0.006506746151112578,0.02505593026678625,0.0436592164662833,0.00821860901247185,0.005177927551607848,0.00824127299303421,0.022557699669183102,0.017845088417932396,0.0056784969310623564,0.010933072912711577,0.009360906684173284,0.015039233827317592,0.006092902488420724,0.0066592826289611825,0.014926271813311846,0.010155231389551033,0.007491749909583515,0.010335126206028736,0.008560089919670602,0.007252940292723528,0.009869794232091547,0.00753254279132816,0.015991189777061685,0.006969613995697732,0.00619730252026622,0.008550391421746807,0.006117953600524021,0.010792886332570962,0.020554216897661622,0.008719647092322673,0.004609400607702909
2024-10-28,0.007315463474548032,0.011495278501980677,0.013516248989088365,0.014095516853806389,0.009808269054999014,0.005382276116500016,0.011565373047423996,0.010657169284778622,0.0071395152457824915,0.017704907957947654,0.02163998471351779,0.03886936551271169,0.006646148818535881,0.4123960976816543,0.007785894044178367,0.009843253735296303,0.006490041150104323,0.023368921155441234,0.008627375124861092,0.006506738770992346,0.025055988704110528,0.043659130591073875,0.008218626622901345,0.005177919552630291,0.0082412676415096,0.022557709033899937,0.017845097878745487,0.0056785076734081705,0.010933098668747773,0.009360924279415163,0.01503924208069693,0.006092893722856754,0.006659290773716816,0.014926323308679684,0.010155256824041689,0.007491762158190208,0.010335117218456508,0.008560112168198223,0.007252933718648424,0.009869784024500831,0.007532550576540039,0.01599117489540867,0.00696960471855605,0.006197313329252837,0.008550376015080166,0.00611796566707544,0.010792910469228669,0.020554204038782373,0.008719660436913263,0.004609413974585662
2024-10-29,0.007315463494104777,0.011495278489888251,0.01351624901263395,0.014095516878361069,0.009808269069801557,0.005382276118357099,0.011565373046028928,0.010657169278530474,0.007139515231622907,0.017704908005278953,0.021639984710907476,0.03886936551707307,0.006646148823923901,0.41239609724783544,0.0077858940323624285,0.00984325370660723,0.0064900411311885,0.02336892115806337,0.008627375155959896,0.006506738782327218,0.0250559888177642,0.04365913057564233,0.008218626625737071,0.005177919552005706,0.008241267667378977,0.02255770906269168,0.01784509792645156,0.00567850768858877,0.01093309865215561,0.009360924282645025,0.015039242106895598,0.006092893716447352,0.006659290741903804,0.014926323275601453,0.010155256860647995,0.0074917621764739465,0.010335117188333855,0.008560112147235097,0.0072529336975090805,0.009869784030204259,0.007532550596677131,0.01599117495305151,0.006969604701487969,0.006197313340048685,0.00855037602201194,0.0061179656948264615,0.010792910518185185,0.020554204065016922,0.008719660443982275,0.004609413981542143
2024-10-30,0.0073007948529644805,0.011460348400561397,0.013531813007167302,0.014058183384664472,0.009800221768463886,0.005393991672396058,0.011526865454672004,0.010651151032155566,0.007156583189596869,0.017723199486311854,0.021713258525621348,0.03884246704330118,0.006641168546998122,0.41224939191973264,0.0077829559329475,0.009843129310846018,0.006494450151078015,0.02340263161240267,0.008642739744819411,0.006509311825515021,0.025087336425289358,0.04376334060035528,0.008210420686885515,0.005184751795849428,0.00822975640527752,0.02255771698968018,0.017864881042951652,0.005655136357589227,0.010911372624494334,0.009350302606783345,0.01504024829378942,0.006087478863704894,0.006655974557325411,0.014900652924038374,0.010139875892975454,0.007487830904647501,0.01033984084870911,0.008518962374331314,0.007272727034443055,0.009898875347517563,0.007558532092058058,0.01596294506333174,0.00696921605579476,0.006206050854685775,0.008564123648020285,0.006113175381731676,0.010822373048504896,0.02059324550719342,0.008722088705800775,0.004606110204024727
2024-11-01,0.007307996613320872,0.011476940617311698,0.013524144475745112,0.014073906145336202,0.009802708870491013,0.005388384981731753,0.01154630786052112,0.010654029863381466,0.007147571911240386,0.01771215671520091,0.021677152942483024,0.03885144042579756,0.006644682742096728,0.412323497327587,0.00778372257374727,0.009842629555249626,0.006492019307830427,0.02338666171887227,0.00863544826880851,0.006508262224141069,0.025078505174370918,0.04372259490796318,0.008214687609929237,0.0051805389180292205,0.008234400145867798,0.022550628373445528,0.017856171337083882,0.005665481575621431,0.010921311659757446,0.009354160032568394,0.01503845202593852,0.006089748261443386,0.006657322471926671,0.014912095148527968,0.010148029024220968,0.007489685099113931,0.010338285741326116,0.008536525828206179,0.007264453881774244,0.009886074497033713,0.007546761092171545,0.015976391972660882,0.0069696105815985265,0.00620177190706326,0.008559349815204204,0.006114912817355046,0.010808424213264481,0.020573848989696168,0.0087227329024404,0.004607378853502885
2024-11-04,0.007298038421232876,0.011483317397146484,0.013493876333563198,0.014128752637202605,0.009800986486377483,0.00539586140815138,0.011564024380282138,0.01061301023467403,0.007148459191991882,0.01776021638979203,0.021671415571145488,0.038768470275118455,0.006594278453298563,0.4126468644180015,0.007742712320804319,0.009812784999281352,0.006478194315737093,0.02326786775388534,0.00866227352057015,0.0065193950521863315,0.024964272017641023,0.043930824133843846,0.00817762301371083,0.005206498568029893,0.008210558640400963,0.02261147902916922,0.017859051231812056,0.0056432763569055945,0.01090163486020096,0.009341658702191705,0.015021522110317063,0.006105813232645361,0.006622476475731459,0.014778519933478585,0.010105276276556803,0.007470990320428843,0.010341564612722974,0.008463461682897664,0.007275780128976102,0.0099336649661323,0.007539018581213467,0.016132659343324626,0.007000812890212723,0.00616784721181482,0.00857735493840946,0.006122613987405747,0.010730414611054,0.020583206780232507,0.008717218280741177,0.004612107521355552
2024-11-05,0.007311487568615485,0.011471787539058517,0.01352546141224006,0.014142789808204029,0.009824310771089034,0.005407000773772251,0.011526512932263328,0.010679552197316705,0.007165514764145332,0.01771184079608986,0.021676462328314418,0.0388416859217644,0.006625380571111911,0.41180572578855085,0.007771555625053465,0.00982511399376334,0.006495049884023942,0.02338129579867978,0.008712385960906403,0.006508353909564338,0.025048281285661403,0.04388877081873571,0.008199453725026945,0.0052065845374101504,0.00818930593703121,0.022633294966200965,0.017894729449632243,0.00564855415263798,0.01095068419193622,0.009370686001553408,0.015041383442407475,0.006099538067827434,0.006653443781459433,0.014851927278784614,0.010123566834536494,0.007481468411889202,0.010349785818782686,0.008488776294907645,0.00728440283783531,0.009932204216430394,0.007569287827376855,0.016086113910851695,0.006989920313586279,0.006180746256893601,0.008561116078969982,0.006129740888058882,0.010784047590520275,0.020574137890569846,0.008754305298886971,0.004624473549071287
2024-11-06,0.007292816655622611,0.011461765960939443,0.013509040685948567,0.014093495721082597,0.009809222004361356,0.005387311816486756,0.01154546465915411,0.01065781813784701,0.007176982649892099,0.0177389443593338,0.021728600743053023,0.038867235306610334,0.006631989774142648,0.412080090136741,0.007766210525104314,0.009826214532495084,0.006512368015919272,0.023426206112912237,0.008685584616436835,0.006512646495200204,0.025025632062585793,0.04381022837033825,0.008198947100229698,0.00518804840403529,0.008227528249872799,0.022603087929874997,0.017907919839233295,0.005633645264125182,0.010928595429982861,0.009350488372692364,0.015020429972933146,0.00609909490112446,0.006637329117358456,0.014861234322565892,0.010130669085569987,0.007469726301363305,0.01033167944661656,0.008492761464012797,0.0072856551064631484,0.009918807756260155,0.007547576358777634,0.016029047065472757,0.0069791270376638554,0.006204785370517862,0.008549839330239046,0.006139090165853245,0.010796192217812148,0.020567058689044918,0.008737168767495692,0.0046185975906010675
2024-11-07,0.0073132464133660756,0.011433831610291802,0.013528697594252306,0.014102705066202075,0.00979550205015229,0.005415813473891698,0.011527288772792858,0.01067480246835133,0.007143821710039846,0.017736747128133043,0.021687663387954907,0.03877995360865857,0.006636282092140569,0.41237092647514667,0.007790018057165263,0.009816420196717834,0.0064656278015688285,0.023323704526029918,0.008673917966895138,0.006502181070207456,0.025104767553625375,0.04386218801328895,0.008224539046797513,0.005195036738083311,0.00819667353177764,0.022570522408842913,0.017839637185029716,0.0056547707189882005,0.01092278640509306,0.00936149549042903,0.015070906690487818,0.006075895219139611,0.006660029423733301,0.014854953261078488,0.010122391827328643,0.007481785041525676,0.010341927757460151,0.008520378137171767,0.0072638850993239044,0.00988156881225504,0.007557357231037425,0.01598932611169107,0.006977045972336457,0.006177476032297978,0.008567187394971513,0.006094600734634418,0.010814812075983816,0.020574312828602576,0.00871916097290226,0.004603430814123871
2024-11-08,0.007321118356116578,0.011441584793409473,0.01346643043320184,0.014108723714806454,0.009794893633717668,0.0053942882814291306,0.011591240135099911,0.01067098905591985,0.007131553298363659,0.017759117440146834,0.02167935999631078,0.03883452136866713,0.006660673364392219,0.412551474213656,0.007796892084301766,0.009806941355152834,0.006470133904366241,0.02331522781114163,0.00865574607352638,0.006501340426338753,0.02508578606416215,0.0437982753808242,0.008247687072019156,0.005175345477334441,0.008249368397875934,0.022539236239455376,0.017820997482177,0.005682317223336413,0.0109110672978208,0.009379133903917817,0.015067813414985972,0.006080156747876828,0.006652653800077691,0.014865049985535145,0.010128545460748536,0.007491806299527421,0.010319794938016434,0.008578912564532604,0.007236218955783865,0.009830058700839979,0.00749990790601827,0.015958431145828324,0.006973549881791062,0.006173958638369624,0.008540192514136239,0.0060907410068750875,0.010806475578090183,0.02054152814252562,0.008717184580551372,0.0046055554589015234
2024-11-11,0.00732291387642176,0.011474804549011538,0.013534808629143786,0.014122572604274774,0.009803016172985138,0.005400628741538896,0.011541554062463794,0.010657749682248426,0.0071332461377210865,0.017684472451660976,0.021601351647101336,0.038791582559672085,0.00663396574809411,0.4125903273039932,0.007778768157897982,0.009826199403366171,0.006470312373890544,0.02333202694989422,0.008653512160708438,0.006500123380808016,0.025056636922487198,0.04370410236942671,0.00821520324605209,0.0051910069468037445,0.008199826741092322,0.022554917842360418,0.017843686722598406,0.005674734010708147,0.010942788903869027,0.009367866666958114,0.015040125828311112,0.0060913310334841705,0.006665976889250824,0.014890701348512222,0.010141873445661071,0.007485006401241146,0.010337732849141464,0.0085377881339581,0.007264108004198427,0.009879925882166527,0.0075529055528573055,0.016030949723806854,0.006977040050294011,0.006172349016844175,0.008569901085494824,0.006103101986712248,0.01077307933618249,0.02054745401758369,0.008720471152955014,0.004613471296091877
2024-11-12,0.007311477963910359,0.01145126326256136,0.013551711318970075,0.014099038361167878,0.009803384126457176,0.005412476440387419,0.011513386447658846,0.010664186643211277,0.007150119113433525,0.017708069173441834,0.021666846226535415,0.03879378586822241,0.006632606104572095,0.4122225900724627,0.007781963056279188,0.009833745451511456,0.006477320059512911,0.023351427934992387,0.008664666030488329,0.0065035391484243145,0.025099339114582193,0.04380821163626048,0.008211015225909793,0.005197579585354323,0.00819236320583301,0.02257701090393826,0.01785975354288794,0.0056566265670410605,0.01093085667129492,0.009359274363772995,0.015055702075623286,0.006088053620289019,0.006664824125156298,0.014880920606211911,0.010132873458425784,0.00748545655779178,0.010349484982905902,0.008508621481285655,0.007279108878056554,0.009904555596313298,0.007574293571611919,0.016011869168778538,0.0069747857937831085,0.006186367109039532,0.008580273925093465,0.006106879548104283,0.010810603292018038,0.020589803049516003,0.008722004226851878,0.004607885312067753
2024-11-13,0.00729686029982205,0.01145794119645462,0.013522038841445249,0.014074077344204705,0.00980606326232254,0.005391690994880246,0.01153418511211827,0.010656189760748922,0.007164044885009932,0.01773871899093468,0.02172135068808707,0.03886075560020857,0.006636684146469801,0.41214114383256045,0.007777739138929128,0.009836009294488503,0.0064999495558958845,0.023411601430041184,0.00866264523671051,0.006510100606527415,0.02506248006899862,0.04380501974471028,0.008205186717357982,0.005185496750109938,0.008229803406643562,0.02257506552745356,0.017883436594997023,0.00564444349763661,0.010915531797693891,0.009349949517926398,0.01503169129916216,0.006091166296381692,0.0066476388366254685,0.014881134842000788,0.010134773315393282,0.007481619414349494,0.010337544816085285,0.008505769336257463,0.007277840476507315,0.009909694181849038,0.00755402591026842,0.01598469296139299,0.00697475311492292,0.006207134342324977,0.008559260353038353,0.006123383058995478,0.01081574056908983,0.02058372243952812,0.008730811147981502,0.004611399446457852
2024-11-14,0.007292713707720309,0.011461638705292763,0.013508597901034746,0.014093254692474083,0.009809034563716032,0.005387202560749459,0.011545753020228845,0.010657617221192194,0.007177007465172236,0.017739422653243114,0.021729127452402023,0.03886719538338664,0.006632133544035411,0.41208420353846925,0.007766256725667859,0.00982599222600033,0.006512347363233485,0.023426365643806554,0.008685529437633411,0.0065126617046605524,0.025025427756799012,0.043809987013465834,0.008199052958506436,0.005187884207383874,0.00822788565372468,0.02260275079563488,0.01790771350934378,0.005633551361806465,0.01092833317369684,0.009350326713560706,0.015020501590289859,0.006098966745012494,0.006637163996767498,0.014861052933366337,0.010130582771366529,0.007469582535664813,0.010331414197683587,0.008492907461477047,0.007285485093277592,0.009918455451265247,0.007547271451671188,0.01602849448605586,0.006979081903622157,0.00620488449589798,0.008549626065715021,0.006139045550198745,0.010796260435249054,0.020566731992989112,0.008737012728050855,0.004618509460336871
2024-11-15,0.00729270717297157,0.01146178210032492,0.013508978827946707,0.014093194524041818,0.00980916026826002,0.0053872157967359054,0.01154549759901603,0.010657677364593799,0.007177092797399638,0.017739048203533392,0.02172891741248911,0.03886735030550246,0.006632008294108515,0.4120814762322421,0.007766196782284579,0.009826264413946992,0.006512477928513035,0.023426452725404223,0.008685399713674118,0.0065126845809615665,0.02502549216173235,0.04380958888122401,0.008198946489869262,0.005187972272896553,0.008227699959794143,0.022602938447650673,0.017908004788108854,0.005633559970819298,0.010928497368156452,0.009350385640686609,0.01502032604219971,0.006099080537651415,0.006637231416106265,0.014861289213690796,0.010130750286990607,0.007469675551822662,0.01033157509221656,0.008492774946293987,0.00728565512981556,0.009918795095585024,0.007547461986661048,0.016028831845993803,0.00697908560756386,0.0062049356559899845,0.008549734744877403,0.0061391654422339,0.010796233959548715,0.02056708633756136,0.008737072647789706,0.0046185694345192395
2024-11-18,0.007292952126135114,0.011428862104912943,0.013443702020597097,0.01409874889866527,0.00978602879860242,0.005387969271781809,0.011583105198141293,0.010652567625954876,0.007168458882135403,0.017794056506292816,0.021776563664102563,0.03884770326879708,0.006654543373519454,0.41253965854917374,0.007777271432585887,0.009784481886046002,0.006491065070526062,0.02338903788609036,0.008701804521868077,0.006509250290246982,0.02502134437372724,0.04385985037559661,0.008223011269101828,0.00517431664308044,0.008254277141672345,0.022581215269834868,0.017865781025410178,0.005635014334131982,0.010896880495685268,0.00934822880179863,0.01504891982987576,0.006079661131576811,0.006624731303048903,0.014821100166741518,0.010106089287403192,0.007456707745216387,0.010302070726096249,0.00851796770838069,0.007256917045297637,0.009863468067180527,0.007510620859626377,0.015967712342740498,0.0069768349558616775,0.006194264968025294,0.008529241045125391,0.006118836511921912,0.010803543098620189,0.020526725338939844,0.008721209095778509,0.004605627666327976
2024-11-19,0.007304334538786381,0.011460372049225752,0.013342816788797977,0.014212323330792993,0.009828924188781299,0.005368294251012376,0.01159239757074024,0.010651650282218877,0.007169690803671279,0.017798081555366496,0.021627642745819065,0.03869942984865009,0.0066482642675087375,0.41299182821767205,0.007799646529822135,0.009786575021550043,0.006509587935890147,0.023327593998120504,0.008671808696764937,0.006521249797627895,0.024972543707862536,0.0437393809483585,0.008246878286275688,0.005160888193394124,0.008228394611752118,0.02239721719602258,0.017920703613459703,0.005683193159855619,0.010884732115901345,0.00936402623932741,0.015093217356331807,0.0060301738467737915,0.006610249476921271,0.014870903719429346,0.010087108097286373,0.007463594598501958,0.010274337793259949,0.00857136827216623,0.00723091504488895,0.009881487624832663,0.007494610645773294,0.016026554195058423,0.007002225963470817,0.006206405165864521,0.00850914356507975,0.00615051735253788,0.010718448995769358,0.020548892739066262,0.008716133714278616,0.004603241341679876
2024-11-20,0.00730712876547151,0.01145810585666911,0.013346695833604939,0.014207586311107386,0.00982866905283399,0.005366983967491323,0.01159262064043674,0.010646199236545816,0.00717355255375676,0.01779241711338401,0.021630020486189425,0.03869562877826883,0.0066493559535013855,0.41306239923952576,0.007799039834306971,0.009782361260414946,0.006508140778102781,0.023338910498009943,0.00867097843776051,0.0065180329475654,0.024966251954369547,0.04374209006564062,0.008243671543403372,0.005160740404594421,0.008224142064576513,0.022399064038309834,0.017913288141011056,0.005678485385948173,0.01088140213611164,0.009360220628681986,0.015094489453559165,0.0060322507427759565,0.006612137402183744,0.01486330089633938,0.010088362063316243,0.007461127765021411,0.010271064123381744,0.008570472655483555,0.007229734750966947,0.009879967380444568,0.007490722626999526,0.016020537004701848,0.007001054529147436,0.006205217415431333,0.008515013884312908,0.00614663064870945,0.010710035680533867,0.02054564143446524,0.008715582539546421,0.0046024730950845446
2024-11-21,0.0072961368908374055,0.011457999926967697,0.013335573787583651,0.01421609263315786,0.009834387390065504,0.00537450365636042,0.011583764380343165,0.010663583253084233,0.007167757966085757,0.01782782864373305,0.021650602915781306,0.03874023095142141,0.0066523383910555185,0.41282264995496026,0.007800392500099181,0.009798753192834212,0.006511496858489648,0.023291207163917606,0.00866841013589702,0.006528472749119692,0.024985806297926273,0.043751385213273486,0.008252761982009076,0.005160308725562237,0.008228766085163293,0.022379278622684892,0.017920702191666884,0.00568513098715993,0.010893444904666951,0.009370603752187717,0.0151026859327167,0.006014166454459815,0.006608234710693314,0.014891602885407858,0.010080763174066526,0.00746913754762848,0.010287038120649662,0.008580759608470814,0.007227615334491178,0.009883481585430506,0.007498001698931238,0.0160288890255073,0.006999443214474803,0.006203542923538624,0.008503715980566812,0.006161059785361036,0.010727953062422935,0.020560601191024194,0.008716762673708977,0.004604172986353886
2024-11-22,0.007282005045344569,0.011421666615945002,0.013368060248024925,0.014193532726638296,0.009828376943918594,0.005383928272103349,0.011584521252105873,0.010655323977333325,0.007180859772984648,0.017835418146588965,0.021687194331099065,0.03870157062897451,0.006638061585104402,0.41248952504688974,0.007800934100494468,0.009799694602584636,0.006521036224413716,0.023342063021806005,0.008699653844952799,0.006520163448765307,0.025046528352672185,0.043823321176332815,0.008239513542608101,0.005179641482552724,0.008228839111826576,0.022414970275734546,0.01796288124696509,0.005674424145606196,0.010885475471543624,0.0093519163130462,0.015124676765749015,0.006030726112446435,0.006609709767227639,0.014872823021637192,0.010087041841524038,0.007463005076758497,0.010281782457993532,0.008536127474808695,0.00725617969806281,0.009911231109317188,0.0075175215807314,0.016009458229404968,0.007005710354038157,0.006233005154701124,0.008522725744700445,0.006151309153690673,0.010768980835901484,0.020572005638864056,0.008714083748890216,0.004590795278592084
2024-11-25,0.00729813707687182,0.011456776972952406,0.01342913015885657,0.014130238891918312,0.009836260661548258,0.005394013582059358,0.011544825608836034,0.010688571843025753,0.007181211385215936,0.017804355837593468,0.021703820351948813,0.03874894196037897,0.0066321166035731745,0.41154440073459636,0.007802878628794786,0.009841958136711777,0.006559627485606063,0.023391966830157495,0.00869556479696395,0.00653264996586315,0.02503531119927989,0.043902372173492306,0.008220033938566025,0.005197316756104578,0.00822230832324325,0.022553387049798326,0.017976005122177303,0.005660982636073575,0.010923660335111511,0.009380745773155832,0.015089870197904668,0.006067556175373233,0.006622881727675359,0.014952843166781403,0.010121887000935787,0.007488387842104399,0.010331112822308725,0.008515171048216415,0.007267914107605429,0.00997780253353191,0.007550006706194603,0.016040633304073307,0.00701272647381349,0.006229892372651081,0.008530522601838347,0.0061687361563872835,0.010806826957992474,0.0206351961813183,0.008699222233645384,0.004601239569173498
2024-11-26,0.007298436094951046,0.0114183555373558,0.01336517450524755,0.014124402481650306,0.009824572979584376,0.005397197585217597,0.011573309164835418,0.010674101503428996,0.00716907641351334,0.01784235259509841,0.02173328361601242,0.038728413454000285,0.006650812933323382,0.41203569814289775,0.007815526546207574,0.009804377582862992,0.006536087480823875,0.023352715807134335,0.008700343805435743,0.006525568524499368,0.02503914646029434,0.04391115777541641,0.008231873029779391,0.005185252245470817,0.008245761981175123,0.02254378879158825,0.017941255145288274,0.005662287214675531,0.010900990083937084,0.009383740193047873,0.01511223631819752,0.006056650177011355,0.006616479881052427,0.01491419266999309,0.010103743448414967,0.007481742951876479,0.010305918278646789,0.008531749849694249,0.007244107007611833,0.009935428161520243,0.007517188302519357,0.01599425383623516,0.007010785468420173,0.006219938006794285,0.008508679493809766,0.006150509626587384,0.010811310158554664,0.02058486880663088,0.00869002104231329,0.004595136839362519
2024-11-27,0.0072990524497208616,0.01142140505332248,0.013370225647416066,0.014123657581399775,0.009824210946856727,0.005395843648526018,0.011571325123129524,0.010673955191723943,0.00716977016483866,0.017838395988490137,0.021729920903286803,0.038728079782206944,0.00664976226931442,0.4120285430002407,0.007813577341411748,0.009805707721235606,0.006537594904246498,0.023359206674630647,0.008699547074281846,0.006525121138828445,0.025038055729468205,0.04391233792931384,0.00823053020251659,0.005185648320009202,0.008243460530356815,0.022543139869521375,0.017943569779055753,0.00566085766632301,0.010901309556702932,0.009382200834032657,0.015110562763721136,0.006057216703806435,0.006616576749239183,0.01491512712571916,0.010104924904053642,0.007481256749550131,0.010307000967292564,0.008530366721740842,0.007245464027426754,0.009936967508340899,0.007518436072374994,0.01599630337309257,0.0070109081187846615,0.0062200015273719935,0.008511093672404794,0.006150584324091701,0.010809533661118146,0.020585442165125385,0.008690711905924832,0.004595507936412003
2024-11-28,0.007302245929062566,0.011430155977093851,0.013423621378966764,0.0141210284838804,0.009852840050159883,0.005394143833103765,0.011546724707753857,0.010694462758819764,0.007191765744514113,0.017905074510339392,0.02182006641574233,0.038856968159296915,0.00665797459239498,0.41134144323754296,0.007811960611457871,0.009834058960699102,0.006551337009309578,0.023334682788220942,0.0086870106735503,0.006534145413037445,0.02502988776084674,0.04390361269807403,0.008223921835758406,0.00519386824739189,0.008218147262589069,0.022536908625351175,0.017925691084867197,0.005651373340078203,0.010917335451315801,0.009382185372202366,0.015147604074388126,0.0060286536319617955,0.006625105285422897,0.014958701226250813,0.010108136541352722,0.007498610381927843,0.010358367187719543,0.00855735031748989,0.00724536598652346,0.009963154679032337,0.007528439358518358,0.01603143536358097,0.006998552231297153,0.006217514650409449,0.008538594075204084,0.006178596983195183,0.010799081869594837,0.02063199898586305,0.008704544152793064,0.004605550104052739
2024-11-29,0.007299564417641676,0.011417537111232992,0.013368677648386807,0.014121345615680457,0.009827736340495377,0.005397329195860455,0.011572781283059523,0.010677049892398937,0.007171549894006648,0.0178570888602416,0.02175121923842205,0.03874767142645463,0.0066548175549422705,0.41194124352612116,0.007816633677336631,0.009804840434663677,0.006535886790988168,0.023346267582479617,0.008700272576785817,0.006526945635220708,0.025039447659880896,0.0439150291452231,0.008233216943049602,0.005185257554493278,0.008243340273156121,0.022541921575426636,0.017934660464881375,0.005660520797693408,0.010902351117703971,0.009385056163314169,0.015121591557262988,0.0060519471586858884,0.006617682448008064,0.014917119213365375,0.010102979072115438,0.007484838415480956,0.010312610333823915,0.008538471702647382,0.007243057512463632,0.009937022893865687,0.007515637897870222,0.01599612169170759,0.007009080906523513,0.006219710656341834,0.008511399361704157,0.006154095085942883,0.010812198177818142,0.02058885472894264,0.008691847009276651,0.004596473778911256
2024-12-02,0.007298027074228402,0.011463153770992007,0.013440675593972926,0.014130573308870176,0.009838432010026247,0.0053937175950434044,0.011538191834523657,0.010691043466700927,0.007183555048549679,0.017795324841823768,0.021699243616871953,0.03875654308447154,0.006628761731415793,0.41147132986700685,0.00780144634386379,0.009848727723729031,0.006562774614036721,0.02339531312247804,0.008693317769333785,0.00653439882300962,0.025034010708692923,0.04389644194450262,0.008218130571691523,0.005199527285675993,0.008217322889283908,0.022556993569477324,0.017980550595969626,0.005660483489723134,0.010928072614476442,0.00938109916415343,0.015084950964722987,0.006069991088658461,0.006624379331527131,0.014959872514228664,0.010124974783396263,0.007489335213404984,0.010335506272665945,0.008512353436820587,0.007272190245511836,0.009985111987358238,0.0075551416756676985,0.016047699741955856,0.007012112476303773,0.0062309085380308936,0.008534193650995189,0.006172350749882898,0.010805588279782907,0.02064460979182033,0.008699577258449378,0.0046019679242205866
2024-12-03,0.007302209249522341,0.011404340504695057,0.013386638736264228,0.014108497313017996,0.009840170778140409,0.005397887179949569,0.011566356156583212,0.010691026201899921,0.0071856581521577015,0.01793027439122714,0.02184229231010485,0.038839900977178245,0.006672921154550576,0.4116860571438148,0.007820548369523145,0.009806242990055588,0.006532332449191839,0.023299654804557954,0.008694264766466989,0.006532281813159868,0.025029820457206857,0.04392510476433859,0.008237839027350358,0.005185257728694635,0.008227729690501881,0.02252264446778311,0.01788360030134786,0.005651395327504382,0.01090398705939641,0.009385967964103329,0.015163323927291314,0.006022438462574651,0.006619259940325153,0.01493148415587385,0.01009723731408611,0.007497052944072907,0.010340561244586922,0.008569370522144735,0.007229894972030515,0.009936066695521035,0.007504181132812778,0.015996653745266567,0.006994337814705694,0.006210395032981467,0.0085232917713504,0.006165910074863463,0.010804400063811743,0.02060330321694473,0.008697806588496377,0.004600128149970809
2024-12-04,0.007302210141629258,0.011403794233000284,0.013387204827254301,0.014108290960049905,0.00984057690277177,0.005397862780255081,0.011566051497798772,0.010691452352998202,0.007186126312357933,0.017932505685657088,0.021844954255403986,0.038843145202463666,0.006673420256695061,0.41168431997377564,0.007820629353227443,0.009806296364911973,0.0065321560464007365,0.02329784275411104,0.00869374198207157,0.006532463642209634,0.025029217720315914,0.043924755169487247,0.008237892411262946,0.00518528730092589,0.008227189732698826,0.02252176052471849,0.017881612376225212,0.005651132413067616,0.010903825128719086,0.009385761372358262,0.015164580277221987,0.006021282022060229,0.006619152452095583,0.014931943176895454,0.01009707434008068,0.007497335568129191,0.010341304725321427,0.0085701847883397,0.007229206075142823,0.009935711924231825,0.007503649990817065,0.015996620771136966,0.006993703535598239,0.006209790500375671,0.008523512354932204,0.006166132485036095,0.010803756655831288,0.02060347794996436,0.00869791646532449,0.004600184266642042
2024-12-05,0.007302170387179534,0.01140371502321364,0.013387257445919665,0.014108236094806497,0.009840562040805478,0.005397884720570983,0.011566015814948379,0.010691400848103806,0.0071861424171483735,0.017932532246104242,0.021845039059487228,0.03884291209203591,0.006673379202028445,0.41168439161584985,0.007820633267065627,0.009806274367198758,0.006532163344252287,0.02329786796382016,0.008693794791637566,0.0065324492561224645,0.02502930028788477,0.043924876067640235,0.008237873377519633,0.005185315647558876,0.00822716975250674,0.022521794553669632,0.01788162548847767,0.005651105805130753,0.010903800828944245,0.009385736482819384,0.015164615032195829,0.006021300176381546,0.006619140186805993,0.014931894335479876,0.010097068959836043,0.007497316379398839,0.010341292918618008,0.008570101866669294,0.007229256185993073,0.009935758298485014,0.007503685665251954,0.015996553363047412,0.006993698297884008,0.006209840605681481,0.00852353859333794,0.006166121346324905,0.010803823530211833,0.020603514213440147,0.008697902689144693,0.004600157065361399
2024-12-06,0.007302145174850954,0.011409279229575653,0.013381576011294501,0.01411121231547839,0.00983704969250581,0.005397857501856116,0.011568791567678682,0.01068762557369529,0.00718162428505408,0.017910858184995573,0.021818266993465597,0.038815158023724955,0.006668694714179852,0.4117164520278804,0.007819767114088503,0.00980599534724314,0.006533658991749542,0.02331419490758092,0.008697347670455617,0.006530948357138098,0.025033883701490935,0.043925058116460226,0.008237131938459447,0.005185009686427156,0.008232379649761321,0.022529426271037163,0.017899689459643528,0.005653887747841537,0.010904763250660723,0.009387060361168468,0.015152501931228166,0.006031537720043402,0.0066197855433707325,0.014927838805524575,0.010098812384720782,0.007494480933678728,0.010333959349702652,0.008562221183269074,0.007234758417358607,0.00993795553974581,0.007507996841138366,0.015997492962219122,0.006999320244372086,0.00621441897727382,0.008520715270913111,0.006163763330058659,0.010808538418954128,0.020600703578320785,0.008696704284076606,0.004599700416588466
2024-12-09,0.007272610478370984,0.0114379894907941,0.013361770787906355,0.014105107538923266,0.009813956381261167,0.005424898109983505,0.011538467104448055,0.010654659067475286,0.007156355840950546,0.017805711616397307,0.02162762539111378,0.03873707681930711,0.006661601512631688,0.41290997918299993,0.007824793962851592,0.009821676836894423,0.006541719633532241,0.023312547973573107,0.008690704902586924,0.0065273504084190775,0.02502386367326767,0.04392155273507342,0.008205910426716301,0.005169017080445907,0.008240158897570423,0.022541291587611246,0.017850717511204775,0.005677283511253486,0.010857271385198061,0.00935488614955891,0.015062907546642591,0.006058632569250176,0.006609734572829774,0.01490172042464358,0.010094696676783569,0.00746743275613251,0.010231398130316382,0.008499193068301152,0.007213170839398446,0.009905369493231255,0.007526610572774869,0.01594531233059815,0.006984359448377995,0.006226125256147946,0.00848994613457384,0.006140714705584743,0.010784094021215392,0.020544753747744317,0.008655060941828994,0.004590210765303684
2024-12-10,0.007296207863998692,0.011409581155061693,0.01338273148686503,0.014103293297214414,0.009842949882154905,0.005404200581269556,0.011558078858980343,0.010689942264831978,0.007183937808472243,0.017926465682126847,0.021819694422204113,0.038854545937011806,0.006678464436315275,0.41185590842047126,0.007822159952540082,0.009809274856669489,0.006533733293700843,0.023292418700371863,0.008692175899599907,0.006530956803901395,0.025023397215061638,0.043924364426640695,0.008229505295341152,0.005182116382871024,0.008227750363773092,0.02252417581786518,0.017856831042303897,0.005656294845364813,0.010893664937345095,0.009377511559750615,0.015157682813466477,0.006022938229852702,0.006616641457989092,0.014932659624858393,0.010093985096128962,0.007496468896858339,0.010325727690978913,0.008564500332330466,0.007222035542076151,0.00992828677516722,0.007503432676389332,0.015992427481290518,0.006988714032365047,0.006211010445524176,0.00851818856447817,0.006165754260680883,0.010800295079324842,0.02058486611041082,0.008691570673480038,0.004600480726270608
2024-12-11,0.0073021134624198835,0.011403769124480418,0.013387215822193167,0.014108191677559988,0.009840595913838934,0.005397951133748295,0.011565945082975095,0.010691397258668535,0.00718612800803589,0.017932508121757753,0.021844819306706034,0.03884309087110028,0.006673442179688001,0.41168589075985845,0.0078206501576788,0.0098063018205528,0.006532178892376479,0.02329779975161455,0.008693776051875147,0.006532436364595742,0.02502924329440534,0.0439248704636823,0.008237789934162867,0.005185280358344227,0.008227174854629581,0.02252182334219245,0.017881349366424267,0.0056511570328572226,0.010903700562026252,0.00938565669624265,0.015164568934471722,0.006021305742162901,0.006619117267102053,0.014931908300723796,0.010097033198008918,0.007497311013491052,0.01034114557870764,0.008570064126182443,0.007229176352696921,0.00993567427348403,0.007503675037803524,0.015996518539295054,0.006993644331481474,0.0062098510953344475,0.008523492238646865,0.0061661268679492785,0.010803792273251709,0.020603336682257365,0.00869784510664628,0.004600165373611286
2024-12-12,0.0073021697588127755,0.01140370718900154,0.013387265171033657,0.014108232883587668,0.009840566912802322,0.0053978847198285045,0.011566011458901954,0.0106914053796235,0.007186148417766413,0.01793256004660248,0.021845072813581452,0.0388429491754175,0.00667338475893802,0.4116843742098768,0.007820634299341114,0.00980627474942771,0.006532161262779616,0.02329784587223469,0.008693788894002043,0.006532451320680281,0.025029293879923493,0.04392487294234605,0.008237873667926983,0.005185316432798243,0.008227162806597802,0.0225217840578026,0.017881601001136043,0.005651102234723189,0.010903798344558005,0.00938573341775641,0.015164631021053046,0.006021286065011588,0.0066191386185576895,0.014931899326697272,0.010097066882596468,0.007497319546641325,0.01034130183798684,0.008570110607264939,0.00722924825548378,0.009935754426886228,0.007503679545920271,0.01599655205355192,0.006993690316396579,0.006209833718289572,0.008523541574931136,0.006166123888034685,0.010803816382302902,0.020603516690722225,0.008697903787598453,0.004600157374264284
2024-12-13,0.007302169775660033,0.011403707146278245,0.01338726520192019,0.014108232889858956,0.009840566908011836,0.005397884705889623,0.011566011464043192,0.01069140536446167,0.007186148430999679,0.017932560071274726,0.021845072935188312,0.038842949102245394,0.006673384724613981,0.41168437381775924,0.007820634301907043,0.00980627473437951,0.006532161261120581,0.02329784589343978,0.008693788897866542,0.006532451319021172,0.025029293937670023,0.04392487296187121,0.008237873686933057,0.005185316449590788,0.008227162798761666,0.022521784067813817,0.017881601059045255,0.00565110220565718,0.010903798362098571,0.009385733430669632,0.015164631048978661,0.006021286056472606,0.0066191386245822575,0.014931899300306951,0.010097066896488366,0.007497319537754738,0.010341301876292487,0.008570110595111386,0.007229248292361082,0.00993575446368967,0.007503679551002837,0.015996552038315664,0.006993690326018744,0.006209833721772841,0.008523541594596293,0.006166123885032954,0.010803816387105336,0.020603516738257787,0.008697903799565336,0.004600157360243248
2024-12-16,0.007302169775660033,0.011403707146278245,0.01338726520192019,0.014108232889858956,0.009840566908011836,0.005397884705889623,0.011566011464043192,0.01069140536446167,0.007186148430999679,0.017932560071274726,0.021845072935188312,0.038842949102245394,0.006673384724613981,0.41168437381775924,0.007820634301907043,0.00980627473437951,0.006532161261120581,0.02329784589343978,0.008693788897866542,0.006532451319021172,0.025029293937670023,0.04392487296187121,0.008237873686933057,0.005185316449590788,0.008227162798761666,0.022521784067813817,0.017881601059045255,0.00565110220565718,0.010903798362098571,0.009385733430669632,0.015164631048978661,0.006021286056472606,0.0066191386245822575,0.014931899300306951,0.010097066896488366,0.007497319537754738,0.010341301876292487,0.008570110595111386,0.007229248292361082,0.00993575446368967,0.007503679551002837,0.015996552038315664,0.006993690326018744,0.006209833721772841,0.008523541594596293,0.006166123885032954,0.010803816387105336,0.020603516738257787,0.008697903799565336,0.004600157360243248
2024-12-17,0.007302169775660033,0.011403707146278245,0.01338726520192019,0.014108232889858956,0.009840566908011836,0.005397884705889623,0.011566011464043192,0.01069140536446167,0.007186148430999679,0.017932560071274726,0.021845072935188312,0.038842949102245394,0.006673384724613981,0.41168437381775924,0.007820634301907043,0.00980627473437951,0.006532161261120581,0.02329784589343978,0.008693788897866542,0.006532451319021172,0.025029293937670023,0.04392487296187121,0.008237873686933057,0.005185316449590788,0.008227162798761666,0.022521784067813817,0.017881601059045255,0.00565110220565718,0.010903798362098571,0.009385733430669632,0.015164631048978661,0.006021286056472606,0.0066191386245822575,0.014931899300306951,0.010097066896488366,0.007497319537754738,0.010341301876292487,0.008570110595111386,0.007229248292361082,0.00993575446368967,0.007503679551002837,0.015996552038315664,0.006993690326018744,0.006209833721772841,0.008523541594596293,0.006166123885032954,0.010803816387105336,0.020603516738257787,0.008697903799565336,0.004600157360243248
2024-12-18,0.007302169775660033,0.011403707146278245,0.01338726520192019,0.014108232889858956,0.009840566908011836,0.005397884705889623,0.011566011464043192,0.01069140536446167,0.007186148430999679,0.017932560071274726,0.021845072935188312,0.038842949102245394,0.006673384724613981,0.41168437381775924,0.007820634301907043,0.00980627473437951,0.006532161261120581,0.02329784589343978,0.008693788897866542,0.006532451319021172,0.025029293937670023,0.04392487296187121,0.008237873686933057,0.005185316449590788,0.008227162798761666,0.022521784067813817,0.017881601059045255,0.00565110220565718,0.010903798362098571,0.009385733430669632,0.015164631048978661,0.006021286056472606,0.0066191386245822575,0.014931899300306951,0.010097066896488366,0.007497319537754738,0.010341301876292487,0.008570110595111386,0.007229248292361082,0.00993575446368967,0.007503679551002837,0.015996552038315664,0.006993690326018744,0.006209833721772841,0.008523541594596293,0.006166123885032954,0.010803816387105336,0.020603516738257787,0.008697903799565336,0.004600157360243248
2024-12-19,0.007302169775660033,0.011403707146278245,0.01338726520192019,0.014108232889858956,0.009840566908011836,0.005397884705889623,0.011566011464043192,0.01069140536446167,0.007186148430999679,0.017932560071274726,0.021845072935188312,0.038842949102245394,0.006673384724613981,0.41168437381775924,0.007820634301907043,0.00980627473437951,0.006532161261120581,0.02329784589343978,0.008693788897866542,0.006532451319021172,0.025029293937670023,0.04392487296187121,0.008237873686933057,0.005185316449590788,0.008227162798761666,0.022521784067813817,0.017881601059045255,0.00565110220565718,0.010903798362098571,0.009385733430669632,0.015164631048978661,0.006021286056472606,0.0066191386245822575,0.014931899300306951,0.010097066896488366,0.007497319537754738,0.010341301876292487,0.008570110595111386,0.007229248292361082,0.00993575446368967,0.007503679551002837,0.015996552038315664,0.006993690326018744,0.006209833721772841,0.008523541594596293,0.006166123885032954,0.010803816387105336,0.020603516738257787,0.008697903799565336,0.004600157360243248
2024-12-20,0.007302169774971966,0.011403707150513963,0.013387265200658737,0.014108232888529568,0.00984056690250221,0.005397884710408164,0.011566011462953352,0.010691405368432815,0.007186148423629922,0.01793256008628598,0.0218450729331299,0.038842949116672965,0.006673384720877626,0.41168437377896716,0.007820634309364095,0.009806274742588291,0.00653216125442152,0.023297845885820023,0.008693788897047345,0.006532451318405634,0.02502929392948398,0.043924873039548715,0.008237873693828938,0.0051853164491021874,0.008227162794155368,0.022521784023741546,0.01788160105736031,0.00565110220512469,0.010903798353454914,0.00938573343197052,0.015164631040488147,0.006021286055905233,0.006619138620876274,0.014931899308895187,0.010097066895536942,0.007497319545776311,0.010341301889764681,0.008570110590313073,0.007229248288313505,0.009935754453500053,0.007503679545054522,0.01599655201073693,0.006993690325359744,0.006209833723356461,0.008523541601731304,0.006166123884451934,0.010803816406210991,0.020603516755504883,0.00869790379874575,0.004600157355525555
2024-12-23,0.0073018744317107495,0.01141151891179393,0.013379043831954951,0.014112916460148369,0.009835456721870504,0.005397807895032615,0.011569808250642006,0.010685709497249722,0.007179581453467835,0.01790060470447553,0.021805393973254514,0.03880250590185372,0.006666263566169282,0.41174375407911534,0.007819295936228437,0.009805852935740591,0.006534262265230213,0.023321272866328163,0.008698410580966588,0.006530269533047454,0.025035669156059582,0.04392395476598795,0.008236537669146076,0.005185002768599468,0.008234702286385912,0.022532567119354405,0.017907500136928975,0.005655193775883982,0.010904705336206574,0.00938712619297448,0.015146846935082538,0.006035912412678359,0.00661974357984878,0.014925844182581399,0.010099687627569368,0.007492905921216499,0.010330231315312643,0.008557979422374129,0.007236901168666278,0.009938434889880242,0.0075097466010451905,0.015997775668683867,0.007001613496854007,0.006216055181121576,0.008519108174533899,0.006162364092525224,0.010810124308829818,0.020598876047270998,0.00869596196927129,0.004599324000845941
2024-12-24,0.0072994826466577815,0.011417619687307225,0.013368394260544042,0.014121594651144462,0.00982749003910074,0.005397312273357411,0.011572839631926218,0.010676811330822116,0.007171348315082054,0.017855895683101843,0.021749771119249178,0.038746105451714266,0.006654487219454489,0.4119482872850468,0.007816547311571956,0.009804802855917156,0.006535907523047668,0.02334682855490956,0.008700286640684349,0.006526838029226275,0.02503945809411643,0.04391472012083532,0.008233117908052123,0.005185265849482437,0.00824354682099853,0.022542096363997347,0.017935271731445393,0.005660664284940151,0.010902258105395433,0.009384965181036216,0.015120856673425616,0.006052341244010445,0.006617592109658735,0.014916887406799285,0.010103053326353396,0.0074845970010237635,0.010312094332350507,0.008537927674565184,0.00724316613258683,0.009936919473995224,0.007515769641134765,0.015996007110461806,0.0070092413265763365,0.006219743288454573,0.008511178171072168,0.006153816212574531,0.01081216017193494,0.020588547889109132,0.008691714850224078,0.004596370993523618
2024-12-25,0.0073021647129013255,0.011403709562983913,0.013387275956083631,0.014108252763749775,0.009840568819322293,0.005397886106210346,0.011566017297455955,0.010691401262619271,0.0071861480465109555,0.01793257704868832,0.02184505825743772,0.038842940440080145,0.006673381089109769,0.4116844119864595,0.007820633997275898,0.009806278757840887,0.006532146469293716,0.023297824207581676,0.008693783647551759,0.006532452006799186,0.02502932604303922,0.04392486971172755,0.008237882387505533,0.0051853095947859045,0.00822715846908043,0.022521700850529177,0.017881609827974234,0.005651110803037727,0.010903784041596122,0.009385716895062554,0.015164651817815669,0.00602127225887825,0.006619142440752256,0.014931890908922829,0.01009705959504873,0.007497324256480161,0.010341307063119644,0.008570119638600061,0.007229254119908123,0.00993574810939046,0.007503679867577446,0.015996533863577224,0.00699369387614068,0.006209846460646803,0.00852356460380331,0.00616611679602435,0.010803818072970069,0.02060352628551517,0.008697916254584225,0.004600152649950096
2024-12-26,0.007302170020028667,0.011403710732651137,0.013387261660212334,0.014108234347442662,0.009840564645997881,0.005397884725661457,0.0115660134453121,0.01069140324790091,0.007186145646420909,0.017932547210391787,0.021845057268327323,0.03884293179898069,0.00667338213251224,0.4116843822271092,0.007820633818884933,0.009806274548828252,0.006532162220392906,0.023297856133354368,0.0086937916583066,0.006532450351286307,0.025029296948970537,0.043924874472734465,0.008237873532976621,0.0051853160919062445,0.008227166006771024,0.022521788890669425,0.017881612382339283,0.0056511038578864695,0.010903799475924332,0.009385734826482002,0.01516462366868132,0.006021292605963661,0.006619139348504235,0.014931896968312512,0.010097067845624565,0.00749731806225017,0.01034129771501801,0.008570106500048828,0.007229251984830915,0.00993575626285462,0.007503682410515781,0.01599655257364361,0.006993694018670692,0.006209836947777183,0.008523540236637985,0.006166122690176997,0.010803819767209252,0.020603515585660842,0.008697903280587093,0.004600157200368596
2024-12-27,0.007298500210215681,0.011418278724970867,0.013365168998074417,0.014124450384181335,0.009824546829909636,0.005397078170265749,0.011573369810785347,0.010674117827215305,0.007169104489590117,0.01784228969261228,0.02173352368335402,0.038728079732469695,0.006650708772233526,0.4120342556968797,0.007815493009771076,0.009804326545608876,0.006536054204043433,0.023352876190907243,0.008700373166566322,0.0065255480622610825,0.025039158016527292,0.04391099642517235,0.008231948169279092,0.005185337265926972,0.008245763003007268,0.022543781328941966,0.017941668183193128,0.005662237078213929,0.010901121190094811,0.009383814888576173,0.015112299041592657,0.0060566720209826,0.006616486157502692,0.014914208732801007,0.010103793278936396,0.007481781641751112,0.010306157333132372,0.008531770890707752,0.007244233423546694,0.009935570875801249,0.007517175602395489,0.015994381360668785,0.007010887060604346,0.00621988374579216,0.008508689926668516,0.006150485213783174,0.010811363659954791,0.02058495764710233,0.008690105095269306,0.00459512754015783
2024-12-30,0.00730116305906944,0.011412394359054114,0.01339589393370836,0.014086890827311434,0.009814932040839322,0.005407418308097708,0.011567936416459697,0.01066703514364637,0.007148693511484254,0.017847422401529162,0.021736283221145746,0.03872666980869346,0.00664642172591932,0.41216260895265083,0.00783231825410638,0.009822425465405153,0.006523145964388131,0.02331199486433415,0.008659800664787928,0.006526467499063634,0.02510776814723314,0.04391780792042415,0.008247724552043395,0.0051821209057179955,0.00824012325712437,0.02248525321381016,0.01790566498702344,0.0056758146963797156,0.010885402374761766,0.009372060143850622,0.015130877094715323,0.0060468339420848925,0.00662536235353217,0.01493667094640251,0.010101976288352752,0.007496693095312795,0.010317221538593423,0.008551972110273297,0.007235077119052243,0.009914628447258274,0.007514268215979989,0.015915987855106485,0.007003773968649501,0.0062239218271753615,0.008532377277876497,0.006129076759405501,0.010838931429663632,0.0206175024679306,0.008668847332069537,0.004580343310502024
2024-12-31,0.007301163066235082,0.011412394359626056,0.013395893946855607,0.01408689081489797,0.009814932045901639,0.0054074183064801865,0.011567936417039435,0.010667035144180957,0.007148693498527038,0.017847422427356163,0.021736283201991585,0.038726669756533744,0.006646421726252411,0.41216260897330675,0.007832318269087733,0.009822425484193107,0.006523145959399284,0.023311994854646956,0.008659800649091788,0.006526467503949398,0.025107768160183157,0.04391780786127266,0.008247724567819322,0.005182120903564589,0.00824012326137444,0.022485253193996003,0.01790566499625877,0.005675814701950178,0.010885402375307296,0.009372060148684518,0.015130877116611213,0.006046833942387935,0.006625362356949381,0.014936670945412216,0.010101976288859022,0.007496693088706658,0.010317221546316974,0.008551972118666533,0.007235077126153027,0.009914628435058791,0.0075142682146070216,0.01591598784108121,0.007003773969000502,0.006223921829660959,0.008532377294196895,0.006129076748296369,0.010838931430206835,0.020617502507366953,0.008668847324430492,0.004580343300067129
2025-01-02,0.00730098767771033,0.011412594655252168,0.013395563604935266,0.014086290380683802,0.009814571939314606,0.00540716206137519,0.011568492581878193,0.010666159177839144,0.007148335242991493,0.017848242133483478,0.02173599791773092,0.03872584607625142,0.006645952656707983,0.4121717610800149,0.007832113720073202,0.00982221396782304,0.006523145001901862,0.023310483683587454,0.00865894188507352,0.006526773348824554,0.025106523672579636,0.043919399220426966,0.008247531833135318,0.005182180301555435,0.008240424121074553,0.022484593462291664,0.01790569010635854,0.005675663046988474,0.010884796234291706,0.009371823251829982,0.015130727791063893,0.006046938567783078,0.006625062683833637,0.014935475977633955,0.010101527737231069,0.007496508225952692,0.010317297796286557,0.008551611118938788,0.007235236423896694,0.00991479989412461,0.007513982320579194,0.015916812762760493,0.00700393970167856,0.0062236327667894425,0.008532718680296222,0.006129051989348995,0.010838264345551678,0.02061775217248515,0.008668395965472255,0.004580009034308365
2025-01-03,0.007295057184446677,0.011427694609889492,0.013382065853009991,0.014068579866640772,0.009797445987613316,0.005397608489566494,0.011596956607573572,0.010612058277958561,0.007136098515889468,0.017881412959019977,0.02173160377339132,0.03868030987053905,0.006623889717856659,0.412542960548753,0.007815506923401924,0.009822507414221741,0.006520984692521249,0.023225968161543094,0.008614504228998485,0.006546606658372189,0.025052476104965138,0.04396908403371897,0.008237223893163139,0.005189646991665751,0.008261163072163284,0.022467659065081278,0.01789719979133512,0.00567076804159066,0.01084817324109044,0.009371958074154413,0.015138547608073148,0.006059839794432844,0.006612370608419177,0.014869622068867919,0.010081479273710016,0.007493176596820352,0.010332349250554625,0.008532000185960497,0.007246133935993181,0.00991625947711658,0.007500789472101952,0.015979735476785613,0.007011543414375533,0.006207010826379419,0.00855445069514511,0.006125588427374734,0.010800353767307473,0.020647968679006635,0.00864326844218519,0.0045623393492546785
2025-01-06,0.0072950578169198215,0.011427695153657024,0.013382068085039708,0.014068569765912663,0.009797443264766963,0.005397610584996999,0.011596950322675601,0.010612059410501806,0.007136096728725784,0.017881412244460607,0.02173160699327955,0.03868030827079893,0.006623889607383765,0.4125429521315403,0.00781550675120244,0.009822508933620393,0.006520986366231479,0.023225960592734483,0.008614502071583046,0.006546609189190818,0.02505247491718734,0.04396908974993578,0.008237223297410284,0.005189646987278086,0.008261165065568989,0.02246767461402177,0.017897193550682026,0.005670765739424973,0.010848172469130992,0.009371962962817367,0.01513854319642688,0.0060598450661390885,0.006612370753705775,0.014869629648691467,0.01008148301144175,0.007493180390314472,0.010332352619404819,0.008531998891487896,0.007246131949185837,0.00991626229702425,0.007500789374946787,0.015979728211881938,0.007011542396296247,0.006207007362811267,0.008554449174191675,0.0061255882938355405,0.01080036094002841,0.020647972747907757,0.00864326070719689,0.00456233932840134
2025-01-07,0.007295058527274017,0.011427695462888843,0.013382070061118086,0.01406855866237745,0.009797440267847471,0.005397612921534987,0.011596943524359107,0.010612060646454752,0.007136094738614209,0.017881411687493923,0.021731610789237178,0.03868030697593275,0.006623889629316344,0.4125429439883135,0.007815506738867144,0.009822510362346078,0.006520988032885833,0.02322595186587977,0.008614499757426087,0.006546611954520312,0.025052473728548963,0.043969096386004616,0.008237222887408652,0.005189646956129343,0.008261167424147427,0.022467691679239593,0.017897186551019816,0.005670763244297599,0.01084817151494228,0.009371968545062795,0.01513853848113629,0.006059850825819685,0.006612370877211341,0.014869637653847247,0.010081486988251006,0.007493184569119188,0.010332356216441628,0.008531997656317703,0.007246129668571044,0.00991626511428325,0.007500788956193851,0.015979719886070557,0.007011541224521082,0.006207003458974305,0.008554447354184008,0.006125588034578149,0.010800368982454322,0.020647977114164225,0.008643252189089517,0.004562339237282613
2025-01-08,0.007295058538033863,0.011427695479744121,0.013382070080855969,0.014068558552104206,0.009797440236675318,0.005397612939550033,0.01159694346586055,0.010612060644811318,0.00713609471590956,0.017881411697214744,0.02173161082129021,0.038680306978948496,0.0066238896205793145,0.41254294392442514,0.007815506731287886,0.009822510375690298,0.006520988050095392,0.02322595179198262,0.008614499726006213,0.006546611985515761,0.02505247370133729,0.043969096430382125,0.008237222880379362,0.00518964695532565,0.008261167444026045,0.022467691817001652,0.017897186477408945,0.005670763220973831,0.010848171505684921,0.009371968602527609,0.015138538432970564,0.006059850874263393,0.006612370877726882,0.014869637741559256,0.010081487021898925,0.007493184615064119,0.010332356248521158,0.008531997643077334,0.007246129655639027,0.009916265143916511,0.007500788956778657,0.015979719812905066,0.00701154122180274,0.00620700342224484,0.00855444732696664,0.006125588029350838,0.010800369068794715,0.020647977163848884,0.008643252111279252,0.004562339239762825
2025-01-09,0.007290041467527804,0.011433070261495827,0.013365549949683714,0.01410974712967747,0.009805321717853907,0.005384690502020886,0.011599394396256315,0.01061725169216873,0.007151993348119732,0.017877739135655338,0.021714799262370688,0.038723308177223636,0.00661698227660001,0.41249742684679885,0.007801094318877489,0.00979945201434965,0.006530639127740987,0.02327635247110789,0.008672931716049043,0.006535963239544337,0.025001264669177986,0.043964146155166764,0.008228248984074238,0.0051930039038802205,0.008256037539040256,0.022509239886676465,0.017927806848178237,0.005652503367409418,0.010869174999057743,0.009378697596281118,0.0151040066853653,0.0060658430766441064,0.006598368550178918,0.01483866129420069,0.010077513473093247,0.007486491572800881,0.01031420075433674,0.008509019888492127,0.007252306495979379,0.009930004645130396,0.007489648322999593,0.016035386323362575,0.007016733209520183,0.006201724602163225,0.008526513723833987,0.006148041569648585,0.010774612993992844,0.020610025394768777,0.008658911603833305,0.004578112819590207
2025-01-10,0.007310118460514462,0.01141072018249467,0.013334366718734707,0.014086407574465125,0.00977563910806381,0.005379813798524341,0.011556725555054884,0.01058964800366722,0.007148690335730832,0.017855895573954592,0.021742566646026463,0.03860257361104209,0.006608151292767115,0.4133730995421358,0.007810425032623231,0.009800122114279315,0.006507035254974011,0.02320561391084503,0.00865732731253755,0.006535621328564566,0.0249657099801458,0.043923519920315415,0.00823395429934342,0.005183948752138297,0.008227501666418344,0.022504185907907814,0.017923569311382597,0.005653619676811727,0.01086269854726046,0.009389203394906719,0.015062960592780802,0.006076054767521319,0.006576770946752369,0.01483943252523166,0.01007528871512133,0.0074654589453920315,0.010301741284806131,0.008496563677466132,0.007242405873299215,0.00994010737822958,0.007490921341381895,0.015944633944980705,0.006997744947703571,0.006153693576556361,0.008479938571422803,0.006132271093144971,0.010775371706483388,0.020593425817134924,0.00862694743415199,0.004569794046808234
2025-01-13,0.0073080784704463485,0.011469037694883614,0.013418791447834904,0.014120918818795921,0.009795172565232765,0.005377573679491527,0.011544239877392079,0.010610777655568716,0.007166005909764986,0.017814224629223593,0.021714594627778323,0.03862893845939505,0.006587869129707476,0.41279323556491304,0.00779157254498609,0.009848431279917724,0.006537599847744705,0.023257620883840625,0.008643996224570965,0.006543549701989835,0.024951223775382905,0.043863562903332334,0.008203190787011209,0.005187442824929332,0.008209774502239283,0.022539182391921816,0.017966546504522028,0.005654886863807359,0.010886498980953695,0.009364027707380785,0.015043777832147151,0.006084757431530908,0.006585880241150841,0.014888148380589326,0.010103586800323834,0.007466194350498027,0.010325749069305773,0.008480720353228725,0.00726418365011877,0.009973505081078677,0.0075260392630029345,0.01599683121057715,0.007001127567836552,0.006175855367227589,0.008509591708736072,0.006156354351445412,0.010758164219464445,0.020628469170596797,0.008643472118475484,0.004589025577706705
2025-01-14,0.007308082581839113,0.01146934241254178,0.013419248498668273,0.01412122133180337,0.009795325835868878,0.005377539638823191,0.01154414927633174,0.010610890376515553,0.007166154932453938,0.01781396920867512,0.021714532503279895,0.03862940129586944,0.006587782572026702,0.41278889735921265,0.007791505031596115,0.00984869337811465,0.0065377398999627995,0.023257813170417467,0.00864387775699344,0.006543588056081942,0.024951166136058422,0.04386308352074426,0.008203041659659642,0.005187494144746823,0.008209698012089364,0.02253953055689114,0.01796694325790553,0.005654902774353922,0.01088667131036978,0.009363950052767269,0.015043734400265695,0.006084827269427818,0.006585945702511812,0.01488843992739675,0.01010378920560104,0.007466203654670086,0.010325912503016217,0.008480685917303912,0.007264341567883348,0.009973675904255774,0.007526199167128673,0.015997161180542507,0.007001121951033839,0.006175980270214163,0.008509771660194522,0.0061565063559006475,0.010758085969527358,0.02062862897592523,0.00864361243728027,0.004589139437258262
2025-01-15,0.0073101375593800635,0.011410690493928287,0.013334253142710754,0.014086444220052627,0.009775536699821464,0.005379818527389142,0.011556588696504088,0.010589541007959908,0.007148652661830916,0.0178556463365968,0.021742331872771532,0.038602041436938725,0.006608093456687855,0.4133763248789852,0.007810443237313287,0.009800117398506456,0.00650698370267594,0.023205484214240187,0.008657318607339237,0.006535599643382868,0.02496567484934962,0.04392341672526639,0.008233952273490521,0.005183915066923216,0.008227443897973388,0.02250417061480775,0.017923638382597754,0.005653656341205027,0.010862657277069171,0.00938923919944201,0.015062731205394178,0.006076155995615517,0.006576720857876256,0.014839405120577137,0.010075301531091329,0.007465398431124653,0.01030155697210417,0.008496456944621172,0.007242422724529691,0.00994010889015898,0.007490939063856635,0.015944379466790597,0.006997722503106372,0.006153603518092884,0.008479789398287517,0.0061322099605683545,0.010775355843826299,0.02059335315371235,0.008626803480294537,0.004569772515231357
2025-01-16,0.0072738611442949444,0.0114267088024848,0.013337335683186522,0.01409367183021826,0.009798032216056497,0.0053865796326986685,0.011508045748740077,0.010579743014467576,0.007150548045372539,0.017825167670878363,0.02166503166704594,0.038653859582915596,0.00662560935846711,0.4146585564803783,0.007815018530097003,0.009807651578775375,0.006499515136397239,0.023131509662113157,0.008636331396654293,0.006517729824304954,0.024910037746184974,0.04386636490381351,0.008200719368025482,0.005167624469284272,0.008194286396264095,0.02238712908153485,0.017791212016353336,0.005672856454286188,0.010812513252948602,0.009319061678191408,0.01507105084635219,0.006034218941518171,0.006553944824075455,0.014823408416646321,0.010041766086108551,0.007444699094053691,0.01025866409611719,0.008471413486559975,0.007217004107780781,0.009896322267150212,0.0074765848409436494,0.015927650705007897,0.006945971798037395,0.006150432674490143,0.008472090251427613,0.006129874072255153,0.010704474911889863,0.02047192950534067,0.00862474613710893,0.00457144056470233
2025-01-17,0.007290177035224447,0.011389089470288511,0.013336470653982467,0.014079946003203387,0.009800312320949045,0.005397731851890571,0.011467930123392426,0.010640503985840231,0.00716774540054437,0.017855073055542375,0.02176534400888195,0.03871843691641809,0.006662293839765221,0.41392733284952077,0.007827687742973552,0.009818284836083975,0.006510044411442241,0.023154397041660668,0.008656307229367229,0.006523658886938554,0.024941439421807616,0.043811475931114924,0.008211522884901838,0.005166811460808474,0.008181216248649006,0.02248204854934378,0.017761029576210587,0.005670432743620796,0.010850491858586176,0.009346435222748526,0.015084868115936312,0.0060213370939885885,0.006578470343494935,0.014923256009637328,0.010078100678645334,0.007458790922651636,0.01027422652489112,0.008521952591868956,0.007196080513671849,0.009915400709833593,0.0075072313923982975,0.0158709838338195,0.00694413676195179,0.006142387424673578,0.008444560399544198,0.006140916766846332,0.010779996803531857,0.02048859464789317,0.008628157978405293,0.004588878924614535
2025-01-20,0.007287244064885965,0.011404819323736978,0.013325601326989761,0.014093005531170164,0.009776347916550871,0.005410564613693044,0.011488966157815797,0.010620711496005924,0.007148414551195657,0.017768563005763613,0.021625176092904996,0.038618184549957545,0.006649171074394195,0.41418564032101507,0.007826223493647706,0.009817671426395405,0.006518748920937621,0.023209570622756314,0.00867319212966218,0.006521649938346096,0.024964397762284398,0.043818692887818644,0.008203704477011142,0.005159719477230524,0.008201774280398583,0.02251073604359463,0.017806576147329504,0.005682708565879525,0.01084487440103132,0.00935267451236329,0.015032759462008858,0.006059917483130702,0.00658226048674606,0.014901114070048634,0.01008925299707562,0.007443094642699283,0.01021472854763244,0.008480178279913939,0.007205321739845648,0.009906506721608728,0.007523145467914601,0.01585868317532663,0.006962792851312396,0.006170602968354232,0.00844087421852214,0.006127105429721475,0.010783293559834263,0.02050088886216076,0.008619616806227564,0.004582537117149597
2025-01-21,0.007301061845972809,0.011413542435826584,0.01336053897488836,0.014120907501334259,0.009818651582371055,0.005395000113961167,0.011567287850056882,0.010668895671286776,0.007167263902744623,0.017838286666750965,0.021735504509371405,0.03870790237604204,0.006648285562378463,0.4121950528249361,0.007815462763687362,0.009803544484483968,0.006532437782465171,0.02334117184436729,0.008698784001615249,0.006525358023422204,0.025032761346828334,0.04390175477261265,0.008232489823585187,0.005184603674468459,0.008241295200766005,0.02254015403335832,0.017939461255285755,0.005662047946630474,0.010900009949397006,0.009384154064709035,0.015107009876284846,0.006057227019385848,0.006613307203354591,0.014913630405792161,0.010102570339893572,0.007477470968817802,0.010304911294419728,0.008529804500256031,0.007243072571567649,0.00993614428657679,0.007517714333930535,0.015981643858297902,0.007008082569607249,0.006212866724636987,0.00850242212199662,0.0061475599976257966,0.010810581367339943,0.020581405772513033,0.008685304461621515,0.004593597540477697
2025-01-22,0.007294907767130328,0.011423377559079809,0.013365526604817152,0.01411625435421447,0.009817190909881732,0.005391582378012251,0.0115841702704182,0.010655780932544101,0.007161303022618108,0.01785776424625186,0.02172547927103836,0.03872788255882484,0.006637857056173977,0.41220907503158155,0.007811933571089233,0.009800701252319053,0.006534964016932845,0.023325303268563528,0.008690359878373534,0.006528645738488844,0.025022627042644286,0.04393708772157798,0.008230692903979707,0.0051872942223587576,0.008249074708208196,0.02252840191854361,0.01793933867888467,0.005658126915849412,0.010890732116571137,0.009379747001039851,0.0151069853156404,0.006058801597907156,0.006609476691320634,0.01488649722198442,0.01009365196248832,0.007482494530782127,0.010307348013946893,0.00852301083918639,0.007247109471325943,0.00993512865630505,0.007507215393350118,0.01600636126375058,0.007013456299465311,0.00621366393363224,0.008514412850364379,0.0061503431320747625,0.010799389535368804,0.020591757106989763,0.008680573449765925,0.004589139816339426
2025-02-03,0.007272629915960502,0.011437772526768248,0.013362247092531091,0.01410418034673344,0.009814967916545188,0.005424823768225857,0.011538078209831338,0.010655011171383342,0.007156658118099504,0.017808713770269102,0.021630568960882935,0.03874048244119267,0.006662205514087204,0.4128982327353576,0.007824912546614646,0.009821687252514371,0.006541736986673358,0.023311482089071803,0.008690385604450505,0.006527400781590597,0.025023651113579324,0.043922204984471844,0.008205966222158877,0.00516923270162346,0.008239801556342826,0.02254040079594026,0.017849123196516485,0.005677042468832476,0.010857309893338638,0.009354782688425664,0.015064971827826058,0.006057656992030815,0.006609662684604627,0.014902476938108289,0.010094621369802492,0.00746806389293749,0.010232612356240412,0.008500267280478774,0.007212852549513004,0.009905507536642015,0.007526212401009191,0.015946056105690814,0.0069839970540786795,0.006225870869922243,0.008490111989282002,0.006141306908273458,0.010783989145783312,0.020544269588092388,0.008655494114447628,0.00459030502522317
2025-02-04,0.007256024306894739,0.011437984488603935,0.013360022745225008,0.014161350070634716,0.009817409673767472,0.005405397430801599,0.01154676041745299,0.010636450104199084,0.00717102346059322,0.017799791597621017,0.021590395240628356,0.03871663198381748,0.00665237292472857,0.41322251519035874,0.007815858203978798,0.009812408446026195,0.006521758293961349,0.02331501849171038,0.008691368157515684,0.006516108958595829,0.0250512724653104,0.043815539319294765,0.008213219075315248,0.005169628740182461,0.00822711578330416,0.022435119532936868,0.017880095543194207,0.005687417687816513,0.01084974560819261,0.009330414927484857,0.015088131536402273,0.0060363641808503146,0.006607745589555772,0.014867191543455291,0.010078452028037048,0.007454588375776317,0.010222271961657479,0.008512384699373867,0.0072290005631788275,0.009880745440943191,0.007516560887222667,0.015968371759412448,0.006983793770739265,0.006239210226222852,0.008501773317306454,0.0061445969445216705,0.010758344242898588,0.02052522801168279,0.008685361395351157,0.004593664655264477
2025-02-05,0.0072718198733538126,0.011437927981007893,0.013361571761267515,0.014107779470745834,0.0098138508884225,0.005423892236334944,0.011539078809149622,0.010653741085183834,0.007156905249414966,0.01780537608609583,0.021624636204060833,0.038734929060704366,0.0066610529919721466,0.412930686454245,0.007824404691993917,0.009821057840221524,0.006540786597011942,0.02331283605985399,0.008690734091083558,0.006526755755164544,0.025024748777289166,0.04391650301054477,0.008206233446535859,0.005168907332735551,0.008239723132791851,0.022535734576538565,0.017852377293806693,0.00567769159418979,0.010856966572108431,0.009353517753341312,0.015063864894382807,0.006057629920446051,0.006609528583133654,0.014899864763992523,0.01009398707557832,0.00746659665448482,0.010230514933592106,0.008499487717645367,0.007213844908634399,0.009904032353041874,0.007526345214658158,0.01594608661622668,0.006984343850146717,0.006226912018649512,0.008490561820063181,0.006140735924491659,0.010782859199550944,0.020543759412509965,0.008656527901566784,0.004590289560033723
2025-02-06,0.007272605062217543,0.011438025513188026,0.01336169040347978,0.014105259355185721,0.009813785628647138,0.005424911357707652,0.011538525932139833,0.01065460011404221,0.007156306236776123,0.017805205951590596,0.021627131232698046,0.03873650967401515,0.006661502113448311,0.41291203811954585,0.007824774702976958,0.009821676346137707,0.006541715441005208,0.023312719828316602,0.008690758308793196,0.006527341323856919,0.025023893197468613,0.043921438256016146,0.008205898155776638,0.005168980782116742,0.008240215824162544,0.02254143879982624,0.017850974720766834,0.0056773244587332095,0.010857261337776123,0.009354899992280768,0.01506255885098893,0.006058794158827122,0.006609745566157267,0.014901594591919866,0.010094707369480515,0.007467328120548883,0.010231192810580748,0.008499012034840514,0.00721322143358591,0.009905345845640694,0.007526676286207939,0.01594518423821226,0.006984417049927838,0.006226165845119782,0.008489916684259427,0.006140614277282842,0.010784107643671458,0.02054482898862738,0.008654985174826928,0.004590194858601193
2025-02-07,0.007301874161838688,0.011404030915792694,0.013387007665961511,0.01410801530207291,0.009840717717910893,0.0053982318235003815,0.011565661182876087,0.01069136171558143,0.007186041358660417,0.01793228659147379,0.021843745574708587,0.038843686328444024,0.006673684284333583,0.4116923577832358,0.007820717204926043,0.009806417239757002,0.006532253142023137,0.023297602256901643,0.008693720819420048,0.006532373083505545,0.025029026961447383,0.04392485896380458,0.008237435228003173,0.005185128320890809,0.008227224538182885,0.022521986453118495,0.01788028355983138,0.005651388650681051,0.01090328548876404,0.009385330376959666,0.015164304628307656,0.006021388308207911,0.006619026010358412,0.01493194626198231,0.01009689130708851,0.007497275013194539,0.010340483683387998,0.008569865252688475,0.007228871407667085,0.0099353358080234,0.007503656119588193,0.015996375045208806,0.006993448578335496,0.006209923350407175,0.008523282281002518,0.0061661380740917334,0.010803687705190518,0.02060257256606734,0.008697595585564715,0.004600198319029482
2025-02-10,0.00728632631754179,0.011416882450471927,0.013377346443684645,0.01409414076506422,0.009844264709925164,0.005411734836890894,0.011542390149200577,0.010684587566692652,0.0071797583178641634,0.01791337344942713,0.02178091644041362,0.03885909615753404,0.006682624086204717,0.41218303682545687,0.007823852702364095,0.009814009396624055,0.0065349598634268586,0.02328252354968349,0.008688990341150636,0.006528624652424925,0.025012921430787146,0.04392222953630653,0.008217771558671243,0.005178890634692832,0.00822657739451353,0.022519960175161526,0.017824778732358562,0.005662756951426644,0.010877760651412877,0.009363793580026933,0.015144449251310211,0.006023999410822125,0.006611873318871452,0.014932269398411592,0.010089866236892363,0.007494465126466437,0.010303216249893287,0.008553013500596786,0.007212229778798337,0.009919008349341394,0.007504247680463825,0.015983619693263926,0.006980425574373208,0.006211326472371816,0.008509271522333718,0.006162725035965853,0.010790637388025813,0.020556248278100733,0.008681121410846109,0.004599106655446841
2025-02-11,0.00727445158616328,0.011437078738709654,0.01336171579994006,0.014107309250054507,0.009814867224560962,0.0054237032465423544,0.011541774328833057,0.0106562666995357,0.007156907515307948,0.01780816244504117,0.021632895745168697,0.038737012610003056,0.006661201876355143,0.41284716543501887,0.007824107651814094,0.009820551375062676,0.006541730866190481,0.023315549504041553,0.008691384490388266,0.0065273497682895466,0.025025304778658213,0.043922412577554186,0.008207667132006638,0.005169486084733852,0.008241237596486083,0.02254244356085525,0.017855865486896678,0.005676608010098519,0.010860223588352827,0.009357003351266479,0.015065590626615766,0.006059161333421267,0.006610267219526133,0.014902474109754973,0.010095301584073504,0.007467923691118225,0.010234963575849685,0.008501279144628188,0.007214896648939564,0.009906498256576345,0.007526122991566917,0.01594841292663785,0.006986141043581389,0.0062262499385662435,0.008491472593463247,0.006141549209265988,0.010786388497175167,0.02054794046402501,0.008657249421535887,0.004590678399749023
2025-02-12,0.007274239372582585,0.011438691398110143,0.013367458239289164,0.014099641411271261,0.00981369669588953,0.005426557795623644,0.01153730190691199,0.010653214561860814,0.0071509191523207475,0.01781030515661856,0.02162613928441468,0.03874608382493369,0.0066604577085956325,0.4128883581228179,0.00782897823926287,0.009828124903575588,0.00653880629693903,0.023304505206938716,0.00868363728279091,0.006527271788672904,0.025042597631447876,0.043929835171779015,0.008209540505292809,0.005167493036771228,0.00824013201136933,0.022530362610953182,0.017846113059798573,0.005680717842877727,0.010851798389214282,0.009353678456233765,0.015064186166536759,0.006056243771434463,0.006612831192335207,0.014904323376935142,0.010094333196851761,0.007472011318710108,0.010234585587972994,0.008502655801698749,0.007211741600551787,0.009903514934857525,0.007527269868093069,0.01592756556625871,0.006984967701334334,0.0062296368786060536,0.008495651947184081,0.006136869240300546,0.010792246041757752,0.020552906744698778,0.00865183603242781,0.00458796596629637
2025-02-13,0.007272605222677027,0.011438025589785362,0.013361690922278898,0.014105258904478123,0.009813785623533931,0.00542491151908228,0.011538525842845803,0.010654599996858638,0.007156305701527387,0.017805206311271863,0.021627130944479576,0.038736510474565784,0.006661501987448373,0.41291203588549913,0.007824775092419104,0.00982167697103029,0.006541715183237157,0.02331271913225279,0.008690757683058355,0.00652734131893626,0.02502389490319775,0.04392143916372144,0.008205898468658218,0.005168980633800435,0.008240215829462076,0.022541437785649154,0.01785097438312201,0.005677324790204546,0.010857260818954915,0.009354899893748032,0.015062558916788526,0.006058793962408162,0.006609745862808951,0.014901594818350279,0.01009470735716987,0.007467328535666344,0.010231193088724156,0.008499012308438018,0.007213221317303906,0.009905345697491165,0.007526676366403531,0.01594518258525485,0.006984417135729046,0.0062261661883403025,0.008489917211571737,0.00614061390378515,0.010784108423955255,0.02054482978632878,0.008654984898272808,0.004590194657424329
2025-02-14,0.007272564561812621,0.011438040907894544,0.013361662160797582,0.014105374194334835,0.009813795487510468,0.0054248622538264875,0.011538554886690628,0.010654576789601689,0.007156335191675517,0.017805185487661003,0.021627029807178226,0.03873637546806915,0.006661486900763967,0.41291296352101825,0.00782476698325472,0.00982166181177071,0.0065416712217051375,0.02331272816935914,0.008690757179073541,0.0065273165679842135,0.025023896213719896,0.04392128733404126,0.00820591947161001,0.00516898001632342,0.008240190521448951,0.022541155505223735,0.017851033630332244,0.005677338062876762,0.010857256124465578,0.009354827491411042,0.015062622783119439,0.006058743365917251,0.006609754239220447,0.01490151407674535,0.010094650344553806,0.007467286160210439,0.010231158178426927,0.008499047481097083,0.007213255469066858,0.009905258027247702,0.007526652752178483,0.01594520225769204,0.006984423085835175,0.006226199622879615,0.008489952213162611,0.006140605426864158,0.01078404262661064,0.020544782348421713,0.008655061262417116,0.004590194354897745
2025-02-17,0.007240910240237074,0.011453761773825344,0.013303075669410297,0.014158213070176636,0.009818538755263085,0.005401026944248588,0.011532317556881113,0.0106592390439744,0.007177464333347471,0.017749053137238704,0.02161587479818852,0.03866308788185927,0.0066551244342602425,0.4134604398598927,0.007828783889217048,0.00982303774627359,0.006517993277836251,0.023312931247792434,0.008684718790642167,0.006514126127127045,0.024987316911871556,0.04394831296134167,0.008223854169034166,0.005171136827797353,0.008222100373644774,0.0224254459133558,0.017835559651477748,0.005675810601612899,0.010858785649904584,0.009324357036609238,0.015090700319331523,0.006041109547649158,0.006636399394872227,0.014881547434875478,0.010028709694522315,0.007448832121267746,0.010220803366747598,0.008537394769743195,0.0072392885400315654,0.0098316253828523,0.007498444714858266,0.015919092775397135,0.006993056984438351,0.006227630011414254,0.008500230814209942,0.0061094364835391065,0.010725844530375565,0.020547901946279045,0.008689631849304812,0.0045899206439487744
2025-02-18,0.007254606182784496,0.011438416465922308,0.01336046732771904,0.014166417879500987,0.00981812615243918,0.005404079947077101,0.011547134809111985,0.010634746252492371,0.007172101266251125,0.017799123160021014,0.021588971595385836,0.038716916277762234,0.006651556112365716,0.41323895875523575,0.00781543513784829,0.009812754837537954,0.006519428497186209,0.023314665262791804,0.00869084749968644,0.0065152713539169335,0.02505619822219225,0.043807577873021815,0.008214432832868398,0.0051696549792644665,0.008225514938914371,0.022424941337488385,0.017882072334245918,0.005688891886754164,0.010848202035201702,0.009328279269623901,0.015090389137316388,0.006034153847845848,0.0066083185400315075,0.014864154210966974,0.010076664205349755,0.007454198751141384,0.010222204410060123,0.008514412175339332,0.007230484036077051,0.009878836440500065,0.007515603378450776,0.015969237931738538,0.006983948883093902,0.006240513801541587,0.008503412054711125,0.006144570791679871,0.010756482576499918,0.020525090024101193,0.008687631319666723,0.0045939030012757155
2025-02-19,0.007252714223918321,0.011438847138518745,0.013359899039876801,0.014172347712505164,0.009818696396308436,0.005402578676983764,0.011547519999601855,0.010633132546870034,0.007174311010610763,0.017796836827628608,0.021587731683540078,0.038714474813730304,0.006650636268149721,0.413264820302999,0.007813754132176156,0.009811561292082016,0.006518006845203803,0.02331542568139921,0.008691311162815903,0.006514613668213941,0.0250576402548693,0.043798309707042335,0.008214674240378689,0.005170010153153573,0.008223817928492775,0.022417682256322288,0.017884919698134865,0.005689696689673091,0.010847629532563165,0.009326422258271109,0.015091755009425244,0.006032589572388633,0.006607932563423458,0.014860716012403422,0.01007470967508844,0.007452569547949889,0.01022155186505589,0.00851547881284237,0.007232451922167078,0.009877252713556823,0.0075143214063289245,0.01597388706978659,0.006983931572812575,0.006240869864511068,0.008503699331686026,0.0061455987263388375,0.010753141116338846,0.020522680666782055,0.008690334974617476,0.004594505434462539
2025-02-20,0.007252932620928784,0.011437420058836523,0.013360882602476996,0.014174088292791102,0.00981934587532049,0.005403236355531489,0.011547595254358358,0.010633666112506015,0.007174000049190701,0.01779636407691719,0.02158339506838521,0.03871493604098899,0.006650688922675214,0.41327457015508473,0.007813725902528995,0.00981144488279482,0.006517005392112731,0.023313826172159904,0.008691728662597827,0.0065146463220788296,0.025054335762300615,0.04380114352555334,0.008213542176659351,0.005170553278891284,0.008221415876199388,0.02241739895308411,0.017883925092029233,0.005690418045464516,0.010848405771723739,0.009326372657636795,0.015091460828177061,0.006032682777748941,0.006608716182878347,0.014859555266262064,0.010074402547854909,0.007453316555525796,0.010221179947414293,0.00851463498717794,0.0072326483594724504,0.009877138617970379,0.007514977354570246,0.01597430303931983,0.0069842964683929955,0.006239306088090972,0.008504870413398426,0.0061449636929684715,0.010752106628562673,0.02052057509852425,0.008690944432979459,0.0045949107529034295
2025-02-21,0.00725271422141606,0.01143884712391897,0.013359898997940373,0.014172347981495382,0.009818696452359313,0.005402578631093814,0.011547520049390173,0.010633132550628652,0.007174311041543541,0.017796836713753643,0.021587731434830393,0.038714474818401255,0.0066506362503704645,0.41326482126695663,0.00781375404943195,0.009811561211026235,0.00651800676859303,0.023315425581069874,0.008691311167911726,0.006514613665966332,0.025057640007022514,0.04379830969193148,0.008214674208855126,0.005170010173037129,0.008223817795452013,0.022417682081563212,0.017884919775247535,0.005689696728776897,0.010847629624795725,0.009326422263739306,0.015091754990163143,0.006032589536597606,0.006607932576528945,0.01486071591385551,0.010074709610624332,0.0074525695280268115,0.010221551871048912,0.008515478858479721,0.0072324519870292665,0.00987725264805644,0.007514321381866853,0.01597388729486648,0.006983931604550587,0.006240869757737173,0.008503699360430913,0.006145598749974451,0.010753140932365329,0.0205226804876824,0.008690335101115304,0.004594505480480892
2025-02-24,0.0072633890260044055,0.01145924681836327,0.01334033439843224,0.014182396631427344,0.009820016778769841,0.005392410956811602,0.011548195802324027,0.010634760567452604,0.007162282826204792,0.01778168929734761,0.021560891982337464,0.03872739104046273,0.006654473564817112,0.41342679422358963,0.007811862235268348,0.009806306417224436,0.006511715079831599,0.023294608293145058,0.00867627756559168,0.0065198282487179005,0.025028689481336977,0.04376956903552921,0.008221532182990167,0.005162471405111403,0.008223298103184411,0.022397294500225432,0.017884681900085953,0.005695353186817738,0.01085473491955862,0.009335488686361373,0.015080075843347552,0.006026996153523761,0.0066061900822625835,0.014867542630043128,0.010072768136995681,0.007456348471359201,0.010226661937954445,0.008536164531464647,0.00722621816961393,0.00986690174477965,0.007508422422863782,0.015991514501326926,0.006986776620513321,0.006225690382254284,0.008491787851274323,0.006150004123467652,0.010732337502681752,0.020504321416173064,0.008695432726209025,0.004599859596566295
2025-02-25,0.0072717233373549,0.01147519479738899,0.01332487520599601,0.01419079989857948,0.009821117833692928,0.005383784353407088,0.011544386687866382,0.010636318518433352,0.007152370990869424,0.01777023692478809,0.021543280061022865,0.038739832902337706,0.0066550974474019154,0.41358503647575184,0.0078105545533520854,0.009801958891399372,0.006507033932497977,0.023278102226271125,0.008662140471702702,0.006525037354861763,0.024996116208168564,0.043734069782546674,0.008226228620888263,0.005157761677612425,0.008222847396656146,0.022389582281590638,0.017884587961893524,0.0056995942165577445,0.010859482062358743,0.0093460510013131,0.015066090271232221,0.006021885869699841,0.00660429276703833,0.014872941548396405,0.01006853120753602,0.007458367416435743,0.010232396702978562,0.00855465613097191,0.007220243291488611,0.009857917737894704,0.007503474340356198,0.016007106212689283,0.006988210665050167,0.006210323487244451,0.008478576553607238,0.006153877662458188,0.0107124441910251,0.020491660238068202,0.008696836835449,0.004604962795817861
2025-02-26,0.007265056961148979,0.011442816370989766,0.013369366210660526,0.014132190853338646,0.009800067765721836,0.005391418828363396,0.011531615308169632,0.010599915758780977,0.007187393980560288,0.017755001307676963,0.021606998103080012,0.03869941789821256,0.00665940878652207,0.4139284756484018,0.0077955436867051175,0.009777196062387748,0.006508349712532352,0.023368444812769375,0.00867649545184857,0.006501652161626788,0.02501475536453473,0.04380307200846065,0.008201550747945364,0.005160246362577083,0.008198169284209057,0.022400189856244805,0.017853716332917095,0.005661720275465457,0.010820980124818231,0.00929675559814972,0.015073946946397571,0.006034853480285222,0.006607116788388218,0.014811635894232435,0.01008156882488372,0.007437016486559401,0.010187860444907694,0.008510415164179476,0.007225446846269752,0.009851985321210031,0.007493992624151631,0.01596313962234372,0.006981469260148781,0.006218425898312704,0.008522811339534751,0.006124974739246802,0.010695502013129125,0.020484984003010895,0.00868725974270683,0.004597612935281659
2025-02-27,0.007283300271626663,0.011472698576019034,0.013341135664587878,0.01416940183210876,0.009816747103998819,0.0053777818847769755,0.011545424683063106,0.010621741037645446,0.007164048325116725,0.017751422146475036,0.021560849225188885,0.03872751363197859,0.006661396431831571,0.4138428290052987,0.0078058356794839705,0.009786105546581117,0.006500994138066561,0.02330594179069323,0.008661919806678162,0.006513246506564563,0.02497856532665649,0.04374351097468856,0.008214185361207873,0.005156424429971485,0.008208581199743947,0.02238963752780789,0.017857349506623717,0.005685653112709361,0.010842242152713993,0.009327071879056254,0.015064689006764075,0.006029756189244781,0.006611828574916384,0.014842214213945241,0.01007587988759143,0.007450849698308142,0.010217488901189481,0.008551347143253412,0.007216554199210994,0.009856062500083758,0.007490707208411649,0.01599344056394523,0.006984165872585877,0.006203928100552955,0.008498235672717895,0.0061400023316586895,0.01068371913416855,0.020472052014455885,0.008698435013010798,0.004605089015021504
2025-03-03,0.007273256965920792,0.011475486404598705,0.013326535170725469,0.0141886699625811,0.00982071401869555,0.005382885945212901,0.011544792797524867,0.010635286365150121,0.007153196083900798,0.01776836038219552,0.021544913723741652,0.038738958198525304,0.006655733979859943,0.41361041723625547,0.0078101080538737514,0.009800246346552605,0.006506500634332276,0.023279803373942202,0.008662073397154767,0.006523968574134763,0.024994057948379552,0.04373475998873111,0.008225143718658727,0.005157416298035584,0.008221590490567835,0.02238900845525775,0.01788199454496544,0.005698400277791007,0.01085761770507503,0.009344174005748457,0.015065733128032293,0.006022551532765024,0.0066050491347276405,0.014870145850572405,0.010069262484981727,0.007457642065961547,0.010231225193770196,0.008554765787779623,0.007219754957216313,0.009858126135442532,0.007502221148513019,0.016006401456066837,0.006987881555928241,0.006209581962866151,0.00848033200581761,0.006152631366295158,0.0107095745218434,0.02048910449857523,0.008696942466826932,0.0046050016979290445
2025-03-04,0.007268959739684531,0.01145108761727637,0.013305550412404332,0.014166713440725294,0.00982571027394301,0.005368141114638479,0.011508066476726087,0.010626411597405095,0.0071407371695734875,0.01768339030382179,0.021567086917251725,0.03866582657385029,0.006663217586763606,0.41444336168254653,0.0078070456977234436,0.00978514482075901,0.006512276629796246,0.023321985941087336,0.008633412466019272,0.006521996919707027,0.024916962922330123,0.04385336480198265,0.008194719653095523,0.005146160229415459,0.008224313080919267,0.02242374034357702,0.017783331867731185,0.005651578992394367,0.010836532164758283,0.009324465950392154,0.015027520610571728,0.006040365088775846,0.006657114497206821,0.014845604386098018,0.010021007747047008,0.007427267680702811,0.0102007819207537,0.008549504959149426,0.007229816220747943,0.009831494921663483,0.007482632072665902,0.01588159870667325,0.006980032026795229,0.006190631490837275,0.008514522499080539,0.006132284905228575,0.010618591225466023,0.02047609002727646,0.00866883125330952,0.004603014371651643
2025-03-05,0.007279874592305222,0.011449613455041347,0.01334768212171991,0.014182376814592588,0.009822302755037888,0.005368225136862226,0.011516235596785893,0.010612758979637583,0.007136131159929873,0.017705541779702943,0.021546800417313026,0.038680136742642965,0.006663554495037777,0.41426680025121804,0.007799943802325437,0.009787632089308615,0.006502479214545425,0.023323826652981047,0.008642885546446207,0.0065185844717553214,0.024982795976800143,0.043765374805556874,0.008189061513114939,0.005150128474710664,0.008232872091212706,0.02242769014707048,0.01781240630601372,0.005661097650641547,0.010829539106941082,0.00932305945467333,0.015036818203375048,0.006034548711288174,0.006636397631428179,0.014801499673248925,0.010049096638642466,0.0074361461252134865,0.010196644168995662,0.008538315001912726,0.007229782974131294,0.009855449658455896,0.00750197458902891,0.015928738200433022,0.006970599851559165,0.006201937754534818,0.008508299917511,0.006163349908807196,0.010639734993320469,0.020473520762229944,0.0086691814018143,0.004600552232144624
2025-03-06,0.007310741530649662,0.011451066473401132,0.013355137413333816,0.014196330318058325,0.00982635639156009,0.005365014187344566,0.01158877166349085,0.010630362622199985,0.007183310383791632,0.017777119306324474,0.02163637851935441,0.03868844425661906,0.006651744183433367,0.41324992353228623,0.007796387281638437,0.009772407680636442,0.006503112967463417,0.023370980358953995,0.008667598495703876,0.006510067704351014,0.02495074363163077,0.043747620802015656,0.008235606949657264,0.0051609848378999885,0.008213213128047656,0.022411120698718343,0.01789468928761107,0.005666533079408391,0.010874868367025732,0.009351778260040024,0.015095993176016951,0.0060377148757266635,0.006616027410724428,0.014842764466515432,0.010089921863610995,0.007454724138290895,0.010261907216764385,0.008566124846267622,0.007228117781878243,0.009870761105613121,0.007481796564681593,0.016005731503321713,0.006996738541746244,0.006200601516123609,0.00852922198091171,0.006136517153458387,0.010689570288097958,0.020540886486503773,0.008714755612869753,0.004601709158226763
2025-03-07,0.007292728626881609,0.01141929496064811,0.013375999289813176,0.014161828438137403,0.009810364409519646,0.005371748736283133,0.011571580780839473,0.01061688896809919,0.007194909113965825,0.0177862746051954,0.021688009204922528,0.03868577019323469,0.006642649692661831,0.41323212032800316,0.007781429619820711,0.009764798160453976,0.0065095088854566045,0.02340539486908118,0.008681664846601187,0.006505230237090821,0.024991325966130427,0.04382305584666729,0.008226445249931455,0.005167729373575434,0.008203064570711583,0.022404406221010732,0.017929003405035154,0.005646997460291513,0.01086176639885601,0.009328337572731353,0.015101919593759084,0.0060311927029046255,0.006609313928563252,0.014823889711614633,0.010090136593028114,0.007442218301611915,0.010250027860579493,0.008530924332824437,0.007246817343960766,0.009877891337430831,0.007495924769994489,0.015987266223224997,0.006999893691266124,0.006209019236603843,0.008546364401532796,0.006127250308837874,0.010706787291492565,0.020543325800981317,0.0087076346137752,0.004591875924363028
2025-03-10,0.007291309782632261,0.011416610668475888,0.01337790098947419,0.014159422962957236,0.00980933751692664,0.005372353718864471,0.011569562391638269,0.010615954508150302,0.007195875964234853,0.017787293023164858,0.021692768354664944,0.038685325589447705,0.00664169342449086,0.4132264069895858,0.0077807370636434284,0.009764439465338228,0.0065102324899413925,0.023408045581598695,0.008682804560733134,0.006504989347730029,0.02499362552977538,0.04382773426069694,0.008225716850216828,0.005168676810439852,0.00820234954219537,0.02240560634016772,0.017931517689070333,0.005645624617957392,0.010860821701756675,0.009327152748881809,0.015102416168648432,0.006030781467846491,0.006608875325952247,0.014822658376398871,0.010089638891051932,0.007441432100951427,0.010249622081271144,0.0085284683036958,0.007248283582610214,0.00987853086496377,0.007497268337821623,0.01598616345147693,0.006999894294229573,0.006209562493642005,0.008547074305932325,0.006126729547767571,0.010708292209552583,0.020544386058392698,0.008706770542452537,0.004591261110490281
2025-03-11,0.007279953822405136,0.0114265944263288,0.013352737894873158,0.014129492661648417,0.009808342046721784,0.00536633640423585,0.011603701684398983,0.010564689737925554,0.007175261680266159,0.01781487735801889,0.021666225788319803,0.038704182356942105,0.006615948938006024,0.41354764486816786,0.0077812998936204235,0.009762807220471447,0.006505727042703206,0.02334484566870034,0.008654178922035991,0.006507250152831836,0.024931278158326027,0.04395580087808175,0.008212542897787823,0.005182403173961955,0.008204761264379096,0.022411162659778994,0.017934953543385358,0.005638901107804243,0.0108495189301672,0.009320385929056898,0.01508672351063931,0.006039958057741163,0.006590478513384676,0.01473970247430122,0.01005011439129796,0.007434663505941453,0.010260628582803811,0.008497256997135768,0.007259412314234476,0.00988900494888713,0.007469585865057319,0.016050068737031128,0.007002591445650157,0.006195081824719502,0.008557623335710944,0.006128843212055454,0.010668864105967547,0.020563111741395166,0.008684740318633881,0.004577739006060909
2025-03-12,0.007278982000472583,0.011400210284758305,0.013393351671561821,0.014180538638075633,0.009830230720171381,0.0053733799456883976,0.011530574592307241,0.01060899793935466,0.007149383747934522,0.01772996191628858,0.021637003614478706,0.03864737021974301,0.006624745989175876,0.41376458417509593,0.007793906374257259,0.009766625979428492,0.006480099404065136,0.023364109610885777,0.008683492316121444,0.006517984011022493,0.025019663681332637,0.04382595870537514,0.00820305453429474,0.005183149763983587,0.008185577278017466,0.02240962819196201,0.017868691072711728,0.005630706599191219,0.010870375314458263,0.00933025259535525,0.015072580664252266,0.006031276712705796,0.006640623468780314,0.014750187724376352,0.010044126786508673,0.007440065117023471,0.010261258633942321,0.008508540561144367,0.007263241647984775,0.009901283018504837,0.007525108873658356,0.01596218137350898,0.0070047170296487484,0.006191959907651481,0.00855375668865609,0.006127487098305396,0.010651296754871578,0.02049344469760637,0.0087031947195135,0.0045910776337869975
2025-03-13,0.007290994109071717,0.0114158481982049,0.01337781772386916,0.014159717199227538,0.009810301701728797,0.005371890318896347,0.011568296817986915,0.010615555967031036,0.007193925028342241,0.017785900661789807,0.021691897116992404,0.038685247511613514,0.006641102939457035,0.41324883119838346,0.0077804565117426654,0.009764329383951355,0.006510182668728941,0.023409795816664095,0.008682693662367498,0.006505705852537764,0.02499320441250812,0.043827257609252414,0.008224662856488853,0.005168332249122466,0.008203537139841226,0.02240429806640822,0.017928503314267263,0.005644667655939682,0.010860568729187116,0.009326756500225731,0.015101342199010796,0.006030884543982458,0.006610052765219003,0.014820042067390087,0.01008836680619682,0.007440636774860846,0.010249696637176037,0.008527802964151282,0.007249354018587468,0.009879377088442576,0.007498110952610951,0.01598248980301825,0.006999150016160293,0.006209241048815332,0.008547355443866584,0.006127610702230552,0.010706709899450486,0.02054323669415233,0.008705509542305524,0.004590751110544076
2025-03-14,0.007261924466250611,0.011409655754591885,0.01336951678254554,0.014187286448420452,0.009825051383064252,0.005386288295620579,0.011586283040486603,0.010608031143853513,0.007127102377985993,0.017830626363754272,0.021617068912201144,0.03870487761529645,0.0066051133485294225,0.41329831461529365,0.007799992893939204,0.009788889548002454,0.006484416255655551,0.02329943315149596,0.008672676406793364,0.006541334199461122,0.025005312212087853,0.04390633853558096,0.0082128111942858,0.005203336573372324,0.00820674167197862,0.02240607338380924,0.01790326544701483,0.005652562897952052,0.010876151522584167,0.009342138539984902,0.015065662559594932,0.006036041231082302,0.006628684061765902,0.014721763316794012,0.010027627195086038,0.0074552304923301525,0.010291054700400993,0.00849138127482117,0.007280458208890558,0.009931622798858897,0.0075114899519851805,0.016034250986554074,0.0070195578652418045,0.006205664207814857,0.008554381901813774,0.006134884151920273,0.010676397796738638,0.020541951659645258,0.008687673070228856,0.004585607586539626
2025-03-17,0.00728962643036315,0.011429252006801113,0.013365227620892884,0.014202835469099158,0.009832126045695942,0.005364645186189245,0.011573131474672925,0.010577214340134014,0.007132967017003365,0.01775387617668855,0.0215785388234222,0.03865591786681259,0.0066160083143806826,0.4139032311312749,0.007801160273238425,0.009769924173997423,0.00647234848172948,0.023289362349021053,0.008655712630427177,0.006516155678759257,0.024938921802923737,0.04387490883541167,0.008205925490176019,0.005194949517078565,0.00820811296311258,0.022422330793962,0.017873636591040857,0.0056474043102482455,0.010856754610848786,0.009334145435615924,0.015043064829814785,0.006045463820756626,0.00663259390602284,0.014716111786209447,0.010023673948373392,0.0074557205899105075,0.01027614063739164,0.00852127805962036,0.0072579695324018955,0.009905531492131244,0.007490218958101154,0.0160395300519234,0.007013313455879125,0.006176084967665789,0.00855130459633604,0.006127552103004413,0.010606342847151935,0.020502670734903267,0.008686784807005523,0.004592297034374419
2025-03-18,0.007287127365621324,0.011430917286302874,0.013445682487040802,0.014207588894148611,0.009827822210545924,0.005375467865850473,0.011583710166500966,0.010599151141281082,0.007136717015832337,0.017812854551167993,0.02169874024456575,0.03873440966490505,0.0066164313031408135,0.41343457640379816,0.007768907244870975,0.009756810444515875,0.0064507634987303,0.023252764376085547,0.008688364744486539,0.006524366618126875,0.02500259437382031,0.043830421929107515,0.008209069947361591,0.005191928961318156,0.008245398017516876,0.022463281938380444,0.01781317902638206,0.005641375791189412,0.010881795345754276,0.0093131521271571,0.015045580842027702,0.0060529515512103855,0.00661916670527618,0.014643108385277461,0.010041482588352158,0.007425207174428465,0.010289468223533946,0.008489117626160789,0.007286436156090744,0.009913578462846805,0.007524086736480814,0.0160351846090918,0.007010283536340573,0.006175131866664772,0.008556985201509711,0.006130462212291636,0.010668525726287346,0.02055097841826694,0.008725693739206177,0.00459119925314974
2025-03-19,0.007300055558689106,0.011459411608410255,0.013406429138136776,0.014221013162396334,0.00981130416699203,0.0053717996361207455,0.011621061882685569,0.010606263166460295,0.007149263008367139,0.017799424008264085,0.021646544991067978,0.03873040432911827,0.006607160448648756,0.4135931316721967,0.007761369884424118,0.00976241397572469,0.006438846289614772,0.02321222265426337,0.008684372166935154,0.006506509750200665,0.024910361238157548,0.043794315138470694,0.008213193160588862,0.005185357317410038,0.008229161354923924,0.022444034180019893,0.017820957737458558,0.0056777328970193126,0.010877058608587616,0.009332110628110457,0.015037766430060965,0.006064801244595054,0.006617439596205341,0.014693062477119921,0.010070140983274955,0.007463271299165712,0.010290265476301455,0.008529136203697803,0.007247896580038871,0.009868678120081803,0.007488832967121788,0.016095895135006807,0.007002521673453884,0.0061537161923812325,0.008550036920814666,0.006108821347514216,0.010671686982328116,0.02052305231345231,0.008740408547866943,0.004609285750054414
2025-03-20,0.007287080351748226,0.011430970250585162,0.013445251081045122,0.01420707243921447,0.009827422289304189,0.005375555121713393,0.011584186156731433,0.01059922509026194,0.0071370844325219,0.01781310235193572,0.02169869001813387,0.03873445440019465,0.006616024816180366,0.41343808942235044,0.00776877087467265,0.009756515453386023,0.0064506264010543955,0.02325230051488602,0.008688342173523676,0.006524109538945725,0.025001111775095675,0.04383121050565278,0.008209050823367616,0.005191847372328319,0.008244710676826887,0.022462708002432673,0.017813895780386755,0.005641557394411883,0.010881598248365872,0.009313046280879422,0.015045809644679888,0.006052946075127011,0.0066189765220377285,0.01464341990342842,0.010041809128695123,0.0074254199780273925,0.010289567033258857,0.008489134962999715,0.007286076136560961,0.009912943130758457,0.007523735144435512,0.016036036382243216,0.007010086918908322,0.006174888792766719,0.008557068230916105,0.006130058240562864,0.010669034797054474,0.02055024674560848,0.008725917768319331,0.004591214425474141
2025-03-21,0.007300045698339867,0.01145941429969096,0.013406407977019748,0.014220970451705032,0.00981128559434844,0.005371807631585602,0.01162109149078216,0.010606262716245455,0.007149287601873611,0.01779944634035209,0.021646578389457844,0.03873042274930931,0.006607146724566564,0.4135931173900916,0.007761362595889416,0.009762402075922749,0.006438839205615228,0.02321219851060885,0.008684364804247533,0.006506496719957122,0.024910328872947526,0.04379438397297687,0.008213195129642385,0.00518535572579789,0.008229129025704236,0.02244401245533142,0.017820982428453945,0.005677742372352718,0.010877053892257967,0.009332098096893875,0.0150377827833265,0.0060647988224510185,0.006617424080462316,0.01469310360673245,0.01007016683689131,0.007463275349151205,0.010290261077898337,0.0085291255172552,0.007247876054083099,0.009868656380556956,0.007488822297313152,0.016095924601378726,0.007002515214925945,0.00615371369174339,0.008550042890335048,0.006108798031008765,0.01067172325568567,0.02052304346714927,0.008740429400258272,0.004609285701425437
2025-03-24,0.0073116815639915215,0.011455414759478338,0.013437965942710246,0.014241516219333375,0.00982236189361764,0.005384227993039675,0.011596135499763757,0.010660525082265105,0.00716292415379279,0.017752728905618468,0.02165772089746341,0.03880240292945602,0.006639959220849973,0.41295782958071564,0.007780569580730267,0.009767238827312322,0.006453621819619426,0.023306888157870197,0.00871594524003279,0.006509770784722652,0.02498391665471453,0.04372524045189216,0.00823287979368191,0.005178837024566491,0.008207173245745276,0.022471517049578303,0.017827014630307256,0.0056859774542394916,0.010903716036068592,0.009356694339654777,0.01505509732675718,0.006055330862631734,0.006642068658748106,0.014775046100169904,0.010092672229560142,0.007456201275593497,0.010286719169458274,0.008546197864090058,0.007245614127911436,0.009851505253372663,0.007514786897428557,0.016062601777155138,0.006991489910406972,0.0061662442271184425,0.00853692991210994,0.006116935936062343,0.010702544521340293,0.020513516043612436,0.008774781354581967,0.004623320819058561
2025-03-25,0.00729983950860206,0.011472083764490956,0.01341245788758105,0.0142113249391085,0.00982212543964916,0.005393896866689705,0.011559081529392574,0.010639852280065724,0.007161594696415583,0.017734927691630115,0.021573170656523886,0.03880464847720768,0.0066587949901841335,0.41361182064256763,0.007786271661609074,0.009781512751183117,0.006458475552680474,0.02328368853577157,0.00870193958939003,0.0065025972530311,0.02497114257161909,0.04373830152471719,0.008197805262177695,0.005173183610925519,0.008197467268865945,0.022461053146888208,0.017776399648324327,0.005698215983229954,0.010867906470070066,0.00932916989132267,0.015049858698283104,0.00604589378562897,0.006634458089854492,0.01477278622381071,0.01008644380044081,0.007455421957500906,0.010238226829001624,0.008523298620016523,0.007224014659082912,0.009844773704168966,0.007513500924395596,0.01603782172153981,0.006979107801646781,0.006164940173482003,0.00851006735112834,0.006116849914230284,0.01068520947386213,0.02044774277989966,0.008763324012447372,0.00462550938766433
2025-03-26,0.007299173353725159,0.011472781390276481,0.013411557118915087,0.0142095053309109,0.009822112125727719,0.005394250400631048,0.011557000485321042,0.01063899170691136,0.007161470273478201,0.017734060962324074,0.02156997759804325,0.03880355495352554,0.006659325139364231,0.41364009555354375,0.007786564619264631,0.009782222496913474,0.006458600426951494,0.02328246521979922,0.008701405021339335,0.006502439951676174,0.024970373955679546,0.043739601097317185,0.008196574155444773,0.005173223852800365,0.008196980216763652,0.02246050130390075,0.01777514024573314,0.005698469989505267,0.010866370632265185,0.009327993855863671,0.015049288107161628,0.006045447359997628,0.006634188887431394,0.014772884355238835,0.010086001140252678,0.007455535403418561,0.010236717650006222,0.008522225021968711,0.007223233802323767,0.009844891018226885,0.007513611669556174,0.016036789994608974,0.006978492905597506,0.0061649118047807224,0.008508879962735555,0.006116653595843629,0.010684117804273556,0.020445350778281465,0.008762495596259032,0.004625499708121515
2025-03-27,0.007303024186842609,0.011468489954453025,0.013417107731509581,0.014220417801720339,0.0098223166562913,0.005392072867430081,0.0115696800625004,0.010644707811737998,0.007162097806009546,0.01773955233693403,0.02158996267644901,0.03880906802374118,0.006655632876955455,0.41346206756008286,0.007784762313711693,0.009778079058979055,0.00645768177793736,0.02328944053660658,0.008704876819270334,0.006503820388570201,0.02497464726565702,0.04373242714740329,0.008204812355613834,0.0051732267872134086,0.008200252690739717,0.02246386616588412,0.017784267496986812,0.005696863300274575,0.010875933722265611,0.00933555118267651,0.015052084588855458,0.0060481286560318094,0.006636000211329279,0.014772778661576383,0.010088430816166073,0.007454966378993693,0.01024663761875603,0.0085287962002682,0.007228259459447983,0.009844496226361105,0.007513147437543945,0.01604319871845477,0.006982200497741074,0.006165395192722764,0.00851618639796343,0.006117837925340215,0.01069066678743819,0.02046141335852214,0.00876714240845989,0.004625525095580176
2025-03-28,0.007311693516188485,0.011455443513903542,0.013437947792271292,0.014241545789733795,0.009822367992574231,0.005384221779953618,0.011596140999141486,0.010660535146811949,0.007162910236204744,0.017752697111092376,0.021657653432142793,0.038802410697717234,0.006639969815275551,0.4129578912464756,0.007780575506065599,0.009767256003368495,0.00645363071330193,0.023306889217973227,0.008715937619572579,0.006509775422466733,0.0249838759173011,0.04372514726770016,0.008232881666182173,0.005178834652598927,0.008207191737087852,0.022471546290807495,0.017826972047976782,0.005686002530843865,0.010903729752408043,0.009356735371949478,0.015055069343559395,0.00605534391357575,0.006642076463597859,0.014775069880986034,0.01009267002267822,0.007456214359826808,0.010286719822962366,0.008546233419910194,0.00724559862245653,0.009851484850311386,0.007514763343117576,0.01606264034589479,0.006991487792359744,0.006166226810571467,0.008536905417935614,0.006116942349076841,0.010702502520417425,0.020513519792215797,0.008774779370495239,0.004623340770959969
2025-03-31,0.0073058452605298425,0.011428992007703725,0.013450052608527104,0.014253572831610054,0.009833793232779163,0.00537528490930374,0.011553781338812796,0.010648475206262479,0.007140416384315493,0.01773433332373665,0.021656082231875824,0.03874100421944035,0.006648668188327807,0.41320709485166796,0.0077786623486543315,0.0097762009113545,0.00645404225213645,0.023317425745741548,0.008711621900644659,0.006521119734879029,0.025040714645202335,0.043720209796623784,0.008221174462935292,0.00517888700737641,0.008235543565252192,0.022482785363142917,0.01780019495654509,0.005659610715456334,0.01090132288834979,0.009350078346632613,0.015044349262336007,0.006044232594085452,0.00664869986775744,0.014726567946520126,0.010062352445034463,0.007436099424152319,0.010280414699694745,0.00853822204506326,0.007266106756353248,0.009877356681278947,0.007538228004428453,0.0160007198367358,0.006995904458461265,0.006176255355823012,0.008535667726881871,0.006135160890064208,0.01067481505350391,0.020524029675437573,0.008753531382884096,0.004614294657683592
2025-04-01,0.007294790622852423,0.011410047548707015,0.013457503766256311,0.014231473860182333,0.00983997175639705,0.005382947265259362,0.01154445545152497,0.010639465123568628,0.007150898313584247,0.017758482019321748,0.021703955629117887,0.038735577564295846,0.006636413128026433,0.41311908476292597,0.0077763739578215274,0.009766809255514413,0.006452211541430533,0.023332722102035085,0.008721585902661904,0.006519949918223065,0.025054450641529193,0.043763339433099645,0.00821672196429987,0.005184991169057864,0.008228215022029393,0.022482057750648658,0.017813369933155743,0.005643032803758692,0.010902094370503523,0.009331462647688745,0.0150653110676733,0.006042514764811552,0.006645293709215053,0.014715601581897926,0.010063654777060935,0.007427430794860417,0.010282723814859923,0.008516053655835923,0.007277849364723177,0.009896072054267482,0.007553599448684212,0.01597104228078787,0.0069958260818921685,0.006187176969603165,0.008545669541945144,0.006132886138802599,0.010705083942430915,0.02053329620419651,0.008745886087002053,0.004602572493971635
2025-04-02,0.007294795322872459,0.011410059620977143,0.013457498490495164,0.014231460858713612,0.009839956340500682,0.0053829550624370824,0.011544489714916482,0.010639478161637017,0.007150920023274704,0.017758502003415295,0.021703962053127038,0.038735616194113136,0.006636400833565597,0.4131189512786392,0.007776372995025928,0.009766794838828367,0.0064522072978703,0.02333271003215761,0.008721591538208716,0.006519938319220273,0.025054389666006212,0.043763378145254696,0.008216730933395805,0.005184989896931035,0.00822818364206002,0.022482034023867097,0.017813411288899565,0.00564304907375967,0.010902087093685972,0.009331460173558499,0.0150653233137773,0.0060425174649554846,0.006645288107073879,0.01471562813954863,0.010063678023811886,0.007427446281470527,0.010282733346479755,0.008516056961634258,0.00727783621407549,0.009896044050718082,0.007553584561643174,0.015971091585979695,0.006995820534444732,0.006187167911684522,0.008545674936481222,0.006132869071193479,0.01070511372062494,0.020533274371523715,0.008745901756909516,0.004602574728555341
2025-04-07,0.007294894799314989,0.011410223060849803,0.013457411182409817,0.014231648115225615,0.009839915593212631,0.005382857924349911,0.011544572127880808,0.010639526760606232,0.007150780422449599,0.01775824205314996,0.021703503378213237,0.03873565878552007,0.006636513749212717,0.4131203125630156,0.00777636854732624,0.009766870678443824,0.006452199261459995,0.023332550391155976,0.008721491615367413,0.0065199583247463775,0.02505438495545976,0.04376300686845317,0.008216766732466692,0.00518491618612486,0.008228260826037143,0.022481897762178266,0.017813294082745096,0.005643160660262646,0.010902089765266286,0.00933158004483431,0.01506512186440484,0.006042514336738786,0.0066453191855019005,0.014715675889516885,0.010063674200970662,0.0074274899931727765,0.010282704814388909,0.008516228163161986,0.007277745939110121,0.009895928114672714,0.007553474594941208,0.01597126275401812,0.006995840200274351,0.006187074291677391,0.008545611872318294,0.006132893152382288,0.010704811458261264,0.020533139604252383,0.008745978584298963,0.004602653768197099
2025-04-08,0.007291307884611558,0.011426625596396397,0.01354552405602684,0.014217059564988812,0.009780615256324548,0.005401582260866549,0.011523378697935247,0.010638030373230613,0.007201870252152237,0.017629707955857447,0.021651081247293095,0.038792090457348084,0.006612984590261926,0.4130631711931573,0.007788747471410552,0.009787830875888122,0.006468449687974849,0.02325206989378113,0.0086988851291886,0.006566756993656953,0.025056881002157274,0.04372172195776082,0.008234722872798248,0.005207270210500457,0.008163742833858368,0.022538209576106652,0.017796061580070396,0.005631217288466602,0.010916620033822148,0.009318413742485944,0.015062915494694412,0.006068207813014563,0.006655402452912262,0.014813660687074392,0.010123272699701542,0.007405402018501087,0.01030387900707045,0.008434967066261645,0.007335139029513919,0.0099374123639866,0.007557291882218177,0.015961530101823173,0.006973316961767467,0.006184098063727499,0.008493377642747475,0.006157862182830345,0.010752072520532504,0.0205698315651994,0.008690873770806108,0.004596856139239303
2025-04-09,0.007296638566055028,0.011439363249670398,0.01354902419514215,0.014233693496991651,0.009809165143309782,0.005410545002171342,0.011568691710412447,0.010655359778609442,0.0072124748975886735,0.017642174591168767,0.021653875527113293,0.038805749424968394,0.006628918210713409,0.41226479006268,0.007783801126538639,0.00977869228164736,0.006473587050953305,0.023338928010420753,0.008715171683219376,0.006568080791985579,0.02511402098846629,0.04371276877825581,0.008240852276165264,0.005208449113820879,0.008187515250861054,0.02257655557618952,0.017844283524579566,0.005635200529804946,0.010917066012609155,0.009330429181905667,0.015076783590573708,0.006068498326124783,0.00667810539066767,0.014825596961768227,0.010118095863186514,0.00742822608723474,0.010299357566519273,0.008446841168085214,0.007331554843034193,0.009927588860677777,0.007563892522655937,0.01601036829951631,0.00700650228957648,0.006221044083614376,0.008525042797821536,0.006181800745313191,0.010749938140571277,0.02061588876572102,0.008724200993474695,0.004604806669845088
2025-04-10,0.007296624534319667,0.011439355540611996,0.01354905660297024,0.014233695021760721,0.009809160104156615,0.005410577971692936,0.011568704210071548,0.010655377845969823,0.007212517240206329,0.01764215785909473,0.021653845058179227,0.03880578466750242,0.006628942727283619,0.41226427341725447,0.0077838208201720435,0.009778702036726155,0.006473570565574802,0.023338999851470664,0.008715170361412531,0.006568103260679981,0.02511401850098243,0.04371270481767616,0.008240867535003383,0.0052084536712126124,0.00818751471822763,0.022576635278715843,0.01784426489739905,0.0056351896091122325,0.010917105184385887,0.00933042112790328,0.015076808502031398,0.006068509675647083,0.006678121537355254,0.014825639808282512,0.010118093800902174,0.007428245721783373,0.010299358599085661,0.008446843804609121,0.007331573204677036,0.009927582371509333,0.007563891167650062,0.016010369867365416,0.0070065194766111985,0.006221066363119046,0.008525046014524352,0.006181815519290391,0.01074996952865743,0.020615949450394824,0.00872417757020644,0.0046048029785686765
2025-04-11,0.007313629043833464,0.011467004881420368,0.013482373872114366,0.014260736789473689,0.009842700090447147,0.005370933841345584,0.01152683629562052,0.010641664733945459,0.00713539923980778,0.017656328011269512,0.02159693345563873,0.03879373665854145,0.006630247804314748,0.412912836222802,0.007773983355029122,0.009806726071596302,0.006468958381371439,0.023357150452867372,0.00869210512359293,0.006516404221120074,0.025058942998628993,0.0436820688336449,0.008201451921205824,0.005190871157893555,0.008216062644462192,0.022514230465781316,0.017855581306659925,0.005666252090431103,0.010914767386540052,0.009357703134233505,0.015022242536806408,0.006053930223676868,0.006659145141095884,0.014785061009986092,0.010070326780803421,0.007436545333425822,0.010303919190283005,0.008526791003562918,0.007285804195048023,0.009888836033415843,0.007559516950127877,0.01604689091433175,0.006999521091337095,0.006174155663666375,0.008536233870537374,0.006149616710154973,0.01067802453164769,0.020538632577229366,0.00875420276793068,0.0046259829892990965
2025-04-14,0.007281406461010166,0.011452942563020057,0.013420099354646758,0.014232225878891539,0.009836656502021634,0.0053690825556128126,0.011521915195979542,0.010641027793557833,0.007146561756888133,0.017646239828065128,0.02163196070208398,0.03878388414607797,0.006622949329038786,0.4133094360556615,0.007791380135471449,0.009800513178982936,0.0064746553663857405,0.023346764731800744,0.008668858233763935,0.006515323970135547,0.024941915002703208,0.04377137977138336,0.008202526440680256,0.005187413570109017,0.008203337143843093,0.022492409770620964,0.017808474651686532,0.005643255294342108,0.01093808373885425,0.009356563545843655,0.015007063512617302,0.006069044227606835,0.006679340612833869,0.014817313004068834,0.010037030790577392,0.007427015255280658,0.010312505489467556,0.008530840245280372,0.0073015267371948625,0.009871236251038109,0.007551058394072675,0.015974317602900696,0.007002778468958281,0.006166313062840455,0.008535927924098139,0.006112602799431514,0.010653347879664482,0.02053751235996859,0.008756749588533655,0.0046172331244030305
2025-04-15,0.007272863822009893,0.011444119901928635,0.013437481759149189,0.01422648753286603,0.009848730933922073,0.005386012188019715,0.011525073788054759,0.010642262445326579,0.007166249356643771,0.0176753954139874,0.021674747514213714,0.038772288289418054,0.0066192472319679535,0.4129085250011098,0.007789698808739354,0.009800731354307276,0.006474900531500312,0.023363738529370494,0.008688135116876152,0.006515598782672003,0.024975802466808143,0.043852649597439244,0.008201307842069613,0.005194836024168145,0.008203537625109879,0.022493687403190087,0.017813638493127528,0.005636209385958125,0.010937326055414203,0.009336711938702592,0.015035086487622511,0.006078226184680754,0.00668290266762687,0.014809772716837352,0.010046710617544806,0.007436808161013334,0.01030956663668014,0.008511858581312958,0.007313664805295896,0.009897093301296803,0.007570063210994286,0.01594803000344442,0.007006377135842709,0.006186138527652842,0.008552799541564442,0.00611608171627648,0.010688792207488742,0.020571329419665108,0.008754187817519127,0.004606515125569818
2025-04-16,0.0072728046516904385,0.011444069448962715,0.013437604443782569,0.014226459205599503,0.009848802384478071,0.00538612402723133,0.011525071837252198,0.010642295665864231,0.007166381736782867,0.017675592595020724,0.021675036304740436,0.038772268302885084,0.006619225053132503,0.4129059399618266,0.007789692850815811,0.009800739812231283,0.006474917003082408,0.023363841162239312,0.008688237355068367,0.00651560347789729,0.024975979567333897,0.043853072415836324,0.008201298765207053,0.005194885297715933,0.00820354402565518,0.02249376946537856,0.017813674713847923,0.005636166554551003,0.010937310702328125,0.009336601187087418,0.015035250013416695,0.006078281305462535,0.006682923314030277,0.01480973976964837,0.01004675145742732,0.007436866431991765,0.01030954986523724,0.008511751078100198,0.007313729617591426,0.009897245929809746,0.007570168987222221,0.015947895801923333,0.007006395576087653,0.006186257324454148,0.008552884622596048,0.006116111834200123,0.010689013834081667,0.020571561579454733,0.00875415017737992,0.004606461504359325
2025-04-17,0.007272804653596145,0.011444069451961428,0.013437604447303648,0.014226459209327288,0.009848802391644977,0.005386124027388611,0.011525071840272134,0.010642295663697147,0.007166381728649367,0.017675592599652293,0.021675036270047084,0.03877226830401728,0.006619225061031585,0.41290593987774676,0.007789692851950118,0.009800739819363214,0.006474917006286601,0.023363841179241018,0.00868823735734496,0.006515603479604584,0.024975979538987357,0.043853072427327215,0.008201298768310812,0.005194885300286687,0.008203544027804769,0.022493769471272643,0.017813674718515672,0.005636166556027858,0.010937310700100965,0.009336601185186212,0.015035250017356408,0.006078281309885658,0.006682923315781415,0.014809739780425315,0.010046751455381505,0.00743686643394046,0.010309549872739429,0.008511751076366956,0.0073137296331307385,0.009897245932403138,0.007570168989205845,0.01594789580610219,0.007006395574660943,0.006186257324634794,0.008552884624837175,0.00611611183437872,0.01068901383688253,0.020571561584845136,0.008754150179673785,0.004606461503421314
2025-04-18,0.0072728046505060396,0.011444069452428074,0.013437604441594211,0.014226459199970324,0.00984880238746037,0.0053861240263541835,0.011525071824641745,0.010642295664131102,0.007166381722267373,0.0176755925921422,0.02167503628102414,0.038772268296570905,0.0066192250520545415,0.41290594008685794,0.007789692848640396,0.00980073981748094,0.006474917002027948,0.023363841169314076,0.00868823735365346,0.0065156034798702685,0.02497597955163613,0.04385307240869471,0.008201298762916689,0.005194885297474694,0.008203544031959352,0.022493769461715378,0.01781367471094691,0.005636166553633136,0.010937310695453869,0.009336601185566925,0.015035250010968157,0.006078281304472668,0.006682923312941942,0.014809739767236558,0.01004675145111279,0.0074368664307806484,0.010309549875560195,0.008511751078695829,0.007313729616400362,0.009897245927045759,0.0075701689859893955,0.015947895814178804,0.007006395574946639,0.006186257322006347,0.008552884621203185,0.006116111833204095,0.010689013832340928,0.020571561566525207,0.008754150159648403,0.0046064615057542
2025-04-21,0.007272923243056347,0.011444170695595139,0.0134373586995139,0.014226515859462096,0.009848658988078195,0.005385899841730139,0.011525075437729045,0.010642229273905634,0.007166116407959809,0.017675197395752663,0.021674457858433114,0.038772309239910194,0.006619269533833026,0.4129111222450522,0.007789704811611512,0.009800722786358218,0.00647488421339955,0.023363635330022715,0.00868803219976882,0.006515594141730283,0.02497562409857233,0.04385222357489383,0.00820131695957783,0.00519478650166417,0.008203531243250774,0.022493605549639775,0.017813602188619593,0.005636252401123688,0.010937341303554546,0.009336823447671165,0.015034921968670947,0.006078170747086974,0.0066828818591239195,0.014809805980575217,0.010046669384334014,0.007436749543810877,0.010309583460432098,0.008511966656220409,0.007313599591333134,0.009896939921194255,0.0075699567379004535,0.015948165244981993,0.007006358569678616,0.006186019063079657,0.008552713847611363,0.006116051554044536,0.010688569479994706,0.020571096313107315,0.008754225432913883,0.004606569172435367
2025-04-22,0.007283108876645698,0.011455331808703983,0.01341650826879015,0.014235579940314717,0.009833797828411433,0.0053651780261585475,0.011520342418306434,0.010642743242470692,0.007142288156413378,0.017640062424777343,0.02162113640612251,0.038789417977097736,0.006623910647312761,0.4134033468608878,0.007792460610691676,0.009801760179300534,0.006475202361737581,0.023342188464459172,0.008662733641519692,0.006515155500125605,0.024930709644449708,0.04374503738915571,0.008202639838548416,0.005185973303667436,0.00820380302886879,0.02249822426735901,0.01780707323527126,0.005645340690294489,0.010937970383444651,0.009362164965031727,0.01499957413235931,0.006066725463407569,0.006678644038290048,0.014820022534198502,0.010033269656450123,0.007424685583919161,0.010313488752827712,0.00853699607714907,0.0072973252465297084,0.0098634974726876,0.007545535008617135,0.015982696049327717,0.007001603008909184,0.0061612044456318266,0.00853029625677966,0.006112269903841502,0.010644426220386726,0.020530120452249168,0.008755675021717368,0.00462075428838219
2025-04-23,0.007282077500156286,0.011453843937103319,0.013418672273926844,0.014233327908296633,0.009835547523893042,0.005367578285412941,0.011521335287481206,0.01064153792726088,0.00714489203476939,0.01764380198631493,0.021627887461460354,0.0387858336706968,0.0066233126848518386,0.4133457865412518,0.007791732959388667,0.00980087645081022,0.006474835796742526,0.02334504323108383,0.008666609588400766,0.006515276034060345,0.024937837101242682,0.0437617499221086,0.008202585459311011,0.005186828309789408,0.008203472190559257,0.022494183716741153,0.017807954295177553,0.005644019372362091,0.010938050903874195,0.009358666826803372,0.015004228374041879,0.006068155983993762,0.0066790520086121175,0.014818296716941619,0.010035677760404389,0.007426101605163118,0.010312861628975123,0.008533068715261176,0.007300018148047132,0.009868389112295243,0.007548999477500132,0.015977394992620818,0.007002345211597614,0.006164364779303418,0.008533873040136584,0.0061124396300771865,0.010649956955355862,0.020534635962953206,0.008756460952599921,0.004618521762787706
2025-04-24,0.00728313103803606,0.0114553653159498,0.013416462702094577,0.014235637655163879,0.009833759621568619,0.00536512514985864,0.011520319846630187,0.010642776052926286,0.007142231807645584,0.017639982782902575,0.021620983798590208,0.038789504438165,0.006623924121822102,0.41340460372548354,0.007792479420553107,0.009801784610686202,0.0064752116244613704,0.023342123942395137,0.00866264382501214,0.006515152080836189,0.024930542755483568,0.04374464834646009,0.008202640385543667,0.00518595582811493,0.008203812237280422,0.022498332704706598,0.01780705300642223,0.005645371443472475,0.010937968180327424,0.009362244089692263,0.014999469784172232,0.006066693880838509,0.00667863598484788,0.014820062971005282,0.010033212841267113,0.007424655347234539,0.010313503484576962,0.00853708860172424,0.007297261357622,0.009863384208547002,0.007545455977797435,0.015982818839931058,0.007001585965172139,0.006161134250674098,0.00853021288985976,0.00611226760821675,0.010644302514114324,0.02053002227479333,0.008755652501267319,0.004620806178053289
2025-04-25,0.007283131038026683,0.011455365315935053,0.013416462708324833,0.01423563766840352,0.009833759612397559,0.0053651251498517336,0.011520319835886222,0.010642776043000728,0.007142231814288111,0.017639982766451356,0.021620983818698484,0.038789504483271994,0.006623924115644564,0.4134046036286981,0.007792479423264567,0.009801784615237896,0.006475211633498801,0.023342123931495568,0.008662643808865556,0.006515152076277022,0.02493054276706066,0.04374464834640378,0.008202640379803628,0.005185955830523154,0.008203812229629468,0.02249833272563084,0.017807053022983417,0.005645371448722869,0.010937968175219954,0.009362244087500393,0.014999469784152921,0.006066693880830699,0.006678635991059246,0.014820062984788463,0.010033212841254198,0.007424655347224983,0.010313503486964984,0.008537088609664033,0.0072972613576126055,0.009863384217720296,0.007545455984814976,0.015982818847353066,0.007001585955382023,0.006161134250666166,0.008530212889848779,0.006112267611055128,0.010644302514100621,0.020530022265206862,0.008755652501256048,0.004620806178047341
2025-04-28,0.007283131038026683,0.011455365315935053,0.013416462708324833,0.01423563766840352,0.009833759612397559,0.0053651251498517336,0.011520319835886222,0.010642776043000728,0.007142231814288111,0.017639982766451356,0.021620983818698484,0.038789504483271994,0.006623924115644564,0.4134046036286981,0.007792479423264567,0.009801784615237896,0.006475211633498801,0.023342123931495568,0.008662643808865556,0.006515152076277022,0.02493054276706066,0.04374464834640378,0.008202640379803628,0.005185955830523154,0.008203812229629468,0.02249833272563084,0.017807053022983417,0.005645371448722869,0.010937968175219954,0.009362244087500393,0.014999469784152921,0.006066693880830699,0.006678635991059246,0.014820062984788463,0.010033212841254198,0.007424655347224983,0.010313503486964984,0.008537088609664033,0.0072972613576126055,0.009863384217720296,0.007545455984814976,0.015982818847353066,0.007001585955382023,0.006161134250666166,0.008530212889848779,0.006112267611055128,0.010644302514100621,0.020530022265206862,0.008755652501256048,0.004620806178047341
2025-04-29,0.0072831310407246025,0.011455365336181468,0.013416462694552163,0.014235637673676884,0.009833759616040317,0.005365125151839158,0.01152031984015374,0.010642776056855032,0.007142231806956254,0.017639982772985802,0.021620983826707633,0.038789504456999704,0.00662392411192928,0.4134046035893307,0.00779247942252251,0.009801784617727731,0.006475211632882184,0.023342123918403235,0.008662643812074492,0.0065151520877920165,0.024930542764686592,0.043744648301497706,0.008202640388571644,0.005185955833651656,0.008203812236488634,0.022498332723488383,0.017807053046163864,0.00564537146132943,0.01093796817417836,0.00936224408878867,0.014999469789709233,0.006066693880252984,0.00667863599353324,0.014820062983377187,0.01003321284497084,0.007424655329231079,0.010313503490785456,0.008537088596924893,0.00729726136031576,0.009863384223670528,0.007545455977069187,0.015982818853273642,0.007001585961236016,0.006161134247210456,0.008530212893008659,0.006112267617588689,0.010644302523000271,0.020530022263251842,0.008755652504499438,0.0046208061819107745
2025-04-30,0.007283130189056636,0.011455365682269769,0.01341646043844249,0.014235638209826252,0.00983375971623118,0.0053651255063012614,0.011520319705393408,0.010642776527071338,0.00714223152718335,0.01763998392609956,0.02162098357379356,0.03878950258081166,0.0066239235039102905,0.4134046056837151,0.007792479246095626,0.009801785285849641,0.006475211588797795,0.02334212063449815,0.00866264390436735,0.006515152578910975,0.024930541822944012,0.043744649154592086,0.00820264082164209,0.005185955879243862,0.008203812610407884,0.02249833224030277,0.017807054562611266,0.005645372573008387,0.01093796804113677,0.009362244179815881,0.01499946968409785,0.006066693199081849,0.006678635896749195,0.014820062785863756,0.01003321206417096,0.007424654979619817,0.01031350351662128,0.008537088190956119,0.007297261655537007,0.009863383759224699,0.007545456500176377,0.015982819782699716,0.007001585669040419,0.006161133968571727,0.008530212006731904,0.006112268475389212,0.010644303573210898,0.02053002366742577,0.0087556523939248,0.004620806336576203
2025-05-02,0.00728311630773871,0.011455368893472609,0.013416418904883888,0.014235647775383074,0.009833761199842308,0.005365131090047136,0.011520320268614166,0.010642784843069178,0.007142226408649082,0.01764001059772422,0.02162098493287072,0.038789463470221344,0.006623914740804306,0.4134046655511381,0.007792477125106772,0.0098017927438882,0.006475209640910084,0.023342064069455392,0.008662647732455153,0.006515161107047855,0.02493052486179862,0.04374466677458647,0.008202649515133444,0.005185955780206548,0.008203821182894684,0.022498321522626322,0.017807075135123106,0.005645391077354554,0.0109379649544881,0.009362245666403654,0.014999471171756602,0.006066680848057819,0.006678633598438676,0.01482005368665167,0.010033197445196962,0.00742464902252824,0.010313502392760477,0.008537083162043824,0.007297264214233571,0.009863373737262239,0.007545462926564373,0.015982831564227334,0.0070015812430573535,0.006161129117060538,0.008530197194406581,0.00611228124221141,0.010644320053997692,0.020530043074205806,0.008755651753764715,0.004620808677636141
2025-05-05,0.007260995382065823,0.011457805246782176,0.013364551598176264,0.014249697019287251,0.00983626040172635,0.0053801250862551145,0.011516126804361851,0.010651214226982371,0.00713572954404413,0.01768570283028748,0.021605942784407223,0.03872722020396848,0.006611698814856927,0.4133835849912856,0.00779086491916022,0.009828999138549588,0.006470642141113226,0.023279098327532746,0.008664828304114868,0.00653163231599968,0.02491714910932583,0.043745057915328796,0.008215031763160765,0.005191991065575022,0.008211881996110617,0.022480935479112923,0.017857529666728964,0.0056733815620919155,0.010944155394876434,0.009368510783535169,0.015010713743099847,0.006050144938435019,0.006673097499989646,0.01481935432608194,0.010017781816020716,0.007423007599112743,0.010314757951501918,0.008526153016922708,0.007301759840285836,0.009847322964362287,0.007559245566116902,0.01599233595916967,0.006997674394876422,0.006160986578306486,0.008511123074494172,0.0061346446336598606,0.010679498638150771,0.020569864343080828,0.00875056080676016,0.004621627492768199
2025-05-06,0.007255462952949812,0.011424577238793792,0.013334164614847968,0.014242368802232303,0.00982583622674342,0.005384434272664998,0.011542152647011559,0.010676257245743642,0.007135215476053974,0.017757342707294014,0.02166181325239968,0.03865080935057878,0.0066278296959238975,0.41365430652341567,0.0077955919533593335,0.00980077953405826,0.00645711735724478,0.02325027402544334,0.008680335764815618,0.006539163800798353,0.02489556425892483,0.04379081620980523,0.00823859871689395,0.005180480564996622,0.008229251245860854,0.02246898681665956,0.017805878030930294,0.005670488831217441,0.010937733593488713,0.009374838452794883,0.015022007828850494,0.006035228000634161,0.006661575049334066,0.014769103556787493,0.01000562676739317,0.00742821448283656,0.010293088378216336,0.008541224544806622,0.007272969531102602,0.00982219324032393,0.007531872463180355,0.015948280395936144,0.006998765492265869,0.006158576763576926,0.008501892993067793,0.006118319155570447,0.010680592296488394,0.0205543985606835,0.008749898182938002,0.0046177021520615895
2025-05-07,0.007255427521806219,0.011424696151718993,0.013334080163773373,0.014242493911137707,0.009825914440882322,0.005384402935002954,0.01154215918810332,0.010676282774563903,0.007135273558573652,0.017757263317754828,0.021661716709361758,0.0386507501547223,0.006627809434262145,0.41365454316198863,0.007795506005669369,0.009800704557273386,0.006457161602915496,0.02325032357150106,0.008680388259708707,0.006539174772092344,0.02489542186961584,0.04379081384451765,0.008238535052168157,0.005180484814369092,0.008229251648253293,0.022469157080759774,0.017805913095812746,0.00567044988095472,0.01093775551502095,0.00937488814652869,0.015021869318228147,0.006035260901769729,0.006661521865134032,0.014769066769671876,0.010005527174486814,0.007428167554323887,0.01029310494319315,0.008541165012552898,0.007272957674158889,0.00982224114661385,0.0075318892877495715,0.015948440107316282,0.006998753976431184,0.0061585425478423465,0.008501806770419727,0.006118380442121845,0.01068049120983577,0.020554343085064826,0.00874997764808452,0.00461774942418744
2025-05-08,0.007255427524825141,0.01142469616711279,0.013334080144484914,0.01424249391706389,0.009825914451834125,0.0053844029347360515,0.011542159203655391,0.010676282779006212,0.007135273561542578,0.01775726331687461,0.02166171669820097,0.03865075015280639,0.0066278094370199195,0.4136545430451724,0.0077955060016528825,0.009800704555646616,0.0064571616086091166,0.023250323589295407,0.008680388263320543,0.00653917477481324,0.024895421862585365,0.043790813862738635,0.008238535047923408,0.005180484818936998,0.008229251651677415,0.022469157111035032,0.017805913086638592,0.005670449880673637,0.010937755519572058,0.009374888152612264,0.015021869296498208,0.006035260909901725,0.006661521867905836,0.014769066762062393,0.010005527169331657,0.007428167564332707,0.010293104947476024,0.008541165016106807,0.007272957670411636,0.009822241150700801,0.0075318892943908354,0.01594844012509215,0.006998753984231881,0.0061585425446692744,0.008501806766039332,0.006118380450365837,0.010680491194385867,0.020554343084045953,0.00874997765172531,0.004617749428259154
2025-05-09,0.007255427843820963,0.011424696020372065,0.013334080432697945,0.01424249330967151,0.009825914046520005,0.005384403170215799,0.011542159872365948,0.010676282910340942,0.007135273689188886,0.017757264031448526,0.021661716964673464,0.03865075097023519,0.006627809395099617,0.4136545381173695,0.007795506293573153,0.00980070453359136,0.006457161468542091,0.02325032320675682,0.008680388362018454,0.006539174538570953,0.024895421270392768,0.04379081434025806,0.00823853545617944,0.005180484792201773,0.008229251266240321,0.0224691563829907,0.01780591343834315,0.005670450254087454,0.010937755343432658,0.00937488803219962,0.01502187001291819,0.00603526095604086,0.006661521912628665,0.01476906739765194,0.010005527947030813,0.007428167932431427,0.01029310502856262,0.008541165419473046,0.007272957522808785,0.00982224076840739,0.007531888920572555,0.015948440477240537,0.006998753939965386,0.006158542640503402,0.008501807163587874,0.006118379998549171,0.010680492161318944,0.02055434306889791,0.008749977677873,0.004617749300138175
2025-05-12,0.007267817916394917,0.011438228725473062,0.013341940022627567,0.014236847048408219,0.009819083071277409,0.005391498679089085,0.01157851819421007,0.010686394281053016,0.007152558029369427,0.017780144416669932,0.021669827134972813,0.03869044262059073,0.006627429523073051,0.41331335443103856,0.007799297952042817,0.009789696279628805,0.006459157789519993,0.023242394097445405,0.008694389412377296,0.006529202777644175,0.024859545144110685,0.04380722578405601,0.00825023284723753,0.005183038010158474,0.008213028416671432,0.022469924169406654,0.01783062926777242,0.005684147969932985,0.0109341989657874,0.009378045630992248,0.015039392730029726,0.006044765140206199,0.006655269285460323,0.014800545877945156,0.010031418997788996,0.007439917648632169,0.010298686075320768,0.008553774094709502,0.007263921675372116,0.009814047609089193,0.007519194367362791,0.015994470666404154,0.006998035461628581,0.006161250803321706,0.008507367204756608,0.006106293080819946,0.01071131222076992,0.020556430829916192,0.008765756675754268,0.004619910945679185
2025-05-13,0.007285662617130463,0.011460233798013269,0.01334085027677637,0.0142035348097607,0.009816427293225178,0.005386267542187123,0.011620194460883342,0.010644919131148354,0.007149973947473563,0.017807542102396535,0.02168371327530239,0.03866202046673941,0.0066093662347392465,0.41347267850510655,0.007780642013207218,0.0097832639771754,0.006451008828991196,0.023198887701850694,0.008669513030926609,0.0065308535424153285,0.024838289852520283,0.04385231309194463,0.008233750103690676,0.005191153478939664,0.008227733326543514,0.022434532736120272,0.017843016133394562,0.005683038736337295,0.010905886116646966,0.009359010689205097,0.01504059630436746,0.006059350831348224,0.0066383677447137005,0.01475958310776587,0.010029004303245659,0.007451873332217178,0.01031490224944524,0.008544690602200837,0.007264831531360342,0.00983834295553339,0.007499132396360978,0.01607040136318038,0.007015309770084687,0.006157696225801881,0.008531232725691628,0.006091271225457282,0.010673596095524554,0.020549090143505616,0.008738257036280873,0.004606192235122426
2025-05-14,0.007288313394930131,0.011460495721983445,0.013301627386539776,0.014174143124267643,0.009832542320266618,0.005374772974656191,0.011612620707173529,0.010635178375384262,0.007148870441951029,0.017792283572297063,0.02163484687741675,0.038658951084143474,0.006616398647721541,0.4135340086401365,0.007816550556514316,0.009797685835686687,0.006496017138597291,0.02324469673524446,0.008656194691830859,0.006527996606838188,0.02484105860650827,0.043886634422161314,0.008238802928855095,0.005182091337091238,0.00821546417608143,0.022374856093546593,0.017898553028627823,0.005666169773100314,0.010885941798914256,0.009353991380586475,0.015084719859949752,0.006042620766602812,0.0066262587481497465,0.014816574214534318,0.010006930757316675,0.007465456024045346,0.010306060035208049,0.008545500533173338,0.007255329254967338,0.009856684907652057,0.007469041133822023,0.016052381634794256,0.007034155012806755,0.006169054683173439,0.00852265174692552,0.0061088115002828165,0.010646299443371508,0.02055708988077986,0.00870042539582987,0.0045861960875620425
2025-05-15,0.007285229808168787,0.01141790767968862,0.013330584532854175,0.014157294097484856,0.009794941543775056,0.005385072909216693,0.011622063811331053,0.010612111222296938,0.007131132877770425,0.01780367928537771,0.021641545030412743,0.03854864748989475,0.006622395600066863,0.4140629468580665,0.007817365158794842,0.009802902483903858,0.0064744325831418825,0.023182797969917436,0.008622445921306619,0.006528420606120077,0.024883387973562692,0.04379503953129883,0.008251605714290658,0.005189358906031551,0.008194979504117229,0.022326765527756705,0.017860445079427526,0.005674447443515456,0.01085888652995424,0.009341618374654874,0.015122687228065146,0.006034598296465559,0.006635364674264932,0.014810142301903657,0.010016332973031273,0.00746737765089849,0.010312750739875528,0.008561579699041701,0.0072463290312594865,0.009829787408606698,0.007466928147472774,0.015989952234074015,0.007031871663307119,0.006174150151755456,0.008553474042997266,0.0060792092158620985,0.010661091846518683,0.020535156774409185,0.008676267572254464,0.0045744962937368
2025-05-16,0.007292140454853733,0.011481901155649295,0.01329483695641379,0.014164715195378671,0.00983454216594595,0.005367985246174678,0.011620860361922674,0.010633312083855132,0.0071556709383249545,0.017798661599845222,0.021654568674598813,0.038686718999644966,0.006623110848617105,0.4132781013938242,0.007818488471030465,0.009807631194250101,0.006510885868599889,0.023266467704570176,0.008641944258275197,0.0065284250487688605,0.02487036179136563,0.04390607778079719,0.008239053485706216,0.005173266052761442,0.00823696146087632,0.02238548526879587,0.01789887725710293,0.005664499975442668,0.010880950736610277,0.009351273725976536,0.015098549424253415,0.006044537525473237,0.006618496180699791,0.014837131696568957,0.01001120500135152,0.0074676931375680785,0.010309455634970122,0.008554350124260137,0.007252481837617569,0.009861515873031454,0.007461324929977338,0.016041533330040016,0.0070300117952502425,0.006178655538488641,0.008516230177568355,0.006122877246850616,0.010671923091545122,0.020578834281755595,0.008696836744181586,0.004578580272569305
2025-05-19,0.0072935574524607945,0.011480981982168651,0.013295169307445297,0.014159581317964468,0.009834493108420297,0.005368477860368136,0.011621641538927363,0.01063465289296388,0.007155332183829268,0.017799814379333777,0.021659501586785864,0.03868918035037474,0.006623986080355148,0.4132313623164383,0.007818640045682114,0.0098089592050863,0.006512513886938975,0.023269740386498455,0.008642727673209576,0.006529586190581369,0.0248702051705852,0.043912986775057256,0.008239380836256109,0.005174280771058272,0.008239906151580727,0.022392198669718085,0.0179008000953934,0.005663687199406156,0.01088244627952288,0.009352903058160422,0.015099389019162007,0.00604651732395962,0.006619226856816387,0.01484022758145557,0.010013571620227481,0.007469295244209561,0.010310803409400594,0.008554124303452919,0.0072515723241991575,0.009861497418244327,0.007461781237241301,0.016038500180544323,0.007031278055000815,0.006178076209660219,0.00851558998724822,0.00612216043971521,0.010676499125613916,0.020578684975196892,0.008694657576224445,0.004577852359855685
2025-05-20,0.007293091317847353,0.011479303601627805,0.013296601119230138,0.014157800664875863,0.009833624480553495,0.005368899836139075,0.011621936011839092,0.010634483525693477,0.0071554838394696394,0.01780045470785509,0.021660837950720924,0.03868794127912674,0.006623738116065699,0.41322013489136156,0.007818553193776959,0.009808916906183312,0.006512797258442898,0.023270487546469074,0.00864347231744507,0.006529214694347312,0.024873981193604393,0.04391975847453191,0.008238971705556937,0.005174907085894904,0.008239433630044351,0.022391360391703516,0.017901971558879466,0.0056628918722082975,0.01088244690255492,0.009351974709699281,0.01510054677852242,0.006046610535924875,0.006619232962723509,0.01483940370072177,0.010013889562422053,0.007469027785136034,0.010310694210397098,0.008552582752161624,0.007252620399220108,0.009862723787099903,0.00746267298953797,0.016037035978643702,0.007031396061039207,0.006179145605002926,0.008516517107793822,0.006121629207558177,0.01067795379976322,0.020578715275187544,0.008695165763552379,0.00457696495384309
2025-05-21,0.007282327091559713,0.011441080239293694,0.013328704397250368,0.014112012573234108,0.009816655402706898,0.0053810692781639975,0.011613762792228961,0.010638359730347756,0.007161429895775584,0.017816830810336002,0.02170680729713206,0.0386516363783623,0.006620565908868671,0.41296057667601543,0.007821910163903902,0.00981626676731041,0.006523577804485029,0.023279453232154787,0.008658185000516535,0.006527071839351627,0.024936657583210644,0.04403478465186987,0.008230084418901426,0.005191327561781847,0.008235817573114767,0.022427748054479644,0.017910079107109386,0.005647172047328009,0.010880289259701874,0.009344145706178456,0.015119255731857524,0.006056731111067516,0.006622649201961192,0.014837588405949438,0.010023696346364127,0.0074675577379032555,0.010310083552276968,0.008521306319243478,0.007267867994942103,0.00988049651690918,0.007478460145622155,0.015986627070098063,0.007031075655669548,0.006196073679562981,0.00852674981761368,0.006113608159384094,0.010730249732678023,0.0205873203994978,0.008683092286089968,0.004563120892635153
2025-05-22,0.00728805845064783,0.011441041125441505,0.013332979525823428,0.014085036264957471,0.0098136042811059,0.00538485161881829,0.011600270361685266,0.010643069328255908,0.007157761922232848,0.017813136218784907,0.021733371851804156,0.03864275314896604,0.006627556763956512,0.4128814292296557,0.007826454528451267,0.00982338043555293,0.006529801571523542,0.023270189455985153,0.008658278148644985,0.006536959991279195,0.02492477486165204,0.04404209466486179,0.008230974976053478,0.005192741170299671,0.00824124900148904,0.022469770980096237,0.01789953098621396,0.005643696957908257,0.01088144048343516,0.009357472453712996,0.015113075086711896,0.006068610075018279,0.006626738868194125,0.014856499988722259,0.010035366813632311,0.007476934812011811,0.010315893871015367,0.008519111232293798,0.0072628883984127025,0.009883947584627897,0.007478811011543748,0.015964712036213427,0.007031432023746206,0.006188514426017188,0.008520526448334537,0.006114305820118977,0.01075333844106689,0.020588985500896422,0.008662093337272431,0.004564483464854321
2025-05-23,0.007282067098620829,0.011423841901141367,0.013350631963427945,0.01405735704650754,0.009794970497594513,0.0053955996634179725,0.011596365827933547,0.010638357478205879,0.007146540245709354,0.01783812925389305,0.021754055823470453,0.03861366050245667,0.0066354638718556045,0.4129831056638569,0.007834472828774199,0.00984296165459444,0.006518010505379519,0.023227462986117255,0.00861428889626906,0.006535834827613927,0.02497899060560148,0.04403023294504939,0.008243261681663274,0.005186836200202282,0.008240253330948622,0.022437651248708917,0.017860485329529042,0.00564863478359032,0.010867603926708394,0.00934504244321747,0.015135404694794873,0.006061265240789173,0.006639325913829785,0.014878556385363707,0.01004491841594199,0.007484395296395254,0.010333865062593848,0.008546983483658958,0.007248206435621008,0.009875923944341206,0.007486680508200303,0.01589920270686562,0.0070219891177884085,0.00619633102481681,0.008546427001235162,0.006092011060563816,0.01078302903571685,0.02060187561481867,0.008650961975431885,0.0045504760491734565
2025-05-26,0.007295020546968479,0.011427762779320868,0.013381959935265133,0.014068697125683828,0.009797499301824601,0.005397565010220888,0.011597003205426906,0.010612154678669059,0.007136131157206781,0.017881395812802518,0.021731588035541167,0.03868029851959441,0.006623875519380736,0.4125432400254044,0.007815511497408655,0.009822546591694391,0.006521005651142012,0.023226030780929212,0.008614710246278983,0.00654655918974944,0.025052167020650697,0.04396952524134425,0.008237189380286813,0.005189660137621834,0.00826110336769797,0.022467700316047966,0.01789726896235417,0.005670648444345453,0.010848231782979815,0.009371908933031229,0.015138383806930163,0.006059868528686243,0.006612404108796955,0.014869475898248663,0.01008135551103108,0.007493145358420626,0.010332349211146093,0.008531926438283677,0.0072461636996176615,0.009916243935654285,0.007500693214972871,0.015979736357142196,0.007011636284151163,0.006206966322681931,0.008554380278760782,0.006125601248604208,0.010800276974138327,0.0206477161321867,0.008643364605335,0.004562352888338806
2025-05-27,0.007278556261129843,0.011417841668532037,0.013380834688434472,0.014132551303135996,0.009800305797430648,0.0054020066534090855,0.011580030600917203,0.010630334393359479,0.007146672986806119,0.017850857616537916,0.02164883754392396,0.03869620031763586,0.0066062661334523095,0.41284699117152684,0.007797551780922586,0.009795787572387468,0.006499103165210789,0.02324163894345279,0.008680218584726632,0.00653734572247345,0.02496860262354868,0.043987943455658436,0.008222051082245834,0.005208887618677265,0.008212573336732231,0.022509627988843515,0.01791184707855368,0.0056540416546730045,0.01087346598813889,0.009377761078029503,0.015080385269111405,0.00606557580035443,0.006614193609565947,0.01479226337569576,0.010075139239755553,0.007493941964908419,0.010313618151590839,0.008495600877490003,0.007254795070162723,0.009925355565699656,0.007499210402189877,0.016066101665563087,0.007028793206817078,0.006178763591282335,0.008533188635640813,0.006117291351833269,0.010739539361908286,0.020571341151756437,0.008667735635051818,0.004590431263115819
2025-05-28,0.007282206773648272,0.011423061587324998,0.013368997947244372,0.014095510491461766,0.009791515145114971,0.005383712043746386,0.011551992334354416,0.010590895822115738,0.00714869288724963,0.01780372313670474,0.021641251192407816,0.038679071400040774,0.006610877318735602,0.4135775959866943,0.007782716701037497,0.009770458715609654,0.006493293164487271,0.02327829685674986,0.00865412532838654,0.006510593994131601,0.024937656089524335,0.04404348113306715,0.008208320866709603,0.005195691186466987,0.008186617122890302,0.022513199468236298,0.017894624014809634,0.005629426360575695,0.010852133349929157,0.009347304734108032,0.015069923674573006,0.0060618054647680105,0.006595974613345511,0.014758937668293294,0.010061364574945232,0.007465743431225895,0.01028791113832568,0.008483104952991103,0.007242243824354468,0.00990302447663327,0.00747448988160869,0.016038509081228777,0.0070063310376885695,0.0061598280485988975,0.0085524278721241,0.006104679623106765,0.010704124887678952,0.020543474254727002,0.00865491157974297,0.00458414676047645
2025-05-29,0.007280897706190764,0.01142298826844249,0.013374605281852386,0.014101162397245586,0.00979265289061191,0.005388482811705802,0.011548900568751524,0.010597512305811248,0.007146448797002432,0.017801331381821692,0.021632448160253084,0.03867718652867659,0.006608665721116839,0.41356978026827607,0.007784660930296609,0.00977257003327711,0.006488538152013434,0.02326284955875584,0.008656073159044236,0.006510885617888167,0.024942788383137057,0.04404347843278993,0.008208240361264729,0.005199114689907907,0.008180248010470738,0.022513503087219743,0.017889509863616045,0.00563168681835554,0.010854309521229791,0.009348033889812144,0.015070692321145733,0.006061705829180534,0.006599262068974659,0.014756778189577447,0.010062281950049337,0.007470946005944133,0.01029311235877324,0.008482534043393887,0.007241201599622262,0.009906154447976656,0.007477172121690633,0.016050017513638777,0.007009709063913123,0.006156361238217248,0.008551659645200816,0.006099877604546999,0.010701690359315239,0.02053507238318765,0.008658450354378686,0.0045857673044355195
2025-06-02,0.007287908609779079,0.011418666310401115,0.013385451695142478,0.014084392873954077,0.009788580248653814,0.005395383023455634,0.011543336144636693,0.010601091510346421,0.007139025491743367,0.01779734308628067,0.021637121133730137,0.03866141672679415,0.0066129126245435665,0.4135465184943362,0.0077921216636248946,0.009783578215199762,0.006483454208005452,0.02324323477323273,0.008630353546572263,0.006513093246316084,0.024971835083428096,0.04406414284399549,0.008216153736326977,0.0051961080899055045,0.008178334995117617,0.022500810207754338,0.017876978736456415,0.00563652357632031,0.010845133944915208,0.00935020724524565,0.015083910651302015,0.006058591534134755,0.006606799708068709,0.01477631301118242,0.010061508120345201,0.007474226879337855,0.01030319215850896,0.00849563222961283,0.007238044464766584,0.009896560649693003,0.007481143469949344,0.016016172920622334,0.007009381601647989,0.006157727896255874,0.008568133744426911,0.0060878768682216975,0.010716907104857405,0.020557539797308642,0.008651585176922452,0.004577539926620743
2025-06-03,0.007293249159482025,0.011407224076288296,0.013400482009407683,0.01407680628734606,0.009786293902821926,0.0054056664431785416,0.011527838553946627,0.010622022927194018,0.00710492060403514,0.017815085381116414,0.021658884167749113,0.038645685286059064,0.006618242257048995,0.4133505700260058,0.007805324641531398,0.009817301122741652,0.006486559663457316,0.02323269989408461,0.008621147386392749,0.006541345299661117,0.02503951824435895,0.04400194059756626,0.00821972875238685,0.005196572472075527,0.00821854633481385,0.022462824616933247,0.017849707833946175,0.005643876479546477,0.01084509074569361,0.009359952362318623,0.015085879253516881,0.006055884781206274,0.006638229846111441,0.014781694852715091,0.010064644543623477,0.007465276341787009,0.010309841590767579,0.008497895077450374,0.007259444167639445,0.009932766041902026,0.007515335421912228,0.015946579151858615,0.007013929765601603,0.006184064346509896,0.008570379329506345,0.006102303541493517,0.01073579250703444,0.020593586733908757,0.008620118475410323,0.004571246700856598
2025-06-04,0.007309838411659513,0.011362551896399314,0.013395153333984656,0.014084304362940402,0.009749959479932064,0.005405168088476408,0.011502681159818657,0.0106431169572064,0.007128235649925319,0.0177837238303822,0.021668865882866803,0.03857172563075172,0.006618326668183632,0.4137587450854501,0.007826414777196897,0.009826414083636586,0.006475569901170461,0.023169777122140443,0.008665625230078737,0.0065195697622969975,0.025058677654128798,0.04385573700813326,0.008252440174876875,0.00519326063748154,0.008161277248139335,0.02245111477390216,0.017848745011534342,0.00567277594309775,0.010894411635033114,0.009374955116831982,0.015082957549801601,0.006053746290104174,0.006612294476780956,0.014878197731835274,0.01009239932312657,0.007471811166956793,0.010298844883185696,0.00851568774399249,0.007231609821424503,0.009907680828559823,0.007521473704747145,0.015844053547616026,0.006980290242142391,0.006151138426109929,0.008493026768453612,0.006088891516739439,0.010789839590125581,0.02054535563393989,0.008635092251786616,0.004576445984915096
2025-06-05,0.007316820103324163,0.011414749227731754,0.013442688167790965,0.014076042407579795,0.009778552068216413,0.005388455055235731,0.011501066685309003,0.010630225699619225,0.007142301743886459,0.017774262849170327,0.021705160524646418,0.03860505233979947,0.006617450683710194,0.413009453589566,0.007813209345304472,0.009860728363912824,0.006522633181458995,0.023259073309253312,0.008645610838450212,0.00652424441171646,0.025064526152802417,0.043810914800726346,0.008232283606400274,0.005182440347049379,0.008185630387142314,0.022462658735013335,0.01790894338444449,0.005671785503436007,0.010899459088505137,0.009365570503668113,0.01508055383216673,0.006061989310925946,0.006608542233171426,0.014971747721665174,0.010112199597444712,0.007472148027404384,0.010324042587654805,0.008520623142579674,0.007252639403216543,0.00994787757176178,0.007542143994026924,0.015838921813361374,0.006974370844134208,0.006188896033740104,0.008507654055572082,0.006130020649140911,0.010818514040919037,0.020618868364164235,0.00863526845643722,0.0045809852156428734
2025-06-06,0.0073159855881151335,0.011366850987995749,0.013390973244585172,0.01408122679464508,0.009758767677726541,0.0053992924533989035,0.011504647120254879,0.010641252095366328,0.007131041996741985,0.017794530109180827,0.02170535497052378,0.038584984110874763,0.006622894810168514,0.41352095651687887,0.007830405215141544,0.009826099625068835,0.006485297117728713,0.023179356023129774,0.008664179554304496,0.0065212705877890536,0.025069787350333824,0.04385452794535998,0.008256151096131818,0.005185037056972769,0.008177779996754425,0.02245041463939116,0.017863226554246225,0.005673636298325204,0.010895199576489973,0.009376791767334176,0.01509045800841058,0.006052691942416871,0.006609284426068747,0.01490959899765905,0.010096111997496892,0.007472134619777494,0.010301757364113378,0.00852631035094302,0.0072323559825661155,0.009916115374139523,0.007524759664231311,0.015825480782363423,0.0069750416378890736,0.00616290596207388,0.008490609933142799,0.0061012557054618225,0.010809841705491352,0.0205683072718458,0.008632797808218615,0.004574261584731798
2025-06-09,0.007319402689500463,0.011370932109944267,0.013375718148005599,0.014074680624664652,0.009770388772673777,0.005390371927903634,0.011517096204435171,0.0106252992735027,0.007135488092611262,0.017814392551120245,0.0217476179344506,0.038607956671718985,0.006630355536024835,0.4133599549970776,0.007833384326663256,0.009823561601800063,0.006494740315730598,0.023200506664173767,0.008650817619281274,0.006525861746087877,0.02505937643666426,0.04384961314878486,0.00825702959272715,0.005174997722968456,0.00820127292900812,0.022441814456897587,0.017879140799574793,0.005673226196764793,0.010881990113233412,0.009378558246802607,0.01509266861817394,0.006051759027550345,0.006601446654127429,0.014932617901992067,0.010097030922068135,0.007471991198777149,0.010302264565403276,0.008536930287725846,0.007231869984441035,0.009923556728184074,0.007519362794212704,0.01580103688943838,0.006972083602445717,0.006176887250982617,0.008489297896388496,0.006113173174811115,0.01082572004927532,0.02059625942937106,0.008628326170827023,0.0045701694030075846
2025-06-10,0.007319402689500463,0.011370932109944267,0.013375718148005599,0.014074680624664652,0.009770388772673777,0.005390371927903634,0.011517096204435171,0.0106252992735027,0.007135488092611262,0.017814392551120245,0.0217476179344506,0.038607956671718985,0.006630355536024835,0.4133599549970776,0.007833384326663256,0.009823561601800063,0.006494740315730598,0.023200506664173767,0.008650817619281274,0.006525861746087877,0.02505937643666426,0.04384961314878486,0.00825702959272715,0.005174997722968456,0.00820127292900812,0.022441814456897587,0.017879140799574793,0.005673226196764793,0.010881990113233412,0.009378558246802607,0.01509266861817394,0.006051759027550345,0.006601446654127429,0.014932617901992067,0.010097030922068135,0.007471991198777149,0.010302264565403276,0.008536930287725846,0.007231869984441035,0.009923556728184074,0.007519362794212704,0.01580103688943838,0.006972083602445717,0.006176887250982617,0.008489297896388496,0.006113173174811115,0.01082572004927532,0.02059625942937106,0.008628326170827023,0.0045701694030075846
2025-06-11,0.007319402673035003,0.011370932105544646,0.013375718142830288,0.01407468063232697,0.00977038876661859,0.00539037193209322,0.011517096189252864,0.010625299284234948,0.0071354880898504116,0.017814392519341114,0.021747617905782005,0.03860795663880263,0.0066303555334594295,0.41335995531835545,0.007833384327280082,0.009823561595711924,0.006494740308681141,0.023200506644393486,0.008650817632047518,0.006525861743562903,0.025059376438637513,0.04384961317265679,0.008257029589532353,0.005174997725785746,0.008201272914377852,0.022441814448214435,0.017879140751028907,0.0056732261892861145,0.010881990109022972,0.009378558247541103,0.015092668598278167,0.0060517590252088084,0.00660144666386936,0.01493261788578405,0.01009703091816141,0.007471991197625809,0.010302264561417144,0.008536930280447434,0.007231869985010494,0.00992355672203396,0.007519362793054064,0.015801036898040535,0.00697208360299472,0.0061768872399636555,0.008489297885197557,0.0061131731695991485,0.010825720024922176,0.020596259402220228,0.008628326173515383,0.004570169403367454
2025-06-12,0.007319402679818496,0.011370932113435525,0.013375718155226668,0.014074680619155,0.009770388800696918,0.0053903719320687465,0.011517096232105102,0.010625299286660603,0.007135488103108898,0.01781439256903307,0.021747617925937313,0.038607956728518494,0.006630355545779327,0.4133599546427787,0.007833384323596813,0.009823561602529002,0.006494740322261224,0.023200506730716778,0.008650817623951541,0.006525861746572116,0.02505937647353128,0.043849613111200496,0.008257029589494865,0.005174997723352455,0.008201272939164216,0.022441814448112545,0.0178791408092271,0.0056732261971857625,0.010881990119108209,0.009378558249682138,0.015092668626321928,0.006051759025181333,0.006601446660765352,0.014932617899623338,0.010097030927519159,0.007471991201071302,0.010302264573363782,0.008536930300285265,0.007231869988345262,0.009923556721988904,0.007519362784266235,0.015801036905326724,0.006972083617572899,0.0061768872615081405,0.008489297900971565,0.006113173175264729,0.010825720055119737,0.020596259440490244,0.008628326185529842,0.004570169405474856
2025-06-13,0.007319378325926544,0.01137102085884051,0.013375767713762627,0.014074677936281359,0.009770471844996152,0.005390393568195785,0.01151723287660988,0.01062538698984102,0.007135500778146277,0.01781448054815845,0.021747605668728277,0.0386081940716136,0.006630381754546505,0.4133573733023105,0.007833366543442901,0.009823559684246473,0.006494801299181552,0.02320079339087338,0.008650855650269634,0.006525861347429554,0.025059448025005617,0.04384971213670392,0.008257015634743684,0.005175016017720676,0.008201363284782059,0.022441911538287215,0.017879195139441365,0.005673235033103094,0.010882002868005275,0.009378531566603914,0.015092735917818057,0.0060517493018702176,0.0066015002772899095,0.014932619576491194,0.010097047452715729,0.007472035160687981,0.010302315379526203,0.008536972202835343,0.007231867697207894,0.009923535114847856,0.0075193559954428784,0.015801272476054614,0.006972157876996901,0.0061769891901151,0.008489403373913833,0.006113204079207266,0.010825759933734413,0.02059632903830124,0.008628423915541038,0.004570190641604311
2025-06-16,0.0073193582250088585,0.011371093925088198,0.013375808476392907,0.014074675881218307,0.009770540288847008,0.005390411446252422,0.011517345258549003,0.010625459218246735,0.007135511292732372,0.017814552938634636,0.021747595566452275,0.03860838954059894,0.006630403362358998,0.41335524807513296,0.007833351976176139,0.00982355810808706,0.006494851500845683,0.023201029166248867,0.00865088684779649,0.006525861026658444,0.025059507076470987,0.04384979394479298,0.008257004101537244,0.005175031060810383,0.008201437645767598,0.022441991508979277,0.017879239868571643,0.005673242291318786,0.01088201335075488,0.009378509653858579,0.01509279136573622,0.006051741302636155,0.006601544385456499,0.014932620984186924,0.010097061033617767,0.0074720713693436445,0.010302357158602483,0.008537006631088057,0.007231865863357326,0.009923517353762994,0.0075193503736303,0.015801466438461892,0.006972218987412834,0.006177073075966877,0.008489490124832735,0.006113229522745802,0.010825792733656345,0.020596386223652702,0.008628504324370241,0.004570208123293678
2025-06-17,0.007301163098545255,0.01141239431712942,0.013395893931281681,0.0140868907985207,0.009814931993356996,0.005407418297046047,0.011567936371270232,0.010667035101976221,0.007148693490216041,0.01784742234843096,0.021736283257695176,0.03872666969347701,0.006646421706145426,0.4121626100295562,0.007832318258158359,0.00982242547506062,0.006523145939665237,0.02331199477869495,0.008659800647089062,0.006526467502440043,0.025107768113455557,0.0439178078306651,0.008247724562071249,0.005182120899953023,0.0082401232172606,0.022485253167854883,0.017905664975441833,0.00567581470063755,0.010885402372789864,0.009372060155245481,0.015130877042653302,0.006046833946621055,0.006625362330735755,0.01493667094717443,0.01010197627711457,0.007496693067772862,0.01031722153432228,0.008551972116688743,0.007235077114372507,0.009914628443153798,0.007514268209370116,0.01591598772622848,0.007003773946181749,0.00622392178909534,0.008532377260438057,0.006129076731181511,0.010838931427700147,0.02061750248339726,0.008668847282058207,0.004580343292609181
2025-06-18,0.007301226404629296,0.011412279478509018,0.013395841395832681,0.01408682957070984,0.009814800783410706,0.005407361893756205,0.011567827667758905,0.010666922391625778,0.007148642991682816,0.017847353103140416,0.02173633577011533,0.03872633524674773,0.006646368293399359,0.4121658071954764,0.007832305028191443,0.009822427677739477,0.0065230707003099365,0.02331172429472664,0.008659788723189425,0.006526464773530214,0.025107600011386254,0.043917638867786886,0.00824775186747036,0.005182103315804275,0.008240027731702107,0.022485145050374408,0.017905591602022004,0.005675808801641904,0.010885398442221243,0.009372065204951924,0.015130765282091679,0.006046849292828295,0.006625296558447351,0.014936655110178765,0.01010196534513783,0.007496612979775215,0.010317202819420564,0.008551940740319822,0.007235062068254862,0.009914654369495098,0.00751428284639153,0.015915663686244266,0.007003692306241265,0.006223789733877655,0.008532267537604304,0.006129029089949172,0.010838906635903686,0.020617464157850294,0.008668742787761162,0.004580312372384185
2025-06-19,0.007294676253609627,0.011378511332143352,0.01337183518037157,0.014104791290749147,0.009785121974400221,0.005383378392933572,0.011515397720854253,0.010606461177824194,0.007182012164204787,0.017700275949565105,0.02165063101661744,0.038806230628107063,0.006641231938900358,0.41400788229640256,0.0077940798191265155,0.00980078030321885,0.006498846233315366,0.02336252929054491,0.008621478739819964,0.006460389337762712,0.025112450308506947,0.04374218933980642,0.008210812807329562,0.005149197149282356,0.008190141148625993,0.022348657110772458,0.017799330654003093,0.005675858693227519,0.010837647644370525,0.00933279677668096,0.015104659765822447,0.0059884639108362244,0.0066131136749621785,0.014785609704494192,0.010095429845331017,0.007486115311891362,0.010208085763578394,0.0085421291313141,0.007238663799766664,0.009861958548714371,0.007482635478810222,0.01588699519479736,0.006982370839869951,0.00619638151440472,0.00851936469904324,0.006098565390377937,0.010715600241191127,0.02056368064539268,0.008685781441531745,0.004578772424792817
2025-06-20,0.007304786402113698,0.011373539843976968,0.013389477742856266,0.01412312201286414,0.009799300270895657,0.005376113032570224,0.011533538110414672,0.010622694862656523,0.007187113358919585,0.01773010967125658,0.021688530967808876,0.03877221883353908,0.006632936805168666,0.4133754652434514,0.007790336171492921,0.009793766676932863,0.006504406176588257,0.02339364984127823,0.008627926228199922,0.0064668979068701025,0.02512051210407631,0.043775975771983354,0.008229616274040582,0.005160381789545708,0.00819299386374411,0.02236249320234901,0.01785875341287925,0.005663793961061985,0.010868351394557546,0.009352439256306804,0.01512631155553068,0.005989236388846754,0.006621837336656772,0.014797779234447968,0.010103756296811922,0.007493604730942923,0.010239768868042867,0.008558693034522039,0.007253686227989126,0.009874924465261071,0.0074879019408728795,0.015914372032123557,0.006992614459519833,0.006206447545556965,0.008544706880601842,0.006105271298125326,0.010723673186526186,0.020616930301871273,0.008698863191894026,0.0045783798334566705
2025-06-23,0.007302765579878925,0.011377415121887363,0.013391267809282868,0.01412523843463595,0.009803303437125184,0.005378206778723903,0.01153583902975249,0.010626592522436753,0.0071889267020301025,0.017733104872181826,0.02168620663227063,0.038778629994819035,0.006634977800529233,0.41326667595280503,0.007791100840428526,0.009793913673459796,0.00650711920401716,0.023403157098937546,0.008628847928778353,0.006467185171438044,0.025127530975561623,0.04378333313913766,0.008229912357167484,0.005160586435245194,0.008196193052591342,0.022368943954302112,0.017859844266767805,0.005663545204082654,0.010869168687266062,0.009353349447948835,0.015127466249609825,0.00598897994500418,0.006624207540123447,0.014798631943198517,0.010103750426253845,0.007496362261050575,0.010238552852956597,0.00855917329597265,0.00725309493537228,0.009874911195537657,0.007488562719216626,0.01592509432426039,0.006994955953472763,0.006211970013447371,0.008549418607592153,0.006106721932611204,0.010724766252531385,0.020620034204004132,0.008701051182968555,0.004579412059326475
2025-06-24,0.0073030677963708285,0.011435445426386595,0.013424432506078903,0.014143121938027801,0.009805164099268042,0.005402124051027093,0.011562539372381586,0.010647101458220717,0.007221717001622891,0.017762101168134373,0.021680465459985174,0.03880923952209147,0.0066673428429251756,0.4123054980167079,0.007834327715997085,0.00978316483207926,0.006476617480341238,0.023443982181198832,0.008659803468914313,0.00653240932031003,0.025041803311363586,0.04379571165516843,0.008269331547424916,0.00516642129681031,0.008204869372600723,0.022481812064629063,0.01792016218963172,0.005645561557393585,0.01088049514810507,0.009343779859880113,0.015174401801599322,0.006041924077362685,0.006633043109242524,0.014884240219843742,0.010102595580251734,0.007492584413737844,0.010278290521156096,0.008538035101885104,0.007266332738797151,0.009870654529680315,0.007496398024584288,0.01595084295827067,0.007018122589460479,0.006231285733505805,0.008546922066230839,0.006127123707950361,0.010785423271195901,0.020646809507240557,0.00868424407915679,0.004581112307771163
2025-06-25,0.007311494762884001,0.011402232602655047,0.013362578591725937,0.014105739795705277,0.009784491462147432,0.005361625070018653,0.011563746051680064,0.010547659425020563,0.007160243132364922,0.01777900448866418,0.02173407132166142,0.038649443803214056,0.006623468918955149,0.41399588646161994,0.007804788085923866,0.009789171049025562,0.00647303226362779,0.023254410914823085,0.008612653720134096,0.0065083429496305585,0.024934357160828858,0.04391335676736825,0.008232584178737342,0.005171795232598178,0.00818078190642506,0.022353853705168646,0.017906986024738447,0.00566544716866769,0.010836618353578527,0.009339266101989577,0.015102661952896463,0.0060296727258048605,0.006598368884429397,0.01476054540267563,0.01006226179543347,0.0074479315078175914,0.01028158789699469,0.00853373114797707,0.007256662178108949,0.009885310933373534,0.007474568650012239,0.015897768498105248,0.006979035989852759,0.0061627406294799455,0.008548513136193366,0.00610412238285792,0.010693008014320729,0.020595362059122047,0.008659560512303684,0.004567454230658198
2025-06-26,0.00730391336101501,0.011380622545781096,0.013363602070683106,0.014153214499456146,0.009784877192570603,0.005376000331902565,0.011536797618303249,0.010611275221084342,0.007150077410613646,0.017820372477432143,0.02174616956779799,0.038596959718676216,0.006621144645065087,0.4135444690057475,0.007817253957604289,0.009812792522589821,0.006479751631155059,0.023231575053498755,0.008665123031359955,0.006518993081057782,0.02506297782543535,0.04376244007653053,0.008262817899829121,0.005167551035494329,0.008192087481810916,0.02233472817688933,0.01792419749663733,0.005687547595810518,0.010866020990822367,0.009341959745390788,0.015128790071935674,0.006017754851650015,0.006599298568470155,0.014883006756116856,0.010073796879483232,0.007454399930979718,0.010290850803230032,0.008548122426458816,0.0072505110319392085,0.009896442367223176,0.007519941982613193,0.015833582293630025,0.006974963290962942,0.006187946005156529,0.008498438899232344,0.006118320753955898,0.010779112309557913,0.02059183134761149,0.008663244847922372,0.004572331313825595
2025-06-27,0.007304428970974011,0.011366945631441791,0.01335282502027342,0.014148461085692603,0.009776704645218902,0.005374086693921179,0.011537715240776784,0.010617798235147385,0.007153966356190919,0.017800498555764977,0.021728471766643772,0.038624563131846916,0.006613675446235915,0.413685811257749,0.007807789673622451,0.009817411315540436,0.00648071150446814,0.02322503392265185,0.008648821784128544,0.0065052114431240395,0.025088055543733875,0.04374925509900576,0.0082554107216724,0.005161500982676529,0.008191886019807033,0.0223181871498487,0.017916207198424582,0.0056890708180705836,0.010870808288654853,0.009345132225887667,0.015126774837845532,0.006006610122035309,0.006594401894145462,0.01486249680665635,0.010074194501008186,0.007464407282344524,0.010284007721543031,0.00855443557343158,0.007255467224823709,0.009899420783785352,0.00751269344973964,0.01583689702993661,0.006974983728439438,0.006186942001887871,0.008488861689322209,0.006115132482130736,0.0107686185576679,0.020600571323349068,0.008666219249625509,0.00457041801108695
2025-06-30,0.007303962708288789,0.011380413999568205,0.013363335601700775,0.014153229957389508,0.009784650468862354,0.005375979870312559,0.011536330409145992,0.010611073404394863,0.007150040326409856,0.017820108453302088,0.021746457360032116,0.038596047179833524,0.006621025415138496,0.4135518143215725,0.007817248468009751,0.009812756243373454,0.006479571123911597,0.023230810067478472,0.008664978090687413,0.006518989406258113,0.025062876883786604,0.04376250742639764,0.008262830593120062,0.005167447150402939,0.008191831036052906,0.02233463645525716,0.017924167097901397,0.005687506388930335,0.010865929030067018,0.009341977337349261,0.015128640600843273,0.006017753369124365,0.006599114535860394,0.014883048643401342,0.010073612717851971,0.007454221980552668,0.010290865603244667,0.008548012114547702,0.007250570329655118,0.009896460095480127,0.0075199710802477115,0.0158327465575436,0.006974748574027688,0.006187554466549163,0.008498019350432179,0.006118225701189053,0.01077907443787927,0.02059157355334438,0.008662979183648186,0.004572274829641387
2025-07-01,0.007302109292142461,0.011410682608135164,0.013363562140505717,0.014131733643054051,0.009783083926096435,0.005382236137723723,0.01155174205933593,0.010581173547044919,0.0071418511189750514,0.017818296501707354,0.02171530691703233,0.038599712135329096,0.006621756411170301,0.4138271904683375,0.007822789270644767,0.009824111094058811,0.0064815558207097414,0.023186440853659132,0.008638403896506362,0.006523673125312306,0.025012756649774308,0.043840906233015,0.00824316430110228,0.0051643579158215085,0.008195072696898623,0.02235172660998952,0.017884900566198906,0.0056931980460330255,0.010838484804123734,0.009340495257491624,0.015108621781332324,0.00603440450644714,0.006590333201323423,0.014828544423337304,0.01005619088147968,0.00745191064963903,0.010284496065490825,0.00852640452741977,0.007248041277946735,0.009903189200598059,0.007508684621745828,0.015866593055649435,0.006972052409281458,0.006185096312991679,0.008507637744705992,0.006119452096519519,0.01075087074495561,0.020574124220594493,0.008642067484865297,0.004568810745746852
2025-07-02,0.0073038940369651835,0.011380491374229678,0.01336327384329033,0.014153169853915338,0.009784638667606153,0.0053760756367357,0.011536228638889572,0.010611029480833494,0.007149999777982017,0.0178200168124303,0.0217460776852415,0.038596223050519365,0.00662108432037825,0.41355408077666966,0.007817262156667745,0.00981281767221091,0.0064795897886270794,0.02323071210724585,0.00866495632388504,0.006518960790610514,0.025062818248773412,0.043762723794100435,0.008262732829607869,0.005167373847018621,0.008191853807147952,0.02233471827953772,0.017923808339321324,0.005687550543213951,0.010865799356796275,0.009341898035421434,0.015128463124641365,0.006017789516438445,0.00659910250041071,0.014882975663559037,0.01007354011916012,0.007454185031791764,0.010290658020206105,0.008547923479390738,0.007250470153276353,0.00989636634691143,0.0075199973309555135,0.015832642930353854,0.0069746992209302975,0.006187567327037212,0.008497956080683862,0.006118221783560888,0.01077905748949862,0.020591356451208655,0.008662883785472834,0.004572283768639536
2025-07-03,0.0072919995101341254,0.011396354271272453,0.01329355263380799,0.014140593693830793,0.009762927113346007,0.005380594233478003,0.011518832327350561,0.010622422609222965,0.007143085381315445,0.017724996478140836,0.021571282750643055,0.038785000078600584,0.006631831883372387,0.41475181574044717,0.007801018064979761,0.009828466963688949,0.0064827952776937555,0.023179435627333045,0.008578321163084105,0.006477783660960448,0.025074804206388045,0.04369772379255533,0.00821278657741599,0.005126121322828332,0.008202998745886304,0.02232463577755101,0.017781997350285808,0.00571340585525199,0.010829964641557072,0.009335872285923147,0.015063748977892142,0.005987362526382579,0.0065700464907613495,0.014829602249112714,0.010053110236497905,0.00747805200543879,0.010242291232906086,0.008561787707717504,0.00721790996175453,0.009865841764936694,0.007479909606697311,0.015873288014440486,0.006962809728567953,0.0061520837133311156,0.008428203035157563,0.0061164958102298385,0.010721855351072467,0.020501796377570904,0.008651912525727912,0.004578472665458791
2025-07-04,0.007293855533380175,0.011452246479816033,0.013312631204207214,0.014141617769209594,0.009777728863688662,0.005388545299935767,0.011514266004746369,0.010607935647119019,0.00712820437759696,0.01777106006202835,0.021582878243128944,0.03867279478604221,0.0066544051482436,0.4144286674138064,0.007820079129640466,0.009821198882485395,0.0064789592682952075,0.023176017420329306,0.008618789438789444,0.006514381094587459,0.025000288536399726,0.04377886507818375,0.008242945945994644,0.005133368620062107,0.008202299795388512,0.022357929380776565,0.017817074674623033,0.005709446576039545,0.010828966642332908,0.009327780558787805,0.015059008641627939,0.006019840881681157,0.006589735475440637,0.014874885917318599,0.010051069338726654,0.007457436368138091,0.010245629282902851,0.008559835384129988,0.00720854758837917,0.009855688807582592,0.007500675590675083,0.015861771461273235,0.006964408389833033,0.006162979865510588,0.008458222904598025,0.006122380057324429,0.010738711873091071,0.0204897907305681,0.008640472356866935,0.004583681208666438
2025-07-07,0.00729336250344538,0.01145291893907782,0.013314524229057647,0.014141486427369966,0.009778833815230573,0.005388342036859423,0.011517000238578406,0.010608984973437449,0.007128099498914448,0.017773089449098885,0.02158115244677316,0.03867645896992971,0.0066549135073982486,0.41438185063206895,0.00782019062036035,0.009821058972820514,0.0064796827021814905,0.023182177698681205,0.008620572465637544,0.006514526559628059,0.025003283492766114,0.04377483303997813,0.008243279824032158,0.005134408304135985,0.008203890712985032,0.022357694602862827,0.01781871346387004,0.005709644284454886,0.010829740867171072,0.00932809175333658,0.015060315580707726,0.006019530085308926,0.006591314274665699,0.014875090742898748,0.010052192014561487,0.007458311194385811,0.010245257220986528,0.008560869504165082,0.007208434844420095,0.009855074767488597,0.007500696473705932,0.015866102163667958,0.006965924661902541,0.0061665647441599076,0.008461078240240342,0.006122850874829389,0.01073891342633931,0.020492057768416384,0.008642498928092794,0.004584115456914789
2025-07-08,0.00730595592539365,0.011482063604194511,0.01332785620379937,0.014149100706529685,0.00979217405099078,0.005383366241547961,0.011551987449413914,0.010573535585649396,0.007131844664723229,0.01777352632720372,0.02161096573326919,0.038658757468468016,0.0066477627351570045,0.414321867342344,0.007819415654236238,0.009831958473486425,0.006472390843769427,0.02313266254250846,0.008596248702890958,0.006522374211603538,0.024941851567595073,0.0438245839957342,0.008233689965318803,0.00514373144311471,0.008213475518041864,0.02236855445166834,0.01782587565224354,0.00571633191027625,0.010806020231800693,0.00933539707347233,0.01507790836149524,0.006042059298041447,0.006582940439502838,0.014821825448985993,0.01004717238775976,0.0074706301520600146,0.010268559640171204,0.008548004500884932,0.0072215199121690886,0.00987448300880805,0.007479956786993533,0.01591758678828977,0.006966429636160337,0.00616469512110754,0.008488035138686215,0.006124727994907187,0.010706961979985483,0.020502777024379682,0.008620304844159593,0.004578095259006897
2025-07-09,0.00730595601365634,0.011482063764295444,0.01332785629033697,0.014149100837931746,0.009792174125970832,0.005383366240779829,0.011551987535179446,0.010573535377345879,0.007131844730956349,0.01777352621914303,0.021610966054729938,0.038658757161420344,0.006647762685452668,0.4143218667526584,0.00781941563582482,0.009831958569373741,0.0064723907908554095,0.023132662218741183,0.00859624855855928,0.006522374250916013,0.024941851241735098,0.04382458444354595,0.008233689907590836,0.005143731500465258,0.00821347559623239,0.022368554617739414,0.01782587576798672,0.005716331931421072,0.010806020085590395,0.009335397177558272,0.015077908508544294,0.006042059438560374,0.006582940371890646,0.014821825200126398,0.010047172378138652,0.007470630228396987,0.010268559874203305,0.008548004409109449,0.007221519992686147,0.00987448310281101,0.0074799567197468475,0.015917586999119413,0.006966429588939372,0.0061646950463084315,0.008488035249134608,0.006124727977633992,0.010706961800214765,0.020502777100219853,0.008620304705445224,0.004578095224777158
2025-07-10,0.00730603508197131,0.011481965838405741,0.013327863569670506,0.014149239417838353,0.009792163494262998,0.005383303056369957,0.011552174892267916,0.01057350582616283,0.007131857274143622,0.017773637147830163,0.02161122056842783,0.038658528086295364,0.006647699875600231,0.4143196200270987,0.00781942576528407,0.009831882051042436,0.006472382776488297,0.023132798936107292,0.008596292286389468,0.006522378779105336,0.02494197508581252,0.04382442140699508,0.008233776984155464,0.005143774391907439,0.008213505105358223,0.02236850992095946,0.017826152825789192,0.005716298061564833,0.010806181038086853,0.009335504369347053,0.015078019759140925,0.006042072023316078,0.006582965649090626,0.014821833740603505,0.01004718397119779,0.007470631602169372,0.010268718376578024,0.00854813867117953,0.007221602391075268,0.009874470445912458,0.0074799616245134586,0.015917635311199097,0.006966500619526679,0.0061647065860852964,0.008488111616291089,0.006124758491494599,0.010707038197673114,0.02050308697993413,0.008620398604370085,0.004578091397910145
2025-07-11,0.0073080153934632006,0.011479429232946248,0.013328082812374699,0.014152665343092487,0.009791880673480975,0.005381648131695575,0.011556821443043817,0.0105727089140896,0.007132168453824536,0.01777640621277754,0.02161772506660136,0.0386524896396271,0.00664603111960871,0.41426367117072094,0.007819674611702973,0.009829931459368944,0.006472143194575924,0.023136274677175554,0.008597395083523513,0.006522485042283211,0.024945054866300595,0.043820292660823504,0.008235997888688763,0.005144929868208135,0.008214216074280266,0.022367301177330167,0.01783331557398378,0.005715409497611053,0.01081024258967443,0.009338212099313991,0.0150808311451593,0.006042334606417771,0.006583600017860228,0.014822048342620128,0.010047450694814252,0.00747067944155195,0.010272817638453146,0.008551513498161498,0.007223722058314478,0.009874204099835335,0.007480097997939081,0.015918840886643245,0.006968274050345293,0.00616497557245207,0.008490026755823566,0.006125463840737907,0.010708876069631704,0.02051091382582076,0.00862275176513692,0.004577957720089744
2025-07-14,0.007305945024499154,0.0114820336722147,0.01332783546142966,0.014149081288571286,0.009792155304755362,0.005383366897915085,0.011551958271151476,0.010573567354955125,0.007131834767520761,0.01777353148203815,0.021610922640185055,0.038658779157723436,0.006647768665820226,0.41432214995783184,0.007819420680301592,0.009831940919291363,0.006472396414537013,0.023132699283970267,0.008596267291893046,0.006522364379628726,0.02494189616518986,0.04382453391254494,0.008233699124370174,0.005143717109636447,0.008213452718408688,0.022368527888701105,0.017825860842191957,0.0057163252311899105,0.010806041787830484,0.009335382122963556,0.015077874314564001,0.006042034842214641,0.006582943443100657,0.014821866635272251,0.010047170005577238,0.007470612183581702,0.010268525849747497,0.008548018547323273,0.007221504483175639,0.009874471147077459,0.007479969463257321,0.015917526989201482,0.006966429601553399,0.006164692732236739,0.008488006972202134,0.006124728376602598,0.010706990697496348,0.0205027568205941,0.008620321566418076,0.004578099509543145
2025-07-15,0.007305955619947143,0.011482064043795238,0.01332785543557694,0.01414910160732377,0.0097921746219656,0.0053833659632108125,0.011551987020242974,0.010573535539949048,0.007131844891277728,0.01777352613037555,0.021610964527858906,0.038658758912548184,0.006647762132189573,0.41432187490886735,0.00781941543473844,0.009831958071589837,0.006472390885115483,0.023132662081664247,0.00859624929619984,0.006522374084703338,0.024941850275118443,0.043824583469595724,0.008233689402541407,0.005143731587351706,0.008213475124932822,0.02236855453727119,0.017825876168706182,0.0057163315089142136,0.010806020147355924,0.009335396957048568,0.015077907373038811,0.006042059399943462,0.006582939915985024,0.014821824767199385,0.010047172005137443,0.007470629947571104,0.0102685595276502,0.008548003637990749,0.007221519980158713,0.009874483053494233,0.007479956222616559,0.015917588150047086,0.006966429717968305,0.006164694516024905,0.008488034538761437,0.006124728349183743,0.010706961422662148,0.020502776319959684,0.00862030523641462,0.004578095530216112
2025-07-16,0.007291241175734113,0.01143659940561344,0.013365037491526689,0.014117789108691525,0.009785612696238646,0.00539521107530875,0.011536388726480723,0.010573126504046439,0.007141477978111384,0.017800437087087072,0.02167073986344406,0.0386180347481441,0.00663299730698911,0.4141488314778955,0.007825098228989637,0.009840328412205473,0.006484035818598376,0.02315781457849268,0.008623000605451348,0.00652450708907123,0.024981235583856815,0.043886968642928924,0.008222926652142408,0.00515766198064818,0.008198019003875397,0.022369917464378417,0.017826943298143497,0.005701835747253812,0.010806752115159144,0.009329952028130363,0.01509467212356585,0.0060433376458364,0.006586011250723808,0.014806231895230951,0.010050191444087598,0.007453537932079431,0.010263611474716423,0.008501182535120343,0.007236003882961912,0.00990450091696014,0.007504447405971815,0.015876033646395508,0.0069600226333984255,0.006185042339951561,0.008503638164609405,0.006116385814474734,0.010736666747818556,0.020534457483382413,0.008622086845753624,0.004571415922324039
2025-07-17,0.007291241234850758,0.011436599338572781,0.013365037438075964,0.014117789117971402,0.009785612625205628,0.005395211061896818,0.011536388562158214,0.01057312641498818,0.007141478002758664,0.017800436957875053,0.021670740079513123,0.03861803432395534,0.006632997261929418,0.414148834257213,0.007825098245064752,0.009840328409509179,0.006484035754924749,0.023157814324122287,0.00862300054687304,0.006524507062977803,0.024981235344355954,0.04388696885570478,0.008222926653718387,0.00515766193360221,0.00819801886992535,0.02236991745824896,0.017826943309861468,0.0057018357397174545,0.01080675211723033,0.009329952029918511,0.01509467200696577,0.006043337666693685,0.00658601114311287,0.014806231863595223,0.010050191413253891,0.007453537874503941,0.010263611538815278,0.008501182475390242,0.007236003907935429,0.009904500990346614,0.007504447435366338,0.01587603325022413,0.006960022534260955,0.0061850421395275345,0.008503637995967137,0.006116385781469012,0.01073666671487876,0.020534457286513843,0.008622086755061749,0.004571415893397941
2025-07-18,0.007291296872835606,0.011436534078817045,0.01336504768800693,0.014117844438869808,0.009785605097179299,0.005395162649179153,0.011536489293631392,0.01057311250341502,0.007141472375832526,0.017800505333343083,0.02167093947243688,0.038617923098837124,0.00663294499758035,0.41414747540703595,0.007825088089492862,0.009840277560073073,0.006484027357927238,0.023157865384449514,0.00862302128221076,0.00652451762061595,0.024981301156396237,0.04388688469741493,0.00822298979177698,0.005157692783713099,0.008198019566428915,0.02236987303010257,0.017827169297642984,0.005701801375080352,0.010806857860924798,0.009330017242337995,0.015094733883068066,0.006043332024188557,0.006586020553597312,0.014806247976148604,0.010050200276916325,0.007453531158289501,0.010263729336300759,0.008501264255803078,0.007236070183295532,0.009904510048369166,0.007504461671923596,0.015876067922379253,0.006960075492454222,0.006185036128545855,0.008503683799073469,0.006116404784307331,0.010736689118084855,0.02053463614593076,0.008622148425052427,0.0045713994126830035
2025-07-21,0.0073135549809164825,0.011411841433706138,0.013368421916515938,0.014140814421228439,0.009785936157332614,0.005373045175523572,0.011582518863903683,0.010575628208474599,0.0071482905223474984,0.01783752465762932,0.02177025436755181,0.038577905621862515,0.0066137873683121745,0.41342439713403,0.007821215106516743,0.009819022426025423,0.006480172632924229,0.023191151321783288,0.008631661445959355,0.00653046283830032,0.02501125294462507,0.04384761171389101,0.0082530084197058,0.005174151377386829,0.008203217902729336,0.022361371503697994,0.017932192480936377,0.0056888535412646804,0.010850717718336015,0.009356665365450555,0.015133910577853462,0.006038321297190178,0.006589874183930653,0.01481995579310759,0.010059925979624545,0.0074575948321114445,0.010317838888894525,0.008536285053703345,0.0072630335576471345,0.009912483952699197,0.00750055775696876,0.015902141688603044,0.006982676735823605,0.006184294410968658,0.008523799158776357,0.006120861519386284,0.010745342923896395,0.020614804940010407,0.008654514444336939,0.004565132735599699
2025-07-22,0.007295435729266467,0.011421250026405013,0.01333573705870449,0.014160064142165732,0.009788356538053418,0.005363544085366789,0.01157277355261203,0.01057611698993041,0.007158286655642424,0.017835185087392097,0.021709613454317343,0.03858075946345883,0.0065981811918391555,0.41376674341771286,0.0078047906538773835,0.009789744505180446,0.006488245903806296,0.023216600578832083,0.008662803105245342,0.006517398017357403,0.02497484893072277,0.043811677756748296,0.008231513923027189,0.005176656923462909,0.008197621483478135,0.022390784898601246,0.01795319228736681,0.005667414755329634,0.010856775759729993,0.009353391026278137,0.015089609568889833,0.006043629180061172,0.006570463697074946,0.014791327578052729,0.010046122952437415,0.0074373687640164445,0.010296165601340432,0.008503537051045352,0.007266144142955425,0.009916976551992994,0.007485783055422797,0.015973859789405326,0.006989014273190079,0.00617015141308768,0.008493278141608574,0.006136862855579913,0.010721578024032934,0.020568144548350525,0.008671820179984876,0.004572654729559415
2025-07-23,0.007295435704796365,0.011421250035962153,0.01333573698913447,0.014160064160608464,0.009788356541686114,0.005363544079864546,0.011572773535351,0.010576116986468131,0.007158286681632397,0.01783518507740086,0.02170961341182768,0.038580759423880395,0.006598181175852797,0.4137667439566221,0.007804790617704251,0.009789744449550494,0.006488245926608186,0.023216600646909228,0.008662803156867505,0.006517397992462068,0.024974848858582803,0.043811677671000866,0.008231513883918034,0.005176656935026367,0.008197621482703159,0.0223907849486171,0.017953192291939653,0.00566741472048561,0.010856775794092688,0.00935339102321614,0.015089609525303426,0.006043629187932679,0.006570463676566327,0.014791327542215661,0.010046122946809595,0.007437368711363919,0.010296165563209489,0.008503536994804701,0.007266144159186317,0.009916976551055475,0.007485783047743435,0.01597385994410178,0.0069890142692748455,0.006170151380899166,0.008493278081480784,0.006136862886434447,0.010721577978085735,0.020568144469783764,0.008671820183203201,0.004572654739773672
2025-07-24,0.00729543588645017,0.01142125050649249,0.013335736538737682,0.014160064584072405,0.009788356614485575,0.005363543898717975,0.011572773543281404,0.010576116865668471,0.0071582865132041925,0.017835184591313363,0.02170961263817704,0.03858075971980189,0.006598181229534574,0.4137667477083144,0.00780479057217115,0.009789744422068767,0.0064882457482641894,0.02321660024118692,0.008662802888496435,0.006517397998445656,0.02497484844539382,0.04381167696657296,0.008231514004551715,0.005176656777065642,0.008197621551306392,0.02239078446348766,0.01795319218929086,0.005667414861602261,0.010856775806588028,0.009353391179890851,0.015089609205391387,0.006043629118902773,0.00657046368412844,0.014791327607453615,0.010046122897556756,0.007437368889625217,0.010296165684135068,0.00850353749956265,0.007266143967918948,0.009916976320026694,0.007485782901239161,0.015973860193077154,0.0069890143066093,0.006170151092060891,0.008493277873731421,0.006136862922074513,0.010721577645934434,0.020568144215700298,0.008671820172993163,0.004572654847243255
2025-07-25,0.007295437074393453,0.011421253451218505,0.013335733854075804,0.014160067270600683,0.00978835715089078,0.005363542798984199,0.011572773584684046,0.010576116108136068,0.0071582853854791255,0.01783518153238232,0.021709607924025046,0.038580761492694605,0.00659818154195682,0.41376677115357074,0.007804790291170447,0.009789744238274624,0.006488244633192427,0.02321659774040034,0.008662801160694239,0.006517397976238737,0.02497484587732984,0.04381167277781478,0.008231514723958264,0.005176655759041175,0.008197621943279056,0.022390781332224302,0.01795319142168944,0.005667415729027735,0.010856775946540727,0.009353392067033882,0.015089607186515142,0.006043628667724687,0.006570463729052141,0.014791328066748101,0.010046122657490329,0.007437370055657146,0.010296166398197318,0.008503540533469559,0.007266142782599151,0.009916974838508463,0.0074857820112445425,0.015973861708153177,0.006989014517120394,0.006170149285343309,0.008493276630609971,0.006136863166930259,0.010721575647301583,0.020568142632327337,0.00867182005864467,0.004572655485360421
2025-07-28,0.007295446085925153,0.011421275813301332,0.013335713290707537,0.014160087694113477,0.00978836122867405,0.0053635344361244236,0.011572773814424023,0.010576110383602332,0.0071582768675808525,0.01783515828321079,0.021709572022118394,0.03858077551718183,0.006598183952750946,0.41376694834373084,0.007804788205508954,0.00978974286670328,0.00648823614140739,0.023216578600827313,0.00866278811751753,0.006517397862828592,0.024974826282620162,0.043811640801311544,0.008231520284371853,0.005176648056392874,0.00819762493941906,0.022390757712324977,0.017953185633414817,0.005667422328438003,0.01085677701646,0.009353398851319252,0.015089591950164058,0.006043625286733146,0.006570464095077464,0.014791331583848948,0.010046120807920158,0.0074373789100317545,0.010296171865786864,0.008503563714512651,0.007266133798001797,0.009916963573629256,0.007485775297979682,0.015973873324210023,0.006989016068323695,0.006170135592066292,0.008493267109496017,0.006136865054816465,0.010721560383024216,0.020568130618254018,0.008671819164729087,0.0045726603670827445
2025-07-29,0.007295287931388475,0.011420926185128124,0.01333440567623735,0.014159357165292371,0.009787649534771656,0.005363366786018492,0.011572452134880461,0.010575984399435235,0.007157786171899974,0.01783444625775054,0.02170952555180241,0.03858011822010706,0.006598137924151101,0.41378554995988237,0.007804196984652982,0.009789184806989515,0.006488241707315457,0.023218781764190812,0.008662933191625284,0.006517303149480301,0.02497381026158173,0.043809607609931196,0.008231058551360818,0.00517619026512379,0.008197803237564043,0.022389732530625032,0.017952264398385244,0.005667159182604409,0.010856967753618703,0.00935283465573907,0.015089040630548133,0.006043730252522861,0.006569636234031379,0.014791241603994252,0.010044765021632984,0.007437191635198713,0.010296613238983955,0.008503716021741436,0.007265845630240931,0.009916919064624684,0.007486442172280317,0.015973030947549167,0.006988763575335938,0.0061700410854458754,0.008492807565285126,0.006136340572625102,0.01072083762247903,0.020565758081862597,0.008671768055108992,0.004572447038974511
2025-07-30,0.007288664353214113,0.011404234985809543,0.013291896439158958,0.014140269786730797,0.009759923997689986,0.005361489904632114,0.01156233911740333,0.010573039312028132,0.007145804091169968,0.017806761000951174,0.021712955945002423,0.03857671474457659,0.006595655595520653,0.4143884959271869,0.007785436621488577,0.009764782048517866,0.006488998775458214,0.02329115806478414,0.008662741373828015,0.006516177136562678,0.024940368454874982,0.04374552336434414,0.008219892133871656,0.005161126682072821,0.008203449413905602,0.022360150012908316,0.017916746011688738,0.005655196138162175,0.010865762685995286,0.009334562760208762,0.015074884647142182,0.00604458045737,0.006541431864643898,0.014794923619008095,0.010001664232721016,0.00743457913902192,0.010308644108068959,0.008511317512128427,0.007254752761158155,0.009917631756701342,0.007504884934153,0.015940258823082816,0.006978755849972674,0.006168386202810395,0.008473792823570404,0.0061155901997005015,0.010692088167999436,0.020489102085045906,0.008667276441910468,0.004565137494043676
2025-07-31,0.00729152584582647,0.011411779136649244,0.013307120243429855,0.01414604832845634,0.009771354984872162,0.0053611684639035114,0.011565961019100238,0.010573946696824101,0.007149035544003887,0.017817869531106353,0.02171018227949217,0.038573294121044606,0.00659682912963549,0.41417048231398484,0.007792072882789943,0.009775314588829825,0.006488471370095689,0.023264399705239892,0.008663956994071026,0.0065160999427837,0.024952916533667862,0.04376854494961008,0.008223039096407371,0.005166507599692959,0.008201473681685157,0.02236965071271217,0.01793093358076792,0.0056604658374846606,0.010861997118192314,0.009341242795190025,0.01507883500207702,0.006044987879549046,0.006551967027673439,0.014791811082688726,0.010017046163277527,0.007434651462962137,0.010304959163156078,0.00850823441061226,0.007259140612112322,0.009916742178126494,0.007499062864832464,0.01595403058958214,0.006982908404581982,0.006168480774367072,0.008481674809684507,0.0061241107043510205,0.010703803040601088,0.020516386947084915,0.008669556612950881,0.004567925242179131
2025-08-01,0.007287980198148235,0.011402428018650048,0.013288744227422893,0.014139327190858501,0.009757247538676432,0.005361736502355733,0.01156155556747251,0.010572802981488902,0.007145297894936252,0.017804188217845417,0.02171377351259367,0.03857836062369781,0.006595375776556324,0.414434605402643,0.007784079283022382,0.009762267652973023,0.006489162458127708,0.02329692956611796,0.008662297678559307,0.006516262512998051,0.02493747184413788,0.0437404940234836,0.008219355975424524,0.005160036753235699,0.008203865290489379,0.02235837512305815,0.01791357552662159,0.005653944201888176,0.010866610086161162,0.009333153437460962,0.01507427150645553,0.006044349264708163,0.0065391827847331285,0.014795918689344663,0.009998459853823291,0.007434741032825567,0.010309278473500069,0.008511980609854952,0.007253766294727647,0.009917904083525166,0.00750593075258105,0.015936920916553396,0.006977782781432087,0.006168456199154722,0.008471958887237467,0.006113624927487958,0.010689378956869106,0.020483541169151086,0.008666709084076261,0.004564538664853369
2025-08-04,0.007287980187063765,0.011402428017236822,0.013288744194835606,0.014139327185813995,0.00975724751929282,0.005361736501691195,0.011561555560655792,0.010572802988178935,0.0071452978940506565,0.017804188157603703,0.02171377348967992,0.038578360636880825,0.006595375760382831,0.41443460593023607,0.007784079267105545,0.00976226763812535,0.006489162465633253,0.02329692960662443,0.008662297673451998,0.006516262509156048,0.02493747181201607,0.0437404939569576,0.00821935595526863,0.005160036740582013,0.008203865287562472,0.022358375089052744,0.01791357549103473,0.005653944193288953,0.010866610094934663,0.009333153414573761,0.015074271476509193,0.006044349261144401,0.0065391827626073455,0.014795918694400728,0.009998459840944334,0.007434741024979956,0.010309278477022961,0.00851198061078182,0.007253766297206407,0.0099179040915327,0.007505930772622087,0.015936920899735748,0.006977782775693328,0.006168456205571228,0.00847195889013251,0.006113624921036473,0.010689378900790325,0.020483541118920378,0.008666709095109354,0.004564538664287637
2025-08-05,0.007295435541258703,0.011421253657077393,0.013335741024731038,0.01416006655818506,0.00978835796316729,0.0053635438897003535,0.01157277278014337,0.010576117302207998,0.00715828741117014,0.01783518275080372,0.02170961124702743,0.03858075805600146,0.006598179436381236,0.41376671551026967,0.007804789440566029,0.009789746741946045,0.006488248134777351,0.02321660385089037,0.008662802615760195,0.0065173982211753825,0.024974849124452952,0.04381167558722355,0.008231511886342028,0.005176657017856093,0.008197620491579648,0.022390786052379888,0.01795319523353597,0.005667415094870557,0.010856776799450829,0.009353389291295134,0.015089608013598195,0.0060436294351987035,0.006570464070831034,0.014791329993297466,0.010046124321518388,0.007437368613910516,0.010296166900216152,0.00850353568159159,0.007266145769291953,0.009916978593857907,0.0074857850986759025,0.01597386278454055,0.006989014809071942,0.0061701528443958925,0.008493279536368064,0.006136864412049138,0.010721576789147718,0.020568145943432637,0.00867182167675077,0.004572656000028532
2025-08-06,0.007295435704796365,0.011421250035962153,0.01333573698913447,0.014160064160608464,0.009788356541686114,0.005363544079864546,0.011572773535351,0.010576116986468131,0.007158286681632397,0.01783518507740086,0.02170961341182768,0.038580759423880395,0.006598181175852797,0.4137667439566221,0.007804790617704251,0.009789744449550494,0.006488245926608186,0.023216600646909228,0.008662803156867505,0.006517397992462068,0.024974848858582803,0.043811677671000866,0.008231513883918034,0.005176656935026367,0.008197621482703159,0.0223907849486171,0.017953192291939653,0.00566741472048561,0.010856775794092688,0.00935339102321614,0.015089609525303426,0.006043629187932679,0.006570463676566327,0.014791327542215661,0.010046122946809595,0.007437368711363919,0.010296165563209489,0.008503536994804701,0.007266144159186317,0.009916976551055475,0.007485783047743435,0.01597385994410178,0.0069890142692748455,0.006170151380899166,0.008493278081480784,0.006136862886434447,0.010721577978085735,0.020568144469783764,0.008671820183203201,0.004572654739773672
2025-08-07,0.007295435696716823,0.011421250044587094,0.013335736999205169,0.014160064158114077,0.009788356549077951,0.005363544078919724,0.011572773565646337,0.010576116996917302,0.007158286683704757,0.01783518509086939,0.02170961340800339,0.038580759470980844,0.00659818118083552,0.4137667434983841,0.007804790618146582,0.009789744466060788,0.0064882459367952075,0.023216600686063765,0.00866280316340936,0.006517397997383787,0.024974848883257874,0.04381167766328316,0.008231513890134195,0.005176656942551457,0.008197621499391341,0.02239078496552586,0.01795319232221751,0.005667414719487259,0.010856775799763569,0.009353391030279504,0.01508960952967194,0.006043629192496623,0.006570463686117535,0.014791327539610074,0.010046122945039907,0.007437368716980368,0.010296165570984806,0.008503536999246402,0.0072661441579063395,0.009916976560853415,0.0074857830499106045,0.015973859978479922,0.006989014281061739,0.006170151394178257,0.00849327808789462,0.0061368628853534,0.010721577986182309,0.020568144485316135,0.00867182020590439,0.0045726547410974774
2025-08-08,0.0072905326694992665,0.011428700532257021,0.013348963404751085,0.014158747458504706,0.009800152948379331,0.005367953874023959,0.011595760415694574,0.01058771820480761,0.007157609685805774,0.01784927387253121,0.021694426085645948,0.038637606764798216,0.00660176232425618,0.41332334198376125,0.007801509812749771,0.009791439880060168,0.006500878757969929,0.02325318539433316,0.0086683250126581,0.006520092975765114,0.024986715859939633,0.04385061036615962,0.008230203559065242,0.005183505303965389,0.00821362205896293,0.022400023645789732,0.017957241718494738,0.005664908563743425,0.010862728120492384,0.009350303676744515,0.015100456387588706,0.006044081482467915,0.006580783102703806,0.014791919045449511,0.010051087345785617,0.007446975079296397,0.010299124120035951,0.008505982892750999,0.007266504469668132,0.009920352954276597,0.007488916990365776,0.016017513814943235,0.00700120379943112,0.0061896131157933975,0.008512945137096153,0.006141064144371408,0.010725903520407358,0.020580498620791438,0.008683664623666846,0.004573564421499674
2025-08-11,0.007279771217735411,0.011441787478207078,0.01336754448615131,0.014166345619000414,0.009820078779940641,0.005377725451225274,0.011626324593267104,0.010608617457801565,0.007161462309116133,0.017866946907876276,0.021674635023900924,0.03872472735961306,0.006611391976825544,0.41264564285088445,0.0077988517200209455,0.009795893271132356,0.006520716934148588,0.023298464089928774,0.008672773767332715,0.006522986646939894,0.025010899913069085,0.043925365579037375,0.008227648838636026,0.005191367796426478,0.008236733318536665,0.022415376882572623,0.0179600726271223,0.005662857413003904,0.010869670817287003,0.00934686506962757,0.01511786866239484,0.0060437610102768114,0.006596193613111416,0.014795759555848711,0.010057454756056764,0.007464291607279379,0.010298353903716766,0.008510576233804173,0.007267532357306617,0.009922972186038556,0.007490995659393803,0.016080558625197958,0.007017152122452614,0.0062201240327374365,0.00854133401938485,0.00614884906019286,0.010728748594127296,0.020592366466344575,0.008699260512785962,0.004576300825180998
2025-08-12,0.007295430946473347,0.011421255802954887,0.013335751715013965,0.014160059947769048,0.009788368214152616,0.005363547415004142,0.011572798428967522,0.010576131274022358,0.007158284289430523,0.01783520023714025,0.02170959246875145,0.03858082108786271,0.00659818502061834,0.4137662723536422,0.007804785746135002,0.00978974544717803,0.006488259700360161,0.02321664704094306,0.008662812287032551,0.0065174009950109855,0.024974862044942925,0.043811704158967596,0.008231513360087369,0.005176664818411973,0.008197638611357295,0.02239079259480496,0.017953196280464254,0.005667411881716989,0.010856783679992293,0.009353386168302736,0.01508962036981344,0.006043628555675932,0.006570476038445264,0.014791331146851192,0.010046129722278032,0.007437377886815093,0.010296168446350491,0.008503540504506598,0.007266143216323335,0.009916979808282808,0.007485788793594476,0.015973906161528537,0.006989028329893675,0.006170173642038434,0.008493299807618178,0.0061368671596685655,0.010721586072829995,0.020568158839729192,0.008671835436610605,0.004572656043634722
2025-08-13,0.007295435704796365,0.011421250035962153,0.01333573698913447,0.014160064160608464,0.009788356541686114,0.005363544079864546,0.011572773535351,0.010576116986468131,0.007158286681632397,0.01783518507740086,0.02170961341182768,0.038580759423880395,0.006598181175852797,0.4137667439566221,0.007804790617704251,0.009789744449550494,0.006488245926608186,0.023216600646909228,0.008662803156867505,0.006517397992462068,0.024974848858582803,0.043811677671000866,0.008231513883918034,0.005176656935026367,0.008197621482703159,0.0223907849486171,0.017953192291939653,0.00566741472048561,0.010856775794092688,0.00935339102321614,0.015089609525303426,0.006043629187932679,0.006570463676566327,0.014791327542215661,0.010046122946809595,0.007437368711363919,0.010296165563209489,0.008503536994804701,0.007266144159186317,0.009916976551055475,0.007485783047743435,0.01597385994410178,0.0069890142692748455,0.006170151380899166,0.008493278081480784,0.006136862886434447,0.010721577978085735,0.020568144469783764,0.008671820183203201,0.004572654739773672
2025-08-14,0.007295435684717564,0.01142124999920968,0.013335737026950541,0.014160064111745857,0.009788356576279987,0.005363544075093158,0.011572773503499932,0.010576116991834323,0.007158286718597794,0.01783518519441723,0.02170961373623199,0.03858075956921476,0.0065981812068532895,0.41376674416656223,0.0078047906280244855,0.009789744440841575,0.006488245921591597,0.02321660044787314,0.008662803108821787,0.006517398007908515,0.02497484878984599,0.043811677672828966,0.008231513907260088,0.0051766569243948115,0.008197621460141325,0.022390784824433123,0.017953192112946482,0.005667414683774752,0.010856775799601282,0.009353391012717642,0.01508960964538606,0.006043629086870629,0.006570463649303992,0.01479132758415934,0.010046122923838332,0.007437368718600843,0.010296165673913203,0.008503537076334767,0.007266144085051143,0.009916976528379513,0.007485783007968637,0.015973859892699453,0.006989014217494257,0.006170151328002412,0.00849327808974516,0.006136862889548215,0.010721577908636376,0.020568144432330845,0.008671820223946355,0.0045726547335765465
2025-08-15,0.007291235974955922,0.011436570052207674,0.013365044973630969,0.014117768138737906,0.00978564677062249,0.005395210774376186,0.0115363611905597,0.01057312115328256,0.007141504153973035,0.01780052295458963,0.02167092310287793,0.03861810887775197,0.006633015277919112,0.41414895928517115,0.00782509899499249,0.009840332674708309,0.006484027226151799,0.02315770568732246,0.008622968804437687,0.006524510261626742,0.024981201833865842,0.043887003614190304,0.0082229312191795,0.005157661805846562,0.00819802367351253,0.022369818111390674,0.017826826235162203,0.005701825658370379,0.010806755794859247,0.00932994449554963,0.015094761576475704,0.006043281588874715,0.006585989329582443,0.01480627923574616,0.01005019689261316,0.007453544610705465,0.010263653288132833,0.00850121301187232,0.007235970768062905,0.009904481929793697,0.007504416214618858,0.015876029204904267,0.006959994268816956,0.006185020889373544,0.008503645926714794,0.006116387961188389,0.010736611512917995,0.02053438098879665,0.008622107049993001,0.004571404978993504
2025-08-18,0.00731119833523894,0.011406637243531524,0.013385096161604921,0.0141400219734322,0.009806451018438911,0.005378839278606615,0.011569533064360179,0.010576695188385034,0.007170371246815732,0.017892782933904353,0.02189449258034173,0.038652504938286605,0.006630478286867258,0.4131227454084974,0.007826985498553693,0.009827352802115162,0.0064783611795448705,0.0231329513253876,0.008615593805015658,0.0065430554928080885,0.025010186724770744,0.043873953814773936,0.00825299125320942,0.005173342416853609,0.00820537732913496,0.022342603698091216,0.017887805551713626,0.00567964733770664,0.010851197186092542,0.009356528534437688,0.015198671583995928,0.006006622211861207,0.006590219680449969,0.014837006624822121,0.010066076420920425,0.007463754200201799,0.010356461932618227,0.008549150920769836,0.0072528685488122465,0.009916096023390185,0.0074886230621478604,0.01590729326145827,0.00696888857997294,0.0061748134047763924,0.008535639558672375,0.006129010920300412,0.010730147669442039,0.020599155560944347,0.008665595103240987,0.0045681231226816065
2025-08-19,0.007288874281250811,0.011412145837759452,0.013354134053733622,0.01414889537938895,0.0098074499545992,0.0053684064998041564,0.011556331688747121,0.01059194942060925,0.00718286382534937,0.017875959690265425,0.021824993108995105,0.038664444029056756,0.006617560044800266,0.4136271327521757,0.007812775319373888,0.009792634712185474,0.006481774193472651,0.02315298741662104,0.008642248066233827,0.006525840310603911,0.02495155881026948,0.04383058048507696,0.008231748415403063,0.005177420635474922,0.0081885005377501,0.02237436460289906,0.017889031495913133,0.005654155308932998,0.010857872028245437,0.00934176490632013,0.015146344786902324,0.006006767202023081,0.006565172412793536,0.01481481703839621,0.010042001005599353,0.007445788029144667,0.010343745486281676,0.008519767588944252,0.007247812408902497,0.00991939202958931,0.007470200116175777,0.015974691572505844,0.0069648642226244,0.006151466420424335,0.00850041798448902,0.006144691468006012,0.010707876940011607,0.020556726979599295,0.008676416773925985,0.004574641722349472
2025-08-20,0.0072866374967048,0.01142352572550799,0.013362353566344163,0.014173193121043471,0.009805658652061119,0.005389517177604251,0.011571946308872098,0.010625754255619702,0.007227590872853374,0.017837095012593732,0.021803499499726094,0.038679666375139816,0.006637438236180375,0.4130818924236791,0.007829269199076647,0.009796200488822453,0.006461364403958729,0.023191825427961808,0.008647599741429665,0.0065479546511959825,0.02494062298823337,0.043834024811848615,0.008247103973365621,0.005184734944741453,0.008185550519874142,0.022454532393896415,0.017928681652359137,0.005645419797842415,0.010891895803725224,0.009338561445212263,0.01518189845253151,0.0060297753066989,0.006568487314057381,0.014846827035205441,0.010055614743109644,0.007449476601542754,0.010352610978495167,0.00850076024305757,0.007260496650715153,0.009938957593877785,0.007464913339819366,0.01598610089908325,0.006971222979482185,0.006169434320603143,0.008493824297210868,0.0061552368097647575,0.010747366555870096,0.020569648501204216,0.008654576450574264,0.004571659959622496
2025-08-21,0.007286654316526329,0.011423545247019865,0.013362258110240154,0.014173159706103304,0.009805559887722184,0.005389522417972103,0.011572060941572296,0.01062564591621178,0.007227471842509665,0.01783694756474118,0.021802977650118665,0.03867914746471406,0.00663732686037224,0.4130827156713833,0.007829254681758087,0.009796162699921541,0.006461374910882433,0.023192077998643753,0.008647650230467182,0.0065479210500430365,0.02494076071245884,0.043834026384644606,0.008247144623849668,0.005184716098641541,0.008185611446420592,0.022454536838341282,0.01792892217191293,0.0056454637709852954,0.010891931769140191,0.00933863700278815,0.015181698231918016,0.006029921223267852,0.006568508000175015,0.014846732741383623,0.01005566686451846,0.00744940354635954,0.010352374236292847,0.008500682584282084,0.0072605682086781505,0.009938952621137654,0.007465000566822204,0.01598608537852125,0.006971338445718698,0.006169550589641018,0.008493755757254667,0.006155233705763435,0.010747434774499276,0.020569745292573247,0.00865456620627761,0.004571595036808975
2025-08-22,0.00728514497443783,0.011428585528800479,0.013342840559391698,0.014164737353483116,0.00978848480329463,0.005393495788089903,0.011579420649741651,0.010608510499948352,0.007200187877443296,0.01779070364000252,0.021670009689834412,0.03858592877436969,0.006619690399307069,0.41340986489094395,0.007826212528794332,0.009795983621892337,0.0064623391588611336,0.02324287490860605,0.008656884760148859,0.006535909179419801,0.024966108343248715,0.04381708546374563,0.00824472858914552,0.005180659135447362,0.008200216097733802,0.022457550422862658,0.017957522678881496,0.005660765467474448,0.010887658587240362,0.009344273597994474,0.015126958343058593,0.00606179568359751,0.006573229428380792,0.014830460104505417,0.010062926535793182,0.007436293662228018,0.010291208120375542,0.008477757343594437,0.007274373562568401,0.009935967132010837,0.007484110844462315,0.015985764397500345,0.006989766708282251,0.006194657704071509,0.008476438371023536,0.006156463184175951,0.010756955501976643,0.02058077089514297,0.008637509338549747,0.004562215168116418
2025-08-25,0.007314435562374245,0.011424061110335743,0.013390439732288945,0.014165156470906557,0.009785529668609218,0.005400975844693514,0.011597833857435748,0.010615387718967152,0.00719759339366435,0.0177866783744308,0.021731894023738152,0.038589428779855064,0.006630159568924491,0.4127875332715022,0.007838087553244135,0.009825298093557753,0.006454329517763991,0.023221266875066,0.008633485914034426,0.006559151321929779,0.024990951204856306,0.04387547065415113,0.008267708862441148,0.0051785351600712164,0.008201810875709842,0.022447308550419657,0.017965800491651234,0.005674154395611095,0.010883577810411379,0.009367275398224732,0.015184386720077695,0.006062003984482914,0.006592346035857085,0.014850397500413939,0.010072778461964393,0.007465943383067856,0.010335624049190228,0.008512965996074758,0.0072843940031208,0.009937297750924216,0.007501349221706086,0.01592779440651981,0.006993946504422931,0.006211842413788021,0.008505194973757341,0.006137682194413289,0.010782426459586155,0.02064346272472404,0.008635143644728536,0.004561699514309878
2025-08-26,0.00731569718409089,0.011423642448595403,0.013392849212852366,0.014164384484849453,0.009784869697870756,0.00540152670162042,0.011598100557201325,0.010615131666679472,0.007197317868009581,0.017785567022942702,0.021735460238339707,0.03858837351535352,0.006631090278687643,0.4127709676214025,0.007838327315602618,0.009827092179282074,0.006453978662231557,0.02322059152443739,0.008631722288622896,0.006560032128990732,0.024992030749145522,0.043876734014006005,0.00826856577995509,0.0051782477848182525,0.008202318933893463,0.022446601031875665,0.017964325757641075,0.005675116459674186,0.010883096543912079,0.009368182368014078,0.015187251945151655,0.006061847765477764,0.006593331227493936,0.014851382059466844,0.010073111649012334,0.00746708488085714,0.010337118308627425,0.008514896378532272,0.007284641682756802,0.009936767879643604,0.007502380617112549,0.015924509101747652,0.006993571516308259,0.006212467331593062,0.008506399064031011,0.006136731579473951,0.010783146861775275,0.02064572745858063,0.00863408133291782,0.004561609338841718
2025-08-27,0.007315697235515355,0.011423652896699906,0.013392878394209416,0.014164413124495026,0.009784869356572709,0.005401558038590486,0.011598113481805573,0.010615168517696448,0.007197361825223083,0.017785523841176144,0.021735419359160773,0.03858836638333066,0.006631116170588165,0.41277028528961524,0.007838350471620396,0.009827103109730841,0.006453957525799576,0.023220627002720897,0.008631717445559624,0.006560058629317935,0.024992001952483495,0.04387677205978997,0.008268578478789623,0.005178253024826492,0.008202325159094139,0.022446697896520783,0.017964355752215052,0.005675106597445445,0.010883129660225034,0.009368194177454013,0.015187303982539627,0.006061874545404583,0.006593340085490238,0.014851411970618256,0.010073129821085726,0.007467100816903377,0.010337128718492726,0.008514876527872663,0.007284663559253779,0.009936791009011705,0.007502387213305442,0.01592452764474193,0.006993576403202162,0.006212495757623796,0.008506382542673668,0.006136746748109488,0.01078318462747286,0.020645759493090617,0.008634057043137749,0.004561608631697463
2025-08-28,0.007315074297248798,0.011423864553359928,0.013391649988577827,0.014164800772869567,0.009785176868497345,0.005401257813678165,0.011597981757389814,0.010615286808715103,0.007197447129042606,0.017786027644443758,0.021733472241924186,0.03858879847147574,0.00663060636704225,0.4127790172517,0.007838230617060118,0.009826186930117112,0.006454147707757949,0.023221006140507604,0.008632625336949265,0.006559588823324203,0.024991504045828148,0.04387610384628771,0.008268133728442137,0.005178408286782486,0.008202064802944643,0.022447059997281606,0.017965177147999837,0.0056746417352486625,0.010883339164870262,0.009367735067484702,0.01518576626630034,0.006061985939070236,0.006592848143378172,0.014850876302059376,0.010072945395287263,0.007466534454144532,0.010336330612341165,0.008513892081239559,0.00728456938610314,0.009937061147528015,0.007501884749880034,0.015926202906036063,0.006993798358086844,0.006212197227239053,0.00850575962034465,0.006137217794821198,0.010782829415848507,0.02064464399027048,0.008634587685211465,0.004561653179958452
2025-08-29,0.00729040083373054,0.01142585601567841,0.01334325156534796,0.014170757263228213,0.009787254799192447,0.005389813460201675,0.011585987404834542,0.01060832010748469,0.007201222084117394,0.017800881418572702,0.021688634189782268,0.03858011960815304,0.006617359726791272,0.4132176824297076,0.007826765155844212,0.009794232747031256,0.006462971649109162,0.02325026463481522,0.008659679747314327,0.006537572388396001,0.02497530376033315,0.043824315923304304,0.008250550786906079,0.005184115294960935,0.008201872335874761,0.022463392417169038,0.01798542172766367,0.005657277965680449,0.010894897638910751,0.009350140288863487,0.015132054252852082,0.006062711586170398,0.006576286978865265,0.014830614819481898,0.010065528309312633,0.007438990362039006,0.010300021867810812,0.008483127008589482,0.007281111826968331,0.009942043216877538,0.007484695695194885,0.015991815844728394,0.006995808844778627,0.006195929302302836,0.008480260913672478,0.006155881070902173,0.010759206560304106,0.02059291976602528,0.00864308829788726,0.004561588106237072
2025-09-01,0.007290399103129252,0.011425984145131568,0.01334344260642952,0.014170817683231203,0.00978729872595768,0.005389809186540731,0.01158595137733975,0.010608334982614709,0.007201246835857523,0.017800781527822707,0.021688564767844348,0.038580042182030407,0.006617279394627204,0.4132169075049589,0.007826702077644004,0.009794348371751171,0.006463053236357294,0.023250376672749276,0.008659646831183594,0.006537579731933844,0.024975263488222176,0.043824281970254786,0.008250462638276512,0.005184107627314483,0.008201818430448284,0.022463393925847345,0.017985490600370854,0.005657281765052978,0.010894942529004662,0.00935006931995448,0.015131941758915099,0.006062714441041179,0.006576299369732611,0.014830713322281195,0.010065576944129644,0.007438988880217438,0.010300092660456485,0.008483077364696614,0.00728116643585481,0.009942137979859126,0.007484804512364986,0.015991872903680253,0.006995815657329739,0.0061959781496654645,0.008480322115300693,0.006155929378940144,0.01075914950605792,0.02059299677064461,0.00864310914704556,0.004561633461905312
2025-09-02,0.007289443627274055,0.01142631268056696,0.013343086722122782,0.014169622232029243,0.00978732295165156,0.005390500168172983,0.01158475218575169,0.010608245185572102,0.007200829526172187,0.01779865806503336,0.021684435964873194,0.03858054358562336,0.006617660136947017,0.41325567878702113,0.00782663921590775,0.009794569237829984,0.006462831660272898,0.023249141259199278,0.008659245410813268,0.006537164680929247,0.02497375167274982,0.04382287765580649,0.008249442588631523,0.005183466322163625,0.008201611516915244,0.02246231925153837,0.01798044991856552,0.005657998291142338,0.01089355493158932,0.009349103362025579,0.015130649141743729,0.006062734755156268,0.006575784565022653,0.014830449101001139,0.010065010342209206,0.007438396057750524,0.010298058787256073,0.008482051884869956,0.007280000528351689,0.009940911489511609,0.007484786402272882,0.01599063462749091,0.006994799870590955,0.0061958215025148915,0.008479480387310188,0.006155999448488662,0.010758811325721006,0.02059082926215715,0.008641884589415814,0.004561647136272775
2025-09-03,0.007291200645026833,0.011437572156411845,0.013366425151230658,0.014119238724511454,0.009786355046753818,0.005397628826190482,0.011539186283749394,0.010578134435469939,0.007146812236387987,0.017794370040652974,0.021667608545439362,0.03862026533330189,0.006634103110430335,0.41408712675218873,0.00782565602134029,0.009840771373159758,0.0064807622169172656,0.023162903991469006,0.008623387796801316,0.006526985315835446,0.02498066957316354,0.043884984419467116,0.008224544557543664,0.00515774030021901,0.008198654857943003,0.02237630186069083,0.017827807905370974,0.005701313184985095,0.010809687858853981,0.009331165068583417,0.015100707311764272,0.006045048902926063,0.006585621838129097,0.014809970670945973,0.010051180469484665,0.007453838568736443,0.010266073086222134,0.008499575668179167,0.007237426460093048,0.009905923765945335,0.007503785419017044,0.01587952911010885,0.006961361409087802,0.006188153444456831,0.008501719345795654,0.0061186003766008894,0.010740923986148758,0.020539149458950107,0.008620919906808123,0.0045711272105102545
2025-09-04,0.007291239894716498,0.01143659994191462,0.013365035628826802,0.014117790533319404,0.009785613524218707,0.005395210369222499,0.011536388268260131,0.01057312675614338,0.00714147848925169,0.0178004368193767,0.021670734078174367,0.03861803616345121,0.0066329959933611,0.41414885928785705,0.00782509791089228,0.00984032642672541,0.006484036010940456,0.02315781493115017,0.008623002828788646,0.006524506313424783,0.024981232427912895,0.04388696608229821,0.0082229250868179,0.005157662268141302,0.008198017525368572,0.022369917971706337,0.017826944565778238,0.005701834472669123,0.010806752309922885,0.009329950988480563,0.015094669345020574,0.006043337996768692,0.006586009547710653,0.014806230865873468,0.010050190604979576,0.007453537059871233,0.010263610613010222,0.008501179757925957,0.007236004222282829,0.009904500869468145,0.007504445867340039,0.015876036800947697,0.006960022982464734,0.0061850411755213445,0.008503636290440353,0.006116386977103502,0.010736665681407426,0.02053445487964934,0.008622088247793366,0.004571416345309027
2025-09-05,0.007313471882074348,0.011411906701074276,0.013368403960046741,0.014140716956187193,0.009785916218486021,0.005373127839111684,0.01158230016637619,0.01057554834800319,0.007148202244568016,0.01783731414123001,0.021769769305664464,0.03857803168605346,0.006613835300707173,0.4134283666345363,0.007821227469411388,0.009819091788634717,0.006480179037701911,0.023190962827509987,0.0086316302250777,0.006530421817070721,0.02501114174728215,0.043847782971279115,0.008252868610585605,0.005174076475637936,0.008203172898442893,0.022361318372292636,0.01793175265366443,0.005688896700876206,0.010850539991499807,0.009356563409153487,0.01513368358324373,0.006038339881885535,0.006589855322496289,0.014819857228745622,0.010059835093344622,0.007457531634198303,0.010317607436205392,0.00853614609417462,0.007262940081693812,0.009912411486256694,0.007500625236601105,0.01590196580571574,0.006982583977489015,0.006184290586605433,0.00852370872293283,0.006120855794657483,0.010745295536538873,0.02061442417387452,0.008654354240358032,0.004565149702742656
2025-09-08,0.007291274930973874,0.011436559809353063,0.01336504365213697,0.0141178226293299,0.009785608059176259,0.005395181745395248,0.011536449569840013,0.010573117993205376,0.007141474589024451,0.01780047839011455,0.021670860836189257,0.038617966968437514,0.006632965610151698,0.4141480112517633,0.007825092088681831,0.009840297618924658,0.006484030674756027,0.023157845235290565,0.008623013096887415,0.0065245134537658105,0.024981275221259404,0.04388691789680585,0.008222964885328149,0.005157680610567162,0.008198019287827762,0.02236989050447273,0.01782708018641083,0.005701814925494106,0.01080681617575605,0.009329991528780474,0.01509470947491059,0.006043334257269935,0.006586016841231964,0.014806241629719772,0.010050196788078608,0.007453533811801996,0.010263682873356252,0.008501232006315222,0.0072360440474354025,0.00990450647404823,0.007504456066757798,0.01587605424202669,0.006960054608923882,0.006185038497512402,0.008503665732418555,0.0061163972936741015,0.010736680296287587,0.02053456561078479,0.008622124104300096,0.004571405917045589
2025-09-09,0.007291241234850758,0.011436599338572781,0.013365037438075964,0.014117789117971402,0.009785612625205628,0.005395211061896818,0.011536388562158214,0.01057312641498818,0.007141478002758664,0.017800436957875053,0.021670740079513123,0.03861803432395534,0.006632997261929418,0.414148834257213,0.007825098245064752,0.009840328409509179,0.006484035754924749,0.023157814324122287,0.00862300054687304,0.006524507062977803,0.024981235344355954,0.04388696885570478,0.008222926653718387,0.00515766193360221,0.00819801886992535,0.02236991745824896,0.017826943309861468,0.0057018357397174545,0.01080675211723033,0.009329952029918511,0.01509467200696577,0.006043337666693685,0.00658601114311287,0.014806231863595223,0.010050191413253891,0.007453537874503941,0.010263611538815278,0.008501182475390242,0.007236003907935429,0.009904500990346614,0.007504447435366338,0.01587603325022413,0.006960022534260955,0.0061850421395275345,0.008503637995967137,0.006116385781469012,0.01073666671487876,0.020534457286513843,0.008622086755061749,0.004571415893397941
2025-09-10,0.007291241234850758,0.011436599338572781,0.013365037438075964,0.014117789117971402,0.009785612625205628,0.005395211061896818,0.011536388562158214,0.01057312641498818,0.007141478002758664,0.017800436957875053,0.021670740079513123,0.03861803432395534,0.006632997261929418,0.414148834257213,0.007825098245064752,0.009840328409509179,0.006484035754924749,0.023157814324122287,0.00862300054687304,0.006524507062977803,0.024981235344355954,0.04388696885570478,0.008222926653718387,0.00515766193360221,0.00819801886992535,0.02236991745824896,0.017826943309861468,0.0057018357397174545,0.01080675211723033,0.009329952029918511,0.01509467200696577,0.006043337666693685,0.00658601114311287,0.014806231863595223,0.010050191413253891,0.007453537874503941,0.010263611538815278,0.008501182475390242,0.007236003907935429,0.009904500990346614,0.007504447435366338,0.01587603325022413,0.006960022534260955,0.0061850421395275345,0.008503637995967137,0.006116385781469012,0.01073666671487876,0.020534457286513843,0.008622086755061749,0.004571415893397941
2025-09-11,0.007293295067274515,0.011434167811372097,0.013365406355211551,0.014119819101849326,0.009785351705107064,0.005393385440463549,0.011540111372548956,0.010572622197028602,0.007141301039593037,0.01780298762068457,0.021678215136285938,0.03861392408687537,0.0066310511734102755,0.414098046523043,0.007824721544276991,0.009838426591105075,0.006483706900115236,0.02315978218986465,0.008623773017453762,0.006524896027767192,0.024983703194809217,0.04388383149052275,0.00822528442216849,0.005158841128473188,0.008198069022468262,0.02236827987667456,0.01783543059166229,0.0057005636257860615,0.010810660814260836,0.009332366128835957,0.015097029603125173,0.0060430931291683854,0.00658635557627606,0.014806858593715623,0.010050521912192864,0.007453315000590279,0.010268025508603677,0.00850421940984325,0.007238471541663932,0.009904847695771596,0.007504927625433906,0.015877365539055752,0.00696198392973663,0.006184829930511457,0.008505333712250967,0.006117056985298623,0.010737463081148795,0.02054107443281554,0.008624404729243819,0.00457080086656128
2025-09-12,0.00729124126167678,0.01143659930609231,0.013365037437460125,0.014117789143617304,0.00978561262247633,0.005395211044689914,0.01153638860460303,0.01057312640711574,0.007141477999104086,0.017800436990210736,0.021670740179426815,0.03861803423226126,0.006632997236913939,0.4141488335631439,0.007825098244704183,0.009840328390726712,0.006484035750096928,0.023157814333838907,0.008623000562537295,0.006524507068753585,0.024981235378103244,0.04388696885368253,0.008222926687801375,0.005157661952578341,0.00819801887145635,0.022369917436384577,0.017826943425258472,0.005701835721532635,0.010806752167055234,0.009329952068589978,0.015094672048444257,0.0060433376664152175,0.006586011145876247,0.014806231869807661,0.010050191422150762,0.007453537877631318,0.010263611600474112,0.008501182524481917,0.007236003931188694,0.009904500985278087,0.007504447438515076,0.015876033279064002,0.006960022559868353,0.006185042139242537,0.008503638019334191,0.0061163857868835065,0.010736666724383332,0.020534457371626562,0.00862208678276926,0.004571415884672372
2025-09-15,0.007291241234850758,0.011436599338572781,0.013365037438075964,0.014117789117971402,0.009785612625205628,0.005395211061896818,0.011536388562158214,0.01057312641498818,0.007141478002758664,0.017800436957875053,0.021670740079513123,0.03861803432395534,0.006632997261929418,0.414148834257213,0.007825098245064752,0.009840328409509179,0.006484035754924749,0.023157814324122287,0.00862300054687304,0.006524507062977803,0.024981235344355954,0.04388696885570478,0.008222926653718387,0.00515766193360221,0.00819801886992535,0.02236991745824896,0.017826943309861468,0.0057018357397174545,0.01080675211723033,0.009329952029918511,0.01509467200696577,0.006043337666693685,0.00658601114311287,0.014806231863595223,0.010050191413253891,0.007453537874503941,0.010263611538815278,0.008501182475390242,0.007236003907935429,0.009904500990346614,0.007504447435366338,0.01587603325022413,0.006960022534260955,0.0061850421395275345,0.008503637995967137,0.006116385781469012,0.01073666671487876,0.020534457286513843,0.008622086755061749,0.004571415893397941
2025-09-16,0.007291241234850758,0.011436599338572781,0.013365037438075964,0.014117789117971402,0.009785612625205628,0.005395211061896818,0.011536388562158214,0.01057312641498818,0.007141478002758664,0.017800436957875053,0.021670740079513123,0.03861803432395534,0.006632997261929418,0.414148834257213,0.007825098245064752,0.009840328409509179,0.006484035754924749,0.023157814324122287,0.00862300054687304,0.006524507062977803,0.024981235344355954,0.04388696885570478,0.008222926653718387,0.00515766193360221,0.00819801886992535,0.02236991745824896,0.017826943309861468,0.0057018357397174545,0.01080675211723033,0.009329952029918511,0.01509467200696577,0.006043337666693685,0.00658601114311287,0.014806231863595223,0.010050191413253891,0.007453537874503941,0.010263611538815278,0.008501182475390242,0.007236003907935429,0.009904500990346614,0.007504447435366338,0.01587603325022413,0.006960022534260955,0.0061850421395275345,0.008503637995967137,0.006116385781469012,0.01073666671487876,0.020534457286513843,0.008622086755061749,0.004571415893397941
2025-09-17,0.007291241234850758,0.011436599338572781,0.013365037438075964,0.014117789117971402,0.009785612625205628,0.005395211061896818,0.011536388562158214,0.01057312641498818,0.007141478002758664,0.017800436957875053,0.021670740079513123,0.03861803432395534,0.006632997261929418,0.414148834257213,0.007825098245064752,0.009840328409509179,0.006484035754924749,0.023157814324122287,0.00862300054687304,0.006524507062977803,0.024981235344355954,0.04388696885570478,0.008222926653718387,0.00515766193360221,0.00819801886992535,0.02236991745824896,0.017826943309861468,0.0057018357397174545,0.01080675211723033,0.009329952029918511,0.01509467200696577,0.006043337666693685,0.00658601114311287,0.014806231863595223,0.010050191413253891,0.007453537874503941,0.010263611538815278,0.008501182475390242,0.007236003907935429,0.009904500990346614,0.007504447435366338,0.01587603325022413,0.006960022534260955,0.0061850421395275345,0.008503637995967137,0.006116385781469012,0.01073666671487876,0.020534457286513843,0.008622086755061749,0.004571415893397941
2025-09-18,0.007291241234850758,0.011436599338572781,0.013365037438075964,0.014117789117971402,0.009785612625205628,0.005395211061896818,0.011536388562158214,0.01057312641498818,0.007141478002758664,0.017800436957875053,0.021670740079513123,0.03861803432395534,0.006632997261929418,0.414148834257213,0.007825098245064752,0.009840328409509179,0.006484035754924749,0.023157814324122287,0.00862300054687304,0.006524507062977803,0.024981235344355954,0.04388696885570478,0.008222926653718387,0.00515766193360221,0.00819801886992535,0.02236991745824896,0.017826943309861468,0.0057018357397174545,0.01080675211723033,0.009329952029918511,0.01509467200696577,0.006043337666693685,0.00658601114311287,0.014806231863595223,0.010050191413253891,0.007453537874503941,0.010263611538815278,0.008501182475390242,0.007236003907935429,0.009904500990346614,0.007504447435366338,0.01587603325022413,0.006960022534260955,0.0061850421395275345,0.008503637995967137,0.006116385781469012,0.01073666671487876,0.020534457286513843,0.008622086755061749,0.004571415893397941
2025-09-19,0.007291241234850758,0.011436599338572781,0.013365037438075964,0.014117789117971402,0.009785612625205628,0.005395211061896818,0.011536388562158214,0.01057312641498818,0.007141478002758664,0.017800436957875053,0.021670740079513123,0.03861803432395534,0.006632997261929418,0.414148834257213,0.007825098245064752,0.009840328409509179,0.006484035754924749,0.023157814324122287,0.00862300054687304,0.006524507062977803,0.024981235344355954,0.04388696885570478,0.008222926653718387,0.00515766193360221,0.00819801886992535,0.02236991745824896,0.017826943309861468,0.0057018357397174545,0.01080675211723033,0.009329952029918511,0.01509467200696577,0.006043337666693685,0.00658601114311287,0.014806231863595223,0.010050191413253891,0.007453537874503941,0.010263611538815278,0.008501182475390242,0.007236003907935429,0.009904500990346614,0.007504447435366338,0.01587603325022413,0.006960022534260955,0.0061850421395275345,0.008503637995967137,0.006116385781469012,0.01073666671487876,0.020534457286513843,0.008622086755061749,0.004571415893397941
2025-09-22,0.007291241234850758,0.011436599338572781,0.013365037438075964,0.014117789117971402,0.009785612625205628,0.005395211061896818,0.011536388562158214,0.01057312641498818,0.007141478002758664,0.017800436957875053,0.021670740079513123,0.03861803432395534,0.006632997261929418,0.414148834257213,0.007825098245064752,0.009840328409509179,0.006484035754924749,0.023157814324122287,0.00862300054687304,0.006524507062977803,0.024981235344355954,0.04388696885570478,0.008222926653718387,0.00515766193360221,0.00819801886992535,0.02236991745824896,0.017826943309861468,0.0057018357397174545,0.01080675211723033,0.009329952029918511,0.01509467200696577,0.006043337666693685,0.00658601114311287,0.014806231863595223,0.010050191413253891,0.007453537874503941,0.010263611538815278,0.008501182475390242,0.007236003907935429,0.009904500990346614,0.007504447435366338,0.01587603325022413,0.006960022534260955,0.0061850421395275345,0.008503637995967137,0.006116385781469012,0.01073666671487876,0.020534457286513843,0.008622086755061749,0.004571415893397941
2025-09-23,0.007291241234850758,0.011436599338572781,0.013365037438075964,0.014117789117971402,0.009785612625205628,0.005395211061896818,0.011536388562158214,0.01057312641498818,0.007141478002758664,0.017800436957875053,0.021670740079513123,0.03861803432395534,0.006632997261929418,0.414148834257213,0.007825098245064752,0.009840328409509179,0.006484035754924749,0.023157814324122287,0.00862300054687304,0.006524507062977803,0.024981235344355954,0.04388696885570478,0.008222926653718387,0.00515766193360221,0.00819801886992535,0.02236991745824896,0.017826943309861468,0.0057018357397174545,0.01080675211723033,0.009329952029918511,0.01509467200696577,0.006043337666693685,0.00658601114311287,0.014806231863595223,0.010050191413253891,0.007453537874503941,0.010263611538815278,0.008501182475390242,0.007236003907935429,0.009904500990346614,0.007504447435366338,0.01587603325022413,0.006960022534260955,0.0061850421395275345,0.008503637995967137,0.006116385781469012,0.01073666671487876,0.020534457286513843,0.008622086755061749,0.004571415893397941
2025-09-24,0.007291241234850758,0.011436599338572781,0.013365037438075964,0.014117789117971402,0.009785612625205628,0.005395211061896818,0.011536388562158214,0.01057312641498818,0.007141478002758664,0.017800436957875053,0.021670740079513123,0.03861803432395534,0.006632997261929418,0.414148834257213,0.007825098245064752,0.009840328409509179,0.006484035754924749,0.023157814324122287,0.00862300054687304,0.006524507062977803,0.024981235344355954,0.04388696885570478,0.008222926653718387,0.00515766193360221,0.00819801886992535,0.02236991745824896,0.017826943309861468,0.0057018357397174545,0.01080675211723033,0.009329952029918511,0.01509467200696577,0.006043337666693685,0.00658601114311287,0.014806231863595223,0.010050191413253891,0.007453537874503941,0.010263611538815278,0.008501182475390242,0.007236003907935429,0.009904500990346614,0.007504447435366338,0.01587603325022413,0.006960022534260955,0.0061850421395275345,0.008503637995967137,0.006116385781469012,0.01073666671487876,0.020534457286513843,0.008622086755061749,0.004571415893397941
2025-09-25,0.007291241234850758,0.011436599338572781,0.013365037438075964,0.014117789117971402,0.009785612625205628,0.005395211061896818,0.011536388562158214,0.01057312641498818,0.007141478002758664,0.017800436957875053,0.021670740079513123,0.03861803432395534,0.006632997261929418,0.414148834257213,0.007825098245064752,0.009840328409509179,0.006484035754924749,0.023157814324122287,0.00862300054687304,0.006524507062977803,0.024981235344355954,0.04388696885570478,0.008222926653718387,0.00515766193360221,0.00819801886992535,0.02236991745824896,0.017826943309861468,0.0057018357397174545,0.01080675211723033,0.009329952029918511,0.01509467200696577,0.006043337666693685,0.00658601114311287,0.014806231863595223,0.010050191413253891,0.007453537874503941,0.010263611538815278,0.008501182475390242,0.007236003907935429,0.009904500990346614,0.007504447435366338,0.01587603325022413,0.006960022534260955,0.0061850421395275345,0.008503637995967137,0.006116385781469012,0.01073666671487876,0.020534457286513843,0.008622086755061749,0.004571415893397941
2025-09-26,0.007291241234850758,0.011436599338572781,0.013365037438075964,0.014117789117971402,0.009785612625205628,0.005395211061896818,0.011536388562158214,0.01057312641498818,0.007141478002758664,0.017800436957875053,0.021670740079513123,0.03861803432395534,0.006632997261929418,0.414148834257213,0.007825098245064752,0.009840328409509179,0.006484035754924749,0.023157814324122287,0.00862300054687304,0.006524507062977803,0.024981235344355954,0.04388696885570478,0.008222926653718387,0.00515766193360221,0.00819801886992535,0.02236991745824896,0.017826943309861468,0.0057018357397174545,0.01080675211723033,0.009329952029918511,0.01509467200696577,0.006043337666693685,0.00658601114311287,0.014806231863595223,0.010050191413253891,0.007453537874503941,0.010263611538815278,0.008501182475390242,0.007236003907935429,0.009904500990346614,0.007504447435366338,0.01587603325022413,0.006960022534260955,0.0061850421395275345,0.008503637995967137,0.006116385781469012,0.01073666671487876,0.020534457286513843,0.008622086755061749,0.004571415893397941
2025-09-30,0.007291241234850758,0.011436599338572781,0.013365037438075964,0.014117789117971402,0.009785612625205628,0.005395211061896818,0.011536388562158214,0.01057312641498818,0.007141478002758664,0.017800436957875053,0.021670740079513123,0.03861803432395534,0.006632997261929418,0.414148834257213,0.007825098245064752,0.009840328409509179,0.006484035754924749,0.023157814324122287,0.00862300054687304,0.006524507062977803,0.024981235344355954,0.04388696885570478,0.008222926653718387,0.00515766193360221,0.00819801886992535,0.02236991745824896,0.017826943309861468,0.0057018357397174545,0.01080675211723033,0.009329952029918511,0.01509467200696577,0.006043337666693685,0.00658601114311287,0.014806231863595223,0.010050191413253891,0.007453537874503941,0.010263611538815278,0.008501182475390242,0.007236003907935429,0.009904500990346614,0.007504447435366338,0.01587603325022413,0.006960022534260955,0.0061850421395275345,0.008503637995967137,0.006116385781469012,0.01073666671487876,0.020534457286513843,0.008622086755061749,0.004571415893397941
2025-10-01,0.0072943953958247995,0.011432849363225491,0.013365595304801591,0.01412089876170943,0.009785227102762677,0.005392376167144272,0.011542113813648603,0.010572364919005057,0.007141236331119071,0.017804381220128663,0.021682319600211008,0.0386117234397625,0.006629997701549093,0.41407023513197644,0.00782451859528988,0.009837387760751631,0.006483515942999834,0.02316090873725379,0.008624192574773466,0.006525104833072023,0.02498505764611581,0.04388212156824165,0.008226571504200577,0.005159506315518483,0.00819811864171114,0.022367411020845766,0.017840097245517515,0.005699880388173926,0.010812759974625602,0.00933366453920054,0.01509835981484266,0.006042932402709591,0.0065865378442522635,0.014807223571738137,0.01005070619069492,0.007453219439148331,0.01027044433336559,0.00850586204063625,0.0072398093457359996,0.009905044701776887,0.007505142505985332,0.015878128336359563,0.006963040609552455,0.006184724944643213,0.0085062468518058,0.006117391567165148,0.010737866996523076,0.020544636014368952,0.008625684312909283,0.004570466634626281
2025-10-02,0.007313554999590246,0.011411841420331671,0.01336842195064965,0.01414081439807084,0.009785936145863679,0.00537304517923454,0.011582518850329187,0.01057562819608016,0.007148290507312471,0.01783752463672407,0.021770254473825818,0.03857790557664993,0.006613787379039647,0.41342439703453576,0.007821215124665703,0.009819022460241099,0.006480172617785673,0.023191151273005247,0.008631661391629472,0.0065304628580155925,0.0250112530201333,0.043847611744174966,0.008253008436935173,0.00517415137132282,0.008203217908395004,0.02236137147749088,0.017932192434869196,0.005688853561088238,0.010850717725830213,0.009356665371912865,0.015133910630589564,0.006038321278866128,0.006589874206893936,0.014819955824046436,0.010059925981888054,0.007457594844207562,0.010317838906831075,0.008536285083449153,0.007263033555899221,0.009912483936466092,0.007500557772627282,0.01590214161813095,0.0069826767308916,0.006184294410920247,0.008523799172601843,0.006120861500811755,0.010745342911303054,0.020614804992646372,0.008654514401953431,0.004565132713243003
2025-10-03,0.007313839531633591,0.011410065316194914,0.013370272355181127,0.014139896526903596,0.009788376605860903,0.005373822386837178,0.011581587175305807,0.010575219219262298,0.007151034496040747,0.01784726706336716,0.021789964000648226,0.0385875044822062,0.006615999242744882,0.4133857314204489,0.007821642996308708,0.009820328275264906,0.0064796245158611895,0.023182090031420167,0.0086294942006574,0.006532072030683916,0.025011162690184892,0.04385343643869757,0.0082542592080586,0.0051734856113215,0.008203871958208006,0.022356371648986514,0.017924839105254095,0.005687061145470687,0.010851828731317759,0.009357600019086759,0.015142575271068857,0.006033361844574529,0.006589702999026874,0.014822510242067209,0.01006074222525763,0.007457573392224682,0.010323022732523742,0.008539396255268996,0.007260597029071772,0.009912164543454588,0.007499058055301592,0.01590079646351577,0.006980802075525282,0.006183158912247014,0.008525883384901073,0.0061217068122465385,0.010742397110814924,0.020613176937577277,0.008656769882739534,0.004564855401174043
2025-10-07,0.007313554999590246,0.011411841420331671,0.01336842195064965,0.01414081439807084,0.009785936145863679,0.00537304517923454,0.011582518850329187,0.01057562819608016,0.007148290507312471,0.01783752463672407,0.021770254473825818,0.03857790557664993,0.006613787379039647,0.41342439703453576,0.007821215124665703,0.009819022460241099,0.006480172617785673,0.023191151273005247,0.008631661391629472,0.0065304628580155925,0.0250112530201333,0.043847611744174966,0.008253008436935173,0.00517415137132282,0.008203217908395004,0.02236137147749088,0.017932192434869196,0.005688853561088238,0.010850717725830213,0.009356665371912865,0.015133910630589564,0.006038321278866128,0.006589874206893936,0.014819955824046436,0.010059925981888054,0.007457594844207562,0.010317838906831075,0.008536285083449153,0.007263033555899221,0.009912483936466092,0.007500557772627282,0.01590214161813095,0.0069826767308916,0.006184294410920247,0.008523799172601843,0.006120861500811755,0.010745342911303054,0.020614804992646372,0.008654514401953431,0.004565132713243003
2025-10-08,0.007313554999590246,0.011411841420331671,0.01336842195064965,0.01414081439807084,0.009785936145863679,0.00537304517923454,0.011582518850329187,0.01057562819608016,0.007148290507312471,0.01783752463672407,0.021770254473825818,0.03857790557664993,0.006613787379039647,0.41342439703453576,0.007821215124665703,0.009819022460241099,0.006480172617785673,0.023191151273005247,0.008631661391629472,0.0065304628580155925,0.0250112530201333,0.043847611744174966,0.008253008436935173,0.00517415137132282,0.008203217908395004,0.02236137147749088,0.017932192434869196,0.005688853561088238,0.010850717725830213,0.009356665371912865,0.015133910630589564,0.006038321278866128,0.006589874206893936,0.014819955824046436,0.010059925981888054,0.007457594844207562,0.010317838906831075,0.008536285083449153,0.007263033555899221,0.009912483936466092,0.007500557772627282,0.01590214161813095,0.0069826767308916,0.006184294410920247,0.008523799172601843,0.006120861500811755,0.010745342911303054,0.020614804992646372,0.008654514401953431,0.004565132713243003
2025-10-09,0.007313554999590246,0.011411841420331671,0.01336842195064965,0.01414081439807084,0.009785936145863679,0.00537304517923454,0.011582518850329187,0.01057562819608016,0.007148290507312471,0.01783752463672407,0.021770254473825818,0.03857790557664993,0.006613787379039647,0.41342439703453576,0.007821215124665703,0.009819022460241099,0.006480172617785673,0.023191151273005247,0.008631661391629472,0.0065304628580155925,0.0250112530201333,0.043847611744174966,0.008253008436935173,0.00517415137132282,0.008203217908395004,0.02236137147749088,0.017932192434869196,0.005688853561088238,0.010850717725830213,0.009356665371912865,0.015133910630589564,0.006038321278866128,0.006589874206893936,0.014819955824046436,0.010059925981888054,0.007457594844207562,0.010317838906831075,0.008536285083449153,0.007263033555899221,0.009912483936466092,0.007500557772627282,0.01590214161813095,0.0069826767308916,0.006184294410920247,0.008523799172601843,0.006120861500811755,0.010745342911303054,0.020614804992646372,0.008654514401953431,0.004565132713243003
2025-10-13,0.007313554999590246,0.011411841420331671,0.01336842195064965,0.01414081439807084,0.009785936145863679,0.00537304517923454,0.011582518850329187,0.01057562819608016,0.007148290507312471,0.01783752463672407,0.021770254473825818,0.03857790557664993,0.006613787379039647,0.41342439703453576,0.007821215124665703,0.009819022460241099,0.006480172617785673,0.023191151273005247,0.008631661391629472,0.0065304628580155925,0.0250112530201333,0.043847611744174966,0.008253008436935173,0.00517415137132282,0.008203217908395004,0.02236137147749088,0.017932192434869196,0.005688853561088238,0.010850717725830213,0.009356665371912865,0.015133910630589564,0.006038321278866128,0.006589874206893936,0.014819955824046436,0.010059925981888054,0.007457594844207562,0.010317838906831075,0.008536285083449153,0.007263033555899221,0.009912483936466092,0.007500557772627282,0.01590214161813095,0.0069826767308916,0.006184294410920247,0.008523799172601843,0.006120861500811755,0.010745342911303054,0.020614804992646372,0.008654514401953431,0.004565132713243003
2025-10-14,0.007313554999590246,0.011411841420331671,0.01336842195064965,0.01414081439807084,0.009785936145863679,0.00537304517923454,0.011582518850329187,0.01057562819608016,0.007148290507312471,0.01783752463672407,0.021770254473825818,0.03857790557664993,0.006613787379039647,0.41342439703453576,0.007821215124665703,0.009819022460241099,0.006480172617785673,0.023191151273005247,0.008631661391629472,0.0065304628580155925,0.0250112530201333,0.043847611744174966,0.008253008436935173,0.00517415137132282,0.008203217908395004,0.02236137147749088,0.017932192434869196,0.005688853561088238,0.010850717725830213,0.009356665371912865,0.015133910630589564,0.006038321278866128,0.006589874206893936,0.014819955824046436,0.010059925981888054,0.007457594844207562,0.010317838906831075,0.008536285083449153,0.007263033555899221,0.009912483936466092,0.007500557772627282,0.01590214161813095,0.0069826767308916,0.006184294410920247,0.008523799172601843,0.006120861500811755,0.010745342911303054,0.020614804992646372,0.008654514401953431,0.004565132713243003
2025-10-15,0.007313554999590246,0.011411841420331671,0.01336842195064965,0.01414081439807084,0.009785936145863679,0.00537304517923454,0.011582518850329187,0.01057562819608016,0.007148290507312471,0.01783752463672407,0.021770254473825818,0.03857790557664993,0.006613787379039647,0.41342439703453576,0.007821215124665703,0.009819022460241099,0.006480172617785673,0.023191151273005247,0.008631661391629472,0.0065304628580155925,0.0250112530201333,0.043847611744174966,0.008253008436935173,0.00517415137132282,0.008203217908395004,0.02236137147749088,0.017932192434869196,0.005688853561088238,0.010850717725830213,0.009356665371912865,0.015133910630589564,0.006038321278866128,0.006589874206893936,0.014819955824046436,0.010059925981888054,0.007457594844207562,0.010317838906831075,0.008536285083449153,0.007263033555899221,0.009912483936466092,0.007500557772627282,0.01590214161813095,0.0069826767308916,0.006184294410920247,0.008523799172601843,0.006120861500811755,0.010745342911303054,0.020614804992646372,0.008654514401953431,0.004565132713243003
2025-10-16,0.007313554999590246,0.011411841420331671,0.01336842195064965,0.01414081439807084,0.009785936145863679,0.00537304517923454,0.011582518850329187,0.01057562819608016,0.007148290507312471,0.01783752463672407,0.021770254473825818,0.03857790557664993,0.006613787379039647,0.41342439703453576,0.007821215124665703,0.009819022460241099,0.006480172617785673,0.023191151273005247,0.008631661391629472,0.0065304628580155925,0.0250112530201333,0.043847611744174966,0.008253008436935173,0.00517415137132282,0.008203217908395004,0.02236137147749088,0.017932192434869196,0.005688853561088238,0.010850717725830213,0.009356665371912865,0.015133910630589564,0.006038321278866128,0.006589874206893936,0.014819955824046436,0.010059925981888054,0.007457594844207562,0.010317838906831075,0.008536285083449153,0.007263033555899221,0.009912483936466092,0.007500557772627282,0.01590214161813095,0.0069826767308916,0.006184294410920247,0.008523799172601843,0.006120861500811755,0.010745342911303054,0.020614804992646372,0.008654514401953431,0.004565132713243003
2025-10-17,0.007313554999872552,0.011411841423429197,0.013368421951165674,0.014140814392031848,0.009785936137127554,0.005373045186947999,0.011582518850776276,0.010575628198950712,0.0071482905075883965,0.017837524637412602,0.021770254464528592,0.038577905578139046,0.006613787379294941,0.41342439705049405,0.007821215123146584,0.009819022462906283,0.006480172616527026,0.02319115127390043,0.008631661391962656,0.0065304628582676695,0.025011253015275355,0.043847611745867494,0.008253008437253741,0.005174151369113141,0.008203217906801688,0.02236137147835404,0.01793219243973655,0.005688853562632369,0.010850717721196293,0.009356665372274035,0.015133910631173735,0.006038321279099209,0.0065898742040796585,0.01481995582461849,0.01005992598227637,0.007457594837550001,0.010317838902424726,0.008536285087753672,0.007263033556179576,0.009912483936848716,0.007500557774663164,0.015902141618744776,0.006982676731161133,0.006184294412598856,0.008523799164992456,0.00612086150389827,0.010745342911717826,0.020614804993442107,0.008654514398257426,0.004565132715545024
2025-10-20,0.007291241234850758,0.011436599338572781,0.013365037438075964,0.014117789117971402,0.009785612625205628,0.005395211061896818,0.011536388562158214,0.01057312641498818,0.007141478002758664,0.017800436957875053,0.021670740079513123,0.03861803432395534,0.006632997261929418,0.414148834257213,0.007825098245064752,0.009840328409509179,0.006484035754924749,0.023157814324122287,0.00862300054687304,0.006524507062977803,0.024981235344355954,0.04388696885570478,0.008222926653718387,0.00515766193360221,0.00819801886992535,0.02236991745824896,0.017826943309861468,0.0057018357397174545,0.01080675211723033,0.009329952029918511,0.01509467200696577,0.006043337666693685,0.00658601114311287,0.014806231863595223,0.010050191413253891,0.007453537874503941,0.010263611538815278,0.008501182475390242,0.007236003907935429,0.009904500990346614,0.007504447435366338,0.01587603325022413,0.006960022534260955,0.0061850421395275345,0.008503637995967137,0.006116385781469012,0.01073666671487876,0.020534457286513843,0.008622086755061749,0.004571415893397941
2025-10-21,0.007291241234850758,0.011436599338572781,0.013365037438075964,0.014117789117971402,0.009785612625205628,0.005395211061896818,0.011536388562158214,0.01057312641498818,0.007141478002758664,0.017800436957875053,0.021670740079513123,0.03861803432395534,0.006632997261929418,0.414148834257213,0.007825098245064752,0.009840328409509179,0.006484035754924749,0.023157814324122287,0.00862300054687304,0.006524507062977803,0.024981235344355954,0.04388696885570478,0.008222926653718387,0.00515766193360221,0.00819801886992535,0.02236991745824896,0.017826943309861468,0.0057018357397174545,0.01080675211723033,0.009329952029918511,0.01509467200696577,0.006043337666693685,0.00658601114311287,0.014806231863595223,0.010050191413253891,0.007453537874503941,0.010263611538815278,0.008501182475390242,0.007236003907935429,0.009904500990346614,0.007504447435366338,0.01587603325022413,0.006960022534260955,0.0061850421395275345,0.008503637995967137,0.006116385781469012,0.01073666671487876,0.020534457286513843,0.008622086755061749,0.004571415893397941
2025-10-22,0.007291241234850758,0.011436599338572781,0.013365037438075964,0.014117789117971402,0.009785612625205628,0.005395211061896818,0.011536388562158214,0.01057312641498818,0.007141478002758664,0.017800436957875053,0.021670740079513123,0.03861803432395534,0.006632997261929418,0.414148834257213,0.007825098245064752,0.009840328409509179,0.006484035754924749,0.023157814324122287,0.00862300054687304,0.006524507062977803,0.024981235344355954,0.04388696885570478,0.008222926653718387,0.00515766193360221,0.00819801886992535,0.02236991745824896,0.017826943309861468,0.0057018357397174545,0.01080675211723033,0.009329952029918511,0.01509467200696577,0.006043337666693685,0.00658601114311287,0.014806231863595223,0.010050191413253891,0.007453537874503941,0.010263611538815278,0.008501182475390242,0.007236003907935429,0.009904500990346614,0.007504447435366338,0.01587603325022413,0.006960022534260955,0.0061850421395275345,0.008503637995967137,0.006116385781469012,0.01073666671487876,0.020534457286513843,0.008622086755061749,0.004571415893397941
2025-10-23,0.007291241234850758,0.011436599338572781,0.013365037438075964,0.014117789117971402,0.009785612625205628,0.005395211061896818,0.011536388562158214,0.01057312641498818,0.007141478002758664,0.017800436957875053,0.021670740079513123,0.03861803432395534,0.006632997261929418,0.414148834257213,0.007825098245064752,0.009840328409509179,0.006484035754924749,0.023157814324122287,0.00862300054687304,0.006524507062977803,0.024981235344355954,0.04388696885570478,0.008222926653718387,0.00515766193360221,0.00819801886992535,0.02236991745824896,0.017826943309861468,0.0057018357397174545,0.01080675211723033,0.009329952029918511,0.01509467200696577,0.006043337666693685,0.00658601114311287,0.014806231863595223,0.010050191413253891,0.007453537874503941,0.010263611538815278,0.008501182475390242,0.007236003907935429,0.009904500990346614,0.007504447435366338,0.01587603325022413,0.006960022534260955,0.0061850421395275345,0.008503637995967137,0.006116385781469012,0.01073666671487876,0.020534457286513843,0.008622086755061749,0.004571415893397941
2025-10-27,0.007296230614783004,0.011432177456058972,0.013363950618891425,0.01409296121982979,0.009777424574373911,0.005398430446009052,0.011527978600062412,0.010574040318800732,0.007135239275022988,0.017807698035357613,0.021663905923331898,0.03862015085790503,0.006633224051646646,0.414163194665078,0.0078262226038902,0.009842531356008216,0.006491597178853412,0.02313874962851863,0.00861816091272376,0.006530609345955267,0.024977958451620277,0.04390290513139537,0.008222254135094465,0.005159225139209433,0.00820507177154312,0.022396668290643334,0.017815831407209597,0.005697619172256166,0.010805831075276889,0.009338033314685822,0.015082251686072107,0.00605209189303334,0.006584640384173063,0.01482226356392279,0.010058209457157106,0.0074593622954733756,0.01026310428922802,0.008494518873827253,0.007229634242454269,0.00990794137056005,0.007508215556411285,0.01585668339255328,0.006960373417292021,0.006181034570761268,0.008501450818661934,0.0061145035974528635,0.010754343111764968,0.020539411221516937,0.008607355155340507,0.004566735530308297
2025-10-28,0.007300478438042235,0.011427012577116473,0.013363017207462151,0.014068438163228973,0.009770033970286071,0.0054030523426789765,0.011519233486614228,0.01057634935570481,0.00713075100684556,0.01781451596126798,0.02165835636239017,0.0386318817223201,0.00663347759045162,0.41410745591756604,0.007827059259968107,0.009844265566334406,0.0064979897634139154,0.023123420413103637,0.008612556477131236,0.006537281218367359,0.02497744719587066,0.04392207624880869,0.008221648226295541,0.005161477135369857,0.008215909157969853,0.022434423098951273,0.017809807789557333,0.005692020396960927,0.010806277268094012,0.00934913740507146,0.015073508603020815,0.006063063375691602,0.006583438550227106,0.014841120105040576,0.010068679326766595,0.007466663520284208,0.010265410001888225,0.008488048661147798,0.00722407547444425,0.009913097655740338,0.007511134433671443,0.015841898427806166,0.006961844362672755,0.006176752285379233,0.008497907139031284,0.006112440072941775,0.0107735522544054,0.020545717437402133,0.008593147588134365,0.004561650001060359
2025-10-29,0.007298124678773223,0.011423101720381603,0.013358812874253407,0.014085482934501535,0.00977697101879324,0.005423424597120639,0.011549154071050434,0.010617474931158492,0.0071844736926700535,0.01774919098289847,0.02163235491588187,0.03865442143366259,0.006647982473912216,0.4136291860368663,0.007833129510896233,0.009835347356542996,0.006463688125558548,0.023178702843775458,0.008610259326616526,0.006555249370176082,0.024969386321783478,0.043883922743822995,0.008231226643310737,0.005165227042800589,0.008224577049891754,0.022489624452275408,0.01783305230819476,0.0056851537321904845,0.01084013900302832,0.009356386539093745,0.015138064372367093,0.006077787787922021,0.006576758130925306,0.014874063335892878,0.010067513128186788,0.007469022618982421,0.010293264609659989,0.008478690900672858,0.0072427981649568,0.009916940275362796,0.007498893292931177,0.01587075606699619,0.006976385168692494,0.006205377580124835,0.008477076818603265,0.006128005504513723,0.010813368346665823,0.0205588012974914,0.008591232776155781,0.004559971091014033
2025-10-30,0.00730207623399712,0.011417643587979838,0.013363394334261296,0.014070006293935127,0.009777481444506981,0.0054265969063094725,0.011546063945643207,0.010617737622467571,0.007184357809814185,0.01776146154923235,0.021634095017278924,0.03867215942400208,0.006650782673638975,0.4134843992550558,0.007836726284979384,0.009838440839888178,0.006467140710516164,0.023155859011163096,0.008603807005201497,0.006557757597948854,0.024982745118996345,0.043911562568980954,0.008231974768762295,0.005169277665395656,0.008230749622268265,0.022524485881879164,0.01783582425459248,0.005680276077901944,0.010839846652217044,0.009366273599617508,0.015134077491207399,0.006085999883146865,0.006581305981766326,0.014884533349468702,0.0100811680692762,0.007473085035309091,0.010291848300539329,0.008476008325591915,0.0072406689311181795,0.009919341791335709,0.007493973926151289,0.015867815612765405,0.006979767444791216,0.00620142219343079,0.008477661921886051,0.006129101150126841,0.010833428911406129,0.020566102896560638,0.008583243194131828,0.004558441831558315
2025-10-31,0.00729178291035864,0.011405497848116546,0.013310135141403064,0.014066093650870557,0.009752486815340859,0.005424194277056856,0.011528541568293598,0.010598437366983455,0.0071655511083777435,0.017720213696346448,0.021633317932604316,0.03867607007211556,0.006638046604312043,0.41415091897396306,0.007814076209320377,0.009816832204040239,0.006474429373734744,0.023250611491786245,0.008605834970364835,0.006555409749749151,0.024909442444677157,0.0438386237321976,0.008205489757615264,0.005159866825093906,0.008238424141401688,0.02247765617900379,0.01781970028295597,0.005672523876787112,0.010840798907720538,0.009349461983607013,0.015119293323126178,0.0060789836435231484,0.0065508989993756685,0.014900610995796258,0.01002469042982531,0.007478202418318193,0.010318921032693024,0.008478045508603848,0.0072326231194266965,0.009927447162546711,0.007517225867570881,0.015826694693077573,0.006975701751007422,0.006195068403564525,0.008465847111950447,0.0061008810222610114,0.01077334418323002,0.020506649682669086,0.008589287772674642,0.0045491127825609936
2025-11-03,0.007307616692558618,0.011395594081400652,0.013332664108738148,0.014087386830923318,0.009743575720235488,0.005411301606700834,0.011563411202214177,0.01061052358580328,0.007169273991166957,0.017755174385321947,0.0217404267522551,0.03861866863972873,0.006627841553723908,0.4133427627290759,0.007816873631430191,0.009808436624692574,0.006468988551369196,0.02327947912882291,0.00861237678815718,0.006568623243306499,0.02494520817717555,0.043859635447176526,0.008239224380354954,0.005169804011206625,0.008228285796254505,0.022467105743430086,0.0178983110045857,0.005651914360801771,0.010888140245993902,0.00937099691437899,0.015143714056819501,0.0060866578983646,0.006567647823397347,0.014903535615758435,0.010025515968211449,0.00748374640783226,0.010366576281086086,0.008516809412306658,0.007262547163313375,0.009949541631830589,0.007528325845598627,0.01586005750373857,0.006997889845450653,0.006195694411870244,0.008492274989558483,0.0061081463003275415,0.010782423478912359,0.020585549692961082,0.008610653899388527,0.004553065844289424
2025-11-04,0.007315547876286471,0.01142374832447257,0.01339284944390356,0.014164247431586544,0.009784895523997368,0.005401698076902301,0.011597927522954878,0.010615211549471948,0.00719730221159785,0.017785190442512158,0.021734750773265074,0.03858848447564074,0.006631162463712105,0.4127753593975447,0.007838319190869693,0.00982716777919314,0.006453927508209689,0.023220435267823213,0.008631664167635745,0.006560003979648892,0.024991860925375434,0.04387670340831671,0.008268429871567897,0.005178129793669147,0.008202320223159067,0.022446638755529276,0.01796356903720412,0.005675230217832172,0.010882909621136267,0.009368079656081931,0.015187066409679954,0.006061890889190925,0.006593285152423967,0.01485132956270917,0.010073066647163969,0.007466998533895542,0.010336789513001588,0.008514712485301633,0.007284479827057987,0.009936643710585082,0.007502421254575886,0.01592438401175016,0.006993437502312304,0.006212532627845981,0.008506237940052501,0.006136786823723999,0.01078319589506431,0.020645469721176424,0.008633868141664818,0.004561638433722845
2025-11-05,0.007295498582579511,0.01142096323898141,0.013396506705641076,0.014146087126102014,0.009811402786294368,0.005414199398772464,0.011563134976329773,0.010624055982564436,0.007217076424947779,0.01781122127294093,0.0217972930760546,0.03867893233809948,0.006656896872721666,0.4131477544110185,0.00783551117651754,0.009840686063237018,0.006449477862231176,0.023158164779699945,0.008611197533735591,0.006561679882088657,0.024953490930016618,0.04388952327122921,0.00825324194524833,0.005168892356223855,0.008202041721362416,0.022401017149002795,0.017831833750335774,0.005681589940894423,0.010860563168125005,0.009344967108195979,0.015220829340108868,0.006028473430124202,0.006580045976512836,0.014875458882201844,0.010074455704137375,0.007467904800972861,0.010340335074901121,0.008511777344082387,0.0072457125953087126,0.009917826119725508,0.007481214672426732,0.015906430764154326,0.006956691675132642,0.006193742937937834,0.008509588104524157,0.006134142735572463,0.010755227578767226,0.02058070886317656,0.008628336419432201,0.004566195149607799
2025-11-06,0.007282799842202359,0.011424748964753357,0.013391290120945065,0.014129398496109299,0.009818356709664357,0.005420347288773273,0.011539895511442057,0.010628683273072195,0.007214035397546445,0.017786660850467952,0.021750317421361152,0.03868412570693002,0.006660566860003291,0.41359842270575614,0.007832953479646397,0.009844261169793105,0.00644720757017364,0.023147384856624674,0.008604677804045618,0.006555040296214288,0.02493883622170697,0.043893682273310086,0.00824167676048011,0.005164746955803496,0.008205643406184293,0.022384437306661627,0.017776412974949734,0.005691016445988446,0.010837589378874461,0.009331129398094974,0.01520727650929753,0.006025576353846075,0.006570958694421404,0.014879384569499013,0.01006825748596969,0.007466577288987858,0.010314864430149243,0.008496469159295028,0.007230275801623353,0.009905609997923056,0.0074746175072645015,0.015904494633685394,0.006942802091161695,0.006196178631619581,0.008496552068541057,0.006130264824486637,0.010742626735533415,0.020539460738123266,0.008614217218593975,0.004567189812399165
2025-11-07,0.007286952311076448,0.011436046585421668,0.013385481182634794,0.014133276889171192,0.0098022030775414,0.005420490021911685,0.011556155242072333,0.010623843690031247,0.007203076175822692,0.017759321294294354,0.02168493232997405,0.038650200009225595,0.006651894227674469,0.413558043905425,0.007834250776344469,0.009841254096686378,0.0064493948688947615,0.023180100665586397,0.008615207644675684,0.006551963383431183,0.024956105451846598,0.04388005551857969,0.00824178820067754,0.005162257071213269,0.0082052190651178,0.02241661966413865,0.017814455771214523,0.00569417014234882,0.010840190677256304,0.009339589780339093,0.01518364664888712,0.006046980561867414,0.0065770260563731515,0.014855867487873311,0.010067428353992896,0.00746177487329213,0.010297706731450603,0.008490739251774454,0.007242655335910145,0.009911421651002596,0.007487875819917381,0.015907493487075642,0.0069599044908210264,0.006207473249154205,0.008486640295095936,0.0061336613184776595,0.010766855982875707,0.020558660490782588,0.008614307415717505,0.004567340777030463
2025-11-10,0.007282733770903136,0.011424592080766122,0.013391412040395144,0.014129398498919898,0.00981866359554669,0.005420344611839445,0.011539603839305834,0.010628798675238402,0.007214208430887137,0.01778712016926751,0.021751384658690903,0.0386848349565143,0.0066607319443381585,0.41359774494423795,0.007832954748711983,0.009844329133431912,0.006447189471127419,0.02314692037329291,0.008604519051209968,0.006555101984336082,0.024938649686933927,0.043893856121086594,0.00824166464993755,0.005164806924015406,0.008205677446759088,0.022384051027518885,0.017775923312719273,0.005690970398086641,0.010837532995003167,0.00933098687591454,0.01520766156695428,0.0060252347855997085,0.00657090639407297,0.014879784460440127,0.01006825795212384,0.007466680541090389,0.010315166828973486,0.008496564768795008,0.007230119646435683,0.009905545183019797,0.007474405742651643,0.015904515596146977,0.006942535120251102,0.0061960227611423365,0.008496742542972776,0.006130243941290427,0.010742261861956214,0.020539224626440002,0.008614188621738296,0.004567230640968824
2025-11-11,0.00728273421605255,0.011424593112911666,0.013391411225135178,0.014129398480909577,0.009818661552987187,0.005420344625122652,0.01153960578056784,0.010628797899479528,0.0072142072761437375,0.017787117098534498,0.021751377520564233,0.03868483022355638,0.006660730850272261,0.41359774971343993,0.007832954733256294,0.009844328673931663,0.006447189582997642,0.023146923469589603,0.00860452011005542,0.0065551015700036925,0.024938650932571423,0.04389385496139428,0.008241664731539927,0.005164806515788541,0.008205677220409196,0.02238405358398648,0.017775926551419508,0.005690970696915001,0.010837533364731982,0.009330987828628278,0.015207659008809242,0.006025237056163443,0.006570906740635983,0.01487978179461863,0.010068257948666929,0.007466679843137943,0.010315164822425095,0.00849656412887783,0.007230120670823293,0.009905545603980624,0.007474407153185267,0.015904515446266917,0.006942536883014557,0.006196023797704292,0.00849674128185544,0.006130244067643403,0.010742264289364329,0.020539226187936743,0.008614188813328405,0.004567230358665396
2025-11-12,0.007282734280836635,0.011424593254439884,0.013391411119768415,0.014129398481587892,0.009818661269983982,0.005420344627906912,0.011539606065919854,0.010628797801001394,0.007214207115239976,0.017787116701815365,0.021751376539117358,0.03868482957690853,0.006660730692408155,0.4135977504073832,0.007832954733632332,0.009844328619394788,0.006447189598318187,0.02314692389106725,0.008604520250706217,0.006555101509269244,0.02493865109635016,0.043893854799984144,0.008241664743449059,0.005164806460720329,0.008205677190234599,0.022384053929032862,0.017775926990983612,0.005690970744889373,0.01083753341571846,0.009330987955083548,0.015207658641295183,0.006025237373499025,0.006570906780729054,0.014879781414241363,0.010068257949150278,0.007466679742665029,0.010315164543123827,0.008496564041253136,0.007230120822675821,0.009905545659807712,0.007474407341493366,0.015904515421109038,0.006942537132278894,0.006196023939378919,0.008496741096302983,0.006130244090774638,0.010742264605022206,0.020539226389773547,0.008614188833798421,0.004567230318475792
2025-11-13,0.007282733770903136,0.011424592080766122,0.013391412040395144,0.014129398498919898,0.00981866359554669,0.005420344611839445,0.011539603839305834,0.010628798675238402,0.007214208430887137,0.01778712016926751,0.021751384658690903,0.0386848349565143,0.0066607319443381585,0.41359774494423795,0.007832954748711983,0.009844329133431912,0.006447189471127419,0.02314692037329291,0.008604519051209968,0.006555101984336082,0.024938649686933927,0.043893856121086594,0.00824166464993755,0.005164806924015406,0.008205677446759088,0.022384051027518885,0.017775923312719273,0.005690970398086641,0.010837532995003167,0.00933098687591454,0.01520766156695428,0.0060252347855997085,0.00657090639407297,0.014879784460440127,0.01006825795212384,0.007466680541090389,0.010315166828973486,0.008496564768795008,0.007230119646435683,0.009905545183019797,0.007474405742651643,0.015904515596146977,0.006942535120251102,0.0061960227611423365,0.008496742542972776,0.006130243941290427,0.010742261861956214,0.020539224626440002,0.008614188621738296,0.004567230640968824
2025-11-14,0.007282733771421753,0.01142459205896973,0.013391412016405323,0.014129398480187537,0.009818663605390238,0.005420344593295103,0.011539603818633405,0.010628798633925228,0.0072142083919281876,0.017787120220230802,0.021751384660239858,0.03868483495926912,0.006660731932405902,0.4135977455514804,0.007832954745622277,0.009844329129548822,0.006447189477590948,0.02314692032104812,0.00860451904380913,0.006555101960383226,0.024938649688709857,0.04389385608333302,0.008241664635173156,0.005164806912357949,0.008205677440656563,0.02238405098741935,0.017775923280874892,0.005690970399816937,0.01083753296549521,0.009330986867888857,0.01520766153262915,0.006025234763583028,0.006570906391481081,0.014879784440712925,0.010068257934087227,0.007466680534668217,0.010315166824904675,0.008496564778302237,0.0072301196334834065,0.009905545167580989,0.007474405739703368,0.01590451558617039,0.006942535107814013,0.0061960227442720795,0.008496742567317469,0.006130243933163121,0.010742261822703146,0.020539224608773995,0.008614188622351727,0.004567230632786935
2025-11-17,0.007282733773178182,0.011424592064385071,0.013391412019635023,0.01412939846385668,0.0098186636031861,0.0054203445794580975,0.011539603810669397,0.01062879861669097,0.0072142083676329126,0.017787120257651737,0.02175138467561457,0.03868483495058497,0.0066607319216057375,0.4135977458438271,0.007832954738392645,0.009844329122754802,0.006447189491154688,0.023146920315852,0.00860451904187755,0.0065551019436494214,0.02493864971795041,0.04389385611435888,0.008241664629485208,0.005164806911198531,0.00820567744645665,0.022384050930277552,0.017775923268606914,0.005690970403839532,0.010837532952969115,0.00933098686144912,0.015207661490266363,0.006025234759424738,0.006570906390006014,0.014879784423514768,0.01006825793182706,0.007466680522561232,0.010315166814183176,0.008496564781340542,0.007230119621759997,0.009905545163051034,0.007474405744986564,0.01590451557519396,0.006942535096556913,0.006196022739995921,0.008496742569366687,0.006130243931786977,0.0107422617952804,0.02053922455634165,0.008614188620417977,0.0045672306338884455
2025-11-18,0.007282734444210496,0.01142457421247746,0.013391352878035084,0.014129316114042311,0.009818659377903825,0.005420274611800994,0.011539539929420995,0.010628661758037753,0.007214070741527579,0.017787293466769737,0.021751523530150623,0.03868478477919293,0.006660675198558708,0.4135994747607162,0.007832929201784244,0.009844321326858526,0.006447267950906481,0.02314675303079431,0.008604508860103688,0.006555020406521195,0.024938736186712714,0.04389387612213245,0.008241618582898704,0.005164787126976029,0.008205679827438845,0.022383826285230064,0.01777582473173371,0.005690997863529365,0.010837437097242763,0.009330948867585549,0.01520750363732806,0.006025168095554043,0.006570906974031714,0.014879700371346456,0.010068212364778647,0.00746665425384128,0.010315115143793142,0.008496625235695507,0.0072300759205598895,0.009905506356478043,0.007474416788298361,0.015904462590953256,0.006942515989900604,0.006195963549040924,0.008496788362709387,0.00613022065490932,0.010742129355728545,0.020539116134228305,0.008614226444475829,0.004567222505055424
2025-11-19,0.0072902254603930015,0.011442897645203237,0.013382425273935107,0.014139245629197092,0.009791622918066746,0.0054200340298380095,0.01156465716006975,0.010622854738838016,0.007194707765802431,0.017740102298920743,0.02163872540292805,0.03863031098501742,0.0066471707076597875,0.41349231070562664,0.007836168271838546,0.009839741981981636,0.00645127103038341,0.023206181486180786,0.008623757465028366,0.006549018092571297,0.024971300388603197,0.043872124397257455,0.008240931748856048,0.005161768271099572,0.008206553634104238,0.022445233708003002,0.01784641614270539,0.005696968843717704,0.010840080129614122,0.009344673896136683,0.015163392039511354,0.006061955508901377,0.0065837753000265375,0.014840570878905194,0.010064542063575089,0.007460160891141911,0.010285232964275748,0.008486910025451336,0.007253654022193113,0.009916021253544249,0.0074970457647328065,0.01591194859827168,0.0069714576779262806,0.006216453998712989,0.008481801407856147,0.0061363280030123524,0.010782267011723483,0.020575754981391525,0.008611791515447746,0.004569455883821563
2025-11-20,0.007290246702297334,0.011442925154887214,0.013382335483394596,0.01413928190910757,0.009791516635862607,0.0054200183923420785,0.011564673419247438,0.010622834804957732,0.007194634134105782,0.01773995158993948,0.02163842332939727,0.038630145835697925,0.006647137201490458,0.41349285690976306,0.007836160558674301,0.009839712019151447,0.0064512879351903765,0.023206410722088767,0.008623826175685283,0.006548989655571377,0.024971319943983102,0.04387196662470899,0.00824089293750619,0.005161759231572862,0.008206574929199276,0.022445356969664237,0.01784659185190669,0.005696982571542145,0.010840078121719767,0.00934467609459658,0.015163212968013255,0.006062047065505081,0.006583788045295651,0.014840485582185143,0.010064457611230137,0.0074601635043004015,0.010285176165204472,0.008486891985360694,0.007253716531785075,0.009916037784115114,0.007497132578803797,0.01591192053988457,0.006971515642259554,0.006216501024948321,0.008481760818321367,0.006136310784681281,0.010782299382539471,0.02057578277900492,0.00861176512941683,0.004569466231892886
2025-11-21,0.0072902477942472154,0.011442928171659988,0.01338240456533493,0.014139286107502851,0.009791550130935802,0.005420025189580711,0.01156469655232088,0.010622849702550117,0.00719464812868555,0.01773998553078494,0.021638440536036595,0.038630175798450274,0.006647142091021245,0.4134920486255068,0.007836179831439229,0.009839732728110286,0.006451284701726995,0.02320634061782269,0.008623815532484131,0.006548989965579602,0.024971392877818122,0.043872090910771724,0.008240920105477948,0.005161767446362449,0.008206562650416558,0.022445410145560642,0.0178466123260419,0.00569698915570298,0.010840067378255153,0.009344699773737475,0.015163236414914941,0.00606204523814065,0.006583821578210195,0.014840474011394794,0.010064510802984898,0.007460154974659364,0.010285146691969956,0.008486889523867015,0.007253723796217375,0.00991604625912873,0.007497102386416293,0.015911971344799377,0.0069715243414030644,0.00621650547033925,0.008481779324934177,0.006136337215094407,0.010782343032595117,0.020575862377671755,0.008611768526649391,0.00456947161668332
2025-11-24,0.007290247622957374,0.011442927822871879,0.013382395077893745,0.014139288277254783,0.009791544693876143,0.005420026494544235,0.011564695074307896,0.010622851607224478,0.0071946505510754565,0.01773997480446493,0.02163843504999096,0.03863017132906724,0.006647143408212553,0.4134921129446194,0.007836178474167123,0.009839728989411404,0.006451282194924691,0.023206357211361228,0.008623816916093156,0.006548992166006306,0.024971379441927018,0.04387207030847497,0.008240917521103291,0.005161766820319479,0.00820656606220754,0.022445409576381057,0.01784661238872998,0.0056969875037448684,0.010840072847765907,0.009344697491582645,0.015163239779754957,0.006062047416099486,0.006583816107369977,0.014840478990806547,0.01006450400519968,0.007460157661875931,0.010285153279991592,0.008486888850219294,0.007253724693163707,0.00991604581835544,0.007497106870899902,0.015911966169522798,0.0069715237490811845,0.006216507738529675,0.008481773912130244,0.0061363344306290596,0.010782340128210645,0.02057585203498637,0.008611767043061127,0.0045694706475507135
2025-11-25,0.007290247794395652,0.011442928257149439,0.01338240568730765,0.014139287595801527,0.00979155024056427,0.005420026465520598,0.011564697812700584,0.010622851998012195,0.007194650623107825,0.017739982920725796,0.021638439186268555,0.03863017608705407,0.006647143199280074,0.41349201127976315,0.00783618081500585,0.009839732600015121,0.00645128310967837,0.023206343082130463,0.008623815319823541,0.006548991133714102,0.024971392273659607,0.043872091156819414,0.008240921145602202,0.005161767840663748,0.008206563346092774,0.02244541451493677,0.017846614154710193,0.005696988865330014,0.010840069286544334,0.009344700665978097,0.015163240203414271,0.006062046209327925,0.006583821682582498,0.014840475573500381,0.010064511927986618,0.00746015561053597,0.01028514753032347,0.00848688895890156,0.0072537249076542335,0.00991604676494896,0.007497102061895687,0.01591197310860566,0.006971524796036687,0.006216507036545215,0.008481778140216074,0.006136338083885635,0.010782345352479825,0.02057586396860027,0.008611768043599598,0.0045694715806033175
2025-11-26,0.007290264344092114,0.011442727826446888,0.013380520983596782,0.014136760020680213,0.009791308922860188,0.005417827738448406,0.01156246369050688,0.010618832744100479,0.007190306617017534,0.017744605594200432,0.021640858744451243,0.03862963382569436,0.006645316219707432,0.41355565073134287,0.007834561082924817,0.009839959122222108,0.006454043779977786,0.023202126481603857,0.008624137893251763,0.0065469480114930196,0.024972399762481303,0.043872007886688255,0.008239154589013035,0.005161121661384259,0.008205423834411736,0.022437912985910118,0.017843632081291964,0.00569745830959039,0.010836810048453667,0.009343187966811623,0.015156692400280173,0.006060363306983201,0.006583703808657884,0.01483775344093303,0.010062635960559674,0.007459111365151685,0.01028365473168435,0.008487897168202349,0.007251857533680121,0.009915152288079699,0.007497673763558427,0.015908922665624138,0.006970715140231099,0.006213787183654348,0.00848383575906822,0.006134817434802593,0.010778324430323647,0.02057301870555992,0.008612582513304812,0.004569536899005049
2025-11-27,0.007291241234850758,0.011436599338572781,0.013365037438075964,0.014117789117971402,0.009785612625205628,0.005395211061896818,0.011536388562158214,0.01057312641498818,0.007141478002758664,0.017800436957875053,0.021670740079513123,0.03861803432395534,0.006632997261929418,0.414148834257213,0.007825098245064752,0.009840328409509179,0.006484035754924749,0.023157814324122287,0.00862300054687304,0.006524507062977803,0.024981235344355954,0.04388696885570478,0.008222926653718387,0.00515766193360221,0.00819801886992535,0.02236991745824896,0.017826943309861468,0.0057018357397174545,0.01080675211723033,0.009329952029918511,0.01509467200696577,0.006043337666693685,0.00658601114311287,0.014806231863595223,0.010050191413253891,0.007453537874503941,0.010263611538815278,0.008501182475390242,0.007236003907935429,0.009904500990346614,0.007504447435366338,0.01587603325022413,0.006960022534260955,0.0061850421395275345,0.008503637995967137,0.006116385781469012,0.01073666671487876,0.020534457286513843,0.008622086755061749,0.004571415893397941
2025-11-28,0.007291241234850758,0.011436599338572781,0.013365037438075964,0.014117789117971402,0.009785612625205628,0.005395211061896818,0.011536388562158214,0.01057312641498818,0.007141478002758664,0.017800436957875053,0.021670740079513123,0.03861803432395534,0.006632997261929418,0.414148834257213,0.007825098245064752,0.009840328409509179,0.006484035754924749,0.023157814324122287,0.00862300054687304,0.006524507062977803,0.024981235344355954,0.04388696885570478,0.008222926653718387,0.00515766193360221,0.00819801886992535,0.02236991745824896,0.017826943309861468,0.0057018357397174545,0.01080675211723033,0.009329952029918511,0.01509467200696577,0.006043337666693685,0.00658601114311287,0.014806231863595223,0.010050191413253891,0.007453537874503941,0.010263611538815278,0.008501182475390242,0.007236003907935429,0.009904500990346614,0.007504447435366338,0.01587603325022413,0.006960022534260955,0.0061850421395275345,0.008503637995967137,0.006116385781469012,0.01073666671487876,0.020534457286513843,0.008622086755061749,0.004571415893397941
2025-12-01,0.007291241234850758,0.011436599338572781,0.013365037438075964,0.014117789117971402,0.009785612625205628,0.005395211061896818,0.011536388562158214,0.01057312641498818,0.007141478002758664,0.017800436957875053,0.021670740079513123,0.03861803432395534,0.006632997261929418,0.414148834257213,0.007825098245064752,0.009840328409509179,0.006484035754924749,0.023157814324122287,0.00862300054687304,0.006524507062977803,0.024981235344355954,0.04388696885570478,0.008222926653718387,0.00515766193360221,0.00819801886992535,0.02236991745824896,0.017826943309861468,0.0057018357397174545,0.01080675211723033,0.009329952029918511,0.01509467200696577,0.006043337666693685,0.00658601114311287,0.014806231863595223,0.010050191413253891,0.007453537874503941,0.010263611538815278,0.008501182475390242,0.007236003907935429,0.009904500990346614,0.007504447435366338,0.01587603325022413,0.006960022534260955,0.0061850421395275345,0.008503637995967137,0.006116385781469012,0.01073666671487876,0.020534457286513843,0.008622086755061749,0.004571415893397941
2025-12-02,0.007291241234850758,0.011436599338572781,0.013365037438075964,0.014117789117971402,0.009785612625205628,0.005395211061896818,0.011536388562158214,0.01057312641498818,0.007141478002758664,0.017800436957875053,0.021670740079513123,0.03861803432395534,0.006632997261929418,0.414148834257213,0.007825098245064752,0.009840328409509179,0.006484035754924749,0.023157814324122287,0.00862300054687304,0.006524507062977803,0.024981235344355954,0.04388696885570478,0.008222926653718387,0.00515766193360221,0.00819801886992535,0.02236991745824896,0.017826943309861468,0.0057018357397174545,0.01080675211723033,0.009329952029918511,0.01509467200696577,0.006043337666693685,0.00658601114311287,0.014806231863595223,0.010050191413253891,0.007453537874503941,0.010263611538815278,0.008501182475390242,0.007236003907935429,0.009904500990346614,0.007504447435366338,0.01587603325022413,0.006960022534260955,0.0061850421395275345,0.008503637995967137,0.006116385781469012,0.01073666671487876,0.020534457286513843,0.008622086755061749,0.004571415893397941
2025-12-03,0.007291241234850758,0.011436599338572781,0.013365037438075964,0.014117789117971402,0.009785612625205628,0.005395211061896818,0.011536388562158214,0.01057312641498818,0.007141478002758664,0.017800436957875053,0.021670740079513123,0.03861803432395534,0.006632997261929418,0.414148834257213,0.007825098245064752,0.009840328409509179,0.006484035754924749,0.023157814324122287,0.00862300054687304,0.006524507062977803,0.024981235344355954,0.04388696885570478,0.008222926653718387,0.00515766193360221,0.00819801886992535,0.02236991745824896,0.017826943309861468,0.0057018357397174545,0.01080675211723033,0.009329952029918511,0.01509467200696577,0.006043337666693685,0.00658601114311287,0.014806231863595223,0.010050191413253891,0.007453537874503941,0.010263611538815278,0.008501182475390242,0.007236003907935429,0.009904500990346614,0.007504447435366338,0.01587603325022413,0.006960022534260955,0.0061850421395275345,0.008503637995967137,0.006116385781469012,0.01073666671487876,0.020534457286513843,0.008622086755061749,0.004571415893397941
2025-12-04,0.007291241234850758,0.011436599338572781,0.013365037438075964,0.014117789117971402,0.009785612625205628,0.005395211061896818,0.011536388562158214,0.01057312641498818,0.007141478002758664,0.017800436957875053,0.021670740079513123,0.03861803432395534,0.006632997261929418,0.414148834257213,0.007825098245064752,0.009840328409509179,0.006484035754924749,0.023157814324122287,0.00862300054687304,0.006524507062977803,0.024981235344355954,0.04388696885570478,0.008222926653718387,0.00515766193360221,0.00819801886992535,0.02236991745824896,0.017826943309861468,0.0057018357397174545,0.01080675211723033,0.009329952029918511,0.01509467200696577,0.006043337666693685,0.00658601114311287,0.014806231863595223,0.010050191413253891,0.007453537874503941,0.010263611538815278,0.008501182475390242,0.007236003907935429,0.009904500990346614,0.007504447435366338,0.01587603325022413,0.006960022534260955,0.0061850421395275345,0.008503637995967137,0.006116385781469012,0.01073666671487876,0.020534457286513843,0.008622086755061749,0.004571415893397941
2025-12-05,0.007291241234850758,0.011436599338572781,0.013365037438075964,0.014117789117971402,0.009785612625205628,0.005395211061896818,0.011536388562158214,0.01057312641498818,0.007141478002758664,0.017800436957875053,0.021670740079513123,0.03861803432395534,0.006632997261929418,0.414148834257213,0.007825098245064752,0.009840328409509179,0.006484035754924749,0.023157814324122287,0.00862300054687304,0.006524507062977803,0.024981235344355954,0.04388696885570478,0.008222926653718387,0.00515766193360221,0.00819801886992535,0.02236991745824896,0.017826943309861468,0.0057018357397174545,0.01080675211723033,0.009329952029918511,0.01509467200696577,0.006043337666693685,0.00658601114311287,0.014806231863595223,0.010050191413253891,0.007453537874503941,0.010263611538815278,0.008501182475390242,0.007236003907935429,0.009904500990346614,0.007504447435366338,0.01587603325022413,0.006960022534260955,0.0061850421395275345,0.008503637995967137,0.006116385781469012,0.01073666671487876,0.020534457286513843,0.008622086755061749,0.004571415893397941
2025-12-08,0.007291241234850758,0.011436599338572781,0.013365037438075964,0.014117789117971402,0.009785612625205628,0.005395211061896818,0.011536388562158214,0.01057312641498818,0.007141478002758664,0.017800436957875053,0.021670740079513123,0.03861803432395534,0.006632997261929418,0.414148834257213,0.007825098245064752,0.009840328409509179,0.006484035754924749,0.023157814324122287,0.00862300054687304,0.006524507062977803,0.024981235344355954,0.04388696885570478,0.008222926653718387,0.00515766193360221,0.00819801886992535,0.02236991745824896,0.017826943309861468,0.0057018357397174545,0.01080675211723033,0.009329952029918511,0.01509467200696577,0.006043337666693685,0.00658601114311287,0.014806231863595223,0.010050191413253891,0.007453537874503941,0.010263611538815278,0.008501182475390242,0.007236003907935429,0.009904500990346614,0.007504447435366338,0.01587603325022413,0.006960022534260955,0.0061850421395275345,0.008503637995967137,0.006116385781469012,0.01073666671487876,0.020534457286513843,0.008622086755061749,0.004571415893397941
2025-12-09,0.007291239535749194,0.011436712734426008,0.013365190175354216,0.014117945822989435,0.009785696283800698,0.005395482475192707,0.01153669891804178,0.010573686536856513,0.007142074931995498,0.017799763719922233,0.021670395745087816,0.038618303269671944,0.006633123053397951,0.4141418768640484,0.007825157550930406,0.009840388169531615,0.00648366889158488,0.023158390963272477,0.008623046192285811,0.006524785580343793,0.024981181025837077,0.04388675782040879,0.008223107722546339,0.0051576669161358096,0.008198091019332115,0.022370623036683634,0.01782703374103012,0.005701774892069969,0.010807078599597682,0.009330085564531566,0.015095341123723792,0.0060435275165303375,0.00658596777665613,0.014806655800406085,0.010050302065393648,0.007453569655397188,0.01026389026839881,0.008501000432145809,0.007236160358663797,0.009904666201280598,0.007504375605859215,0.01587642291434208,0.00696017498853337,0.00618539149407695,0.008503426059665907,0.006116637057546321,0.01073714025000042,0.020534986436760976,0.008621953523520149,0.004571382718441755
2025-12-10,0.007291236809925375,0.011436834139109668,0.013365356218214473,0.014118116964185945,0.009785786696833903,0.005395776018288829,0.011537035733551321,0.01057429299445062,0.007142721135740415,0.0177990331156921,0.02167002119995187,0.03861858873660894,0.006633258526470723,0.4141343621843277,0.007825222584001775,0.009840449825162944,0.006483271893864983,0.023159013175903926,0.008623094936254337,0.006525086732868739,0.024981119519565158,0.04388652578991323,0.008223303703095292,0.005157673393990397,0.00819816878921651,0.022371389367090443,0.01782713328427829,0.005701709758732483,0.010807432572825232,0.009330230738835044,0.015096067193362065,0.00604373349731034,0.006585920735220845,0.014807113118840549,0.010050421721373267,0.007453604558806563,0.010264191061638403,0.00850080400801128,0.007236330492310664,0.009904843264428552,0.007504297183338881,0.01587684519658041,0.006960339255627733,0.00618576931469599,0.0085031958098915,0.006116908089359035,0.010737653684807518,0.020535558179096802,0.008621810052567807,0.00457134704378114
2025-12-11,0.007291241214993288,0.011436600468402395,0.013365038957571919,0.014117790670456223,0.009785613457508061,0.005395213763672433,0.011536391635784264,0.01057313197189988,0.007141483932648636,0.017800430261639917,0.02167073667020719,0.03861803698815064,0.0066329985164215515,0.41414876505216025,0.007825098828631683,0.009840329010478988,0.006484032103461607,0.02315782006268273,0.008623001001220883,0.006524509831247995,0.02498123481100857,0.04388696677427963,0.008222928453974637,0.005157661977196842,0.008198019592010835,0.022369924439086152,0.017826944207660542,0.005701835128777118,0.010806755373881791,0.00932995336436778,0.015094678671527566,0.006043339552599452,0.006586010714218129,0.014806236084189303,0.010050192518438953,0.0074535381908744005,0.010263614316351196,0.008501180670835518,0.00723600545168904,0.009904502637579941,0.007504446719516642,0.015876037132592235,0.0069600240385818465,0.006185045616287113,0.00850363589786493,0.006116388275468366,0.010736671435306358,0.020534462566242372,0.008622085426713957,0.004571415561638132
2025-12-12,0.007291241206539819,0.011436600721421901,0.013365039290597038,0.014117790995941699,0.00978561362615548,0.005395214355982777,0.011536392310031509,0.010573133197901263,0.007141485231295364,0.017800428798721145,0.021670735918514074,0.03861803759076216,0.006632998792894473,0.41414874991516465,0.007825098958025394,0.009840329145702433,0.00648403130638071,0.02315782132987761,0.00862300109963911,0.006524510440440467,0.024981234700615754,0.04388696639641368,0.008222928844581869,0.005157661985627387,0.008198019750476064,0.02236992597567167,0.017826944402826235,0.0057018349947204625,0.010806756086001873,0.0093299536489833,0.015094680087944384,0.0060433399620869075,0.006586010614576797,0.014806237004700944,0.010050192759505978,0.007453538255120073,0.010263614925769394,0.008501180269070851,0.007236005793730491,0.009904502992762066,0.007504446562298445,0.015876037979149712,0.0069600243740598556,0.006185046372352334,0.008503635428667396,0.006116388826617434,0.010736672442787362,0.020534463709011457,0.00862208513366203,0.004571415488218631
2025-12-15,0.007291240961531996,0.011436598329373174,0.013365038418287662,0.014117788687364942,0.009785614666642052,0.005395212172978791,0.011536388473517435,0.010573128470546018,0.007141481775549361,0.017800438462320944,0.021670747784160883,0.0386180391163982,0.006632998681199898,0.41414881198261255,0.007825098520173749,0.009840328865442387,0.006484033798375788,0.023157811310075056,0.008622999159551836,0.006524508367888173,0.024981233413307945,0.043886969703810515,0.008222927622478995,0.005157661942007366,0.008198019410100229,0.02236991536967594,0.017826937826839157,0.005701834976368337,0.010806753669688867,0.00932995219718393,0.015094679250353977,0.0060433356447273726,0.006586009858101548,0.014806235996959332,0.010050192140989888,0.007453538351740995,0.010263614786393625,0.00850118324732979,0.007236002888652385,0.009904500729758871,0.007504445578022251,0.01587603468073876,0.006960021745073139,0.006185042521144341,0.008503637518807994,0.006116386922157791,0.010736665912433132,0.02053445566573416,0.008622087222804536,0.004571415202623875
2025-12-16,0.007288380289352157,0.011417384955984523,0.01331785573781462,0.01410429618231496,0.00975267139017485,0.005387986345284718,0.011514953172144042,0.010556250031165147,0.007133886654316246,0.017762215553703133,0.021673092457261005,0.038611877885608936,0.006619887303652401,0.4150007431935966,0.0078057918662424244,0.009812935844760354,0.006478689408512546,0.023209823443127397,0.008619718042533359,0.006522279270279434,0.024904046636975985,0.04375072159106952,0.00820654162104387,0.005147908192165907,0.008202358490726544,0.022329949099667273,0.017808502069320352,0.00569363211604405,0.010812417910843912,0.00931069057951757,0.01507966050823274,0.006036462480708949,0.006551974319433276,0.014831369400080407,0.010004310972017176,0.0074564211217122,0.010285366904354437,0.008503404710042035,0.007220550488660979,0.009908556778652265,0.007519721176812907,0.0158218032108914,0.006946822790519548,0.006175077270123019,0.008480906301983447,0.0060876063886871595,0.010694143580665777,0.020459641725199637,0.00861871992736913,0.004559992608649752
2025-12-17,0.00728646157880416,0.011431643797790412,0.013328942449418452,0.014141490663251566,0.009758433637443272,0.005415671069169115,0.011542981305284179,0.010601958637080152,0.0071785861628911535,0.017713958543985567,0.021631837403218977,0.03862839788814153,0.006639893536986067,0.4141887909035115,0.007819606314729893,0.009820698934818933,0.006460082314944732,0.023278999264364428,0.00862826771022835,0.006547948259233948,0.024900056027177823,0.04378606249424332,0.008217598815051276,0.005156432416916378,0.008216671295283145,0.022393735214676375,0.01782668256724016,0.005688668942555147,0.01084449154764963,0.009325560180514123,0.01514409205111676,0.006057928474347424,0.006556275464548555,0.014857215396777933,0.010012806993899526,0.007472666425230255,0.010306561596283228,0.00848989899659916,0.007244443526579328,0.009912309133189481,0.0075202037516556635,0.015860986014505044,0.006963742742900564,0.006208765461509293,0.008466406111736697,0.006107627631840607,0.01072964693212378,0.020513114662919434,0.0086106126265034,0.004564086129130051
2025-12-18,0.007257311463882404,0.011392786422254398,0.013362093911975712,0.014130963800759663,0.009774354750101341,0.00540999993379916,0.011500240902822373,0.01061736319369172,0.007198234690381338,0.017751774509351392,0.021681691890000514,0.03866181224559516,0.006662257245004977,0.4148113102283755,0.007800564599772419,0.009826728757717609,0.006438470084412976,0.023165237765225322,0.008608570997036314,0.0065409282823057045,0.024823160065639928,0.043750763272046515,0.008214996635350665,0.0051523069373962185,0.008206049430211514,0.02230665800937336,0.017735914472572483,0.005672521054689221,0.010832166281510574,0.009311224054348883,0.01519600797654625,0.00602617043693233,0.006537667928698758,0.014894323229278474,0.010030973903652629,0.0074852723389088665,0.010317356387934044,0.008481099309633007,0.007216352922579718,0.009905449624212009,0.00750655846093974,0.01585331376302057,0.006910044470477773,0.006188220860581763,0.008487688038230141,0.006092431565333054,0.010666745234141193,0.020450827475154143,0.00860657529346934,0.004548464892671038
2025-12-19,0.007257293457320641,0.011385627831610024,0.01342702722142018,0.01415901509504188,0.009767531452024667,0.005414437890425636,0.01154427093418415,0.010630534464523332,0.007212587085910762,0.017729474998732647,0.021607261808274412,0.03860504199907958,0.006668860030262907,0.4142677157723888,0.007842688299000334,0.009844096060839854,0.006430974311654562,0.023099954892039268,0.008601287142984025,0.006528204330651472,0.024899960301665948,0.04381578342971455,0.008217811295414101,0.0051570780457153255,0.008191979074487508,0.02237232080876823,0.017783131233030852,0.005682318074760197,0.010833247591833423,0.009338255864479767,0.01519386143613847,0.006053283968920055,0.006574150314043472,0.014847903848294514,0.01007830500830322,0.007478538759019715,0.010263754302845844,0.008472457573513417,0.007247486423849009,0.00990679198121538,0.007496938720891596,0.01590316322966212,0.006933286387952223,0.006201228702098412,0.008496016639832567,0.006118320335958328,0.01072792612768262,0.020530682116114432,0.008609823336027875,0.004550309989397639
2025-12-22,0.007262372955055061,0.01138449834839845,0.013373163778645211,0.0141425619731584,0.009728462709661526,0.0053949573151979785,0.011511876949750383,0.01059769684062873,0.007172186855785703,0.017701920742347756,0.021601891548448066,0.03857571080841824,0.006641944105017279,0.4153255609107668,0.007812192290353647,0.00982270338294146,0.006444564938897883,0.023162325138474712,0.008611481262978471,0.006511982650907173,0.024830253675801658,0.043681501661175924,0.008190642095466756,0.0051459000732536455,0.00819520750631292,0.022331858420542503,0.0177591882333471,0.005680838159163285,0.010811701840427297,0.009313500232885626,0.015127597381836602,0.006045517074876366,0.006546402815089184,0.014839953377865379,0.010022743388314732,0.007477406462940827,0.010274686814375258,0.00847962638437887,0.007227341374005727,0.009908479263703572,0.007530283578719849,0.015837448124480336,0.006920640272773988,0.006184285713156926,0.00847966433886008,0.0060858684287252475,0.010662850622510012,0.020472583216701853,0.008611904730917469,0.004544069231558092
2025-12-23,0.00725429585178156,0.011383871155588367,0.013407004557889776,0.014129820155811145,0.009754109284968624,0.005390144672741323,0.011516733784704657,0.010598140954521969,0.00715459863076701,0.017770728915137306,0.021607848717379075,0.038602729279159774,0.006642504921640618,0.4150442450417724,0.007817486730280225,0.009843057169036249,0.006460941315760797,0.023073624406110087,0.008606205829656875,0.006502339383087143,0.024887341077223,0.043789723223348564,0.008198862340771855,0.005150950486219019,0.008183886887625204,0.022295681639741338,0.017759682304548528,0.005689335892798067,0.010798020778382121,0.009326660155866863,0.015114048578200978,0.0060310933922412555,0.006573826293290277,0.014806906993967615,0.010057652531425418,0.007464185254173336,0.010240704179733794,0.008480095469184653,0.007228407911636323,0.00989855527872485,0.00751754302931634,0.015866269292844647,0.006922810476432096,0.006173740829014259,0.00851408495366639,0.006097028641384297,0.010681778251440077,0.020519387329987034,0.008619940205205207,0.004551365563811657
2025-12-24,0.007253787540023259,0.011384397674287996,0.01341578680969589,0.014132163276892887,0.009758697476187024,0.005392444623010997,0.011521312085810524,0.010601973515613324,0.007157506588031002,0.017779282557758375,0.021609659495325336,0.03860823516550635,0.006645496856580854,0.4148797902547904,0.007821696624980138,0.009846921942871309,0.006461302404471961,0.023064711760907793,0.008605225810840306,0.00650352728224055,0.024899022543201234,0.04381705894113895,0.008202996910790534,0.005152897262721277,0.008183002914755714,0.022301228411859116,0.017763667464074512,0.005689908425718579,0.010798840140797468,0.009330416275639816,0.015119395402279648,0.006031407490323965,0.006579552449686599,0.014805555642471652,0.010065936285878362,0.007464086402149491,0.010236877584735399,0.008479129690539634,0.0072309278431927256,0.009898790242449676,0.007513096566996288,0.01587590153381711,0.006925029441473745,0.0061750763029040446,0.00851828792320997,0.006101078283353645,0.010689524313007475,0.020533525329823506,0.008620912611106623,0.004552949624077002
2025-12-26,0.007253786708786765,0.01138439850347311,0.013415803326789042,0.014132167603194213,0.009758705607723645,0.005392448974447219,0.011521320615740053,0.010601980542901285,0.007157512095480375,0.017779298154909154,0.021609663318301678,0.03860824577116629,0.006645502259397472,0.4148794844127442,0.00782170438632394,0.009846928825053072,0.006461302905170132,0.02306469627239742,0.008605223738808374,0.006503529577533974,0.024899043528259567,0.043817108847339935,0.008203004893879784,0.0051529008137794615,0.00818300133687204,0.022301240062719472,0.017763675222349336,0.005689909444246368,0.010798841603680383,0.009330423235653449,0.0151194054801668,0.006031408051796664,0.006579562946152349,0.014805553676971487,0.010065951688002886,0.007464086276718654,0.010236870538816225,0.008479127824573959,0.007230932338062121,0.009898791216951855,0.007513088124673711,0.015875918957991855,0.006925033478539655,0.006175078752573621,0.008518295292877233,0.006101085578889606,0.010689538499019345,0.02053355178613823,0.00862091444133323,0.004552952460629373
2025-12-29,0.007253786716981147,0.01138439850838181,0.013415803329450027,0.014132167602706884,0.009758705614203507,0.00539244897300574,0.011521320618025273,0.010601980540067224,0.007157512100233021,0.017779298166714756,0.021609663322587888,0.03860824574286739,0.0066455022638101414,0.41487948430184096,0.007821704387875352,0.00984692882700618,0.006461302903442934,0.023064696298452904,0.008605223744522314,0.00650352957882393,0.024899043533198214,0.04381710885603093,0.008203004895506825,0.005152900814801523,0.008183001338495113,0.022301240067142857,0.017763675225872706,0.005689909442725374,0.0107988416007937,0.009330423237504111,0.015119405483165685,0.006031408052992976,0.006579562944393538,0.01480555367301375,0.010065951689999438,0.007464086274723397,0.010236870545613591,0.008479127822307368,0.0072309323394963545,0.009898791223524734,0.007513088124414633,0.015875918953747997,0.006925033486362654,0.00617507875379843,0.00851829529456681,0.006101085582940778,0.010689538511094991,0.020533551790210998,0.008620914439028736,0.004552952461532438
2025-12-30,0.007253786716981147,0.01138439850838181,0.013415803329450027,0.014132167602706884,0.009758705614203507,0.00539244897300574,0.011521320618025273,0.010601980540067224,0.007157512100233021,0.017779298166714756,0.021609663322587888,0.03860824574286739,0.0066455022638101414,0.41487948430184096,0.007821704387875352,0.00984692882700618,0.006461302903442934,0.023064696298452904,0.008605223744522314,0.00650352957882393,0.024899043533198214,0.04381710885603093,0.008203004895506825,0.005152900814801523,0.008183001338495113,0.022301240067142857,0.017763675225872706,0.005689909442725374,0.0107988416007937,0.009330423237504111,0.015119405483165685,0.006031408052992976,0.006579562944393538,0.01480555367301375,0.010065951689999438,0.007464086274723397,0.010236870545613591,0.008479127822307368,0.0072309323394963545,0.009898791223524734,0.007513088124414633,0.015875918953747997,0.006925033486362654,0.00617507875379843,0.00851829529456681,0.006101085582940778,0.010689538511094991,0.020533551790210998,0.008620914439028736,0.004552952461532438
2025-12-31,0.007253786716981147,0.01138439850838181,0.013415803329450027,0.014132167602706884,0.009758705614203507,0.00539244897300574,0.011521320618025273,0.010601980540067224,0.007157512100233021,0.017779298166714756,0.021609663322587888,0.03860824574286739,0.0066455022638101414,0.41487948430184096,0.007821704387875352,0.00984692882700618,0.006461302903442934,0.023064696298452904,0.008605223744522314,0.00650352957882393,0.024899043533198214,0.04381710885603093,0.008203004895506825,0.005152900814801523,0.008183001338495113,0.022301240067142857,0.017763675225872706,0.005689909442725374,0.0107988416007937,0.009330423237504111,0.015119405483165685,0.006031408052992976,0.006579562944393538,0.01480555367301375,0.010065951689999438,0.007464086274723397,0.010236870545613591,0.008479127822307368,0.0072309323394963545,0.009898791223524734,0.007513088124414633,0.015875918953747997,0.006925033486362654,0.00617507875379843,0.00851829529456681,0.006101085582940778,0.010689538511094991,0.020533551790210998,0.008620914439028736,0.004552952461532438
2026-01-02,0.007253786716981147,0.01138439850838181,0.013415803329450027,0.014132167602706884,0.009758705614203507,0.00539244897300574,0.011521320618025273,0.010601980540067224,0.007157512100233021,0.017779298166714756,0.021609663322587888,0.03860824574286739,0.0066455022638101414,0.41487948430184096,0.007821704387875352,0.00984692882700618,0.006461302903442934,0.023064696298452904,0.008605223744522314,0.00650352957882393,0.024899043533198214,0.04381710885603093,0.008203004895506825,0.005152900814801523,0.008183001338495113,0.022301240067142857,0.017763675225872706,0.005689909442725374,0.0107988416007937,0.009330423237504111,0.015119405483165685,0.006031408052992976,0.006579562944393538,0.01480555367301375,0.010065951689999438,0.007464086274723397,0.010236870545613591,0.008479127822307368,0.0072309323394963545,0.009898791223524734,0.007513088124414633,0.015875918953747997,0.006925033486362654,0.00617507875379843,0.00851829529456681,0.006101085582940778,0.010689538511094991,0.020533551790210998,0.008620914439028736,0.004552952461532438
2026-01-05,0.007253786716981147,0.01138439850838181,0.013415803329450027,0.014132167602706884,0.009758705614203507,0.00539244897300574,0.011521320618025273,0.010601980540067224,0.007157512100233021,0.017779298166714756,0.021609663322587888,0.03860824574286739,0.0066455022638101414,0.41487948430184096,0.007821704387875352,0.00984692882700618,0.006461302903442934,0.023064696298452904,0.008605223744522314,0.00650352957882393,0.024899043533198214,0.04381710885603093,0.008203004895506825,0.005152900814801523,0.008183001338495113,0.022301240067142857,0.017763675225872706,0.005689909442725374,0.0107988416007937,0.009330423237504111,0.015119405483165685,0.006031408052992976,0.006579562944393538,0.01480555367301375,0.010065951689999438,0.007464086274723397,0.010236870545613591,0.008479127822307368,0.0072309323394963545,0.009898791223524734,0.007513088124414633,0.015875918953747997,0.006925033486362654,0.00617507875379843,0.00851829529456681,0.006101085582940778,0.010689538511094991,0.020533551790210998,0.008620914439028736,0.004552952461532438
2026-01-06,0.007253786716981147,0.01138439850838181,0.013415803329450027,0.014132167602706884,0.009758705614203507,0.00539244897300574,0.011521320618025273,0.010601980540067224,0.007157512100233021,0.017779298166714756,0.021609663322587888,0.03860824574286739,0.0066455022638101414,0.41487948430184096,0.007821704387875352,0.00984692882700618,0.006461302903442934,0.023064696298452904,0.008605223744522314,0.00650352957882393,0.024899043533198214,0.04381710885603093,0.008203004895506825,0.005152900814801523,0.008183001338495113,0.022301240067142857,0.017763675225872706,0.005689909442725374,0.0107988416007937,0.009330423237504111,0.015119405483165685,0.006031408052992976,0.006579562944393538,0.01480555367301375,0.010065951689999438,0.007464086274723397,0.010236870545613591,0.008479127822307368,0.0072309323394963545,0.009898791223524734,0.007513088124414633,0.015875918953747997,0.006925033486362654,0.00617507875379843,0.00851829529456681,0.006101085582940778,0.010689538511094991,0.020533551790210998,0.008620914439028736,0.004552952461532438
2026-01-07,0.007253786716981147,0.01138439850838181,0.013415803329450027,0.014132167602706884,0.009758705614203507,0.00539244897300574,0.011521320618025273,0.010601980540067224,0.007157512100233021,0.017779298166714756,0.021609663322587888,0.03860824574286739,0.0066455022638101414,0.41487948430184096,0.007821704387875352,0.00984692882700618,0.006461302903442934,0.023064696298452904,0.008605223744522314,0.00650352957882393,0.024899043533198214,0.04381710885603093,0.008203004895506825,0.005152900814801523,0.008183001338495113,0.022301240067142857,0.017763675225872706,0.005689909442725374,0.0107988416007937,0.009330423237504111,0.015119405483165685,0.006031408052992976,0.006579562944393538,0.01480555367301375,0.010065951689999438,0.007464086274723397,0.010236870545613591,0.008479127822307368,0.0072309323394963545,0.009898791223524734,0.007513088124414633,0.015875918953747997,0.006925033486362654,0.00617507875379843,0.00851829529456681,0.006101085582940778,0.010689538511094991,0.020533551790210998,0.008620914439028736,0.004552952461532438
2026-01-08,0.007291241234850758,0.011436599338572781,0.013365037438075964,0.014117789117971402,0.009785612625205628,0.005395211061896818,0.011536388562158214,0.01057312641498818,0.007141478002758664,0.017800436957875053,0.021670740079513123,0.03861803432395534,0.006632997261929418,0.414148834257213,0.007825098245064752,0.009840328409509179,0.006484035754924749,0.023157814324122287,0.00862300054687304,0.006524507062977803,0.024981235344355954,0.04388696885570478,0.008222926653718387,0.00515766193360221,0.00819801886992535,0.02236991745824896,0.017826943309861468,0.0057018357397174545,0.01080675211723033,0.009329952029918511,0.01509467200696577,0.006043337666693685,0.00658601114311287,0.014806231863595223,0.010050191413253891,0.007453537874503941,0.010263611538815278,0.008501182475390242,0.007236003907935429,0.009904500990346614,0.007504447435366338,0.01587603325022413,0.006960022534260955,0.0061850421395275345,0.008503637995967137,0.006116385781469012,0.01073666671487876,0.020534457286513843,0.008622086755061749,0.004571415893397941
2026-01-09,0.007291241234850758,0.011436599338572781,0.013365037438075964,0.014117789117971402,0.009785612625205628,0.005395211061896818,0.011536388562158214,0.01057312641498818,0.007141478002758664,0.017800436957875053,0.021670740079513123,0.03861803432395534,0.006632997261929418,0.414148834257213,0.007825098245064752,0.009840328409509179,0.006484035754924749,0.023157814324122287,0.00862300054687304,0.006524507062977803,0.024981235344355954,0.04388696885570478,0.008222926653718387,0.00515766193360221,0.00819801886992535,0.02236991745824896,0.017826943309861468,0.0057018357397174545,0.01080675211723033,0.009329952029918511,0.01509467200696577,0.006043337666693685,0.00658601114311287,0.014806231863595223,0.010050191413253891,0.007453537874503941,0.010263611538815278,0.008501182475390242,0.007236003907935429,0.009904500990346614,0.007504447435366338,0.01587603325022413,0.006960022534260955,0.0061850421395275345,0.008503637995967137,0.006116385781469012,0.01073666671487876,0.020534457286513843,0.008622086755061749,0.004571415893397941
2026-01-12,0.007291241222582756,0.011436599345957844,0.013365037440482716,0.014117789133661919,0.009785612629246192,0.005395211066636888,0.011536388564235663,0.010573126421815663,0.007141477994068159,0.01780043695279155,0.021670740083415546,0.0386180343309096,0.0066329972569464145,0.41414883413893905,0.007825098257405417,0.009840328392952168,0.006484035753073018,0.023157814339076196,0.008623000548425854,0.006524507064152724,0.024981235331405338,0.04388696886360786,0.008222926662857353,0.005157661924924098,0.008198018882854135,0.022369917462277292,0.017826943329674345,0.005701835736097762,0.01080675211917639,0.009329952035943227,0.015094672016712994,0.006043337673410254,0.006586011141232016,0.01480623187315619,0.010050191424423678,0.007453537879316985,0.010263611540663528,0.00850118248087979,0.007236003902499421,0.009904500982905911,0.0075044474332231935,0.01587603327526162,0.006960022532273289,0.006185042152161864,0.008503637989578825,0.006116385783994521,0.010736666716812199,0.020534457271087443,0.008622086750591939,0.004571415894221153
2026-01-13,0.007291241234850758,0.011436599338572781,0.013365037438075964,0.014117789117971402,0.009785612625205628,0.005395211061896818,0.011536388562158214,0.01057312641498818,0.007141478002758664,0.017800436957875053,0.021670740079513123,0.03861803432395534,0.006632997261929418,0.414148834257213,0.007825098245064752,0.009840328409509179,0.006484035754924749,0.023157814324122287,0.00862300054687304,0.006524507062977803,0.024981235344355954,0.04388696885570478,0.008222926653718387,0.00515766193360221,0.00819801886992535,0.02236991745824896,0.017826943309861468,0.0057018357397174545,0.01080675211723033,0.009329952029918511,0.01509467200696577,0.006043337666693685,0.00658601114311287,0.014806231863595223,0.010050191413253891,0.007453537874503941,0.010263611538815278,0.008501182475390242,0.007236003907935429,0.009904500990346614,0.007504447435366338,0.01587603325022413,0.006960022534260955,0.0061850421395275345,0.008503637995967137,0.006116385781469012,0.01073666671487876,0.020534457286513843,0.008622086755061749,0.004571415893397941
2026-01-14,0.007291241234850758,0.011436599338572781,0.013365037438075964,0.014117789117971402,0.009785612625205628,0.005395211061896818,0.011536388562158214,0.01057312641498818,0.007141478002758664,0.017800436957875053,0.021670740079513123,0.03861803432395534,0.006632997261929418,0.414148834257213,0.007825098245064752,0.009840328409509179,0.006484035754924749,0.023157814324122287,0.00862300054687304,0.006524507062977803,0.024981235344355954,0.04388696885570478,0.008222926653718387,0.00515766193360221,0.00819801886992535,0.02236991745824896,0.017826943309861468,0.0057018357397174545,0.01080675211723033,0.009329952029918511,0.01509467200696577,0.006043337666693685,0.00658601114311287,0.014806231863595223,0.010050191413253891,0.007453537874503941,0.010263611538815278,0.008501182475390242,0.007236003907935429,0.009904500990346614,0.007504447435366338,0.01587603325022413,0.006960022534260955,0.0061850421395275345,0.008503637995967137,0.006116385781469012,0.01073666671487876,0.020534457286513843,0.008622086755061749,0.004571415893397941
2026-01-15,0.00728755365240704,0.011454588382196427,0.013370562844404002,0.01413247807133277,0.00978677905478993,0.0053964423490894635,0.011529709248645856,0.01057596113418661,0.007141345540445418,0.017794243672116204,0.02164890389409542,0.03863547801984879,0.0066289973845158525,0.4143012807398726,0.00783763419610587,0.009819185492856613,0.006482864009086523,0.023153894118129997,0.008611053997588942,0.006521879362412898,0.024968103806849166,0.043884420532433285,0.008226869601967028,0.0051484569839196255,0.008201424351680031,0.022375999578435866,0.017819941680972878,0.005692444804365239,0.010798167044412117,0.00932622548529261,0.015083564121838675,0.006046492138207555,0.006575975956582571,0.014807884415908263,0.010050334871959445,0.007448208020713067,0.0102512449590537,0.00849769080092114,0.007230143542923656,0.009900614636619811,0.007499173863398115,0.015875887999407822,0.006953775102717342,0.006187790601407569,0.00848672844477382,0.006119704388005811,0.010729577095265851,0.02050899145109953,0.008623702077197303,0.0045696264775437895
2026-01-16,0.007282297161708394,0.011474389831079724,0.013375938761150572,0.01415444494511978,0.009789613453532624,0.005398921036576904,0.011515218701731863,0.010580647796151322,0.007143779403498598,0.017781452489439718,0.02163170792403152,0.038654535012434266,0.0066205393153949375,0.41451294269459493,0.00785082290739316,0.009794117231703127,0.006482783964243024,0.023154335689066854,0.0085922158298066,0.006516371042650623,0.02495068342526034,0.04386118951787953,0.008231855880795622,0.005137562043610016,0.008204475402592438,0.02238550050622936,0.01781707444796137,0.005680500233679526,0.010786985848815598,0.009319952284206963,0.015071047894268353,0.006053266119857165,0.006560404785654282,0.014814947339256566,0.01004548957303917,0.0074419531334895235,0.010229553028783247,0.008493000628559852,0.007224540580762213,0.009898288256126065,0.007492913026098017,0.015870609108448373,0.006942343703865257,0.00619313506954587,0.008461047639386972,0.006121377554425367,0.010720088568262075,0.020485997733528806,0.008628421428589743,0.0045687200457136725
2026-01-19,0.007282292937831921,0.011474403447734347,0.013375942083620099,0.01415446294508621,0.009789616359288524,0.005398923299029431,0.01151520484807121,0.010580651843270217,0.007143782332276862,0.01778144056950037,0.02163169880204776,0.03865454792587863,0.006620531245576521,0.4145131199698254,0.007850831946119137,0.009794098616675196,0.006482784487749944,0.023154338831143765,0.008592199903259346,0.0065163656911971036,0.02495066967953022,0.043861161299797,0.008231859654318012,0.005137554130673524,0.00820447713869432,0.022385508537100668,0.017817074235703216,0.005680491085741308,0.010786976759134256,0.009319946531255122,0.015071038605358363,0.006053272553471955,0.006560391776007812,0.014814955023888023,0.010045483054143088,0.007441948380365579,0.01022953381479932,0.008492996934390174,0.0072245370228528685,0.009898287102277102,0.007492908379992635,0.01587060247501396,0.006942333638340288,0.006193139641735709,0.008461026105112417,0.006121377655380048,0.010720081192271469,0.020485983828864324,0.008628426010695807,0.004568719667909307
2026-01-20,0.007282292951158135,0.011474403393927307,0.013375942064496762,0.014154462890246114,0.00978961634529249,0.005398923291310692,0.01151520489059217,0.010580651814594007,0.007143782325390111,0.017781440610319603,0.021631698841632633,0.03865454785261502,0.006620531276189295,0.41451311957022646,0.007850831901992492,0.009794098671083743,0.006482784481500409,0.023154338830386676,0.008592199946990006,0.00651636570919055,0.024950669730997917,0.04386116142090952,0.008231859642549076,0.005137554144859699,0.008204477123144024,0.022385508473824325,0.017817074235120644,0.005680491115313898,0.010786976788920013,0.009319946548310136,0.015071038611883575,0.0060532725307238305,0.00656039181550727,0.01481495499580861,0.010045483081881381,0.007441948390518527,0.010229533876390312,0.008492996943010908,0.0072245370394375796,0.009898287101953453,0.007492908388470529,0.015870602481885352,0.006942333673673828,0.006193139627113681,0.00846102616787532,0.006121377652329405,0.010720081211888655,0.0204859838663526,0.008628425990324057,0.004568719669887396
2026-01-21,0.007282292970391659,0.01147440348835099,0.013375942199482975,0.014154463044623514,0.009789616407617358,0.005398923418703112,0.01151520496390287,0.010580652139390695,0.007143782610384445,0.01778144038403856,0.02163169875774226,0.03865454806270648,0.006620531312172568,0.4145131160324667,0.007850831944662576,0.009794098669586892,0.006482784337117501,0.023154339042489536,0.008592199953678952,0.006516365814399314,0.0249506697736589,0.04386116141420612,0.008231859737122444,0.005137554124935635,0.008204477150543923,0.022385508866517564,0.017817074348551724,0.005680491037735378,0.010786976897779122,0.009319946620664701,0.015071038855210214,0.006053272625637036,0.006560391774790664,0.014814955159114433,0.010045483169224169,0.007441948396312014,0.01022953394627938,0.008492996852728559,0.007224537102252996,0.009898287208758032,0.007492908352433799,0.015870602671608273,0.006942333756664993,0.006193139790549779,0.0084610260247432,0.006121377765413407,0.010720081379975797,0.0204859839967751,0.008628425980969509,0.004568719664934199
2026-01-22,0.007285541026687677,0.011474339201836325,0.013396233960868403,0.014178782882217314,0.00979857571708966,0.005421386169926562,0.011538994007515964,0.01064083604048584,0.007201623624505449,0.017730964037125072,0.021614469167584593,0.03866508794289162,0.006632140662562728,0.41375637897322104,0.007854896272310962,0.009799836150119003,0.006448388613611136,0.02321100902524374,0.008601073340711722,0.00653711226694119,0.024959918310464773,0.0438560482578496,0.008247874450958466,0.0051408588870436285,0.00821138805448208,0.02246307725423799,0.017841386887802513,0.00567410273991242,0.010818408052837285,0.009338072627581274,0.015130745131582374,0.006067287509589932,0.006561681919614028,0.01484571552101711,0.010067050458445451,0.0074445277395678265,0.010255965528158202,0.008478142296384314,0.00724365174363346,0.009913523690521503,0.007490618988429674,0.01591260696105526,0.006963537913053132,0.006222674577452143,0.00844413558075465,0.006142730545561132,0.010760415037531721,0.02052577623143642,0.008623332379636925,0.004567075639948754
2026-01-23,0.0072851301266843235,0.011471918472560455,0.01339433697337942,0.014177596383754557,0.009798096821577201,0.0054215567079607735,0.011539387174973203,0.010640739674776408,0.007201430366699173,0.017731511978546895,0.02161601096079155,0.03866661143103296,0.006633170237155944,0.41376224261563904,0.007855713836870707,0.0097992730574288,0.0064478276129329585,0.02320977216773731,0.008601289727004148,0.006537132734869291,0.02496054528297576,0.043857696550254885,0.008249235535640557,0.005140757668811827,0.008211699026134724,0.022462247210302773,0.017840952081991816,0.0056744256320112995,0.01081770083048616,0.00933914683825663,0.015131449297244892,0.006067330643149491,0.00656138649352562,0.01484484428023878,0.010066775777693566,0.007444939221825971,0.01025513746945722,0.00847863381897594,0.007243103174908918,0.00991319088232466,0.007489235994917842,0.01591168242940918,0.0069634524173361675,0.006221900198362098,0.008443395306903807,0.006142191577572104,0.010760991574279373,0.020525853726762567,0.008622868743756241,0.0045664812521139546
2026-01-26,0.007285130126622981,0.011471918504516027,0.013394336973266635,0.014177596421596434,0.009798096835182481,0.005421556711702036,0.01153938714263536,0.010640739689551752,0.0072014303699919615,0.01773151195362695,0.021616010940478058,0.038666611466718466,0.0066331702185672275,0.41376224290116465,0.007855713855095068,0.009799273027685863,0.0064478276008686514,0.023209772189157662,0.008601289690884133,0.006537132710461528,0.024960545271142425,0.0438576965498856,0.008249235535571095,0.005140757649617725,0.008211699035625256,0.02246224725195283,0.01784095208184159,0.005674425605539915,0.010817700810245535,0.009339146816433596,0.015131449254840699,0.006067330657225007,0.00656138646597192,0.014844844300851789,0.010066775763545676,0.007444939211362823,0.010255137431167505,0.008478633818904548,0.0072431031647294305,0.009913190878779045,0.00748923598090499,0.01591168243297993,0.0069634524043070915,0.006221900202655655,0.008443395259651564,0.0061421915832407465,0.010760991544122899,0.02052585370747354,0.008622868749706638,0.00456648124994907
2026-01-27,0.00728513467196408,0.011471886056325244,0.013394324647633968,0.014177540003743324,0.009798088024170525,0.005421554320540228,0.011539441231107275,0.010640718692140694,0.007201419779401303,0.017731532685492095,0.021616014462061642,0.03866654970520166,0.006633195886195393,0.413761769765453,0.007855693025372819,0.009799321127238475,0.006447827318208091,0.023209751047399137,0.008601330996947409,0.006537153495107478,0.02496055639867418,0.04385777791162919,0.008249225420759681,0.005140786476123201,0.008211698121178753,0.022462224887432436,0.017840948043054895,0.005674460389303725,0.010817737144247443,0.009339161810764976,0.01513149716760362,0.006067316968160058,0.006561424361572283,0.014844821895928489,0.01006679258707901,0.007444958347742715,0.010255195485442518,0.008478646695316653,0.007243113137725055,0.0099131892012947,0.007489246451478835,0.015911698510455034,0.00696346740417886,0.006221891862378467,0.008443456987988587,0.006142191451267366,0.010761026720530502,0.02052590960193827,0.00862284931694052,0.004566482300106209
2026-01-28,0.0072851301325281646,0.011471918508472912,0.013394336971649375,0.014177596419884596,0.009798096838562033,0.005421556708522816,0.01153938714124207,0.010640739690744456,0.007201430372475872,0.01773151195148601,0.021616010957999574,0.03866661148005532,0.006633170217766325,0.4137622429475426,0.007855713854146552,0.00979927302650268,0.006447827606095133,0.02320977217554737,0.008601289689845595,0.0065371327157604,0.024960545273940215,0.04385769652416729,0.008249235534575065,0.0051407576489970195,0.008211699034633757,0.02246224724924069,0.017840952063071753,0.005674425610139493,0.010817700808939382,0.009339146819654847,0.015131449245967564,0.0060673306508417825,0.006561386456013532,0.014844844305972058,0.010066775762330192,0.007444939210463904,0.01025513744425554,0.008478633817880818,0.007243103157109216,0.009913190885660434,0.007489235981744447,0.015911682431058716,0.006963452403466309,0.006221900199007111,0.008443395258632089,0.006142191582499124,0.010760991542823593,0.020525853685879013,0.00862286875268083,0.004566481251524136
2026-01-29,0.007285130126622981,0.011471918504516027,0.013394336973266635,0.014177596421596434,0.009798096835182481,0.005421556711702036,0.01153938714263536,0.010640739689551752,0.0072014303699919615,0.01773151195362695,0.021616010940478058,0.038666611466718466,0.0066331702185672275,0.41376224290116465,0.007855713855095068,0.009799273027685863,0.0064478276008686514,0.023209772189157662,0.008601289690884133,0.006537132710461528,0.024960545271142425,0.0438576965498856,0.008249235535571095,0.005140757649617725,0.008211699035625256,0.02246224725195283,0.01784095208184159,0.005674425605539915,0.010817700810245535,0.009339146816433596,0.015131449254840699,0.006067330657225007,0.00656138646597192,0.014844844300851789,0.010066775763545676,0.007444939211362823,0.010255137431167505,0.008478633818904548,0.0072431031647294305,0.009913190878779045,0.00748923598090499,0.01591168243297993,0.0069634524043070915,0.006221900202655655,0.008443395259651564,0.0061421915832407465,0.010760991544122899,0.02052585370747354,0.008622868749706638,0.00456648124994907
2026-01-30,0.0072851047921664745,0.011472402358198084,0.013393769460196632,0.014176536982228575,0.009797761385251607,0.005420736168530486,0.011538608062217995,0.010638682062755003,0.007199379357142449,0.017733242778867533,0.02161670611165412,0.03866682917218208,0.0066325242870308235,0.41379050245103877,0.007855334032553491,0.00979914181308564,0.006449174580603768,0.023207204311030134,0.00860102045959146,0.0065365506363945355,0.024960319509604197,0.043857972217923494,0.008248585812194115,0.005140427294293604,0.008211224321541097,0.022459113128996264,0.01783984074328863,0.005674551869463983,0.010816326769501533,0.009338423277909083,0.015128883328125769,0.006066812535225269,0.006561166057320526,0.014843707037429035,0.010065944151615677,0.0074447268230981335,0.010254318483980314,0.00847904687478752,0.007242288344258298,0.009912813704010367,0.007489218562834495,0.01591032386368716,0.006962764239659775,0.006220922835337197,0.008444075438636508,0.0061415006853265215,0.010759414244153385,0.02052435830223715,0.008623086459925622,0.004566631820915752
2026-02-02,0.007281608858190684,0.011466021153431323,0.013363705433652825,0.014167842237522483,0.00978033308671598,0.005417874799242882,0.011526904294805664,0.01062732944329701,0.007196576490562795,0.017712788859023793,0.021604986861888345,0.03866982163936438,0.006627217308154534,0.4142543076402929,0.007841629311791288,0.009786545696412791,0.006451587710178656,0.02324119643481661,0.00860165296043828,0.0065332601613838906,0.024915671757476412,0.04379389950119404,0.008234578805396577,0.005136259356003807,0.00821875422076451,0.022430354459513715,0.01782807511350027,0.005670261354423558,0.010812917257701457,0.00932705811196746,0.015111689716160793,0.006068558585764667,0.006547288375271017,0.014847001840267344,0.010041545847294078,0.007446841059117332,0.010260422010052627,0.008478209263345726,0.007236345646402272,0.009910066571689797,0.007497438030330666,0.01587866354184714,0.006957281510654081,0.00621762554696534,0.008432740611754542,0.0061282331637728575,0.010738616615028885,0.020493087349655294,0.008623987328716264,0.004563337066800389
2026-02-03,0.007285121516318204,0.011471904849684224,0.01339424831693666,0.014177561727589978,0.009798047310101197,0.005421545334272286,0.011539354138358899,0.010640708507333991,0.00720141828721703,0.01773146355091884,0.02161598490933168,0.03866660082336883,0.006633152544060735,0.4137636297419658,0.007855674998412087,0.009799234765288363,0.006447834097943992,0.023209836970509826,0.008601292550198496,0.006537123039045185,0.024960430712204683,0.04385751427414075,0.00824919811662654,0.00514074443050913,0.008211716215852104,0.022462161585157462,0.017840916789211937,0.005674414647377751,0.010817690644228023,0.009339112294593808,0.01513138748073203,0.00606733612672341,0.006561346504378579,0.01484484295208487,0.010066713688570785,0.007444941509465382,0.010255154316518073,0.008478633721719446,0.0072430865194303565,0.009913178660355874,0.007489259198219349,0.015911594285794632,0.006963434841978731,0.006221890377591879,0.008443365743510515,0.006142155024188514,0.01076093718460245,0.02052575942553519,0.008622872182357102,0.004566472567484188
2026-02-04,0.007289956796636379,0.011444565097151659,0.013382749089442052,0.014140535112655622,0.009791853750367086,0.005419724762950303,0.011563623450997231,0.010623062065876893,0.007194133821488903,0.01774065432576839,0.02163686646469386,0.0386315432658875,0.006646302128707166,0.413514985452122,0.007837033374155374,0.009837536319543415,0.006451454788791671,0.023205260859721792,0.0086231130222231,0.006548171194077265,0.02497079814038053,0.04387290528672699,0.008241069136446129,0.005160643934800882,0.00820680578136241,0.022444837441019508,0.017845284305704676,0.00569609687877571,0.01083850237201011,0.009344320461228756,0.015160657581501544,0.006061812495866585,0.006582940168874473,0.014839715169271702,0.010064704529098564,0.007459132112736489,0.010283900271547436,0.008486710963029621,0.0072526710133945195,0.009915531148145121,0.007496793781435305,0.015911787701479017,0.006971113007123442,0.006216209882982815,0.008480521472125436,0.006136577289727178,0.010780832952679934,0.020572492510689745,0.008612290930167951,0.0045692161364096215
2026-02-05,0.007291182751428377,0.01143687645246236,0.013365797999017727,0.01411834552759223,0.009786259861492891,0.005396442777381513,0.011537595815394316,0.01057563855090034,0.007144400023712895,0.01779802907300821,0.021670593059482574,0.03861979109510321,0.006633705733522401,0.41411828077489204,0.007825379536227028,0.009840611234572276,0.00648229986290588,0.023159583207669403,0.008622953530124051,0.006525797676090606,0.024980702874441485,0.04388624837114677,0.00822378859205073,0.005157691654664743,0.0081983827042797,0.022372367217030658,0.01782645000968763,0.0057014877043270185,0.010808273584321185,0.009330501854293344,0.015098423324469697,0.006043766583045218,0.006585642479225937,0.014808524737928513,0.010050743123071996,0.007453738559743928,0.010265201072995252,0.008500596155895842,0.00723645976150771,0.009905091499901859,0.007503871764461926,0.01587777498281261,0.006960483949422177,0.006186460537641392,0.008502733103051767,0.006117536872332866,0.010738396697424702,0.02053627438478096,0.008621640513927671,0.0045711807871344325
2026-02-06,0.007288303186466104,0.011426245758415556,0.013368361482894836,0.01411177398981212,0.009800619312918809,0.005394901459268193,0.01152400297427625,0.010572187693671842,0.0071520755800043015,0.017829712518408904,0.021737600016656314,0.03864711452829075,0.006639550904623259,0.4142008684158366,0.007825673747773607,0.009840601729007347,0.006480914011245924,0.02311701317445396,0.008610251583036013,0.0065262632830603426,0.024968276865182465,0.04389801246381308,0.00822305654537027,0.005158819190941329,0.00820064629773058,0.022334158725558714,0.017785225668545946,0.00569870833601186,0.010805736853320978,0.009325397338407234,0.015130264023652801,0.006021590508430546,0.006577336235432168,0.014826022383115567,0.0100517074378596,0.007457256323218043,0.010280049523120605,0.008510307238676747,0.007224598651894954,0.00989674389707965,0.007490821383891374,0.015877884207077947,0.00694799353852059,0.006177130596307695,0.008506444726448523,0.006116930935779724,0.010714457645202737,0.02050409997999819,0.008628202179352127,0.004568084949936857
2026-02-09,0.007289831131125892,0.01143048917991206,0.013366732594199605,0.014113875594941904,0.009793397295047374,0.005395075391096664,0.0115299367576782,0.010572290556993073,0.007147258723984608,0.017817695977186958,0.0217089789020485,0.0386338516207572,0.0066367376472468475,0.4141792296106073,0.007825353329594689,0.009840799779892582,0.0064822313910048125,0.02313469324740099,0.00861602261547586,0.006525289513084929,0.0249738480254073,0.043893735748496275,0.008223377368489604,0.005157995772139971,0.008199239461630016,0.022349190053606086,0.01780259383680479,0.005699912341306266,0.010806810864668488,0.009327815758214349,0.015114157438957448,0.006031239619875765,0.00658118268914652,0.014816855011094818,0.010051176402161318,0.00745534432781721,0.010272627075756036,0.008506990202789222,0.0072292486314519695,0.00990024634298804,0.007497249990888188,0.015876107867020033,0.006953573538935136,0.006180490878013174,0.008505213463512334,0.0061166965185762345,0.010724423793248958,0.02051768649470556,0.008625926636063198,0.004569272986955526
2026-02-10,0.007279748190481907,0.011426176002631488,0.013368810255852008,0.014110748931722485,0.009819998558434895,0.005403748018256154,0.011503878523777804,0.01056612562528787,0.007164270888304651,0.01784169374458717,0.02180939706449019,0.03866552663932775,0.006642953466906932,0.41426947985176077,0.007824206099776283,0.009848558691604344,0.006485459719219541,0.023065866974154466,0.008601018082569089,0.006534004946135827,0.024969947091853035,0.043956379785277645,0.00821811218273817,0.0051638506335452946,0.00819121264092083,0.02230227553379449,0.01774749083636589,0.005701067216914213,0.010796328754999073,0.009311824034844157,0.01515916156234715,0.006000420800568625,0.006572157646496011,0.014828949819585328,0.01003588573990533,0.007465613743381347,0.01028536563887279,0.00851591675737299,0.007223844499130634,0.009884154603834803,0.00748200598957573,0.015883277562123647,0.006941029476076098,0.0061702791018681934,0.008501846359843423,0.006115980148937397,0.01069877851950327,0.02046189671689708,0.008617832100754886,0.004565444226390846
2026-02-11,0.007267474994701888,0.011437869483498503,0.013361670759344853,0.014111079965775913,0.009822733857169488,0.005418685979799935,0.011482150422225529,0.010554299490041661,0.007171274738776863,0.017837209622018808,0.021849949559184435,0.03864546610691549,0.006640238484768807,0.4144390572407665,0.007819702167110839,0.009865362520137916,0.006490643140681954,0.02303465610484009,0.008604015726984012,0.006539159274910903,0.024979024316492734,0.04401415092008664,0.008213550258572948,0.005165121700216772,0.008169110503706264,0.0222901376541375,0.017735262261393284,0.005702292910230029,0.0107873396231252,0.009295155016981424,0.01516097570338175,0.0059936221873628645,0.00657072532986655,0.01479833079441794,0.010009017760619037,0.007467754153718732,0.010268892061150784,0.008516632951794634,0.00723288148384477,0.009873306687191242,0.0074906460978043125,0.015886254007091555,0.006941158042430616,0.00616588316045073,0.008485008632140372,0.006110369197905497,0.01069130899829721,0.02043515368109674,0.008595833821013851,0.004562400443823533
2026-02-23,0.007267474994701888,0.011437869483498503,0.013361670759344853,0.014111079965775913,0.009822733857169488,0.005418685979799935,0.011482150422225529,0.010554299490041661,0.007171274738776863,0.017837209622018808,0.021849949559184435,0.03864546610691549,0.006640238484768807,0.4144390572407665,0.007819702167110839,0.009865362520137916,0.006490643140681954,0.02303465610484009,0.008604015726984012,0.006539159274910903,0.024979024316492734,0.04401415092008664,0.008213550258572948,0.005165121700216772,0.008169110503706264,0.0222901376541375,0.017735262261393284,0.005702292910230029,0.0107873396231252,0.009295155016981424,0.01516097570338175,0.0059936221873628645,0.00657072532986655,0.01479833079441794,0.010009017760619037,0.007467754153718732,0.010268892061150784,0.008516632951794634,0.00723288148384477,0.009873306687191242,0.0074906460978043125,0.015886254007091555,0.006941158042430616,0.00616588316045073,0.008485008632140372,0.006110369197905497,0.01069130899829721,0.02043515368109674,0.008595833821013851,0.004562400443823533
2026-02-24,0.007267474994701888,0.011437869483498503,0.013361670759344853,0.014111079965775913,0.009822733857169488,0.005418685979799935,0.011482150422225529,0.010554299490041661,0.007171274738776863,0.017837209622018808,0.021849949559184435,0.03864546610691549,0.006640238484768807,0.4144390572407665,0.007819702167110839,0.009865362520137916,0.006490643140681954,0.02303465610484009,0.008604015726984012,0.006539159274910903,0.024979024316492734,0.04401415092008664,0.008213550258572948,0.005165121700216772,0.008169110503706264,0.0222901376541375,0.017735262261393284,0.005702292910230029,0.0107873396231252,0.009295155016981424,0.01516097570338175,0.0059936221873628645,0.00657072532986655,0.01479833079441794,0.010009017760619037,0.007467754153718732,0.010268892061150784,0.008516632951794634,0.00723288148384477,0.009873306687191242,0.0074906460978043125,0.015886254007091555,0.006941158042430616,0.00616588316045073,0.008485008632140372,0.006110369197905497,0.01069130899829721,0.02043515368109674,0.008595833821013851,0.004562400443823533
2026-02-25,0.007285101426752837,0.011421273447544266,0.013372306684544262,0.014111111478077037,0.009815695208777602,0.005394575767845934,0.01151253400053053,0.01057404601501872,0.007160829234075022,0.01784680199474318,0.021782489442927228,0.03867399638847457,0.00664426781177287,0.4142053651360517,0.007826426263332962,0.009839471652387414,0.006479045025380451,0.023089413516722643,0.008600361014595489,0.006529245128398521,0.02496082547155079,0.043902221730314654,0.008221570323672437,0.005161341463998918,0.008204128812596478,0.022314133215279062,0.017762363959316567,0.005697131937068985,0.010801862969915064,0.009320134560249847,0.015159059043757497,0.006005490305953517,0.00657159195117601,0.014843176294482053,0.010051866295976385,0.007461408946147935,0.01029390531814771,0.008513300577544606,0.007218749345185891,0.009891094705952843,0.007478681927335277,0.015885161211287354,0.006938048354883104,0.006172542118353988,0.00850914714295092,0.006117997621042053,0.010698209805733548,0.020482255135896972,0.008630339360645188,0.004567903455631125
2026-02-26,0.007285101426752837,0.011421273447544266,0.013372306684544262,0.014111111478077037,0.009815695208777602,0.005394575767845934,0.01151253400053053,0.01057404601501872,0.007160829234075022,0.01784680199474318,0.021782489442927228,0.03867399638847457,0.00664426781177287,0.4142053651360517,0.007826426263332962,0.009839471652387414,0.006479045025380451,0.023089413516722643,0.008600361014595489,0.006529245128398521,0.02496082547155079,0.043902221730314654,0.008221570323672437,0.005161341463998918,0.008204128812596478,0.022314133215279062,0.017762363959316567,0.005697131937068985,0.010801862969915064,0.009320134560249847,0.015159059043757497,0.006005490305953517,0.00657159195117601,0.014843176294482053,0.010051866295976385,0.007461408946147935,0.01029390531814771,0.008513300577544606,0.007218749345185891,0.009891094705952843,0.007478681927335277,0.015885161211287354,0.006938048354883104,0.006172542118353988,0.00850914714295092,0.006117997621042053,0.010698209805733548,0.020482255135896972,0.008630339360645188,0.004567903455631125
2026-03-02,0.007288654707670045,0.011417846517847966,0.013373606513094997,0.014115567145727979,0.009813844628368068,0.005392004800808576,0.011520636631212154,0.010572463911667825,0.007161485133521961,0.01785240593815022,0.021797316178750224,0.03867051923970702,0.006641553146035877,0.4140844086927506,0.007826731455744832,0.009837093105230454,0.006478726953385607,0.023094192515919452,0.008601876011500118,0.006530499800093669,0.024967573665654184,0.043896577251671384,0.008225133676577024,0.005163083066424132,0.008203670170989531,0.022314909400193365,0.01777804506673859,0.005694735057507441,0.010808885101093724,0.009324753720949682,0.015164772963756937,0.006005153920746668,0.006573411251041796,0.014841186658088637,0.010053671401951405,0.007460911859686749,0.01030225379516007,0.00851823362831639,0.007223527617116344,0.009893228364675452,0.007480386532234423,0.015887176415768044,0.006942478308438441,0.006171811470030713,0.00851199157616771,0.006119592188974411,0.010702416128216763,0.020496107756930955,0.008635615811211358,0.004567273146499976
2026-03-03,0.007285524021748819,0.01142085412704864,0.01337244956841148,0.014111647102564321,0.009815467777458002,0.005394270465950551,0.011513508477915848,0.01057384481242328,0.007160900769456621,0.017847454451358886,0.021784220407276053,0.0386735879444471,0.0066439429330090415,0.41419135207953867,0.00782646379361439,0.009839182879627723,0.006479007461416619,0.023089972359970904,0.008600536360412274,0.0065293842558943604,0.02496161717387243,0.04390152485281643,0.008221979975499507,0.005161544048537748,0.008204067847234575,0.02231418922049799,0.017764184089333352,0.005696852843634434,0.010802699150118661,0.00932067371930554,0.015159732675711116,0.006005453581727455,0.006571795960950517,0.014842928977717324,0.010052085240506574,0.007461343184305948,0.010294879297860009,0.00851388061561945,0.007219313038540838,0.00989133131783942,0.007478884202928922,0.01588539346996785,0.006938577647559508,0.006172442975049345,0.008509475186284376,0.006118190740230534,0.010698717725651561,0.02048387603224827,0.008630970124095153,0.004567823034811413
2026-03-04,0.0073122503433778385,0.011405559955773569,0.013385146705314436,0.014134884697436836,0.0098053525671978,0.005379209709326412,0.01156899785791624,0.010578365560059602,0.007170479256905562,0.017895907557326885,0.021896934106827984,0.038656668741957466,0.006631533009647189,0.41309761342852624,0.007827297214826976,0.009827872805260799,0.006479270912216098,0.023131223554135365,0.008614667063213932,0.006543987581164424,0.025009355428842712,0.04387904506263608,0.008252603655608011,0.00517389317858963,0.008206590557798562,0.022348602283111977,0.017885305971993296,0.005678721003850484,0.010851600093822692,0.009357871119338623,0.015198090836069352,0.006007790908841164,0.0065903915349482065,0.01484034226770684,0.01006651975923947,0.007465446799123538,0.010358293763440442,0.008549442714323653,0.007251776326005862,0.00991720775496895,0.007488492176637966,0.015905862281713805,0.006969264932900743,0.006174199681863044,0.008535968270661352,0.006128909514525723,0.010733976044342898,0.020599336587609655,0.008664003572810778,0.004567873288262772
2026-03-05,0.007325888129309692,0.011395792174095512,0.01338779610373982,0.01405812011096678,0.009783772490542828,0.005387900634430256,0.011554907856583712,0.010605072829015206,0.007166953021690581,0.017926834159610314,0.021904166005807652,0.03870853938720879,0.006643690791795148,0.4127606092060839,0.007828164991944424,0.009840742461627045,0.006492380562122761,0.023112072845057483,0.008600601301877888,0.0065559922303101556,0.024992150916884257,0.043957625892885474,0.008248362808271096,0.005179725068707241,0.008222476494821674,0.022450981057947635,0.01785744247990156,0.005661840913207892,0.010859725901514163,0.009382742995587258,0.015166754396716898,0.006037860672193378,0.006594067712016684,0.014888222650097623,0.010077491825761252,0.007491797868261844,0.010377168437880063,0.008551442273406793,0.007235720546055851,0.009943893659579064,0.007493329471579985,0.015887551092495022,0.006974551327275521,0.0061636946776904965,0.008537280880093399,0.006125390581027354,0.010789121765536059,0.020615801095630604,0.00863166395178745,0.004564123291366621
2026-03-06,0.0073111857625353036,0.011406604829763764,0.013385365183891027,0.014139708958714624,0.009806715424092985,0.005378937046313229,0.011569190323524315,0.010576921085983602,0.007170720795068083,0.017893548651215896,0.02189614692085199,0.038654033604850445,0.006630812878664514,0.4131164003583617,0.007827116190618317,0.009827498645317633,0.006478429216263278,0.023132100182813194,0.008615319825690486,0.006543306570290535,0.025010076237683684,0.04387442670095855,0.008252821405667167,0.005173432828546206,0.008205439855306551,0.022343016422367155,0.017887127114524202,0.005679500153179271,0.010851123504137406,0.009356510523059934,0.015199543956265051,0.006006321080674522,0.006590255493795777,0.014837480197836704,0.010066167563147634,0.007464068010355743,0.010357172206255663,0.008549222133651845,0.007252751902053388,0.009916329154635991,0.007488418136920176,0.015907493559667574,0.006968721992865744,0.00617460976591341,0.008535789888066901,0.006129151081323702,0.01073031217461868,0.02059886496713803,0.008665551967023734,0.004568237567534615
2026-03-09,0.007326065596621064,0.011395744390989707,0.013387969723483197,0.014056897517195074,0.009783426230396393,0.005388101324201215,0.011554463450997081,0.010605515616278661,0.00716688785804758,0.017927199577010125,0.021904118927900226,0.038709609865368845,0.006643889396932736,0.41275490430817896,0.007828151582740065,0.00984107959377437,0.006492572576058516,0.023111625364811737,0.008600314272594478,0.0065561938007295826,0.024991780829063517,0.04395875150698866,0.00824827454570621,0.005179813750118982,0.00822268393411826,0.02245293204044034,0.017856998731689354,0.005661487378750354,0.010859868005270399,0.009383232568351763,0.015166097182132084,0.006038481677812839,0.006594153548119877,0.014889039721371749,0.010077830233514358,0.007492303776478063,0.010377467198078841,0.008551444258386852,0.007235437139932733,0.009944516602110156,0.007493462248687033,0.015887364081296197,0.006974560906535714,0.006163451219666795,0.008537257303449942,0.006125326373314912,0.01078994904899275,0.02061622126685324,0.008630978181490388,0.004564103766968265
2026-03-10,0.007326065595351045,0.011395744378401068,0.013387969721162308,0.014056897501666717,0.009783426228700372,0.005388101325776184,0.011554463448994043,0.010605515611970838,0.007166887860142497,0.01792719955720633,0.02190411892410301,0.038709609876683856,0.006643889389593371,0.4127549044288293,0.007828151585028273,0.009841079589777053,0.006492572574932987,0.023111625339280812,0.008600314271103561,0.006556193796540059,0.02499178082473104,0.04395875147889824,0.008248274548117222,0.00517981374680899,0.0082226839346073,0.022452932057458904,0.01785699872859373,0.005661487377768899,0.010859868018558833,0.00938323256672512,0.015166097183034076,0.0060384816823898044,0.006594153540835455,0.014889039722257262,0.010077830222381592,0.007492303775179224,0.010377467196279841,0.008551444248940252,0.007235437131939898,0.009944516593440048,0.007493462250877409,0.01588736407854202,0.006974560905326629,0.006163451221468402,0.008537257301969954,0.006125326372253048,0.010789949047122244,0.02061622129207982,0.008630978179994154,0.004564103766177049
2026-03-11,0.00732606548189,0.011395744525611625,0.013387967867974372,0.014056896681753944,0.009783423897249175,0.005388101420470136,0.011554464410705389,0.01060551333894735,0.007166884645419137,0.01792719500538537,0.02190410722728137,0.03870959644297493,0.006643886867344647,0.4127549569949405,0.007828150736560516,0.009841078225265011,0.006492572684502616,0.02311162879115915,0.008600315179164566,0.006556192791324503,0.024991782084410854,0.04395875167830066,0.008248275611053372,0.005179813075638163,0.008222684749190542,0.02245293118695035,0.017857000780324622,0.005661487738264738,0.010859867875653796,0.009383233649207847,0.015166090443808077,0.00603848455259971,0.0065941530855859395,0.014889037855419354,0.010077830671681472,0.007492301926916979,0.010377462449628767,0.008551442651097372,0.007235437154652961,0.009944515198378263,0.00749346354803714,0.015887361165463753,0.0069745618983079564,0.0061634518607537984,0.008537255897600451,0.006125325127900421,0.010789949241776196,0.020616223910444084,0.008630977073698391,0.004564102641329587
2026-03-12,0.007319264884311326,0.011405459841434568,0.013371016790547618,0.014059224613011869,0.00976603384411977,0.005388115109818224,0.011557943947154868,0.010584477436698306,0.007134677342106261,0.01785631064563622,0.021757683832331537,0.038581736762925624,0.006615665503805045,0.41332312024740225,0.007821199111801663,0.009826158589998803,0.006495809258195157,0.023157318007340773,0.008609396676281524,0.006545600392187976,0.025004748198322893,0.04393375401126421,0.008249592287390951,0.005177735098202717,0.008229464242729335,0.022455964714728813,0.017892635115989677,0.005669477857915131,0.01085168115706007,0.009384755100249404,0.015097561554183667,0.006071654329246594,0.00658950196513795,0.014869126785737612,0.010084014713434302,0.007477872621060563,0.010326812675028173,0.008522878875567123,0.007241208469042647,0.009932579223913815,0.00750460926432965,0.015870935364544585,0.006984602227846866,0.00616814877047865,0.008517525905135277,0.00611373526281031,0.010796224571165339,0.02063494635899769,0.008612571955278793,0.00455746848609782
2026-03-13,0.0073193107958604686,0.01140437039675866,0.013369423549221274,0.014059143789124241,0.009765936090196803,0.005388121377338502,0.011558152367542348,0.010584421684822803,0.0071345610028322815,0.017857318870921082,0.021758513994750733,0.03858294938919308,0.006616016777537495,0.41332582491655906,0.007821685051873042,0.009825401008497412,0.006495251355124961,0.02315620445224262,0.008609625650840296,0.006545528911570251,0.025005038070545202,0.04393501557657493,0.008250344330944225,0.005177730631641383,0.008229872374066778,0.02245560906335741,0.017892401703100698,0.005669473529484578,0.010851452772041826,0.009385354072223906,0.015097780146762625,0.0060715349079941555,0.006589393214574822,0.014868347128161444,0.010083661076661934,0.0074779747062987375,0.010326528216861813,0.008523337973876473,0.007240901461071436,0.009932188927862757,0.00750403656025776,0.0158704332446198,0.00698450691186407,0.006167802762289559,0.008517112923953185,0.006113385417819001,0.010796501777013598,0.02063473694837449,0.008612609059793741,0.004557173077100228
2026-03-16,0.0073193107958604686,0.01140437039675866,0.013369423549221274,0.014059143789124241,0.009765936090196803,0.005388121377338502,0.011558152367542348,0.010584421684822803,0.0071345610028322815,0.017857318870921082,0.021758513994750733,0.03858294938919308,0.006616016777537495,0.41332582491655906,0.007821685051873042,0.009825401008497412,0.006495251355124961,0.02315620445224262,0.008609625650840296,0.006545528911570251,0.025005038070545202,0.04393501557657493,0.008250344330944225,0.005177730631641383,0.008229872374066778,0.02245560906335741,0.017892401703100698,0.005669473529484578,0.010851452772041826,0.009385354072223906,0.015097780146762625,0.0060715349079941555,0.006589393214574822,0.014868347128161444,0.010083661076661934,0.0074779747062987375,0.010326528216861813,0.008523337973876473,0.007240901461071436,0.009932188927862757,0.00750403656025776,0.0158704332446198,0.00698450691186407,0.006167802762289559,0.008517112923953185,0.006113385417819001,0.010796501777013598,0.02063473694837449,0.008612609059793741,0.004557173077100228
2026-03-17,0.0073193107949040825,0.011404370400579067,0.013369423547474342,0.014059143787287186,0.009765936088920724,0.005388121379143496,0.011558152376796456,0.010584421683439777,0.007134560995255458,0.017857318868587737,0.021758513981775533,0.03858294934821842,0.006616016782834652,0.4133258250550212,0.007821685047208758,0.009825401011788873,0.006495251355788546,0.023156204459999837,0.008609625649715309,0.006545528913762971,0.02500503806145595,0.04393501552991644,0.00825034432218245,0.005177730630964828,0.008229872372991413,0.02245560906042322,0.01789240169243097,0.005669473534023878,0.010851452770623908,0.009385354069904957,0.015097780137759404,0.00607153491002809,0.006589393210645386,0.014868347122756849,0.01008366107534434,0.007477974708803822,0.010326528217916818,0.008523337974747256,0.007240901463497103,0.009932188926564955,0.007504036566265914,0.015870433249936318,0.006984506910951431,0.006167802761483635,0.008517112922840287,0.006113385415596804,0.01079650177560286,0.02063473694567823,0.008612609053655167,0.00455717307650476
2026-03-18,0.007319310791966347,0.011404370417244016,0.01336942356701078,0.014059143886393084,0.009765936112286704,0.005388121356908562,0.01155815240445049,0.010584421684120287,0.007134561018970185,0.017857318844789458,0.021758513993306562,0.038582949332732465,0.00661601677401755,0.4133258251778303,0.007821685044069385,0.009825401007845274,0.006495251350156973,0.02315620450462042,0.008609625682342208,0.006545528898943809,0.02500503806888555,0.04393501538952932,0.00825034432655476,0.005177730626475586,0.008229872331364877,0.02245560892592977,0.017892401743572126,0.005669473563428986,0.010851452776374688,0.009385354019156222,0.01509778020200416,0.0060715348567001535,0.0065893932110690405,0.014868347068323878,0.01008366103373252,0.007477974674462574,0.010326528196941758,0.00852333798918671,0.007240901490937105,0.009932188894828279,0.007504036570242715,0.015870433273127423,0.0069845069114004895,0.006167802790601255,0.00851711295115051,0.00611338543022369,0.010796501731049388,0.02063473689896092,0.008612609116372561,0.004557173087408253
2026-03-19,0.007318410906262986,0.011426425598556207,0.013402115991857885,0.014063916118291756,0.009768832290246549,0.005387443629088662,0.011554024713472624,0.010585383893935874,0.007137974442430923,0.017836261357444906,0.021742083440787426,0.038561205069689686,0.006609136765102406,0.4132441060545819,0.007811605508607731,0.009841210056013266,0.006507360213411104,0.02318072129823868,0.008605231874597814,0.0065461123930094225,0.025000937507870018,0.04390543335662662,0.008234307282433016,0.005178218745184383,0.008222460869227415,0.022465085889906616,0.017901647375531685,0.005670182244681549,0.01085705669533341,0.009373277362486162,0.015094331600875041,0.006074182412896508,0.006591770741516108,0.014885358383962908,0.010092021973074983,0.007476276154822299,0.01033248105055719,0.008514195854754549,0.007248006603297247,0.009940744076937938,0.0075155839837754345,0.015882656917765865,0.006986912406573931,0.006175500337717509,0.008525913598074666,0.00612091563216213,0.010790540352845022,0.020636817222769777,0.008613805238513447,0.004563816512198737
2026-03-20,0.007318269829416098,0.011430633175252227,0.013408418148264585,0.014065672889048543,0.009769676237894999,0.005387156819598388,0.011553226485590512,0.01058551654015393,0.007138933015607692,0.01783210929170043,0.02173910137421461,0.03855817770427331,0.006607924659349556,0.41322017210294854,0.007809678541655498,0.00984430946772507,0.0065098219232774665,0.023185777288761984,0.00860442124212137,0.006546028138135861,0.02500054098096879,0.04389888497735904,0.008231129755192823,0.005178460817486489,0.00822128395180137,0.022467562410178575,0.017904691117593973,0.005670466313867317,0.010858396413012538,0.009371114512066351,0.015093986591146342,0.006074785771755763,0.006592280010758406,0.014888896409367575,0.010093949316110986,0.007476049405537178,0.01033373108974488,0.008512545950343666,0.007249636102150675,0.00994255446901205,0.007517752702093808,0.015885552659120526,0.0069874372494195675,0.006177140437507118,0.008527733951246598,0.006122486949023816,0.010789365967942789,0.02063676430286723,0.008614569270014834,0.004565225270318452
2026-03-23,0.007319301160509383,0.011404605694720646,0.013369768347276096,0.014059159756703698,0.009765957250237746,0.005388120228170785,0.011558107281014507,0.010584434152062522,0.007134586454895925,0.017857103260514217,0.021758338162926816,0.038582689143875706,0.006615941387116061,0.4133252351872759,0.007821580182881939,0.009825565052940919,0.00649537156993087,0.0231564431986053,0.008609575704708923,0.006545545020233314,0.025004974366839926,0.0439347458069667,0.00825018230179589,0.0051777314489670915,0.008229783711562726,0.02245568473856387,0.017892449502602232,0.0056694739175434,0.010851502151005858,0.009385224819694775,0.015097734097296261,0.006071559836130918,0.006589416746336758,0.014868515746728215,0.010083736980794428,0.007477952634347027,0.010326590909961386,0.008523239559361115,0.007240967302618482,0.009932273242573638,0.007504160260850793,0.015870541153587412,0.006984527052433827,0.00616787729675625,0.008517202696824367,0.006113461177841711,0.010796441753648177,0.020634783003289317,0.00861260090327968,0.004557236683196428
2026-03-24,0.0073193401116774534,0.011404335183645658,0.013369469178352418,0.014059112267860318,0.009765967408489212,0.00538812357333794,0.011558159381794695,0.010584459163071044,0.007134629353388857,0.017857540938670428,0.021758902971835956,0.0385832171863055,0.00661608008023196,0.41332446535708856,0.007821692089570266,0.00982544457118463,0.006495244394751965,0.023156084085040236,0.008609596152364441,0.006545556323002427,0.02500501329511988,0.0439351440221405,0.008250363091699535,0.005177724281456673,0.008229864459287096,0.022455562836756076,0.01789228789304813,0.005669443156360904,0.010851488316802778,0.009385368499939033,0.015097936386951555,0.006071446076209481,0.006589399281575287,0.014868400670188733,0.010083648263560945,0.007477989492566688,0.010326645528430678,0.008523425142180721,0.0072408713179672336,0.009932206138722649,0.007504020137701756,0.015870439912359466,0.0069844837278299505,0.006167800979386069,0.008517171230570117,0.006113410542680844,0.010796469325647503,0.020634713005520534,0.008612669002753618,0.0045571742129218796
2026-03-25,0.007325492747645928,0.01139634079292251,0.013383247560744356,0.014055473159418122,0.009777999285843119,0.005388256314696859,0.01155657232716666,0.010599805013071622,0.007158773784671889,0.017914643893723027,0.02187327672591127,0.038676515230537487,0.006637347751385111,0.41289080815058105,0.007826121019263674,0.009837539709377351,0.0064929329747462055,0.02312074797679214,0.008602434675455172,0.006553648157382002,0.024995022951059542,0.04395827916030344,0.00825059195947876,0.005178400784080028,0.008224810897369397,0.022451020264219683,0.017862918208827825,0.005662604722320021,0.010859103484980804,0.00938544998459407,0.01514918921891447,0.006045763607655566,0.006592848918961939,0.014884257399790976,0.010079016998310064,0.0074877734866185715,0.010365226568293407,0.008546722838121175,0.007235606047034722,0.009940890143887646,0.007496530884779497,0.015880619335313345,0.006976979065213502,0.006164914703080061,0.008533355057734194,0.006122139161307739,0.010790474674138828,0.02062228923751699,0.008627832124305143,0.00456139086045323
2026-03-26,0.007324894176627298,0.011396116902281093,0.013386865289939768,0.014064829575061295,0.00978558858268848,0.005386827033481443,0.01155723838924791,0.010602537573877004,0.007167178663778613,0.017924564699815206,0.02190385542684129,0.038702379821669346,0.006642503193857361,0.4127937872084887,0.007828193292561908,0.009838932417809768,0.006491312921456821,0.02311456163963634,0.008602173405666078,0.00655484258490806,0.024994189422306336,0.04395124193369068,0.008248872154708596,0.0051792254442385435,0.008221338575623998,0.022440479184240823,0.017859969633976534,0.005663746528676743,0.010858954473566294,0.009380173664943429,0.015170019355096011,0.006034654397634131,0.0065935968370607004,0.014883702929875594,0.010075785844311883,0.007489007650685893,0.01037533606057009,0.008551360448648767,0.007237253995944189,0.009940518541440293,0.007492672469552807,0.0158885247916255,0.006974482096781017,0.006165004591529221,0.008537316177006683,0.006125682400194977,0.010784547714189924,0.0206136699970013,0.00863527349332542,0.004564216391859841
2026-03-27,0.007311132286831579,0.011406657833160375,0.013385376782039902,0.01413994806849519,0.009806782988430773,0.005378924386632122,0.011569198171513712,0.010576850604480255,0.007170732908598062,0.017893430638694856,0.02189610786184436,0.0386539043988209,0.006630777384729631,0.41311731927392464,0.007827106782524318,0.009827481274898704,0.006478387647794729,0.02313214345017905,0.008615351478014536,0.006543273107850918,0.02501011125499832,0.043874201101511745,0.008252832134425382,0.005173409604587499,0.008205382605173703,0.02234274163407982,0.017887217944157683,0.005679538108393294,0.010851100031957711,0.009356443438027119,0.01519961481445113,0.006006249236148076,0.006590249027014932,0.014837338813005349,0.010066150345082247,0.007464000452078338,0.010357117021186652,0.008549211097217665,0.007252800332224053,0.009916287927184799,0.007488415056970949,0.015907575903549565,0.0069686947335711935,0.006174629394741331,0.008535780860338692,0.00612916320202174,0.010730130190432775,0.02059884275905872,0.008665627715349053,0.004568255931601886
2026-03-30,0.0073111763533553675,0.011406614198284672,0.013385367192675033,0.014139751199000072,0.009806727232341316,0.005378934837813333,0.011569191855030882,0.01057690871510819,0.007170722956417331,0.01789352750609742,0.02189613953146808,0.03865401057029105,0.006630806599122931,0.413116562485861,0.00782711454055006,0.009827495557604937,0.006478421780813263,0.023132108167673766,0.008615325483481649,0.00654330066612789,0.02501008237850122,0.043874386928268436,0.00825282338589702,0.005173428721761571,0.008205429756640084,0.02234296812867115,0.017887143317432068,0.005679506863585913,0.010851119493510256,0.009356498712554309,0.015199556284306168,0.006006308545713663,0.006590254348447169,0.01483745528506971,0.010066164545757402,0.0074640560374559465,0.010357162339885723,0.008549220140263342,0.0072527604949196665,0.009916321862350764,0.0074884176287835676,0.015907508013785633,0.006968717252736176,0.006174613326311032,0.008535788243616732,0.00612915319416235,0.010730280167261198,0.020598861152167174,0.008665565264186102,0.00456824075688039
2026-03-31,0.007312269561775981,0.011415250577418148,0.013398591071229952,0.014159382114065741,0.009805343584292435,0.005397972208407043,0.011583706021493273,0.010610313640954926,0.007211138248926217,0.017854854002441665,0.02187513351961388,0.03867512682239997,0.006649361153794818,0.41260883519565716,0.007836381816054441,0.009834651321169004,0.006457143008540004,0.023170680463798197,0.008621103711640004,0.006564388852762291,0.02498564506144159,0.04388993555146626,0.008266147070236558,0.005175825398047491,0.008201257216594227,0.022407905918546727,0.017911942866169175,0.005670513771034436,0.01088091037753436,0.00936154995640189,0.015232041193139931,0.006025278236916741,0.006592858642770351,0.014866315886539723,0.010076493177575585,0.0074708481280594385,0.010376176205359104,0.00853697803237468,0.007265037994909949,0.009933192421185821,0.0074880946659132116,0.015913019218326444,0.006973113402978991,0.006189176394065685,0.008530417517182446,0.0061355380145444996,0.010760920326264386,0.020622606046112317,0.008651208097102764,0.004567426314770061
