date,1101,1216,1301,1303,1326,1590,2002,2207,2301,2303,2308,2317,2327,2330,2345,2357,2379,2382,2395,2408,2412,2454,2603,2801,2880,2881,2882,2883,2884,2885,2886,2887,2890,2891,2892,2912,3008,3034,3037,3045,3231,3711,4904,4938,5871,5876,5880,6505,6669,9910
2024-01-02,0.007198560287942412,0.011397720455908818,0.013497300539892024,0.014197160567886422,0.009798040391921616,0.0053989202159568095,0.011397720455908818,0.010597880423915218,0.007198560287942412,0.01769646070785843,0.021895620875824834,0.03889222155568887,0.006698660267946411,0.4130173965206959,0.007798440311937613,0.009798040391921616,0.006498700259948011,0.023295340931813638,0.008598280343931213,0.006498700259948011,0.02499500099980004,0.043591281743651275,0.008198360327934412,0.005198960207958409,0.008198360327934412,0.02269546090781844,0.01799640071985603,0.005698860227954409,0.010897820435912819,0.009398120375924815,0.015196960607878425,0.00609878024395121,0.006598680263947211,0.014897020595880824,0.009998000399920017,0.007498500299940012,0.010297940411917617,0.008498300339932013,0.007198560287942412,0.009898020395920816,0.007498500299940012,0.015896820635872826,0.006998600279944011,0.00619876024795041,0.008398320335932814,0.00609878024395121,0.010597880423915218,0.020695860827834433,0.008598280343931213,0.004599080183963208
2024-01-03,0.02152118481604739,0.03407520929207501,0.04035222153008886,0.00010520954286701015,0.029292723777397823,4.000926278041234e-05,0.03407520929207501,0.03168396653473643,0.02152118481604739,0.00013114147244690705,0.06546027048214413,0.000288214874473711,0.020026658092710762,0.0030607086027015433,5.7791157349484485e-05,0.029292723777397823,0.01942884740337611,0.06964494530748667,6.371845553917519e-05,0.01942884740337611,0.07472633616683118,0.13032273027495364,6.075480644432981e-05,3.852743823298958e-05,0.024510238262720623,0.06785151323948273,0.053802962040118474,0.017037604646037506,8.0759437834536e-05,0.02809710239872854,0.00011261866560412363,4.5195648696391725e-05,4.8900210064948444e-05,0.00011039592878298961,7.409122737113393e-05,5.556842052835045e-05,7.631396419226799e-05,0.025406954296722597,0.02152118481604739,7.335031509742261e-05,0.02241790085004936,0.00011780505152010299,5.1863859159793746e-05,0.018532131369374146,0.025108048952055283,0.018233226024706818,0.03168396653473643,0.00015336884065824725,6.371845553917519e-05,3.408196459072163e-05
2024-01-04,0.02152118481604739,0.03407520929207501,0.04035222153008886,0.00010520954286701015,0.029292723777397823,4.000926278041234e-05,0.03407520929207501,0.03168396653473643,0.02152118481604739,0.00013114147244690705,0.06546027048214413,0.000288214874473711,0.020026658092710762,0.0030607086027015433,5.7791157349484485e-05,0.029292723777397823,0.01942884740337611,0.06964494530748667,6.371845553917519e-05,0.01942884740337611,0.07472633616683118,0.13032273027495364,6.075480644432981e-05,3.852743823298958e-05,0.024510238262720623,0.06785151323948273,0.053802962040118474,0.017037604646037506,8.0759437834536e-05,0.02809710239872854,0.00011261866560412363,4.5195648696391725e-05,4.8900210064948444e-05,0.00011039592878298961,7.409122737113393e-05,5.556842052835045e-05,7.631396419226799e-05,0.025406954296722597,0.02152118481604739,7.335031509742261e-05,0.02241790085004936,0.00011780505152010299,5.1863859159793746e-05,0.018532131369374146,0.025108048952055283,0.018233226024706818,0.03168396653473643,0.00015336884065824725,6.371845553917519e-05,3.408196459072163e-05
2024-01-05,0.02152118481604739,0.03407520929207501,0.04035222153008886,0.00010520954286701015,0.029292723777397823,4.000926278041234e-05,0.03407520929207501,0.03168396653473643,0.02152118481604739,0.00013114147244690705,0.06546027048214413,0.000288214874473711,0.020026658092710762,0.0030607086027015433,5.7791157349484485e-05,0.029292723777397823,0.01942884740337611,0.06964494530748667,6.371845553917519e-05,0.01942884740337611,0.07472633616683118,0.13032273027495364,6.075480644432981e-05,3.852743823298958e-05,0.024510238262720623,0.06785151323948273,0.053802962040118474,0.017037604646037506,8.0759437834536e-05,0.02809710239872854,0.00011261866560412363,4.5195648696391725e-05,4.8900210064948444e-05,0.00011039592878298961,7.409122737113393e-05,5.556842052835045e-05,7.631396419226799e-05,0.025406954296722597,0.02152118481604739,7.335031509742261e-05,0.02241790085004936,0.00011780505152010299,5.1863859159793746e-05,0.018532131369374146,0.025108048952055283,0.018233226024706818,0.03168396653473643,0.00015336884065824725,6.371845553917519e-05,3.408196459072163e-05
2024-01-08,0.02152118481604739,0.03407520929207501,0.04035222153008886,0.00010520954286701015,0.029292723777397823,4.000926278041234e-05,0.03407520929207501,0.03168396653473643,0.02152118481604739,0.00013114147244690705,0.06546027048214413,0.000288214874473711,0.020026658092710762,0.0030607086027015433,5.7791157349484485e-05,0.029292723777397823,0.01942884740337611,0.06964494530748667,6.371845553917519e-05,0.01942884740337611,0.07472633616683118,0.13032273027495364,6.075480644432981e-05,3.852743823298958e-05,0.024510238262720623,0.06785151323948273,0.053802962040118474,0.017037604646037506,8.0759437834536e-05,0.02809710239872854,0.00011261866560412363,4.5195648696391725e-05,4.8900210064948444e-05,0.00011039592878298961,7.409122737113393e-05,5.556842052835045e-05,7.631396419226799e-05,0.025406954296722597,0.02152118481604739,7.335031509742261e-05,0.02241790085004936,0.00011780505152010299,5.1863859159793746e-05,0.018532131369374146,0.025108048952055283,0.018233226024706818,0.03168396653473643,0.00015336884065824725,6.371845553917519e-05,3.408196459072163e-05
2024-01-09,0.02152118481604739,0.03407520929207501,0.04035222153008886,0.00010520954286701015,0.029292723777397823,4.000926278041234e-05,0.03407520929207501,0.03168396653473643,0.02152118481604739,0.00013114147244690705,0.06546027048214413,0.000288214874473711,0.020026658092710762,0.0030607086027015433,5.7791157349484485e-05,0.029292723777397823,0.01942884740337611,0.06964494530748667,6.371845553917519e-05,0.01942884740337611,0.07472633616683118,0.13032273027495364,6.075480644432981e-05,3.852743823298958e-05,0.024510238262720623,0.06785151323948273,0.053802962040118474,0.017037604646037506,8.0759437834536e-05,0.02809710239872854,0.00011261866560412363,4.5195648696391725e-05,4.8900210064948444e-05,0.00011039592878298961,7.409122737113393e-05,5.556842052835045e-05,7.631396419226799e-05,0.025406954296722597,0.02152118481604739,7.335031509742261e-05,0.02241790085004936,0.00011780505152010299,5.1863859159793746e-05,0.018532131369374146,0.025108048952055283,0.018233226024706818,0.03168396653473643,0.00015336884065824725,6.371845553917519e-05,3.408196459072163e-05
2024-01-10,0.02152118481604739,0.03407520929207501,0.04035222153008886,0.00010520954286701015,0.029292723777397823,4.000926278041234e-05,0.03407520929207501,0.03168396653473643,0.02152118481604739,0.00013114147244690705,0.06546027048214413,0.000288214874473711,0.020026658092710762,0.0030607086027015433,5.7791157349484485e-05,0.029292723777397823,0.01942884740337611,0.06964494530748667,6.371845553917519e-05,0.01942884740337611,0.07472633616683118,0.13032273027495364,6.075480644432981e-05,3.852743823298958e-05,0.024510238262720623,0.06785151323948273,0.053802962040118474,0.017037604646037506,8.0759437834536e-05,0.02809710239872854,0.00011261866560412363,4.5195648696391725e-05,4.8900210064948444e-05,0.00011039592878298961,7.409122737113393e-05,5.556842052835045e-05,7.631396419226799e-05,0.025406954296722597,0.02152118481604739,7.335031509742261e-05,0.02241790085004936,0.00011780505152010299,5.1863859159793746e-05,0.018532131369374146,0.025108048952055283,0.018233226024706818,0.03168396653473643,0.00015336884065824725,6.371845553917519e-05,3.408196459072163e-05
2024-01-11,0.02152118481604739,0.03407520929207501,0.04035222153008886,0.00010520954286701015,0.029292723777397823,4.000926278041234e-05,0.03407520929207501,0.03168396653473643,0.02152118481604739,0.00013114147244690705,0.06546027048214413,0.000288214874473711,0.020026658092710762,0.0030607086027015433,5.7791157349484485e-05,0.029292723777397823,0.01942884740337611,0.06964494530748667,6.371845553917519e-05,0.01942884740337611,0.07472633616683118,0.13032273027495364,6.075480644432981e-05,3.852743823298958e-05,0.024510238262720623,0.06785151323948273,0.053802962040118474,0.017037604646037506,8.0759437834536e-05,0.02809710239872854,0.00011261866560412363,4.5195648696391725e-05,4.8900210064948444e-05,0.00011039592878298961,7.409122737113393e-05,5.556842052835045e-05,7.631396419226799e-05,0.025406954296722597,0.02152118481604739,7.335031509742261e-05,0.02241790085004936,0.00011780505152010299,5.1863859159793746e-05,0.018532131369374146,0.025108048952055283,0.018233226024706818,0.03168396653473643,0.00015336884065824725,6.371845553917519e-05,3.408196459072163e-05
2024-01-12,0.02152118481604739,0.03407520929207501,0.04035222153008886,0.00010520954286701015,0.029292723777397823,4.000926278041234e-05,0.03407520929207501,0.03168396653473643,0.02152118481604739,0.00013114147244690705,0.06546027048214413,0.000288214874473711,0.020026658092710762,0.0030607086027015433,5.7791157349484485e-05,0.029292723777397823,0.01942884740337611,0.06964494530748667,6.371845553917519e-05,0.01942884740337611,0.07472633616683118,0.13032273027495364,6.075480644432981e-05,3.852743823298958e-05,0.024510238262720623,0.06785151323948273,0.053802962040118474,0.017037604646037506,8.0759437834536e-05,0.02809710239872854,0.00011261866560412363,4.5195648696391725e-05,4.8900210064948444e-05,0.00011039592878298961,7.409122737113393e-05,5.556842052835045e-05,7.631396419226799e-05,0.025406954296722597,0.02152118481604739,7.335031509742261e-05,0.02241790085004936,0.00011780505152010299,5.1863859159793746e-05,0.018532131369374146,0.025108048952055283,0.018233226024706818,0.03168396653473643,0.00015336884065824725,6.371845553917519e-05,3.408196459072163e-05
2024-01-15,0.02152118481604739,0.03407520929207501,0.04035222153008886,0.00010520954286701015,0.029292723777397823,4.000926278041234e-05,0.03407520929207501,0.03168396653473643,0.02152118481604739,0.00013114147244690705,0.06546027048214413,0.000288214874473711,0.020026658092710762,0.0030607086027015433,5.7791157349484485e-05,0.029292723777397823,0.01942884740337611,0.06964494530748667,6.371845553917519e-05,0.01942884740337611,0.07472633616683118,0.13032273027495364,6.075480644432981e-05,3.852743823298958e-05,0.024510238262720623,0.06785151323948273,0.053802962040118474,0.017037604646037506,8.0759437834536e-05,0.02809710239872854,0.00011261866560412363,4.5195648696391725e-05,4.8900210064948444e-05,0.00011039592878298961,7.409122737113393e-05,5.556842052835045e-05,7.631396419226799e-05,0.025406954296722597,0.02152118481604739,7.335031509742261e-05,0.02241790085004936,0.00011780505152010299,5.1863859159793746e-05,0.018532131369374146,0.025108048952055283,0.018233226024706818,0.03168396653473643,0.00015336884065824725,6.371845553917519e-05,3.408196459072163e-05
2024-01-16,0.02152118481604739,0.03407520929207501,0.04035222153008886,0.00010520954286701015,0.029292723777397823,4.000926278041234e-05,0.03407520929207501,0.03168396653473643,0.02152118481604739,0.00013114147244690705,0.06546027048214413,0.000288214874473711,0.020026658092710762,0.0030607086027015433,5.7791157349484485e-05,0.029292723777397823,0.01942884740337611,0.06964494530748667,6.371845553917519e-05,0.01942884740337611,0.07472633616683118,0.13032273027495364,6.075480644432981e-05,3.852743823298958e-05,0.024510238262720623,0.06785151323948273,0.053802962040118474,0.017037604646037506,8.0759437834536e-05,0.02809710239872854,0.00011261866560412363,4.5195648696391725e-05,4.8900210064948444e-05,0.00011039592878298961,7.409122737113393e-05,5.556842052835045e-05,7.631396419226799e-05,0.025406954296722597,0.02152118481604739,7.335031509742261e-05,0.02241790085004936,0.00011780505152010299,5.1863859159793746e-05,0.018532131369374146,0.025108048952055283,0.018233226024706818,0.03168396653473643,0.00015336884065824725,6.371845553917519e-05,3.408196459072163e-05
2024-01-17,0.02152118481604739,0.03407520929207501,0.04035222153008886,0.00010520954286701015,0.029292723777397823,4.000926278041234e-05,0.03407520929207501,0.03168396653473643,0.02152118481604739,0.00013114147244690705,0.06546027048214413,0.000288214874473711,0.020026658092710762,0.0030607086027015433,5.7791157349484485e-05,0.029292723777397823,0.01942884740337611,0.06964494530748667,6.371845553917519e-05,0.01942884740337611,0.07472633616683118,0.13032273027495364,6.075480644432981e-05,3.852743823298958e-05,0.024510238262720623,0.06785151323948273,0.053802962040118474,0.017037604646037506,8.0759437834536e-05,0.02809710239872854,0.00011261866560412363,4.5195648696391725e-05,4.8900210064948444e-05,0.00011039592878298961,7.409122737113393e-05,5.556842052835045e-05,7.631396419226799e-05,0.025406954296722597,0.02152118481604739,7.335031509742261e-05,0.02241790085004936,0.00011780505152010299,5.1863859159793746e-05,0.018532131369374146,0.025108048952055283,0.018233226024706818,0.03168396653473643,0.00015336884065824725,6.371845553917519e-05,3.408196459072163e-05
2024-01-18,0.02152118481604739,0.03407520929207501,0.04035222153008886,0.00010520954286701015,0.029292723777397823,4.000926278041234e-05,0.03407520929207501,0.03168396653473643,0.02152118481604739,0.00013114147244690705,0.06546027048214413,0.000288214874473711,0.020026658092710762,0.0030607086027015433,5.7791157349484485e-05,0.029292723777397823,0.01942884740337611,0.06964494530748667,6.371845553917519e-05,0.01942884740337611,0.07472633616683118,0.13032273027495364,6.075480644432981e-05,3.852743823298958e-05,0.024510238262720623,0.06785151323948273,0.053802962040118474,0.017037604646037506,8.0759437834536e-05,0.02809710239872854,0.00011261866560412363,4.5195648696391725e-05,4.8900210064948444e-05,0.00011039592878298961,7.409122737113393e-05,5.556842052835045e-05,7.631396419226799e-05,0.025406954296722597,0.02152118481604739,7.335031509742261e-05,0.02241790085004936,0.00011780505152010299,5.1863859159793746e-05,0.018532131369374146,0.025108048952055283,0.018233226024706818,0.03168396653473643,0.00015336884065824725,6.371845553917519e-05,3.408196459072163e-05
2024-01-19,0.02152118481604739,0.03407520929207501,0.04035222153008886,0.00010520954286701015,0.029292723777397823,4.000926278041234e-05,0.03407520929207501,0.03168396653473643,0.02152118481604739,0.00013114147244690705,0.06546027048214413,0.000288214874473711,0.020026658092710762,0.0030607086027015433,5.7791157349484485e-05,0.029292723777397823,0.01942884740337611,0.06964494530748667,6.371845553917519e-05,0.01942884740337611,0.07472633616683118,0.13032273027495364,6.075480644432981e-05,3.852743823298958e-05,0.024510238262720623,0.06785151323948273,0.053802962040118474,0.017037604646037506,8.0759437834536e-05,0.02809710239872854,0.00011261866560412363,4.5195648696391725e-05,4.8900210064948444e-05,0.00011039592878298961,7.409122737113393e-05,5.556842052835045e-05,7.631396419226799e-05,0.025406954296722597,0.02152118481604739,7.335031509742261e-05,0.02241790085004936,0.00011780505152010299,5.1863859159793746e-05,0.018532131369374146,0.025108048952055283,0.018233226024706818,0.03168396653473643,0.00015336884065824725,6.371845553917519e-05,3.408196459072163e-05
2024-01-22,0.02152118481604739,0.03407520929207501,0.04035222153008886,0.00010520954286701015,0.029292723777397823,4.000926278041234e-05,0.03407520929207501,0.03168396653473643,0.02152118481604739,0.00013114147244690705,0.06546027048214413,0.000288214874473711,0.020026658092710762,0.0030607086027015433,5.7791157349484485e-05,0.029292723777397823,0.01942884740337611,0.06964494530748667,6.371845553917519e-05,0.01942884740337611,0.07472633616683118,0.13032273027495364,6.075480644432981e-05,3.852743823298958e-05,0.024510238262720623,0.06785151323948273,0.053802962040118474,0.017037604646037506,8.0759437834536e-05,0.02809710239872854,0.00011261866560412363,4.5195648696391725e-05,4.8900210064948444e-05,0.00011039592878298961,7.409122737113393e-05,5.556842052835045e-05,7.631396419226799e-05,0.025406954296722597,0.02152118481604739,7.335031509742261e-05,0.02241790085004936,0.00011780505152010299,5.1863859159793746e-05,0.018532131369374146,0.025108048952055283,0.018233226024706818,0.03168396653473643,0.00015336884065824725,6.371845553917519e-05,3.408196459072163e-05
2024-01-23,0.02152118481604739,0.03407520929207501,0.04035222153008886,0.00010520954286701015,0.029292723777397823,4.000926278041234e-05,0.03407520929207501,0.03168396653473643,0.02152118481604739,0.00013114147244690705,0.06546027048214413,0.000288214874473711,0.020026658092710762,0.0030607086027015433,5.7791157349484485e-05,0.029292723777397823,0.01942884740337611,0.06964494530748667,6.371845553917519e-05,0.01942884740337611,0.07472633616683118,0.13032273027495364,6.075480644432981e-05,3.852743823298958e-05,0.024510238262720623,0.06785151323948273,0.053802962040118474,0.017037604646037506,8.0759437834536e-05,0.02809710239872854,0.00011261866560412363,4.5195648696391725e-05,4.8900210064948444e-05,0.00011039592878298961,7.409122737113393e-05,5.556842052835045e-05,7.631396419226799e-05,0.025406954296722597,0.02152118481604739,7.335031509742261e-05,0.02241790085004936,0.00011780505152010299,5.1863859159793746e-05,0.018532131369374146,0.025108048952055283,0.018233226024706818,0.03168396653473643,0.00015336884065824725,6.371845553917519e-05,3.408196459072163e-05
2024-01-24,0.02152118481604739,0.03407520929207501,0.04035222153008886,0.00010520954286701015,0.029292723777397823,4.000926278041234e-05,0.03407520929207501,0.03168396653473643,0.02152118481604739,0.00013114147244690705,0.06546027048214413,0.000288214874473711,0.020026658092710762,0.0030607086027015433,5.7791157349484485e-05,0.029292723777397823,0.01942884740337611,0.06964494530748667,6.371845553917519e-05,0.01942884740337611,0.07472633616683118,0.13032273027495364,6.075480644432981e-05,3.852743823298958e-05,0.024510238262720623,0.06785151323948273,0.053802962040118474,0.017037604646037506,8.0759437834536e-05,0.02809710239872854,0.00011261866560412363,4.5195648696391725e-05,4.8900210064948444e-05,0.00011039592878298961,7.409122737113393e-05,5.556842052835045e-05,7.631396419226799e-05,0.025406954296722597,0.02152118481604739,7.335031509742261e-05,0.02241790085004936,0.00011780505152010299,5.1863859159793746e-05,0.018532131369374146,0.025108048952055283,0.018233226024706818,0.03168396653473643,0.00015336884065824725,6.371845553917519e-05,3.408196459072163e-05
2024-01-25,0.02152118481604739,0.03407520929207501,0.04035222153008886,0.00010520954286701015,0.029292723777397823,4.000926278041234e-05,0.03407520929207501,0.03168396653473643,0.02152118481604739,0.00013114147244690705,0.06546027048214413,0.000288214874473711,0.020026658092710762,0.0030607086027015433,5.7791157349484485e-05,0.029292723777397823,0.01942884740337611,0.06964494530748667,6.371845553917519e-05,0.01942884740337611,0.07472633616683118,0.13032273027495364,6.075480644432981e-05,3.852743823298958e-05,0.024510238262720623,0.06785151323948273,0.053802962040118474,0.017037604646037506,8.0759437834536e-05,0.02809710239872854,0.00011261866560412363,4.5195648696391725e-05,4.8900210064948444e-05,0.00011039592878298961,7.409122737113393e-05,5.556842052835045e-05,7.631396419226799e-05,0.025406954296722597,0.02152118481604739,7.335031509742261e-05,0.02241790085004936,0.00011780505152010299,5.1863859159793746e-05,0.018532131369374146,0.025108048952055283,0.018233226024706818,0.03168396653473643,0.00015336884065824725,6.371845553917519e-05,3.408196459072163e-05
2024-01-26,0.02152118481604739,0.03407520929207501,0.04035222153008886,0.00010520954286701015,0.029292723777397823,4.000926278041234e-05,0.03407520929207501,0.03168396653473643,0.02152118481604739,0.00013114147244690705,0.06546027048214413,0.000288214874473711,0.020026658092710762,0.0030607086027015433,5.7791157349484485e-05,0.029292723777397823,0.01942884740337611,0.06964494530748667,6.371845553917519e-05,0.01942884740337611,0.07472633616683118,0.13032273027495364,6.075480644432981e-05,3.852743823298958e-05,0.024510238262720623,0.06785151323948273,0.053802962040118474,0.017037604646037506,8.0759437834536e-05,0.02809710239872854,0.00011261866560412363,4.5195648696391725e-05,4.8900210064948444e-05,0.00011039592878298961,7.409122737113393e-05,5.556842052835045e-05,7.631396419226799e-05,0.025406954296722597,0.02152118481604739,7.335031509742261e-05,0.02241790085004936,0.00011780505152010299,5.1863859159793746e-05,0.018532131369374146,0.025108048952055283,0.018233226024706818,0.03168396653473643,0.00015336884065824725,6.371845553917519e-05,3.408196459072163e-05
2024-01-29,0.02152118481604739,0.03407520929207501,0.04035222153008886,0.00010520954286701015,0.029292723777397823,4.000926278041234e-05,0.03407520929207501,0.03168396653473643,0.02152118481604739,0.00013114147244690705,0.06546027048214413,0.000288214874473711,0.020026658092710762,0.0030607086027015433,5.7791157349484485e-05,0.029292723777397823,0.01942884740337611,0.06964494530748667,6.371845553917519e-05,0.01942884740337611,0.07472633616683118,0.13032273027495364,6.075480644432981e-05,3.852743823298958e-05,0.024510238262720623,0.06785151323948273,0.053802962040118474,0.017037604646037506,8.0759437834536e-05,0.02809710239872854,0.00011261866560412363,4.5195648696391725e-05,4.8900210064948444e-05,0.00011039592878298961,7.409122737113393e-05,5.556842052835045e-05,7.631396419226799e-05,0.025406954296722597,0.02152118481604739,7.335031509742261e-05,0.02241790085004936,0.00011780505152010299,5.1863859159793746e-05,0.018532131369374146,0.025108048952055283,0.018233226024706818,0.03168396653473643,0.00015336884065824725,6.371845553917519e-05,3.408196459072163e-05
2024-01-30,0.02152118481604739,0.03407520929207501,0.04035222153008886,0.00010520954286701015,0.029292723777397823,4.000926278041234e-05,0.03407520929207501,0.03168396653473643,0.02152118481604739,0.00013114147244690705,0.06546027048214413,0.000288214874473711,0.020026658092710762,0.0030607086027015433,5.7791157349484485e-05,0.029292723777397823,0.01942884740337611,0.06964494530748667,6.371845553917519e-05,0.01942884740337611,0.07472633616683118,0.13032273027495364,6.075480644432981e-05,3.852743823298958e-05,0.024510238262720623,0.06785151323948273,0.053802962040118474,0.017037604646037506,8.0759437834536e-05,0.02809710239872854,0.00011261866560412363,4.5195648696391725e-05,4.8900210064948444e-05,0.00011039592878298961,7.409122737113393e-05,5.556842052835045e-05,7.631396419226799e-05,0.025406954296722597,0.02152118481604739,7.335031509742261e-05,0.02241790085004936,0.00011780505152010299,5.1863859159793746e-05,0.018532131369374146,0.025108048952055283,0.018233226024706818,0.03168396653473643,0.00015336884065824725,6.371845553917519e-05,3.408196459072163e-05
2024-01-31,0.02152118481604739,0.03407520929207501,0.04035222153008886,0.00010520954286701015,0.029292723777397823,4.000926278041234e-05,0.03407520929207501,0.03168396653473643,0.02152118481604739,0.00013114147244690705,0.06546027048214413,0.000288214874473711,0.020026658092710762,0.0030607086027015433,5.7791157349484485e-05,0.029292723777397823,0.01942884740337611,0.06964494530748667,6.371845553917519e-05,0.01942884740337611,0.07472633616683118,0.13032273027495364,6.075480644432981e-05,3.852743823298958e-05,0.024510238262720623,0.06785151323948273,0.053802962040118474,0.017037604646037506,8.0759437834536e-05,0.02809710239872854,0.00011261866560412363,4.5195648696391725e-05,4.8900210064948444e-05,0.00011039592878298961,7.409122737113393e-05,5.556842052835045e-05,7.631396419226799e-05,0.025406954296722597,0.02152118481604739,7.335031509742261e-05,0.02241790085004936,0.00011780505152010299,5.1863859159793746e-05,0.018532131369374146,0.025108048952055283,0.018233226024706818,0.03168396653473643,0.00015336884065824725,6.371845553917519e-05,3.408196459072163e-05
2024-02-01,0.02152118481604739,0.03407520929207501,0.04035222153008886,0.00010520954286701015,0.029292723777397823,4.000926278041234e-05,0.03407520929207501,0.03168396653473643,0.02152118481604739,0.00013114147244690705,0.06546027048214413,0.000288214874473711,0.020026658092710762,0.0030607086027015433,5.7791157349484485e-05,0.029292723777397823,0.01942884740337611,0.06964494530748667,6.371845553917519e-05,0.01942884740337611,0.07472633616683118,0.13032273027495364,6.075480644432981e-05,3.852743823298958e-05,0.024510238262720623,0.06785151323948273,0.053802962040118474,0.017037604646037506,8.0759437834536e-05,0.02809710239872854,0.00011261866560412363,4.5195648696391725e-05,4.8900210064948444e-05,0.00011039592878298961,7.409122737113393e-05,5.556842052835045e-05,7.631396419226799e-05,0.025406954296722597,0.02152118481604739,7.335031509742261e-05,0.02241790085004936,0.00011780505152010299,5.1863859159793746e-05,0.018532131369374146,0.025108048952055283,0.018233226024706818,0.03168396653473643,0.00015336884065824725,6.371845553917519e-05,3.408196459072163e-05
2024-02-02,0.02152118481604739,0.03407520929207501,0.04035222153008886,0.00010520954286701015,0.029292723777397823,4.000926278041234e-05,0.03407520929207501,0.03168396653473643,0.02152118481604739,0.00013114147244690705,0.06546027048214413,0.000288214874473711,0.020026658092710762,0.0030607086027015433,5.7791157349484485e-05,0.029292723777397823,0.01942884740337611,0.06964494530748667,6.371845553917519e-05,0.01942884740337611,0.07472633616683118,0.13032273027495364,6.075480644432981e-05,3.852743823298958e-05,0.024510238262720623,0.06785151323948273,0.053802962040118474,0.017037604646037506,8.0759437834536e-05,0.02809710239872854,0.00011261866560412363,4.5195648696391725e-05,4.8900210064948444e-05,0.00011039592878298961,7.409122737113393e-05,5.556842052835045e-05,7.631396419226799e-05,0.025406954296722597,0.02152118481604739,7.335031509742261e-05,0.02241790085004936,0.00011780505152010299,5.1863859159793746e-05,0.018532131369374146,0.025108048952055283,0.018233226024706818,0.03168396653473643,0.00015336884065824725,6.371845553917519e-05,3.408196459072163e-05
2024-02-05,0.02152118481604739,0.03407520929207501,0.04035222153008886,0.00010520954286701015,0.029292723777397823,4.000926278041234e-05,0.03407520929207501,0.03168396653473643,0.02152118481604739,0.00013114147244690705,0.06546027048214413,0.000288214874473711,0.020026658092710762,0.0030607086027015433,5.7791157349484485e-05,0.029292723777397823,0.01942884740337611,0.06964494530748667,6.371845553917519e-05,0.01942884740337611,0.07472633616683118,0.13032273027495364,6.075480644432981e-05,3.852743823298958e-05,0.024510238262720623,0.06785151323948273,0.053802962040118474,0.017037604646037506,8.0759437834536e-05,0.02809710239872854,0.00011261866560412363,4.5195648696391725e-05,4.8900210064948444e-05,0.00011039592878298961,7.409122737113393e-05,5.556842052835045e-05,7.631396419226799e-05,0.025406954296722597,0.02152118481604739,7.335031509742261e-05,0.02241790085004936,0.00011780505152010299,5.1863859159793746e-05,0.018532131369374146,0.025108048952055283,0.018233226024706818,0.03168396653473643,0.00015336884065824725,6.371845553917519e-05,3.408196459072163e-05
2024-02-15,0.02152118481604739,0.03407520929207501,0.04035222153008886,0.00010520954286701015,0.029292723777397823,4.000926278041234e-05,0.03407520929207501,0.03168396653473643,0.02152118481604739,0.00013114147244690705,0.06546027048214413,0.000288214874473711,0.020026658092710762,0.0030607086027015433,5.7791157349484485e-05,0.029292723777397823,0.01942884740337611,0.06964494530748667,6.371845553917519e-05,0.01942884740337611,0.07472633616683118,0.13032273027495364,6.075480644432981e-05,3.852743823298958e-05,0.024510238262720623,0.06785151323948273,0.053802962040118474,0.017037604646037506,8.0759437834536e-05,0.02809710239872854,0.00011261866560412363,4.5195648696391725e-05,4.8900210064948444e-05,0.00011039592878298961,7.409122737113393e-05,5.556842052835045e-05,7.631396419226799e-05,0.025406954296722597,0.02152118481604739,7.335031509742261e-05,0.02241790085004936,0.00011780505152010299,5.1863859159793746e-05,0.018532131369374146,0.025108048952055283,0.018233226024706818,0.03168396653473643,0.00015336884065824725,6.371845553917519e-05,3.408196459072163e-05
2024-02-16,0.02152118481604739,0.03407520929207501,0.04035222153008886,0.00010520954286701015,0.029292723777397823,4.000926278041234e-05,0.03407520929207501,0.03168396653473643,0.02152118481604739,0.00013114147244690705,0.06546027048214413,0.000288214874473711,0.020026658092710762,0.0030607086027015433,5.7791157349484485e-05,0.029292723777397823,0.01942884740337611,0.06964494530748667,6.371845553917519e-05,0.01942884740337611,0.07472633616683118,0.13032273027495364,6.075480644432981e-05,3.852743823298958e-05,0.024510238262720623,0.06785151323948273,0.053802962040118474,0.017037604646037506,8.0759437834536e-05,0.02809710239872854,0.00011261866560412363,4.5195648696391725e-05,4.8900210064948444e-05,0.00011039592878298961,7.409122737113393e-05,5.556842052835045e-05,7.631396419226799e-05,0.025406954296722597,0.02152118481604739,7.335031509742261e-05,0.02241790085004936,0.00011780505152010299,5.1863859159793746e-05,0.018532131369374146,0.025108048952055283,0.018233226024706818,0.03168396653473643,0.00015336884065824725,6.371845553917519e-05,3.408196459072163e-05
2024-02-19,0.02152118481604739,0.03407520929207501,0.04035222153008886,0.00010520954286701015,0.029292723777397823,4.000926278041234e-05,0.03407520929207501,0.03168396653473643,0.02152118481604739,0.00013114147244690705,0.06546027048214413,0.000288214874473711,0.020026658092710762,0.0030607086027015433,5.7791157349484485e-05,0.029292723777397823,0.01942884740337611,0.06964494530748667,6.371845553917519e-05,0.01942884740337611,0.07472633616683118,0.13032273027495364,6.075480644432981e-05,3.852743823298958e-05,0.024510238262720623,0.06785151323948273,0.053802962040118474,0.017037604646037506,8.0759437834536e-05,0.02809710239872854,0.00011261866560412363,4.5195648696391725e-05,4.8900210064948444e-05,0.00011039592878298961,7.409122737113393e-05,5.556842052835045e-05,7.631396419226799e-05,0.025406954296722597,0.02152118481604739,7.335031509742261e-05,0.02241790085004936,0.00011780505152010299,5.1863859159793746e-05,0.018532131369374146,0.025108048952055283,0.018233226024706818,0.03168396653473643,0.00015336884065824725,6.371845553917519e-05,3.408196459072163e-05
2024-02-20,0.02152118481604739,0.03407520929207501,0.04035222153008886,0.00010520954286701015,0.029292723777397823,4.000926278041234e-05,0.03407520929207501,0.03168396653473643,0.02152118481604739,0.00013114147244690705,0.06546027048214413,0.000288214874473711,0.020026658092710762,0.0030607086027015433,5.7791157349484485e-05,0.029292723777397823,0.01942884740337611,0.06964494530748667,6.371845553917519e-05,0.01942884740337611,0.07472633616683118,0.13032273027495364,6.075480644432981e-05,3.852743823298958e-05,0.024510238262720623,0.06785151323948273,0.053802962040118474,0.017037604646037506,8.0759437834536e-05,0.02809710239872854,0.00011261866560412363,4.5195648696391725e-05,4.8900210064948444e-05,0.00011039592878298961,7.409122737113393e-05,5.556842052835045e-05,7.631396419226799e-05,0.025406954296722597,0.02152118481604739,7.335031509742261e-05,0.02241790085004936,0.00011780505152010299,5.1863859159793746e-05,0.018532131369374146,0.025108048952055283,0.018233226024706818,0.03168396653473643,0.00015336884065824725,6.371845553917519e-05,3.408196459072163e-05
2024-02-21,0.02152118481604739,0.03407520929207501,0.04035222153008886,0.00010520954286701015,0.029292723777397823,4.000926278041234e-05,0.03407520929207501,0.03168396653473643,0.02152118481604739,0.00013114147244690705,0.06546027048214413,0.000288214874473711,0.020026658092710762,0.0030607086027015433,5.7791157349484485e-05,0.029292723777397823,0.01942884740337611,0.06964494530748667,6.371845553917519e-05,0.01942884740337611,0.07472633616683118,0.13032273027495364,6.075480644432981e-05,3.852743823298958e-05,0.024510238262720623,0.06785151323948273,0.053802962040118474,0.017037604646037506,8.0759437834536e-05,0.02809710239872854,0.00011261866560412363,4.5195648696391725e-05,4.8900210064948444e-05,0.00011039592878298961,7.409122737113393e-05,5.556842052835045e-05,7.631396419226799e-05,0.025406954296722597,0.02152118481604739,7.335031509742261e-05,0.02241790085004936,0.00011780505152010299,5.1863859159793746e-05,0.018532131369374146,0.025108048952055283,0.018233226024706818,0.03168396653473643,0.00015336884065824725,6.371845553917519e-05,3.408196459072163e-05
2024-02-22,0.02152118481604739,0.03407520929207501,0.04035222153008886,0.00010520954286701015,0.029292723777397823,4.000926278041234e-05,0.03407520929207501,0.03168396653473643,0.02152118481604739,0.00013114147244690705,0.06546027048214413,0.000288214874473711,0.020026658092710762,0.0030607086027015433,5.7791157349484485e-05,0.029292723777397823,0.01942884740337611,0.06964494530748667,6.371845553917519e-05,0.01942884740337611,0.07472633616683118,0.13032273027495364,6.075480644432981e-05,3.852743823298958e-05,0.024510238262720623,0.06785151323948273,0.053802962040118474,0.017037604646037506,8.0759437834536e-05,0.02809710239872854,0.00011261866560412363,4.5195648696391725e-05,4.8900210064948444e-05,0.00011039592878298961,7.409122737113393e-05,5.556842052835045e-05,7.631396419226799e-05,0.025406954296722597,0.02152118481604739,7.335031509742261e-05,0.02241790085004936,0.00011780505152010299,5.1863859159793746e-05,0.018532131369374146,0.025108048952055283,0.018233226024706818,0.03168396653473643,0.00015336884065824725,6.371845553917519e-05,3.408196459072163e-05
2024-02-23,0.02152118481604739,0.03407520929207501,0.04035222153008886,0.00010520954286701015,0.029292723777397823,4.000926278041234e-05,0.03407520929207501,0.03168396653473643,0.02152118481604739,0.00013114147244690705,0.06546027048214413,0.000288214874473711,0.020026658092710762,0.0030607086027015433,5.7791157349484485e-05,0.029292723777397823,0.01942884740337611,0.06964494530748667,6.371845553917519e-05,0.01942884740337611,0.07472633616683118,0.13032273027495364,6.075480644432981e-05,3.852743823298958e-05,0.024510238262720623,0.06785151323948273,0.053802962040118474,0.017037604646037506,8.0759437834536e-05,0.02809710239872854,0.00011261866560412363,4.5195648696391725e-05,4.8900210064948444e-05,0.00011039592878298961,7.409122737113393e-05,5.556842052835045e-05,7.631396419226799e-05,0.025406954296722597,0.02152118481604739,7.335031509742261e-05,0.02241790085004936,0.00011780505152010299,5.1863859159793746e-05,0.018532131369374146,0.025108048952055283,0.018233226024706818,0.03168396653473643,0.00015336884065824725,6.371845553917519e-05,3.408196459072163e-05
2024-02-26,0.02152118481604739,0.03407520929207501,0.04035222153008886,0.00010520954286701015,0.029292723777397823,4.000926278041234e-05,0.03407520929207501,0.03168396653473643,0.02152118481604739,0.00013114147244690705,0.06546027048214413,0.000288214874473711,0.020026658092710762,0.0030607086027015433,5.7791157349484485e-05,0.029292723777397823,0.01942884740337611,0.06964494530748667,6.371845553917519e-05,0.01942884740337611,0.07472633616683118,0.13032273027495364,6.075480644432981e-05,3.852743823298958e-05,0.024510238262720623,0.06785151323948273,0.053802962040118474,0.017037604646037506,8.0759437834536e-05,0.02809710239872854,0.00011261866560412363,4.5195648696391725e-05,4.8900210064948444e-05,0.00011039592878298961,7.409122737113393e-05,5.556842052835045e-05,7.631396419226799e-05,0.025406954296722597,0.02152118481604739,7.335031509742261e-05,0.02241790085004936,0.00011780505152010299,5.1863859159793746e-05,0.018532131369374146,0.025108048952055283,0.018233226024706818,0.03168396653473643,0.00015336884065824725,6.371845553917519e-05,3.408196459072163e-05
2024-02-27,0.02152118481604739,0.03407520929207501,0.04035222153008886,0.00010520954286701015,0.029292723777397823,4.000926278041234e-05,0.03407520929207501,0.03168396653473643,0.02152118481604739,0.00013114147244690705,0.06546027048214413,0.000288214874473711,0.020026658092710762,0.0030607086027015433,5.7791157349484485e-05,0.029292723777397823,0.01942884740337611,0.06964494530748667,6.371845553917519e-05,0.01942884740337611,0.07472633616683118,0.13032273027495364,6.075480644432981e-05,3.852743823298958e-05,0.024510238262720623,0.06785151323948273,0.053802962040118474,0.017037604646037506,8.0759437834536e-05,0.02809710239872854,0.00011261866560412363,4.5195648696391725e-05,4.8900210064948444e-05,0.00011039592878298961,7.409122737113393e-05,5.556842052835045e-05,7.631396419226799e-05,0.025406954296722597,0.02152118481604739,7.335031509742261e-05,0.02241790085004936,0.00011780505152010299,5.1863859159793746e-05,0.018532131369374146,0.025108048952055283,0.018233226024706818,0.03168396653473643,0.00015336884065824725,6.371845553917519e-05,3.408196459072163e-05
2024-02-29,0.02152118481604739,0.03407520929207501,0.04035222153008886,0.00010520954286701015,0.029292723777397823,4.000926278041234e-05,0.03407520929207501,0.03168396653473643,0.02152118481604739,0.00013114147244690705,0.06546027048214413,0.000288214874473711,0.020026658092710762,0.0030607086027015433,5.7791157349484485e-05,0.029292723777397823,0.01942884740337611,0.06964494530748667,6.371845553917519e-05,0.01942884740337611,0.07472633616683118,0.13032273027495364,6.075480644432981e-05,3.852743823298958e-05,0.024510238262720623,0.06785151323948273,0.053802962040118474,0.017037604646037506,8.0759437834536e-05,0.02809710239872854,0.00011261866560412363,4.5195648696391725e-05,4.8900210064948444e-05,0.00011039592878298961,7.409122737113393e-05,5.556842052835045e-05,7.631396419226799e-05,0.025406954296722597,0.02152118481604739,7.335031509742261e-05,0.02241790085004936,0.00011780505152010299,5.1863859159793746e-05,0.018532131369374146,0.025108048952055283,0.018233226024706818,0.03168396653473643,0.00015336884065824725,6.371845553917519e-05,3.408196459072163e-05
2024-03-01,0.02152118481604739,0.03407520929207501,0.04035222153008886,0.00010520954286701015,0.029292723777397823,4.000926278041234e-05,0.03407520929207501,0.03168396653473643,0.02152118481604739,0.00013114147244690705,0.06546027048214413,0.000288214874473711,0.020026658092710762,0.0030607086027015433,5.7791157349484485e-05,0.029292723777397823,0.01942884740337611,0.06964494530748667,6.371845553917519e-05,0.01942884740337611,0.07472633616683118,0.13032273027495364,6.075480644432981e-05,3.852743823298958e-05,0.024510238262720623,0.06785151323948273,0.053802962040118474,0.017037604646037506,8.0759437834536e-05,0.02809710239872854,0.00011261866560412363,4.5195648696391725e-05,4.8900210064948444e-05,0.00011039592878298961,7.409122737113393e-05,5.556842052835045e-05,7.631396419226799e-05,0.025406954296722597,0.02152118481604739,7.335031509742261e-05,0.02241790085004936,0.00011780505152010299,5.1863859159793746e-05,0.018532131369374146,0.025108048952055283,0.018233226024706818,0.03168396653473643,0.00015336884065824725,6.371845553917519e-05,3.408196459072163e-05
2024-03-04,0.02152118481604739,0.03407520929207501,0.04035222153008886,0.00010520954286701015,0.029292723777397823,4.000926278041234e-05,0.03407520929207501,0.03168396653473643,0.02152118481604739,0.00013114147244690705,0.06546027048214413,0.000288214874473711,0.020026658092710762,0.0030607086027015433,5.7791157349484485e-05,0.029292723777397823,0.01942884740337611,0.06964494530748667,6.371845553917519e-05,0.01942884740337611,0.07472633616683118,0.13032273027495364,6.075480644432981e-05,3.852743823298958e-05,0.024510238262720623,0.06785151323948273,0.053802962040118474,0.017037604646037506,8.0759437834536e-05,0.02809710239872854,0.00011261866560412363,4.5195648696391725e-05,4.8900210064948444e-05,0.00011039592878298961,7.409122737113393e-05,5.556842052835045e-05,7.631396419226799e-05,0.025406954296722597,0.02152118481604739,7.335031509742261e-05,0.02241790085004936,0.00011780505152010299,5.1863859159793746e-05,0.018532131369374146,0.025108048952055283,0.018233226024706818,0.03168396653473643,0.00015336884065824725,6.371845553917519e-05,3.408196459072163e-05
2024-03-05,0.02152118481604739,0.03407520929207501,0.04035222153008886,0.00010520954286701015,0.029292723777397823,4.000926278041234e-05,0.03407520929207501,0.03168396653473643,0.02152118481604739,0.00013114147244690705,0.06546027048214413,0.000288214874473711,0.020026658092710762,0.0030607086027015433,5.7791157349484485e-05,0.029292723777397823,0.01942884740337611,0.06964494530748667,6.371845553917519e-05,0.01942884740337611,0.07472633616683118,0.13032273027495364,6.075480644432981e-05,3.852743823298958e-05,0.024510238262720623,0.06785151323948273,0.053802962040118474,0.017037604646037506,8.0759437834536e-05,0.02809710239872854,0.00011261866560412363,4.5195648696391725e-05,4.8900210064948444e-05,0.00011039592878298961,7.409122737113393e-05,5.556842052835045e-05,7.631396419226799e-05,0.025406954296722597,0.02152118481604739,7.335031509742261e-05,0.02241790085004936,0.00011780505152010299,5.1863859159793746e-05,0.018532131369374146,0.025108048952055283,0.018233226024706818,0.03168396653473643,0.00015336884065824725,6.371845553917519e-05,3.408196459072163e-05
2024-03-06,0.02152118481604739,0.03407520929207501,0.04035222153008886,0.00010520954286701015,0.029292723777397823,4.000926278041234e-05,0.03407520929207501,0.03168396653473643,0.02152118481604739,0.00013114147244690705,0.06546027048214413,0.000288214874473711,0.020026658092710762,0.0030607086027015433,5.7791157349484485e-05,0.029292723777397823,0.01942884740337611,0.06964494530748667,6.371845553917519e-05,0.01942884740337611,0.07472633616683118,0.13032273027495364,6.075480644432981e-05,3.852743823298958e-05,0.024510238262720623,0.06785151323948273,0.053802962040118474,0.017037604646037506,8.0759437834536e-05,0.02809710239872854,0.00011261866560412363,4.5195648696391725e-05,4.8900210064948444e-05,0.00011039592878298961,7.409122737113393e-05,5.556842052835045e-05,7.631396419226799e-05,0.025406954296722597,0.02152118481604739,7.335031509742261e-05,0.02241790085004936,0.00011780505152010299,5.1863859159793746e-05,0.018532131369374146,0.025108048952055283,0.018233226024706818,0.03168396653473643,0.00015336884065824725,6.371845553917519e-05,3.408196459072163e-05
2024-03-07,0.02152118481604739,0.03407520929207501,0.04035222153008886,0.00010520954286701015,0.029292723777397823,4.000926278041234e-05,0.03407520929207501,0.03168396653473643,0.02152118481604739,0.00013114147244690705,0.06546027048214413,0.000288214874473711,0.020026658092710762,0.0030607086027015433,5.7791157349484485e-05,0.029292723777397823,0.01942884740337611,0.06964494530748667,6.371845553917519e-05,0.01942884740337611,0.07472633616683118,0.13032273027495364,6.075480644432981e-05,3.852743823298958e-05,0.024510238262720623,0.06785151323948273,0.053802962040118474,0.017037604646037506,8.0759437834536e-05,0.02809710239872854,0.00011261866560412363,4.5195648696391725e-05,4.8900210064948444e-05,0.00011039592878298961,7.409122737113393e-05,5.556842052835045e-05,7.631396419226799e-05,0.025406954296722597,0.02152118481604739,7.335031509742261e-05,0.02241790085004936,0.00011780505152010299,5.1863859159793746e-05,0.018532131369374146,0.025108048952055283,0.018233226024706818,0.03168396653473643,0.00015336884065824725,6.371845553917519e-05,3.408196459072163e-05
2024-03-08,0.02152118481604739,0.03407520929207501,0.04035222153008886,0.00010520954286701015,0.029292723777397823,4.000926278041234e-05,0.03407520929207501,0.03168396653473643,0.02152118481604739,0.00013114147244690705,0.06546027048214413,0.000288214874473711,0.020026658092710762,0.0030607086027015433,5.7791157349484485e-05,0.029292723777397823,0.01942884740337611,0.06964494530748667,6.371845553917519e-05,0.01942884740337611,0.07472633616683118,0.13032273027495364,6.075480644432981e-05,3.852743823298958e-05,0.024510238262720623,0.06785151323948273,0.053802962040118474,0.017037604646037506,8.0759437834536e-05,0.02809710239872854,0.00011261866560412363,4.5195648696391725e-05,4.8900210064948444e-05,0.00011039592878298961,7.409122737113393e-05,5.556842052835045e-05,7.631396419226799e-05,0.025406954296722597,0.02152118481604739,7.335031509742261e-05,0.02241790085004936,0.00011780505152010299,5.1863859159793746e-05,0.018532131369374146,0.025108048952055283,0.018233226024706818,0.03168396653473643,0.00015336884065824725,6.371845553917519e-05,3.408196459072163e-05
2024-03-11,0.02152118481604739,0.03407520929207501,0.04035222153008886,0.00010520954286701015,0.029292723777397823,4.000926278041234e-05,0.03407520929207501,0.03168396653473643,0.02152118481604739,0.00013114147244690705,0.06546027048214413,0.000288214874473711,0.020026658092710762,0.0030607086027015433,5.7791157349484485e-05,0.029292723777397823,0.01942884740337611,0.06964494530748667,6.371845553917519e-05,0.01942884740337611,0.07472633616683118,0.13032273027495364,6.075480644432981e-05,3.852743823298958e-05,0.024510238262720623,0.06785151323948273,0.053802962040118474,0.017037604646037506,8.0759437834536e-05,0.02809710239872854,0.00011261866560412363,4.5195648696391725e-05,4.8900210064948444e-05,0.00011039592878298961,7.409122737113393e-05,5.556842052835045e-05,7.631396419226799e-05,0.025406954296722597,0.02152118481604739,7.335031509742261e-05,0.02241790085004936,0.00011780505152010299,5.1863859159793746e-05,0.018532131369374146,0.025108048952055283,0.018233226024706818,0.03168396653473643,0.00015336884065824725,6.371845553917519e-05,3.408196459072163e-05
2024-03-12,0.02152118481604739,0.03407520929207501,0.04035222153008886,0.00010520954286701015,0.029292723777397823,4.000926278041234e-05,0.03407520929207501,0.03168396653473643,0.02152118481604739,0.00013114147244690705,0.06546027048214413,0.000288214874473711,0.020026658092710762,0.0030607086027015433,5.7791157349484485e-05,0.029292723777397823,0.01942884740337611,0.06964494530748667,6.371845553917519e-05,0.01942884740337611,0.07472633616683118,0.13032273027495364,6.075480644432981e-05,3.852743823298958e-05,0.024510238262720623,0.06785151323948273,0.053802962040118474,0.017037604646037506,8.0759437834536e-05,0.02809710239872854,0.00011261866560412363,4.5195648696391725e-05,4.8900210064948444e-05,0.00011039592878298961,7.409122737113393e-05,5.556842052835045e-05,7.631396419226799e-05,0.025406954296722597,0.02152118481604739,7.335031509742261e-05,0.02241790085004936,0.00011780505152010299,5.1863859159793746e-05,0.018532131369374146,0.025108048952055283,0.018233226024706818,0.03168396653473643,0.00015336884065824725,6.371845553917519e-05,3.408196459072163e-05
2024-03-13,0.02152118481604739,0.03407520929207501,0.04035222153008886,0.00010520954286701015,0.029292723777397823,4.000926278041234e-05,0.03407520929207501,0.03168396653473643,0.02152118481604739,0.00013114147244690705,0.06546027048214413,0.000288214874473711,0.020026658092710762,0.0030607086027015433,5.7791157349484485e-05,0.029292723777397823,0.01942884740337611,0.06964494530748667,6.371845553917519e-05,0.01942884740337611,0.07472633616683118,0.13032273027495364,6.075480644432981e-05,3.852743823298958e-05,0.024510238262720623,0.06785151323948273,0.053802962040118474,0.017037604646037506,8.0759437834536e-05,0.02809710239872854,0.00011261866560412363,4.5195648696391725e-05,4.8900210064948444e-05,0.00011039592878298961,7.409122737113393e-05,5.556842052835045e-05,7.631396419226799e-05,0.025406954296722597,0.02152118481604739,7.335031509742261e-05,0.02241790085004936,0.00011780505152010299,5.1863859159793746e-05,0.018532131369374146,0.025108048952055283,0.018233226024706818,0.03168396653473643,0.00015336884065824725,6.371845553917519e-05,3.408196459072163e-05
2024-03-14,0.02152118481604739,0.03407520929207501,0.04035222153008886,0.00010520954286701015,0.029292723777397823,4.000926278041234e-05,0.03407520929207501,0.03168396653473643,0.02152118481604739,0.00013114147244690705,0.06546027048214413,0.000288214874473711,0.020026658092710762,0.0030607086027015433,5.7791157349484485e-05,0.029292723777397823,0.01942884740337611,0.06964494530748667,6.371845553917519e-05,0.01942884740337611,0.07472633616683118,0.13032273027495364,6.075480644432981e-05,3.852743823298958e-05,0.024510238262720623,0.06785151323948273,0.053802962040118474,0.017037604646037506,8.0759437834536e-05,0.02809710239872854,0.00011261866560412363,4.5195648696391725e-05,4.8900210064948444e-05,0.00011039592878298961,7.409122737113393e-05,5.556842052835045e-05,7.631396419226799e-05,0.025406954296722597,0.02152118481604739,7.335031509742261e-05,0.02241790085004936,0.00011780505152010299,5.1863859159793746e-05,0.018532131369374146,0.025108048952055283,0.018233226024706818,0.03168396653473643,0.00015336884065824725,6.371845553917519e-05,3.408196459072163e-05
2024-03-15,0.02152118481604739,0.03407520929207501,0.04035222153008886,0.00010520954286701015,0.029292723777397823,4.000926278041234e-05,0.03407520929207501,0.03168396653473643,0.02152118481604739,0.00013114147244690705,0.06546027048214413,0.000288214874473711,0.020026658092710762,0.0030607086027015433,5.7791157349484485e-05,0.029292723777397823,0.01942884740337611,0.06964494530748667,6.371845553917519e-05,0.01942884740337611,0.07472633616683118,0.13032273027495364,6.075480644432981e-05,3.852743823298958e-05,0.024510238262720623,0.06785151323948273,0.053802962040118474,0.017037604646037506,8.0759437834536e-05,0.02809710239872854,0.00011261866560412363,4.5195648696391725e-05,4.8900210064948444e-05,0.00011039592878298961,7.409122737113393e-05,5.556842052835045e-05,7.631396419226799e-05,0.025406954296722597,0.02152118481604739,7.335031509742261e-05,0.02241790085004936,0.00011780505152010299,5.1863859159793746e-05,0.018532131369374146,0.025108048952055283,0.018233226024706818,0.03168396653473643,0.00015336884065824725,6.371845553917519e-05,3.408196459072163e-05
2024-03-18,0.02152118481604739,0.03407520929207501,0.04035222153008886,0.00010520954286701015,0.029292723777397823,4.000926278041234e-05,0.03407520929207501,0.03168396653473643,0.02152118481604739,0.00013114147244690705,0.06546027048214413,0.000288214874473711,0.020026658092710762,0.0030607086027015433,5.7791157349484485e-05,0.029292723777397823,0.01942884740337611,0.06964494530748667,6.371845553917519e-05,0.01942884740337611,0.07472633616683118,0.13032273027495364,6.075480644432981e-05,3.852743823298958e-05,0.024510238262720623,0.06785151323948273,0.053802962040118474,0.017037604646037506,8.0759437834536e-05,0.02809710239872854,0.00011261866560412363,4.5195648696391725e-05,4.8900210064948444e-05,0.00011039592878298961,7.409122737113393e-05,5.556842052835045e-05,7.631396419226799e-05,0.025406954296722597,0.02152118481604739,7.335031509742261e-05,0.02241790085004936,0.00011780505152010299,5.1863859159793746e-05,0.018532131369374146,0.025108048952055283,0.018233226024706818,0.03168396653473643,0.00015336884065824725,6.371845553917519e-05,3.408196459072163e-05
2024-03-19,0.02152118481604739,0.03407520929207501,0.04035222153008886,0.00010520954286701015,0.029292723777397823,4.000926278041234e-05,0.03407520929207501,0.03168396653473643,0.02152118481604739,0.00013114147244690705,0.06546027048214413,0.000288214874473711,0.020026658092710762,0.0030607086027015433,5.7791157349484485e-05,0.029292723777397823,0.01942884740337611,0.06964494530748667,6.371845553917519e-05,0.01942884740337611,0.07472633616683118,0.13032273027495364,6.075480644432981e-05,3.852743823298958e-05,0.024510238262720623,0.06785151323948273,0.053802962040118474,0.017037604646037506,8.0759437834536e-05,0.02809710239872854,0.00011261866560412363,4.5195648696391725e-05,4.8900210064948444e-05,0.00011039592878298961,7.409122737113393e-05,5.556842052835045e-05,7.631396419226799e-05,0.025406954296722597,0.02152118481604739,7.335031509742261e-05,0.02241790085004936,0.00011780505152010299,5.1863859159793746e-05,0.018532131369374146,0.025108048952055283,0.018233226024706818,0.03168396653473643,0.00015336884065824725,6.371845553917519e-05,3.408196459072163e-05
2024-03-20,0.02152118481604739,0.03407520929207501,0.04035222153008886,0.00010520954286701015,0.029292723777397823,4.000926278041234e-05,0.03407520929207501,0.03168396653473643,0.02152118481604739,0.00013114147244690705,0.06546027048214413,0.000288214874473711,0.020026658092710762,0.0030607086027015433,5.7791157349484485e-05,0.029292723777397823,0.01942884740337611,0.06964494530748667,6.371845553917519e-05,0.01942884740337611,0.07472633616683118,0.13032273027495364,6.075480644432981e-05,3.852743823298958e-05,0.024510238262720623,0.06785151323948273,0.053802962040118474,0.017037604646037506,8.0759437834536e-05,0.02809710239872854,0.00011261866560412363,4.5195648696391725e-05,4.8900210064948444e-05,0.00011039592878298961,7.409122737113393e-05,5.556842052835045e-05,7.631396419226799e-05,0.025406954296722597,0.02152118481604739,7.335031509742261e-05,0.02241790085004936,0.00011780505152010299,5.1863859159793746e-05,0.018532131369374146,0.025108048952055283,0.018233226024706818,0.03168396653473643,0.00015336884065824725,6.371845553917519e-05,3.408196459072163e-05
2024-03-21,0.02152118481604739,0.03407520929207501,0.04035222153008886,0.00010520954286701015,0.029292723777397823,4.000926278041234e-05,0.03407520929207501,0.03168396653473643,0.02152118481604739,0.00013114147244690705,0.06546027048214413,0.000288214874473711,0.020026658092710762,0.0030607086027015433,5.7791157349484485e-05,0.029292723777397823,0.01942884740337611,0.06964494530748667,6.371845553917519e-05,0.01942884740337611,0.07472633616683118,0.13032273027495364,6.075480644432981e-05,3.852743823298958e-05,0.024510238262720623,0.06785151323948273,0.053802962040118474,0.017037604646037506,8.0759437834536e-05,0.02809710239872854,0.00011261866560412363,4.5195648696391725e-05,4.8900210064948444e-05,0.00011039592878298961,7.409122737113393e-05,5.556842052835045e-05,7.631396419226799e-05,0.025406954296722597,0.02152118481604739,7.335031509742261e-05,0.02241790085004936,0.00011780505152010299,5.1863859159793746e-05,0.018532131369374146,0.025108048952055283,0.018233226024706818,0.03168396653473643,0.00015336884065824725,6.371845553917519e-05,3.408196459072163e-05
2024-03-22,0.02152118481604739,0.03407520929207501,0.04035222153008886,0.00010520954286701015,0.029292723777397823,4.000926278041234e-05,0.03407520929207501,0.03168396653473643,0.02152118481604739,0.00013114147244690705,0.06546027048214413,0.000288214874473711,0.020026658092710762,0.0030607086027015433,5.7791157349484485e-05,0.029292723777397823,0.01942884740337611,0.06964494530748667,6.371845553917519e-05,0.01942884740337611,0.07472633616683118,0.13032273027495364,6.075480644432981e-05,3.852743823298958e-05,0.024510238262720623,0.06785151323948273,0.053802962040118474,0.017037604646037506,8.0759437834536e-05,0.02809710239872854,0.00011261866560412363,4.5195648696391725e-05,4.8900210064948444e-05,0.00011039592878298961,7.409122737113393e-05,5.556842052835045e-05,7.631396419226799e-05,0.025406954296722597,0.02152118481604739,7.335031509742261e-05,0.02241790085004936,0.00011780505152010299,5.1863859159793746e-05,0.018532131369374146,0.025108048952055283,0.018233226024706818,0.03168396653473643,0.00015336884065824725,6.371845553917519e-05,3.408196459072163e-05
2024-03-25,0.02152118481604739,0.03407520929207501,0.04035222153008886,0.00010520954286701015,0.029292723777397823,4.000926278041234e-05,0.03407520929207501,0.03168396653473643,0.02152118481604739,0.00013114147244690705,0.06546027048214413,0.000288214874473711,0.020026658092710762,0.0030607086027015433,5.7791157349484485e-05,0.029292723777397823,0.01942884740337611,0.06964494530748667,6.371845553917519e-05,0.01942884740337611,0.07472633616683118,0.13032273027495364,6.075480644432981e-05,3.852743823298958e-05,0.024510238262720623,0.06785151323948273,0.053802962040118474,0.017037604646037506,8.0759437834536e-05,0.02809710239872854,0.00011261866560412363,4.5195648696391725e-05,4.8900210064948444e-05,0.00011039592878298961,7.409122737113393e-05,5.556842052835045e-05,7.631396419226799e-05,0.025406954296722597,0.02152118481604739,7.335031509742261e-05,0.02241790085004936,0.00011780505152010299,5.1863859159793746e-05,0.018532131369374146,0.025108048952055283,0.018233226024706818,0.03168396653473643,0.00015336884065824725,6.371845553917519e-05,3.408196459072163e-05
2024-03-26,0.02152118481604739,0.03407520929207501,0.04035222153008886,0.00010520954286701015,0.029292723777397823,4.000926278041234e-05,0.03407520929207501,0.03168396653473643,0.02152118481604739,0.00013114147244690705,0.06546027048214413,0.000288214874473711,0.020026658092710762,0.0030607086027015433,5.7791157349484485e-05,0.029292723777397823,0.01942884740337611,0.06964494530748667,6.371845553917519e-05,0.01942884740337611,0.07472633616683118,0.13032273027495364,6.075480644432981e-05,3.852743823298958e-05,0.024510238262720623,0.06785151323948273,0.053802962040118474,0.017037604646037506,8.0759437834536e-05,0.02809710239872854,0.00011261866560412363,4.5195648696391725e-05,4.8900210064948444e-05,0.00011039592878298961,7.409122737113393e-05,5.556842052835045e-05,7.631396419226799e-05,0.025406954296722597,0.02152118481604739,7.335031509742261e-05,0.02241790085004936,0.00011780505152010299,5.1863859159793746e-05,0.018532131369374146,0.025108048952055283,0.018233226024706818,0.03168396653473643,0.00015336884065824725,6.371845553917519e-05,3.408196459072163e-05
2024-03-27,0.02152118481604739,0.03407520929207501,0.04035222153008886,0.00010520954286701015,0.029292723777397823,4.000926278041234e-05,0.03407520929207501,0.03168396653473643,0.02152118481604739,0.00013114147244690705,0.06546027048214413,0.000288214874473711,0.020026658092710762,0.0030607086027015433,5.7791157349484485e-05,0.029292723777397823,0.01942884740337611,0.06964494530748667,6.371845553917519e-05,0.01942884740337611,0.07472633616683118,0.13032273027495364,6.075480644432981e-05,3.852743823298958e-05,0.024510238262720623,0.06785151323948273,0.053802962040118474,0.017037604646037506,8.0759437834536e-05,0.02809710239872854,0.00011261866560412363,4.5195648696391725e-05,4.8900210064948444e-05,0.00011039592878298961,7.409122737113393e-05,5.556842052835045e-05,7.631396419226799e-05,0.025406954296722597,0.02152118481604739,7.335031509742261e-05,0.02241790085004936,0.00011780505152010299,5.1863859159793746e-05,0.018532131369374146,0.025108048952055283,0.018233226024706818,0.03168396653473643,0.00015336884065824725,6.371845553917519e-05,3.408196459072163e-05
2024-03-28,0.02152118481604739,0.03407520929207501,0.04035222153008886,0.00010520954286701015,0.029292723777397823,4.000926278041234e-05,0.03407520929207501,0.03168396653473643,0.02152118481604739,0.00013114147244690705,0.06546027048214413,0.000288214874473711,0.020026658092710762,0.0030607086027015433,5.7791157349484485e-05,0.029292723777397823,0.01942884740337611,0.06964494530748667,6.371845553917519e-05,0.01942884740337611,0.07472633616683118,0.13032273027495364,6.075480644432981e-05,3.852743823298958e-05,0.024510238262720623,0.06785151323948273,0.053802962040118474,0.017037604646037506,8.0759437834536e-05,0.02809710239872854,0.00011261866560412363,4.5195648696391725e-05,4.8900210064948444e-05,0.00011039592878298961,7.409122737113393e-05,5.556842052835045e-05,7.631396419226799e-05,0.025406954296722597,0.02152118481604739,7.335031509742261e-05,0.02241790085004936,0.00011780505152010299,5.1863859159793746e-05,0.018532131369374146,0.025108048952055283,0.018233226024706818,0.03168396653473643,0.00015336884065824725,6.371845553917519e-05,3.408196459072163e-05
2024-03-29,0.02152118481604739,0.03407520929207501,0.04035222153008886,0.00010520954286701015,0.029292723777397823,4.000926278041234e-05,0.03407520929207501,0.03168396653473643,0.02152118481604739,0.00013114147244690705,0.06546027048214413,0.000288214874473711,0.020026658092710762,0.0030607086027015433,5.7791157349484485e-05,0.029292723777397823,0.01942884740337611,0.06964494530748667,6.371845553917519e-05,0.01942884740337611,0.07472633616683118,0.13032273027495364,6.075480644432981e-05,3.852743823298958e-05,0.024510238262720623,0.06785151323948273,0.053802962040118474,0.017037604646037506,8.0759437834536e-05,0.02809710239872854,0.00011261866560412363,4.5195648696391725e-05,4.8900210064948444e-05,0.00011039592878298961,7.409122737113393e-05,5.556842052835045e-05,7.631396419226799e-05,0.025406954296722597,0.02152118481604739,7.335031509742261e-05,0.02241790085004936,0.00011780505152010299,5.1863859159793746e-05,0.018532131369374146,0.025108048952055283,0.018233226024706818,0.03168396653473643,0.00015336884065824725,6.371845553917519e-05,3.408196459072163e-05
2024-04-01,0.02152118481604739,0.03407520929207501,0.04035222153008886,0.00010520954286701015,0.029292723777397823,4.000926278041234e-05,0.03407520929207501,0.03168396653473643,0.02152118481604739,0.00013114147244690705,0.06546027048214413,0.000288214874473711,0.020026658092710762,0.0030607086027015433,5.7791157349484485e-05,0.029292723777397823,0.01942884740337611,0.06964494530748667,6.371845553917519e-05,0.01942884740337611,0.07472633616683118,0.13032273027495364,6.075480644432981e-05,3.852743823298958e-05,0.024510238262720623,0.06785151323948273,0.053802962040118474,0.017037604646037506,8.0759437834536e-05,0.02809710239872854,0.00011261866560412363,4.5195648696391725e-05,4.8900210064948444e-05,0.00011039592878298961,7.409122737113393e-05,5.556842052835045e-05,7.631396419226799e-05,0.025406954296722597,0.02152118481604739,7.335031509742261e-05,0.02241790085004936,0.00011780505152010299,5.1863859159793746e-05,0.018532131369374146,0.025108048952055283,0.018233226024706818,0.03168396653473643,0.00015336884065824725,6.371845553917519e-05,3.408196459072163e-05
2024-04-02,0.02152118481604739,0.03407520929207501,0.04035222153008886,0.00010520954286701015,0.029292723777397823,4.000926278041234e-05,0.03407520929207501,0.03168396653473643,0.02152118481604739,0.00013114147244690705,0.06546027048214413,0.000288214874473711,0.020026658092710762,0.0030607086027015433,5.7791157349484485e-05,0.029292723777397823,0.01942884740337611,0.06964494530748667,6.371845553917519e-05,0.01942884740337611,0.07472633616683118,0.13032273027495364,6.075480644432981e-05,3.852743823298958e-05,0.024510238262720623,0.06785151323948273,0.053802962040118474,0.017037604646037506,8.0759437834536e-05,0.02809710239872854,0.00011261866560412363,4.5195648696391725e-05,4.8900210064948444e-05,0.00011039592878298961,7.409122737113393e-05,5.556842052835045e-05,7.631396419226799e-05,0.025406954296722597,0.02152118481604739,7.335031509742261e-05,0.02241790085004936,0.00011780505152010299,5.1863859159793746e-05,0.018532131369374146,0.025108048952055283,0.018233226024706818,0.03168396653473643,0.00015336884065824725,6.371845553917519e-05,3.408196459072163e-05
2024-04-03,0.02152118481604739,0.03407520929207501,0.04035222153008886,0.00010520954286701015,0.029292723777397823,4.000926278041234e-05,0.03407520929207501,0.03168396653473643,0.02152118481604739,0.00013114147244690705,0.06546027048214413,0.000288214874473711,0.020026658092710762,0.0030607086027015433,5.7791157349484485e-05,0.029292723777397823,0.01942884740337611,0.06964494530748667,6.371845553917519e-05,0.01942884740337611,0.07472633616683118,0.13032273027495364,6.075480644432981e-05,3.852743823298958e-05,0.024510238262720623,0.06785151323948273,0.053802962040118474,0.017037604646037506,8.0759437834536e-05,0.02809710239872854,0.00011261866560412363,4.5195648696391725e-05,4.8900210064948444e-05,0.00011039592878298961,7.409122737113393e-05,5.556842052835045e-05,7.631396419226799e-05,0.025406954296722597,0.02152118481604739,7.335031509742261e-05,0.02241790085004936,0.00011780505152010299,5.1863859159793746e-05,0.018532131369374146,0.025108048952055283,0.018233226024706818,0.03168396653473643,0.00015336884065824725,6.371845553917519e-05,3.408196459072163e-05
2024-04-08,0.02152118481604739,0.03407520929207501,0.04035222153008886,0.00010520954286701015,0.029292723777397823,4.000926278041234e-05,0.03407520929207501,0.03168396653473643,0.02152118481604739,0.00013114147244690705,0.06546027048214413,0.000288214874473711,0.020026658092710762,0.0030607086027015433,5.7791157349484485e-05,0.029292723777397823,0.01942884740337611,0.06964494530748667,6.371845553917519e-05,0.01942884740337611,0.07472633616683118,0.13032273027495364,6.075480644432981e-05,3.852743823298958e-05,0.024510238262720623,0.06785151323948273,0.053802962040118474,0.017037604646037506,8.0759437834536e-05,0.02809710239872854,0.00011261866560412363,4.5195648696391725e-05,4.8900210064948444e-05,0.00011039592878298961,7.409122737113393e-05,5.556842052835045e-05,7.631396419226799e-05,0.025406954296722597,0.02152118481604739,7.335031509742261e-05,0.02241790085004936,0.00011780505152010299,5.1863859159793746e-05,0.018532131369374146,0.025108048952055283,0.018233226024706818,0.03168396653473643,0.00015336884065824725,6.371845553917519e-05,3.408196459072163e-05
2024-04-09,0.02152118481604739,0.03407520929207501,0.04035222153008886,0.00010520954286701015,0.029292723777397823,4.000926278041234e-05,0.03407520929207501,0.03168396653473643,0.02152118481604739,0.00013114147244690705,0.06546027048214413,0.000288214874473711,0.020026658092710762,0.0030607086027015433,5.7791157349484485e-05,0.029292723777397823,0.01942884740337611,0.06964494530748667,6.371845553917519e-05,0.01942884740337611,0.07472633616683118,0.13032273027495364,6.075480644432981e-05,3.852743823298958e-05,0.024510238262720623,0.06785151323948273,0.053802962040118474,0.017037604646037506,8.0759437834536e-05,0.02809710239872854,0.00011261866560412363,4.5195648696391725e-05,4.8900210064948444e-05,0.00011039592878298961,7.409122737113393e-05,5.556842052835045e-05,7.631396419226799e-05,0.025406954296722597,0.02152118481604739,7.335031509742261e-05,0.02241790085004936,0.00011780505152010299,5.1863859159793746e-05,0.018532131369374146,0.025108048952055283,0.018233226024706818,0.03168396653473643,0.00015336884065824725,6.371845553917519e-05,3.408196459072163e-05
2024-04-10,0.02152118481604739,0.03407520929207501,0.04035222153008886,0.00010520954286701015,0.029292723777397823,4.000926278041234e-05,0.03407520929207501,0.03168396653473643,0.02152118481604739,0.00013114147244690705,0.06546027048214413,0.000288214874473711,0.020026658092710762,0.0030607086027015433,5.7791157349484485e-05,0.029292723777397823,0.01942884740337611,0.06964494530748667,6.371845553917519e-05,0.01942884740337611,0.07472633616683118,0.13032273027495364,6.075480644432981e-05,3.852743823298958e-05,0.024510238262720623,0.06785151323948273,0.053802962040118474,0.017037604646037506,8.0759437834536e-05,0.02809710239872854,0.00011261866560412363,4.5195648696391725e-05,4.8900210064948444e-05,0.00011039592878298961,7.409122737113393e-05,5.556842052835045e-05,7.631396419226799e-05,0.025406954296722597,0.02152118481604739,7.335031509742261e-05,0.02241790085004936,0.00011780505152010299,5.1863859159793746e-05,0.018532131369374146,0.025108048952055283,0.018233226024706818,0.03168396653473643,0.00015336884065824725,6.371845553917519e-05,3.408196459072163e-05
2024-04-11,0.02152118481604739,0.03407520929207501,0.04035222153008886,0.00010520954286701015,0.029292723777397823,4.000926278041234e-05,0.03407520929207501,0.03168396653473643,0.02152118481604739,0.00013114147244690705,0.06546027048214413,0.000288214874473711,0.020026658092710762,0.0030607086027015433,5.7791157349484485e-05,0.029292723777397823,0.01942884740337611,0.06964494530748667,6.371845553917519e-05,0.01942884740337611,0.07472633616683118,0.13032273027495364,6.075480644432981e-05,3.852743823298958e-05,0.024510238262720623,0.06785151323948273,0.053802962040118474,0.017037604646037506,8.0759437834536e-05,0.02809710239872854,0.00011261866560412363,4.5195648696391725e-05,4.8900210064948444e-05,0.00011039592878298961,7.409122737113393e-05,5.556842052835045e-05,7.631396419226799e-05,0.025406954296722597,0.02152118481604739,7.335031509742261e-05,0.02241790085004936,0.00011780505152010299,5.1863859159793746e-05,0.018532131369374146,0.025108048952055283,0.018233226024706818,0.03168396653473643,0.00015336884065824725,6.371845553917519e-05,3.408196459072163e-05
2024-04-12,0.02152118481604739,0.03407520929207501,0.04035222153008886,0.00010520954286701015,0.029292723777397823,4.000926278041234e-05,0.03407520929207501,0.03168396653473643,0.02152118481604739,0.00013114147244690705,0.06546027048214413,0.000288214874473711,0.020026658092710762,0.0030607086027015433,5.7791157349484485e-05,0.029292723777397823,0.01942884740337611,0.06964494530748667,6.371845553917519e-05,0.01942884740337611,0.07472633616683118,0.13032273027495364,6.075480644432981e-05,3.852743823298958e-05,0.024510238262720623,0.06785151323948273,0.053802962040118474,0.017037604646037506,8.0759437834536e-05,0.02809710239872854,0.00011261866560412363,4.5195648696391725e-05,4.8900210064948444e-05,0.00011039592878298961,7.409122737113393e-05,5.556842052835045e-05,7.631396419226799e-05,0.025406954296722597,0.02152118481604739,7.335031509742261e-05,0.02241790085004936,0.00011780505152010299,5.1863859159793746e-05,0.018532131369374146,0.025108048952055283,0.018233226024706818,0.03168396653473643,0.00015336884065824725,6.371845553917519e-05,3.408196459072163e-05
2024-04-15,0.02152118481604739,0.03407520929207501,0.04035222153008886,0.00010520954286701015,0.029292723777397823,4.000926278041234e-05,0.03407520929207501,0.03168396653473643,0.02152118481604739,0.00013114147244690705,0.06546027048214413,0.000288214874473711,0.020026658092710762,0.0030607086027015433,5.7791157349484485e-05,0.029292723777397823,0.01942884740337611,0.06964494530748667,6.371845553917519e-05,0.01942884740337611,0.07472633616683118,0.13032273027495364,6.075480644432981e-05,3.852743823298958e-05,0.024510238262720623,0.06785151323948273,0.053802962040118474,0.017037604646037506,8.0759437834536e-05,0.02809710239872854,0.00011261866560412363,4.5195648696391725e-05,4.8900210064948444e-05,0.00011039592878298961,7.409122737113393e-05,5.556842052835045e-05,7.631396419226799e-05,0.025406954296722597,0.02152118481604739,7.335031509742261e-05,0.02241790085004936,0.00011780505152010299,5.1863859159793746e-05,0.018532131369374146,0.025108048952055283,0.018233226024706818,0.03168396653473643,0.00015336884065824725,6.371845553917519e-05,3.408196459072163e-05
2024-04-16,0.02152118481604739,0.03407520929207501,0.04035222153008886,0.00010520954286701015,0.029292723777397823,4.000926278041234e-05,0.03407520929207501,0.03168396653473643,0.02152118481604739,0.00013114147244690705,0.06546027048214413,0.000288214874473711,0.020026658092710762,0.0030607086027015433,5.7791157349484485e-05,0.029292723777397823,0.01942884740337611,0.06964494530748667,6.371845553917519e-05,0.01942884740337611,0.07472633616683118,0.13032273027495364,6.075480644432981e-05,3.852743823298958e-05,0.024510238262720623,0.06785151323948273,0.053802962040118474,0.017037604646037506,8.0759437834536e-05,0.02809710239872854,0.00011261866560412363,4.5195648696391725e-05,4.8900210064948444e-05,0.00011039592878298961,7.409122737113393e-05,5.556842052835045e-05,7.631396419226799e-05,0.025406954296722597,0.02152118481604739,7.335031509742261e-05,0.02241790085004936,0.00011780505152010299,5.1863859159793746e-05,0.018532131369374146,0.025108048952055283,0.018233226024706818,0.03168396653473643,0.00015336884065824725,6.371845553917519e-05,3.408196459072163e-05
2024-04-17,0.02152118481604739,0.03407520929207501,0.04035222153008886,0.00010520954286701015,0.029292723777397823,4.000926278041234e-05,0.03407520929207501,0.03168396653473643,0.02152118481604739,0.00013114147244690705,0.06546027048214413,0.000288214874473711,0.020026658092710762,0.0030607086027015433,5.7791157349484485e-05,0.029292723777397823,0.01942884740337611,0.06964494530748667,6.371845553917519e-05,0.01942884740337611,0.07472633616683118,0.13032273027495364,6.075480644432981e-05,3.852743823298958e-05,0.024510238262720623,0.06785151323948273,0.053802962040118474,0.017037604646037506,8.0759437834536e-05,0.02809710239872854,0.00011261866560412363,4.5195648696391725e-05,4.8900210064948444e-05,0.00011039592878298961,7.409122737113393e-05,5.556842052835045e-05,7.631396419226799e-05,0.025406954296722597,0.02152118481604739,7.335031509742261e-05,0.02241790085004936,0.00011780505152010299,5.1863859159793746e-05,0.018532131369374146,0.025108048952055283,0.018233226024706818,0.03168396653473643,0.00015336884065824725,6.371845553917519e-05,3.408196459072163e-05
2024-04-18,0.02152118481604739,0.03407520929207501,0.04035222153008886,0.00010520954286701015,0.029292723777397823,4.000926278041234e-05,0.03407520929207501,0.03168396653473643,0.02152118481604739,0.00013114147244690705,0.06546027048214413,0.000288214874473711,0.020026658092710762,0.0030607086027015433,5.7791157349484485e-05,0.029292723777397823,0.01942884740337611,0.06964494530748667,6.371845553917519e-05,0.01942884740337611,0.07472633616683118,0.13032273027495364,6.075480644432981e-05,3.852743823298958e-05,0.024510238262720623,0.06785151323948273,0.053802962040118474,0.017037604646037506,8.0759437834536e-05,0.02809710239872854,0.00011261866560412363,4.5195648696391725e-05,4.8900210064948444e-05,0.00011039592878298961,7.409122737113393e-05,5.556842052835045e-05,7.631396419226799e-05,0.025406954296722597,0.02152118481604739,7.335031509742261e-05,0.02241790085004936,0.00011780505152010299,5.1863859159793746e-05,0.018532131369374146,0.025108048952055283,0.018233226024706818,0.03168396653473643,0.00015336884065824725,6.371845553917519e-05,3.408196459072163e-05
2024-04-19,0.02152118481604739,0.03407520929207501,0.04035222153008886,0.00010520954286701015,0.029292723777397823,4.000926278041234e-05,0.03407520929207501,0.03168396653473643,0.02152118481604739,0.00013114147244690705,0.06546027048214413,0.000288214874473711,0.020026658092710762,0.0030607086027015433,5.7791157349484485e-05,0.029292723777397823,0.01942884740337611,0.06964494530748667,6.371845553917519e-05,0.01942884740337611,0.07472633616683118,0.13032273027495364,6.075480644432981e-05,3.852743823298958e-05,0.024510238262720623,0.06785151323948273,0.053802962040118474,0.017037604646037506,8.0759437834536e-05,0.02809710239872854,0.00011261866560412363,4.5195648696391725e-05,4.8900210064948444e-05,0.00011039592878298961,7.409122737113393e-05,5.556842052835045e-05,7.631396419226799e-05,0.025406954296722597,0.02152118481604739,7.335031509742261e-05,0.02241790085004936,0.00011780505152010299,5.1863859159793746e-05,0.018532131369374146,0.025108048952055283,0.018233226024706818,0.03168396653473643,0.00015336884065824725,6.371845553917519e-05,3.408196459072163e-05
2024-04-22,0.02152118481604739,0.03407520929207501,0.04035222153008886,0.00010520954286701015,0.029292723777397823,4.000926278041234e-05,0.03407520929207501,0.03168396653473643,0.02152118481604739,0.00013114147244690705,0.06546027048214413,0.000288214874473711,0.020026658092710762,0.0030607086027015433,5.7791157349484485e-05,0.029292723777397823,0.01942884740337611,0.06964494530748667,6.371845553917519e-05,0.01942884740337611,0.07472633616683118,0.13032273027495364,6.075480644432981e-05,3.852743823298958e-05,0.024510238262720623,0.06785151323948273,0.053802962040118474,0.017037604646037506,8.0759437834536e-05,0.02809710239872854,0.00011261866560412363,4.5195648696391725e-05,4.8900210064948444e-05,0.00011039592878298961,7.409122737113393e-05,5.556842052835045e-05,7.631396419226799e-05,0.025406954296722597,0.02152118481604739,7.335031509742261e-05,0.02241790085004936,0.00011780505152010299,5.1863859159793746e-05,0.018532131369374146,0.025108048952055283,0.018233226024706818,0.03168396653473643,0.00015336884065824725,6.371845553917519e-05,3.408196459072163e-05
2024-04-23,0.02152118481604739,0.03407520929207501,0.04035222153008886,0.00010520954286701015,0.029292723777397823,4.000926278041234e-05,0.03407520929207501,0.03168396653473643,0.02152118481604739,0.00013114147244690705,0.06546027048214413,0.000288214874473711,0.020026658092710762,0.0030607086027015433,5.7791157349484485e-05,0.029292723777397823,0.01942884740337611,0.06964494530748667,6.371845553917519e-05,0.01942884740337611,0.07472633616683118,0.13032273027495364,6.075480644432981e-05,3.852743823298958e-05,0.024510238262720623,0.06785151323948273,0.053802962040118474,0.017037604646037506,8.0759437834536e-05,0.02809710239872854,0.00011261866560412363,4.5195648696391725e-05,4.8900210064948444e-05,0.00011039592878298961,7.409122737113393e-05,5.556842052835045e-05,7.631396419226799e-05,0.025406954296722597,0.02152118481604739,7.335031509742261e-05,0.02241790085004936,0.00011780505152010299,5.1863859159793746e-05,0.018532131369374146,0.025108048952055283,0.018233226024706818,0.03168396653473643,0.00015336884065824725,6.371845553917519e-05,3.408196459072163e-05
2024-04-24,0.02152118481604739,0.03407520929207501,0.04035222153008886,0.00010520954286701015,0.029292723777397823,4.000926278041234e-05,0.03407520929207501,0.03168396653473643,0.02152118481604739,0.00013114147244690705,0.06546027048214413,0.000288214874473711,0.020026658092710762,0.0030607086027015433,5.7791157349484485e-05,0.029292723777397823,0.01942884740337611,0.06964494530748667,6.371845553917519e-05,0.01942884740337611,0.07472633616683118,0.13032273027495364,6.075480644432981e-05,3.852743823298958e-05,0.024510238262720623,0.06785151323948273,0.053802962040118474,0.017037604646037506,8.0759437834536e-05,0.02809710239872854,0.00011261866560412363,4.5195648696391725e-05,4.8900210064948444e-05,0.00011039592878298961,7.409122737113393e-05,5.556842052835045e-05,7.631396419226799e-05,0.025406954296722597,0.02152118481604739,7.335031509742261e-05,0.02241790085004936,0.00011780505152010299,5.1863859159793746e-05,0.018532131369374146,0.025108048952055283,0.018233226024706818,0.03168396653473643,0.00015336884065824725,6.371845553917519e-05,3.408196459072163e-05
2024-04-25,0.02152118481604739,0.03407520929207501,0.04035222153008886,0.00010520954286701015,0.029292723777397823,4.000926278041234e-05,0.03407520929207501,0.03168396653473643,0.02152118481604739,0.00013114147244690705,0.06546027048214413,0.000288214874473711,0.020026658092710762,0.0030607086027015433,5.7791157349484485e-05,0.029292723777397823,0.01942884740337611,0.06964494530748667,6.371845553917519e-05,0.01942884740337611,0.07472633616683118,0.13032273027495364,6.075480644432981e-05,3.852743823298958e-05,0.024510238262720623,0.06785151323948273,0.053802962040118474,0.017037604646037506,8.0759437834536e-05,0.02809710239872854,0.00011261866560412363,4.5195648696391725e-05,4.8900210064948444e-05,0.00011039592878298961,7.409122737113393e-05,5.556842052835045e-05,7.631396419226799e-05,0.025406954296722597,0.02152118481604739,7.335031509742261e-05,0.02241790085004936,0.00011780505152010299,5.1863859159793746e-05,0.018532131369374146,0.025108048952055283,0.018233226024706818,0.03168396653473643,0.00015336884065824725,6.371845553917519e-05,3.408196459072163e-05
2024-04-26,0.02152118481604739,0.03407520929207501,0.04035222153008886,0.00010520954286701015,0.029292723777397823,4.000926278041234e-05,0.03407520929207501,0.03168396653473643,0.02152118481604739,0.00013114147244690705,0.06546027048214413,0.000288214874473711,0.020026658092710762,0.0030607086027015433,5.7791157349484485e-05,0.029292723777397823,0.01942884740337611,0.06964494530748667,6.371845553917519e-05,0.01942884740337611,0.07472633616683118,0.13032273027495364,6.075480644432981e-05,3.852743823298958e-05,0.024510238262720623,0.06785151323948273,0.053802962040118474,0.017037604646037506,8.0759437834536e-05,0.02809710239872854,0.00011261866560412363,4.5195648696391725e-05,4.8900210064948444e-05,0.00011039592878298961,7.409122737113393e-05,5.556842052835045e-05,7.631396419226799e-05,0.025406954296722597,0.02152118481604739,7.335031509742261e-05,0.02241790085004936,0.00011780505152010299,5.1863859159793746e-05,0.018532131369374146,0.025108048952055283,0.018233226024706818,0.03168396653473643,0.00015336884065824725,6.371845553917519e-05,3.408196459072163e-05
2024-04-29,0.02152118481604739,0.03407520929207501,0.04035222153008886,0.00010520954286701015,0.029292723777397823,4.000926278041234e-05,0.03407520929207501,0.03168396653473643,0.02152118481604739,0.00013114147244690705,0.06546027048214413,0.000288214874473711,0.020026658092710762,0.0030607086027015433,5.7791157349484485e-05,0.029292723777397823,0.01942884740337611,0.06964494530748667,6.371845553917519e-05,0.01942884740337611,0.07472633616683118,0.13032273027495364,6.075480644432981e-05,3.852743823298958e-05,0.024510238262720623,0.06785151323948273,0.053802962040118474,0.017037604646037506,8.0759437834536e-05,0.02809710239872854,0.00011261866560412363,4.5195648696391725e-05,4.8900210064948444e-05,0.00011039592878298961,7.409122737113393e-05,5.556842052835045e-05,7.631396419226799e-05,0.025406954296722597,0.02152118481604739,7.335031509742261e-05,0.02241790085004936,0.00011780505152010299,5.1863859159793746e-05,0.018532131369374146,0.025108048952055283,0.018233226024706818,0.03168396653473643,0.00015336884065824725,6.371845553917519e-05,3.408196459072163e-05
2024-04-30,0.02152118481604739,0.03407520929207501,0.04035222153008886,0.00010520954286701015,0.029292723777397823,4.000926278041234e-05,0.03407520929207501,0.03168396653473643,0.02152118481604739,0.00013114147244690705,0.06546027048214413,0.000288214874473711,0.020026658092710762,0.0030607086027015433,5.7791157349484485e-05,0.029292723777397823,0.01942884740337611,0.06964494530748667,6.371845553917519e-05,0.01942884740337611,0.07472633616683118,0.13032273027495364,6.075480644432981e-05,3.852743823298958e-05,0.024510238262720623,0.06785151323948273,0.053802962040118474,0.017037604646037506,8.0759437834536e-05,0.02809710239872854,0.00011261866560412363,4.5195648696391725e-05,4.8900210064948444e-05,0.00011039592878298961,7.409122737113393e-05,5.556842052835045e-05,7.631396419226799e-05,0.025406954296722597,0.02152118481604739,7.335031509742261e-05,0.02241790085004936,0.00011780505152010299,5.1863859159793746e-05,0.018532131369374146,0.025108048952055283,0.018233226024706818,0.03168396653473643,0.00015336884065824725,6.371845553917519e-05,3.408196459072163e-05
2024-05-02,0.02152118481604739,0.03407520929207501,0.04035222153008886,0.00010520954286701015,0.029292723777397823,4.000926278041234e-05,0.03407520929207501,0.03168396653473643,0.02152118481604739,0.00013114147244690705,0.06546027048214413,0.000288214874473711,0.020026658092710762,0.0030607086027015433,5.7791157349484485e-05,0.029292723777397823,0.01942884740337611,0.06964494530748667,6.371845553917519e-05,0.01942884740337611,0.07472633616683118,0.13032273027495364,6.075480644432981e-05,3.852743823298958e-05,0.024510238262720623,0.06785151323948273,0.053802962040118474,0.017037604646037506,8.0759437834536e-05,0.02809710239872854,0.00011261866560412363,4.5195648696391725e-05,4.8900210064948444e-05,0.00011039592878298961,7.409122737113393e-05,5.556842052835045e-05,7.631396419226799e-05,0.025406954296722597,0.02152118481604739,7.335031509742261e-05,0.02241790085004936,0.00011780505152010299,5.1863859159793746e-05,0.018532131369374146,0.025108048952055283,0.018233226024706818,0.03168396653473643,0.00015336884065824725,6.371845553917519e-05,3.408196459072163e-05
2024-05-03,0.02152118481604739,0.03407520929207501,0.04035222153008886,0.00010520954286701015,0.029292723777397823,4.000926278041234e-05,0.03407520929207501,0.03168396653473643,0.02152118481604739,0.00013114147244690705,0.06546027048214413,0.000288214874473711,0.020026658092710762,0.0030607086027015433,5.7791157349484485e-05,0.029292723777397823,0.01942884740337611,0.06964494530748667,6.371845553917519e-05,0.01942884740337611,0.07472633616683118,0.13032273027495364,6.075480644432981e-05,3.852743823298958e-05,0.024510238262720623,0.06785151323948273,0.053802962040118474,0.017037604646037506,8.0759437834536e-05,0.02809710239872854,0.00011261866560412363,4.5195648696391725e-05,4.8900210064948444e-05,0.00011039592878298961,7.409122737113393e-05,5.556842052835045e-05,7.631396419226799e-05,0.025406954296722597,0.02152118481604739,7.335031509742261e-05,0.02241790085004936,0.00011780505152010299,5.1863859159793746e-05,0.018532131369374146,0.025108048952055283,0.018233226024706818,0.03168396653473643,0.00015336884065824725,6.371845553917519e-05,3.408196459072163e-05
2024-05-06,0.02152118481604739,0.03407520929207501,0.04035222153008886,0.00010520954286701015,0.029292723777397823,4.000926278041234e-05,0.03407520929207501,0.03168396653473643,0.02152118481604739,0.00013114147244690705,0.06546027048214413,0.000288214874473711,0.020026658092710762,0.0030607086027015433,5.7791157349484485e-05,0.029292723777397823,0.01942884740337611,0.06964494530748667,6.371845553917519e-05,0.01942884740337611,0.07472633616683118,0.13032273027495364,6.075480644432981e-05,3.852743823298958e-05,0.024510238262720623,0.06785151323948273,0.053802962040118474,0.017037604646037506,8.0759437834536e-05,0.02809710239872854,0.00011261866560412363,4.5195648696391725e-05,4.8900210064948444e-05,0.00011039592878298961,7.409122737113393e-05,5.556842052835045e-05,7.631396419226799e-05,0.025406954296722597,0.02152118481604739,7.335031509742261e-05,0.02241790085004936,0.00011780505152010299,5.1863859159793746e-05,0.018532131369374146,0.025108048952055283,0.018233226024706818,0.03168396653473643,0.00015336884065824725,6.371845553917519e-05,3.408196459072163e-05
2024-05-07,0.02152118481604739,0.03407520929207501,0.04035222153008886,0.00010520954286701015,0.029292723777397823,4.000926278041234e-05,0.03407520929207501,0.03168396653473643,0.02152118481604739,0.00013114147244690705,0.06546027048214413,0.000288214874473711,0.020026658092710762,0.0030607086027015433,5.7791157349484485e-05,0.029292723777397823,0.01942884740337611,0.06964494530748667,6.371845553917519e-05,0.01942884740337611,0.07472633616683118,0.13032273027495364,6.075480644432981e-05,3.852743823298958e-05,0.024510238262720623,0.06785151323948273,0.053802962040118474,0.017037604646037506,8.0759437834536e-05,0.02809710239872854,0.00011261866560412363,4.5195648696391725e-05,4.8900210064948444e-05,0.00011039592878298961,7.409122737113393e-05,5.556842052835045e-05,7.631396419226799e-05,0.025406954296722597,0.02152118481604739,7.335031509742261e-05,0.02241790085004936,0.00011780505152010299,5.1863859159793746e-05,0.018532131369374146,0.025108048952055283,0.018233226024706818,0.03168396653473643,0.00015336884065824725,6.371845553917519e-05,3.408196459072163e-05
2024-05-08,0.02152118481604739,0.03407520929207501,0.04035222153008886,0.00010520954286701015,0.029292723777397823,4.000926278041234e-05,0.03407520929207501,0.03168396653473643,0.02152118481604739,0.00013114147244690705,0.06546027048214413,0.000288214874473711,0.020026658092710762,0.0030607086027015433,5.7791157349484485e-05,0.029292723777397823,0.01942884740337611,0.06964494530748667,6.371845553917519e-05,0.01942884740337611,0.07472633616683118,0.13032273027495364,6.075480644432981e-05,3.852743823298958e-05,0.024510238262720623,0.06785151323948273,0.053802962040118474,0.017037604646037506,8.0759437834536e-05,0.02809710239872854,0.00011261866560412363,4.5195648696391725e-05,4.8900210064948444e-05,0.00011039592878298961,7.409122737113393e-05,5.556842052835045e-05,7.631396419226799e-05,0.025406954296722597,0.02152118481604739,7.335031509742261e-05,0.02241790085004936,0.00011780505152010299,5.1863859159793746e-05,0.018532131369374146,0.025108048952055283,0.018233226024706818,0.03168396653473643,0.00015336884065824725,6.371845553917519e-05,3.408196459072163e-05
2024-05-09,0.02152118481604739,0.03407520929207501,0.04035222153008886,0.00010520954286701015,0.029292723777397823,4.000926278041234e-05,0.03407520929207501,0.03168396653473643,0.02152118481604739,0.00013114147244690705,0.06546027048214413,0.000288214874473711,0.020026658092710762,0.0030607086027015433,5.7791157349484485e-05,0.029292723777397823,0.01942884740337611,0.06964494530748667,6.371845553917519e-05,0.01942884740337611,0.07472633616683118,0.13032273027495364,6.075480644432981e-05,3.852743823298958e-05,0.024510238262720623,0.06785151323948273,0.053802962040118474,0.017037604646037506,8.0759437834536e-05,0.02809710239872854,0.00011261866560412363,4.5195648696391725e-05,4.8900210064948444e-05,0.00011039592878298961,7.409122737113393e-05,5.556842052835045e-05,7.631396419226799e-05,0.025406954296722597,0.02152118481604739,7.335031509742261e-05,0.02241790085004936,0.00011780505152010299,5.1863859159793746e-05,0.018532131369374146,0.025108048952055283,0.018233226024706818,0.03168396653473643,0.00015336884065824725,6.371845553917519e-05,3.408196459072163e-05
2024-05-10,0.02152118481604739,0.03407520929207501,0.04035222153008886,0.00010520954286701015,0.029292723777397823,4.000926278041234e-05,0.03407520929207501,0.03168396653473643,0.02152118481604739,0.00013114147244690705,0.06546027048214413,0.000288214874473711,0.020026658092710762,0.0030607086027015433,5.7791157349484485e-05,0.029292723777397823,0.01942884740337611,0.06964494530748667,6.371845553917519e-05,0.01942884740337611,0.07472633616683118,0.13032273027495364,6.075480644432981e-05,3.852743823298958e-05,0.024510238262720623,0.06785151323948273,0.053802962040118474,0.017037604646037506,8.0759437834536e-05,0.02809710239872854,0.00011261866560412363,4.5195648696391725e-05,4.8900210064948444e-05,0.00011039592878298961,7.409122737113393e-05,5.556842052835045e-05,7.631396419226799e-05,0.025406954296722597,0.02152118481604739,7.335031509742261e-05,0.02241790085004936,0.00011780505152010299,5.1863859159793746e-05,0.018532131369374146,0.025108048952055283,0.018233226024706818,0.03168396653473643,0.00015336884065824725,6.371845553917519e-05,3.408196459072163e-05
2024-05-13,0.02152118481604739,0.03407520929207501,0.04035222153008886,0.00010520954286701015,0.029292723777397823,4.000926278041234e-05,0.03407520929207501,0.03168396653473643,0.02152118481604739,0.00013114147244690705,0.06546027048214413,0.000288214874473711,0.020026658092710762,0.0030607086027015433,5.7791157349484485e-05,0.029292723777397823,0.01942884740337611,0.06964494530748667,6.371845553917519e-05,0.01942884740337611,0.07472633616683118,0.13032273027495364,6.075480644432981e-05,3.852743823298958e-05,0.024510238262720623,0.06785151323948273,0.053802962040118474,0.017037604646037506,8.0759437834536e-05,0.02809710239872854,0.00011261866560412363,4.5195648696391725e-05,4.8900210064948444e-05,0.00011039592878298961,7.409122737113393e-05,5.556842052835045e-05,7.631396419226799e-05,0.025406954296722597,0.02152118481604739,7.335031509742261e-05,0.02241790085004936,0.00011780505152010299,5.1863859159793746e-05,0.018532131369374146,0.025108048952055283,0.018233226024706818,0.03168396653473643,0.00015336884065824725,6.371845553917519e-05,3.408196459072163e-05
2024-05-14,0.02152118481604739,0.03407520929207501,0.04035222153008886,0.00010520954286701015,0.029292723777397823,4.000926278041234e-05,0.03407520929207501,0.03168396653473643,0.02152118481604739,0.00013114147244690705,0.06546027048214413,0.000288214874473711,0.020026658092710762,0.0030607086027015433,5.7791157349484485e-05,0.029292723777397823,0.01942884740337611,0.06964494530748667,6.371845553917519e-05,0.01942884740337611,0.07472633616683118,0.13032273027495364,6.075480644432981e-05,3.852743823298958e-05,0.024510238262720623,0.06785151323948273,0.053802962040118474,0.017037604646037506,8.0759437834536e-05,0.02809710239872854,0.00011261866560412363,4.5195648696391725e-05,4.8900210064948444e-05,0.00011039592878298961,7.409122737113393e-05,5.556842052835045e-05,7.631396419226799e-05,0.025406954296722597,0.02152118481604739,7.335031509742261e-05,0.02241790085004936,0.00011780505152010299,5.1863859159793746e-05,0.018532131369374146,0.025108048952055283,0.018233226024706818,0.03168396653473643,0.00015336884065824725,6.371845553917519e-05,3.408196459072163e-05
2024-05-15,0.02152118481604739,0.03407520929207501,0.04035222153008886,0.00010520954286701015,0.029292723777397823,4.000926278041234e-05,0.03407520929207501,0.03168396653473643,0.02152118481604739,0.00013114147244690705,0.06546027048214413,0.000288214874473711,0.020026658092710762,0.0030607086027015433,5.7791157349484485e-05,0.029292723777397823,0.01942884740337611,0.06964494530748667,6.371845553917519e-05,0.01942884740337611,0.07472633616683118,0.13032273027495364,6.075480644432981e-05,3.852743823298958e-05,0.024510238262720623,0.06785151323948273,0.053802962040118474,0.017037604646037506,8.0759437834536e-05,0.02809710239872854,0.00011261866560412363,4.5195648696391725e-05,4.8900210064948444e-05,0.00011039592878298961,7.409122737113393e-05,5.556842052835045e-05,7.631396419226799e-05,0.025406954296722597,0.02152118481604739,7.335031509742261e-05,0.02241790085004936,0.00011780505152010299,5.1863859159793746e-05,0.018532131369374146,0.025108048952055283,0.018233226024706818,0.03168396653473643,0.00015336884065824725,6.371845553917519e-05,3.408196459072163e-05
2024-05-16,0.02152118481604739,0.03407520929207501,0.04035222153008886,0.00010520954286701015,0.029292723777397823,4.000926278041234e-05,0.03407520929207501,0.03168396653473643,0.02152118481604739,0.00013114147244690705,0.06546027048214413,0.000288214874473711,0.020026658092710762,0.0030607086027015433,5.7791157349484485e-05,0.029292723777397823,0.01942884740337611,0.06964494530748667,6.371845553917519e-05,0.01942884740337611,0.07472633616683118,0.13032273027495364,6.075480644432981e-05,3.852743823298958e-05,0.024510238262720623,0.06785151323948273,0.053802962040118474,0.017037604646037506,8.0759437834536e-05,0.02809710239872854,0.00011261866560412363,4.5195648696391725e-05,4.8900210064948444e-05,0.00011039592878298961,7.409122737113393e-05,5.556842052835045e-05,7.631396419226799e-05,0.025406954296722597,0.02152118481604739,7.335031509742261e-05,0.02241790085004936,0.00011780505152010299,5.1863859159793746e-05,0.018532131369374146,0.025108048952055283,0.018233226024706818,0.03168396653473643,0.00015336884065824725,6.371845553917519e-05,3.408196459072163e-05
2024-05-17,0.02152118481604739,0.03407520929207501,0.04035222153008886,0.00010520954286701015,0.029292723777397823,4.000926278041234e-05,0.03407520929207501,0.03168396653473643,0.02152118481604739,0.00013114147244690705,0.06546027048214413,0.000288214874473711,0.020026658092710762,0.0030607086027015433,5.7791157349484485e-05,0.029292723777397823,0.01942884740337611,0.06964494530748667,6.371845553917519e-05,0.01942884740337611,0.07472633616683118,0.13032273027495364,6.075480644432981e-05,3.852743823298958e-05,0.024510238262720623,0.06785151323948273,0.053802962040118474,0.017037604646037506,8.0759437834536e-05,0.02809710239872854,0.00011261866560412363,4.5195648696391725e-05,4.8900210064948444e-05,0.00011039592878298961,7.409122737113393e-05,5.556842052835045e-05,7.631396419226799e-05,0.025406954296722597,0.02152118481604739,7.335031509742261e-05,0.02241790085004936,0.00011780505152010299,5.1863859159793746e-05,0.018532131369374146,0.025108048952055283,0.018233226024706818,0.03168396653473643,0.00015336884065824725,6.371845553917519e-05,3.408196459072163e-05
2024-05-20,0.02152118481604739,0.03407520929207501,0.04035222153008886,0.00010520954286701015,0.029292723777397823,4.000926278041234e-05,0.03407520929207501,0.03168396653473643,0.02152118481604739,0.00013114147244690705,0.06546027048214413,0.000288214874473711,0.020026658092710762,0.0030607086027015433,5.7791157349484485e-05,0.029292723777397823,0.01942884740337611,0.06964494530748667,6.371845553917519e-05,0.01942884740337611,0.07472633616683118,0.13032273027495364,6.075480644432981e-05,3.852743823298958e-05,0.024510238262720623,0.06785151323948273,0.053802962040118474,0.017037604646037506,8.0759437834536e-05,0.02809710239872854,0.00011261866560412363,4.5195648696391725e-05,4.8900210064948444e-05,0.00011039592878298961,7.409122737113393e-05,5.556842052835045e-05,7.631396419226799e-05,0.025406954296722597,0.02152118481604739,7.335031509742261e-05,0.02241790085004936,0.00011780505152010299,5.1863859159793746e-05,0.018532131369374146,0.025108048952055283,0.018233226024706818,0.03168396653473643,0.00015336884065824725,6.371845553917519e-05,3.408196459072163e-05
2024-05-21,0.02152118481604739,0.03407520929207501,0.04035222153008886,0.00010520954286701015,0.029292723777397823,4.000926278041234e-05,0.03407520929207501,0.03168396653473643,0.02152118481604739,0.00013114147244690705,0.06546027048214413,0.000288214874473711,0.020026658092710762,0.0030607086027015433,5.7791157349484485e-05,0.029292723777397823,0.01942884740337611,0.06964494530748667,6.371845553917519e-05,0.01942884740337611,0.07472633616683118,0.13032273027495364,6.075480644432981e-05,3.852743823298958e-05,0.024510238262720623,0.06785151323948273,0.053802962040118474,0.017037604646037506,8.0759437834536e-05,0.02809710239872854,0.00011261866560412363,4.5195648696391725e-05,4.8900210064948444e-05,0.00011039592878298961,7.409122737113393e-05,5.556842052835045e-05,7.631396419226799e-05,0.025406954296722597,0.02152118481604739,7.335031509742261e-05,0.02241790085004936,0.00011780505152010299,5.1863859159793746e-05,0.018532131369374146,0.025108048952055283,0.018233226024706818,0.03168396653473643,0.00015336884065824725,6.371845553917519e-05,3.408196459072163e-05
2024-05-22,0.02152118481604739,0.03407520929207501,0.04035222153008886,0.00010520954286701015,0.029292723777397823,4.000926278041234e-05,0.03407520929207501,0.03168396653473643,0.02152118481604739,0.00013114147244690705,0.06546027048214413,0.000288214874473711,0.020026658092710762,0.0030607086027015433,5.7791157349484485e-05,0.029292723777397823,0.01942884740337611,0.06964494530748667,6.371845553917519e-05,0.01942884740337611,0.07472633616683118,0.13032273027495364,6.075480644432981e-05,3.852743823298958e-05,0.024510238262720623,0.06785151323948273,0.053802962040118474,0.017037604646037506,8.0759437834536e-05,0.02809710239872854,0.00011261866560412363,4.5195648696391725e-05,4.8900210064948444e-05,0.00011039592878298961,7.409122737113393e-05,5.556842052835045e-05,7.631396419226799e-05,0.025406954296722597,0.02152118481604739,7.335031509742261e-05,0.02241790085004936,0.00011780505152010299,5.1863859159793746e-05,0.018532131369374146,0.025108048952055283,0.018233226024706818,0.03168396653473643,0.00015336884065824725,6.371845553917519e-05,3.408196459072163e-05
2024-05-23,0.02152118481604739,0.03407520929207501,0.04035222153008886,0.00010520954286701015,0.029292723777397823,4.000926278041234e-05,0.03407520929207501,0.03168396653473643,0.02152118481604739,0.00013114147244690705,0.06546027048214413,0.000288214874473711,0.020026658092710762,0.0030607086027015433,5.7791157349484485e-05,0.029292723777397823,0.01942884740337611,0.06964494530748667,6.371845553917519e-05,0.01942884740337611,0.07472633616683118,0.13032273027495364,6.075480644432981e-05,3.852743823298958e-05,0.024510238262720623,0.06785151323948273,0.053802962040118474,0.017037604646037506,8.0759437834536e-05,0.02809710239872854,0.00011261866560412363,4.5195648696391725e-05,4.8900210064948444e-05,0.00011039592878298961,7.409122737113393e-05,5.556842052835045e-05,7.631396419226799e-05,0.025406954296722597,0.02152118481604739,7.335031509742261e-05,0.02241790085004936,0.00011780505152010299,5.1863859159793746e-05,0.018532131369374146,0.025108048952055283,0.018233226024706818,0.03168396653473643,0.00015336884065824725,6.371845553917519e-05,3.408196459072163e-05
2024-05-24,0.02152118481604739,0.03407520929207501,0.04035222153008886,0.00010520954286701015,0.029292723777397823,4.000926278041234e-05,0.03407520929207501,0.03168396653473643,0.02152118481604739,0.00013114147244690705,0.06546027048214413,0.000288214874473711,0.020026658092710762,0.0030607086027015433,5.7791157349484485e-05,0.029292723777397823,0.01942884740337611,0.06964494530748667,6.371845553917519e-05,0.01942884740337611,0.07472633616683118,0.13032273027495364,6.075480644432981e-05,3.852743823298958e-05,0.024510238262720623,0.06785151323948273,0.053802962040118474,0.017037604646037506,8.0759437834536e-05,0.02809710239872854,0.00011261866560412363,4.5195648696391725e-05,4.8900210064948444e-05,0.00011039592878298961,7.409122737113393e-05,5.556842052835045e-05,7.631396419226799e-05,0.025406954296722597,0.02152118481604739,7.335031509742261e-05,0.02241790085004936,0.00011780505152010299,5.1863859159793746e-05,0.018532131369374146,0.025108048952055283,0.018233226024706818,0.03168396653473643,0.00015336884065824725,6.371845553917519e-05,3.408196459072163e-05
2024-05-27,0.02152118481604739,0.03407520929207501,0.04035222153008886,0.00010520954286701015,0.029292723777397823,4.000926278041234e-05,0.03407520929207501,0.03168396653473643,0.02152118481604739,0.00013114147244690705,0.06546027048214413,0.000288214874473711,0.020026658092710762,0.0030607086027015433,5.7791157349484485e-05,0.029292723777397823,0.01942884740337611,0.06964494530748667,6.371845553917519e-05,0.01942884740337611,0.07472633616683118,0.13032273027495364,6.075480644432981e-05,3.852743823298958e-05,0.024510238262720623,0.06785151323948273,0.053802962040118474,0.017037604646037506,8.0759437834536e-05,0.02809710239872854,0.00011261866560412363,4.5195648696391725e-05,4.8900210064948444e-05,0.00011039592878298961,7.409122737113393e-05,5.556842052835045e-05,7.631396419226799e-05,0.025406954296722597,0.02152118481604739,7.335031509742261e-05,0.02241790085004936,0.00011780505152010299,5.1863859159793746e-05,0.018532131369374146,0.025108048952055283,0.018233226024706818,0.03168396653473643,0.00015336884065824725,6.371845553917519e-05,3.408196459072163e-05
2024-05-28,0.02152118481604739,0.03407520929207501,0.04035222153008886,0.00010520954286701015,0.029292723777397823,4.000926278041234e-05,0.03407520929207501,0.03168396653473643,0.02152118481604739,0.00013114147244690705,0.06546027048214413,0.000288214874473711,0.020026658092710762,0.0030607086027015433,5.7791157349484485e-05,0.029292723777397823,0.01942884740337611,0.06964494530748667,6.371845553917519e-05,0.01942884740337611,0.07472633616683118,0.13032273027495364,6.075480644432981e-05,3.852743823298958e-05,0.024510238262720623,0.06785151323948273,0.053802962040118474,0.017037604646037506,8.0759437834536e-05,0.02809710239872854,0.00011261866560412363,4.5195648696391725e-05,4.8900210064948444e-05,0.00011039592878298961,7.409122737113393e-05,5.556842052835045e-05,7.631396419226799e-05,0.025406954296722597,0.02152118481604739,7.335031509742261e-05,0.02241790085004936,0.00011780505152010299,5.1863859159793746e-05,0.018532131369374146,0.025108048952055283,0.018233226024706818,0.03168396653473643,0.00015336884065824725,6.371845553917519e-05,3.408196459072163e-05
2024-05-29,0.02152118481604739,0.03407520929207501,0.04035222153008886,0.00010520954286701015,0.029292723777397823,4.000926278041234e-05,0.03407520929207501,0.03168396653473643,0.02152118481604739,0.00013114147244690705,0.06546027048214413,0.000288214874473711,0.020026658092710762,0.0030607086027015433,5.7791157349484485e-05,0.029292723777397823,0.01942884740337611,0.06964494530748667,6.371845553917519e-05,0.01942884740337611,0.07472633616683118,0.13032273027495364,6.075480644432981e-05,3.852743823298958e-05,0.024510238262720623,0.06785151323948273,0.053802962040118474,0.017037604646037506,8.0759437834536e-05,0.02809710239872854,0.00011261866560412363,4.5195648696391725e-05,4.8900210064948444e-05,0.00011039592878298961,7.409122737113393e-05,5.556842052835045e-05,7.631396419226799e-05,0.025406954296722597,0.02152118481604739,7.335031509742261e-05,0.02241790085004936,0.00011780505152010299,5.1863859159793746e-05,0.018532131369374146,0.025108048952055283,0.018233226024706818,0.03168396653473643,0.00015336884065824725,6.371845553917519e-05,3.408196459072163e-05
2024-05-30,0.02152118481604739,0.03407520929207501,0.04035222153008886,0.00010520954286701015,0.029292723777397823,4.000926278041234e-05,0.03407520929207501,0.03168396653473643,0.02152118481604739,0.00013114147244690705,0.06546027048214413,0.000288214874473711,0.020026658092710762,0.0030607086027015433,5.7791157349484485e-05,0.029292723777397823,0.01942884740337611,0.06964494530748667,6.371845553917519e-05,0.01942884740337611,0.07472633616683118,0.13032273027495364,6.075480644432981e-05,3.852743823298958e-05,0.024510238262720623,0.06785151323948273,0.053802962040118474,0.017037604646037506,8.0759437834536e-05,0.02809710239872854,0.00011261866560412363,4.5195648696391725e-05,4.8900210064948444e-05,0.00011039592878298961,7.409122737113393e-05,5.556842052835045e-05,7.631396419226799e-05,0.025406954296722597,0.02152118481604739,7.335031509742261e-05,0.02241790085004936,0.00011780505152010299,5.1863859159793746e-05,0.018532131369374146,0.025108048952055283,0.018233226024706818,0.03168396653473643,0.00015336884065824725,6.371845553917519e-05,3.408196459072163e-05
2024-05-31,0.02152118481604739,0.03407520929207501,0.04035222153008886,0.00010520954286701015,0.029292723777397823,4.000926278041234e-05,0.03407520929207501,0.03168396653473643,0.02152118481604739,0.00013114147244690705,0.06546027048214413,0.000288214874473711,0.020026658092710762,0.0030607086027015433,5.7791157349484485e-05,0.029292723777397823,0.01942884740337611,0.06964494530748667,6.371845553917519e-05,0.01942884740337611,0.07472633616683118,0.13032273027495364,6.075480644432981e-05,3.852743823298958e-05,0.024510238262720623,0.06785151323948273,0.053802962040118474,0.017037604646037506,8.0759437834536e-05,0.02809710239872854,0.00011261866560412363,4.5195648696391725e-05,4.8900210064948444e-05,0.00011039592878298961,7.409122737113393e-05,5.556842052835045e-05,7.631396419226799e-05,0.025406954296722597,0.02152118481604739,7.335031509742261e-05,0.02241790085004936,0.00011780505152010299,5.1863859159793746e-05,0.018532131369374146,0.025108048952055283,0.018233226024706818,0.03168396653473643,0.00015336884065824725,6.371845553917519e-05,3.408196459072163e-05
2024-06-03,0.02152118481604739,0.03407520929207501,0.04035222153008886,0.00010520954286701015,0.029292723777397823,4.000926278041234e-05,0.03407520929207501,0.03168396653473643,0.02152118481604739,0.00013114147244690705,0.06546027048214413,0.000288214874473711,0.020026658092710762,0.0030607086027015433,5.7791157349484485e-05,0.029292723777397823,0.01942884740337611,0.06964494530748667,6.371845553917519e-05,0.01942884740337611,0.07472633616683118,0.13032273027495364,6.075480644432981e-05,3.852743823298958e-05,0.024510238262720623,0.06785151323948273,0.053802962040118474,0.017037604646037506,8.0759437834536e-05,0.02809710239872854,0.00011261866560412363,4.5195648696391725e-05,4.8900210064948444e-05,0.00011039592878298961,7.409122737113393e-05,5.556842052835045e-05,7.631396419226799e-05,0.025406954296722597,0.02152118481604739,7.335031509742261e-05,0.02241790085004936,0.00011780505152010299,5.1863859159793746e-05,0.018532131369374146,0.025108048952055283,0.018233226024706818,0.03168396653473643,0.00015336884065824725,6.371845553917519e-05,3.408196459072163e-05
2024-06-04,0.02152118481604739,0.03407520929207501,0.04035222153008886,0.00010520954286701015,0.029292723777397823,4.000926278041234e-05,0.03407520929207501,0.03168396653473643,0.02152118481604739,0.00013114147244690705,0.06546027048214413,0.000288214874473711,0.020026658092710762,0.0030607086027015433,5.7791157349484485e-05,0.029292723777397823,0.01942884740337611,0.06964494530748667,6.371845553917519e-05,0.01942884740337611,0.07472633616683118,0.13032273027495364,6.075480644432981e-05,3.852743823298958e-05,0.024510238262720623,0.06785151323948273,0.053802962040118474,0.017037604646037506,8.0759437834536e-05,0.02809710239872854,0.00011261866560412363,4.5195648696391725e-05,4.8900210064948444e-05,0.00011039592878298961,7.409122737113393e-05,5.556842052835045e-05,7.631396419226799e-05,0.025406954296722597,0.02152118481604739,7.335031509742261e-05,0.02241790085004936,0.00011780505152010299,5.1863859159793746e-05,0.018532131369374146,0.025108048952055283,0.018233226024706818,0.03168396653473643,0.00015336884065824725,6.371845553917519e-05,3.408196459072163e-05
2024-06-05,0.02152118481604739,0.03407520929207501,0.04035222153008886,0.00010520954286701015,0.029292723777397823,4.000926278041234e-05,0.03407520929207501,0.03168396653473643,0.02152118481604739,0.00013114147244690705,0.06546027048214413,0.000288214874473711,0.020026658092710762,0.0030607086027015433,5.7791157349484485e-05,0.029292723777397823,0.01942884740337611,0.06964494530748667,6.371845553917519e-05,0.01942884740337611,0.07472633616683118,0.13032273027495364,6.075480644432981e-05,3.852743823298958e-05,0.024510238262720623,0.06785151323948273,0.053802962040118474,0.017037604646037506,8.0759437834536e-05,0.02809710239872854,0.00011261866560412363,4.5195648696391725e-05,4.8900210064948444e-05,0.00011039592878298961,7.409122737113393e-05,5.556842052835045e-05,7.631396419226799e-05,0.025406954296722597,0.02152118481604739,7.335031509742261e-05,0.02241790085004936,0.00011780505152010299,5.1863859159793746e-05,0.018532131369374146,0.025108048952055283,0.018233226024706818,0.03168396653473643,0.00015336884065824725,6.371845553917519e-05,3.408196459072163e-05
2024-06-06,0.02152118481604739,0.03407520929207501,0.04035222153008886,0.00010520954286701015,0.029292723777397823,4.000926278041234e-05,0.03407520929207501,0.03168396653473643,0.02152118481604739,0.00013114147244690705,0.06546027048214413,0.000288214874473711,0.020026658092710762,0.0030607086027015433,5.7791157349484485e-05,0.029292723777397823,0.01942884740337611,0.06964494530748667,6.371845553917519e-05,0.01942884740337611,0.07472633616683118,0.13032273027495364,6.075480644432981e-05,3.852743823298958e-05,0.024510238262720623,0.06785151323948273,0.053802962040118474,0.017037604646037506,8.0759437834536e-05,0.02809710239872854,0.00011261866560412363,4.5195648696391725e-05,4.8900210064948444e-05,0.00011039592878298961,7.409122737113393e-05,5.556842052835045e-05,7.631396419226799e-05,0.025406954296722597,0.02152118481604739,7.335031509742261e-05,0.02241790085004936,0.00011780505152010299,5.1863859159793746e-05,0.018532131369374146,0.025108048952055283,0.018233226024706818,0.03168396653473643,0.00015336884065824725,6.371845553917519e-05,3.408196459072163e-05
2024-06-07,0.02152118481604739,0.03407520929207501,0.04035222153008886,0.00010520954286701015,0.029292723777397823,4.000926278041234e-05,0.03407520929207501,0.03168396653473643,0.02152118481604739,0.00013114147244690705,0.06546027048214413,0.000288214874473711,0.020026658092710762,0.0030607086027015433,5.7791157349484485e-05,0.029292723777397823,0.01942884740337611,0.06964494530748667,6.371845553917519e-05,0.01942884740337611,0.07472633616683118,0.13032273027495364,6.075480644432981e-05,3.852743823298958e-05,0.024510238262720623,0.06785151323948273,0.053802962040118474,0.017037604646037506,8.0759437834536e-05,0.02809710239872854,0.00011261866560412363,4.5195648696391725e-05,4.8900210064948444e-05,0.00011039592878298961,7.409122737113393e-05,5.556842052835045e-05,7.631396419226799e-05,0.025406954296722597,0.02152118481604739,7.335031509742261e-05,0.02241790085004936,0.00011780505152010299,5.1863859159793746e-05,0.018532131369374146,0.025108048952055283,0.018233226024706818,0.03168396653473643,0.00015336884065824725,6.371845553917519e-05,3.408196459072163e-05
2024-06-11,0.02152118481604739,0.03407520929207501,0.04035222153008886,0.00010520954286701015,0.029292723777397823,4.000926278041234e-05,0.03407520929207501,0.03168396653473643,0.02152118481604739,0.00013114147244690705,0.06546027048214413,0.000288214874473711,0.020026658092710762,0.0030607086027015433,5.7791157349484485e-05,0.029292723777397823,0.01942884740337611,0.06964494530748667,6.371845553917519e-05,0.01942884740337611,0.07472633616683118,0.13032273027495364,6.075480644432981e-05,3.852743823298958e-05,0.024510238262720623,0.06785151323948273,0.053802962040118474,0.017037604646037506,8.0759437834536e-05,0.02809710239872854,0.00011261866560412363,4.5195648696391725e-05,4.8900210064948444e-05,0.00011039592878298961,7.409122737113393e-05,5.556842052835045e-05,7.631396419226799e-05,0.025406954296722597,0.02152118481604739,7.335031509742261e-05,0.02241790085004936,0.00011780505152010299,5.1863859159793746e-05,0.018532131369374146,0.025108048952055283,0.018233226024706818,0.03168396653473643,0.00015336884065824725,6.371845553917519e-05,3.408196459072163e-05
2024-06-12,0.02152118481604739,0.03407520929207501,0.04035222153008886,0.00010520954286701015,0.029292723777397823,4.000926278041234e-05,0.03407520929207501,0.03168396653473643,0.02152118481604739,0.00013114147244690705,0.06546027048214413,0.000288214874473711,0.020026658092710762,0.0030607086027015433,5.7791157349484485e-05,0.029292723777397823,0.01942884740337611,0.06964494530748667,6.371845553917519e-05,0.01942884740337611,0.07472633616683118,0.13032273027495364,6.075480644432981e-05,3.852743823298958e-05,0.024510238262720623,0.06785151323948273,0.053802962040118474,0.017037604646037506,8.0759437834536e-05,0.02809710239872854,0.00011261866560412363,4.5195648696391725e-05,4.8900210064948444e-05,0.00011039592878298961,7.409122737113393e-05,5.556842052835045e-05,7.631396419226799e-05,0.025406954296722597,0.02152118481604739,7.335031509742261e-05,0.02241790085004936,0.00011780505152010299,5.1863859159793746e-05,0.018532131369374146,0.025108048952055283,0.018233226024706818,0.03168396653473643,0.00015336884065824725,6.371845553917519e-05,3.408196459072163e-05
2024-06-13,0.02152118481604739,0.03407520929207501,0.04035222153008886,0.00010520954286701015,0.029292723777397823,4.000926278041234e-05,0.03407520929207501,0.03168396653473643,0.02152118481604739,0.00013114147244690705,0.06546027048214413,0.000288214874473711,0.020026658092710762,0.0030607086027015433,5.7791157349484485e-05,0.029292723777397823,0.01942884740337611,0.06964494530748667,6.371845553917519e-05,0.01942884740337611,0.07472633616683118,0.13032273027495364,6.075480644432981e-05,3.852743823298958e-05,0.024510238262720623,0.06785151323948273,0.053802962040118474,0.017037604646037506,8.0759437834536e-05,0.02809710239872854,0.00011261866560412363,4.5195648696391725e-05,4.8900210064948444e-05,0.00011039592878298961,7.409122737113393e-05,5.556842052835045e-05,7.631396419226799e-05,0.025406954296722597,0.02152118481604739,7.335031509742261e-05,0.02241790085004936,0.00011780505152010299,5.1863859159793746e-05,0.018532131369374146,0.025108048952055283,0.018233226024706818,0.03168396653473643,0.00015336884065824725,6.371845553917519e-05,3.408196459072163e-05
2024-06-14,0.02152118481604739,0.03407520929207501,0.04035222153008886,0.00010520954286701015,0.029292723777397823,4.000926278041234e-05,0.03407520929207501,0.03168396653473643,0.02152118481604739,0.00013114147244690705,0.06546027048214413,0.000288214874473711,0.020026658092710762,0.0030607086027015433,5.7791157349484485e-05,0.029292723777397823,0.01942884740337611,0.06964494530748667,6.371845553917519e-05,0.01942884740337611,0.07472633616683118,0.13032273027495364,6.075480644432981e-05,3.852743823298958e-05,0.024510238262720623,0.06785151323948273,0.053802962040118474,0.017037604646037506,8.0759437834536e-05,0.02809710239872854,0.00011261866560412363,4.5195648696391725e-05,4.8900210064948444e-05,0.00011039592878298961,7.409122737113393e-05,5.556842052835045e-05,7.631396419226799e-05,0.025406954296722597,0.02152118481604739,7.335031509742261e-05,0.02241790085004936,0.00011780505152010299,5.1863859159793746e-05,0.018532131369374146,0.025108048952055283,0.018233226024706818,0.03168396653473643,0.00015336884065824725,6.371845553917519e-05,3.408196459072163e-05
2024-06-17,0.02152118481604739,0.03407520929207501,0.04035222153008886,0.00010520954286701015,0.029292723777397823,4.000926278041234e-05,0.03407520929207501,0.03168396653473643,0.02152118481604739,0.00013114147244690705,0.06546027048214413,0.000288214874473711,0.020026658092710762,0.0030607086027015433,5.7791157349484485e-05,0.029292723777397823,0.01942884740337611,0.06964494530748667,6.371845553917519e-05,0.01942884740337611,0.07472633616683118,0.13032273027495364,6.075480644432981e-05,3.852743823298958e-05,0.024510238262720623,0.06785151323948273,0.053802962040118474,0.017037604646037506,8.0759437834536e-05,0.02809710239872854,0.00011261866560412363,4.5195648696391725e-05,4.8900210064948444e-05,0.00011039592878298961,7.409122737113393e-05,5.556842052835045e-05,7.631396419226799e-05,0.025406954296722597,0.02152118481604739,7.335031509742261e-05,0.02241790085004936,0.00011780505152010299,5.1863859159793746e-05,0.018532131369374146,0.025108048952055283,0.018233226024706818,0.03168396653473643,0.00015336884065824725,6.371845553917519e-05,3.408196459072163e-05
2024-06-18,0.02152118481604739,0.03407520929207501,0.04035222153008886,0.00010520954286701015,0.029292723777397823,4.000926278041234e-05,0.03407520929207501,0.03168396653473643,0.02152118481604739,0.00013114147244690705,0.06546027048214413,0.000288214874473711,0.020026658092710762,0.0030607086027015433,5.7791157349484485e-05,0.029292723777397823,0.01942884740337611,0.06964494530748667,6.371845553917519e-05,0.01942884740337611,0.07472633616683118,0.13032273027495364,6.075480644432981e-05,3.852743823298958e-05,0.024510238262720623,0.06785151323948273,0.053802962040118474,0.017037604646037506,8.0759437834536e-05,0.02809710239872854,0.00011261866560412363,4.5195648696391725e-05,4.8900210064948444e-05,0.00011039592878298961,7.409122737113393e-05,5.556842052835045e-05,7.631396419226799e-05,0.025406954296722597,0.02152118481604739,7.335031509742261e-05,0.02241790085004936,0.00011780505152010299,5.1863859159793746e-05,0.018532131369374146,0.025108048952055283,0.018233226024706818,0.03168396653473643,0.00015336884065824725,6.371845553917519e-05,3.408196459072163e-05
2024-06-19,0.02152118481604739,0.03407520929207501,0.04035222153008886,0.00010520954286701015,0.029292723777397823,4.000926278041234e-05,0.03407520929207501,0.03168396653473643,0.02152118481604739,0.00013114147244690705,0.06546027048214413,0.000288214874473711,0.020026658092710762,0.0030607086027015433,5.7791157349484485e-05,0.029292723777397823,0.01942884740337611,0.06964494530748667,6.371845553917519e-05,0.01942884740337611,0.07472633616683118,0.13032273027495364,6.075480644432981e-05,3.852743823298958e-05,0.024510238262720623,0.06785151323948273,0.053802962040118474,0.017037604646037506,8.0759437834536e-05,0.02809710239872854,0.00011261866560412363,4.5195648696391725e-05,4.8900210064948444e-05,0.00011039592878298961,7.409122737113393e-05,5.556842052835045e-05,7.631396419226799e-05,0.025406954296722597,0.02152118481604739,7.335031509742261e-05,0.02241790085004936,0.00011780505152010299,5.1863859159793746e-05,0.018532131369374146,0.025108048952055283,0.018233226024706818,0.03168396653473643,0.00015336884065824725,6.371845553917519e-05,3.408196459072163e-05
2024-06-20,0.02152118481604739,0.03407520929207501,0.04035222153008886,0.00010520954286701015,0.029292723777397823,4.000926278041234e-05,0.03407520929207501,0.03168396653473643,0.02152118481604739,0.00013114147244690705,0.06546027048214413,0.000288214874473711,0.020026658092710762,0.0030607086027015433,5.7791157349484485e-05,0.029292723777397823,0.01942884740337611,0.06964494530748667,6.371845553917519e-05,0.01942884740337611,0.07472633616683118,0.13032273027495364,6.075480644432981e-05,3.852743823298958e-05,0.024510238262720623,0.06785151323948273,0.053802962040118474,0.017037604646037506,8.0759437834536e-05,0.02809710239872854,0.00011261866560412363,4.5195648696391725e-05,4.8900210064948444e-05,0.00011039592878298961,7.409122737113393e-05,5.556842052835045e-05,7.631396419226799e-05,0.025406954296722597,0.02152118481604739,7.335031509742261e-05,0.02241790085004936,0.00011780505152010299,5.1863859159793746e-05,0.018532131369374146,0.025108048952055283,0.018233226024706818,0.03168396653473643,0.00015336884065824725,6.371845553917519e-05,3.408196459072163e-05
2024-06-21,0.02152118481604739,0.03407520929207501,0.04035222153008886,0.00010520954286701015,0.029292723777397823,4.000926278041234e-05,0.03407520929207501,0.03168396653473643,0.02152118481604739,0.00013114147244690705,0.06546027048214413,0.000288214874473711,0.020026658092710762,0.0030607086027015433,5.7791157349484485e-05,0.029292723777397823,0.01942884740337611,0.06964494530748667,6.371845553917519e-05,0.01942884740337611,0.07472633616683118,0.13032273027495364,6.075480644432981e-05,3.852743823298958e-05,0.024510238262720623,0.06785151323948273,0.053802962040118474,0.017037604646037506,8.0759437834536e-05,0.02809710239872854,0.00011261866560412363,4.5195648696391725e-05,4.8900210064948444e-05,0.00011039592878298961,7.409122737113393e-05,5.556842052835045e-05,7.631396419226799e-05,0.025406954296722597,0.02152118481604739,7.335031509742261e-05,0.02241790085004936,0.00011780505152010299,5.1863859159793746e-05,0.018532131369374146,0.025108048952055283,0.018233226024706818,0.03168396653473643,0.00015336884065824725,6.371845553917519e-05,3.408196459072163e-05
2024-06-24,0.02152118481604739,0.03407520929207501,0.04035222153008886,0.00010520954286701015,0.029292723777397823,4.000926278041234e-05,0.03407520929207501,0.03168396653473643,0.02152118481604739,0.00013114147244690705,0.06546027048214413,0.000288214874473711,0.020026658092710762,0.0030607086027015433,5.7791157349484485e-05,0.029292723777397823,0.01942884740337611,0.06964494530748667,6.371845553917519e-05,0.01942884740337611,0.07472633616683118,0.13032273027495364,6.075480644432981e-05,3.852743823298958e-05,0.024510238262720623,0.06785151323948273,0.053802962040118474,0.017037604646037506,8.0759437834536e-05,0.02809710239872854,0.00011261866560412363,4.5195648696391725e-05,4.8900210064948444e-05,0.00011039592878298961,7.409122737113393e-05,5.556842052835045e-05,7.631396419226799e-05,0.025406954296722597,0.02152118481604739,7.335031509742261e-05,0.02241790085004936,0.00011780505152010299,5.1863859159793746e-05,0.018532131369374146,0.025108048952055283,0.018233226024706818,0.03168396653473643,0.00015336884065824725,6.371845553917519e-05,3.408196459072163e-05
2024-06-25,0.02152118481604739,0.03407520929207501,0.04035222153008886,0.00010520954286701015,0.029292723777397823,4.000926278041234e-05,0.03407520929207501,0.03168396653473643,0.02152118481604739,0.00013114147244690705,0.06546027048214413,0.000288214874473711,0.020026658092710762,0.0030607086027015433,5.7791157349484485e-05,0.029292723777397823,0.01942884740337611,0.06964494530748667,6.371845553917519e-05,0.01942884740337611,0.07472633616683118,0.13032273027495364,6.075480644432981e-05,3.852743823298958e-05,0.024510238262720623,0.06785151323948273,0.053802962040118474,0.017037604646037506,8.0759437834536e-05,0.02809710239872854,0.00011261866560412363,4.5195648696391725e-05,4.8900210064948444e-05,0.00011039592878298961,7.409122737113393e-05,5.556842052835045e-05,7.631396419226799e-05,0.025406954296722597,0.02152118481604739,7.335031509742261e-05,0.02241790085004936,0.00011780505152010299,5.1863859159793746e-05,0.018532131369374146,0.025108048952055283,0.018233226024706818,0.03168396653473643,0.00015336884065824725,6.371845553917519e-05,3.408196459072163e-05
2024-06-26,0.02152118481604739,0.03407520929207501,0.04035222153008886,0.00010520954286701015,0.029292723777397823,4.000926278041234e-05,0.03407520929207501,0.03168396653473643,0.02152118481604739,0.00013114147244690705,0.06546027048214413,0.000288214874473711,0.020026658092710762,0.0030607086027015433,5.7791157349484485e-05,0.029292723777397823,0.01942884740337611,0.06964494530748667,6.371845553917519e-05,0.01942884740337611,0.07472633616683118,0.13032273027495364,6.075480644432981e-05,3.852743823298958e-05,0.024510238262720623,0.06785151323948273,0.053802962040118474,0.017037604646037506,8.0759437834536e-05,0.02809710239872854,0.00011261866560412363,4.5195648696391725e-05,4.8900210064948444e-05,0.00011039592878298961,7.409122737113393e-05,5.556842052835045e-05,7.631396419226799e-05,0.025406954296722597,0.02152118481604739,7.335031509742261e-05,0.02241790085004936,0.00011780505152010299,5.1863859159793746e-05,0.018532131369374146,0.025108048952055283,0.018233226024706818,0.03168396653473643,0.00015336884065824725,6.371845553917519e-05,3.408196459072163e-05
2024-06-27,0.02152118481604739,0.03407520929207501,0.04035222153008886,0.00010520954286701015,0.029292723777397823,4.000926278041234e-05,0.03407520929207501,0.03168396653473643,0.02152118481604739,0.00013114147244690705,0.06546027048214413,0.000288214874473711,0.020026658092710762,0.0030607086027015433,5.7791157349484485e-05,0.029292723777397823,0.01942884740337611,0.06964494530748667,6.371845553917519e-05,0.01942884740337611,0.07472633616683118,0.13032273027495364,6.075480644432981e-05,3.852743823298958e-05,0.024510238262720623,0.06785151323948273,0.053802962040118474,0.017037604646037506,8.0759437834536e-05,0.02809710239872854,0.00011261866560412363,4.5195648696391725e-05,4.8900210064948444e-05,0.00011039592878298961,7.409122737113393e-05,5.556842052835045e-05,7.631396419226799e-05,0.025406954296722597,0.02152118481604739,7.335031509742261e-05,0.02241790085004936,0.00011780505152010299,5.1863859159793746e-05,0.018532131369374146,0.025108048952055283,0.018233226024706818,0.03168396653473643,0.00015336884065824725,6.371845553917519e-05,3.408196459072163e-05
2024-06-28,0.02152118481604739,0.03407520929207501,0.04035222153008886,0.00010520954286701015,0.029292723777397823,4.000926278041234e-05,0.03407520929207501,0.03168396653473643,0.02152118481604739,0.00013114147244690705,0.06546027048214413,0.000288214874473711,0.020026658092710762,0.0030607086027015433,5.7791157349484485e-05,0.029292723777397823,0.01942884740337611,0.06964494530748667,6.371845553917519e-05,0.01942884740337611,0.07472633616683118,0.13032273027495364,6.075480644432981e-05,3.852743823298958e-05,0.024510238262720623,0.06785151323948273,0.053802962040118474,0.017037604646037506,8.0759437834536e-05,0.02809710239872854,0.00011261866560412363,4.5195648696391725e-05,4.8900210064948444e-05,0.00011039592878298961,7.409122737113393e-05,5.556842052835045e-05,7.631396419226799e-05,0.025406954296722597,0.02152118481604739,7.335031509742261e-05,0.02241790085004936,0.00011780505152010299,5.1863859159793746e-05,0.018532131369374146,0.025108048952055283,0.018233226024706818,0.03168396653473643,0.00015336884065824725,6.371845553917519e-05,3.408196459072163e-05
2024-07-01,0.02152118481604739,0.03407520929207501,0.04035222153008886,0.00010520954286701015,0.029292723777397823,4.000926278041234e-05,0.03407520929207501,0.03168396653473643,0.02152118481604739,0.00013114147244690705,0.06546027048214413,0.000288214874473711,0.020026658092710762,0.0030607086027015433,5.7791157349484485e-05,0.029292723777397823,0.01942884740337611,0.06964494530748667,6.371845553917519e-05,0.01942884740337611,0.07472633616683118,0.13032273027495364,6.075480644432981e-05,3.852743823298958e-05,0.024510238262720623,0.06785151323948273,0.053802962040118474,0.017037604646037506,8.0759437834536e-05,0.02809710239872854,0.00011261866560412363,4.5195648696391725e-05,4.8900210064948444e-05,0.00011039592878298961,7.409122737113393e-05,5.556842052835045e-05,7.631396419226799e-05,0.025406954296722597,0.02152118481604739,7.335031509742261e-05,0.02241790085004936,0.00011780505152010299,5.1863859159793746e-05,0.018532131369374146,0.025108048952055283,0.018233226024706818,0.03168396653473643,0.00015336884065824725,6.371845553917519e-05,3.408196459072163e-05
2024-07-02,0.02152118481604739,0.03407520929207501,0.04035222153008886,0.00010520954286701015,0.029292723777397823,4.000926278041234e-05,0.03407520929207501,0.03168396653473643,0.02152118481604739,0.00013114147244690705,0.06546027048214413,0.000288214874473711,0.020026658092710762,0.0030607086027015433,5.7791157349484485e-05,0.029292723777397823,0.01942884740337611,0.06964494530748667,6.371845553917519e-05,0.01942884740337611,0.07472633616683118,0.13032273027495364,6.075480644432981e-05,3.852743823298958e-05,0.024510238262720623,0.06785151323948273,0.053802962040118474,0.017037604646037506,8.0759437834536e-05,0.02809710239872854,0.00011261866560412363,4.5195648696391725e-05,4.8900210064948444e-05,0.00011039592878298961,7.409122737113393e-05,5.556842052835045e-05,7.631396419226799e-05,0.025406954296722597,0.02152118481604739,7.335031509742261e-05,0.02241790085004936,0.00011780505152010299,5.1863859159793746e-05,0.018532131369374146,0.025108048952055283,0.018233226024706818,0.03168396653473643,0.00015336884065824725,6.371845553917519e-05,3.408196459072163e-05
2024-07-03,0.02152118481604739,0.03407520929207501,0.04035222153008886,0.00010520954286701015,0.029292723777397823,4.000926278041234e-05,0.03407520929207501,0.03168396653473643,0.02152118481604739,0.00013114147244690705,0.06546027048214413,0.000288214874473711,0.020026658092710762,0.0030607086027015433,5.7791157349484485e-05,0.029292723777397823,0.01942884740337611,0.06964494530748667,6.371845553917519e-05,0.01942884740337611,0.07472633616683118,0.13032273027495364,6.075480644432981e-05,3.852743823298958e-05,0.024510238262720623,0.06785151323948273,0.053802962040118474,0.017037604646037506,8.0759437834536e-05,0.02809710239872854,0.00011261866560412363,4.5195648696391725e-05,4.8900210064948444e-05,0.00011039592878298961,7.409122737113393e-05,5.556842052835045e-05,7.631396419226799e-05,0.025406954296722597,0.02152118481604739,7.335031509742261e-05,0.02241790085004936,0.00011780505152010299,5.1863859159793746e-05,0.018532131369374146,0.025108048952055283,0.018233226024706818,0.03168396653473643,0.00015336884065824725,6.371845553917519e-05,3.408196459072163e-05
2024-07-04,0.02152118481604739,0.03407520929207501,0.04035222153008886,0.00010520954286701015,0.029292723777397823,4.000926278041234e-05,0.03407520929207501,0.03168396653473643,0.02152118481604739,0.00013114147244690705,0.06546027048214413,0.000288214874473711,0.020026658092710762,0.0030607086027015433,5.7791157349484485e-05,0.029292723777397823,0.01942884740337611,0.06964494530748667,6.371845553917519e-05,0.01942884740337611,0.07472633616683118,0.13032273027495364,6.075480644432981e-05,3.852743823298958e-05,0.024510238262720623,0.06785151323948273,0.053802962040118474,0.017037604646037506,8.0759437834536e-05,0.02809710239872854,0.00011261866560412363,4.5195648696391725e-05,4.8900210064948444e-05,0.00011039592878298961,7.409122737113393e-05,5.556842052835045e-05,7.631396419226799e-05,0.025406954296722597,0.02152118481604739,7.335031509742261e-05,0.02241790085004936,0.00011780505152010299,5.1863859159793746e-05,0.018532131369374146,0.025108048952055283,0.018233226024706818,0.03168396653473643,0.00015336884065824725,6.371845553917519e-05,3.408196459072163e-05
2024-07-05,0.02152118481604739,0.03407520929207501,0.04035222153008886,0.00010520954286701015,0.029292723777397823,4.000926278041234e-05,0.03407520929207501,0.03168396653473643,0.02152118481604739,0.00013114147244690705,0.06546027048214413,0.000288214874473711,0.020026658092710762,0.0030607086027015433,5.7791157349484485e-05,0.029292723777397823,0.01942884740337611,0.06964494530748667,6.371845553917519e-05,0.01942884740337611,0.07472633616683118,0.13032273027495364,6.075480644432981e-05,3.852743823298958e-05,0.024510238262720623,0.06785151323948273,0.053802962040118474,0.017037604646037506,8.0759437834536e-05,0.02809710239872854,0.00011261866560412363,4.5195648696391725e-05,4.8900210064948444e-05,0.00011039592878298961,7.409122737113393e-05,5.556842052835045e-05,7.631396419226799e-05,0.025406954296722597,0.02152118481604739,7.335031509742261e-05,0.02241790085004936,0.00011780505152010299,5.1863859159793746e-05,0.018532131369374146,0.025108048952055283,0.018233226024706818,0.03168396653473643,0.00015336884065824725,6.371845553917519e-05,3.408196459072163e-05
2024-07-08,0.02152118481604739,0.03407520929207501,0.04035222153008886,0.00010520954286701015,0.029292723777397823,4.000926278041234e-05,0.03407520929207501,0.03168396653473643,0.02152118481604739,0.00013114147244690705,0.06546027048214413,0.000288214874473711,0.020026658092710762,0.0030607086027015433,5.7791157349484485e-05,0.029292723777397823,0.01942884740337611,0.06964494530748667,6.371845553917519e-05,0.01942884740337611,0.07472633616683118,0.13032273027495364,6.075480644432981e-05,3.852743823298958e-05,0.024510238262720623,0.06785151323948273,0.053802962040118474,0.017037604646037506,8.0759437834536e-05,0.02809710239872854,0.00011261866560412363,4.5195648696391725e-05,4.8900210064948444e-05,0.00011039592878298961,7.409122737113393e-05,5.556842052835045e-05,7.631396419226799e-05,0.025406954296722597,0.02152118481604739,7.335031509742261e-05,0.02241790085004936,0.00011780505152010299,5.1863859159793746e-05,0.018532131369374146,0.025108048952055283,0.018233226024706818,0.03168396653473643,0.00015336884065824725,6.371845553917519e-05,3.408196459072163e-05
2024-07-09,0.02152118481604739,0.03407520929207501,0.04035222153008886,0.00010520954286701015,0.029292723777397823,4.000926278041234e-05,0.03407520929207501,0.03168396653473643,0.02152118481604739,0.00013114147244690705,0.06546027048214413,0.000288214874473711,0.020026658092710762,0.0030607086027015433,5.7791157349484485e-05,0.029292723777397823,0.01942884740337611,0.06964494530748667,6.371845553917519e-05,0.01942884740337611,0.07472633616683118,0.13032273027495364,6.075480644432981e-05,3.852743823298958e-05,0.024510238262720623,0.06785151323948273,0.053802962040118474,0.017037604646037506,8.0759437834536e-05,0.02809710239872854,0.00011261866560412363,4.5195648696391725e-05,4.8900210064948444e-05,0.00011039592878298961,7.409122737113393e-05,5.556842052835045e-05,7.631396419226799e-05,0.025406954296722597,0.02152118481604739,7.335031509742261e-05,0.02241790085004936,0.00011780505152010299,5.1863859159793746e-05,0.018532131369374146,0.025108048952055283,0.018233226024706818,0.03168396653473643,0.00015336884065824725,6.371845553917519e-05,3.408196459072163e-05
2024-07-10,0.02152118481604739,0.03407520929207501,0.04035222153008886,0.00010520954286701015,0.029292723777397823,4.000926278041234e-05,0.03407520929207501,0.03168396653473643,0.02152118481604739,0.00013114147244690705,0.06546027048214413,0.000288214874473711,0.020026658092710762,0.0030607086027015433,5.7791157349484485e-05,0.029292723777397823,0.01942884740337611,0.06964494530748667,6.371845553917519e-05,0.01942884740337611,0.07472633616683118,0.13032273027495364,6.075480644432981e-05,3.852743823298958e-05,0.024510238262720623,0.06785151323948273,0.053802962040118474,0.017037604646037506,8.0759437834536e-05,0.02809710239872854,0.00011261866560412363,4.5195648696391725e-05,4.8900210064948444e-05,0.00011039592878298961,7.409122737113393e-05,5.556842052835045e-05,7.631396419226799e-05,0.025406954296722597,0.02152118481604739,7.335031509742261e-05,0.02241790085004936,0.00011780505152010299,5.1863859159793746e-05,0.018532131369374146,0.025108048952055283,0.018233226024706818,0.03168396653473643,0.00015336884065824725,6.371845553917519e-05,3.408196459072163e-05
2024-07-11,0.02152118481604739,0.03407520929207501,0.04035222153008886,0.00010520954286701015,0.029292723777397823,4.000926278041234e-05,0.03407520929207501,0.03168396653473643,0.02152118481604739,0.00013114147244690705,0.06546027048214413,0.000288214874473711,0.020026658092710762,0.0030607086027015433,5.7791157349484485e-05,0.029292723777397823,0.01942884740337611,0.06964494530748667,6.371845553917519e-05,0.01942884740337611,0.07472633616683118,0.13032273027495364,6.075480644432981e-05,3.852743823298958e-05,0.024510238262720623,0.06785151323948273,0.053802962040118474,0.017037604646037506,8.0759437834536e-05,0.02809710239872854,0.00011261866560412363,4.5195648696391725e-05,4.8900210064948444e-05,0.00011039592878298961,7.409122737113393e-05,5.556842052835045e-05,7.631396419226799e-05,0.025406954296722597,0.02152118481604739,7.335031509742261e-05,0.02241790085004936,0.00011780505152010299,5.1863859159793746e-05,0.018532131369374146,0.025108048952055283,0.018233226024706818,0.03168396653473643,0.00015336884065824725,6.371845553917519e-05,3.408196459072163e-05
2024-07-12,0.02152118481604739,0.03407520929207501,0.04035222153008886,0.00010520954286701015,0.029292723777397823,4.000926278041234e-05,0.03407520929207501,0.03168396653473643,0.02152118481604739,0.00013114147244690705,0.06546027048214413,0.000288214874473711,0.020026658092710762,0.0030607086027015433,5.7791157349484485e-05,0.029292723777397823,0.01942884740337611,0.06964494530748667,6.371845553917519e-05,0.01942884740337611,0.07472633616683118,0.13032273027495364,6.075480644432981e-05,3.852743823298958e-05,0.024510238262720623,0.06785151323948273,0.053802962040118474,0.017037604646037506,8.0759437834536e-05,0.02809710239872854,0.00011261866560412363,4.5195648696391725e-05,4.8900210064948444e-05,0.00011039592878298961,7.409122737113393e-05,5.556842052835045e-05,7.631396419226799e-05,0.025406954296722597,0.02152118481604739,7.335031509742261e-05,0.02241790085004936,0.00011780505152010299,5.1863859159793746e-05,0.018532131369374146,0.025108048952055283,0.018233226024706818,0.03168396653473643,0.00015336884065824725,6.371845553917519e-05,3.408196459072163e-05
2024-07-15,0.02152118481604739,0.03407520929207501,0.04035222153008886,0.00010520954286701015,0.029292723777397823,4.000926278041234e-05,0.03407520929207501,0.03168396653473643,0.02152118481604739,0.00013114147244690705,0.06546027048214413,0.000288214874473711,0.020026658092710762,0.0030607086027015433,5.7791157349484485e-05,0.029292723777397823,0.01942884740337611,0.06964494530748667,6.371845553917519e-05,0.01942884740337611,0.07472633616683118,0.13032273027495364,6.075480644432981e-05,3.852743823298958e-05,0.024510238262720623,0.06785151323948273,0.053802962040118474,0.017037604646037506,8.0759437834536e-05,0.02809710239872854,0.00011261866560412363,4.5195648696391725e-05,4.8900210064948444e-05,0.00011039592878298961,7.409122737113393e-05,5.556842052835045e-05,7.631396419226799e-05,0.025406954296722597,0.02152118481604739,7.335031509742261e-05,0.02241790085004936,0.00011780505152010299,5.1863859159793746e-05,0.018532131369374146,0.025108048952055283,0.018233226024706818,0.03168396653473643,0.00015336884065824725,6.371845553917519e-05,3.408196459072163e-05
2024-07-16,0.02152118481604739,0.03407520929207501,0.04035222153008886,0.00010520954286701015,0.029292723777397823,4.000926278041234e-05,0.03407520929207501,0.03168396653473643,0.02152118481604739,0.00013114147244690705,0.06546027048214413,0.000288214874473711,0.020026658092710762,0.0030607086027015433,5.7791157349484485e-05,0.029292723777397823,0.01942884740337611,0.06964494530748667,6.371845553917519e-05,0.01942884740337611,0.07472633616683118,0.13032273027495364,6.075480644432981e-05,3.852743823298958e-05,0.024510238262720623,0.06785151323948273,0.053802962040118474,0.017037604646037506,8.0759437834536e-05,0.02809710239872854,0.00011261866560412363,4.5195648696391725e-05,4.8900210064948444e-05,0.00011039592878298961,7.409122737113393e-05,5.556842052835045e-05,7.631396419226799e-05,0.025406954296722597,0.02152118481604739,7.335031509742261e-05,0.02241790085004936,0.00011780505152010299,5.1863859159793746e-05,0.018532131369374146,0.025108048952055283,0.018233226024706818,0.03168396653473643,0.00015336884065824725,6.371845553917519e-05,3.408196459072163e-05
2024-07-17,0.02152118481604739,0.03407520929207501,0.04035222153008886,0.00010520954286701015,0.029292723777397823,4.000926278041234e-05,0.03407520929207501,0.03168396653473643,0.02152118481604739,0.00013114147244690705,0.06546027048214413,0.000288214874473711,0.020026658092710762,0.0030607086027015433,5.7791157349484485e-05,0.029292723777397823,0.01942884740337611,0.06964494530748667,6.371845553917519e-05,0.01942884740337611,0.07472633616683118,0.13032273027495364,6.075480644432981e-05,3.852743823298958e-05,0.024510238262720623,0.06785151323948273,0.053802962040118474,0.017037604646037506,8.0759437834536e-05,0.02809710239872854,0.00011261866560412363,4.5195648696391725e-05,4.8900210064948444e-05,0.00011039592878298961,7.409122737113393e-05,5.556842052835045e-05,7.631396419226799e-05,0.025406954296722597,0.02152118481604739,7.335031509742261e-05,0.02241790085004936,0.00011780505152010299,5.1863859159793746e-05,0.018532131369374146,0.025108048952055283,0.018233226024706818,0.03168396653473643,0.00015336884065824725,6.371845553917519e-05,3.408196459072163e-05
2024-07-18,0.02152118481604739,0.03407520929207501,0.04035222153008886,0.00010520954286701015,0.029292723777397823,4.000926278041234e-05,0.03407520929207501,0.03168396653473643,0.02152118481604739,0.00013114147244690705,0.06546027048214413,0.000288214874473711,0.020026658092710762,0.0030607086027015433,5.7791157349484485e-05,0.029292723777397823,0.01942884740337611,0.06964494530748667,6.371845553917519e-05,0.01942884740337611,0.07472633616683118,0.13032273027495364,6.075480644432981e-05,3.852743823298958e-05,0.024510238262720623,0.06785151323948273,0.053802962040118474,0.017037604646037506,8.0759437834536e-05,0.02809710239872854,0.00011261866560412363,4.5195648696391725e-05,4.8900210064948444e-05,0.00011039592878298961,7.409122737113393e-05,5.556842052835045e-05,7.631396419226799e-05,0.025406954296722597,0.02152118481604739,7.335031509742261e-05,0.02241790085004936,0.00011780505152010299,5.1863859159793746e-05,0.018532131369374146,0.025108048952055283,0.018233226024706818,0.03168396653473643,0.00015336884065824725,6.371845553917519e-05,3.408196459072163e-05
2024-07-19,0.02152118481604739,0.03407520929207501,0.04035222153008886,0.00010520954286701015,0.029292723777397823,4.000926278041234e-05,0.03407520929207501,0.03168396653473643,0.02152118481604739,0.00013114147244690705,0.06546027048214413,0.000288214874473711,0.020026658092710762,0.0030607086027015433,5.7791157349484485e-05,0.029292723777397823,0.01942884740337611,0.06964494530748667,6.371845553917519e-05,0.01942884740337611,0.07472633616683118,0.13032273027495364,6.075480644432981e-05,3.852743823298958e-05,0.024510238262720623,0.06785151323948273,0.053802962040118474,0.017037604646037506,8.0759437834536e-05,0.02809710239872854,0.00011261866560412363,4.5195648696391725e-05,4.8900210064948444e-05,0.00011039592878298961,7.409122737113393e-05,5.556842052835045e-05,7.631396419226799e-05,0.025406954296722597,0.02152118481604739,7.335031509742261e-05,0.02241790085004936,0.00011780505152010299,5.1863859159793746e-05,0.018532131369374146,0.025108048952055283,0.018233226024706818,0.03168396653473643,0.00015336884065824725,6.371845553917519e-05,3.408196459072163e-05
2024-07-22,0.02152118481604739,0.03407520929207501,0.04035222153008886,0.00010520954286701015,0.029292723777397823,4.000926278041234e-05,0.03407520929207501,0.03168396653473643,0.02152118481604739,0.00013114147244690705,0.06546027048214413,0.000288214874473711,0.020026658092710762,0.0030607086027015433,5.7791157349484485e-05,0.029292723777397823,0.01942884740337611,0.06964494530748667,6.371845553917519e-05,0.01942884740337611,0.07472633616683118,0.13032273027495364,6.075480644432981e-05,3.852743823298958e-05,0.024510238262720623,0.06785151323948273,0.053802962040118474,0.017037604646037506,8.0759437834536e-05,0.02809710239872854,0.00011261866560412363,4.5195648696391725e-05,4.8900210064948444e-05,0.00011039592878298961,7.409122737113393e-05,5.556842052835045e-05,7.631396419226799e-05,0.025406954296722597,0.02152118481604739,7.335031509742261e-05,0.02241790085004936,0.00011780505152010299,5.1863859159793746e-05,0.018532131369374146,0.025108048952055283,0.018233226024706818,0.03168396653473643,0.00015336884065824725,6.371845553917519e-05,3.408196459072163e-05
2024-07-23,0.02152118481604739,0.03407520929207501,0.04035222153008886,0.00010520954286701015,0.029292723777397823,4.000926278041234e-05,0.03407520929207501,0.03168396653473643,0.02152118481604739,0.00013114147244690705,0.06546027048214413,0.000288214874473711,0.020026658092710762,0.0030607086027015433,5.7791157349484485e-05,0.029292723777397823,0.01942884740337611,0.06964494530748667,6.371845553917519e-05,0.01942884740337611,0.07472633616683118,0.13032273027495364,6.075480644432981e-05,3.852743823298958e-05,0.024510238262720623,0.06785151323948273,0.053802962040118474,0.017037604646037506,8.0759437834536e-05,0.02809710239872854,0.00011261866560412363,4.5195648696391725e-05,4.8900210064948444e-05,0.00011039592878298961,7.409122737113393e-05,5.556842052835045e-05,7.631396419226799e-05,0.025406954296722597,0.02152118481604739,7.335031509742261e-05,0.02241790085004936,0.00011780505152010299,5.1863859159793746e-05,0.018532131369374146,0.025108048952055283,0.018233226024706818,0.03168396653473643,0.00015336884065824725,6.371845553917519e-05,3.408196459072163e-05
2024-07-26,0.02152118481604739,0.03407520929207501,0.04035222153008886,0.00010520954286701015,0.029292723777397823,4.000926278041234e-05,0.03407520929207501,0.03168396653473643,0.02152118481604739,0.00013114147244690705,0.06546027048214413,0.000288214874473711,0.020026658092710762,0.0030607086027015433,5.7791157349484485e-05,0.029292723777397823,0.01942884740337611,0.06964494530748667,6.371845553917519e-05,0.01942884740337611,0.07472633616683118,0.13032273027495364,6.075480644432981e-05,3.852743823298958e-05,0.024510238262720623,0.06785151323948273,0.053802962040118474,0.017037604646037506,8.0759437834536e-05,0.02809710239872854,0.00011261866560412363,4.5195648696391725e-05,4.8900210064948444e-05,0.00011039592878298961,7.409122737113393e-05,5.556842052835045e-05,7.631396419226799e-05,0.025406954296722597,0.02152118481604739,7.335031509742261e-05,0.02241790085004936,0.00011780505152010299,5.1863859159793746e-05,0.018532131369374146,0.025108048952055283,0.018233226024706818,0.03168396653473643,0.00015336884065824725,6.371845553917519e-05,3.408196459072163e-05
2024-07-29,0.02152118481604739,0.03407520929207501,0.04035222153008886,0.00010520954286701015,0.029292723777397823,4.000926278041234e-05,0.03407520929207501,0.03168396653473643,0.02152118481604739,0.00013114147244690705,0.06546027048214413,0.000288214874473711,0.020026658092710762,0.0030607086027015433,5.7791157349484485e-05,0.029292723777397823,0.01942884740337611,0.06964494530748667,6.371845553917519e-05,0.01942884740337611,0.07472633616683118,0.13032273027495364,6.075480644432981e-05,3.852743823298958e-05,0.024510238262720623,0.06785151323948273,0.053802962040118474,0.017037604646037506,8.0759437834536e-05,0.02809710239872854,0.00011261866560412363,4.5195648696391725e-05,4.8900210064948444e-05,0.00011039592878298961,7.409122737113393e-05,5.556842052835045e-05,7.631396419226799e-05,0.025406954296722597,0.02152118481604739,7.335031509742261e-05,0.02241790085004936,0.00011780505152010299,5.1863859159793746e-05,0.018532131369374146,0.025108048952055283,0.018233226024706818,0.03168396653473643,0.00015336884065824725,6.371845553917519e-05,3.408196459072163e-05
2024-07-30,0.02152118481604739,0.03407520929207501,0.04035222153008886,0.00010520954286701015,0.029292723777397823,4.000926278041234e-05,0.03407520929207501,0.03168396653473643,0.02152118481604739,0.00013114147244690705,0.06546027048214413,0.000288214874473711,0.020026658092710762,0.0030607086027015433,5.7791157349484485e-05,0.029292723777397823,0.01942884740337611,0.06964494530748667,6.371845553917519e-05,0.01942884740337611,0.07472633616683118,0.13032273027495364,6.075480644432981e-05,3.852743823298958e-05,0.024510238262720623,0.06785151323948273,0.053802962040118474,0.017037604646037506,8.0759437834536e-05,0.02809710239872854,0.00011261866560412363,4.5195648696391725e-05,4.8900210064948444e-05,0.00011039592878298961,7.409122737113393e-05,5.556842052835045e-05,7.631396419226799e-05,0.025406954296722597,0.02152118481604739,7.335031509742261e-05,0.02241790085004936,0.00011780505152010299,5.1863859159793746e-05,0.018532131369374146,0.025108048952055283,0.018233226024706818,0.03168396653473643,0.00015336884065824725,6.371845553917519e-05,3.408196459072163e-05
2024-07-31,0.02152118481604739,0.03407520929207501,0.04035222153008886,0.00010520954286701015,0.029292723777397823,4.000926278041234e-05,0.03407520929207501,0.03168396653473643,0.02152118481604739,0.00013114147244690705,0.06546027048214413,0.000288214874473711,0.020026658092710762,0.0030607086027015433,5.7791157349484485e-05,0.029292723777397823,0.01942884740337611,0.06964494530748667,6.371845553917519e-05,0.01942884740337611,0.07472633616683118,0.13032273027495364,6.075480644432981e-05,3.852743823298958e-05,0.024510238262720623,0.06785151323948273,0.053802962040118474,0.017037604646037506,8.0759437834536e-05,0.02809710239872854,0.00011261866560412363,4.5195648696391725e-05,4.8900210064948444e-05,0.00011039592878298961,7.409122737113393e-05,5.556842052835045e-05,7.631396419226799e-05,0.025406954296722597,0.02152118481604739,7.335031509742261e-05,0.02241790085004936,0.00011780505152010299,5.1863859159793746e-05,0.018532131369374146,0.025108048952055283,0.018233226024706818,0.03168396653473643,0.00015336884065824725,6.371845553917519e-05,3.408196459072163e-05
2024-08-01,0.02152118481604739,0.03407520929207501,0.04035222153008886,0.00010520954286701015,0.029292723777397823,4.000926278041234e-05,0.03407520929207501,0.03168396653473643,0.02152118481604739,0.00013114147244690705,0.06546027048214413,0.000288214874473711,0.020026658092710762,0.0030607086027015433,5.7791157349484485e-05,0.029292723777397823,0.01942884740337611,0.06964494530748667,6.371845553917519e-05,0.01942884740337611,0.07472633616683118,0.13032273027495364,6.075480644432981e-05,3.852743823298958e-05,0.024510238262720623,0.06785151323948273,0.053802962040118474,0.017037604646037506,8.0759437834536e-05,0.02809710239872854,0.00011261866560412363,4.5195648696391725e-05,4.8900210064948444e-05,0.00011039592878298961,7.409122737113393e-05,5.556842052835045e-05,7.631396419226799e-05,0.025406954296722597,0.02152118481604739,7.335031509742261e-05,0.02241790085004936,0.00011780505152010299,5.1863859159793746e-05,0.018532131369374146,0.025108048952055283,0.018233226024706818,0.03168396653473643,0.00015336884065824725,6.371845553917519e-05,3.408196459072163e-05
2024-08-02,0.02152118481604739,0.03407520929207501,0.04035222153008886,0.00010520954286701015,0.029292723777397823,4.000926278041234e-05,0.03407520929207501,0.03168396653473643,0.02152118481604739,0.00013114147244690705,0.06546027048214413,0.000288214874473711,0.020026658092710762,0.0030607086027015433,5.7791157349484485e-05,0.029292723777397823,0.01942884740337611,0.06964494530748667,6.371845553917519e-05,0.01942884740337611,0.07472633616683118,0.13032273027495364,6.075480644432981e-05,3.852743823298958e-05,0.024510238262720623,0.06785151323948273,0.053802962040118474,0.017037604646037506,8.0759437834536e-05,0.02809710239872854,0.00011261866560412363,4.5195648696391725e-05,4.8900210064948444e-05,0.00011039592878298961,7.409122737113393e-05,5.556842052835045e-05,7.631396419226799e-05,0.025406954296722597,0.02152118481604739,7.335031509742261e-05,0.02241790085004936,0.00011780505152010299,5.1863859159793746e-05,0.018532131369374146,0.025108048952055283,0.018233226024706818,0.03168396653473643,0.00015336884065824725,6.371845553917519e-05,3.408196459072163e-05
2024-08-05,0.02152118481604739,0.03407520929207501,0.04035222153008886,0.00010520954286701015,0.029292723777397823,4.000926278041234e-05,0.03407520929207501,0.03168396653473643,0.02152118481604739,0.00013114147244690705,0.06546027048214413,0.000288214874473711,0.020026658092710762,0.0030607086027015433,5.7791157349484485e-05,0.029292723777397823,0.01942884740337611,0.06964494530748667,6.371845553917519e-05,0.01942884740337611,0.07472633616683118,0.13032273027495364,6.075480644432981e-05,3.852743823298958e-05,0.024510238262720623,0.06785151323948273,0.053802962040118474,0.017037604646037506,8.0759437834536e-05,0.02809710239872854,0.00011261866560412363,4.5195648696391725e-05,4.8900210064948444e-05,0.00011039592878298961,7.409122737113393e-05,5.556842052835045e-05,7.631396419226799e-05,0.025406954296722597,0.02152118481604739,7.335031509742261e-05,0.02241790085004936,0.00011780505152010299,5.1863859159793746e-05,0.018532131369374146,0.025108048952055283,0.018233226024706818,0.03168396653473643,0.00015336884065824725,6.371845553917519e-05,3.408196459072163e-05
2024-08-06,0.02152118481604739,0.03407520929207501,0.04035222153008886,0.00010520954286701015,0.029292723777397823,4.000926278041234e-05,0.03407520929207501,0.03168396653473643,0.02152118481604739,0.00013114147244690705,0.06546027048214413,0.000288214874473711,0.020026658092710762,0.0030607086027015433,5.7791157349484485e-05,0.029292723777397823,0.01942884740337611,0.06964494530748667,6.371845553917519e-05,0.01942884740337611,0.07472633616683118,0.13032273027495364,6.075480644432981e-05,3.852743823298958e-05,0.024510238262720623,0.06785151323948273,0.053802962040118474,0.017037604646037506,8.0759437834536e-05,0.02809710239872854,0.00011261866560412363,4.5195648696391725e-05,4.8900210064948444e-05,0.00011039592878298961,7.409122737113393e-05,5.556842052835045e-05,7.631396419226799e-05,0.025406954296722597,0.02152118481604739,7.335031509742261e-05,0.02241790085004936,0.00011780505152010299,5.1863859159793746e-05,0.018532131369374146,0.025108048952055283,0.018233226024706818,0.03168396653473643,0.00015336884065824725,6.371845553917519e-05,3.408196459072163e-05
2024-08-07,0.02152118481604739,0.03407520929207501,0.04035222153008886,0.00010520954286701015,0.029292723777397823,4.000926278041234e-05,0.03407520929207501,0.03168396653473643,0.02152118481604739,0.00013114147244690705,0.06546027048214413,0.000288214874473711,0.020026658092710762,0.0030607086027015433,5.7791157349484485e-05,0.029292723777397823,0.01942884740337611,0.06964494530748667,6.371845553917519e-05,0.01942884740337611,0.07472633616683118,0.13032273027495364,6.075480644432981e-05,3.852743823298958e-05,0.024510238262720623,0.06785151323948273,0.053802962040118474,0.017037604646037506,8.0759437834536e-05,0.02809710239872854,0.00011261866560412363,4.5195648696391725e-05,4.8900210064948444e-05,0.00011039592878298961,7.409122737113393e-05,5.556842052835045e-05,7.631396419226799e-05,0.025406954296722597,0.02152118481604739,7.335031509742261e-05,0.02241790085004936,0.00011780505152010299,5.1863859159793746e-05,0.018532131369374146,0.025108048952055283,0.018233226024706818,0.03168396653473643,0.00015336884065824725,6.371845553917519e-05,3.408196459072163e-05
2024-08-08,0.02152118481604739,0.03407520929207501,0.04035222153008886,0.00010520954286701015,0.029292723777397823,4.000926278041234e-05,0.03407520929207501,0.03168396653473643,0.02152118481604739,0.00013114147244690705,0.06546027048214413,0.000288214874473711,0.020026658092710762,0.0030607086027015433,5.7791157349484485e-05,0.029292723777397823,0.01942884740337611,0.06964494530748667,6.371845553917519e-05,0.01942884740337611,0.07472633616683118,0.13032273027495364,6.075480644432981e-05,3.852743823298958e-05,0.024510238262720623,0.06785151323948273,0.053802962040118474,0.017037604646037506,8.0759437834536e-05,0.02809710239872854,0.00011261866560412363,4.5195648696391725e-05,4.8900210064948444e-05,0.00011039592878298961,7.409122737113393e-05,5.556842052835045e-05,7.631396419226799e-05,0.025406954296722597,0.02152118481604739,7.335031509742261e-05,0.02241790085004936,0.00011780505152010299,5.1863859159793746e-05,0.018532131369374146,0.025108048952055283,0.018233226024706818,0.03168396653473643,0.00015336884065824725,6.371845553917519e-05,3.408196459072163e-05
2024-08-09,0.02152118481604739,0.03407520929207501,0.04035222153008886,0.00010520954286701015,0.029292723777397823,4.000926278041234e-05,0.03407520929207501,0.03168396653473643,0.02152118481604739,0.00013114147244690705,0.06546027048214413,0.000288214874473711,0.020026658092710762,0.0030607086027015433,5.7791157349484485e-05,0.029292723777397823,0.01942884740337611,0.06964494530748667,6.371845553917519e-05,0.01942884740337611,0.07472633616683118,0.13032273027495364,6.075480644432981e-05,3.852743823298958e-05,0.024510238262720623,0.06785151323948273,0.053802962040118474,0.017037604646037506,8.0759437834536e-05,0.02809710239872854,0.00011261866560412363,4.5195648696391725e-05,4.8900210064948444e-05,0.00011039592878298961,7.409122737113393e-05,5.556842052835045e-05,7.631396419226799e-05,0.025406954296722597,0.02152118481604739,7.335031509742261e-05,0.02241790085004936,0.00011780505152010299,5.1863859159793746e-05,0.018532131369374146,0.025108048952055283,0.018233226024706818,0.03168396653473643,0.00015336884065824725,6.371845553917519e-05,3.408196459072163e-05
2024-08-12,0.02152118481604739,0.03407520929207501,0.04035222153008886,0.00010520954286701015,0.029292723777397823,4.000926278041234e-05,0.03407520929207501,0.03168396653473643,0.02152118481604739,0.00013114147244690705,0.06546027048214413,0.000288214874473711,0.020026658092710762,0.0030607086027015433,5.7791157349484485e-05,0.029292723777397823,0.01942884740337611,0.06964494530748667,6.371845553917519e-05,0.01942884740337611,0.07472633616683118,0.13032273027495364,6.075480644432981e-05,3.852743823298958e-05,0.024510238262720623,0.06785151323948273,0.053802962040118474,0.017037604646037506,8.0759437834536e-05,0.02809710239872854,0.00011261866560412363,4.5195648696391725e-05,4.8900210064948444e-05,0.00011039592878298961,7.409122737113393e-05,5.556842052835045e-05,7.631396419226799e-05,0.025406954296722597,0.02152118481604739,7.335031509742261e-05,0.02241790085004936,0.00011780505152010299,5.1863859159793746e-05,0.018532131369374146,0.025108048952055283,0.018233226024706818,0.03168396653473643,0.00015336884065824725,6.371845553917519e-05,3.408196459072163e-05
2024-08-13,0.02152118481604739,0.03407520929207501,0.04035222153008886,0.00010520954286701015,0.029292723777397823,4.000926278041234e-05,0.03407520929207501,0.03168396653473643,0.02152118481604739,0.00013114147244690705,0.06546027048214413,0.000288214874473711,0.020026658092710762,0.0030607086027015433,5.7791157349484485e-05,0.029292723777397823,0.01942884740337611,0.06964494530748667,6.371845553917519e-05,0.01942884740337611,0.07472633616683118,0.13032273027495364,6.075480644432981e-05,3.852743823298958e-05,0.024510238262720623,0.06785151323948273,0.053802962040118474,0.017037604646037506,8.0759437834536e-05,0.02809710239872854,0.00011261866560412363,4.5195648696391725e-05,4.8900210064948444e-05,0.00011039592878298961,7.409122737113393e-05,5.556842052835045e-05,7.631396419226799e-05,0.025406954296722597,0.02152118481604739,7.335031509742261e-05,0.02241790085004936,0.00011780505152010299,5.1863859159793746e-05,0.018532131369374146,0.025108048952055283,0.018233226024706818,0.03168396653473643,0.00015336884065824725,6.371845553917519e-05,3.408196459072163e-05
2024-08-14,0.02152118481604739,0.03407520929207501,0.04035222153008886,0.00010520954286701015,0.029292723777397823,4.000926278041234e-05,0.03407520929207501,0.03168396653473643,0.02152118481604739,0.00013114147244690705,0.06546027048214413,0.000288214874473711,0.020026658092710762,0.0030607086027015433,5.7791157349484485e-05,0.029292723777397823,0.01942884740337611,0.06964494530748667,6.371845553917519e-05,0.01942884740337611,0.07472633616683118,0.13032273027495364,6.075480644432981e-05,3.852743823298958e-05,0.024510238262720623,0.06785151323948273,0.053802962040118474,0.017037604646037506,8.0759437834536e-05,0.02809710239872854,0.00011261866560412363,4.5195648696391725e-05,4.8900210064948444e-05,0.00011039592878298961,7.409122737113393e-05,5.556842052835045e-05,7.631396419226799e-05,0.025406954296722597,0.02152118481604739,7.335031509742261e-05,0.02241790085004936,0.00011780505152010299,5.1863859159793746e-05,0.018532131369374146,0.025108048952055283,0.018233226024706818,0.03168396653473643,0.00015336884065824725,6.371845553917519e-05,3.408196459072163e-05
2024-08-15,0.02152118481604739,0.03407520929207501,0.04035222153008886,0.00010520954286701015,0.029292723777397823,4.000926278041234e-05,0.03407520929207501,0.03168396653473643,0.02152118481604739,0.00013114147244690705,0.06546027048214413,0.000288214874473711,0.020026658092710762,0.0030607086027015433,5.7791157349484485e-05,0.029292723777397823,0.01942884740337611,0.06964494530748667,6.371845553917519e-05,0.01942884740337611,0.07472633616683118,0.13032273027495364,6.075480644432981e-05,3.852743823298958e-05,0.024510238262720623,0.06785151323948273,0.053802962040118474,0.017037604646037506,8.0759437834536e-05,0.02809710239872854,0.00011261866560412363,4.5195648696391725e-05,4.8900210064948444e-05,0.00011039592878298961,7.409122737113393e-05,5.556842052835045e-05,7.631396419226799e-05,0.025406954296722597,0.02152118481604739,7.335031509742261e-05,0.02241790085004936,0.00011780505152010299,5.1863859159793746e-05,0.018532131369374146,0.025108048952055283,0.018233226024706818,0.03168396653473643,0.00015336884065824725,6.371845553917519e-05,3.408196459072163e-05
2024-08-16,0.02152118481604739,0.03407520929207501,0.04035222153008886,0.00010520954286701015,0.029292723777397823,4.000926278041234e-05,0.03407520929207501,0.03168396653473643,0.02152118481604739,0.00013114147244690705,0.06546027048214413,0.000288214874473711,0.020026658092710762,0.0030607086027015433,5.7791157349484485e-05,0.029292723777397823,0.01942884740337611,0.06964494530748667,6.371845553917519e-05,0.01942884740337611,0.07472633616683118,0.13032273027495364,6.075480644432981e-05,3.852743823298958e-05,0.024510238262720623,0.06785151323948273,0.053802962040118474,0.017037604646037506,8.0759437834536e-05,0.02809710239872854,0.00011261866560412363,4.5195648696391725e-05,4.8900210064948444e-05,0.00011039592878298961,7.409122737113393e-05,5.556842052835045e-05,7.631396419226799e-05,0.025406954296722597,0.02152118481604739,7.335031509742261e-05,0.02241790085004936,0.00011780505152010299,5.1863859159793746e-05,0.018532131369374146,0.025108048952055283,0.018233226024706818,0.03168396653473643,0.00015336884065824725,6.371845553917519e-05,3.408196459072163e-05
2024-08-19,0.02152118481604739,0.03407520929207501,0.04035222153008886,0.00010520954286701015,0.029292723777397823,4.000926278041234e-05,0.03407520929207501,0.03168396653473643,0.02152118481604739,0.00013114147244690705,0.06546027048214413,0.000288214874473711,0.020026658092710762,0.0030607086027015433,5.7791157349484485e-05,0.029292723777397823,0.01942884740337611,0.06964494530748667,6.371845553917519e-05,0.01942884740337611,0.07472633616683118,0.13032273027495364,6.075480644432981e-05,3.852743823298958e-05,0.024510238262720623,0.06785151323948273,0.053802962040118474,0.017037604646037506,8.0759437834536e-05,0.02809710239872854,0.00011261866560412363,4.5195648696391725e-05,4.8900210064948444e-05,0.00011039592878298961,7.409122737113393e-05,5.556842052835045e-05,7.631396419226799e-05,0.025406954296722597,0.02152118481604739,7.335031509742261e-05,0.02241790085004936,0.00011780505152010299,5.1863859159793746e-05,0.018532131369374146,0.025108048952055283,0.018233226024706818,0.03168396653473643,0.00015336884065824725,6.371845553917519e-05,3.408196459072163e-05
2024-08-20,0.02152118481604739,0.03407520929207501,0.04035222153008886,0.00010520954286701015,0.029292723777397823,4.000926278041234e-05,0.03407520929207501,0.03168396653473643,0.02152118481604739,0.00013114147244690705,0.06546027048214413,0.000288214874473711,0.020026658092710762,0.0030607086027015433,5.7791157349484485e-05,0.029292723777397823,0.01942884740337611,0.06964494530748667,6.371845553917519e-05,0.01942884740337611,0.07472633616683118,0.13032273027495364,6.075480644432981e-05,3.852743823298958e-05,0.024510238262720623,0.06785151323948273,0.053802962040118474,0.017037604646037506,8.0759437834536e-05,0.02809710239872854,0.00011261866560412363,4.5195648696391725e-05,4.8900210064948444e-05,0.00011039592878298961,7.409122737113393e-05,5.556842052835045e-05,7.631396419226799e-05,0.025406954296722597,0.02152118481604739,7.335031509742261e-05,0.02241790085004936,0.00011780505152010299,5.1863859159793746e-05,0.018532131369374146,0.025108048952055283,0.018233226024706818,0.03168396653473643,0.00015336884065824725,6.371845553917519e-05,3.408196459072163e-05
2024-08-21,0.02152118481604739,0.03407520929207501,0.04035222153008886,0.00010520954286701015,0.029292723777397823,4.000926278041234e-05,0.03407520929207501,0.03168396653473643,0.02152118481604739,0.00013114147244690705,0.06546027048214413,0.000288214874473711,0.020026658092710762,0.0030607086027015433,5.7791157349484485e-05,0.029292723777397823,0.01942884740337611,0.06964494530748667,6.371845553917519e-05,0.01942884740337611,0.07472633616683118,0.13032273027495364,6.075480644432981e-05,3.852743823298958e-05,0.024510238262720623,0.06785151323948273,0.053802962040118474,0.017037604646037506,8.0759437834536e-05,0.02809710239872854,0.00011261866560412363,4.5195648696391725e-05,4.8900210064948444e-05,0.00011039592878298961,7.409122737113393e-05,5.556842052835045e-05,7.631396419226799e-05,0.025406954296722597,0.02152118481604739,7.335031509742261e-05,0.02241790085004936,0.00011780505152010299,5.1863859159793746e-05,0.018532131369374146,0.025108048952055283,0.018233226024706818,0.03168396653473643,0.00015336884065824725,6.371845553917519e-05,3.408196459072163e-05
2024-08-22,0.02152118481604739,0.03407520929207501,0.04035222153008886,0.00010520954286701015,0.029292723777397823,4.000926278041234e-05,0.03407520929207501,0.03168396653473643,0.02152118481604739,0.00013114147244690705,0.06546027048214413,0.000288214874473711,0.020026658092710762,0.0030607086027015433,5.7791157349484485e-05,0.029292723777397823,0.01942884740337611,0.06964494530748667,6.371845553917519e-05,0.01942884740337611,0.07472633616683118,0.13032273027495364,6.075480644432981e-05,3.852743823298958e-05,0.024510238262720623,0.06785151323948273,0.053802962040118474,0.017037604646037506,8.0759437834536e-05,0.02809710239872854,0.00011261866560412363,4.5195648696391725e-05,4.8900210064948444e-05,0.00011039592878298961,7.409122737113393e-05,5.556842052835045e-05,7.631396419226799e-05,0.025406954296722597,0.02152118481604739,7.335031509742261e-05,0.02241790085004936,0.00011780505152010299,5.1863859159793746e-05,0.018532131369374146,0.025108048952055283,0.018233226024706818,0.03168396653473643,0.00015336884065824725,6.371845553917519e-05,3.408196459072163e-05
2024-08-23,0.02152118481604739,0.03407520929207501,0.04035222153008886,0.00010520954286701015,0.029292723777397823,4.000926278041234e-05,0.03407520929207501,0.03168396653473643,0.02152118481604739,0.00013114147244690705,0.06546027048214413,0.000288214874473711,0.020026658092710762,0.0030607086027015433,5.7791157349484485e-05,0.029292723777397823,0.01942884740337611,0.06964494530748667,6.371845553917519e-05,0.01942884740337611,0.07472633616683118,0.13032273027495364,6.075480644432981e-05,3.852743823298958e-05,0.024510238262720623,0.06785151323948273,0.053802962040118474,0.017037604646037506,8.0759437834536e-05,0.02809710239872854,0.00011261866560412363,4.5195648696391725e-05,4.8900210064948444e-05,0.00011039592878298961,7.409122737113393e-05,5.556842052835045e-05,7.631396419226799e-05,0.025406954296722597,0.02152118481604739,7.335031509742261e-05,0.02241790085004936,0.00011780505152010299,5.1863859159793746e-05,0.018532131369374146,0.025108048952055283,0.018233226024706818,0.03168396653473643,0.00015336884065824725,6.371845553917519e-05,3.408196459072163e-05
2024-08-26,0.02152118481604739,0.03407520929207501,0.04035222153008886,0.00010520954286701015,0.029292723777397823,4.000926278041234e-05,0.03407520929207501,0.03168396653473643,0.02152118481604739,0.00013114147244690705,0.06546027048214413,0.000288214874473711,0.020026658092710762,0.0030607086027015433,5.7791157349484485e-05,0.029292723777397823,0.01942884740337611,0.06964494530748667,6.371845553917519e-05,0.01942884740337611,0.07472633616683118,0.13032273027495364,6.075480644432981e-05,3.852743823298958e-05,0.024510238262720623,0.06785151323948273,0.053802962040118474,0.017037604646037506,8.0759437834536e-05,0.02809710239872854,0.00011261866560412363,4.5195648696391725e-05,4.8900210064948444e-05,0.00011039592878298961,7.409122737113393e-05,5.556842052835045e-05,7.631396419226799e-05,0.025406954296722597,0.02152118481604739,7.335031509742261e-05,0.02241790085004936,0.00011780505152010299,5.1863859159793746e-05,0.018532131369374146,0.025108048952055283,0.018233226024706818,0.03168396653473643,0.00015336884065824725,6.371845553917519e-05,3.408196459072163e-05
2024-08-27,0.02152118481604739,0.03407520929207501,0.04035222153008886,0.00010520954286701015,0.029292723777397823,4.000926278041234e-05,0.03407520929207501,0.03168396653473643,0.02152118481604739,0.00013114147244690705,0.06546027048214413,0.000288214874473711,0.020026658092710762,0.0030607086027015433,5.7791157349484485e-05,0.029292723777397823,0.01942884740337611,0.06964494530748667,6.371845553917519e-05,0.01942884740337611,0.07472633616683118,0.13032273027495364,6.075480644432981e-05,3.852743823298958e-05,0.024510238262720623,0.06785151323948273,0.053802962040118474,0.017037604646037506,8.0759437834536e-05,0.02809710239872854,0.00011261866560412363,4.5195648696391725e-05,4.8900210064948444e-05,0.00011039592878298961,7.409122737113393e-05,5.556842052835045e-05,7.631396419226799e-05,0.025406954296722597,0.02152118481604739,7.335031509742261e-05,0.02241790085004936,0.00011780505152010299,5.1863859159793746e-05,0.018532131369374146,0.025108048952055283,0.018233226024706818,0.03168396653473643,0.00015336884065824725,6.371845553917519e-05,3.408196459072163e-05
2024-08-28,0.02152118481604739,0.03407520929207501,0.04035222153008886,0.00010520954286701015,0.029292723777397823,4.000926278041234e-05,0.03407520929207501,0.03168396653473643,0.02152118481604739,0.00013114147244690705,0.06546027048214413,0.000288214874473711,0.020026658092710762,0.0030607086027015433,5.7791157349484485e-05,0.029292723777397823,0.01942884740337611,0.06964494530748667,6.371845553917519e-05,0.01942884740337611,0.07472633616683118,0.13032273027495364,6.075480644432981e-05,3.852743823298958e-05,0.024510238262720623,0.06785151323948273,0.053802962040118474,0.017037604646037506,8.0759437834536e-05,0.02809710239872854,0.00011261866560412363,4.5195648696391725e-05,4.8900210064948444e-05,0.00011039592878298961,7.409122737113393e-05,5.556842052835045e-05,7.631396419226799e-05,0.025406954296722597,0.02152118481604739,7.335031509742261e-05,0.02241790085004936,0.00011780505152010299,5.1863859159793746e-05,0.018532131369374146,0.025108048952055283,0.018233226024706818,0.03168396653473643,0.00015336884065824725,6.371845553917519e-05,3.408196459072163e-05
2024-08-29,0.02152118481604739,0.03407520929207501,0.04035222153008886,0.00010520954286701015,0.029292723777397823,4.000926278041234e-05,0.03407520929207501,0.03168396653473643,0.02152118481604739,0.00013114147244690705,0.06546027048214413,0.000288214874473711,0.020026658092710762,0.0030607086027015433,5.7791157349484485e-05,0.029292723777397823,0.01942884740337611,0.06964494530748667,6.371845553917519e-05,0.01942884740337611,0.07472633616683118,0.13032273027495364,6.075480644432981e-05,3.852743823298958e-05,0.024510238262720623,0.06785151323948273,0.053802962040118474,0.017037604646037506,8.0759437834536e-05,0.02809710239872854,0.00011261866560412363,4.5195648696391725e-05,4.8900210064948444e-05,0.00011039592878298961,7.409122737113393e-05,5.556842052835045e-05,7.631396419226799e-05,0.025406954296722597,0.02152118481604739,7.335031509742261e-05,0.02241790085004936,0.00011780505152010299,5.1863859159793746e-05,0.018532131369374146,0.025108048952055283,0.018233226024706818,0.03168396653473643,0.00015336884065824725,6.371845553917519e-05,3.408196459072163e-05
2024-08-30,0.02152118481604739,0.03407520929207501,0.04035222153008886,0.00010520954286701015,0.029292723777397823,4.000926278041234e-05,0.03407520929207501,0.03168396653473643,0.02152118481604739,0.00013114147244690705,0.06546027048214413,0.000288214874473711,0.020026658092710762,0.0030607086027015433,5.7791157349484485e-05,0.029292723777397823,0.01942884740337611,0.06964494530748667,6.371845553917519e-05,0.01942884740337611,0.07472633616683118,0.13032273027495364,6.075480644432981e-05,3.852743823298958e-05,0.024510238262720623,0.06785151323948273,0.053802962040118474,0.017037604646037506,8.0759437834536e-05,0.02809710239872854,0.00011261866560412363,4.5195648696391725e-05,4.8900210064948444e-05,0.00011039592878298961,7.409122737113393e-05,5.556842052835045e-05,7.631396419226799e-05,0.025406954296722597,0.02152118481604739,7.335031509742261e-05,0.02241790085004936,0.00011780505152010299,5.1863859159793746e-05,0.018532131369374146,0.025108048952055283,0.018233226024706818,0.03168396653473643,0.00015336884065824725,6.371845553917519e-05,3.408196459072163e-05
2024-09-02,0.02152118481604739,0.03407520929207501,0.04035222153008886,0.00010520954286701015,0.029292723777397823,4.000926278041234e-05,0.03407520929207501,0.03168396653473643,0.02152118481604739,0.00013114147244690705,0.06546027048214413,0.000288214874473711,0.020026658092710762,0.0030607086027015433,5.7791157349484485e-05,0.029292723777397823,0.01942884740337611,0.06964494530748667,6.371845553917519e-05,0.01942884740337611,0.07472633616683118,0.13032273027495364,6.075480644432981e-05,3.852743823298958e-05,0.024510238262720623,0.06785151323948273,0.053802962040118474,0.017037604646037506,8.0759437834536e-05,0.02809710239872854,0.00011261866560412363,4.5195648696391725e-05,4.8900210064948444e-05,0.00011039592878298961,7.409122737113393e-05,5.556842052835045e-05,7.631396419226799e-05,0.025406954296722597,0.02152118481604739,7.335031509742261e-05,0.02241790085004936,0.00011780505152010299,5.1863859159793746e-05,0.018532131369374146,0.025108048952055283,0.018233226024706818,0.03168396653473643,0.00015336884065824725,6.371845553917519e-05,3.408196459072163e-05
2024-09-03,0.02152118481604739,0.03407520929207501,0.04035222153008886,0.00010520954286701015,0.029292723777397823,4.000926278041234e-05,0.03407520929207501,0.03168396653473643,0.02152118481604739,0.00013114147244690705,0.06546027048214413,0.000288214874473711,0.020026658092710762,0.0030607086027015433,5.7791157349484485e-05,0.029292723777397823,0.01942884740337611,0.06964494530748667,6.371845553917519e-05,0.01942884740337611,0.07472633616683118,0.13032273027495364,6.075480644432981e-05,3.852743823298958e-05,0.024510238262720623,0.06785151323948273,0.053802962040118474,0.017037604646037506,8.0759437834536e-05,0.02809710239872854,0.00011261866560412363,4.5195648696391725e-05,4.8900210064948444e-05,0.00011039592878298961,7.409122737113393e-05,5.556842052835045e-05,7.631396419226799e-05,0.025406954296722597,0.02152118481604739,7.335031509742261e-05,0.02241790085004936,0.00011780505152010299,5.1863859159793746e-05,0.018532131369374146,0.025108048952055283,0.018233226024706818,0.03168396653473643,0.00015336884065824725,6.371845553917519e-05,3.408196459072163e-05
2024-09-04,0.02152118481604739,0.03407520929207501,0.04035222153008886,0.00010520954286701015,0.029292723777397823,4.000926278041234e-05,0.03407520929207501,0.03168396653473643,0.02152118481604739,0.00013114147244690705,0.06546027048214413,0.000288214874473711,0.020026658092710762,0.0030607086027015433,5.7791157349484485e-05,0.029292723777397823,0.01942884740337611,0.06964494530748667,6.371845553917519e-05,0.01942884740337611,0.07472633616683118,0.13032273027495364,6.075480644432981e-05,3.852743823298958e-05,0.024510238262720623,0.06785151323948273,0.053802962040118474,0.017037604646037506,8.0759437834536e-05,0.02809710239872854,0.00011261866560412363,4.5195648696391725e-05,4.8900210064948444e-05,0.00011039592878298961,7.409122737113393e-05,5.556842052835045e-05,7.631396419226799e-05,0.025406954296722597,0.02152118481604739,7.335031509742261e-05,0.02241790085004936,0.00011780505152010299,5.1863859159793746e-05,0.018532131369374146,0.025108048952055283,0.018233226024706818,0.03168396653473643,0.00015336884065824725,6.371845553917519e-05,3.408196459072163e-05
2024-09-05,0.02152118481604739,0.03407520929207501,0.04035222153008886,0.00010520954286701015,0.029292723777397823,4.000926278041234e-05,0.03407520929207501,0.03168396653473643,0.02152118481604739,0.00013114147244690705,0.06546027048214413,0.000288214874473711,0.020026658092710762,0.0030607086027015433,5.7791157349484485e-05,0.029292723777397823,0.01942884740337611,0.06964494530748667,6.371845553917519e-05,0.01942884740337611,0.07472633616683118,0.13032273027495364,6.075480644432981e-05,3.852743823298958e-05,0.024510238262720623,0.06785151323948273,0.053802962040118474,0.017037604646037506,8.0759437834536e-05,0.02809710239872854,0.00011261866560412363,4.5195648696391725e-05,4.8900210064948444e-05,0.00011039592878298961,7.409122737113393e-05,5.556842052835045e-05,7.631396419226799e-05,0.025406954296722597,0.02152118481604739,7.335031509742261e-05,0.02241790085004936,0.00011780505152010299,5.1863859159793746e-05,0.018532131369374146,0.025108048952055283,0.018233226024706818,0.03168396653473643,0.00015336884065824725,6.371845553917519e-05,3.408196459072163e-05
2024-09-06,0.02152118481604739,0.03407520929207501,0.04035222153008886,0.00010520954286701015,0.029292723777397823,4.000926278041234e-05,0.03407520929207501,0.03168396653473643,0.02152118481604739,0.00013114147244690705,0.06546027048214413,0.000288214874473711,0.020026658092710762,0.0030607086027015433,5.7791157349484485e-05,0.029292723777397823,0.01942884740337611,0.06964494530748667,6.371845553917519e-05,0.01942884740337611,0.07472633616683118,0.13032273027495364,6.075480644432981e-05,3.852743823298958e-05,0.024510238262720623,0.06785151323948273,0.053802962040118474,0.017037604646037506,8.0759437834536e-05,0.02809710239872854,0.00011261866560412363,4.5195648696391725e-05,4.8900210064948444e-05,0.00011039592878298961,7.409122737113393e-05,5.556842052835045e-05,7.631396419226799e-05,0.025406954296722597,0.02152118481604739,7.335031509742261e-05,0.02241790085004936,0.00011780505152010299,5.1863859159793746e-05,0.018532131369374146,0.025108048952055283,0.018233226024706818,0.03168396653473643,0.00015336884065824725,6.371845553917519e-05,3.408196459072163e-05
2024-09-09,0.02152118481604739,0.03407520929207501,0.04035222153008886,0.00010520954286701015,0.029292723777397823,4.000926278041234e-05,0.03407520929207501,0.03168396653473643,0.02152118481604739,0.00013114147244690705,0.06546027048214413,0.000288214874473711,0.020026658092710762,0.0030607086027015433,5.7791157349484485e-05,0.029292723777397823,0.01942884740337611,0.06964494530748667,6.371845553917519e-05,0.01942884740337611,0.07472633616683118,0.13032273027495364,6.075480644432981e-05,3.852743823298958e-05,0.024510238262720623,0.06785151323948273,0.053802962040118474,0.017037604646037506,8.0759437834536e-05,0.02809710239872854,0.00011261866560412363,4.5195648696391725e-05,4.8900210064948444e-05,0.00011039592878298961,7.409122737113393e-05,5.556842052835045e-05,7.631396419226799e-05,0.025406954296722597,0.02152118481604739,7.335031509742261e-05,0.02241790085004936,0.00011780505152010299,5.1863859159793746e-05,0.018532131369374146,0.025108048952055283,0.018233226024706818,0.03168396653473643,0.00015336884065824725,6.371845553917519e-05,3.408196459072163e-05
2024-09-10,0.02152118481604739,0.03407520929207501,0.04035222153008886,0.00010520954286701015,0.029292723777397823,4.000926278041234e-05,0.03407520929207501,0.03168396653473643,0.02152118481604739,0.00013114147244690705,0.06546027048214413,0.000288214874473711,0.020026658092710762,0.0030607086027015433,5.7791157349484485e-05,0.029292723777397823,0.01942884740337611,0.06964494530748667,6.371845553917519e-05,0.01942884740337611,0.07472633616683118,0.13032273027495364,6.075480644432981e-05,3.852743823298958e-05,0.024510238262720623,0.06785151323948273,0.053802962040118474,0.017037604646037506,8.0759437834536e-05,0.02809710239872854,0.00011261866560412363,4.5195648696391725e-05,4.8900210064948444e-05,0.00011039592878298961,7.409122737113393e-05,5.556842052835045e-05,7.631396419226799e-05,0.025406954296722597,0.02152118481604739,7.335031509742261e-05,0.02241790085004936,0.00011780505152010299,5.1863859159793746e-05,0.018532131369374146,0.025108048952055283,0.018233226024706818,0.03168396653473643,0.00015336884065824725,6.371845553917519e-05,3.408196459072163e-05
2024-09-11,0.02152118481604739,0.03407520929207501,0.04035222153008886,0.00010520954286701015,0.029292723777397823,4.000926278041234e-05,0.03407520929207501,0.03168396653473643,0.02152118481604739,0.00013114147244690705,0.06546027048214413,0.000288214874473711,0.020026658092710762,0.0030607086027015433,5.7791157349484485e-05,0.029292723777397823,0.01942884740337611,0.06964494530748667,6.371845553917519e-05,0.01942884740337611,0.07472633616683118,0.13032273027495364,6.075480644432981e-05,3.852743823298958e-05,0.024510238262720623,0.06785151323948273,0.053802962040118474,0.017037604646037506,8.0759437834536e-05,0.02809710239872854,0.00011261866560412363,4.5195648696391725e-05,4.8900210064948444e-05,0.00011039592878298961,7.409122737113393e-05,5.556842052835045e-05,7.631396419226799e-05,0.025406954296722597,0.02152118481604739,7.335031509742261e-05,0.02241790085004936,0.00011780505152010299,5.1863859159793746e-05,0.018532131369374146,0.025108048952055283,0.018233226024706818,0.03168396653473643,0.00015336884065824725,6.371845553917519e-05,3.408196459072163e-05
2024-09-12,0.02152118481604739,0.03407520929207501,0.04035222153008886,0.00010520954286701015,0.029292723777397823,4.000926278041234e-05,0.03407520929207501,0.03168396653473643,0.02152118481604739,0.00013114147244690705,0.06546027048214413,0.000288214874473711,0.020026658092710762,0.0030607086027015433,5.7791157349484485e-05,0.029292723777397823,0.01942884740337611,0.06964494530748667,6.371845553917519e-05,0.01942884740337611,0.07472633616683118,0.13032273027495364,6.075480644432981e-05,3.852743823298958e-05,0.024510238262720623,0.06785151323948273,0.053802962040118474,0.017037604646037506,8.0759437834536e-05,0.02809710239872854,0.00011261866560412363,4.5195648696391725e-05,4.8900210064948444e-05,0.00011039592878298961,7.409122737113393e-05,5.556842052835045e-05,7.631396419226799e-05,0.025406954296722597,0.02152118481604739,7.335031509742261e-05,0.02241790085004936,0.00011780505152010299,5.1863859159793746e-05,0.018532131369374146,0.025108048952055283,0.018233226024706818,0.03168396653473643,0.00015336884065824725,6.371845553917519e-05,3.408196459072163e-05
2024-09-13,0.02152118481604739,0.03407520929207501,0.04035222153008886,0.00010520954286701015,0.029292723777397823,4.000926278041234e-05,0.03407520929207501,0.03168396653473643,0.02152118481604739,0.00013114147244690705,0.06546027048214413,0.000288214874473711,0.020026658092710762,0.0030607086027015433,5.7791157349484485e-05,0.029292723777397823,0.01942884740337611,0.06964494530748667,6.371845553917519e-05,0.01942884740337611,0.07472633616683118,0.13032273027495364,6.075480644432981e-05,3.852743823298958e-05,0.024510238262720623,0.06785151323948273,0.053802962040118474,0.017037604646037506,8.0759437834536e-05,0.02809710239872854,0.00011261866560412363,4.5195648696391725e-05,4.8900210064948444e-05,0.00011039592878298961,7.409122737113393e-05,5.556842052835045e-05,7.631396419226799e-05,0.025406954296722597,0.02152118481604739,7.335031509742261e-05,0.02241790085004936,0.00011780505152010299,5.1863859159793746e-05,0.018532131369374146,0.025108048952055283,0.018233226024706818,0.03168396653473643,0.00015336884065824725,6.371845553917519e-05,3.408196459072163e-05
2024-09-16,0.02152118481604739,0.03407520929207501,0.04035222153008886,0.00010520954286701015,0.029292723777397823,4.000926278041234e-05,0.03407520929207501,0.03168396653473643,0.02152118481604739,0.00013114147244690705,0.06546027048214413,0.000288214874473711,0.020026658092710762,0.0030607086027015433,5.7791157349484485e-05,0.029292723777397823,0.01942884740337611,0.06964494530748667,6.371845553917519e-05,0.01942884740337611,0.07472633616683118,0.13032273027495364,6.075480644432981e-05,3.852743823298958e-05,0.024510238262720623,0.06785151323948273,0.053802962040118474,0.017037604646037506,8.0759437834536e-05,0.02809710239872854,0.00011261866560412363,4.5195648696391725e-05,4.8900210064948444e-05,0.00011039592878298961,7.409122737113393e-05,5.556842052835045e-05,7.631396419226799e-05,0.025406954296722597,0.02152118481604739,7.335031509742261e-05,0.02241790085004936,0.00011780505152010299,5.1863859159793746e-05,0.018532131369374146,0.025108048952055283,0.018233226024706818,0.03168396653473643,0.00015336884065824725,6.371845553917519e-05,3.408196459072163e-05
2024-09-18,0.02152118481604739,0.03407520929207501,0.04035222153008886,0.00010520954286701015,0.029292723777397823,4.000926278041234e-05,0.03407520929207501,0.03168396653473643,0.02152118481604739,0.00013114147244690705,0.06546027048214413,0.000288214874473711,0.020026658092710762,0.0030607086027015433,5.7791157349484485e-05,0.029292723777397823,0.01942884740337611,0.06964494530748667,6.371845553917519e-05,0.01942884740337611,0.07472633616683118,0.13032273027495364,6.075480644432981e-05,3.852743823298958e-05,0.024510238262720623,0.06785151323948273,0.053802962040118474,0.017037604646037506,8.0759437834536e-05,0.02809710239872854,0.00011261866560412363,4.5195648696391725e-05,4.8900210064948444e-05,0.00011039592878298961,7.409122737113393e-05,5.556842052835045e-05,7.631396419226799e-05,0.025406954296722597,0.02152118481604739,7.335031509742261e-05,0.02241790085004936,0.00011780505152010299,5.1863859159793746e-05,0.018532131369374146,0.025108048952055283,0.018233226024706818,0.03168396653473643,0.00015336884065824725,6.371845553917519e-05,3.408196459072163e-05
2024-09-19,0.02152118481604739,0.03407520929207501,0.04035222153008886,0.00010520954286701015,0.029292723777397823,4.000926278041234e-05,0.03407520929207501,0.03168396653473643,0.02152118481604739,0.00013114147244690705,0.06546027048214413,0.000288214874473711,0.020026658092710762,0.0030607086027015433,5.7791157349484485e-05,0.029292723777397823,0.01942884740337611,0.06964494530748667,6.371845553917519e-05,0.01942884740337611,0.07472633616683118,0.13032273027495364,6.075480644432981e-05,3.852743823298958e-05,0.024510238262720623,0.06785151323948273,0.053802962040118474,0.017037604646037506,8.0759437834536e-05,0.02809710239872854,0.00011261866560412363,4.5195648696391725e-05,4.8900210064948444e-05,0.00011039592878298961,7.409122737113393e-05,5.556842052835045e-05,7.631396419226799e-05,0.025406954296722597,0.02152118481604739,7.335031509742261e-05,0.02241790085004936,0.00011780505152010299,5.1863859159793746e-05,0.018532131369374146,0.025108048952055283,0.018233226024706818,0.03168396653473643,0.00015336884065824725,6.371845553917519e-05,3.408196459072163e-05
2024-09-20,0.02152118481604739,0.03407520929207501,0.04035222153008886,0.00010520954286701015,0.029292723777397823,4.000926278041234e-05,0.03407520929207501,0.03168396653473643,0.02152118481604739,0.00013114147244690705,0.06546027048214413,0.000288214874473711,0.020026658092710762,0.0030607086027015433,5.7791157349484485e-05,0.029292723777397823,0.01942884740337611,0.06964494530748667,6.371845553917519e-05,0.01942884740337611,0.07472633616683118,0.13032273027495364,6.075480644432981e-05,3.852743823298958e-05,0.024510238262720623,0.06785151323948273,0.053802962040118474,0.017037604646037506,8.0759437834536e-05,0.02809710239872854,0.00011261866560412363,4.5195648696391725e-05,4.8900210064948444e-05,0.00011039592878298961,7.409122737113393e-05,5.556842052835045e-05,7.631396419226799e-05,0.025406954296722597,0.02152118481604739,7.335031509742261e-05,0.02241790085004936,0.00011780505152010299,5.1863859159793746e-05,0.018532131369374146,0.025108048952055283,0.018233226024706818,0.03168396653473643,0.00015336884065824725,6.371845553917519e-05,3.408196459072163e-05
2024-09-23,0.02152118481604739,0.03407520929207501,0.04035222153008886,0.00010520954286701015,0.029292723777397823,4.000926278041234e-05,0.03407520929207501,0.03168396653473643,0.02152118481604739,0.00013114147244690705,0.06546027048214413,0.000288214874473711,0.020026658092710762,0.0030607086027015433,5.7791157349484485e-05,0.029292723777397823,0.01942884740337611,0.06964494530748667,6.371845553917519e-05,0.01942884740337611,0.07472633616683118,0.13032273027495364,6.075480644432981e-05,3.852743823298958e-05,0.024510238262720623,0.06785151323948273,0.053802962040118474,0.017037604646037506,8.0759437834536e-05,0.02809710239872854,0.00011261866560412363,4.5195648696391725e-05,4.8900210064948444e-05,0.00011039592878298961,7.409122737113393e-05,5.556842052835045e-05,7.631396419226799e-05,0.025406954296722597,0.02152118481604739,7.335031509742261e-05,0.02241790085004936,0.00011780505152010299,5.1863859159793746e-05,0.018532131369374146,0.025108048952055283,0.018233226024706818,0.03168396653473643,0.00015336884065824725,6.371845553917519e-05,3.408196459072163e-05
2024-09-24,0.02152118481604739,0.03407520929207501,0.04035222153008886,0.00010520954286701015,0.029292723777397823,4.000926278041234e-05,0.03407520929207501,0.03168396653473643,0.02152118481604739,0.00013114147244690705,0.06546027048214413,0.000288214874473711,0.020026658092710762,0.0030607086027015433,5.7791157349484485e-05,0.029292723777397823,0.01942884740337611,0.06964494530748667,6.371845553917519e-05,0.01942884740337611,0.07472633616683118,0.13032273027495364,6.075480644432981e-05,3.852743823298958e-05,0.024510238262720623,0.06785151323948273,0.053802962040118474,0.017037604646037506,8.0759437834536e-05,0.02809710239872854,0.00011261866560412363,4.5195648696391725e-05,4.8900210064948444e-05,0.00011039592878298961,7.409122737113393e-05,5.556842052835045e-05,7.631396419226799e-05,0.025406954296722597,0.02152118481604739,7.335031509742261e-05,0.02241790085004936,0.00011780505152010299,5.1863859159793746e-05,0.018532131369374146,0.025108048952055283,0.018233226024706818,0.03168396653473643,0.00015336884065824725,6.371845553917519e-05,3.408196459072163e-05
2024-09-25,0.02152118481604739,0.03407520929207501,0.04035222153008886,0.00010520954286701015,0.029292723777397823,4.000926278041234e-05,0.03407520929207501,0.03168396653473643,0.02152118481604739,0.00013114147244690705,0.06546027048214413,0.000288214874473711,0.020026658092710762,0.0030607086027015433,5.7791157349484485e-05,0.029292723777397823,0.01942884740337611,0.06964494530748667,6.371845553917519e-05,0.01942884740337611,0.07472633616683118,0.13032273027495364,6.075480644432981e-05,3.852743823298958e-05,0.024510238262720623,0.06785151323948273,0.053802962040118474,0.017037604646037506,8.0759437834536e-05,0.02809710239872854,0.00011261866560412363,4.5195648696391725e-05,4.8900210064948444e-05,0.00011039592878298961,7.409122737113393e-05,5.556842052835045e-05,7.631396419226799e-05,0.025406954296722597,0.02152118481604739,7.335031509742261e-05,0.02241790085004936,0.00011780505152010299,5.1863859159793746e-05,0.018532131369374146,0.025108048952055283,0.018233226024706818,0.03168396653473643,0.00015336884065824725,6.371845553917519e-05,3.408196459072163e-05
2024-09-26,0.02152118481604739,0.03407520929207501,0.04035222153008886,0.00010520954286701015,0.029292723777397823,4.000926278041234e-05,0.03407520929207501,0.03168396653473643,0.02152118481604739,0.00013114147244690705,0.06546027048214413,0.000288214874473711,0.020026658092710762,0.0030607086027015433,5.7791157349484485e-05,0.029292723777397823,0.01942884740337611,0.06964494530748667,6.371845553917519e-05,0.01942884740337611,0.07472633616683118,0.13032273027495364,6.075480644432981e-05,3.852743823298958e-05,0.024510238262720623,0.06785151323948273,0.053802962040118474,0.017037604646037506,8.0759437834536e-05,0.02809710239872854,0.00011261866560412363,4.5195648696391725e-05,4.8900210064948444e-05,0.00011039592878298961,7.409122737113393e-05,5.556842052835045e-05,7.631396419226799e-05,0.025406954296722597,0.02152118481604739,7.335031509742261e-05,0.02241790085004936,0.00011780505152010299,5.1863859159793746e-05,0.018532131369374146,0.025108048952055283,0.018233226024706818,0.03168396653473643,0.00015336884065824725,6.371845553917519e-05,3.408196459072163e-05
2024-09-27,0.02152118481604739,0.03407520929207501,0.04035222153008886,0.00010520954286701015,0.029292723777397823,4.000926278041234e-05,0.03407520929207501,0.03168396653473643,0.02152118481604739,0.00013114147244690705,0.06546027048214413,0.000288214874473711,0.020026658092710762,0.0030607086027015433,5.7791157349484485e-05,0.029292723777397823,0.01942884740337611,0.06964494530748667,6.371845553917519e-05,0.01942884740337611,0.07472633616683118,0.13032273027495364,6.075480644432981e-05,3.852743823298958e-05,0.024510238262720623,0.06785151323948273,0.053802962040118474,0.017037604646037506,8.0759437834536e-05,0.02809710239872854,0.00011261866560412363,4.5195648696391725e-05,4.8900210064948444e-05,0.00011039592878298961,7.409122737113393e-05,5.556842052835045e-05,7.631396419226799e-05,0.025406954296722597,0.02152118481604739,7.335031509742261e-05,0.02241790085004936,0.00011780505152010299,5.1863859159793746e-05,0.018532131369374146,0.025108048952055283,0.018233226024706818,0.03168396653473643,0.00015336884065824725,6.371845553917519e-05,3.408196459072163e-05
2024-09-30,0.02152118481604739,0.03407520929207501,0.04035222153008886,0.00010520954286701015,0.029292723777397823,4.000926278041234e-05,0.03407520929207501,0.03168396653473643,0.02152118481604739,0.00013114147244690705,0.06546027048214413,0.000288214874473711,0.020026658092710762,0.0030607086027015433,5.7791157349484485e-05,0.029292723777397823,0.01942884740337611,0.06964494530748667,6.371845553917519e-05,0.01942884740337611,0.07472633616683118,0.13032273027495364,6.075480644432981e-05,3.852743823298958e-05,0.024510238262720623,0.06785151323948273,0.053802962040118474,0.017037604646037506,8.0759437834536e-05,0.02809710239872854,0.00011261866560412363,4.5195648696391725e-05,4.8900210064948444e-05,0.00011039592878298961,7.409122737113393e-05,5.556842052835045e-05,7.631396419226799e-05,0.025406954296722597,0.02152118481604739,7.335031509742261e-05,0.02241790085004936,0.00011780505152010299,5.1863859159793746e-05,0.018532131369374146,0.025108048952055283,0.018233226024706818,0.03168396653473643,0.00015336884065824725,6.371845553917519e-05,3.408196459072163e-05
2024-10-01,0.02152118481604739,0.03407520929207501,0.04035222153008886,0.00010520954286701015,0.029292723777397823,4.000926278041234e-05,0.03407520929207501,0.03168396653473643,0.02152118481604739,0.00013114147244690705,0.06546027048214413,0.000288214874473711,0.020026658092710762,0.0030607086027015433,5.7791157349484485e-05,0.029292723777397823,0.01942884740337611,0.06964494530748667,6.371845553917519e-05,0.01942884740337611,0.07472633616683118,0.13032273027495364,6.075480644432981e-05,3.852743823298958e-05,0.024510238262720623,0.06785151323948273,0.053802962040118474,0.017037604646037506,8.0759437834536e-05,0.02809710239872854,0.00011261866560412363,4.5195648696391725e-05,4.8900210064948444e-05,0.00011039592878298961,7.409122737113393e-05,5.556842052835045e-05,7.631396419226799e-05,0.025406954296722597,0.02152118481604739,7.335031509742261e-05,0.02241790085004936,0.00011780505152010299,5.1863859159793746e-05,0.018532131369374146,0.025108048952055283,0.018233226024706818,0.03168396653473643,0.00015336884065824725,6.371845553917519e-05,3.408196459072163e-05
2024-10-04,0.02152118481604739,0.03407520929207501,0.04035222153008886,0.00010520954286701015,0.029292723777397823,4.000926278041234e-05,0.03407520929207501,0.03168396653473643,0.02152118481604739,0.00013114147244690705,0.06546027048214413,0.000288214874473711,0.020026658092710762,0.0030607086027015433,5.7791157349484485e-05,0.029292723777397823,0.01942884740337611,0.06964494530748667,6.371845553917519e-05,0.01942884740337611,0.07472633616683118,0.13032273027495364,6.075480644432981e-05,3.852743823298958e-05,0.024510238262720623,0.06785151323948273,0.053802962040118474,0.017037604646037506,8.0759437834536e-05,0.02809710239872854,0.00011261866560412363,4.5195648696391725e-05,4.8900210064948444e-05,0.00011039592878298961,7.409122737113393e-05,5.556842052835045e-05,7.631396419226799e-05,0.025406954296722597,0.02152118481604739,7.335031509742261e-05,0.02241790085004936,0.00011780505152010299,5.1863859159793746e-05,0.018532131369374146,0.025108048952055283,0.018233226024706818,0.03168396653473643,0.00015336884065824725,6.371845553917519e-05,3.408196459072163e-05
2024-10-07,0.02152118481604739,0.03407520929207501,0.04035222153008886,0.00010520954286701015,0.029292723777397823,4.000926278041234e-05,0.03407520929207501,0.03168396653473643,0.02152118481604739,0.00013114147244690705,0.06546027048214413,0.000288214874473711,0.020026658092710762,0.0030607086027015433,5.7791157349484485e-05,0.029292723777397823,0.01942884740337611,0.06964494530748667,6.371845553917519e-05,0.01942884740337611,0.07472633616683118,0.13032273027495364,6.075480644432981e-05,3.852743823298958e-05,0.024510238262720623,0.06785151323948273,0.053802962040118474,0.017037604646037506,8.0759437834536e-05,0.02809710239872854,0.00011261866560412363,4.5195648696391725e-05,4.8900210064948444e-05,0.00011039592878298961,7.409122737113393e-05,5.556842052835045e-05,7.631396419226799e-05,0.025406954296722597,0.02152118481604739,7.335031509742261e-05,0.02241790085004936,0.00011780505152010299,5.1863859159793746e-05,0.018532131369374146,0.025108048952055283,0.018233226024706818,0.03168396653473643,0.00015336884065824725,6.371845553917519e-05,3.408196459072163e-05
2024-10-08,0.02152118481604739,0.03407520929207501,0.04035222153008886,0.00010520954286701015,0.029292723777397823,4.000926278041234e-05,0.03407520929207501,0.03168396653473643,0.02152118481604739,0.00013114147244690705,0.06546027048214413,0.000288214874473711,0.020026658092710762,0.0030607086027015433,5.7791157349484485e-05,0.029292723777397823,0.01942884740337611,0.06964494530748667,6.371845553917519e-05,0.01942884740337611,0.07472633616683118,0.13032273027495364,6.075480644432981e-05,3.852743823298958e-05,0.024510238262720623,0.06785151323948273,0.053802962040118474,0.017037604646037506,8.0759437834536e-05,0.02809710239872854,0.00011261866560412363,4.5195648696391725e-05,4.8900210064948444e-05,0.00011039592878298961,7.409122737113393e-05,5.556842052835045e-05,7.631396419226799e-05,0.025406954296722597,0.02152118481604739,7.335031509742261e-05,0.02241790085004936,0.00011780505152010299,5.1863859159793746e-05,0.018532131369374146,0.025108048952055283,0.018233226024706818,0.03168396653473643,0.00015336884065824725,6.371845553917519e-05,3.408196459072163e-05
2024-10-09,0.02152118481604739,0.03407520929207501,0.04035222153008886,0.00010520954286701015,0.029292723777397823,4.000926278041234e-05,0.03407520929207501,0.03168396653473643,0.02152118481604739,0.00013114147244690705,0.06546027048214413,0.000288214874473711,0.020026658092710762,0.0030607086027015433,5.7791157349484485e-05,0.029292723777397823,0.01942884740337611,0.06964494530748667,6.371845553917519e-05,0.01942884740337611,0.07472633616683118,0.13032273027495364,6.075480644432981e-05,3.852743823298958e-05,0.024510238262720623,0.06785151323948273,0.053802962040118474,0.017037604646037506,8.0759437834536e-05,0.02809710239872854,0.00011261866560412363,4.5195648696391725e-05,4.8900210064948444e-05,0.00011039592878298961,7.409122737113393e-05,5.556842052835045e-05,7.631396419226799e-05,0.025406954296722597,0.02152118481604739,7.335031509742261e-05,0.02241790085004936,0.00011780505152010299,5.1863859159793746e-05,0.018532131369374146,0.025108048952055283,0.018233226024706818,0.03168396653473643,0.00015336884065824725,6.371845553917519e-05,3.408196459072163e-05
2024-10-11,0.02152118481604739,0.03407520929207501,0.04035222153008886,0.00010520954286701015,0.029292723777397823,4.000926278041234e-05,0.03407520929207501,0.03168396653473643,0.02152118481604739,0.00013114147244690705,0.06546027048214413,0.000288214874473711,0.020026658092710762,0.0030607086027015433,5.7791157349484485e-05,0.029292723777397823,0.01942884740337611,0.06964494530748667,6.371845553917519e-05,0.01942884740337611,0.07472633616683118,0.13032273027495364,6.075480644432981e-05,3.852743823298958e-05,0.024510238262720623,0.06785151323948273,0.053802962040118474,0.017037604646037506,8.0759437834536e-05,0.02809710239872854,0.00011261866560412363,4.5195648696391725e-05,4.8900210064948444e-05,0.00011039592878298961,7.409122737113393e-05,5.556842052835045e-05,7.631396419226799e-05,0.025406954296722597,0.02152118481604739,7.335031509742261e-05,0.02241790085004936,0.00011780505152010299,5.1863859159793746e-05,0.018532131369374146,0.025108048952055283,0.018233226024706818,0.03168396653473643,0.00015336884065824725,6.371845553917519e-05,3.408196459072163e-05
2024-10-14,0.02152118481604739,0.03407520929207501,0.04035222153008886,0.00010520954286701015,0.029292723777397823,4.000926278041234e-05,0.03407520929207501,0.03168396653473643,0.02152118481604739,0.00013114147244690705,0.06546027048214413,0.000288214874473711,0.020026658092710762,0.0030607086027015433,5.7791157349484485e-05,0.029292723777397823,0.01942884740337611,0.06964494530748667,6.371845553917519e-05,0.01942884740337611,0.07472633616683118,0.13032273027495364,6.075480644432981e-05,3.852743823298958e-05,0.024510238262720623,0.06785151323948273,0.053802962040118474,0.017037604646037506,8.0759437834536e-05,0.02809710239872854,0.00011261866560412363,4.5195648696391725e-05,4.8900210064948444e-05,0.00011039592878298961,7.409122737113393e-05,5.556842052835045e-05,7.631396419226799e-05,0.025406954296722597,0.02152118481604739,7.335031509742261e-05,0.02241790085004936,0.00011780505152010299,5.1863859159793746e-05,0.018532131369374146,0.025108048952055283,0.018233226024706818,0.03168396653473643,0.00015336884065824725,6.371845553917519e-05,3.408196459072163e-05
2024-10-15,0.02152118481604739,0.03407520929207501,0.04035222153008886,0.00010520954286701015,0.029292723777397823,4.000926278041234e-05,0.03407520929207501,0.03168396653473643,0.02152118481604739,0.00013114147244690705,0.06546027048214413,0.000288214874473711,0.020026658092710762,0.0030607086027015433,5.7791157349484485e-05,0.029292723777397823,0.01942884740337611,0.06964494530748667,6.371845553917519e-05,0.01942884740337611,0.07472633616683118,0.13032273027495364,6.075480644432981e-05,3.852743823298958e-05,0.024510238262720623,0.06785151323948273,0.053802962040118474,0.017037604646037506,8.0759437834536e-05,0.02809710239872854,0.00011261866560412363,4.5195648696391725e-05,4.8900210064948444e-05,0.00011039592878298961,7.409122737113393e-05,5.556842052835045e-05,7.631396419226799e-05,0.025406954296722597,0.02152118481604739,7.335031509742261e-05,0.02241790085004936,0.00011780505152010299,5.1863859159793746e-05,0.018532131369374146,0.025108048952055283,0.018233226024706818,0.03168396653473643,0.00015336884065824725,6.371845553917519e-05,3.408196459072163e-05
2024-10-16,0.02152118481604739,0.03407520929207501,0.04035222153008886,0.00010520954286701015,0.029292723777397823,4.000926278041234e-05,0.03407520929207501,0.03168396653473643,0.02152118481604739,0.00013114147244690705,0.06546027048214413,0.000288214874473711,0.020026658092710762,0.0030607086027015433,5.7791157349484485e-05,0.029292723777397823,0.01942884740337611,0.06964494530748667,6.371845553917519e-05,0.01942884740337611,0.07472633616683118,0.13032273027495364,6.075480644432981e-05,3.852743823298958e-05,0.024510238262720623,0.06785151323948273,0.053802962040118474,0.017037604646037506,8.0759437834536e-05,0.02809710239872854,0.00011261866560412363,4.5195648696391725e-05,4.8900210064948444e-05,0.00011039592878298961,7.409122737113393e-05,5.556842052835045e-05,7.631396419226799e-05,0.025406954296722597,0.02152118481604739,7.335031509742261e-05,0.02241790085004936,0.00011780505152010299,5.1863859159793746e-05,0.018532131369374146,0.025108048952055283,0.018233226024706818,0.03168396653473643,0.00015336884065824725,6.371845553917519e-05,3.408196459072163e-05
2024-10-17,0.02152118481604739,0.03407520929207501,0.04035222153008886,0.00010520954286701015,0.029292723777397823,4.000926278041234e-05,0.03407520929207501,0.03168396653473643,0.02152118481604739,0.00013114147244690705,0.06546027048214413,0.000288214874473711,0.020026658092710762,0.0030607086027015433,5.7791157349484485e-05,0.029292723777397823,0.01942884740337611,0.06964494530748667,6.371845553917519e-05,0.01942884740337611,0.07472633616683118,0.13032273027495364,6.075480644432981e-05,3.852743823298958e-05,0.024510238262720623,0.06785151323948273,0.053802962040118474,0.017037604646037506,8.0759437834536e-05,0.02809710239872854,0.00011261866560412363,4.5195648696391725e-05,4.8900210064948444e-05,0.00011039592878298961,7.409122737113393e-05,5.556842052835045e-05,7.631396419226799e-05,0.025406954296722597,0.02152118481604739,7.335031509742261e-05,0.02241790085004936,0.00011780505152010299,5.1863859159793746e-05,0.018532131369374146,0.025108048952055283,0.018233226024706818,0.03168396653473643,0.00015336884065824725,6.371845553917519e-05,3.408196459072163e-05
2024-10-18,0.02152118481604739,0.03407520929207501,0.04035222153008886,0.00010520954286701015,0.029292723777397823,4.000926278041234e-05,0.03407520929207501,0.03168396653473643,0.02152118481604739,0.00013114147244690705,0.06546027048214413,0.000288214874473711,0.020026658092710762,0.0030607086027015433,5.7791157349484485e-05,0.029292723777397823,0.01942884740337611,0.06964494530748667,6.371845553917519e-05,0.01942884740337611,0.07472633616683118,0.13032273027495364,6.075480644432981e-05,3.852743823298958e-05,0.024510238262720623,0.06785151323948273,0.053802962040118474,0.017037604646037506,8.0759437834536e-05,0.02809710239872854,0.00011261866560412363,4.5195648696391725e-05,4.8900210064948444e-05,0.00011039592878298961,7.409122737113393e-05,5.556842052835045e-05,7.631396419226799e-05,0.025406954296722597,0.02152118481604739,7.335031509742261e-05,0.02241790085004936,0.00011780505152010299,5.1863859159793746e-05,0.018532131369374146,0.025108048952055283,0.018233226024706818,0.03168396653473643,0.00015336884065824725,6.371845553917519e-05,3.408196459072163e-05
2024-10-21,0.02152118481604739,0.03407520929207501,0.04035222153008886,0.00010520954286701015,0.029292723777397823,4.000926278041234e-05,0.03407520929207501,0.03168396653473643,0.02152118481604739,0.00013114147244690705,0.06546027048214413,0.000288214874473711,0.020026658092710762,0.0030607086027015433,5.7791157349484485e-05,0.029292723777397823,0.01942884740337611,0.06964494530748667,6.371845553917519e-05,0.01942884740337611,0.07472633616683118,0.13032273027495364,6.075480644432981e-05,3.852743823298958e-05,0.024510238262720623,0.06785151323948273,0.053802962040118474,0.017037604646037506,8.0759437834536e-05,0.02809710239872854,0.00011261866560412363,4.5195648696391725e-05,4.8900210064948444e-05,0.00011039592878298961,7.409122737113393e-05,5.556842052835045e-05,7.631396419226799e-05,0.025406954296722597,0.02152118481604739,7.335031509742261e-05,0.02241790085004936,0.00011780505152010299,5.1863859159793746e-05,0.018532131369374146,0.025108048952055283,0.018233226024706818,0.03168396653473643,0.00015336884065824725,6.371845553917519e-05,3.408196459072163e-05
2024-10-22,0.02152118481604739,0.03407520929207501,0.04035222153008886,0.00010520954286701015,0.029292723777397823,4.000926278041234e-05,0.03407520929207501,0.03168396653473643,0.02152118481604739,0.00013114147244690705,0.06546027048214413,0.000288214874473711,0.020026658092710762,0.0030607086027015433,5.7791157349484485e-05,0.029292723777397823,0.01942884740337611,0.06964494530748667,6.371845553917519e-05,0.01942884740337611,0.07472633616683118,0.13032273027495364,6.075480644432981e-05,3.852743823298958e-05,0.024510238262720623,0.06785151323948273,0.053802962040118474,0.017037604646037506,8.0759437834536e-05,0.02809710239872854,0.00011261866560412363,4.5195648696391725e-05,4.8900210064948444e-05,0.00011039592878298961,7.409122737113393e-05,5.556842052835045e-05,7.631396419226799e-05,0.025406954296722597,0.02152118481604739,7.335031509742261e-05,0.02241790085004936,0.00011780505152010299,5.1863859159793746e-05,0.018532131369374146,0.025108048952055283,0.018233226024706818,0.03168396653473643,0.00015336884065824725,6.371845553917519e-05,3.408196459072163e-05
2024-10-23,0.02152118481604739,0.03407520929207501,0.04035222153008886,0.00010520954286701015,0.029292723777397823,4.000926278041234e-05,0.03407520929207501,0.03168396653473643,0.02152118481604739,0.00013114147244690705,0.06546027048214413,0.000288214874473711,0.020026658092710762,0.0030607086027015433,5.7791157349484485e-05,0.029292723777397823,0.01942884740337611,0.06964494530748667,6.371845553917519e-05,0.01942884740337611,0.07472633616683118,0.13032273027495364,6.075480644432981e-05,3.852743823298958e-05,0.024510238262720623,0.06785151323948273,0.053802962040118474,0.017037604646037506,8.0759437834536e-05,0.02809710239872854,0.00011261866560412363,4.5195648696391725e-05,4.8900210064948444e-05,0.00011039592878298961,7.409122737113393e-05,5.556842052835045e-05,7.631396419226799e-05,0.025406954296722597,0.02152118481604739,7.335031509742261e-05,0.02241790085004936,0.00011780505152010299,5.1863859159793746e-05,0.018532131369374146,0.025108048952055283,0.018233226024706818,0.03168396653473643,0.00015336884065824725,6.371845553917519e-05,3.408196459072163e-05
2024-10-24,0.02152118481604739,0.03407520929207501,0.04035222153008886,0.00010520954286701015,0.029292723777397823,4.000926278041234e-05,0.03407520929207501,0.03168396653473643,0.02152118481604739,0.00013114147244690705,0.06546027048214413,0.000288214874473711,0.020026658092710762,0.0030607086027015433,5.7791157349484485e-05,0.029292723777397823,0.01942884740337611,0.06964494530748667,6.371845553917519e-05,0.01942884740337611,0.07472633616683118,0.13032273027495364,6.075480644432981e-05,3.852743823298958e-05,0.024510238262720623,0.06785151323948273,0.053802962040118474,0.017037604646037506,8.0759437834536e-05,0.02809710239872854,0.00011261866560412363,4.5195648696391725e-05,4.8900210064948444e-05,0.00011039592878298961,7.409122737113393e-05,5.556842052835045e-05,7.631396419226799e-05,0.025406954296722597,0.02152118481604739,7.335031509742261e-05,0.02241790085004936,0.00011780505152010299,5.1863859159793746e-05,0.018532131369374146,0.025108048952055283,0.018233226024706818,0.03168396653473643,0.00015336884065824725,6.371845553917519e-05,3.408196459072163e-05
2024-10-25,0.02152118481604739,0.03407520929207501,0.04035222153008886,0.00010520954286701015,0.029292723777397823,4.000926278041234e-05,0.03407520929207501,0.03168396653473643,0.02152118481604739,0.00013114147244690705,0.06546027048214413,0.000288214874473711,0.020026658092710762,0.0030607086027015433,5.7791157349484485e-05,0.029292723777397823,0.01942884740337611,0.06964494530748667,6.371845553917519e-05,0.01942884740337611,0.07472633616683118,0.13032273027495364,6.075480644432981e-05,3.852743823298958e-05,0.024510238262720623,0.06785151323948273,0.053802962040118474,0.017037604646037506,8.0759437834536e-05,0.02809710239872854,0.00011261866560412363,4.5195648696391725e-05,4.8900210064948444e-05,0.00011039592878298961,7.409122737113393e-05,5.556842052835045e-05,7.631396419226799e-05,0.025406954296722597,0.02152118481604739,7.335031509742261e-05,0.02241790085004936,0.00011780505152010299,5.1863859159793746e-05,0.018532131369374146,0.025108048952055283,0.018233226024706818,0.03168396653473643,0.00015336884065824725,6.371845553917519e-05,3.408196459072163e-05
2024-10-28,0.02152118481604739,0.03407520929207501,0.04035222153008886,0.00010520954286701015,0.029292723777397823,4.000926278041234e-05,0.03407520929207501,0.03168396653473643,0.02152118481604739,0.00013114147244690705,0.06546027048214413,0.000288214874473711,0.020026658092710762,0.0030607086027015433,5.7791157349484485e-05,0.029292723777397823,0.01942884740337611,0.06964494530748667,6.371845553917519e-05,0.01942884740337611,0.07472633616683118,0.13032273027495364,6.075480644432981e-05,3.852743823298958e-05,0.024510238262720623,0.06785151323948273,0.053802962040118474,0.017037604646037506,8.0759437834536e-05,0.02809710239872854,0.00011261866560412363,4.5195648696391725e-05,4.8900210064948444e-05,0.00011039592878298961,7.409122737113393e-05,5.556842052835045e-05,7.631396419226799e-05,0.025406954296722597,0.02152118481604739,7.335031509742261e-05,0.02241790085004936,0.00011780505152010299,5.1863859159793746e-05,0.018532131369374146,0.025108048952055283,0.018233226024706818,0.03168396653473643,0.00015336884065824725,6.371845553917519e-05,3.408196459072163e-05
2024-10-29,0.02152118481604739,0.03407520929207501,0.04035222153008886,0.00010520954286701015,0.029292723777397823,4.000926278041234e-05,0.03407520929207501,0.03168396653473643,0.02152118481604739,0.00013114147244690705,0.06546027048214413,0.000288214874473711,0.020026658092710762,0.0030607086027015433,5.7791157349484485e-05,0.029292723777397823,0.01942884740337611,0.06964494530748667,6.371845553917519e-05,0.01942884740337611,0.07472633616683118,0.13032273027495364,6.075480644432981e-05,3.852743823298958e-05,0.024510238262720623,0.06785151323948273,0.053802962040118474,0.017037604646037506,8.0759437834536e-05,0.02809710239872854,0.00011261866560412363,4.5195648696391725e-05,4.8900210064948444e-05,0.00011039592878298961,7.409122737113393e-05,5.556842052835045e-05,7.631396419226799e-05,0.025406954296722597,0.02152118481604739,7.335031509742261e-05,0.02241790085004936,0.00011780505152010299,5.1863859159793746e-05,0.018532131369374146,0.025108048952055283,0.018233226024706818,0.03168396653473643,0.00015336884065824725,6.371845553917519e-05,3.408196459072163e-05
2024-10-30,0.02152118481604739,0.03407520929207501,0.04035222153008886,0.00010520954286701015,0.029292723777397823,4.000926278041234e-05,0.03407520929207501,0.03168396653473643,0.02152118481604739,0.00013114147244690705,0.06546027048214413,0.000288214874473711,0.020026658092710762,0.0030607086027015433,5.7791157349484485e-05,0.029292723777397823,0.01942884740337611,0.06964494530748667,6.371845553917519e-05,0.01942884740337611,0.07472633616683118,0.13032273027495364,6.075480644432981e-05,3.852743823298958e-05,0.024510238262720623,0.06785151323948273,0.053802962040118474,0.017037604646037506,8.0759437834536e-05,0.02809710239872854,0.00011261866560412363,4.5195648696391725e-05,4.8900210064948444e-05,0.00011039592878298961,7.409122737113393e-05,5.556842052835045e-05,7.631396419226799e-05,0.025406954296722597,0.02152118481604739,7.335031509742261e-05,0.02241790085004936,0.00011780505152010299,5.1863859159793746e-05,0.018532131369374146,0.025108048952055283,0.018233226024706818,0.03168396653473643,0.00015336884065824725,6.371845553917519e-05,3.408196459072163e-05
2024-11-01,0.02152118481604739,0.03407520929207501,0.04035222153008886,0.00010520954286701015,0.029292723777397823,4.000926278041234e-05,0.03407520929207501,0.03168396653473643,0.02152118481604739,0.00013114147244690705,0.06546027048214413,0.000288214874473711,0.020026658092710762,0.0030607086027015433,5.7791157349484485e-05,0.029292723777397823,0.01942884740337611,0.06964494530748667,6.371845553917519e-05,0.01942884740337611,0.07472633616683118,0.13032273027495364,6.075480644432981e-05,3.852743823298958e-05,0.024510238262720623,0.06785151323948273,0.053802962040118474,0.017037604646037506,8.0759437834536e-05,0.02809710239872854,0.00011261866560412363,4.5195648696391725e-05,4.8900210064948444e-05,0.00011039592878298961,7.409122737113393e-05,5.556842052835045e-05,7.631396419226799e-05,0.025406954296722597,0.02152118481604739,7.335031509742261e-05,0.02241790085004936,0.00011780505152010299,5.1863859159793746e-05,0.018532131369374146,0.025108048952055283,0.018233226024706818,0.03168396653473643,0.00015336884065824725,6.371845553917519e-05,3.408196459072163e-05
2024-11-04,0.02152118481604739,0.03407520929207501,0.04035222153008886,0.00010520954286701015,0.029292723777397823,4.000926278041234e-05,0.03407520929207501,0.03168396653473643,0.02152118481604739,0.00013114147244690705,0.06546027048214413,0.000288214874473711,0.020026658092710762,0.0030607086027015433,5.7791157349484485e-05,0.029292723777397823,0.01942884740337611,0.06964494530748667,6.371845553917519e-05,0.01942884740337611,0.07472633616683118,0.13032273027495364,6.075480644432981e-05,3.852743823298958e-05,0.024510238262720623,0.06785151323948273,0.053802962040118474,0.017037604646037506,8.0759437834536e-05,0.02809710239872854,0.00011261866560412363,4.5195648696391725e-05,4.8900210064948444e-05,0.00011039592878298961,7.409122737113393e-05,5.556842052835045e-05,7.631396419226799e-05,0.025406954296722597,0.02152118481604739,7.335031509742261e-05,0.02241790085004936,0.00011780505152010299,5.1863859159793746e-05,0.018532131369374146,0.025108048952055283,0.018233226024706818,0.03168396653473643,0.00015336884065824725,6.371845553917519e-05,3.408196459072163e-05
2024-11-05,0.02152118481604739,0.03407520929207501,0.04035222153008886,0.00010520954286701015,0.029292723777397823,4.000926278041234e-05,0.03407520929207501,0.03168396653473643,0.02152118481604739,0.00013114147244690705,0.06546027048214413,0.000288214874473711,0.020026658092710762,0.0030607086027015433,5.7791157349484485e-05,0.029292723777397823,0.01942884740337611,0.06964494530748667,6.371845553917519e-05,0.01942884740337611,0.07472633616683118,0.13032273027495364,6.075480644432981e-05,3.852743823298958e-05,0.024510238262720623,0.06785151323948273,0.053802962040118474,0.017037604646037506,8.0759437834536e-05,0.02809710239872854,0.00011261866560412363,4.5195648696391725e-05,4.8900210064948444e-05,0.00011039592878298961,7.409122737113393e-05,5.556842052835045e-05,7.631396419226799e-05,0.025406954296722597,0.02152118481604739,7.335031509742261e-05,0.02241790085004936,0.00011780505152010299,5.1863859159793746e-05,0.018532131369374146,0.025108048952055283,0.018233226024706818,0.03168396653473643,0.00015336884065824725,6.371845553917519e-05,3.408196459072163e-05
2024-11-06,0.02152118481604739,0.03407520929207501,0.04035222153008886,0.00010520954286701015,0.029292723777397823,4.000926278041234e-05,0.03407520929207501,0.03168396653473643,0.02152118481604739,0.00013114147244690705,0.06546027048214413,0.000288214874473711,0.020026658092710762,0.0030607086027015433,5.7791157349484485e-05,0.029292723777397823,0.01942884740337611,0.06964494530748667,6.371845553917519e-05,0.01942884740337611,0.07472633616683118,0.13032273027495364,6.075480644432981e-05,3.852743823298958e-05,0.024510238262720623,0.06785151323948273,0.053802962040118474,0.017037604646037506,8.0759437834536e-05,0.02809710239872854,0.00011261866560412363,4.5195648696391725e-05,4.8900210064948444e-05,0.00011039592878298961,7.409122737113393e-05,5.556842052835045e-05,7.631396419226799e-05,0.025406954296722597,0.02152118481604739,7.335031509742261e-05,0.02241790085004936,0.00011780505152010299,5.1863859159793746e-05,0.018532131369374146,0.025108048952055283,0.018233226024706818,0.03168396653473643,0.00015336884065824725,6.371845553917519e-05,3.408196459072163e-05
2024-11-07,0.02152118481604739,0.03407520929207501,0.04035222153008886,0.00010520954286701015,0.029292723777397823,4.000926278041234e-05,0.03407520929207501,0.03168396653473643,0.02152118481604739,0.00013114147244690705,0.06546027048214413,0.000288214874473711,0.020026658092710762,0.0030607086027015433,5.7791157349484485e-05,0.029292723777397823,0.01942884740337611,0.06964494530748667,6.371845553917519e-05,0.01942884740337611,0.07472633616683118,0.13032273027495364,6.075480644432981e-05,3.852743823298958e-05,0.024510238262720623,0.06785151323948273,0.053802962040118474,0.017037604646037506,8.0759437834536e-05,0.02809710239872854,0.00011261866560412363,4.5195648696391725e-05,4.8900210064948444e-05,0.00011039592878298961,7.409122737113393e-05,5.556842052835045e-05,7.631396419226799e-05,0.025406954296722597,0.02152118481604739,7.335031509742261e-05,0.02241790085004936,0.00011780505152010299,5.1863859159793746e-05,0.018532131369374146,0.025108048952055283,0.018233226024706818,0.03168396653473643,0.00015336884065824725,6.371845553917519e-05,3.408196459072163e-05
2024-11-08,0.02152118481604739,0.03407520929207501,0.04035222153008886,0.00010520954286701015,0.029292723777397823,4.000926278041234e-05,0.03407520929207501,0.03168396653473643,0.02152118481604739,0.00013114147244690705,0.06546027048214413,0.000288214874473711,0.020026658092710762,0.0030607086027015433,5.7791157349484485e-05,0.029292723777397823,0.01942884740337611,0.06964494530748667,6.371845553917519e-05,0.01942884740337611,0.07472633616683118,0.13032273027495364,6.075480644432981e-05,3.852743823298958e-05,0.024510238262720623,0.06785151323948273,0.053802962040118474,0.017037604646037506,8.0759437834536e-05,0.02809710239872854,0.00011261866560412363,4.5195648696391725e-05,4.8900210064948444e-05,0.00011039592878298961,7.409122737113393e-05,5.556842052835045e-05,7.631396419226799e-05,0.025406954296722597,0.02152118481604739,7.335031509742261e-05,0.02241790085004936,0.00011780505152010299,5.1863859159793746e-05,0.018532131369374146,0.025108048952055283,0.018233226024706818,0.03168396653473643,0.00015336884065824725,6.371845553917519e-05,3.408196459072163e-05
2024-11-11,0.02152118481604739,0.03407520929207501,0.04035222153008886,0.00010520954286701015,0.029292723777397823,4.000926278041234e-05,0.03407520929207501,0.03168396653473643,0.02152118481604739,0.00013114147244690705,0.06546027048214413,0.000288214874473711,0.020026658092710762,0.0030607086027015433,5.7791157349484485e-05,0.029292723777397823,0.01942884740337611,0.06964494530748667,6.371845553917519e-05,0.01942884740337611,0.07472633616683118,0.13032273027495364,6.075480644432981e-05,3.852743823298958e-05,0.024510238262720623,0.06785151323948273,0.053802962040118474,0.017037604646037506,8.0759437834536e-05,0.02809710239872854,0.00011261866560412363,4.5195648696391725e-05,4.8900210064948444e-05,0.00011039592878298961,7.409122737113393e-05,5.556842052835045e-05,7.631396419226799e-05,0.025406954296722597,0.02152118481604739,7.335031509742261e-05,0.02241790085004936,0.00011780505152010299,5.1863859159793746e-05,0.018532131369374146,0.025108048952055283,0.018233226024706818,0.03168396653473643,0.00015336884065824725,6.371845553917519e-05,3.408196459072163e-05
2024-11-12,0.02152118481604739,0.03407520929207501,0.04035222153008886,0.00010520954286701015,0.029292723777397823,4.000926278041234e-05,0.03407520929207501,0.03168396653473643,0.02152118481604739,0.00013114147244690705,0.06546027048214413,0.000288214874473711,0.020026658092710762,0.0030607086027015433,5.7791157349484485e-05,0.029292723777397823,0.01942884740337611,0.06964494530748667,6.371845553917519e-05,0.01942884740337611,0.07472633616683118,0.13032273027495364,6.075480644432981e-05,3.852743823298958e-05,0.024510238262720623,0.06785151323948273,0.053802962040118474,0.017037604646037506,8.0759437834536e-05,0.02809710239872854,0.00011261866560412363,4.5195648696391725e-05,4.8900210064948444e-05,0.00011039592878298961,7.409122737113393e-05,5.556842052835045e-05,7.631396419226799e-05,0.025406954296722597,0.02152118481604739,7.335031509742261e-05,0.02241790085004936,0.00011780505152010299,5.1863859159793746e-05,0.018532131369374146,0.025108048952055283,0.018233226024706818,0.03168396653473643,0.00015336884065824725,6.371845553917519e-05,3.408196459072163e-05
2024-11-13,0.02152118481604739,0.03407520929207501,0.04035222153008886,0.00010520954286701015,0.029292723777397823,4.000926278041234e-05,0.03407520929207501,0.03168396653473643,0.02152118481604739,0.00013114147244690705,0.06546027048214413,0.000288214874473711,0.020026658092710762,0.0030607086027015433,5.7791157349484485e-05,0.029292723777397823,0.01942884740337611,0.06964494530748667,6.371845553917519e-05,0.01942884740337611,0.07472633616683118,0.13032273027495364,6.075480644432981e-05,3.852743823298958e-05,0.024510238262720623,0.06785151323948273,0.053802962040118474,0.017037604646037506,8.0759437834536e-05,0.02809710239872854,0.00011261866560412363,4.5195648696391725e-05,4.8900210064948444e-05,0.00011039592878298961,7.409122737113393e-05,5.556842052835045e-05,7.631396419226799e-05,0.025406954296722597,0.02152118481604739,7.335031509742261e-05,0.02241790085004936,0.00011780505152010299,5.1863859159793746e-05,0.018532131369374146,0.025108048952055283,0.018233226024706818,0.03168396653473643,0.00015336884065824725,6.371845553917519e-05,3.408196459072163e-05
2024-11-14,0.02152118481604739,0.03407520929207501,0.04035222153008886,0.00010520954286701015,0.029292723777397823,4.000926278041234e-05,0.03407520929207501,0.03168396653473643,0.02152118481604739,0.00013114147244690705,0.06546027048214413,0.000288214874473711,0.020026658092710762,0.0030607086027015433,5.7791157349484485e-05,0.029292723777397823,0.01942884740337611,0.06964494530748667,6.371845553917519e-05,0.01942884740337611,0.07472633616683118,0.13032273027495364,6.075480644432981e-05,3.852743823298958e-05,0.024510238262720623,0.06785151323948273,0.053802962040118474,0.017037604646037506,8.0759437834536e-05,0.02809710239872854,0.00011261866560412363,4.5195648696391725e-05,4.8900210064948444e-05,0.00011039592878298961,7.409122737113393e-05,5.556842052835045e-05,7.631396419226799e-05,0.025406954296722597,0.02152118481604739,7.335031509742261e-05,0.02241790085004936,0.00011780505152010299,5.1863859159793746e-05,0.018532131369374146,0.025108048952055283,0.018233226024706818,0.03168396653473643,0.00015336884065824725,6.371845553917519e-05,3.408196459072163e-05
2024-11-15,0.02152118481604739,0.03407520929207501,0.04035222153008886,0.00010520954286701015,0.029292723777397823,4.000926278041234e-05,0.03407520929207501,0.03168396653473643,0.02152118481604739,0.00013114147244690705,0.06546027048214413,0.000288214874473711,0.020026658092710762,0.0030607086027015433,5.7791157349484485e-05,0.029292723777397823,0.01942884740337611,0.06964494530748667,6.371845553917519e-05,0.01942884740337611,0.07472633616683118,0.13032273027495364,6.075480644432981e-05,3.852743823298958e-05,0.024510238262720623,0.06785151323948273,0.053802962040118474,0.017037604646037506,8.0759437834536e-05,0.02809710239872854,0.00011261866560412363,4.5195648696391725e-05,4.8900210064948444e-05,0.00011039592878298961,7.409122737113393e-05,5.556842052835045e-05,7.631396419226799e-05,0.025406954296722597,0.02152118481604739,7.335031509742261e-05,0.02241790085004936,0.00011780505152010299,5.1863859159793746e-05,0.018532131369374146,0.025108048952055283,0.018233226024706818,0.03168396653473643,0.00015336884065824725,6.371845553917519e-05,3.408196459072163e-05
2024-11-18,0.02152118481604739,0.03407520929207501,0.04035222153008886,0.00010520954286701015,0.029292723777397823,4.000926278041234e-05,0.03407520929207501,0.03168396653473643,0.02152118481604739,0.00013114147244690705,0.06546027048214413,0.000288214874473711,0.020026658092710762,0.0030607086027015433,5.7791157349484485e-05,0.029292723777397823,0.01942884740337611,0.06964494530748667,6.371845553917519e-05,0.01942884740337611,0.07472633616683118,0.13032273027495364,6.075480644432981e-05,3.852743823298958e-05,0.024510238262720623,0.06785151323948273,0.053802962040118474,0.017037604646037506,8.0759437834536e-05,0.02809710239872854,0.00011261866560412363,4.5195648696391725e-05,4.8900210064948444e-05,0.00011039592878298961,7.409122737113393e-05,5.556842052835045e-05,7.631396419226799e-05,0.025406954296722597,0.02152118481604739,7.335031509742261e-05,0.02241790085004936,0.00011780505152010299,5.1863859159793746e-05,0.018532131369374146,0.025108048952055283,0.018233226024706818,0.03168396653473643,0.00015336884065824725,6.371845553917519e-05,3.408196459072163e-05
2024-11-19,0.02152118481604739,0.03407520929207501,0.04035222153008886,0.00010520954286701015,0.029292723777397823,4.000926278041234e-05,0.03407520929207501,0.03168396653473643,0.02152118481604739,0.00013114147244690705,0.06546027048214413,0.000288214874473711,0.020026658092710762,0.0030607086027015433,5.7791157349484485e-05,0.029292723777397823,0.01942884740337611,0.06964494530748667,6.371845553917519e-05,0.01942884740337611,0.07472633616683118,0.13032273027495364,6.075480644432981e-05,3.852743823298958e-05,0.024510238262720623,0.06785151323948273,0.053802962040118474,0.017037604646037506,8.0759437834536e-05,0.02809710239872854,0.00011261866560412363,4.5195648696391725e-05,4.8900210064948444e-05,0.00011039592878298961,7.409122737113393e-05,5.556842052835045e-05,7.631396419226799e-05,0.025406954296722597,0.02152118481604739,7.335031509742261e-05,0.02241790085004936,0.00011780505152010299,5.1863859159793746e-05,0.018532131369374146,0.025108048952055283,0.018233226024706818,0.03168396653473643,0.00015336884065824725,6.371845553917519e-05,3.408196459072163e-05
2024-11-20,0.02152118481604739,0.03407520929207501,0.04035222153008886,0.00010520954286701015,0.029292723777397823,4.000926278041234e-05,0.03407520929207501,0.03168396653473643,0.02152118481604739,0.00013114147244690705,0.06546027048214413,0.000288214874473711,0.020026658092710762,0.0030607086027015433,5.7791157349484485e-05,0.029292723777397823,0.01942884740337611,0.06964494530748667,6.371845553917519e-05,0.01942884740337611,0.07472633616683118,0.13032273027495364,6.075480644432981e-05,3.852743823298958e-05,0.024510238262720623,0.06785151323948273,0.053802962040118474,0.017037604646037506,8.0759437834536e-05,0.02809710239872854,0.00011261866560412363,4.5195648696391725e-05,4.8900210064948444e-05,0.00011039592878298961,7.409122737113393e-05,5.556842052835045e-05,7.631396419226799e-05,0.025406954296722597,0.02152118481604739,7.335031509742261e-05,0.02241790085004936,0.00011780505152010299,5.1863859159793746e-05,0.018532131369374146,0.025108048952055283,0.018233226024706818,0.03168396653473643,0.00015336884065824725,6.371845553917519e-05,3.408196459072163e-05
2024-11-21,0.02152118481604739,0.03407520929207501,0.04035222153008886,0.00010520954286701015,0.029292723777397823,4.000926278041234e-05,0.03407520929207501,0.03168396653473643,0.02152118481604739,0.00013114147244690705,0.06546027048214413,0.000288214874473711,0.020026658092710762,0.0030607086027015433,5.7791157349484485e-05,0.029292723777397823,0.01942884740337611,0.06964494530748667,6.371845553917519e-05,0.01942884740337611,0.07472633616683118,0.13032273027495364,6.075480644432981e-05,3.852743823298958e-05,0.024510238262720623,0.06785151323948273,0.053802962040118474,0.017037604646037506,8.0759437834536e-05,0.02809710239872854,0.00011261866560412363,4.5195648696391725e-05,4.8900210064948444e-05,0.00011039592878298961,7.409122737113393e-05,5.556842052835045e-05,7.631396419226799e-05,0.025406954296722597,0.02152118481604739,7.335031509742261e-05,0.02241790085004936,0.00011780505152010299,5.1863859159793746e-05,0.018532131369374146,0.025108048952055283,0.018233226024706818,0.03168396653473643,0.00015336884065824725,6.371845553917519e-05,3.408196459072163e-05
2024-11-22,0.02152118481604739,0.03407520929207501,0.04035222153008886,0.00010520954286701015,0.029292723777397823,4.000926278041234e-05,0.03407520929207501,0.03168396653473643,0.02152118481604739,0.00013114147244690705,0.06546027048214413,0.000288214874473711,0.020026658092710762,0.0030607086027015433,5.7791157349484485e-05,0.029292723777397823,0.01942884740337611,0.06964494530748667,6.371845553917519e-05,0.01942884740337611,0.07472633616683118,0.13032273027495364,6.075480644432981e-05,3.852743823298958e-05,0.024510238262720623,0.06785151323948273,0.053802962040118474,0.017037604646037506,8.0759437834536e-05,0.02809710239872854,0.00011261866560412363,4.5195648696391725e-05,4.8900210064948444e-05,0.00011039592878298961,7.409122737113393e-05,5.556842052835045e-05,7.631396419226799e-05,0.025406954296722597,0.02152118481604739,7.335031509742261e-05,0.02241790085004936,0.00011780505152010299,5.1863859159793746e-05,0.018532131369374146,0.025108048952055283,0.018233226024706818,0.03168396653473643,0.00015336884065824725,6.371845553917519e-05,3.408196459072163e-05
2024-11-25,0.02152118481604739,0.03407520929207501,0.04035222153008886,0.00010520954286701015,0.029292723777397823,4.000926278041234e-05,0.03407520929207501,0.03168396653473643,0.02152118481604739,0.00013114147244690705,0.06546027048214413,0.000288214874473711,0.020026658092710762,0.0030607086027015433,5.7791157349484485e-05,0.029292723777397823,0.01942884740337611,0.06964494530748667,6.371845553917519e-05,0.01942884740337611,0.07472633616683118,0.13032273027495364,6.075480644432981e-05,3.852743823298958e-05,0.024510238262720623,0.06785151323948273,0.053802962040118474,0.017037604646037506,8.0759437834536e-05,0.02809710239872854,0.00011261866560412363,4.5195648696391725e-05,4.8900210064948444e-05,0.00011039592878298961,7.409122737113393e-05,5.556842052835045e-05,7.631396419226799e-05,0.025406954296722597,0.02152118481604739,7.335031509742261e-05,0.02241790085004936,0.00011780505152010299,5.1863859159793746e-05,0.018532131369374146,0.025108048952055283,0.018233226024706818,0.03168396653473643,0.00015336884065824725,6.371845553917519e-05,3.408196459072163e-05
2024-11-26,0.02152118481604739,0.03407520929207501,0.04035222153008886,0.00010520954286701015,0.029292723777397823,4.000926278041234e-05,0.03407520929207501,0.03168396653473643,0.02152118481604739,0.00013114147244690705,0.06546027048214413,0.000288214874473711,0.020026658092710762,0.0030607086027015433,5.7791157349484485e-05,0.029292723777397823,0.01942884740337611,0.06964494530748667,6.371845553917519e-05,0.01942884740337611,0.07472633616683118,0.13032273027495364,6.075480644432981e-05,3.852743823298958e-05,0.024510238262720623,0.06785151323948273,0.053802962040118474,0.017037604646037506,8.0759437834536e-05,0.02809710239872854,0.00011261866560412363,4.5195648696391725e-05,4.8900210064948444e-05,0.00011039592878298961,7.409122737113393e-05,5.556842052835045e-05,7.631396419226799e-05,0.025406954296722597,0.02152118481604739,7.335031509742261e-05,0.02241790085004936,0.00011780505152010299,5.1863859159793746e-05,0.018532131369374146,0.025108048952055283,0.018233226024706818,0.03168396653473643,0.00015336884065824725,6.371845553917519e-05,3.408196459072163e-05
2024-11-27,0.02152118481604739,0.03407520929207501,0.04035222153008886,0.00010520954286701015,0.029292723777397823,4.000926278041234e-05,0.03407520929207501,0.03168396653473643,0.02152118481604739,0.00013114147244690705,0.06546027048214413,0.000288214874473711,0.020026658092710762,0.0030607086027015433,5.7791157349484485e-05,0.029292723777397823,0.01942884740337611,0.06964494530748667,6.371845553917519e-05,0.01942884740337611,0.07472633616683118,0.13032273027495364,6.075480644432981e-05,3.852743823298958e-05,0.024510238262720623,0.06785151323948273,0.053802962040118474,0.017037604646037506,8.0759437834536e-05,0.02809710239872854,0.00011261866560412363,4.5195648696391725e-05,4.8900210064948444e-05,0.00011039592878298961,7.409122737113393e-05,5.556842052835045e-05,7.631396419226799e-05,0.025406954296722597,0.02152118481604739,7.335031509742261e-05,0.02241790085004936,0.00011780505152010299,5.1863859159793746e-05,0.018532131369374146,0.025108048952055283,0.018233226024706818,0.03168396653473643,0.00015336884065824725,6.371845553917519e-05,3.408196459072163e-05
2024-11-28,0.02152118481604739,0.03407520929207501,0.04035222153008886,0.00010520954286701015,0.029292723777397823,4.000926278041234e-05,0.03407520929207501,0.03168396653473643,0.02152118481604739,0.00013114147244690705,0.06546027048214413,0.000288214874473711,0.020026658092710762,0.0030607086027015433,5.7791157349484485e-05,0.029292723777397823,0.01942884740337611,0.06964494530748667,6.371845553917519e-05,0.01942884740337611,0.07472633616683118,0.13032273027495364,6.075480644432981e-05,3.852743823298958e-05,0.024510238262720623,0.06785151323948273,0.053802962040118474,0.017037604646037506,8.0759437834536e-05,0.02809710239872854,0.00011261866560412363,4.5195648696391725e-05,4.8900210064948444e-05,0.00011039592878298961,7.409122737113393e-05,5.556842052835045e-05,7.631396419226799e-05,0.025406954296722597,0.02152118481604739,7.335031509742261e-05,0.02241790085004936,0.00011780505152010299,5.1863859159793746e-05,0.018532131369374146,0.025108048952055283,0.018233226024706818,0.03168396653473643,0.00015336884065824725,6.371845553917519e-05,3.408196459072163e-05
2024-11-29,0.02152118481604739,0.03407520929207501,0.04035222153008886,0.00010520954286701015,0.029292723777397823,4.000926278041234e-05,0.03407520929207501,0.03168396653473643,0.02152118481604739,0.00013114147244690705,0.06546027048214413,0.000288214874473711,0.020026658092710762,0.0030607086027015433,5.7791157349484485e-05,0.029292723777397823,0.01942884740337611,0.06964494530748667,6.371845553917519e-05,0.01942884740337611,0.07472633616683118,0.13032273027495364,6.075480644432981e-05,3.852743823298958e-05,0.024510238262720623,0.06785151323948273,0.053802962040118474,0.017037604646037506,8.0759437834536e-05,0.02809710239872854,0.00011261866560412363,4.5195648696391725e-05,4.8900210064948444e-05,0.00011039592878298961,7.409122737113393e-05,5.556842052835045e-05,7.631396419226799e-05,0.025406954296722597,0.02152118481604739,7.335031509742261e-05,0.02241790085004936,0.00011780505152010299,5.1863859159793746e-05,0.018532131369374146,0.025108048952055283,0.018233226024706818,0.03168396653473643,0.00015336884065824725,6.371845553917519e-05,3.408196459072163e-05
2024-12-02,0.02152118481604739,0.03407520929207501,0.04035222153008886,0.00010520954286701015,0.029292723777397823,4.000926278041234e-05,0.03407520929207501,0.03168396653473643,0.02152118481604739,0.00013114147244690705,0.06546027048214413,0.000288214874473711,0.020026658092710762,0.0030607086027015433,5.7791157349484485e-05,0.029292723777397823,0.01942884740337611,0.06964494530748667,6.371845553917519e-05,0.01942884740337611,0.07472633616683118,0.13032273027495364,6.075480644432981e-05,3.852743823298958e-05,0.024510238262720623,0.06785151323948273,0.053802962040118474,0.017037604646037506,8.0759437834536e-05,0.02809710239872854,0.00011261866560412363,4.5195648696391725e-05,4.8900210064948444e-05,0.00011039592878298961,7.409122737113393e-05,5.556842052835045e-05,7.631396419226799e-05,0.025406954296722597,0.02152118481604739,7.335031509742261e-05,0.02241790085004936,0.00011780505152010299,5.1863859159793746e-05,0.018532131369374146,0.025108048952055283,0.018233226024706818,0.03168396653473643,0.00015336884065824725,6.371845553917519e-05,3.408196459072163e-05
2024-12-03,0.02152118481604739,0.03407520929207501,0.04035222153008886,0.00010520954286701015,0.029292723777397823,4.000926278041234e-05,0.03407520929207501,0.03168396653473643,0.02152118481604739,0.00013114147244690705,0.06546027048214413,0.000288214874473711,0.020026658092710762,0.0030607086027015433,5.7791157349484485e-05,0.029292723777397823,0.01942884740337611,0.06964494530748667,6.371845553917519e-05,0.01942884740337611,0.07472633616683118,0.13032273027495364,6.075480644432981e-05,3.852743823298958e-05,0.024510238262720623,0.06785151323948273,0.053802962040118474,0.017037604646037506,8.0759437834536e-05,0.02809710239872854,0.00011261866560412363,4.5195648696391725e-05,4.8900210064948444e-05,0.00011039592878298961,7.409122737113393e-05,5.556842052835045e-05,7.631396419226799e-05,0.025406954296722597,0.02152118481604739,7.335031509742261e-05,0.02241790085004936,0.00011780505152010299,5.1863859159793746e-05,0.018532131369374146,0.025108048952055283,0.018233226024706818,0.03168396653473643,0.00015336884065824725,6.371845553917519e-05,3.408196459072163e-05
2024-12-04,0.02152118481604739,0.03407520929207501,0.04035222153008886,0.00010520954286701015,0.029292723777397823,4.000926278041234e-05,0.03407520929207501,0.03168396653473643,0.02152118481604739,0.00013114147244690705,0.06546027048214413,0.000288214874473711,0.020026658092710762,0.0030607086027015433,5.7791157349484485e-05,0.029292723777397823,0.01942884740337611,0.06964494530748667,6.371845553917519e-05,0.01942884740337611,0.07472633616683118,0.13032273027495364,6.075480644432981e-05,3.852743823298958e-05,0.024510238262720623,0.06785151323948273,0.053802962040118474,0.017037604646037506,8.0759437834536e-05,0.02809710239872854,0.00011261866560412363,4.5195648696391725e-05,4.8900210064948444e-05,0.00011039592878298961,7.409122737113393e-05,5.556842052835045e-05,7.631396419226799e-05,0.025406954296722597,0.02152118481604739,7.335031509742261e-05,0.02241790085004936,0.00011780505152010299,5.1863859159793746e-05,0.018532131369374146,0.025108048952055283,0.018233226024706818,0.03168396653473643,0.00015336884065824725,6.371845553917519e-05,3.408196459072163e-05
2024-12-05,0.02152118481604739,0.03407520929207501,0.04035222153008886,0.00010520954286701015,0.029292723777397823,4.000926278041234e-05,0.03407520929207501,0.03168396653473643,0.02152118481604739,0.00013114147244690705,0.06546027048214413,0.000288214874473711,0.020026658092710762,0.0030607086027015433,5.7791157349484485e-05,0.029292723777397823,0.01942884740337611,0.06964494530748667,6.371845553917519e-05,0.01942884740337611,0.07472633616683118,0.13032273027495364,6.075480644432981e-05,3.852743823298958e-05,0.024510238262720623,0.06785151323948273,0.053802962040118474,0.017037604646037506,8.0759437834536e-05,0.02809710239872854,0.00011261866560412363,4.5195648696391725e-05,4.8900210064948444e-05,0.00011039592878298961,7.409122737113393e-05,5.556842052835045e-05,7.631396419226799e-05,0.025406954296722597,0.02152118481604739,7.335031509742261e-05,0.02241790085004936,0.00011780505152010299,5.1863859159793746e-05,0.018532131369374146,0.025108048952055283,0.018233226024706818,0.03168396653473643,0.00015336884065824725,6.371845553917519e-05,3.408196459072163e-05
2024-12-06,0.02152118481604739,0.03407520929207501,0.04035222153008886,0.00010520954286701015,0.029292723777397823,4.000926278041234e-05,0.03407520929207501,0.03168396653473643,0.02152118481604739,0.00013114147244690705,0.06546027048214413,0.000288214874473711,0.020026658092710762,0.0030607086027015433,5.7791157349484485e-05,0.029292723777397823,0.01942884740337611,0.06964494530748667,6.371845553917519e-05,0.01942884740337611,0.07472633616683118,0.13032273027495364,6.075480644432981e-05,3.852743823298958e-05,0.024510238262720623,0.06785151323948273,0.053802962040118474,0.017037604646037506,8.0759437834536e-05,0.02809710239872854,0.00011261866560412363,4.5195648696391725e-05,4.8900210064948444e-05,0.00011039592878298961,7.409122737113393e-05,5.556842052835045e-05,7.631396419226799e-05,0.025406954296722597,0.02152118481604739,7.335031509742261e-05,0.02241790085004936,0.00011780505152010299,5.1863859159793746e-05,0.018532131369374146,0.025108048952055283,0.018233226024706818,0.03168396653473643,0.00015336884065824725,6.371845553917519e-05,3.408196459072163e-05
2024-12-09,0.02152118481604739,0.03407520929207501,0.04035222153008886,0.00010520954286701015,0.029292723777397823,4.000926278041234e-05,0.03407520929207501,0.03168396653473643,0.02152118481604739,0.00013114147244690705,0.06546027048214413,0.000288214874473711,0.020026658092710762,0.0030607086027015433,5.7791157349484485e-05,0.029292723777397823,0.01942884740337611,0.06964494530748667,6.371845553917519e-05,0.01942884740337611,0.07472633616683118,0.13032273027495364,6.075480644432981e-05,3.852743823298958e-05,0.024510238262720623,0.06785151323948273,0.053802962040118474,0.017037604646037506,8.0759437834536e-05,0.02809710239872854,0.00011261866560412363,4.5195648696391725e-05,4.8900210064948444e-05,0.00011039592878298961,7.409122737113393e-05,5.556842052835045e-05,7.631396419226799e-05,0.025406954296722597,0.02152118481604739,7.335031509742261e-05,0.02241790085004936,0.00011780505152010299,5.1863859159793746e-05,0.018532131369374146,0.025108048952055283,0.018233226024706818,0.03168396653473643,0.00015336884065824725,6.371845553917519e-05,3.408196459072163e-05
2024-12-10,0.02152118481604739,0.03407520929207501,0.04035222153008886,0.00010520954286701015,0.029292723777397823,4.000926278041234e-05,0.03407520929207501,0.03168396653473643,0.02152118481604739,0.00013114147244690705,0.06546027048214413,0.000288214874473711,0.020026658092710762,0.0030607086027015433,5.7791157349484485e-05,0.029292723777397823,0.01942884740337611,0.06964494530748667,6.371845553917519e-05,0.01942884740337611,0.07472633616683118,0.13032273027495364,6.075480644432981e-05,3.852743823298958e-05,0.024510238262720623,0.06785151323948273,0.053802962040118474,0.017037604646037506,8.0759437834536e-05,0.02809710239872854,0.00011261866560412363,4.5195648696391725e-05,4.8900210064948444e-05,0.00011039592878298961,7.409122737113393e-05,5.556842052835045e-05,7.631396419226799e-05,0.025406954296722597,0.02152118481604739,7.335031509742261e-05,0.02241790085004936,0.00011780505152010299,5.1863859159793746e-05,0.018532131369374146,0.025108048952055283,0.018233226024706818,0.03168396653473643,0.00015336884065824725,6.371845553917519e-05,3.408196459072163e-05
2024-12-11,0.02152118481604739,0.03407520929207501,0.04035222153008886,0.00010520954286701015,0.029292723777397823,4.000926278041234e-05,0.03407520929207501,0.03168396653473643,0.02152118481604739,0.00013114147244690705,0.06546027048214413,0.000288214874473711,0.020026658092710762,0.0030607086027015433,5.7791157349484485e-05,0.029292723777397823,0.01942884740337611,0.06964494530748667,6.371845553917519e-05,0.01942884740337611,0.07472633616683118,0.13032273027495364,6.075480644432981e-05,3.852743823298958e-05,0.024510238262720623,0.06785151323948273,0.053802962040118474,0.017037604646037506,8.0759437834536e-05,0.02809710239872854,0.00011261866560412363,4.5195648696391725e-05,4.8900210064948444e-05,0.00011039592878298961,7.409122737113393e-05,5.556842052835045e-05,7.631396419226799e-05,0.025406954296722597,0.02152118481604739,7.335031509742261e-05,0.02241790085004936,0.00011780505152010299,5.1863859159793746e-05,0.018532131369374146,0.025108048952055283,0.018233226024706818,0.03168396653473643,0.00015336884065824725,6.371845553917519e-05,3.408196459072163e-05
2024-12-12,0.02152118481604739,0.03407520929207501,0.04035222153008886,0.00010520954286701015,0.029292723777397823,4.000926278041234e-05,0.03407520929207501,0.03168396653473643,0.02152118481604739,0.00013114147244690705,0.06546027048214413,0.000288214874473711,0.020026658092710762,0.0030607086027015433,5.7791157349484485e-05,0.029292723777397823,0.01942884740337611,0.06964494530748667,6.371845553917519e-05,0.01942884740337611,0.07472633616683118,0.13032273027495364,6.075480644432981e-05,3.852743823298958e-05,0.024510238262720623,0.06785151323948273,0.053802962040118474,0.017037604646037506,8.0759437834536e-05,0.02809710239872854,0.00011261866560412363,4.5195648696391725e-05,4.8900210064948444e-05,0.00011039592878298961,7.409122737113393e-05,5.556842052835045e-05,7.631396419226799e-05,0.025406954296722597,0.02152118481604739,7.335031509742261e-05,0.02241790085004936,0.00011780505152010299,5.1863859159793746e-05,0.018532131369374146,0.025108048952055283,0.018233226024706818,0.03168396653473643,0.00015336884065824725,6.371845553917519e-05,3.408196459072163e-05
2024-12-13,0.02152118481604739,0.03407520929207501,0.04035222153008886,0.00010520954286701015,0.029292723777397823,4.000926278041234e-05,0.03407520929207501,0.03168396653473643,0.02152118481604739,0.00013114147244690705,0.06546027048214413,0.000288214874473711,0.020026658092710762,0.0030607086027015433,5.7791157349484485e-05,0.029292723777397823,0.01942884740337611,0.06964494530748667,6.371845553917519e-05,0.01942884740337611,0.07472633616683118,0.13032273027495364,6.075480644432981e-05,3.852743823298958e-05,0.024510238262720623,0.06785151323948273,0.053802962040118474,0.017037604646037506,8.0759437834536e-05,0.02809710239872854,0.00011261866560412363,4.5195648696391725e-05,4.8900210064948444e-05,0.00011039592878298961,7.409122737113393e-05,5.556842052835045e-05,7.631396419226799e-05,0.025406954296722597,0.02152118481604739,7.335031509742261e-05,0.02241790085004936,0.00011780505152010299,5.1863859159793746e-05,0.018532131369374146,0.025108048952055283,0.018233226024706818,0.03168396653473643,0.00015336884065824725,6.371845553917519e-05,3.408196459072163e-05
2024-12-16,0.02152118481604739,0.03407520929207501,0.04035222153008886,0.00010520954286701015,0.029292723777397823,4.000926278041234e-05,0.03407520929207501,0.03168396653473643,0.02152118481604739,0.00013114147244690705,0.06546027048214413,0.000288214874473711,0.020026658092710762,0.0030607086027015433,5.7791157349484485e-05,0.029292723777397823,0.01942884740337611,0.06964494530748667,6.371845553917519e-05,0.01942884740337611,0.07472633616683118,0.13032273027495364,6.075480644432981e-05,3.852743823298958e-05,0.024510238262720623,0.06785151323948273,0.053802962040118474,0.017037604646037506,8.0759437834536e-05,0.02809710239872854,0.00011261866560412363,4.5195648696391725e-05,4.8900210064948444e-05,0.00011039592878298961,7.409122737113393e-05,5.556842052835045e-05,7.631396419226799e-05,0.025406954296722597,0.02152118481604739,7.335031509742261e-05,0.02241790085004936,0.00011780505152010299,5.1863859159793746e-05,0.018532131369374146,0.025108048952055283,0.018233226024706818,0.03168396653473643,0.00015336884065824725,6.371845553917519e-05,3.408196459072163e-05
2024-12-17,0.02152118481604739,0.03407520929207501,0.04035222153008886,0.00010520954286701015,0.029292723777397823,4.000926278041234e-05,0.03407520929207501,0.03168396653473643,0.02152118481604739,0.00013114147244690705,0.06546027048214413,0.000288214874473711,0.020026658092710762,0.0030607086027015433,5.7791157349484485e-05,0.029292723777397823,0.01942884740337611,0.06964494530748667,6.371845553917519e-05,0.01942884740337611,0.07472633616683118,0.13032273027495364,6.075480644432981e-05,3.852743823298958e-05,0.024510238262720623,0.06785151323948273,0.053802962040118474,0.017037604646037506,8.0759437834536e-05,0.02809710239872854,0.00011261866560412363,4.5195648696391725e-05,4.8900210064948444e-05,0.00011039592878298961,7.409122737113393e-05,5.556842052835045e-05,7.631396419226799e-05,0.025406954296722597,0.02152118481604739,7.335031509742261e-05,0.02241790085004936,0.00011780505152010299,5.1863859159793746e-05,0.018532131369374146,0.025108048952055283,0.018233226024706818,0.03168396653473643,0.00015336884065824725,6.371845553917519e-05,3.408196459072163e-05
2024-12-18,0.02152118481604739,0.03407520929207501,0.04035222153008886,0.00010520954286701015,0.029292723777397823,4.000926278041234e-05,0.03407520929207501,0.03168396653473643,0.02152118481604739,0.00013114147244690705,0.06546027048214413,0.000288214874473711,0.020026658092710762,0.0030607086027015433,5.7791157349484485e-05,0.029292723777397823,0.01942884740337611,0.06964494530748667,6.371845553917519e-05,0.01942884740337611,0.07472633616683118,0.13032273027495364,6.075480644432981e-05,3.852743823298958e-05,0.024510238262720623,0.06785151323948273,0.053802962040118474,0.017037604646037506,8.0759437834536e-05,0.02809710239872854,0.00011261866560412363,4.5195648696391725e-05,4.8900210064948444e-05,0.00011039592878298961,7.409122737113393e-05,5.556842052835045e-05,7.631396419226799e-05,0.025406954296722597,0.02152118481604739,7.335031509742261e-05,0.02241790085004936,0.00011780505152010299,5.1863859159793746e-05,0.018532131369374146,0.025108048952055283,0.018233226024706818,0.03168396653473643,0.00015336884065824725,6.371845553917519e-05,3.408196459072163e-05
2024-12-19,0.02152118481604739,0.03407520929207501,0.04035222153008886,0.00010520954286701015,0.029292723777397823,4.000926278041234e-05,0.03407520929207501,0.03168396653473643,0.02152118481604739,0.00013114147244690705,0.06546027048214413,0.000288214874473711,0.020026658092710762,0.0030607086027015433,5.7791157349484485e-05,0.029292723777397823,0.01942884740337611,0.06964494530748667,6.371845553917519e-05,0.01942884740337611,0.07472633616683118,0.13032273027495364,6.075480644432981e-05,3.852743823298958e-05,0.024510238262720623,0.06785151323948273,0.053802962040118474,0.017037604646037506,8.0759437834536e-05,0.02809710239872854,0.00011261866560412363,4.5195648696391725e-05,4.8900210064948444e-05,0.00011039592878298961,7.409122737113393e-05,5.556842052835045e-05,7.631396419226799e-05,0.025406954296722597,0.02152118481604739,7.335031509742261e-05,0.02241790085004936,0.00011780505152010299,5.1863859159793746e-05,0.018532131369374146,0.025108048952055283,0.018233226024706818,0.03168396653473643,0.00015336884065824725,6.371845553917519e-05,3.408196459072163e-05
2024-12-20,0.02152118481604739,0.03407520929207501,0.04035222153008886,0.00010520954286701015,0.029292723777397823,4.000926278041234e-05,0.03407520929207501,0.03168396653473643,0.02152118481604739,0.00013114147244690705,0.06546027048214413,0.000288214874473711,0.020026658092710762,0.0030607086027015433,5.7791157349484485e-05,0.029292723777397823,0.01942884740337611,0.06964494530748667,6.371845553917519e-05,0.01942884740337611,0.07472633616683118,0.13032273027495364,6.075480644432981e-05,3.852743823298958e-05,0.024510238262720623,0.06785151323948273,0.053802962040118474,0.017037604646037506,8.0759437834536e-05,0.02809710239872854,0.00011261866560412363,4.5195648696391725e-05,4.8900210064948444e-05,0.00011039592878298961,7.409122737113393e-05,5.556842052835045e-05,7.631396419226799e-05,0.025406954296722597,0.02152118481604739,7.335031509742261e-05,0.02241790085004936,0.00011780505152010299,5.1863859159793746e-05,0.018532131369374146,0.025108048952055283,0.018233226024706818,0.03168396653473643,0.00015336884065824725,6.371845553917519e-05,3.408196459072163e-05
2024-12-23,0.02152118481604739,0.03407520929207501,0.04035222153008886,0.00010520954286701015,0.029292723777397823,4.000926278041234e-05,0.03407520929207501,0.03168396653473643,0.02152118481604739,0.00013114147244690705,0.06546027048214413,0.000288214874473711,0.020026658092710762,0.0030607086027015433,5.7791157349484485e-05,0.029292723777397823,0.01942884740337611,0.06964494530748667,6.371845553917519e-05,0.01942884740337611,0.07472633616683118,0.13032273027495364,6.075480644432981e-05,3.852743823298958e-05,0.024510238262720623,0.06785151323948273,0.053802962040118474,0.017037604646037506,8.0759437834536e-05,0.02809710239872854,0.00011261866560412363,4.5195648696391725e-05,4.8900210064948444e-05,0.00011039592878298961,7.409122737113393e-05,5.556842052835045e-05,7.631396419226799e-05,0.025406954296722597,0.02152118481604739,7.335031509742261e-05,0.02241790085004936,0.00011780505152010299,5.1863859159793746e-05,0.018532131369374146,0.025108048952055283,0.018233226024706818,0.03168396653473643,0.00015336884065824725,6.371845553917519e-05,3.408196459072163e-05
2024-12-24,0.02152118481604739,0.03407520929207501,0.04035222153008886,0.00010520954286701015,0.029292723777397823,4.000926278041234e-05,0.03407520929207501,0.03168396653473643,0.02152118481604739,0.00013114147244690705,0.06546027048214413,0.000288214874473711,0.020026658092710762,0.0030607086027015433,5.7791157349484485e-05,0.029292723777397823,0.01942884740337611,0.06964494530748667,6.371845553917519e-05,0.01942884740337611,0.07472633616683118,0.13032273027495364,6.075480644432981e-05,3.852743823298958e-05,0.024510238262720623,0.06785151323948273,0.053802962040118474,0.017037604646037506,8.0759437834536e-05,0.02809710239872854,0.00011261866560412363,4.5195648696391725e-05,4.8900210064948444e-05,0.00011039592878298961,7.409122737113393e-05,5.556842052835045e-05,7.631396419226799e-05,0.025406954296722597,0.02152118481604739,7.335031509742261e-05,0.02241790085004936,0.00011780505152010299,5.1863859159793746e-05,0.018532131369374146,0.025108048952055283,0.018233226024706818,0.03168396653473643,0.00015336884065824725,6.371845553917519e-05,3.408196459072163e-05
2024-12-25,0.02152118481604739,0.03407520929207501,0.04035222153008886,0.00010520954286701015,0.029292723777397823,4.000926278041234e-05,0.03407520929207501,0.03168396653473643,0.02152118481604739,0.00013114147244690705,0.06546027048214413,0.000288214874473711,0.020026658092710762,0.0030607086027015433,5.7791157349484485e-05,0.029292723777397823,0.01942884740337611,0.06964494530748667,6.371845553917519e-05,0.01942884740337611,0.07472633616683118,0.13032273027495364,6.075480644432981e-05,3.852743823298958e-05,0.024510238262720623,0.06785151323948273,0.053802962040118474,0.017037604646037506,8.0759437834536e-05,0.02809710239872854,0.00011261866560412363,4.5195648696391725e-05,4.8900210064948444e-05,0.00011039592878298961,7.409122737113393e-05,5.556842052835045e-05,7.631396419226799e-05,0.025406954296722597,0.02152118481604739,7.335031509742261e-05,0.02241790085004936,0.00011780505152010299,5.1863859159793746e-05,0.018532131369374146,0.025108048952055283,0.018233226024706818,0.03168396653473643,0.00015336884065824725,6.371845553917519e-05,3.408196459072163e-05
2024-12-26,0.02152118481604739,0.03407520929207501,0.04035222153008886,0.00010520954286701015,0.029292723777397823,4.000926278041234e-05,0.03407520929207501,0.03168396653473643,0.02152118481604739,0.00013114147244690705,0.06546027048214413,0.000288214874473711,0.020026658092710762,0.0030607086027015433,5.7791157349484485e-05,0.029292723777397823,0.01942884740337611,0.06964494530748667,6.371845553917519e-05,0.01942884740337611,0.07472633616683118,0.13032273027495364,6.075480644432981e-05,3.852743823298958e-05,0.024510238262720623,0.06785151323948273,0.053802962040118474,0.017037604646037506,8.0759437834536e-05,0.02809710239872854,0.00011261866560412363,4.5195648696391725e-05,4.8900210064948444e-05,0.00011039592878298961,7.409122737113393e-05,5.556842052835045e-05,7.631396419226799e-05,0.025406954296722597,0.02152118481604739,7.335031509742261e-05,0.02241790085004936,0.00011780505152010299,5.1863859159793746e-05,0.018532131369374146,0.025108048952055283,0.018233226024706818,0.03168396653473643,0.00015336884065824725,6.371845553917519e-05,3.408196459072163e-05
2024-12-27,0.02152118481604739,0.03407520929207501,0.04035222153008886,0.00010520954286701015,0.029292723777397823,4.000926278041234e-05,0.03407520929207501,0.03168396653473643,0.02152118481604739,0.00013114147244690705,0.06546027048214413,0.000288214874473711,0.020026658092710762,0.0030607086027015433,5.7791157349484485e-05,0.029292723777397823,0.01942884740337611,0.06964494530748667,6.371845553917519e-05,0.01942884740337611,0.07472633616683118,0.13032273027495364,6.075480644432981e-05,3.852743823298958e-05,0.024510238262720623,0.06785151323948273,0.053802962040118474,0.017037604646037506,8.0759437834536e-05,0.02809710239872854,0.00011261866560412363,4.5195648696391725e-05,4.8900210064948444e-05,0.00011039592878298961,7.409122737113393e-05,5.556842052835045e-05,7.631396419226799e-05,0.025406954296722597,0.02152118481604739,7.335031509742261e-05,0.02241790085004936,0.00011780505152010299,5.1863859159793746e-05,0.018532131369374146,0.025108048952055283,0.018233226024706818,0.03168396653473643,0.00015336884065824725,6.371845553917519e-05,3.408196459072163e-05
2024-12-30,0.02152118481604739,0.03407520929207501,0.04035222153008886,0.00010520954286701015,0.029292723777397823,4.000926278041234e-05,0.03407520929207501,0.03168396653473643,0.02152118481604739,0.00013114147244690705,0.06546027048214413,0.000288214874473711,0.020026658092710762,0.0030607086027015433,5.7791157349484485e-05,0.029292723777397823,0.01942884740337611,0.06964494530748667,6.371845553917519e-05,0.01942884740337611,0.07472633616683118,0.13032273027495364,6.075480644432981e-05,3.852743823298958e-05,0.024510238262720623,0.06785151323948273,0.053802962040118474,0.017037604646037506,8.0759437834536e-05,0.02809710239872854,0.00011261866560412363,4.5195648696391725e-05,4.8900210064948444e-05,0.00011039592878298961,7.409122737113393e-05,5.556842052835045e-05,7.631396419226799e-05,0.025406954296722597,0.02152118481604739,7.335031509742261e-05,0.02241790085004936,0.00011780505152010299,5.1863859159793746e-05,0.018532131369374146,0.025108048952055283,0.018233226024706818,0.03168396653473643,0.00015336884065824725,6.371845553917519e-05,3.408196459072163e-05
2024-12-31,0.02152118481604739,0.03407520929207501,0.04035222153008886,0.00010520954286701015,0.029292723777397823,4.000926278041234e-05,0.03407520929207501,0.03168396653473643,0.02152118481604739,0.00013114147244690705,0.06546027048214413,0.000288214874473711,0.020026658092710762,0.0030607086027015433,5.7791157349484485e-05,0.029292723777397823,0.01942884740337611,0.06964494530748667,6.371845553917519e-05,0.01942884740337611,0.07472633616683118,0.13032273027495364,6.075480644432981e-05,3.852743823298958e-05,0.024510238262720623,0.06785151323948273,0.053802962040118474,0.017037604646037506,8.0759437834536e-05,0.02809710239872854,0.00011261866560412363,4.5195648696391725e-05,4.8900210064948444e-05,0.00011039592878298961,7.409122737113393e-05,5.556842052835045e-05,7.631396419226799e-05,0.025406954296722597,0.02152118481604739,7.335031509742261e-05,0.02241790085004936,0.00011780505152010299,5.1863859159793746e-05,0.018532131369374146,0.025108048952055283,0.018233226024706818,0.03168396653473643,0.00015336884065824725,6.371845553917519e-05,3.408196459072163e-05
2025-01-02,0.02152118481604739,0.03407520929207501,0.04035222153008886,0.00010520954286701015,0.029292723777397823,4.000926278041234e-05,0.03407520929207501,0.03168396653473643,0.02152118481604739,0.00013114147244690705,0.06546027048214413,0.000288214874473711,0.020026658092710762,0.0030607086027015433,5.7791157349484485e-05,0.029292723777397823,0.01942884740337611,0.06964494530748667,6.371845553917519e-05,0.01942884740337611,0.07472633616683118,0.13032273027495364,6.075480644432981e-05,3.852743823298958e-05,0.024510238262720623,0.06785151323948273,0.053802962040118474,0.017037604646037506,8.0759437834536e-05,0.02809710239872854,0.00011261866560412363,4.5195648696391725e-05,4.8900210064948444e-05,0.00011039592878298961,7.409122737113393e-05,5.556842052835045e-05,7.631396419226799e-05,0.025406954296722597,0.02152118481604739,7.335031509742261e-05,0.02241790085004936,0.00011780505152010299,5.1863859159793746e-05,0.018532131369374146,0.025108048952055283,0.018233226024706818,0.03168396653473643,0.00015336884065824725,6.371845553917519e-05,3.408196459072163e-05
2025-01-03,0.02152118481604739,0.03407520929207501,0.04035222153008886,0.00010520954286701015,0.029292723777397823,4.000926278041234e-05,0.03407520929207501,0.03168396653473643,0.02152118481604739,0.00013114147244690705,0.06546027048214413,0.000288214874473711,0.020026658092710762,0.0030607086027015433,5.7791157349484485e-05,0.029292723777397823,0.01942884740337611,0.06964494530748667,6.371845553917519e-05,0.01942884740337611,0.07472633616683118,0.13032273027495364,6.075480644432981e-05,3.852743823298958e-05,0.024510238262720623,0.06785151323948273,0.053802962040118474,0.017037604646037506,8.0759437834536e-05,0.02809710239872854,0.00011261866560412363,4.5195648696391725e-05,4.8900210064948444e-05,0.00011039592878298961,7.409122737113393e-05,5.556842052835045e-05,7.631396419226799e-05,0.025406954296722597,0.02152118481604739,7.335031509742261e-05,0.02241790085004936,0.00011780505152010299,5.1863859159793746e-05,0.018532131369374146,0.025108048952055283,0.018233226024706818,0.03168396653473643,0.00015336884065824725,6.371845553917519e-05,3.408196459072163e-05
2025-01-06,0.02152118481604739,0.03407520929207501,0.04035222153008886,0.00010520954286701015,0.029292723777397823,4.000926278041234e-05,0.03407520929207501,0.03168396653473643,0.02152118481604739,0.00013114147244690705,0.06546027048214413,0.000288214874473711,0.020026658092710762,0.0030607086027015433,5.7791157349484485e-05,0.029292723777397823,0.01942884740337611,0.06964494530748667,6.371845553917519e-05,0.01942884740337611,0.07472633616683118,0.13032273027495364,6.075480644432981e-05,3.852743823298958e-05,0.024510238262720623,0.06785151323948273,0.053802962040118474,0.017037604646037506,8.0759437834536e-05,0.02809710239872854,0.00011261866560412363,4.5195648696391725e-05,4.8900210064948444e-05,0.00011039592878298961,7.409122737113393e-05,5.556842052835045e-05,7.631396419226799e-05,0.025406954296722597,0.02152118481604739,7.335031509742261e-05,0.02241790085004936,0.00011780505152010299,5.1863859159793746e-05,0.018532131369374146,0.025108048952055283,0.018233226024706818,0.03168396653473643,0.00015336884065824725,6.371845553917519e-05,3.408196459072163e-05
2025-01-07,0.02152118481604739,0.03407520929207501,0.04035222153008886,0.00010520954286701015,0.029292723777397823,4.000926278041234e-05,0.03407520929207501,0.03168396653473643,0.02152118481604739,0.00013114147244690705,0.06546027048214413,0.000288214874473711,0.020026658092710762,0.0030607086027015433,5.7791157349484485e-05,0.029292723777397823,0.01942884740337611,0.06964494530748667,6.371845553917519e-05,0.01942884740337611,0.07472633616683118,0.13032273027495364,6.075480644432981e-05,3.852743823298958e-05,0.024510238262720623,0.06785151323948273,0.053802962040118474,0.017037604646037506,8.0759437834536e-05,0.02809710239872854,0.00011261866560412363,4.5195648696391725e-05,4.8900210064948444e-05,0.00011039592878298961,7.409122737113393e-05,5.556842052835045e-05,7.631396419226799e-05,0.025406954296722597,0.02152118481604739,7.335031509742261e-05,0.02241790085004936,0.00011780505152010299,5.1863859159793746e-05,0.018532131369374146,0.025108048952055283,0.018233226024706818,0.03168396653473643,0.00015336884065824725,6.371845553917519e-05,3.408196459072163e-05
2025-01-08,0.02152118481604739,0.03407520929207501,0.04035222153008886,0.00010520954286701015,0.029292723777397823,4.000926278041234e-05,0.03407520929207501,0.03168396653473643,0.02152118481604739,0.00013114147244690705,0.06546027048214413,0.000288214874473711,0.020026658092710762,0.0030607086027015433,5.7791157349484485e-05,0.029292723777397823,0.01942884740337611,0.06964494530748667,6.371845553917519e-05,0.01942884740337611,0.07472633616683118,0.13032273027495364,6.075480644432981e-05,3.852743823298958e-05,0.024510238262720623,0.06785151323948273,0.053802962040118474,0.017037604646037506,8.0759437834536e-05,0.02809710239872854,0.00011261866560412363,4.5195648696391725e-05,4.8900210064948444e-05,0.00011039592878298961,7.409122737113393e-05,5.556842052835045e-05,7.631396419226799e-05,0.025406954296722597,0.02152118481604739,7.335031509742261e-05,0.02241790085004936,0.00011780505152010299,5.1863859159793746e-05,0.018532131369374146,0.025108048952055283,0.018233226024706818,0.03168396653473643,0.00015336884065824725,6.371845553917519e-05,3.408196459072163e-05
2025-01-09,0.02152118481604739,0.03407520929207501,0.04035222153008886,0.00010520954286701015,0.029292723777397823,4.000926278041234e-05,0.03407520929207501,0.03168396653473643,0.02152118481604739,0.00013114147244690705,0.06546027048214413,0.000288214874473711,0.020026658092710762,0.0030607086027015433,5.7791157349484485e-05,0.029292723777397823,0.01942884740337611,0.06964494530748667,6.371845553917519e-05,0.01942884740337611,0.07472633616683118,0.13032273027495364,6.075480644432981e-05,3.852743823298958e-05,0.024510238262720623,0.06785151323948273,0.053802962040118474,0.017037604646037506,8.0759437834536e-05,0.02809710239872854,0.00011261866560412363,4.5195648696391725e-05,4.8900210064948444e-05,0.00011039592878298961,7.409122737113393e-05,5.556842052835045e-05,7.631396419226799e-05,0.025406954296722597,0.02152118481604739,7.335031509742261e-05,0.02241790085004936,0.00011780505152010299,5.1863859159793746e-05,0.018532131369374146,0.025108048952055283,0.018233226024706818,0.03168396653473643,0.00015336884065824725,6.371845553917519e-05,3.408196459072163e-05
2025-01-10,0.02152118481604739,0.03407520929207501,0.04035222153008886,0.00010520954286701015,0.029292723777397823,4.000926278041234e-05,0.03407520929207501,0.03168396653473643,0.02152118481604739,0.00013114147244690705,0.06546027048214413,0.000288214874473711,0.020026658092710762,0.0030607086027015433,5.7791157349484485e-05,0.029292723777397823,0.01942884740337611,0.06964494530748667,6.371845553917519e-05,0.01942884740337611,0.07472633616683118,0.13032273027495364,6.075480644432981e-05,3.852743823298958e-05,0.024510238262720623,0.06785151323948273,0.053802962040118474,0.017037604646037506,8.0759437834536e-05,0.02809710239872854,0.00011261866560412363,4.5195648696391725e-05,4.8900210064948444e-05,0.00011039592878298961,7.409122737113393e-05,5.556842052835045e-05,7.631396419226799e-05,0.025406954296722597,0.02152118481604739,7.335031509742261e-05,0.02241790085004936,0.00011780505152010299,5.1863859159793746e-05,0.018532131369374146,0.025108048952055283,0.018233226024706818,0.03168396653473643,0.00015336884065824725,6.371845553917519e-05,3.408196459072163e-05
2025-01-13,0.02152118481604739,0.03407520929207501,0.04035222153008886,0.00010520954286701015,0.029292723777397823,4.000926278041234e-05,0.03407520929207501,0.03168396653473643,0.02152118481604739,0.00013114147244690705,0.06546027048214413,0.000288214874473711,0.020026658092710762,0.0030607086027015433,5.7791157349484485e-05,0.029292723777397823,0.01942884740337611,0.06964494530748667,6.371845553917519e-05,0.01942884740337611,0.07472633616683118,0.13032273027495364,6.075480644432981e-05,3.852743823298958e-05,0.024510238262720623,0.06785151323948273,0.053802962040118474,0.017037604646037506,8.0759437834536e-05,0.02809710239872854,0.00011261866560412363,4.5195648696391725e-05,4.8900210064948444e-05,0.00011039592878298961,7.409122737113393e-05,5.556842052835045e-05,7.631396419226799e-05,0.025406954296722597,0.02152118481604739,7.335031509742261e-05,0.02241790085004936,0.00011780505152010299,5.1863859159793746e-05,0.018532131369374146,0.025108048952055283,0.018233226024706818,0.03168396653473643,0.00015336884065824725,6.371845553917519e-05,3.408196459072163e-05
2025-01-14,0.02152118481604739,0.03407520929207501,0.04035222153008886,0.00010520954286701015,0.029292723777397823,4.000926278041234e-05,0.03407520929207501,0.03168396653473643,0.02152118481604739,0.00013114147244690705,0.06546027048214413,0.000288214874473711,0.020026658092710762,0.0030607086027015433,5.7791157349484485e-05,0.029292723777397823,0.01942884740337611,0.06964494530748667,6.371845553917519e-05,0.01942884740337611,0.07472633616683118,0.13032273027495364,6.075480644432981e-05,3.852743823298958e-05,0.024510238262720623,0.06785151323948273,0.053802962040118474,0.017037604646037506,8.0759437834536e-05,0.02809710239872854,0.00011261866560412363,4.5195648696391725e-05,4.8900210064948444e-05,0.00011039592878298961,7.409122737113393e-05,5.556842052835045e-05,7.631396419226799e-05,0.025406954296722597,0.02152118481604739,7.335031509742261e-05,0.02241790085004936,0.00011780505152010299,5.1863859159793746e-05,0.018532131369374146,0.025108048952055283,0.018233226024706818,0.03168396653473643,0.00015336884065824725,6.371845553917519e-05,3.408196459072163e-05
2025-01-15,0.02152118481604739,0.03407520929207501,0.04035222153008886,0.00010520954286701015,0.029292723777397823,4.000926278041234e-05,0.03407520929207501,0.03168396653473643,0.02152118481604739,0.00013114147244690705,0.06546027048214413,0.000288214874473711,0.020026658092710762,0.0030607086027015433,5.7791157349484485e-05,0.029292723777397823,0.01942884740337611,0.06964494530748667,6.371845553917519e-05,0.01942884740337611,0.07472633616683118,0.13032273027495364,6.075480644432981e-05,3.852743823298958e-05,0.024510238262720623,0.06785151323948273,0.053802962040118474,0.017037604646037506,8.0759437834536e-05,0.02809710239872854,0.00011261866560412363,4.5195648696391725e-05,4.8900210064948444e-05,0.00011039592878298961,7.409122737113393e-05,5.556842052835045e-05,7.631396419226799e-05,0.025406954296722597,0.02152118481604739,7.335031509742261e-05,0.02241790085004936,0.00011780505152010299,5.1863859159793746e-05,0.018532131369374146,0.025108048952055283,0.018233226024706818,0.03168396653473643,0.00015336884065824725,6.371845553917519e-05,3.408196459072163e-05
2025-01-16,0.02152118481604739,0.03407520929207501,0.04035222153008886,0.00010520954286701015,0.029292723777397823,4.000926278041234e-05,0.03407520929207501,0.03168396653473643,0.02152118481604739,0.00013114147244690705,0.06546027048214413,0.000288214874473711,0.020026658092710762,0.0030607086027015433,5.7791157349484485e-05,0.029292723777397823,0.01942884740337611,0.06964494530748667,6.371845553917519e-05,0.01942884740337611,0.07472633616683118,0.13032273027495364,6.075480644432981e-05,3.852743823298958e-05,0.024510238262720623,0.06785151323948273,0.053802962040118474,0.017037604646037506,8.0759437834536e-05,0.02809710239872854,0.00011261866560412363,4.5195648696391725e-05,4.8900210064948444e-05,0.00011039592878298961,7.409122737113393e-05,5.556842052835045e-05,7.631396419226799e-05,0.025406954296722597,0.02152118481604739,7.335031509742261e-05,0.02241790085004936,0.00011780505152010299,5.1863859159793746e-05,0.018532131369374146,0.025108048952055283,0.018233226024706818,0.03168396653473643,0.00015336884065824725,6.371845553917519e-05,3.408196459072163e-05
2025-01-17,0.02152118481604739,0.03407520929207501,0.04035222153008886,0.00010520954286701015,0.029292723777397823,4.000926278041234e-05,0.03407520929207501,0.03168396653473643,0.02152118481604739,0.00013114147244690705,0.06546027048214413,0.000288214874473711,0.020026658092710762,0.0030607086027015433,5.7791157349484485e-05,0.029292723777397823,0.01942884740337611,0.06964494530748667,6.371845553917519e-05,0.01942884740337611,0.07472633616683118,0.13032273027495364,6.075480644432981e-05,3.852743823298958e-05,0.024510238262720623,0.06785151323948273,0.053802962040118474,0.017037604646037506,8.0759437834536e-05,0.02809710239872854,0.00011261866560412363,4.5195648696391725e-05,4.8900210064948444e-05,0.00011039592878298961,7.409122737113393e-05,5.556842052835045e-05,7.631396419226799e-05,0.025406954296722597,0.02152118481604739,7.335031509742261e-05,0.02241790085004936,0.00011780505152010299,5.1863859159793746e-05,0.018532131369374146,0.025108048952055283,0.018233226024706818,0.03168396653473643,0.00015336884065824725,6.371845553917519e-05,3.408196459072163e-05
2025-01-20,0.02152118481604739,0.03407520929207501,0.04035222153008886,0.00010520954286701015,0.029292723777397823,4.000926278041234e-05,0.03407520929207501,0.03168396653473643,0.02152118481604739,0.00013114147244690705,0.06546027048214413,0.000288214874473711,0.020026658092710762,0.0030607086027015433,5.7791157349484485e-05,0.029292723777397823,0.01942884740337611,0.06964494530748667,6.371845553917519e-05,0.01942884740337611,0.07472633616683118,0.13032273027495364,6.075480644432981e-05,3.852743823298958e-05,0.024510238262720623,0.06785151323948273,0.053802962040118474,0.017037604646037506,8.0759437834536e-05,0.02809710239872854,0.00011261866560412363,4.5195648696391725e-05,4.8900210064948444e-05,0.00011039592878298961,7.409122737113393e-05,5.556842052835045e-05,7.631396419226799e-05,0.025406954296722597,0.02152118481604739,7.335031509742261e-05,0.02241790085004936,0.00011780505152010299,5.1863859159793746e-05,0.018532131369374146,0.025108048952055283,0.018233226024706818,0.03168396653473643,0.00015336884065824725,6.371845553917519e-05,3.408196459072163e-05
2025-01-21,0.02152118481604739,0.03407520929207501,0.04035222153008886,0.00010520954286701015,0.029292723777397823,4.000926278041234e-05,0.03407520929207501,0.03168396653473643,0.02152118481604739,0.00013114147244690705,0.06546027048214413,0.000288214874473711,0.020026658092710762,0.0030607086027015433,5.7791157349484485e-05,0.029292723777397823,0.01942884740337611,0.06964494530748667,6.371845553917519e-05,0.01942884740337611,0.07472633616683118,0.13032273027495364,6.075480644432981e-05,3.852743823298958e-05,0.024510238262720623,0.06785151323948273,0.053802962040118474,0.017037604646037506,8.0759437834536e-05,0.02809710239872854,0.00011261866560412363,4.5195648696391725e-05,4.8900210064948444e-05,0.00011039592878298961,7.409122737113393e-05,5.556842052835045e-05,7.631396419226799e-05,0.025406954296722597,0.02152118481604739,7.335031509742261e-05,0.02241790085004936,0.00011780505152010299,5.1863859159793746e-05,0.018532131369374146,0.025108048952055283,0.018233226024706818,0.03168396653473643,0.00015336884065824725,6.371845553917519e-05,3.408196459072163e-05
2025-01-22,0.02152118481604739,0.03407520929207501,0.04035222153008886,0.00010520954286701015,0.029292723777397823,4.000926278041234e-05,0.03407520929207501,0.03168396653473643,0.02152118481604739,0.00013114147244690705,0.06546027048214413,0.000288214874473711,0.020026658092710762,0.0030607086027015433,5.7791157349484485e-05,0.029292723777397823,0.01942884740337611,0.06964494530748667,6.371845553917519e-05,0.01942884740337611,0.07472633616683118,0.13032273027495364,6.075480644432981e-05,3.852743823298958e-05,0.024510238262720623,0.06785151323948273,0.053802962040118474,0.017037604646037506,8.0759437834536e-05,0.02809710239872854,0.00011261866560412363,4.5195648696391725e-05,4.8900210064948444e-05,0.00011039592878298961,7.409122737113393e-05,5.556842052835045e-05,7.631396419226799e-05,0.025406954296722597,0.02152118481604739,7.335031509742261e-05,0.02241790085004936,0.00011780505152010299,5.1863859159793746e-05,0.018532131369374146,0.025108048952055283,0.018233226024706818,0.03168396653473643,0.00015336884065824725,6.371845553917519e-05,3.408196459072163e-05
2025-02-03,0.02152118481604739,0.03407520929207501,0.04035222153008886,0.00010520954286701015,0.029292723777397823,4.000926278041234e-05,0.03407520929207501,0.03168396653473643,0.02152118481604739,0.00013114147244690705,0.06546027048214413,0.000288214874473711,0.020026658092710762,0.0030607086027015433,5.7791157349484485e-05,0.029292723777397823,0.01942884740337611,0.06964494530748667,6.371845553917519e-05,0.01942884740337611,0.07472633616683118,0.13032273027495364,6.075480644432981e-05,3.852743823298958e-05,0.024510238262720623,0.06785151323948273,0.053802962040118474,0.017037604646037506,8.0759437834536e-05,0.02809710239872854,0.00011261866560412363,4.5195648696391725e-05,4.8900210064948444e-05,0.00011039592878298961,7.409122737113393e-05,5.556842052835045e-05,7.631396419226799e-05,0.025406954296722597,0.02152118481604739,7.335031509742261e-05,0.02241790085004936,0.00011780505152010299,5.1863859159793746e-05,0.018532131369374146,0.025108048952055283,0.018233226024706818,0.03168396653473643,0.00015336884065824725,6.371845553917519e-05,3.408196459072163e-05
2025-02-04,0.02152118481604739,0.03407520929207501,0.04035222153008886,0.00010520954286701015,0.029292723777397823,4.000926278041234e-05,0.03407520929207501,0.03168396653473643,0.02152118481604739,0.00013114147244690705,0.06546027048214413,0.000288214874473711,0.020026658092710762,0.0030607086027015433,5.7791157349484485e-05,0.029292723777397823,0.01942884740337611,0.06964494530748667,6.371845553917519e-05,0.01942884740337611,0.07472633616683118,0.13032273027495364,6.075480644432981e-05,3.852743823298958e-05,0.024510238262720623,0.06785151323948273,0.053802962040118474,0.017037604646037506,8.0759437834536e-05,0.02809710239872854,0.00011261866560412363,4.5195648696391725e-05,4.8900210064948444e-05,0.00011039592878298961,7.409122737113393e-05,5.556842052835045e-05,7.631396419226799e-05,0.025406954296722597,0.02152118481604739,7.335031509742261e-05,0.02241790085004936,0.00011780505152010299,5.1863859159793746e-05,0.018532131369374146,0.025108048952055283,0.018233226024706818,0.03168396653473643,0.00015336884065824725,6.371845553917519e-05,3.408196459072163e-05
2025-02-05,0.02152118481604739,0.03407520929207501,0.04035222153008886,0.00010520954286701015,0.029292723777397823,4.000926278041234e-05,0.03407520929207501,0.03168396653473643,0.02152118481604739,0.00013114147244690705,0.06546027048214413,0.000288214874473711,0.020026658092710762,0.0030607086027015433,5.7791157349484485e-05,0.029292723777397823,0.01942884740337611,0.06964494530748667,6.371845553917519e-05,0.01942884740337611,0.07472633616683118,0.13032273027495364,6.075480644432981e-05,3.852743823298958e-05,0.024510238262720623,0.06785151323948273,0.053802962040118474,0.017037604646037506,8.0759437834536e-05,0.02809710239872854,0.00011261866560412363,4.5195648696391725e-05,4.8900210064948444e-05,0.00011039592878298961,7.409122737113393e-05,5.556842052835045e-05,7.631396419226799e-05,0.025406954296722597,0.02152118481604739,7.335031509742261e-05,0.02241790085004936,0.00011780505152010299,5.1863859159793746e-05,0.018532131369374146,0.025108048952055283,0.018233226024706818,0.03168396653473643,0.00015336884065824725,6.371845553917519e-05,3.408196459072163e-05
2025-02-06,0.02152118481604739,0.03407520929207501,0.04035222153008886,0.00010520954286701015,0.029292723777397823,4.000926278041234e-05,0.03407520929207501,0.03168396653473643,0.02152118481604739,0.00013114147244690705,0.06546027048214413,0.000288214874473711,0.020026658092710762,0.0030607086027015433,5.7791157349484485e-05,0.029292723777397823,0.01942884740337611,0.06964494530748667,6.371845553917519e-05,0.01942884740337611,0.07472633616683118,0.13032273027495364,6.075480644432981e-05,3.852743823298958e-05,0.024510238262720623,0.06785151323948273,0.053802962040118474,0.017037604646037506,8.0759437834536e-05,0.02809710239872854,0.00011261866560412363,4.5195648696391725e-05,4.8900210064948444e-05,0.00011039592878298961,7.409122737113393e-05,5.556842052835045e-05,7.631396419226799e-05,0.025406954296722597,0.02152118481604739,7.335031509742261e-05,0.02241790085004936,0.00011780505152010299,5.1863859159793746e-05,0.018532131369374146,0.025108048952055283,0.018233226024706818,0.03168396653473643,0.00015336884065824725,6.371845553917519e-05,3.408196459072163e-05
2025-02-07,0.02152118481604739,0.03407520929207501,0.04035222153008886,0.00010520954286701015,0.029292723777397823,4.000926278041234e-05,0.03407520929207501,0.03168396653473643,0.02152118481604739,0.00013114147244690705,0.06546027048214413,0.000288214874473711,0.020026658092710762,0.0030607086027015433,5.7791157349484485e-05,0.029292723777397823,0.01942884740337611,0.06964494530748667,6.371845553917519e-05,0.01942884740337611,0.07472633616683118,0.13032273027495364,6.075480644432981e-05,3.852743823298958e-05,0.024510238262720623,0.06785151323948273,0.053802962040118474,0.017037604646037506,8.0759437834536e-05,0.02809710239872854,0.00011261866560412363,4.5195648696391725e-05,4.8900210064948444e-05,0.00011039592878298961,7.409122737113393e-05,5.556842052835045e-05,7.631396419226799e-05,0.025406954296722597,0.02152118481604739,7.335031509742261e-05,0.02241790085004936,0.00011780505152010299,5.1863859159793746e-05,0.018532131369374146,0.025108048952055283,0.018233226024706818,0.03168396653473643,0.00015336884065824725,6.371845553917519e-05,3.408196459072163e-05
2025-02-10,0.02152118481604739,0.03407520929207501,0.04035222153008886,0.00010520954286701015,0.029292723777397823,4.000926278041234e-05,0.03407520929207501,0.03168396653473643,0.02152118481604739,0.00013114147244690705,0.06546027048214413,0.000288214874473711,0.020026658092710762,0.0030607086027015433,5.7791157349484485e-05,0.029292723777397823,0.01942884740337611,0.06964494530748667,6.371845553917519e-05,0.01942884740337611,0.07472633616683118,0.13032273027495364,6.075480644432981e-05,3.852743823298958e-05,0.024510238262720623,0.06785151323948273,0.053802962040118474,0.017037604646037506,8.0759437834536e-05,0.02809710239872854,0.00011261866560412363,4.5195648696391725e-05,4.8900210064948444e-05,0.00011039592878298961,7.409122737113393e-05,5.556842052835045e-05,7.631396419226799e-05,0.025406954296722597,0.02152118481604739,7.335031509742261e-05,0.02241790085004936,0.00011780505152010299,5.1863859159793746e-05,0.018532131369374146,0.025108048952055283,0.018233226024706818,0.03168396653473643,0.00015336884065824725,6.371845553917519e-05,3.408196459072163e-05
2025-02-11,0.02152118481604739,0.03407520929207501,0.04035222153008886,0.00010520954286701015,0.029292723777397823,4.000926278041234e-05,0.03407520929207501,0.03168396653473643,0.02152118481604739,0.00013114147244690705,0.06546027048214413,0.000288214874473711,0.020026658092710762,0.0030607086027015433,5.7791157349484485e-05,0.029292723777397823,0.01942884740337611,0.06964494530748667,6.371845553917519e-05,0.01942884740337611,0.07472633616683118,0.13032273027495364,6.075480644432981e-05,3.852743823298958e-05,0.024510238262720623,0.06785151323948273,0.053802962040118474,0.017037604646037506,8.0759437834536e-05,0.02809710239872854,0.00011261866560412363,4.5195648696391725e-05,4.8900210064948444e-05,0.00011039592878298961,7.409122737113393e-05,5.556842052835045e-05,7.631396419226799e-05,0.025406954296722597,0.02152118481604739,7.335031509742261e-05,0.02241790085004936,0.00011780505152010299,5.1863859159793746e-05,0.018532131369374146,0.025108048952055283,0.018233226024706818,0.03168396653473643,0.00015336884065824725,6.371845553917519e-05,3.408196459072163e-05
2025-02-12,0.02152118481604739,0.03407520929207501,0.04035222153008886,0.00010520954286701015,0.029292723777397823,4.000926278041234e-05,0.03407520929207501,0.03168396653473643,0.02152118481604739,0.00013114147244690705,0.06546027048214413,0.000288214874473711,0.020026658092710762,0.0030607086027015433,5.7791157349484485e-05,0.029292723777397823,0.01942884740337611,0.06964494530748667,6.371845553917519e-05,0.01942884740337611,0.07472633616683118,0.13032273027495364,6.075480644432981e-05,3.852743823298958e-05,0.024510238262720623,0.06785151323948273,0.053802962040118474,0.017037604646037506,8.0759437834536e-05,0.02809710239872854,0.00011261866560412363,4.5195648696391725e-05,4.8900210064948444e-05,0.00011039592878298961,7.409122737113393e-05,5.556842052835045e-05,7.631396419226799e-05,0.025406954296722597,0.02152118481604739,7.335031509742261e-05,0.02241790085004936,0.00011780505152010299,5.1863859159793746e-05,0.018532131369374146,0.025108048952055283,0.018233226024706818,0.03168396653473643,0.00015336884065824725,6.371845553917519e-05,3.408196459072163e-05
2025-02-13,0.02152118481604739,0.03407520929207501,0.04035222153008886,0.00010520954286701015,0.029292723777397823,4.000926278041234e-05,0.03407520929207501,0.03168396653473643,0.02152118481604739,0.00013114147244690705,0.06546027048214413,0.000288214874473711,0.020026658092710762,0.0030607086027015433,5.7791157349484485e-05,0.029292723777397823,0.01942884740337611,0.06964494530748667,6.371845553917519e-05,0.01942884740337611,0.07472633616683118,0.13032273027495364,6.075480644432981e-05,3.852743823298958e-05,0.024510238262720623,0.06785151323948273,0.053802962040118474,0.017037604646037506,8.0759437834536e-05,0.02809710239872854,0.00011261866560412363,4.5195648696391725e-05,4.8900210064948444e-05,0.00011039592878298961,7.409122737113393e-05,5.556842052835045e-05,7.631396419226799e-05,0.025406954296722597,0.02152118481604739,7.335031509742261e-05,0.02241790085004936,0.00011780505152010299,5.1863859159793746e-05,0.018532131369374146,0.025108048952055283,0.018233226024706818,0.03168396653473643,0.00015336884065824725,6.371845553917519e-05,3.408196459072163e-05
2025-02-14,0.02152118481604739,0.03407520929207501,0.04035222153008886,0.00010520954286701015,0.029292723777397823,4.000926278041234e-05,0.03407520929207501,0.03168396653473643,0.02152118481604739,0.00013114147244690705,0.06546027048214413,0.000288214874473711,0.020026658092710762,0.0030607086027015433,5.7791157349484485e-05,0.029292723777397823,0.01942884740337611,0.06964494530748667,6.371845553917519e-05,0.01942884740337611,0.07472633616683118,0.13032273027495364,6.075480644432981e-05,3.852743823298958e-05,0.024510238262720623,0.06785151323948273,0.053802962040118474,0.017037604646037506,8.0759437834536e-05,0.02809710239872854,0.00011261866560412363,4.5195648696391725e-05,4.8900210064948444e-05,0.00011039592878298961,7.409122737113393e-05,5.556842052835045e-05,7.631396419226799e-05,0.025406954296722597,0.02152118481604739,7.335031509742261e-05,0.02241790085004936,0.00011780505152010299,5.1863859159793746e-05,0.018532131369374146,0.025108048952055283,0.018233226024706818,0.03168396653473643,0.00015336884065824725,6.371845553917519e-05,3.408196459072163e-05
2025-02-17,0.02152118481604739,0.03407520929207501,0.04035222153008886,0.00010520954286701015,0.029292723777397823,4.000926278041234e-05,0.03407520929207501,0.03168396653473643,0.02152118481604739,0.00013114147244690705,0.06546027048214413,0.000288214874473711,0.020026658092710762,0.0030607086027015433,5.7791157349484485e-05,0.029292723777397823,0.01942884740337611,0.06964494530748667,6.371845553917519e-05,0.01942884740337611,0.07472633616683118,0.13032273027495364,6.075480644432981e-05,3.852743823298958e-05,0.024510238262720623,0.06785151323948273,0.053802962040118474,0.017037604646037506,8.0759437834536e-05,0.02809710239872854,0.00011261866560412363,4.5195648696391725e-05,4.8900210064948444e-05,0.00011039592878298961,7.409122737113393e-05,5.556842052835045e-05,7.631396419226799e-05,0.025406954296722597,0.02152118481604739,7.335031509742261e-05,0.02241790085004936,0.00011780505152010299,5.1863859159793746e-05,0.018532131369374146,0.025108048952055283,0.018233226024706818,0.03168396653473643,0.00015336884065824725,6.371845553917519e-05,3.408196459072163e-05
2025-02-18,0.02152118481604739,0.03407520929207501,0.04035222153008886,0.00010520954286701015,0.029292723777397823,4.000926278041234e-05,0.03407520929207501,0.03168396653473643,0.02152118481604739,0.00013114147244690705,0.06546027048214413,0.000288214874473711,0.020026658092710762,0.0030607086027015433,5.7791157349484485e-05,0.029292723777397823,0.01942884740337611,0.06964494530748667,6.371845553917519e-05,0.01942884740337611,0.07472633616683118,0.13032273027495364,6.075480644432981e-05,3.852743823298958e-05,0.024510238262720623,0.06785151323948273,0.053802962040118474,0.017037604646037506,8.0759437834536e-05,0.02809710239872854,0.00011261866560412363,4.5195648696391725e-05,4.8900210064948444e-05,0.00011039592878298961,7.409122737113393e-05,5.556842052835045e-05,7.631396419226799e-05,0.025406954296722597,0.02152118481604739,7.335031509742261e-05,0.02241790085004936,0.00011780505152010299,5.1863859159793746e-05,0.018532131369374146,0.025108048952055283,0.018233226024706818,0.03168396653473643,0.00015336884065824725,6.371845553917519e-05,3.408196459072163e-05
2025-02-19,0.02152118481604739,0.03407520929207501,0.04035222153008886,0.00010520954286701015,0.029292723777397823,4.000926278041234e-05,0.03407520929207501,0.03168396653473643,0.02152118481604739,0.00013114147244690705,0.06546027048214413,0.000288214874473711,0.020026658092710762,0.0030607086027015433,5.7791157349484485e-05,0.029292723777397823,0.01942884740337611,0.06964494530748667,6.371845553917519e-05,0.01942884740337611,0.07472633616683118,0.13032273027495364,6.075480644432981e-05,3.852743823298958e-05,0.024510238262720623,0.06785151323948273,0.053802962040118474,0.017037604646037506,8.0759437834536e-05,0.02809710239872854,0.00011261866560412363,4.5195648696391725e-05,4.8900210064948444e-05,0.00011039592878298961,7.409122737113393e-05,5.556842052835045e-05,7.631396419226799e-05,0.025406954296722597,0.02152118481604739,7.335031509742261e-05,0.02241790085004936,0.00011780505152010299,5.1863859159793746e-05,0.018532131369374146,0.025108048952055283,0.018233226024706818,0.03168396653473643,0.00015336884065824725,6.371845553917519e-05,3.408196459072163e-05
2025-02-20,0.02152118481604739,0.03407520929207501,0.04035222153008886,0.00010520954286701015,0.029292723777397823,4.000926278041234e-05,0.03407520929207501,0.03168396653473643,0.02152118481604739,0.00013114147244690705,0.06546027048214413,0.000288214874473711,0.020026658092710762,0.0030607086027015433,5.7791157349484485e-05,0.029292723777397823,0.01942884740337611,0.06964494530748667,6.371845553917519e-05,0.01942884740337611,0.07472633616683118,0.13032273027495364,6.075480644432981e-05,3.852743823298958e-05,0.024510238262720623,0.06785151323948273,0.053802962040118474,0.017037604646037506,8.0759437834536e-05,0.02809710239872854,0.00011261866560412363,4.5195648696391725e-05,4.8900210064948444e-05,0.00011039592878298961,7.409122737113393e-05,5.556842052835045e-05,7.631396419226799e-05,0.025406954296722597,0.02152118481604739,7.335031509742261e-05,0.02241790085004936,0.00011780505152010299,5.1863859159793746e-05,0.018532131369374146,0.025108048952055283,0.018233226024706818,0.03168396653473643,0.00015336884065824725,6.371845553917519e-05,3.408196459072163e-05
2025-02-21,0.02152118481604739,0.03407520929207501,0.04035222153008886,0.00010520954286701015,0.029292723777397823,4.000926278041234e-05,0.03407520929207501,0.03168396653473643,0.02152118481604739,0.00013114147244690705,0.06546027048214413,0.000288214874473711,0.020026658092710762,0.0030607086027015433,5.7791157349484485e-05,0.029292723777397823,0.01942884740337611,0.06964494530748667,6.371845553917519e-05,0.01942884740337611,0.07472633616683118,0.13032273027495364,6.075480644432981e-05,3.852743823298958e-05,0.024510238262720623,0.06785151323948273,0.053802962040118474,0.017037604646037506,8.0759437834536e-05,0.02809710239872854,0.00011261866560412363,4.5195648696391725e-05,4.8900210064948444e-05,0.00011039592878298961,7.409122737113393e-05,5.556842052835045e-05,7.631396419226799e-05,0.025406954296722597,0.02152118481604739,7.335031509742261e-05,0.02241790085004936,0.00011780505152010299,5.1863859159793746e-05,0.018532131369374146,0.025108048952055283,0.018233226024706818,0.03168396653473643,0.00015336884065824725,6.371845553917519e-05,3.408196459072163e-05
2025-02-24,0.02152118481604739,0.03407520929207501,0.04035222153008886,0.00010520954286701015,0.029292723777397823,4.000926278041234e-05,0.03407520929207501,0.03168396653473643,0.02152118481604739,0.00013114147244690705,0.06546027048214413,0.000288214874473711,0.020026658092710762,0.0030607086027015433,5.7791157349484485e-05,0.029292723777397823,0.01942884740337611,0.06964494530748667,6.371845553917519e-05,0.01942884740337611,0.07472633616683118,0.13032273027495364,6.075480644432981e-05,3.852743823298958e-05,0.024510238262720623,0.06785151323948273,0.053802962040118474,0.017037604646037506,8.0759437834536e-05,0.02809710239872854,0.00011261866560412363,4.5195648696391725e-05,4.8900210064948444e-05,0.00011039592878298961,7.409122737113393e-05,5.556842052835045e-05,7.631396419226799e-05,0.025406954296722597,0.02152118481604739,7.335031509742261e-05,0.02241790085004936,0.00011780505152010299,5.1863859159793746e-05,0.018532131369374146,0.025108048952055283,0.018233226024706818,0.03168396653473643,0.00015336884065824725,6.371845553917519e-05,3.408196459072163e-05
2025-02-25,0.02152118481604739,0.03407520929207501,0.04035222153008886,0.00010520954286701015,0.029292723777397823,4.000926278041234e-05,0.03407520929207501,0.03168396653473643,0.02152118481604739,0.00013114147244690705,0.06546027048214413,0.000288214874473711,0.020026658092710762,0.0030607086027015433,5.7791157349484485e-05,0.029292723777397823,0.01942884740337611,0.06964494530748667,6.371845553917519e-05,0.01942884740337611,0.07472633616683118,0.13032273027495364,6.075480644432981e-05,3.852743823298958e-05,0.024510238262720623,0.06785151323948273,0.053802962040118474,0.017037604646037506,8.0759437834536e-05,0.02809710239872854,0.00011261866560412363,4.5195648696391725e-05,4.8900210064948444e-05,0.00011039592878298961,7.409122737113393e-05,5.556842052835045e-05,7.631396419226799e-05,0.025406954296722597,0.02152118481604739,7.335031509742261e-05,0.02241790085004936,0.00011780505152010299,5.1863859159793746e-05,0.018532131369374146,0.025108048952055283,0.018233226024706818,0.03168396653473643,0.00015336884065824725,6.371845553917519e-05,3.408196459072163e-05
2025-02-26,0.02152118481604739,0.03407520929207501,0.04035222153008886,0.00010520954286701015,0.029292723777397823,4.000926278041234e-05,0.03407520929207501,0.03168396653473643,0.02152118481604739,0.00013114147244690705,0.06546027048214413,0.000288214874473711,0.020026658092710762,0.0030607086027015433,5.7791157349484485e-05,0.029292723777397823,0.01942884740337611,0.06964494530748667,6.371845553917519e-05,0.01942884740337611,0.07472633616683118,0.13032273027495364,6.075480644432981e-05,3.852743823298958e-05,0.024510238262720623,0.06785151323948273,0.053802962040118474,0.017037604646037506,8.0759437834536e-05,0.02809710239872854,0.00011261866560412363,4.5195648696391725e-05,4.8900210064948444e-05,0.00011039592878298961,7.409122737113393e-05,5.556842052835045e-05,7.631396419226799e-05,0.025406954296722597,0.02152118481604739,7.335031509742261e-05,0.02241790085004936,0.00011780505152010299,5.1863859159793746e-05,0.018532131369374146,0.025108048952055283,0.018233226024706818,0.03168396653473643,0.00015336884065824725,6.371845553917519e-05,3.408196459072163e-05
2025-02-27,0.02152118481604739,0.03407520929207501,0.04035222153008886,0.00010520954286701015,0.029292723777397823,4.000926278041234e-05,0.03407520929207501,0.03168396653473643,0.02152118481604739,0.00013114147244690705,0.06546027048214413,0.000288214874473711,0.020026658092710762,0.0030607086027015433,5.7791157349484485e-05,0.029292723777397823,0.01942884740337611,0.06964494530748667,6.371845553917519e-05,0.01942884740337611,0.07472633616683118,0.13032273027495364,6.075480644432981e-05,3.852743823298958e-05,0.024510238262720623,0.06785151323948273,0.053802962040118474,0.017037604646037506,8.0759437834536e-05,0.02809710239872854,0.00011261866560412363,4.5195648696391725e-05,4.8900210064948444e-05,0.00011039592878298961,7.409122737113393e-05,5.556842052835045e-05,7.631396419226799e-05,0.025406954296722597,0.02152118481604739,7.335031509742261e-05,0.02241790085004936,0.00011780505152010299,5.1863859159793746e-05,0.018532131369374146,0.025108048952055283,0.018233226024706818,0.03168396653473643,0.00015336884065824725,6.371845553917519e-05,3.408196459072163e-05
2025-03-03,0.02152118481604739,0.03407520929207501,0.04035222153008886,0.00010520954286701015,0.029292723777397823,4.000926278041234e-05,0.03407520929207501,0.03168396653473643,0.02152118481604739,0.00013114147244690705,0.06546027048214413,0.000288214874473711,0.020026658092710762,0.0030607086027015433,5.7791157349484485e-05,0.029292723777397823,0.01942884740337611,0.06964494530748667,6.371845553917519e-05,0.01942884740337611,0.07472633616683118,0.13032273027495364,6.075480644432981e-05,3.852743823298958e-05,0.024510238262720623,0.06785151323948273,0.053802962040118474,0.017037604646037506,8.0759437834536e-05,0.02809710239872854,0.00011261866560412363,4.5195648696391725e-05,4.8900210064948444e-05,0.00011039592878298961,7.409122737113393e-05,5.556842052835045e-05,7.631396419226799e-05,0.025406954296722597,0.02152118481604739,7.335031509742261e-05,0.02241790085004936,0.00011780505152010299,5.1863859159793746e-05,0.018532131369374146,0.025108048952055283,0.018233226024706818,0.03168396653473643,0.00015336884065824725,6.371845553917519e-05,3.408196459072163e-05
2025-03-04,0.02152118481604739,0.03407520929207501,0.04035222153008886,0.00010520954286701015,0.029292723777397823,4.000926278041234e-05,0.03407520929207501,0.03168396653473643,0.02152118481604739,0.00013114147244690705,0.06546027048214413,0.000288214874473711,0.020026658092710762,0.0030607086027015433,5.7791157349484485e-05,0.029292723777397823,0.01942884740337611,0.06964494530748667,6.371845553917519e-05,0.01942884740337611,0.07472633616683118,0.13032273027495364,6.075480644432981e-05,3.852743823298958e-05,0.024510238262720623,0.06785151323948273,0.053802962040118474,0.017037604646037506,8.0759437834536e-05,0.02809710239872854,0.00011261866560412363,4.5195648696391725e-05,4.8900210064948444e-05,0.00011039592878298961,7.409122737113393e-05,5.556842052835045e-05,7.631396419226799e-05,0.025406954296722597,0.02152118481604739,7.335031509742261e-05,0.02241790085004936,0.00011780505152010299,5.1863859159793746e-05,0.018532131369374146,0.025108048952055283,0.018233226024706818,0.03168396653473643,0.00015336884065824725,6.371845553917519e-05,3.408196459072163e-05
2025-03-05,0.02152118481604739,0.03407520929207501,0.04035222153008886,0.00010520954286701015,0.029292723777397823,4.000926278041234e-05,0.03407520929207501,0.03168396653473643,0.02152118481604739,0.00013114147244690705,0.06546027048214413,0.000288214874473711,0.020026658092710762,0.0030607086027015433,5.7791157349484485e-05,0.029292723777397823,0.01942884740337611,0.06964494530748667,6.371845553917519e-05,0.01942884740337611,0.07472633616683118,0.13032273027495364,6.075480644432981e-05,3.852743823298958e-05,0.024510238262720623,0.06785151323948273,0.053802962040118474,0.017037604646037506,8.0759437834536e-05,0.02809710239872854,0.00011261866560412363,4.5195648696391725e-05,4.8900210064948444e-05,0.00011039592878298961,7.409122737113393e-05,5.556842052835045e-05,7.631396419226799e-05,0.025406954296722597,0.02152118481604739,7.335031509742261e-05,0.02241790085004936,0.00011780505152010299,5.1863859159793746e-05,0.018532131369374146,0.025108048952055283,0.018233226024706818,0.03168396653473643,0.00015336884065824725,6.371845553917519e-05,3.408196459072163e-05
2025-03-06,0.02152118481604739,0.03407520929207501,0.04035222153008886,0.00010520954286701015,0.029292723777397823,4.000926278041234e-05,0.03407520929207501,0.03168396653473643,0.02152118481604739,0.00013114147244690705,0.06546027048214413,0.000288214874473711,0.020026658092710762,0.0030607086027015433,5.7791157349484485e-05,0.029292723777397823,0.01942884740337611,0.06964494530748667,6.371845553917519e-05,0.01942884740337611,0.07472633616683118,0.13032273027495364,6.075480644432981e-05,3.852743823298958e-05,0.024510238262720623,0.06785151323948273,0.053802962040118474,0.017037604646037506,8.0759437834536e-05,0.02809710239872854,0.00011261866560412363,4.5195648696391725e-05,4.8900210064948444e-05,0.00011039592878298961,7.409122737113393e-05,5.556842052835045e-05,7.631396419226799e-05,0.025406954296722597,0.02152118481604739,7.335031509742261e-05,0.02241790085004936,0.00011780505152010299,5.1863859159793746e-05,0.018532131369374146,0.025108048952055283,0.018233226024706818,0.03168396653473643,0.00015336884065824725,6.371845553917519e-05,3.408196459072163e-05
2025-03-07,0.02152118481604739,0.03407520929207501,0.04035222153008886,0.00010520954286701015,0.029292723777397823,4.000926278041234e-05,0.03407520929207501,0.03168396653473643,0.02152118481604739,0.00013114147244690705,0.06546027048214413,0.000288214874473711,0.020026658092710762,0.0030607086027015433,5.7791157349484485e-05,0.029292723777397823,0.01942884740337611,0.06964494530748667,6.371845553917519e-05,0.01942884740337611,0.07472633616683118,0.13032273027495364,6.075480644432981e-05,3.852743823298958e-05,0.024510238262720623,0.06785151323948273,0.053802962040118474,0.017037604646037506,8.0759437834536e-05,0.02809710239872854,0.00011261866560412363,4.5195648696391725e-05,4.8900210064948444e-05,0.00011039592878298961,7.409122737113393e-05,5.556842052835045e-05,7.631396419226799e-05,0.025406954296722597,0.02152118481604739,7.335031509742261e-05,0.02241790085004936,0.00011780505152010299,5.1863859159793746e-05,0.018532131369374146,0.025108048952055283,0.018233226024706818,0.03168396653473643,0.00015336884065824725,6.371845553917519e-05,3.408196459072163e-05
2025-03-10,0.02152118481604739,0.03407520929207501,0.04035222153008886,0.00010520954286701015,0.029292723777397823,4.000926278041234e-05,0.03407520929207501,0.03168396653473643,0.02152118481604739,0.00013114147244690705,0.06546027048214413,0.000288214874473711,0.020026658092710762,0.0030607086027015433,5.7791157349484485e-05,0.029292723777397823,0.01942884740337611,0.06964494530748667,6.371845553917519e-05,0.01942884740337611,0.07472633616683118,0.13032273027495364,6.075480644432981e-05,3.852743823298958e-05,0.024510238262720623,0.06785151323948273,0.053802962040118474,0.017037604646037506,8.0759437834536e-05,0.02809710239872854,0.00011261866560412363,4.5195648696391725e-05,4.8900210064948444e-05,0.00011039592878298961,7.409122737113393e-05,5.556842052835045e-05,7.631396419226799e-05,0.025406954296722597,0.02152118481604739,7.335031509742261e-05,0.02241790085004936,0.00011780505152010299,5.1863859159793746e-05,0.018532131369374146,0.025108048952055283,0.018233226024706818,0.03168396653473643,0.00015336884065824725,6.371845553917519e-05,3.408196459072163e-05
2025-03-11,0.02152118481604739,0.03407520929207501,0.04035222153008886,0.00010520954286701015,0.029292723777397823,4.000926278041234e-05,0.03407520929207501,0.03168396653473643,0.02152118481604739,0.00013114147244690705,0.06546027048214413,0.000288214874473711,0.020026658092710762,0.0030607086027015433,5.7791157349484485e-05,0.029292723777397823,0.01942884740337611,0.06964494530748667,6.371845553917519e-05,0.01942884740337611,0.07472633616683118,0.13032273027495364,6.075480644432981e-05,3.852743823298958e-05,0.024510238262720623,0.06785151323948273,0.053802962040118474,0.017037604646037506,8.0759437834536e-05,0.02809710239872854,0.00011261866560412363,4.5195648696391725e-05,4.8900210064948444e-05,0.00011039592878298961,7.409122737113393e-05,5.556842052835045e-05,7.631396419226799e-05,0.025406954296722597,0.02152118481604739,7.335031509742261e-05,0.02241790085004936,0.00011780505152010299,5.1863859159793746e-05,0.018532131369374146,0.025108048952055283,0.018233226024706818,0.03168396653473643,0.00015336884065824725,6.371845553917519e-05,3.408196459072163e-05
2025-03-12,0.02152118481604739,0.03407520929207501,0.04035222153008886,0.00010520954286701015,0.029292723777397823,4.000926278041234e-05,0.03407520929207501,0.03168396653473643,0.02152118481604739,0.00013114147244690705,0.06546027048214413,0.000288214874473711,0.020026658092710762,0.0030607086027015433,5.7791157349484485e-05,0.029292723777397823,0.01942884740337611,0.06964494530748667,6.371845553917519e-05,0.01942884740337611,0.07472633616683118,0.13032273027495364,6.075480644432981e-05,3.852743823298958e-05,0.024510238262720623,0.06785151323948273,0.053802962040118474,0.017037604646037506,8.0759437834536e-05,0.02809710239872854,0.00011261866560412363,4.5195648696391725e-05,4.8900210064948444e-05,0.00011039592878298961,7.409122737113393e-05,5.556842052835045e-05,7.631396419226799e-05,0.025406954296722597,0.02152118481604739,7.335031509742261e-05,0.02241790085004936,0.00011780505152010299,5.1863859159793746e-05,0.018532131369374146,0.025108048952055283,0.018233226024706818,0.03168396653473643,0.00015336884065824725,6.371845553917519e-05,3.408196459072163e-05
2025-03-13,0.02152118481604739,0.03407520929207501,0.04035222153008886,0.00010520954286701015,0.029292723777397823,4.000926278041234e-05,0.03407520929207501,0.03168396653473643,0.02152118481604739,0.00013114147244690705,0.06546027048214413,0.000288214874473711,0.020026658092710762,0.0030607086027015433,5.7791157349484485e-05,0.029292723777397823,0.01942884740337611,0.06964494530748667,6.371845553917519e-05,0.01942884740337611,0.07472633616683118,0.13032273027495364,6.075480644432981e-05,3.852743823298958e-05,0.024510238262720623,0.06785151323948273,0.053802962040118474,0.017037604646037506,8.0759437834536e-05,0.02809710239872854,0.00011261866560412363,4.5195648696391725e-05,4.8900210064948444e-05,0.00011039592878298961,7.409122737113393e-05,5.556842052835045e-05,7.631396419226799e-05,0.025406954296722597,0.02152118481604739,7.335031509742261e-05,0.02241790085004936,0.00011780505152010299,5.1863859159793746e-05,0.018532131369374146,0.025108048952055283,0.018233226024706818,0.03168396653473643,0.00015336884065824725,6.371845553917519e-05,3.408196459072163e-05
2025-03-14,0.02152118481604739,0.03407520929207501,0.04035222153008886,0.00010520954286701015,0.029292723777397823,4.000926278041234e-05,0.03407520929207501,0.03168396653473643,0.02152118481604739,0.00013114147244690705,0.06546027048214413,0.000288214874473711,0.020026658092710762,0.0030607086027015433,5.7791157349484485e-05,0.029292723777397823,0.01942884740337611,0.06964494530748667,6.371845553917519e-05,0.01942884740337611,0.07472633616683118,0.13032273027495364,6.075480644432981e-05,3.852743823298958e-05,0.024510238262720623,0.06785151323948273,0.053802962040118474,0.017037604646037506,8.0759437834536e-05,0.02809710239872854,0.00011261866560412363,4.5195648696391725e-05,4.8900210064948444e-05,0.00011039592878298961,7.409122737113393e-05,5.556842052835045e-05,7.631396419226799e-05,0.025406954296722597,0.02152118481604739,7.335031509742261e-05,0.02241790085004936,0.00011780505152010299,5.1863859159793746e-05,0.018532131369374146,0.025108048952055283,0.018233226024706818,0.03168396653473643,0.00015336884065824725,6.371845553917519e-05,3.408196459072163e-05
2025-03-17,0.02152118481604739,0.03407520929207501,0.04035222153008886,0.00010520954286701015,0.029292723777397823,4.000926278041234e-05,0.03407520929207501,0.03168396653473643,0.02152118481604739,0.00013114147244690705,0.06546027048214413,0.000288214874473711,0.020026658092710762,0.0030607086027015433,5.7791157349484485e-05,0.029292723777397823,0.01942884740337611,0.06964494530748667,6.371845553917519e-05,0.01942884740337611,0.07472633616683118,0.13032273027495364,6.075480644432981e-05,3.852743823298958e-05,0.024510238262720623,0.06785151323948273,0.053802962040118474,0.017037604646037506,8.0759437834536e-05,0.02809710239872854,0.00011261866560412363,4.5195648696391725e-05,4.8900210064948444e-05,0.00011039592878298961,7.409122737113393e-05,5.556842052835045e-05,7.631396419226799e-05,0.025406954296722597,0.02152118481604739,7.335031509742261e-05,0.02241790085004936,0.00011780505152010299,5.1863859159793746e-05,0.018532131369374146,0.025108048952055283,0.018233226024706818,0.03168396653473643,0.00015336884065824725,6.371845553917519e-05,3.408196459072163e-05
2025-03-18,0.02152118481604739,0.03407520929207501,0.04035222153008886,0.00010520954286701015,0.029292723777397823,4.000926278041234e-05,0.03407520929207501,0.03168396653473643,0.02152118481604739,0.00013114147244690705,0.06546027048214413,0.000288214874473711,0.020026658092710762,0.0030607086027015433,5.7791157349484485e-05,0.029292723777397823,0.01942884740337611,0.06964494530748667,6.371845553917519e-05,0.01942884740337611,0.07472633616683118,0.13032273027495364,6.075480644432981e-05,3.852743823298958e-05,0.024510238262720623,0.06785151323948273,0.053802962040118474,0.017037604646037506,8.0759437834536e-05,0.02809710239872854,0.00011261866560412363,4.5195648696391725e-05,4.8900210064948444e-05,0.00011039592878298961,7.409122737113393e-05,5.556842052835045e-05,7.631396419226799e-05,0.025406954296722597,0.02152118481604739,7.335031509742261e-05,0.02241790085004936,0.00011780505152010299,5.1863859159793746e-05,0.018532131369374146,0.025108048952055283,0.018233226024706818,0.03168396653473643,0.00015336884065824725,6.371845553917519e-05,3.408196459072163e-05
2025-03-19,0.02152118481604739,0.03407520929207501,0.04035222153008886,0.00010520954286701015,0.029292723777397823,4.000926278041234e-05,0.03407520929207501,0.03168396653473643,0.02152118481604739,0.00013114147244690705,0.06546027048214413,0.000288214874473711,0.020026658092710762,0.0030607086027015433,5.7791157349484485e-05,0.029292723777397823,0.01942884740337611,0.06964494530748667,6.371845553917519e-05,0.01942884740337611,0.07472633616683118,0.13032273027495364,6.075480644432981e-05,3.852743823298958e-05,0.024510238262720623,0.06785151323948273,0.053802962040118474,0.017037604646037506,8.0759437834536e-05,0.02809710239872854,0.00011261866560412363,4.5195648696391725e-05,4.8900210064948444e-05,0.00011039592878298961,7.409122737113393e-05,5.556842052835045e-05,7.631396419226799e-05,0.025406954296722597,0.02152118481604739,7.335031509742261e-05,0.02241790085004936,0.00011780505152010299,5.1863859159793746e-05,0.018532131369374146,0.025108048952055283,0.018233226024706818,0.03168396653473643,0.00015336884065824725,6.371845553917519e-05,3.408196459072163e-05
2025-03-20,0.02152118481604739,0.03407520929207501,0.04035222153008886,0.00010520954286701015,0.029292723777397823,4.000926278041234e-05,0.03407520929207501,0.03168396653473643,0.02152118481604739,0.00013114147244690705,0.06546027048214413,0.000288214874473711,0.020026658092710762,0.0030607086027015433,5.7791157349484485e-05,0.029292723777397823,0.01942884740337611,0.06964494530748667,6.371845553917519e-05,0.01942884740337611,0.07472633616683118,0.13032273027495364,6.075480644432981e-05,3.852743823298958e-05,0.024510238262720623,0.06785151323948273,0.053802962040118474,0.017037604646037506,8.0759437834536e-05,0.02809710239872854,0.00011261866560412363,4.5195648696391725e-05,4.8900210064948444e-05,0.00011039592878298961,7.409122737113393e-05,5.556842052835045e-05,7.631396419226799e-05,0.025406954296722597,0.02152118481604739,7.335031509742261e-05,0.02241790085004936,0.00011780505152010299,5.1863859159793746e-05,0.018532131369374146,0.025108048952055283,0.018233226024706818,0.03168396653473643,0.00015336884065824725,6.371845553917519e-05,3.408196459072163e-05
2025-03-21,0.02152118481604739,0.03407520929207501,0.04035222153008886,0.00010520954286701015,0.029292723777397823,4.000926278041234e-05,0.03407520929207501,0.03168396653473643,0.02152118481604739,0.00013114147244690705,0.06546027048214413,0.000288214874473711,0.020026658092710762,0.0030607086027015433,5.7791157349484485e-05,0.029292723777397823,0.01942884740337611,0.06964494530748667,6.371845553917519e-05,0.01942884740337611,0.07472633616683118,0.13032273027495364,6.075480644432981e-05,3.852743823298958e-05,0.024510238262720623,0.06785151323948273,0.053802962040118474,0.017037604646037506,8.0759437834536e-05,0.02809710239872854,0.00011261866560412363,4.5195648696391725e-05,4.8900210064948444e-05,0.00011039592878298961,7.409122737113393e-05,5.556842052835045e-05,7.631396419226799e-05,0.025406954296722597,0.02152118481604739,7.335031509742261e-05,0.02241790085004936,0.00011780505152010299,5.1863859159793746e-05,0.018532131369374146,0.025108048952055283,0.018233226024706818,0.03168396653473643,0.00015336884065824725,6.371845553917519e-05,3.408196459072163e-05
2025-03-24,0.02152118481604739,0.03407520929207501,0.04035222153008886,0.00010520954286701015,0.029292723777397823,4.000926278041234e-05,0.03407520929207501,0.03168396653473643,0.02152118481604739,0.00013114147244690705,0.06546027048214413,0.000288214874473711,0.020026658092710762,0.0030607086027015433,5.7791157349484485e-05,0.029292723777397823,0.01942884740337611,0.06964494530748667,6.371845553917519e-05,0.01942884740337611,0.07472633616683118,0.13032273027495364,6.075480644432981e-05,3.852743823298958e-05,0.024510238262720623,0.06785151323948273,0.053802962040118474,0.017037604646037506,8.0759437834536e-05,0.02809710239872854,0.00011261866560412363,4.5195648696391725e-05,4.8900210064948444e-05,0.00011039592878298961,7.409122737113393e-05,5.556842052835045e-05,7.631396419226799e-05,0.025406954296722597,0.02152118481604739,7.335031509742261e-05,0.02241790085004936,0.00011780505152010299,5.1863859159793746e-05,0.018532131369374146,0.025108048952055283,0.018233226024706818,0.03168396653473643,0.00015336884065824725,6.371845553917519e-05,3.408196459072163e-05
2025-03-25,0.02152118481604739,0.03407520929207501,0.04035222153008886,0.00010520954286701015,0.029292723777397823,4.000926278041234e-05,0.03407520929207501,0.03168396653473643,0.02152118481604739,0.00013114147244690705,0.06546027048214413,0.000288214874473711,0.020026658092710762,0.0030607086027015433,5.7791157349484485e-05,0.029292723777397823,0.01942884740337611,0.06964494530748667,6.371845553917519e-05,0.01942884740337611,0.07472633616683118,0.13032273027495364,6.075480644432981e-05,3.852743823298958e-05,0.024510238262720623,0.06785151323948273,0.053802962040118474,0.017037604646037506,8.0759437834536e-05,0.02809710239872854,0.00011261866560412363,4.5195648696391725e-05,4.8900210064948444e-05,0.00011039592878298961,7.409122737113393e-05,5.556842052835045e-05,7.631396419226799e-05,0.025406954296722597,0.02152118481604739,7.335031509742261e-05,0.02241790085004936,0.00011780505152010299,5.1863859159793746e-05,0.018532131369374146,0.025108048952055283,0.018233226024706818,0.03168396653473643,0.00015336884065824725,6.371845553917519e-05,3.408196459072163e-05
2025-03-26,0.02152118481604739,0.03407520929207501,0.04035222153008886,0.00010520954286701015,0.029292723777397823,4.000926278041234e-05,0.03407520929207501,0.03168396653473643,0.02152118481604739,0.00013114147244690705,0.06546027048214413,0.000288214874473711,0.020026658092710762,0.0030607086027015433,5.7791157349484485e-05,0.029292723777397823,0.01942884740337611,0.06964494530748667,6.371845553917519e-05,0.01942884740337611,0.07472633616683118,0.13032273027495364,6.075480644432981e-05,3.852743823298958e-05,0.024510238262720623,0.06785151323948273,0.053802962040118474,0.017037604646037506,8.0759437834536e-05,0.02809710239872854,0.00011261866560412363,4.5195648696391725e-05,4.8900210064948444e-05,0.00011039592878298961,7.409122737113393e-05,5.556842052835045e-05,7.631396419226799e-05,0.025406954296722597,0.02152118481604739,7.335031509742261e-05,0.02241790085004936,0.00011780505152010299,5.1863859159793746e-05,0.018532131369374146,0.025108048952055283,0.018233226024706818,0.03168396653473643,0.00015336884065824725,6.371845553917519e-05,3.408196459072163e-05
2025-03-27,0.02152118481604739,0.03407520929207501,0.04035222153008886,0.00010520954286701015,0.029292723777397823,4.000926278041234e-05,0.03407520929207501,0.03168396653473643,0.02152118481604739,0.00013114147244690705,0.06546027048214413,0.000288214874473711,0.020026658092710762,0.0030607086027015433,5.7791157349484485e-05,0.029292723777397823,0.01942884740337611,0.06964494530748667,6.371845553917519e-05,0.01942884740337611,0.07472633616683118,0.13032273027495364,6.075480644432981e-05,3.852743823298958e-05,0.024510238262720623,0.06785151323948273,0.053802962040118474,0.017037604646037506,8.0759437834536e-05,0.02809710239872854,0.00011261866560412363,4.5195648696391725e-05,4.8900210064948444e-05,0.00011039592878298961,7.409122737113393e-05,5.556842052835045e-05,7.631396419226799e-05,0.025406954296722597,0.02152118481604739,7.335031509742261e-05,0.02241790085004936,0.00011780505152010299,5.1863859159793746e-05,0.018532131369374146,0.025108048952055283,0.018233226024706818,0.03168396653473643,0.00015336884065824725,6.371845553917519e-05,3.408196459072163e-05
2025-03-28,0.02152118481604739,0.03407520929207501,0.04035222153008886,0.00010520954286701015,0.029292723777397823,4.000926278041234e-05,0.03407520929207501,0.03168396653473643,0.02152118481604739,0.00013114147244690705,0.06546027048214413,0.000288214874473711,0.020026658092710762,0.0030607086027015433,5.7791157349484485e-05,0.029292723777397823,0.01942884740337611,0.06964494530748667,6.371845553917519e-05,0.01942884740337611,0.07472633616683118,0.13032273027495364,6.075480644432981e-05,3.852743823298958e-05,0.024510238262720623,0.06785151323948273,0.053802962040118474,0.017037604646037506,8.0759437834536e-05,0.02809710239872854,0.00011261866560412363,4.5195648696391725e-05,4.8900210064948444e-05,0.00011039592878298961,7.409122737113393e-05,5.556842052835045e-05,7.631396419226799e-05,0.025406954296722597,0.02152118481604739,7.335031509742261e-05,0.02241790085004936,0.00011780505152010299,5.1863859159793746e-05,0.018532131369374146,0.025108048952055283,0.018233226024706818,0.03168396653473643,0.00015336884065824725,6.371845553917519e-05,3.408196459072163e-05
2025-03-31,0.02152118481604739,0.03407520929207501,0.04035222153008886,0.00010520954286701015,0.029292723777397823,4.000926278041234e-05,0.03407520929207501,0.03168396653473643,0.02152118481604739,0.00013114147244690705,0.06546027048214413,0.000288214874473711,0.020026658092710762,0.0030607086027015433,5.7791157349484485e-05,0.029292723777397823,0.01942884740337611,0.06964494530748667,6.371845553917519e-05,0.01942884740337611,0.07472633616683118,0.13032273027495364,6.075480644432981e-05,3.852743823298958e-05,0.024510238262720623,0.06785151323948273,0.053802962040118474,0.017037604646037506,8.0759437834536e-05,0.02809710239872854,0.00011261866560412363,4.5195648696391725e-05,4.8900210064948444e-05,0.00011039592878298961,7.409122737113393e-05,5.556842052835045e-05,7.631396419226799e-05,0.025406954296722597,0.02152118481604739,7.335031509742261e-05,0.02241790085004936,0.00011780505152010299,5.1863859159793746e-05,0.018532131369374146,0.025108048952055283,0.018233226024706818,0.03168396653473643,0.00015336884065824725,6.371845553917519e-05,3.408196459072163e-05
2025-04-01,0.02152118481604739,0.03407520929207501,0.04035222153008886,0.00010520954286701015,0.029292723777397823,4.000926278041234e-05,0.03407520929207501,0.03168396653473643,0.02152118481604739,0.00013114147244690705,0.06546027048214413,0.000288214874473711,0.020026658092710762,0.0030607086027015433,5.7791157349484485e-05,0.029292723777397823,0.01942884740337611,0.06964494530748667,6.371845553917519e-05,0.01942884740337611,0.07472633616683118,0.13032273027495364,6.075480644432981e-05,3.852743823298958e-05,0.024510238262720623,0.06785151323948273,0.053802962040118474,0.017037604646037506,8.0759437834536e-05,0.02809710239872854,0.00011261866560412363,4.5195648696391725e-05,4.8900210064948444e-05,0.00011039592878298961,7.409122737113393e-05,5.556842052835045e-05,7.631396419226799e-05,0.025406954296722597,0.02152118481604739,7.335031509742261e-05,0.02241790085004936,0.00011780505152010299,5.1863859159793746e-05,0.018532131369374146,0.025108048952055283,0.018233226024706818,0.03168396653473643,0.00015336884065824725,6.371845553917519e-05,3.408196459072163e-05
2025-04-02,0.02152118481604739,0.03407520929207501,0.04035222153008886,0.00010520954286701015,0.029292723777397823,4.000926278041234e-05,0.03407520929207501,0.03168396653473643,0.02152118481604739,0.00013114147244690705,0.06546027048214413,0.000288214874473711,0.020026658092710762,0.0030607086027015433,5.7791157349484485e-05,0.029292723777397823,0.01942884740337611,0.06964494530748667,6.371845553917519e-05,0.01942884740337611,0.07472633616683118,0.13032273027495364,6.075480644432981e-05,3.852743823298958e-05,0.024510238262720623,0.06785151323948273,0.053802962040118474,0.017037604646037506,8.0759437834536e-05,0.02809710239872854,0.00011261866560412363,4.5195648696391725e-05,4.8900210064948444e-05,0.00011039592878298961,7.409122737113393e-05,5.556842052835045e-05,7.631396419226799e-05,0.025406954296722597,0.02152118481604739,7.335031509742261e-05,0.02241790085004936,0.00011780505152010299,5.1863859159793746e-05,0.018532131369374146,0.025108048952055283,0.018233226024706818,0.03168396653473643,0.00015336884065824725,6.371845553917519e-05,3.408196459072163e-05
2025-04-07,0.02152118481604739,0.03407520929207501,0.04035222153008886,0.00010520954286701015,0.029292723777397823,4.000926278041234e-05,0.03407520929207501,0.03168396653473643,0.02152118481604739,0.00013114147244690705,0.06546027048214413,0.000288214874473711,0.020026658092710762,0.0030607086027015433,5.7791157349484485e-05,0.029292723777397823,0.01942884740337611,0.06964494530748667,6.371845553917519e-05,0.01942884740337611,0.07472633616683118,0.13032273027495364,6.075480644432981e-05,3.852743823298958e-05,0.024510238262720623,0.06785151323948273,0.053802962040118474,0.017037604646037506,8.0759437834536e-05,0.02809710239872854,0.00011261866560412363,4.5195648696391725e-05,4.8900210064948444e-05,0.00011039592878298961,7.409122737113393e-05,5.556842052835045e-05,7.631396419226799e-05,0.025406954296722597,0.02152118481604739,7.335031509742261e-05,0.02241790085004936,0.00011780505152010299,5.1863859159793746e-05,0.018532131369374146,0.025108048952055283,0.018233226024706818,0.03168396653473643,0.00015336884065824725,6.371845553917519e-05,3.408196459072163e-05
2025-04-08,0.02152118481604739,0.03407520929207501,0.04035222153008886,0.00010520954286701015,0.029292723777397823,4.000926278041234e-05,0.03407520929207501,0.03168396653473643,0.02152118481604739,0.00013114147244690705,0.06546027048214413,0.000288214874473711,0.020026658092710762,0.0030607086027015433,5.7791157349484485e-05,0.029292723777397823,0.01942884740337611,0.06964494530748667,6.371845553917519e-05,0.01942884740337611,0.07472633616683118,0.13032273027495364,6.075480644432981e-05,3.852743823298958e-05,0.024510238262720623,0.06785151323948273,0.053802962040118474,0.017037604646037506,8.0759437834536e-05,0.02809710239872854,0.00011261866560412363,4.5195648696391725e-05,4.8900210064948444e-05,0.00011039592878298961,7.409122737113393e-05,5.556842052835045e-05,7.631396419226799e-05,0.025406954296722597,0.02152118481604739,7.335031509742261e-05,0.02241790085004936,0.00011780505152010299,5.1863859159793746e-05,0.018532131369374146,0.025108048952055283,0.018233226024706818,0.03168396653473643,0.00015336884065824725,6.371845553917519e-05,3.408196459072163e-05
2025-04-09,0.02152118481604739,0.03407520929207501,0.04035222153008886,0.00010520954286701015,0.029292723777397823,4.000926278041234e-05,0.03407520929207501,0.03168396653473643,0.02152118481604739,0.00013114147244690705,0.06546027048214413,0.000288214874473711,0.020026658092710762,0.0030607086027015433,5.7791157349484485e-05,0.029292723777397823,0.01942884740337611,0.06964494530748667,6.371845553917519e-05,0.01942884740337611,0.07472633616683118,0.13032273027495364,6.075480644432981e-05,3.852743823298958e-05,0.024510238262720623,0.06785151323948273,0.053802962040118474,0.017037604646037506,8.0759437834536e-05,0.02809710239872854,0.00011261866560412363,4.5195648696391725e-05,4.8900210064948444e-05,0.00011039592878298961,7.409122737113393e-05,5.556842052835045e-05,7.631396419226799e-05,0.025406954296722597,0.02152118481604739,7.335031509742261e-05,0.02241790085004936,0.00011780505152010299,5.1863859159793746e-05,0.018532131369374146,0.025108048952055283,0.018233226024706818,0.03168396653473643,0.00015336884065824725,6.371845553917519e-05,3.408196459072163e-05
2025-04-10,0.02152118481604739,0.03407520929207501,0.04035222153008886,0.00010520954286701015,0.029292723777397823,4.000926278041234e-05,0.03407520929207501,0.03168396653473643,0.02152118481604739,0.00013114147244690705,0.06546027048214413,0.000288214874473711,0.020026658092710762,0.0030607086027015433,5.7791157349484485e-05,0.029292723777397823,0.01942884740337611,0.06964494530748667,6.371845553917519e-05,0.01942884740337611,0.07472633616683118,0.13032273027495364,6.075480644432981e-05,3.852743823298958e-05,0.024510238262720623,0.06785151323948273,0.053802962040118474,0.017037604646037506,8.0759437834536e-05,0.02809710239872854,0.00011261866560412363,4.5195648696391725e-05,4.8900210064948444e-05,0.00011039592878298961,7.409122737113393e-05,5.556842052835045e-05,7.631396419226799e-05,0.025406954296722597,0.02152118481604739,7.335031509742261e-05,0.02241790085004936,0.00011780505152010299,5.1863859159793746e-05,0.018532131369374146,0.025108048952055283,0.018233226024706818,0.03168396653473643,0.00015336884065824725,6.371845553917519e-05,3.408196459072163e-05
2025-04-11,0.02152118481604739,0.03407520929207501,0.04035222153008886,0.00010520954286701015,0.029292723777397823,4.000926278041234e-05,0.03407520929207501,0.03168396653473643,0.02152118481604739,0.00013114147244690705,0.06546027048214413,0.000288214874473711,0.020026658092710762,0.0030607086027015433,5.7791157349484485e-05,0.029292723777397823,0.01942884740337611,0.06964494530748667,6.371845553917519e-05,0.01942884740337611,0.07472633616683118,0.13032273027495364,6.075480644432981e-05,3.852743823298958e-05,0.024510238262720623,0.06785151323948273,0.053802962040118474,0.017037604646037506,8.0759437834536e-05,0.02809710239872854,0.00011261866560412363,4.5195648696391725e-05,4.8900210064948444e-05,0.00011039592878298961,7.409122737113393e-05,5.556842052835045e-05,7.631396419226799e-05,0.025406954296722597,0.02152118481604739,7.335031509742261e-05,0.02241790085004936,0.00011780505152010299,5.1863859159793746e-05,0.018532131369374146,0.025108048952055283,0.018233226024706818,0.03168396653473643,0.00015336884065824725,6.371845553917519e-05,3.408196459072163e-05
2025-04-14,0.02152118481604739,0.03407520929207501,0.04035222153008886,0.00010520954286701015,0.029292723777397823,4.000926278041234e-05,0.03407520929207501,0.03168396653473643,0.02152118481604739,0.00013114147244690705,0.06546027048214413,0.000288214874473711,0.020026658092710762,0.0030607086027015433,5.7791157349484485e-05,0.029292723777397823,0.01942884740337611,0.06964494530748667,6.371845553917519e-05,0.01942884740337611,0.07472633616683118,0.13032273027495364,6.075480644432981e-05,3.852743823298958e-05,0.024510238262720623,0.06785151323948273,0.053802962040118474,0.017037604646037506,8.0759437834536e-05,0.02809710239872854,0.00011261866560412363,4.5195648696391725e-05,4.8900210064948444e-05,0.00011039592878298961,7.409122737113393e-05,5.556842052835045e-05,7.631396419226799e-05,0.025406954296722597,0.02152118481604739,7.335031509742261e-05,0.02241790085004936,0.00011780505152010299,5.1863859159793746e-05,0.018532131369374146,0.025108048952055283,0.018233226024706818,0.03168396653473643,0.00015336884065824725,6.371845553917519e-05,3.408196459072163e-05
2025-04-15,0.02152118481604739,0.03407520929207501,0.04035222153008886,0.00010520954286701015,0.029292723777397823,4.000926278041234e-05,0.03407520929207501,0.03168396653473643,0.02152118481604739,0.00013114147244690705,0.06546027048214413,0.000288214874473711,0.020026658092710762,0.0030607086027015433,5.7791157349484485e-05,0.029292723777397823,0.01942884740337611,0.06964494530748667,6.371845553917519e-05,0.01942884740337611,0.07472633616683118,0.13032273027495364,6.075480644432981e-05,3.852743823298958e-05,0.024510238262720623,0.06785151323948273,0.053802962040118474,0.017037604646037506,8.0759437834536e-05,0.02809710239872854,0.00011261866560412363,4.5195648696391725e-05,4.8900210064948444e-05,0.00011039592878298961,7.409122737113393e-05,5.556842052835045e-05,7.631396419226799e-05,0.025406954296722597,0.02152118481604739,7.335031509742261e-05,0.02241790085004936,0.00011780505152010299,5.1863859159793746e-05,0.018532131369374146,0.025108048952055283,0.018233226024706818,0.03168396653473643,0.00015336884065824725,6.371845553917519e-05,3.408196459072163e-05
2025-04-16,0.02152118481604739,0.03407520929207501,0.04035222153008886,0.00010520954286701015,0.029292723777397823,4.000926278041234e-05,0.03407520929207501,0.03168396653473643,0.02152118481604739,0.00013114147244690705,0.06546027048214413,0.000288214874473711,0.020026658092710762,0.0030607086027015433,5.7791157349484485e-05,0.029292723777397823,0.01942884740337611,0.06964494530748667,6.371845553917519e-05,0.01942884740337611,0.07472633616683118,0.13032273027495364,6.075480644432981e-05,3.852743823298958e-05,0.024510238262720623,0.06785151323948273,0.053802962040118474,0.017037604646037506,8.0759437834536e-05,0.02809710239872854,0.00011261866560412363,4.5195648696391725e-05,4.8900210064948444e-05,0.00011039592878298961,7.409122737113393e-05,5.556842052835045e-05,7.631396419226799e-05,0.025406954296722597,0.02152118481604739,7.335031509742261e-05,0.02241790085004936,0.00011780505152010299,5.1863859159793746e-05,0.018532131369374146,0.025108048952055283,0.018233226024706818,0.03168396653473643,0.00015336884065824725,6.371845553917519e-05,3.408196459072163e-05
2025-04-17,0.02152118481604739,0.03407520929207501,0.04035222153008886,0.00010520954286701015,0.029292723777397823,4.000926278041234e-05,0.03407520929207501,0.03168396653473643,0.02152118481604739,0.00013114147244690705,0.06546027048214413,0.000288214874473711,0.020026658092710762,0.0030607086027015433,5.7791157349484485e-05,0.029292723777397823,0.01942884740337611,0.06964494530748667,6.371845553917519e-05,0.01942884740337611,0.07472633616683118,0.13032273027495364,6.075480644432981e-05,3.852743823298958e-05,0.024510238262720623,0.06785151323948273,0.053802962040118474,0.017037604646037506,8.0759437834536e-05,0.02809710239872854,0.00011261866560412363,4.5195648696391725e-05,4.8900210064948444e-05,0.00011039592878298961,7.409122737113393e-05,5.556842052835045e-05,7.631396419226799e-05,0.025406954296722597,0.02152118481604739,7.335031509742261e-05,0.02241790085004936,0.00011780505152010299,5.1863859159793746e-05,0.018532131369374146,0.025108048952055283,0.018233226024706818,0.03168396653473643,0.00015336884065824725,6.371845553917519e-05,3.408196459072163e-05
2025-04-18,0.02152118481604739,0.03407520929207501,0.04035222153008886,0.00010520954286701015,0.029292723777397823,4.000926278041234e-05,0.03407520929207501,0.03168396653473643,0.02152118481604739,0.00013114147244690705,0.06546027048214413,0.000288214874473711,0.020026658092710762,0.0030607086027015433,5.7791157349484485e-05,0.029292723777397823,0.01942884740337611,0.06964494530748667,6.371845553917519e-05,0.01942884740337611,0.07472633616683118,0.13032273027495364,6.075480644432981e-05,3.852743823298958e-05,0.024510238262720623,0.06785151323948273,0.053802962040118474,0.017037604646037506,8.0759437834536e-05,0.02809710239872854,0.00011261866560412363,4.5195648696391725e-05,4.8900210064948444e-05,0.00011039592878298961,7.409122737113393e-05,5.556842052835045e-05,7.631396419226799e-05,0.025406954296722597,0.02152118481604739,7.335031509742261e-05,0.02241790085004936,0.00011780505152010299,5.1863859159793746e-05,0.018532131369374146,0.025108048952055283,0.018233226024706818,0.03168396653473643,0.00015336884065824725,6.371845553917519e-05,3.408196459072163e-05
2025-04-21,0.02152118481604739,0.03407520929207501,0.04035222153008886,0.00010520954286701015,0.029292723777397823,4.000926278041234e-05,0.03407520929207501,0.03168396653473643,0.02152118481604739,0.00013114147244690705,0.06546027048214413,0.000288214874473711,0.020026658092710762,0.0030607086027015433,5.7791157349484485e-05,0.029292723777397823,0.01942884740337611,0.06964494530748667,6.371845553917519e-05,0.01942884740337611,0.07472633616683118,0.13032273027495364,6.075480644432981e-05,3.852743823298958e-05,0.024510238262720623,0.06785151323948273,0.053802962040118474,0.017037604646037506,8.0759437834536e-05,0.02809710239872854,0.00011261866560412363,4.5195648696391725e-05,4.8900210064948444e-05,0.00011039592878298961,7.409122737113393e-05,5.556842052835045e-05,7.631396419226799e-05,0.025406954296722597,0.02152118481604739,7.335031509742261e-05,0.02241790085004936,0.00011780505152010299,5.1863859159793746e-05,0.018532131369374146,0.025108048952055283,0.018233226024706818,0.03168396653473643,0.00015336884065824725,6.371845553917519e-05,3.408196459072163e-05
2025-04-22,0.02152118481604739,0.03407520929207501,0.04035222153008886,0.00010520954286701015,0.029292723777397823,4.000926278041234e-05,0.03407520929207501,0.03168396653473643,0.02152118481604739,0.00013114147244690705,0.06546027048214413,0.000288214874473711,0.020026658092710762,0.0030607086027015433,5.7791157349484485e-05,0.029292723777397823,0.01942884740337611,0.06964494530748667,6.371845553917519e-05,0.01942884740337611,0.07472633616683118,0.13032273027495364,6.075480644432981e-05,3.852743823298958e-05,0.024510238262720623,0.06785151323948273,0.053802962040118474,0.017037604646037506,8.0759437834536e-05,0.02809710239872854,0.00011261866560412363,4.5195648696391725e-05,4.8900210064948444e-05,0.00011039592878298961,7.409122737113393e-05,5.556842052835045e-05,7.631396419226799e-05,0.025406954296722597,0.02152118481604739,7.335031509742261e-05,0.02241790085004936,0.00011780505152010299,5.1863859159793746e-05,0.018532131369374146,0.025108048952055283,0.018233226024706818,0.03168396653473643,0.00015336884065824725,6.371845553917519e-05,3.408196459072163e-05
2025-04-23,0.02152118481604739,0.03407520929207501,0.04035222153008886,0.00010520954286701015,0.029292723777397823,4.000926278041234e-05,0.03407520929207501,0.03168396653473643,0.02152118481604739,0.00013114147244690705,0.06546027048214413,0.000288214874473711,0.020026658092710762,0.0030607086027015433,5.7791157349484485e-05,0.029292723777397823,0.01942884740337611,0.06964494530748667,6.371845553917519e-05,0.01942884740337611,0.07472633616683118,0.13032273027495364,6.075480644432981e-05,3.852743823298958e-05,0.024510238262720623,0.06785151323948273,0.053802962040118474,0.017037604646037506,8.0759437834536e-05,0.02809710239872854,0.00011261866560412363,4.5195648696391725e-05,4.8900210064948444e-05,0.00011039592878298961,7.409122737113393e-05,5.556842052835045e-05,7.631396419226799e-05,0.025406954296722597,0.02152118481604739,7.335031509742261e-05,0.02241790085004936,0.00011780505152010299,5.1863859159793746e-05,0.018532131369374146,0.025108048952055283,0.018233226024706818,0.03168396653473643,0.00015336884065824725,6.371845553917519e-05,3.408196459072163e-05
2025-04-24,0.02152118481604739,0.03407520929207501,0.04035222153008886,0.00010520954286701015,0.029292723777397823,4.000926278041234e-05,0.03407520929207501,0.03168396653473643,0.02152118481604739,0.00013114147244690705,0.06546027048214413,0.000288214874473711,0.020026658092710762,0.0030607086027015433,5.7791157349484485e-05,0.029292723777397823,0.01942884740337611,0.06964494530748667,6.371845553917519e-05,0.01942884740337611,0.07472633616683118,0.13032273027495364,6.075480644432981e-05,3.852743823298958e-05,0.024510238262720623,0.06785151323948273,0.053802962040118474,0.017037604646037506,8.0759437834536e-05,0.02809710239872854,0.00011261866560412363,4.5195648696391725e-05,4.8900210064948444e-05,0.00011039592878298961,7.409122737113393e-05,5.556842052835045e-05,7.631396419226799e-05,0.025406954296722597,0.02152118481604739,7.335031509742261e-05,0.02241790085004936,0.00011780505152010299,5.1863859159793746e-05,0.018532131369374146,0.025108048952055283,0.018233226024706818,0.03168396653473643,0.00015336884065824725,6.371845553917519e-05,3.408196459072163e-05
2025-04-25,0.02152118481604739,0.03407520929207501,0.04035222153008886,0.00010520954286701015,0.029292723777397823,4.000926278041234e-05,0.03407520929207501,0.03168396653473643,0.02152118481604739,0.00013114147244690705,0.06546027048214413,0.000288214874473711,0.020026658092710762,0.0030607086027015433,5.7791157349484485e-05,0.029292723777397823,0.01942884740337611,0.06964494530748667,6.371845553917519e-05,0.01942884740337611,0.07472633616683118,0.13032273027495364,6.075480644432981e-05,3.852743823298958e-05,0.024510238262720623,0.06785151323948273,0.053802962040118474,0.017037604646037506,8.0759437834536e-05,0.02809710239872854,0.00011261866560412363,4.5195648696391725e-05,4.8900210064948444e-05,0.00011039592878298961,7.409122737113393e-05,5.556842052835045e-05,7.631396419226799e-05,0.025406954296722597,0.02152118481604739,7.335031509742261e-05,0.02241790085004936,0.00011780505152010299,5.1863859159793746e-05,0.018532131369374146,0.025108048952055283,0.018233226024706818,0.03168396653473643,0.00015336884065824725,6.371845553917519e-05,3.408196459072163e-05
2025-04-28,0.02152118481604739,0.03407520929207501,0.04035222153008886,0.00010520954286701015,0.029292723777397823,4.000926278041234e-05,0.03407520929207501,0.03168396653473643,0.02152118481604739,0.00013114147244690705,0.06546027048214413,0.000288214874473711,0.020026658092710762,0.0030607086027015433,5.7791157349484485e-05,0.029292723777397823,0.01942884740337611,0.06964494530748667,6.371845553917519e-05,0.01942884740337611,0.07472633616683118,0.13032273027495364,6.075480644432981e-05,3.852743823298958e-05,0.024510238262720623,0.06785151323948273,0.053802962040118474,0.017037604646037506,8.0759437834536e-05,0.02809710239872854,0.00011261866560412363,4.5195648696391725e-05,4.8900210064948444e-05,0.00011039592878298961,7.409122737113393e-05,5.556842052835045e-05,7.631396419226799e-05,0.025406954296722597,0.02152118481604739,7.335031509742261e-05,0.02241790085004936,0.00011780505152010299,5.1863859159793746e-05,0.018532131369374146,0.025108048952055283,0.018233226024706818,0.03168396653473643,0.00015336884065824725,6.371845553917519e-05,3.408196459072163e-05
2025-04-29,0.02152118481604739,0.03407520929207501,0.04035222153008886,0.00010520954286701015,0.029292723777397823,4.000926278041234e-05,0.03407520929207501,0.03168396653473643,0.02152118481604739,0.00013114147244690705,0.06546027048214413,0.000288214874473711,0.020026658092710762,0.0030607086027015433,5.7791157349484485e-05,0.029292723777397823,0.01942884740337611,0.06964494530748667,6.371845553917519e-05,0.01942884740337611,0.07472633616683118,0.13032273027495364,6.075480644432981e-05,3.852743823298958e-05,0.024510238262720623,0.06785151323948273,0.053802962040118474,0.017037604646037506,8.0759437834536e-05,0.02809710239872854,0.00011261866560412363,4.5195648696391725e-05,4.8900210064948444e-05,0.00011039592878298961,7.409122737113393e-05,5.556842052835045e-05,7.631396419226799e-05,0.025406954296722597,0.02152118481604739,7.335031509742261e-05,0.02241790085004936,0.00011780505152010299,5.1863859159793746e-05,0.018532131369374146,0.025108048952055283,0.018233226024706818,0.03168396653473643,0.00015336884065824725,6.371845553917519e-05,3.408196459072163e-05
2025-04-30,0.02152118481604739,0.03407520929207501,0.04035222153008886,0.00010520954286701015,0.029292723777397823,4.000926278041234e-05,0.03407520929207501,0.03168396653473643,0.02152118481604739,0.00013114147244690705,0.06546027048214413,0.000288214874473711,0.020026658092710762,0.0030607086027015433,5.7791157349484485e-05,0.029292723777397823,0.01942884740337611,0.06964494530748667,6.371845553917519e-05,0.01942884740337611,0.07472633616683118,0.13032273027495364,6.075480644432981e-05,3.852743823298958e-05,0.024510238262720623,0.06785151323948273,0.053802962040118474,0.017037604646037506,8.0759437834536e-05,0.02809710239872854,0.00011261866560412363,4.5195648696391725e-05,4.8900210064948444e-05,0.00011039592878298961,7.409122737113393e-05,5.556842052835045e-05,7.631396419226799e-05,0.025406954296722597,0.02152118481604739,7.335031509742261e-05,0.02241790085004936,0.00011780505152010299,5.1863859159793746e-05,0.018532131369374146,0.025108048952055283,0.018233226024706818,0.03168396653473643,0.00015336884065824725,6.371845553917519e-05,3.408196459072163e-05
2025-05-02,0.02152118481604739,0.03407520929207501,0.04035222153008886,0.00010520954286701015,0.029292723777397823,4.000926278041234e-05,0.03407520929207501,0.03168396653473643,0.02152118481604739,0.00013114147244690705,0.06546027048214413,0.000288214874473711,0.020026658092710762,0.0030607086027015433,5.7791157349484485e-05,0.029292723777397823,0.01942884740337611,0.06964494530748667,6.371845553917519e-05,0.01942884740337611,0.07472633616683118,0.13032273027495364,6.075480644432981e-05,3.852743823298958e-05,0.024510238262720623,0.06785151323948273,0.053802962040118474,0.017037604646037506,8.0759437834536e-05,0.02809710239872854,0.00011261866560412363,4.5195648696391725e-05,4.8900210064948444e-05,0.00011039592878298961,7.409122737113393e-05,5.556842052835045e-05,7.631396419226799e-05,0.025406954296722597,0.02152118481604739,7.335031509742261e-05,0.02241790085004936,0.00011780505152010299,5.1863859159793746e-05,0.018532131369374146,0.025108048952055283,0.018233226024706818,0.03168396653473643,0.00015336884065824725,6.371845553917519e-05,3.408196459072163e-05
2025-05-05,0.02152118481604739,0.03407520929207501,0.04035222153008886,0.00010520954286701015,0.029292723777397823,4.000926278041234e-05,0.03407520929207501,0.03168396653473643,0.02152118481604739,0.00013114147244690705,0.06546027048214413,0.000288214874473711,0.020026658092710762,0.0030607086027015433,5.7791157349484485e-05,0.029292723777397823,0.01942884740337611,0.06964494530748667,6.371845553917519e-05,0.01942884740337611,0.07472633616683118,0.13032273027495364,6.075480644432981e-05,3.852743823298958e-05,0.024510238262720623,0.06785151323948273,0.053802962040118474,0.017037604646037506,8.0759437834536e-05,0.02809710239872854,0.00011261866560412363,4.5195648696391725e-05,4.8900210064948444e-05,0.00011039592878298961,7.409122737113393e-05,5.556842052835045e-05,7.631396419226799e-05,0.025406954296722597,0.02152118481604739,7.335031509742261e-05,0.02241790085004936,0.00011780505152010299,5.1863859159793746e-05,0.018532131369374146,0.025108048952055283,0.018233226024706818,0.03168396653473643,0.00015336884065824725,6.371845553917519e-05,3.408196459072163e-05
2025-05-06,0.02152118481604739,0.03407520929207501,0.04035222153008886,0.00010520954286701015,0.029292723777397823,4.000926278041234e-05,0.03407520929207501,0.03168396653473643,0.02152118481604739,0.00013114147244690705,0.06546027048214413,0.000288214874473711,0.020026658092710762,0.0030607086027015433,5.7791157349484485e-05,0.029292723777397823,0.01942884740337611,0.06964494530748667,6.371845553917519e-05,0.01942884740337611,0.07472633616683118,0.13032273027495364,6.075480644432981e-05,3.852743823298958e-05,0.024510238262720623,0.06785151323948273,0.053802962040118474,0.017037604646037506,8.0759437834536e-05,0.02809710239872854,0.00011261866560412363,4.5195648696391725e-05,4.8900210064948444e-05,0.00011039592878298961,7.409122737113393e-05,5.556842052835045e-05,7.631396419226799e-05,0.025406954296722597,0.02152118481604739,7.335031509742261e-05,0.02241790085004936,0.00011780505152010299,5.1863859159793746e-05,0.018532131369374146,0.025108048952055283,0.018233226024706818,0.03168396653473643,0.00015336884065824725,6.371845553917519e-05,3.408196459072163e-05
2025-05-07,0.02152118481604739,0.03407520929207501,0.04035222153008886,0.00010520954286701015,0.029292723777397823,4.000926278041234e-05,0.03407520929207501,0.03168396653473643,0.02152118481604739,0.00013114147244690705,0.06546027048214413,0.000288214874473711,0.020026658092710762,0.0030607086027015433,5.7791157349484485e-05,0.029292723777397823,0.01942884740337611,0.06964494530748667,6.371845553917519e-05,0.01942884740337611,0.07472633616683118,0.13032273027495364,6.075480644432981e-05,3.852743823298958e-05,0.024510238262720623,0.06785151323948273,0.053802962040118474,0.017037604646037506,8.0759437834536e-05,0.02809710239872854,0.00011261866560412363,4.5195648696391725e-05,4.8900210064948444e-05,0.00011039592878298961,7.409122737113393e-05,5.556842052835045e-05,7.631396419226799e-05,0.025406954296722597,0.02152118481604739,7.335031509742261e-05,0.02241790085004936,0.00011780505152010299,5.1863859159793746e-05,0.018532131369374146,0.025108048952055283,0.018233226024706818,0.03168396653473643,0.00015336884065824725,6.371845553917519e-05,3.408196459072163e-05
2025-05-08,0.02152118481604739,0.03407520929207501,0.04035222153008886,0.00010520954286701015,0.029292723777397823,4.000926278041234e-05,0.03407520929207501,0.03168396653473643,0.02152118481604739,0.00013114147244690705,0.06546027048214413,0.000288214874473711,0.020026658092710762,0.0030607086027015433,5.7791157349484485e-05,0.029292723777397823,0.01942884740337611,0.06964494530748667,6.371845553917519e-05,0.01942884740337611,0.07472633616683118,0.13032273027495364,6.075480644432981e-05,3.852743823298958e-05,0.024510238262720623,0.06785151323948273,0.053802962040118474,0.017037604646037506,8.0759437834536e-05,0.02809710239872854,0.00011261866560412363,4.5195648696391725e-05,4.8900210064948444e-05,0.00011039592878298961,7.409122737113393e-05,5.556842052835045e-05,7.631396419226799e-05,0.025406954296722597,0.02152118481604739,7.335031509742261e-05,0.02241790085004936,0.00011780505152010299,5.1863859159793746e-05,0.018532131369374146,0.025108048952055283,0.018233226024706818,0.03168396653473643,0.00015336884065824725,6.371845553917519e-05,3.408196459072163e-05
2025-05-09,0.02152118481604739,0.03407520929207501,0.04035222153008886,0.00010520954286701015,0.029292723777397823,4.000926278041234e-05,0.03407520929207501,0.03168396653473643,0.02152118481604739,0.00013114147244690705,0.06546027048214413,0.000288214874473711,0.020026658092710762,0.0030607086027015433,5.7791157349484485e-05,0.029292723777397823,0.01942884740337611,0.06964494530748667,6.371845553917519e-05,0.01942884740337611,0.07472633616683118,0.13032273027495364,6.075480644432981e-05,3.852743823298958e-05,0.024510238262720623,0.06785151323948273,0.053802962040118474,0.017037604646037506,8.0759437834536e-05,0.02809710239872854,0.00011261866560412363,4.5195648696391725e-05,4.8900210064948444e-05,0.00011039592878298961,7.409122737113393e-05,5.556842052835045e-05,7.631396419226799e-05,0.025406954296722597,0.02152118481604739,7.335031509742261e-05,0.02241790085004936,0.00011780505152010299,5.1863859159793746e-05,0.018532131369374146,0.025108048952055283,0.018233226024706818,0.03168396653473643,0.00015336884065824725,6.371845553917519e-05,3.408196459072163e-05
2025-05-12,0.02152118481604739,0.03407520929207501,0.04035222153008886,0.00010520954286701015,0.029292723777397823,4.000926278041234e-05,0.03407520929207501,0.03168396653473643,0.02152118481604739,0.00013114147244690705,0.06546027048214413,0.000288214874473711,0.020026658092710762,0.0030607086027015433,5.7791157349484485e-05,0.029292723777397823,0.01942884740337611,0.06964494530748667,6.371845553917519e-05,0.01942884740337611,0.07472633616683118,0.13032273027495364,6.075480644432981e-05,3.852743823298958e-05,0.024510238262720623,0.06785151323948273,0.053802962040118474,0.017037604646037506,8.0759437834536e-05,0.02809710239872854,0.00011261866560412363,4.5195648696391725e-05,4.8900210064948444e-05,0.00011039592878298961,7.409122737113393e-05,5.556842052835045e-05,7.631396419226799e-05,0.025406954296722597,0.02152118481604739,7.335031509742261e-05,0.02241790085004936,0.00011780505152010299,5.1863859159793746e-05,0.018532131369374146,0.025108048952055283,0.018233226024706818,0.03168396653473643,0.00015336884065824725,6.371845553917519e-05,3.408196459072163e-05
2025-05-13,0.02152118481604739,0.03407520929207501,0.04035222153008886,0.00010520954286701015,0.029292723777397823,4.000926278041234e-05,0.03407520929207501,0.03168396653473643,0.02152118481604739,0.00013114147244690705,0.06546027048214413,0.000288214874473711,0.020026658092710762,0.0030607086027015433,5.7791157349484485e-05,0.029292723777397823,0.01942884740337611,0.06964494530748667,6.371845553917519e-05,0.01942884740337611,0.07472633616683118,0.13032273027495364,6.075480644432981e-05,3.852743823298958e-05,0.024510238262720623,0.06785151323948273,0.053802962040118474,0.017037604646037506,8.0759437834536e-05,0.02809710239872854,0.00011261866560412363,4.5195648696391725e-05,4.8900210064948444e-05,0.00011039592878298961,7.409122737113393e-05,5.556842052835045e-05,7.631396419226799e-05,0.025406954296722597,0.02152118481604739,7.335031509742261e-05,0.02241790085004936,0.00011780505152010299,5.1863859159793746e-05,0.018532131369374146,0.025108048952055283,0.018233226024706818,0.03168396653473643,0.00015336884065824725,6.371845553917519e-05,3.408196459072163e-05
2025-05-14,0.02152118481604739,0.03407520929207501,0.04035222153008886,0.00010520954286701015,0.029292723777397823,4.000926278041234e-05,0.03407520929207501,0.03168396653473643,0.02152118481604739,0.00013114147244690705,0.06546027048214413,0.000288214874473711,0.020026658092710762,0.0030607086027015433,5.7791157349484485e-05,0.029292723777397823,0.01942884740337611,0.06964494530748667,6.371845553917519e-05,0.01942884740337611,0.07472633616683118,0.13032273027495364,6.075480644432981e-05,3.852743823298958e-05,0.024510238262720623,0.06785151323948273,0.053802962040118474,0.017037604646037506,8.0759437834536e-05,0.02809710239872854,0.00011261866560412363,4.5195648696391725e-05,4.8900210064948444e-05,0.00011039592878298961,7.409122737113393e-05,5.556842052835045e-05,7.631396419226799e-05,0.025406954296722597,0.02152118481604739,7.335031509742261e-05,0.02241790085004936,0.00011780505152010299,5.1863859159793746e-05,0.018532131369374146,0.025108048952055283,0.018233226024706818,0.03168396653473643,0.00015336884065824725,6.371845553917519e-05,3.408196459072163e-05
2025-05-15,0.02152118481604739,0.03407520929207501,0.04035222153008886,0.00010520954286701015,0.029292723777397823,4.000926278041234e-05,0.03407520929207501,0.03168396653473643,0.02152118481604739,0.00013114147244690705,0.06546027048214413,0.000288214874473711,0.020026658092710762,0.0030607086027015433,5.7791157349484485e-05,0.029292723777397823,0.01942884740337611,0.06964494530748667,6.371845553917519e-05,0.01942884740337611,0.07472633616683118,0.13032273027495364,6.075480644432981e-05,3.852743823298958e-05,0.024510238262720623,0.06785151323948273,0.053802962040118474,0.017037604646037506,8.0759437834536e-05,0.02809710239872854,0.00011261866560412363,4.5195648696391725e-05,4.8900210064948444e-05,0.00011039592878298961,7.409122737113393e-05,5.556842052835045e-05,7.631396419226799e-05,0.025406954296722597,0.02152118481604739,7.335031509742261e-05,0.02241790085004936,0.00011780505152010299,5.1863859159793746e-05,0.018532131369374146,0.025108048952055283,0.018233226024706818,0.03168396653473643,0.00015336884065824725,6.371845553917519e-05,3.408196459072163e-05
2025-05-16,0.02152118481604739,0.03407520929207501,0.04035222153008886,0.00010520954286701015,0.029292723777397823,4.000926278041234e-05,0.03407520929207501,0.03168396653473643,0.02152118481604739,0.00013114147244690705,0.06546027048214413,0.000288214874473711,0.020026658092710762,0.0030607086027015433,5.7791157349484485e-05,0.029292723777397823,0.01942884740337611,0.06964494530748667,6.371845553917519e-05,0.01942884740337611,0.07472633616683118,0.13032273027495364,6.075480644432981e-05,3.852743823298958e-05,0.024510238262720623,0.06785151323948273,0.053802962040118474,0.017037604646037506,8.0759437834536e-05,0.02809710239872854,0.00011261866560412363,4.5195648696391725e-05,4.8900210064948444e-05,0.00011039592878298961,7.409122737113393e-05,5.556842052835045e-05,7.631396419226799e-05,0.025406954296722597,0.02152118481604739,7.335031509742261e-05,0.02241790085004936,0.00011780505152010299,5.1863859159793746e-05,0.018532131369374146,0.025108048952055283,0.018233226024706818,0.03168396653473643,0.00015336884065824725,6.371845553917519e-05,3.408196459072163e-05
2025-05-19,0.02152118481604739,0.03407520929207501,0.04035222153008886,0.00010520954286701015,0.029292723777397823,4.000926278041234e-05,0.03407520929207501,0.03168396653473643,0.02152118481604739,0.00013114147244690705,0.06546027048214413,0.000288214874473711,0.020026658092710762,0.0030607086027015433,5.7791157349484485e-05,0.029292723777397823,0.01942884740337611,0.06964494530748667,6.371845553917519e-05,0.01942884740337611,0.07472633616683118,0.13032273027495364,6.075480644432981e-05,3.852743823298958e-05,0.024510238262720623,0.06785151323948273,0.053802962040118474,0.017037604646037506,8.0759437834536e-05,0.02809710239872854,0.00011261866560412363,4.5195648696391725e-05,4.8900210064948444e-05,0.00011039592878298961,7.409122737113393e-05,5.556842052835045e-05,7.631396419226799e-05,0.025406954296722597,0.02152118481604739,7.335031509742261e-05,0.02241790085004936,0.00011780505152010299,5.1863859159793746e-05,0.018532131369374146,0.025108048952055283,0.018233226024706818,0.03168396653473643,0.00015336884065824725,6.371845553917519e-05,3.408196459072163e-05
2025-05-20,0.02152118481604739,0.03407520929207501,0.04035222153008886,0.00010520954286701015,0.029292723777397823,4.000926278041234e-05,0.03407520929207501,0.03168396653473643,0.02152118481604739,0.00013114147244690705,0.06546027048214413,0.000288214874473711,0.020026658092710762,0.0030607086027015433,5.7791157349484485e-05,0.029292723777397823,0.01942884740337611,0.06964494530748667,6.371845553917519e-05,0.01942884740337611,0.07472633616683118,0.13032273027495364,6.075480644432981e-05,3.852743823298958e-05,0.024510238262720623,0.06785151323948273,0.053802962040118474,0.017037604646037506,8.0759437834536e-05,0.02809710239872854,0.00011261866560412363,4.5195648696391725e-05,4.8900210064948444e-05,0.00011039592878298961,7.409122737113393e-05,5.556842052835045e-05,7.631396419226799e-05,0.025406954296722597,0.02152118481604739,7.335031509742261e-05,0.02241790085004936,0.00011780505152010299,5.1863859159793746e-05,0.018532131369374146,0.025108048952055283,0.018233226024706818,0.03168396653473643,0.00015336884065824725,6.371845553917519e-05,3.408196459072163e-05
2025-05-21,0.02152118481604739,0.03407520929207501,0.04035222153008886,0.00010520954286701015,0.029292723777397823,4.000926278041234e-05,0.03407520929207501,0.03168396653473643,0.02152118481604739,0.00013114147244690705,0.06546027048214413,0.000288214874473711,0.020026658092710762,0.0030607086027015433,5.7791157349484485e-05,0.029292723777397823,0.01942884740337611,0.06964494530748667,6.371845553917519e-05,0.01942884740337611,0.07472633616683118,0.13032273027495364,6.075480644432981e-05,3.852743823298958e-05,0.024510238262720623,0.06785151323948273,0.053802962040118474,0.017037604646037506,8.0759437834536e-05,0.02809710239872854,0.00011261866560412363,4.5195648696391725e-05,4.8900210064948444e-05,0.00011039592878298961,7.409122737113393e-05,5.556842052835045e-05,7.631396419226799e-05,0.025406954296722597,0.02152118481604739,7.335031509742261e-05,0.02241790085004936,0.00011780505152010299,5.1863859159793746e-05,0.018532131369374146,0.025108048952055283,0.018233226024706818,0.03168396653473643,0.00015336884065824725,6.371845553917519e-05,3.408196459072163e-05
2025-05-22,0.02152118481604739,0.03407520929207501,0.04035222153008886,0.00010520954286701015,0.029292723777397823,4.000926278041234e-05,0.03407520929207501,0.03168396653473643,0.02152118481604739,0.00013114147244690705,0.06546027048214413,0.000288214874473711,0.020026658092710762,0.0030607086027015433,5.7791157349484485e-05,0.029292723777397823,0.01942884740337611,0.06964494530748667,6.371845553917519e-05,0.01942884740337611,0.07472633616683118,0.13032273027495364,6.075480644432981e-05,3.852743823298958e-05,0.024510238262720623,0.06785151323948273,0.053802962040118474,0.017037604646037506,8.0759437834536e-05,0.02809710239872854,0.00011261866560412363,4.5195648696391725e-05,4.8900210064948444e-05,0.00011039592878298961,7.409122737113393e-05,5.556842052835045e-05,7.631396419226799e-05,0.025406954296722597,0.02152118481604739,7.335031509742261e-05,0.02241790085004936,0.00011780505152010299,5.1863859159793746e-05,0.018532131369374146,0.025108048952055283,0.018233226024706818,0.03168396653473643,0.00015336884065824725,6.371845553917519e-05,3.408196459072163e-05
2025-05-23,0.02152118481604739,0.03407520929207501,0.04035222153008886,0.00010520954286701015,0.029292723777397823,4.000926278041234e-05,0.03407520929207501,0.03168396653473643,0.02152118481604739,0.00013114147244690705,0.06546027048214413,0.000288214874473711,0.020026658092710762,0.0030607086027015433,5.7791157349484485e-05,0.029292723777397823,0.01942884740337611,0.06964494530748667,6.371845553917519e-05,0.01942884740337611,0.07472633616683118,0.13032273027495364,6.075480644432981e-05,3.852743823298958e-05,0.024510238262720623,0.06785151323948273,0.053802962040118474,0.017037604646037506,8.0759437834536e-05,0.02809710239872854,0.00011261866560412363,4.5195648696391725e-05,4.8900210064948444e-05,0.00011039592878298961,7.409122737113393e-05,5.556842052835045e-05,7.631396419226799e-05,0.025406954296722597,0.02152118481604739,7.335031509742261e-05,0.02241790085004936,0.00011780505152010299,5.1863859159793746e-05,0.018532131369374146,0.025108048952055283,0.018233226024706818,0.03168396653473643,0.00015336884065824725,6.371845553917519e-05,3.408196459072163e-05
2025-05-26,0.02152118481604739,0.03407520929207501,0.04035222153008886,0.00010520954286701015,0.029292723777397823,4.000926278041234e-05,0.03407520929207501,0.03168396653473643,0.02152118481604739,0.00013114147244690705,0.06546027048214413,0.000288214874473711,0.020026658092710762,0.0030607086027015433,5.7791157349484485e-05,0.029292723777397823,0.01942884740337611,0.06964494530748667,6.371845553917519e-05,0.01942884740337611,0.07472633616683118,0.13032273027495364,6.075480644432981e-05,3.852743823298958e-05,0.024510238262720623,0.06785151323948273,0.053802962040118474,0.017037604646037506,8.0759437834536e-05,0.02809710239872854,0.00011261866560412363,4.5195648696391725e-05,4.8900210064948444e-05,0.00011039592878298961,7.409122737113393e-05,5.556842052835045e-05,7.631396419226799e-05,0.025406954296722597,0.02152118481604739,7.335031509742261e-05,0.02241790085004936,0.00011780505152010299,5.1863859159793746e-05,0.018532131369374146,0.025108048952055283,0.018233226024706818,0.03168396653473643,0.00015336884065824725,6.371845553917519e-05,3.408196459072163e-05
2025-05-27,0.02152118481604739,0.03407520929207501,0.04035222153008886,0.00010520954286701015,0.029292723777397823,4.000926278041234e-05,0.03407520929207501,0.03168396653473643,0.02152118481604739,0.00013114147244690705,0.06546027048214413,0.000288214874473711,0.020026658092710762,0.0030607086027015433,5.7791157349484485e-05,0.029292723777397823,0.01942884740337611,0.06964494530748667,6.371845553917519e-05,0.01942884740337611,0.07472633616683118,0.13032273027495364,6.075480644432981e-05,3.852743823298958e-05,0.024510238262720623,0.06785151323948273,0.053802962040118474,0.017037604646037506,8.0759437834536e-05,0.02809710239872854,0.00011261866560412363,4.5195648696391725e-05,4.8900210064948444e-05,0.00011039592878298961,7.409122737113393e-05,5.556842052835045e-05,7.631396419226799e-05,0.025406954296722597,0.02152118481604739,7.335031509742261e-05,0.02241790085004936,0.00011780505152010299,5.1863859159793746e-05,0.018532131369374146,0.025108048952055283,0.018233226024706818,0.03168396653473643,0.00015336884065824725,6.371845553917519e-05,3.408196459072163e-05
2025-05-28,0.02152118481604739,0.03407520929207501,0.04035222153008886,0.00010520954286701015,0.029292723777397823,4.000926278041234e-05,0.03407520929207501,0.03168396653473643,0.02152118481604739,0.00013114147244690705,0.06546027048214413,0.000288214874473711,0.020026658092710762,0.0030607086027015433,5.7791157349484485e-05,0.029292723777397823,0.01942884740337611,0.06964494530748667,6.371845553917519e-05,0.01942884740337611,0.07472633616683118,0.13032273027495364,6.075480644432981e-05,3.852743823298958e-05,0.024510238262720623,0.06785151323948273,0.053802962040118474,0.017037604646037506,8.0759437834536e-05,0.02809710239872854,0.00011261866560412363,4.5195648696391725e-05,4.8900210064948444e-05,0.00011039592878298961,7.409122737113393e-05,5.556842052835045e-05,7.631396419226799e-05,0.025406954296722597,0.02152118481604739,7.335031509742261e-05,0.02241790085004936,0.00011780505152010299,5.1863859159793746e-05,0.018532131369374146,0.025108048952055283,0.018233226024706818,0.03168396653473643,0.00015336884065824725,6.371845553917519e-05,3.408196459072163e-05
2025-05-29,0.02152118481604739,0.03407520929207501,0.04035222153008886,0.00010520954286701015,0.029292723777397823,4.000926278041234e-05,0.03407520929207501,0.03168396653473643,0.02152118481604739,0.00013114147244690705,0.06546027048214413,0.000288214874473711,0.020026658092710762,0.0030607086027015433,5.7791157349484485e-05,0.029292723777397823,0.01942884740337611,0.06964494530748667,6.371845553917519e-05,0.01942884740337611,0.07472633616683118,0.13032273027495364,6.075480644432981e-05,3.852743823298958e-05,0.024510238262720623,0.06785151323948273,0.053802962040118474,0.017037604646037506,8.0759437834536e-05,0.02809710239872854,0.00011261866560412363,4.5195648696391725e-05,4.8900210064948444e-05,0.00011039592878298961,7.409122737113393e-05,5.556842052835045e-05,7.631396419226799e-05,0.025406954296722597,0.02152118481604739,7.335031509742261e-05,0.02241790085004936,0.00011780505152010299,5.1863859159793746e-05,0.018532131369374146,0.025108048952055283,0.018233226024706818,0.03168396653473643,0.00015336884065824725,6.371845553917519e-05,3.408196459072163e-05
2025-06-02,0.02152118481604739,0.03407520929207501,0.04035222153008886,0.00010520954286701015,0.029292723777397823,4.000926278041234e-05,0.03407520929207501,0.03168396653473643,0.02152118481604739,0.00013114147244690705,0.06546027048214413,0.000288214874473711,0.020026658092710762,0.0030607086027015433,5.7791157349484485e-05,0.029292723777397823,0.01942884740337611,0.06964494530748667,6.371845553917519e-05,0.01942884740337611,0.07472633616683118,0.13032273027495364,6.075480644432981e-05,3.852743823298958e-05,0.024510238262720623,0.06785151323948273,0.053802962040118474,0.017037604646037506,8.0759437834536e-05,0.02809710239872854,0.00011261866560412363,4.5195648696391725e-05,4.8900210064948444e-05,0.00011039592878298961,7.409122737113393e-05,5.556842052835045e-05,7.631396419226799e-05,0.025406954296722597,0.02152118481604739,7.335031509742261e-05,0.02241790085004936,0.00011780505152010299,5.1863859159793746e-05,0.018532131369374146,0.025108048952055283,0.018233226024706818,0.03168396653473643,0.00015336884065824725,6.371845553917519e-05,3.408196459072163e-05
2025-06-03,0.02152118481604739,0.03407520929207501,0.04035222153008886,0.00010520954286701015,0.029292723777397823,4.000926278041234e-05,0.03407520929207501,0.03168396653473643,0.02152118481604739,0.00013114147244690705,0.06546027048214413,0.000288214874473711,0.020026658092710762,0.0030607086027015433,5.7791157349484485e-05,0.029292723777397823,0.01942884740337611,0.06964494530748667,6.371845553917519e-05,0.01942884740337611,0.07472633616683118,0.13032273027495364,6.075480644432981e-05,3.852743823298958e-05,0.024510238262720623,0.06785151323948273,0.053802962040118474,0.017037604646037506,8.0759437834536e-05,0.02809710239872854,0.00011261866560412363,4.5195648696391725e-05,4.8900210064948444e-05,0.00011039592878298961,7.409122737113393e-05,5.556842052835045e-05,7.631396419226799e-05,0.025406954296722597,0.02152118481604739,7.335031509742261e-05,0.02241790085004936,0.00011780505152010299,5.1863859159793746e-05,0.018532131369374146,0.025108048952055283,0.018233226024706818,0.03168396653473643,0.00015336884065824725,6.371845553917519e-05,3.408196459072163e-05
2025-06-04,0.02152118481604739,0.03407520929207501,0.04035222153008886,0.00010520954286701015,0.029292723777397823,4.000926278041234e-05,0.03407520929207501,0.03168396653473643,0.02152118481604739,0.00013114147244690705,0.06546027048214413,0.000288214874473711,0.020026658092710762,0.0030607086027015433,5.7791157349484485e-05,0.029292723777397823,0.01942884740337611,0.06964494530748667,6.371845553917519e-05,0.01942884740337611,0.07472633616683118,0.13032273027495364,6.075480644432981e-05,3.852743823298958e-05,0.024510238262720623,0.06785151323948273,0.053802962040118474,0.017037604646037506,8.0759437834536e-05,0.02809710239872854,0.00011261866560412363,4.5195648696391725e-05,4.8900210064948444e-05,0.00011039592878298961,7.409122737113393e-05,5.556842052835045e-05,7.631396419226799e-05,0.025406954296722597,0.02152118481604739,7.335031509742261e-05,0.02241790085004936,0.00011780505152010299,5.1863859159793746e-05,0.018532131369374146,0.025108048952055283,0.018233226024706818,0.03168396653473643,0.00015336884065824725,6.371845553917519e-05,3.408196459072163e-05
2025-06-05,0.02152118481604739,0.03407520929207501,0.04035222153008886,0.00010520954286701015,0.029292723777397823,4.000926278041234e-05,0.03407520929207501,0.03168396653473643,0.02152118481604739,0.00013114147244690705,0.06546027048214413,0.000288214874473711,0.020026658092710762,0.0030607086027015433,5.7791157349484485e-05,0.029292723777397823,0.01942884740337611,0.06964494530748667,6.371845553917519e-05,0.01942884740337611,0.07472633616683118,0.13032273027495364,6.075480644432981e-05,3.852743823298958e-05,0.024510238262720623,0.06785151323948273,0.053802962040118474,0.017037604646037506,8.0759437834536e-05,0.02809710239872854,0.00011261866560412363,4.5195648696391725e-05,4.8900210064948444e-05,0.00011039592878298961,7.409122737113393e-05,5.556842052835045e-05,7.631396419226799e-05,0.025406954296722597,0.02152118481604739,7.335031509742261e-05,0.02241790085004936,0.00011780505152010299,5.1863859159793746e-05,0.018532131369374146,0.025108048952055283,0.018233226024706818,0.03168396653473643,0.00015336884065824725,6.371845553917519e-05,3.408196459072163e-05
2025-06-06,0.02152118481604739,0.03407520929207501,0.04035222153008886,0.00010520954286701015,0.029292723777397823,4.000926278041234e-05,0.03407520929207501,0.03168396653473643,0.02152118481604739,0.00013114147244690705,0.06546027048214413,0.000288214874473711,0.020026658092710762,0.0030607086027015433,5.7791157349484485e-05,0.029292723777397823,0.01942884740337611,0.06964494530748667,6.371845553917519e-05,0.01942884740337611,0.07472633616683118,0.13032273027495364,6.075480644432981e-05,3.852743823298958e-05,0.024510238262720623,0.06785151323948273,0.053802962040118474,0.017037604646037506,8.0759437834536e-05,0.02809710239872854,0.00011261866560412363,4.5195648696391725e-05,4.8900210064948444e-05,0.00011039592878298961,7.409122737113393e-05,5.556842052835045e-05,7.631396419226799e-05,0.025406954296722597,0.02152118481604739,7.335031509742261e-05,0.02241790085004936,0.00011780505152010299,5.1863859159793746e-05,0.018532131369374146,0.025108048952055283,0.018233226024706818,0.03168396653473643,0.00015336884065824725,6.371845553917519e-05,3.408196459072163e-05
2025-06-09,0.02152118481604739,0.03407520929207501,0.04035222153008886,0.00010520954286701015,0.029292723777397823,4.000926278041234e-05,0.03407520929207501,0.03168396653473643,0.02152118481604739,0.00013114147244690705,0.06546027048214413,0.000288214874473711,0.020026658092710762,0.0030607086027015433,5.7791157349484485e-05,0.029292723777397823,0.01942884740337611,0.06964494530748667,6.371845553917519e-05,0.01942884740337611,0.07472633616683118,0.13032273027495364,6.075480644432981e-05,3.852743823298958e-05,0.024510238262720623,0.06785151323948273,0.053802962040118474,0.017037604646037506,8.0759437834536e-05,0.02809710239872854,0.00011261866560412363,4.5195648696391725e-05,4.8900210064948444e-05,0.00011039592878298961,7.409122737113393e-05,5.556842052835045e-05,7.631396419226799e-05,0.025406954296722597,0.02152118481604739,7.335031509742261e-05,0.02241790085004936,0.00011780505152010299,5.1863859159793746e-05,0.018532131369374146,0.025108048952055283,0.018233226024706818,0.03168396653473643,0.00015336884065824725,6.371845553917519e-05,3.408196459072163e-05
2025-06-10,0.02152118481604739,0.03407520929207501,0.04035222153008886,0.00010520954286701015,0.029292723777397823,4.000926278041234e-05,0.03407520929207501,0.03168396653473643,0.02152118481604739,0.00013114147244690705,0.06546027048214413,0.000288214874473711,0.020026658092710762,0.0030607086027015433,5.7791157349484485e-05,0.029292723777397823,0.01942884740337611,0.06964494530748667,6.371845553917519e-05,0.01942884740337611,0.07472633616683118,0.13032273027495364,6.075480644432981e-05,3.852743823298958e-05,0.024510238262720623,0.06785151323948273,0.053802962040118474,0.017037604646037506,8.0759437834536e-05,0.02809710239872854,0.00011261866560412363,4.5195648696391725e-05,4.8900210064948444e-05,0.00011039592878298961,7.409122737113393e-05,5.556842052835045e-05,7.631396419226799e-05,0.025406954296722597,0.02152118481604739,7.335031509742261e-05,0.02241790085004936,0.00011780505152010299,5.1863859159793746e-05,0.018532131369374146,0.025108048952055283,0.018233226024706818,0.03168396653473643,0.00015336884065824725,6.371845553917519e-05,3.408196459072163e-05
2025-06-11,0.02152118481604739,0.03407520929207501,0.04035222153008886,0.00010520954286701015,0.029292723777397823,4.000926278041234e-05,0.03407520929207501,0.03168396653473643,0.02152118481604739,0.00013114147244690705,0.06546027048214413,0.000288214874473711,0.020026658092710762,0.0030607086027015433,5.7791157349484485e-05,0.029292723777397823,0.01942884740337611,0.06964494530748667,6.371845553917519e-05,0.01942884740337611,0.07472633616683118,0.13032273027495364,6.075480644432981e-05,3.852743823298958e-05,0.024510238262720623,0.06785151323948273,0.053802962040118474,0.017037604646037506,8.0759437834536e-05,0.02809710239872854,0.00011261866560412363,4.5195648696391725e-05,4.8900210064948444e-05,0.00011039592878298961,7.409122737113393e-05,5.556842052835045e-05,7.631396419226799e-05,0.025406954296722597,0.02152118481604739,7.335031509742261e-05,0.02241790085004936,0.00011780505152010299,5.1863859159793746e-05,0.018532131369374146,0.025108048952055283,0.018233226024706818,0.03168396653473643,0.00015336884065824725,6.371845553917519e-05,3.408196459072163e-05
2025-06-12,0.02152118481604739,0.03407520929207501,0.04035222153008886,0.00010520954286701015,0.029292723777397823,4.000926278041234e-05,0.03407520929207501,0.03168396653473643,0.02152118481604739,0.00013114147244690705,0.06546027048214413,0.000288214874473711,0.020026658092710762,0.0030607086027015433,5.7791157349484485e-05,0.029292723777397823,0.01942884740337611,0.06964494530748667,6.371845553917519e-05,0.01942884740337611,0.07472633616683118,0.13032273027495364,6.075480644432981e-05,3.852743823298958e-05,0.024510238262720623,0.06785151323948273,0.053802962040118474,0.017037604646037506,8.0759437834536e-05,0.02809710239872854,0.00011261866560412363,4.5195648696391725e-05,4.8900210064948444e-05,0.00011039592878298961,7.409122737113393e-05,5.556842052835045e-05,7.631396419226799e-05,0.025406954296722597,0.02152118481604739,7.335031509742261e-05,0.02241790085004936,0.00011780505152010299,5.1863859159793746e-05,0.018532131369374146,0.025108048952055283,0.018233226024706818,0.03168396653473643,0.00015336884065824725,6.371845553917519e-05,3.408196459072163e-05
2025-06-13,0.02152118481604739,0.03407520929207501,0.04035222153008886,0.00010520954286701015,0.029292723777397823,4.000926278041234e-05,0.03407520929207501,0.03168396653473643,0.02152118481604739,0.00013114147244690705,0.06546027048214413,0.000288214874473711,0.020026658092710762,0.0030607086027015433,5.7791157349484485e-05,0.029292723777397823,0.01942884740337611,0.06964494530748667,6.371845553917519e-05,0.01942884740337611,0.07472633616683118,0.13032273027495364,6.075480644432981e-05,3.852743823298958e-05,0.024510238262720623,0.06785151323948273,0.053802962040118474,0.017037604646037506,8.0759437834536e-05,0.02809710239872854,0.00011261866560412363,4.5195648696391725e-05,4.8900210064948444e-05,0.00011039592878298961,7.409122737113393e-05,5.556842052835045e-05,7.631396419226799e-05,0.025406954296722597,0.02152118481604739,7.335031509742261e-05,0.02241790085004936,0.00011780505152010299,5.1863859159793746e-05,0.018532131369374146,0.025108048952055283,0.018233226024706818,0.03168396653473643,0.00015336884065824725,6.371845553917519e-05,3.408196459072163e-05
2025-06-16,0.02152118481604739,0.03407520929207501,0.04035222153008886,0.00010520954286701015,0.029292723777397823,4.000926278041234e-05,0.03407520929207501,0.03168396653473643,0.02152118481604739,0.00013114147244690705,0.06546027048214413,0.000288214874473711,0.020026658092710762,0.0030607086027015433,5.7791157349484485e-05,0.029292723777397823,0.01942884740337611,0.06964494530748667,6.371845553917519e-05,0.01942884740337611,0.07472633616683118,0.13032273027495364,6.075480644432981e-05,3.852743823298958e-05,0.024510238262720623,0.06785151323948273,0.053802962040118474,0.017037604646037506,8.0759437834536e-05,0.02809710239872854,0.00011261866560412363,4.5195648696391725e-05,4.8900210064948444e-05,0.00011039592878298961,7.409122737113393e-05,5.556842052835045e-05,7.631396419226799e-05,0.025406954296722597,0.02152118481604739,7.335031509742261e-05,0.02241790085004936,0.00011780505152010299,5.1863859159793746e-05,0.018532131369374146,0.025108048952055283,0.018233226024706818,0.03168396653473643,0.00015336884065824725,6.371845553917519e-05,3.408196459072163e-05
2025-06-17,0.02152118481604739,0.03407520929207501,0.04035222153008886,0.00010520954286701015,0.029292723777397823,4.000926278041234e-05,0.03407520929207501,0.03168396653473643,0.02152118481604739,0.00013114147244690705,0.06546027048214413,0.000288214874473711,0.020026658092710762,0.0030607086027015433,5.7791157349484485e-05,0.029292723777397823,0.01942884740337611,0.06964494530748667,6.371845553917519e-05,0.01942884740337611,0.07472633616683118,0.13032273027495364,6.075480644432981e-05,3.852743823298958e-05,0.024510238262720623,0.06785151323948273,0.053802962040118474,0.017037604646037506,8.0759437834536e-05,0.02809710239872854,0.00011261866560412363,4.5195648696391725e-05,4.8900210064948444e-05,0.00011039592878298961,7.409122737113393e-05,5.556842052835045e-05,7.631396419226799e-05,0.025406954296722597,0.02152118481604739,7.335031509742261e-05,0.02241790085004936,0.00011780505152010299,5.1863859159793746e-05,0.018532131369374146,0.025108048952055283,0.018233226024706818,0.03168396653473643,0.00015336884065824725,6.371845553917519e-05,3.408196459072163e-05
2025-06-18,0.02152118481604739,0.03407520929207501,0.04035222153008886,0.00010520954286701015,0.029292723777397823,4.000926278041234e-05,0.03407520929207501,0.03168396653473643,0.02152118481604739,0.00013114147244690705,0.06546027048214413,0.000288214874473711,0.020026658092710762,0.0030607086027015433,5.7791157349484485e-05,0.029292723777397823,0.01942884740337611,0.06964494530748667,6.371845553917519e-05,0.01942884740337611,0.07472633616683118,0.13032273027495364,6.075480644432981e-05,3.852743823298958e-05,0.024510238262720623,0.06785151323948273,0.053802962040118474,0.017037604646037506,8.0759437834536e-05,0.02809710239872854,0.00011261866560412363,4.5195648696391725e-05,4.8900210064948444e-05,0.00011039592878298961,7.409122737113393e-05,5.556842052835045e-05,7.631396419226799e-05,0.025406954296722597,0.02152118481604739,7.335031509742261e-05,0.02241790085004936,0.00011780505152010299,5.1863859159793746e-05,0.018532131369374146,0.025108048952055283,0.018233226024706818,0.03168396653473643,0.00015336884065824725,6.371845553917519e-05,3.408196459072163e-05
2025-06-19,0.02152118481604739,0.03407520929207501,0.04035222153008886,0.00010520954286701015,0.029292723777397823,4.000926278041234e-05,0.03407520929207501,0.03168396653473643,0.02152118481604739,0.00013114147244690705,0.06546027048214413,0.000288214874473711,0.020026658092710762,0.0030607086027015433,5.7791157349484485e-05,0.029292723777397823,0.01942884740337611,0.06964494530748667,6.371845553917519e-05,0.01942884740337611,0.07472633616683118,0.13032273027495364,6.075480644432981e-05,3.852743823298958e-05,0.024510238262720623,0.06785151323948273,0.053802962040118474,0.017037604646037506,8.0759437834536e-05,0.02809710239872854,0.00011261866560412363,4.5195648696391725e-05,4.8900210064948444e-05,0.00011039592878298961,7.409122737113393e-05,5.556842052835045e-05,7.631396419226799e-05,0.025406954296722597,0.02152118481604739,7.335031509742261e-05,0.02241790085004936,0.00011780505152010299,5.1863859159793746e-05,0.018532131369374146,0.025108048952055283,0.018233226024706818,0.03168396653473643,0.00015336884065824725,6.371845553917519e-05,3.408196459072163e-05
2025-06-20,0.02152118481604739,0.03407520929207501,0.04035222153008886,0.00010520954286701015,0.029292723777397823,4.000926278041234e-05,0.03407520929207501,0.03168396653473643,0.02152118481604739,0.00013114147244690705,0.06546027048214413,0.000288214874473711,0.020026658092710762,0.0030607086027015433,5.7791157349484485e-05,0.029292723777397823,0.01942884740337611,0.06964494530748667,6.371845553917519e-05,0.01942884740337611,0.07472633616683118,0.13032273027495364,6.075480644432981e-05,3.852743823298958e-05,0.024510238262720623,0.06785151323948273,0.053802962040118474,0.017037604646037506,8.0759437834536e-05,0.02809710239872854,0.00011261866560412363,4.5195648696391725e-05,4.8900210064948444e-05,0.00011039592878298961,7.409122737113393e-05,5.556842052835045e-05,7.631396419226799e-05,0.025406954296722597,0.02152118481604739,7.335031509742261e-05,0.02241790085004936,0.00011780505152010299,5.1863859159793746e-05,0.018532131369374146,0.025108048952055283,0.018233226024706818,0.03168396653473643,0.00015336884065824725,6.371845553917519e-05,3.408196459072163e-05
2025-06-23,0.02152118481604739,0.03407520929207501,0.04035222153008886,0.00010520954286701015,0.029292723777397823,4.000926278041234e-05,0.03407520929207501,0.03168396653473643,0.02152118481604739,0.00013114147244690705,0.06546027048214413,0.000288214874473711,0.020026658092710762,0.0030607086027015433,5.7791157349484485e-05,0.029292723777397823,0.01942884740337611,0.06964494530748667,6.371845553917519e-05,0.01942884740337611,0.07472633616683118,0.13032273027495364,6.075480644432981e-05,3.852743823298958e-05,0.024510238262720623,0.06785151323948273,0.053802962040118474,0.017037604646037506,8.0759437834536e-05,0.02809710239872854,0.00011261866560412363,4.5195648696391725e-05,4.8900210064948444e-05,0.00011039592878298961,7.409122737113393e-05,5.556842052835045e-05,7.631396419226799e-05,0.025406954296722597,0.02152118481604739,7.335031509742261e-05,0.02241790085004936,0.00011780505152010299,5.1863859159793746e-05,0.018532131369374146,0.025108048952055283,0.018233226024706818,0.03168396653473643,0.00015336884065824725,6.371845553917519e-05,3.408196459072163e-05
2025-06-24,0.02152118481604739,0.03407520929207501,0.04035222153008886,0.00010520954286701015,0.029292723777397823,4.000926278041234e-05,0.03407520929207501,0.03168396653473643,0.02152118481604739,0.00013114147244690705,0.06546027048214413,0.000288214874473711,0.020026658092710762,0.0030607086027015433,5.7791157349484485e-05,0.029292723777397823,0.01942884740337611,0.06964494530748667,6.371845553917519e-05,0.01942884740337611,0.07472633616683118,0.13032273027495364,6.075480644432981e-05,3.852743823298958e-05,0.024510238262720623,0.06785151323948273,0.053802962040118474,0.017037604646037506,8.0759437834536e-05,0.02809710239872854,0.00011261866560412363,4.5195648696391725e-05,4.8900210064948444e-05,0.00011039592878298961,7.409122737113393e-05,5.556842052835045e-05,7.631396419226799e-05,0.025406954296722597,0.02152118481604739,7.335031509742261e-05,0.02241790085004936,0.00011780505152010299,5.1863859159793746e-05,0.018532131369374146,0.025108048952055283,0.018233226024706818,0.03168396653473643,0.00015336884065824725,6.371845553917519e-05,3.408196459072163e-05
2025-06-25,0.02152118481604739,0.03407520929207501,0.04035222153008886,0.00010520954286701015,0.029292723777397823,4.000926278041234e-05,0.03407520929207501,0.03168396653473643,0.02152118481604739,0.00013114147244690705,0.06546027048214413,0.000288214874473711,0.020026658092710762,0.0030607086027015433,5.7791157349484485e-05,0.029292723777397823,0.01942884740337611,0.06964494530748667,6.371845553917519e-05,0.01942884740337611,0.07472633616683118,0.13032273027495364,6.075480644432981e-05,3.852743823298958e-05,0.024510238262720623,0.06785151323948273,0.053802962040118474,0.017037604646037506,8.0759437834536e-05,0.02809710239872854,0.00011261866560412363,4.5195648696391725e-05,4.8900210064948444e-05,0.00011039592878298961,7.409122737113393e-05,5.556842052835045e-05,7.631396419226799e-05,0.025406954296722597,0.02152118481604739,7.335031509742261e-05,0.02241790085004936,0.00011780505152010299,5.1863859159793746e-05,0.018532131369374146,0.025108048952055283,0.018233226024706818,0.03168396653473643,0.00015336884065824725,6.371845553917519e-05,3.408196459072163e-05
2025-06-26,0.02152118481604739,0.03407520929207501,0.04035222153008886,0.00010520954286701015,0.029292723777397823,4.000926278041234e-05,0.03407520929207501,0.03168396653473643,0.02152118481604739,0.00013114147244690705,0.06546027048214413,0.000288214874473711,0.020026658092710762,0.0030607086027015433,5.7791157349484485e-05,0.029292723777397823,0.01942884740337611,0.06964494530748667,6.371845553917519e-05,0.01942884740337611,0.07472633616683118,0.13032273027495364,6.075480644432981e-05,3.852743823298958e-05,0.024510238262720623,0.06785151323948273,0.053802962040118474,0.017037604646037506,8.0759437834536e-05,0.02809710239872854,0.00011261866560412363,4.5195648696391725e-05,4.8900210064948444e-05,0.00011039592878298961,7.409122737113393e-05,5.556842052835045e-05,7.631396419226799e-05,0.025406954296722597,0.02152118481604739,7.335031509742261e-05,0.02241790085004936,0.00011780505152010299,5.1863859159793746e-05,0.018532131369374146,0.025108048952055283,0.018233226024706818,0.03168396653473643,0.00015336884065824725,6.371845553917519e-05,3.408196459072163e-05
2025-06-27,0.02152118481604739,0.03407520929207501,0.04035222153008886,0.00010520954286701015,0.029292723777397823,4.000926278041234e-05,0.03407520929207501,0.03168396653473643,0.02152118481604739,0.00013114147244690705,0.06546027048214413,0.000288214874473711,0.020026658092710762,0.0030607086027015433,5.7791157349484485e-05,0.029292723777397823,0.01942884740337611,0.06964494530748667,6.371845553917519e-05,0.01942884740337611,0.07472633616683118,0.13032273027495364,6.075480644432981e-05,3.852743823298958e-05,0.024510238262720623,0.06785151323948273,0.053802962040118474,0.017037604646037506,8.0759437834536e-05,0.02809710239872854,0.00011261866560412363,4.5195648696391725e-05,4.8900210064948444e-05,0.00011039592878298961,7.409122737113393e-05,5.556842052835045e-05,7.631396419226799e-05,0.025406954296722597,0.02152118481604739,7.335031509742261e-05,0.02241790085004936,0.00011780505152010299,5.1863859159793746e-05,0.018532131369374146,0.025108048952055283,0.018233226024706818,0.03168396653473643,0.00015336884065824725,6.371845553917519e-05,3.408196459072163e-05
2025-06-30,0.02152118481604739,0.03407520929207501,0.04035222153008886,0.00010520954286701015,0.029292723777397823,4.000926278041234e-05,0.03407520929207501,0.03168396653473643,0.02152118481604739,0.00013114147244690705,0.06546027048214413,0.000288214874473711,0.020026658092710762,0.0030607086027015433,5.7791157349484485e-05,0.029292723777397823,0.01942884740337611,0.06964494530748667,6.371845553917519e-05,0.01942884740337611,0.07472633616683118,0.13032273027495364,6.075480644432981e-05,3.852743823298958e-05,0.024510238262720623,0.06785151323948273,0.053802962040118474,0.017037604646037506,8.0759437834536e-05,0.02809710239872854,0.00011261866560412363,4.5195648696391725e-05,4.8900210064948444e-05,0.00011039592878298961,7.409122737113393e-05,5.556842052835045e-05,7.631396419226799e-05,0.025406954296722597,0.02152118481604739,7.335031509742261e-05,0.02241790085004936,0.00011780505152010299,5.1863859159793746e-05,0.018532131369374146,0.025108048952055283,0.018233226024706818,0.03168396653473643,0.00015336884065824725,6.371845553917519e-05,3.408196459072163e-05
2025-07-01,0.02152118481604739,0.03407520929207501,0.04035222153008886,0.00010520954286701015,0.029292723777397823,4.000926278041234e-05,0.03407520929207501,0.03168396653473643,0.02152118481604739,0.00013114147244690705,0.06546027048214413,0.000288214874473711,0.020026658092710762,0.0030607086027015433,5.7791157349484485e-05,0.029292723777397823,0.01942884740337611,0.06964494530748667,6.371845553917519e-05,0.01942884740337611,0.07472633616683118,0.13032273027495364,6.075480644432981e-05,3.852743823298958e-05,0.024510238262720623,0.06785151323948273,0.053802962040118474,0.017037604646037506,8.0759437834536e-05,0.02809710239872854,0.00011261866560412363,4.5195648696391725e-05,4.8900210064948444e-05,0.00011039592878298961,7.409122737113393e-05,5.556842052835045e-05,7.631396419226799e-05,0.025406954296722597,0.02152118481604739,7.335031509742261e-05,0.02241790085004936,0.00011780505152010299,5.1863859159793746e-05,0.018532131369374146,0.025108048952055283,0.018233226024706818,0.03168396653473643,0.00015336884065824725,6.371845553917519e-05,3.408196459072163e-05
2025-07-02,0.02152118481604739,0.03407520929207501,0.04035222153008886,0.00010520954286701015,0.029292723777397823,4.000926278041234e-05,0.03407520929207501,0.03168396653473643,0.02152118481604739,0.00013114147244690705,0.06546027048214413,0.000288214874473711,0.020026658092710762,0.0030607086027015433,5.7791157349484485e-05,0.029292723777397823,0.01942884740337611,0.06964494530748667,6.371845553917519e-05,0.01942884740337611,0.07472633616683118,0.13032273027495364,6.075480644432981e-05,3.852743823298958e-05,0.024510238262720623,0.06785151323948273,0.053802962040118474,0.017037604646037506,8.0759437834536e-05,0.02809710239872854,0.00011261866560412363,4.5195648696391725e-05,4.8900210064948444e-05,0.00011039592878298961,7.409122737113393e-05,5.556842052835045e-05,7.631396419226799e-05,0.025406954296722597,0.02152118481604739,7.335031509742261e-05,0.02241790085004936,0.00011780505152010299,5.1863859159793746e-05,0.018532131369374146,0.025108048952055283,0.018233226024706818,0.03168396653473643,0.00015336884065824725,6.371845553917519e-05,3.408196459072163e-05
2025-07-03,0.02152118481604739,0.03407520929207501,0.04035222153008886,0.00010520954286701015,0.029292723777397823,4.000926278041234e-05,0.03407520929207501,0.03168396653473643,0.02152118481604739,0.00013114147244690705,0.06546027048214413,0.000288214874473711,0.020026658092710762,0.0030607086027015433,5.7791157349484485e-05,0.029292723777397823,0.01942884740337611,0.06964494530748667,6.371845553917519e-05,0.01942884740337611,0.07472633616683118,0.13032273027495364,6.075480644432981e-05,3.852743823298958e-05,0.024510238262720623,0.06785151323948273,0.053802962040118474,0.017037604646037506,8.0759437834536e-05,0.02809710239872854,0.00011261866560412363,4.5195648696391725e-05,4.8900210064948444e-05,0.00011039592878298961,7.409122737113393e-05,5.556842052835045e-05,7.631396419226799e-05,0.025406954296722597,0.02152118481604739,7.335031509742261e-05,0.02241790085004936,0.00011780505152010299,5.1863859159793746e-05,0.018532131369374146,0.025108048952055283,0.018233226024706818,0.03168396653473643,0.00015336884065824725,6.371845553917519e-05,3.408196459072163e-05
2025-07-04,0.02152118481604739,0.03407520929207501,0.04035222153008886,0.00010520954286701015,0.029292723777397823,4.000926278041234e-05,0.03407520929207501,0.03168396653473643,0.02152118481604739,0.00013114147244690705,0.06546027048214413,0.000288214874473711,0.020026658092710762,0.0030607086027015433,5.7791157349484485e-05,0.029292723777397823,0.01942884740337611,0.06964494530748667,6.371845553917519e-05,0.01942884740337611,0.07472633616683118,0.13032273027495364,6.075480644432981e-05,3.852743823298958e-05,0.024510238262720623,0.06785151323948273,0.053802962040118474,0.017037604646037506,8.0759437834536e-05,0.02809710239872854,0.00011261866560412363,4.5195648696391725e-05,4.8900210064948444e-05,0.00011039592878298961,7.409122737113393e-05,5.556842052835045e-05,7.631396419226799e-05,0.025406954296722597,0.02152118481604739,7.335031509742261e-05,0.02241790085004936,0.00011780505152010299,5.1863859159793746e-05,0.018532131369374146,0.025108048952055283,0.018233226024706818,0.03168396653473643,0.00015336884065824725,6.371845553917519e-05,3.408196459072163e-05
2025-07-07,0.02152118481604739,0.03407520929207501,0.04035222153008886,0.00010520954286701015,0.029292723777397823,4.000926278041234e-05,0.03407520929207501,0.03168396653473643,0.02152118481604739,0.00013114147244690705,0.06546027048214413,0.000288214874473711,0.020026658092710762,0.0030607086027015433,5.7791157349484485e-05,0.029292723777397823,0.01942884740337611,0.06964494530748667,6.371845553917519e-05,0.01942884740337611,0.07472633616683118,0.13032273027495364,6.075480644432981e-05,3.852743823298958e-05,0.024510238262720623,0.06785151323948273,0.053802962040118474,0.017037604646037506,8.0759437834536e-05,0.02809710239872854,0.00011261866560412363,4.5195648696391725e-05,4.8900210064948444e-05,0.00011039592878298961,7.409122737113393e-05,5.556842052835045e-05,7.631396419226799e-05,0.025406954296722597,0.02152118481604739,7.335031509742261e-05,0.02241790085004936,0.00011780505152010299,5.1863859159793746e-05,0.018532131369374146,0.025108048952055283,0.018233226024706818,0.03168396653473643,0.00015336884065824725,6.371845553917519e-05,3.408196459072163e-05
2025-07-08,0.02152118481604739,0.03407520929207501,0.04035222153008886,0.00010520954286701015,0.029292723777397823,4.000926278041234e-05,0.03407520929207501,0.03168396653473643,0.02152118481604739,0.00013114147244690705,0.06546027048214413,0.000288214874473711,0.020026658092710762,0.0030607086027015433,5.7791157349484485e-05,0.029292723777397823,0.01942884740337611,0.06964494530748667,6.371845553917519e-05,0.01942884740337611,0.07472633616683118,0.13032273027495364,6.075480644432981e-05,3.852743823298958e-05,0.024510238262720623,0.06785151323948273,0.053802962040118474,0.017037604646037506,8.0759437834536e-05,0.02809710239872854,0.00011261866560412363,4.5195648696391725e-05,4.8900210064948444e-05,0.00011039592878298961,7.409122737113393e-05,5.556842052835045e-05,7.631396419226799e-05,0.025406954296722597,0.02152118481604739,7.335031509742261e-05,0.02241790085004936,0.00011780505152010299,5.1863859159793746e-05,0.018532131369374146,0.025108048952055283,0.018233226024706818,0.03168396653473643,0.00015336884065824725,6.371845553917519e-05,3.408196459072163e-05
2025-07-09,0.02152118481604739,0.03407520929207501,0.04035222153008886,0.00010520954286701015,0.029292723777397823,4.000926278041234e-05,0.03407520929207501,0.03168396653473643,0.02152118481604739,0.00013114147244690705,0.06546027048214413,0.000288214874473711,0.020026658092710762,0.0030607086027015433,5.7791157349484485e-05,0.029292723777397823,0.01942884740337611,0.06964494530748667,6.371845553917519e-05,0.01942884740337611,0.07472633616683118,0.13032273027495364,6.075480644432981e-05,3.852743823298958e-05,0.024510238262720623,0.06785151323948273,0.053802962040118474,0.017037604646037506,8.0759437834536e-05,0.02809710239872854,0.00011261866560412363,4.5195648696391725e-05,4.8900210064948444e-05,0.00011039592878298961,7.409122737113393e-05,5.556842052835045e-05,7.631396419226799e-05,0.025406954296722597,0.02152118481604739,7.335031509742261e-05,0.02241790085004936,0.00011780505152010299,5.1863859159793746e-05,0.018532131369374146,0.025108048952055283,0.018233226024706818,0.03168396653473643,0.00015336884065824725,6.371845553917519e-05,3.408196459072163e-05
2025-07-10,0.02152118481604739,0.03407520929207501,0.04035222153008886,0.00010520954286701015,0.029292723777397823,4.000926278041234e-05,0.03407520929207501,0.03168396653473643,0.02152118481604739,0.00013114147244690705,0.06546027048214413,0.000288214874473711,0.020026658092710762,0.0030607086027015433,5.7791157349484485e-05,0.029292723777397823,0.01942884740337611,0.06964494530748667,6.371845553917519e-05,0.01942884740337611,0.07472633616683118,0.13032273027495364,6.075480644432981e-05,3.852743823298958e-05,0.024510238262720623,0.06785151323948273,0.053802962040118474,0.017037604646037506,8.0759437834536e-05,0.02809710239872854,0.00011261866560412363,4.5195648696391725e-05,4.8900210064948444e-05,0.00011039592878298961,7.409122737113393e-05,5.556842052835045e-05,7.631396419226799e-05,0.025406954296722597,0.02152118481604739,7.335031509742261e-05,0.02241790085004936,0.00011780505152010299,5.1863859159793746e-05,0.018532131369374146,0.025108048952055283,0.018233226024706818,0.03168396653473643,0.00015336884065824725,6.371845553917519e-05,3.408196459072163e-05
2025-07-11,0.02152118481604739,0.03407520929207501,0.04035222153008886,0.00010520954286701015,0.029292723777397823,4.000926278041234e-05,0.03407520929207501,0.03168396653473643,0.02152118481604739,0.00013114147244690705,0.06546027048214413,0.000288214874473711,0.020026658092710762,0.0030607086027015433,5.7791157349484485e-05,0.029292723777397823,0.01942884740337611,0.06964494530748667,6.371845553917519e-05,0.01942884740337611,0.07472633616683118,0.13032273027495364,6.075480644432981e-05,3.852743823298958e-05,0.024510238262720623,0.06785151323948273,0.053802962040118474,0.017037604646037506,8.0759437834536e-05,0.02809710239872854,0.00011261866560412363,4.5195648696391725e-05,4.8900210064948444e-05,0.00011039592878298961,7.409122737113393e-05,5.556842052835045e-05,7.631396419226799e-05,0.025406954296722597,0.02152118481604739,7.335031509742261e-05,0.02241790085004936,0.00011780505152010299,5.1863859159793746e-05,0.018532131369374146,0.025108048952055283,0.018233226024706818,0.03168396653473643,0.00015336884065824725,6.371845553917519e-05,3.408196459072163e-05
2025-07-14,0.02152118481604739,0.03407520929207501,0.04035222153008886,0.00010520954286701015,0.029292723777397823,4.000926278041234e-05,0.03407520929207501,0.03168396653473643,0.02152118481604739,0.00013114147244690705,0.06546027048214413,0.000288214874473711,0.020026658092710762,0.0030607086027015433,5.7791157349484485e-05,0.029292723777397823,0.01942884740337611,0.06964494530748667,6.371845553917519e-05,0.01942884740337611,0.07472633616683118,0.13032273027495364,6.075480644432981e-05,3.852743823298958e-05,0.024510238262720623,0.06785151323948273,0.053802962040118474,0.017037604646037506,8.0759437834536e-05,0.02809710239872854,0.00011261866560412363,4.5195648696391725e-05,4.8900210064948444e-05,0.00011039592878298961,7.409122737113393e-05,5.556842052835045e-05,7.631396419226799e-05,0.025406954296722597,0.02152118481604739,7.335031509742261e-05,0.02241790085004936,0.00011780505152010299,5.1863859159793746e-05,0.018532131369374146,0.025108048952055283,0.018233226024706818,0.03168396653473643,0.00015336884065824725,6.371845553917519e-05,3.408196459072163e-05
2025-07-15,0.02152118481604739,0.03407520929207501,0.04035222153008886,0.00010520954286701015,0.029292723777397823,4.000926278041234e-05,0.03407520929207501,0.03168396653473643,0.02152118481604739,0.00013114147244690705,0.06546027048214413,0.000288214874473711,0.020026658092710762,0.0030607086027015433,5.7791157349484485e-05,0.029292723777397823,0.01942884740337611,0.06964494530748667,6.371845553917519e-05,0.01942884740337611,0.07472633616683118,0.13032273027495364,6.075480644432981e-05,3.852743823298958e-05,0.024510238262720623,0.06785151323948273,0.053802962040118474,0.017037604646037506,8.0759437834536e-05,0.02809710239872854,0.00011261866560412363,4.5195648696391725e-05,4.8900210064948444e-05,0.00011039592878298961,7.409122737113393e-05,5.556842052835045e-05,7.631396419226799e-05,0.025406954296722597,0.02152118481604739,7.335031509742261e-05,0.02241790085004936,0.00011780505152010299,5.1863859159793746e-05,0.018532131369374146,0.025108048952055283,0.018233226024706818,0.03168396653473643,0.00015336884065824725,6.371845553917519e-05,3.408196459072163e-05
2025-07-16,0.02152118481604739,0.03407520929207501,0.04035222153008886,0.00010520954286701015,0.029292723777397823,4.000926278041234e-05,0.03407520929207501,0.03168396653473643,0.02152118481604739,0.00013114147244690705,0.06546027048214413,0.000288214874473711,0.020026658092710762,0.0030607086027015433,5.7791157349484485e-05,0.029292723777397823,0.01942884740337611,0.06964494530748667,6.371845553917519e-05,0.01942884740337611,0.07472633616683118,0.13032273027495364,6.075480644432981e-05,3.852743823298958e-05,0.024510238262720623,0.06785151323948273,0.053802962040118474,0.017037604646037506,8.0759437834536e-05,0.02809710239872854,0.00011261866560412363,4.5195648696391725e-05,4.8900210064948444e-05,0.00011039592878298961,7.409122737113393e-05,5.556842052835045e-05,7.631396419226799e-05,0.025406954296722597,0.02152118481604739,7.335031509742261e-05,0.02241790085004936,0.00011780505152010299,5.1863859159793746e-05,0.018532131369374146,0.025108048952055283,0.018233226024706818,0.03168396653473643,0.00015336884065824725,6.371845553917519e-05,3.408196459072163e-05
2025-07-17,0.02152118481604739,0.03407520929207501,0.04035222153008886,0.00010520954286701015,0.029292723777397823,4.000926278041234e-05,0.03407520929207501,0.03168396653473643,0.02152118481604739,0.00013114147244690705,0.06546027048214413,0.000288214874473711,0.020026658092710762,0.0030607086027015433,5.7791157349484485e-05,0.029292723777397823,0.01942884740337611,0.06964494530748667,6.371845553917519e-05,0.01942884740337611,0.07472633616683118,0.13032273027495364,6.075480644432981e-05,3.852743823298958e-05,0.024510238262720623,0.06785151323948273,0.053802962040118474,0.017037604646037506,8.0759437834536e-05,0.02809710239872854,0.00011261866560412363,4.5195648696391725e-05,4.8900210064948444e-05,0.00011039592878298961,7.409122737113393e-05,5.556842052835045e-05,7.631396419226799e-05,0.025406954296722597,0.02152118481604739,7.335031509742261e-05,0.02241790085004936,0.00011780505152010299,5.1863859159793746e-05,0.018532131369374146,0.025108048952055283,0.018233226024706818,0.03168396653473643,0.00015336884065824725,6.371845553917519e-05,3.408196459072163e-05
2025-07-18,0.02152118481604739,0.03407520929207501,0.04035222153008886,0.00010520954286701015,0.029292723777397823,4.000926278041234e-05,0.03407520929207501,0.03168396653473643,0.02152118481604739,0.00013114147244690705,0.06546027048214413,0.000288214874473711,0.020026658092710762,0.0030607086027015433,5.7791157349484485e-05,0.029292723777397823,0.01942884740337611,0.06964494530748667,6.371845553917519e-05,0.01942884740337611,0.07472633616683118,0.13032273027495364,6.075480644432981e-05,3.852743823298958e-05,0.024510238262720623,0.06785151323948273,0.053802962040118474,0.017037604646037506,8.0759437834536e-05,0.02809710239872854,0.00011261866560412363,4.5195648696391725e-05,4.8900210064948444e-05,0.00011039592878298961,7.409122737113393e-05,5.556842052835045e-05,7.631396419226799e-05,0.025406954296722597,0.02152118481604739,7.335031509742261e-05,0.02241790085004936,0.00011780505152010299,5.1863859159793746e-05,0.018532131369374146,0.025108048952055283,0.018233226024706818,0.03168396653473643,0.00015336884065824725,6.371845553917519e-05,3.408196459072163e-05
2025-07-21,0.02152118481604739,0.03407520929207501,0.04035222153008886,0.00010520954286701015,0.029292723777397823,4.000926278041234e-05,0.03407520929207501,0.03168396653473643,0.02152118481604739,0.00013114147244690705,0.06546027048214413,0.000288214874473711,0.020026658092710762,0.0030607086027015433,5.7791157349484485e-05,0.029292723777397823,0.01942884740337611,0.06964494530748667,6.371845553917519e-05,0.01942884740337611,0.07472633616683118,0.13032273027495364,6.075480644432981e-05,3.852743823298958e-05,0.024510238262720623,0.06785151323948273,0.053802962040118474,0.017037604646037506,8.0759437834536e-05,0.02809710239872854,0.00011261866560412363,4.5195648696391725e-05,4.8900210064948444e-05,0.00011039592878298961,7.409122737113393e-05,5.556842052835045e-05,7.631396419226799e-05,0.025406954296722597,0.02152118481604739,7.335031509742261e-05,0.02241790085004936,0.00011780505152010299,5.1863859159793746e-05,0.018532131369374146,0.025108048952055283,0.018233226024706818,0.03168396653473643,0.00015336884065824725,6.371845553917519e-05,3.408196459072163e-05
2025-07-22,0.02152118481604739,0.03407520929207501,0.04035222153008886,0.00010520954286701015,0.029292723777397823,4.000926278041234e-05,0.03407520929207501,0.03168396653473643,0.02152118481604739,0.00013114147244690705,0.06546027048214413,0.000288214874473711,0.020026658092710762,0.0030607086027015433,5.7791157349484485e-05,0.029292723777397823,0.01942884740337611,0.06964494530748667,6.371845553917519e-05,0.01942884740337611,0.07472633616683118,0.13032273027495364,6.075480644432981e-05,3.852743823298958e-05,0.024510238262720623,0.06785151323948273,0.053802962040118474,0.017037604646037506,8.0759437834536e-05,0.02809710239872854,0.00011261866560412363,4.5195648696391725e-05,4.8900210064948444e-05,0.00011039592878298961,7.409122737113393e-05,5.556842052835045e-05,7.631396419226799e-05,0.025406954296722597,0.02152118481604739,7.335031509742261e-05,0.02241790085004936,0.00011780505152010299,5.1863859159793746e-05,0.018532131369374146,0.025108048952055283,0.018233226024706818,0.03168396653473643,0.00015336884065824725,6.371845553917519e-05,3.408196459072163e-05
2025-07-23,0.02152118481604739,0.03407520929207501,0.04035222153008886,0.00010520954286701015,0.029292723777397823,4.000926278041234e-05,0.03407520929207501,0.03168396653473643,0.02152118481604739,0.00013114147244690705,0.06546027048214413,0.000288214874473711,0.020026658092710762,0.0030607086027015433,5.7791157349484485e-05,0.029292723777397823,0.01942884740337611,0.06964494530748667,6.371845553917519e-05,0.01942884740337611,0.07472633616683118,0.13032273027495364,6.075480644432981e-05,3.852743823298958e-05,0.024510238262720623,0.06785151323948273,0.053802962040118474,0.017037604646037506,8.0759437834536e-05,0.02809710239872854,0.00011261866560412363,4.5195648696391725e-05,4.8900210064948444e-05,0.00011039592878298961,7.409122737113393e-05,5.556842052835045e-05,7.631396419226799e-05,0.025406954296722597,0.02152118481604739,7.335031509742261e-05,0.02241790085004936,0.00011780505152010299,5.1863859159793746e-05,0.018532131369374146,0.025108048952055283,0.018233226024706818,0.03168396653473643,0.00015336884065824725,6.371845553917519e-05,3.408196459072163e-05
2025-07-24,0.02152118481604739,0.03407520929207501,0.04035222153008886,0.00010520954286701015,0.029292723777397823,4.000926278041234e-05,0.03407520929207501,0.03168396653473643,0.02152118481604739,0.00013114147244690705,0.06546027048214413,0.000288214874473711,0.020026658092710762,0.0030607086027015433,5.7791157349484485e-05,0.029292723777397823,0.01942884740337611,0.06964494530748667,6.371845553917519e-05,0.01942884740337611,0.07472633616683118,0.13032273027495364,6.075480644432981e-05,3.852743823298958e-05,0.024510238262720623,0.06785151323948273,0.053802962040118474,0.017037604646037506,8.0759437834536e-05,0.02809710239872854,0.00011261866560412363,4.5195648696391725e-05,4.8900210064948444e-05,0.00011039592878298961,7.409122737113393e-05,5.556842052835045e-05,7.631396419226799e-05,0.025406954296722597,0.02152118481604739,7.335031509742261e-05,0.02241790085004936,0.00011780505152010299,5.1863859159793746e-05,0.018532131369374146,0.025108048952055283,0.018233226024706818,0.03168396653473643,0.00015336884065824725,6.371845553917519e-05,3.408196459072163e-05
2025-07-25,0.02152118481604739,0.03407520929207501,0.04035222153008886,0.00010520954286701015,0.029292723777397823,4.000926278041234e-05,0.03407520929207501,0.03168396653473643,0.02152118481604739,0.00013114147244690705,0.06546027048214413,0.000288214874473711,0.020026658092710762,0.0030607086027015433,5.7791157349484485e-05,0.029292723777397823,0.01942884740337611,0.06964494530748667,6.371845553917519e-05,0.01942884740337611,0.07472633616683118,0.13032273027495364,6.075480644432981e-05,3.852743823298958e-05,0.024510238262720623,0.06785151323948273,0.053802962040118474,0.017037604646037506,8.0759437834536e-05,0.02809710239872854,0.00011261866560412363,4.5195648696391725e-05,4.8900210064948444e-05,0.00011039592878298961,7.409122737113393e-05,5.556842052835045e-05,7.631396419226799e-05,0.025406954296722597,0.02152118481604739,7.335031509742261e-05,0.02241790085004936,0.00011780505152010299,5.1863859159793746e-05,0.018532131369374146,0.025108048952055283,0.018233226024706818,0.03168396653473643,0.00015336884065824725,6.371845553917519e-05,3.408196459072163e-05
2025-07-28,0.02152118481604739,0.03407520929207501,0.04035222153008886,0.00010520954286701015,0.029292723777397823,4.000926278041234e-05,0.03407520929207501,0.03168396653473643,0.02152118481604739,0.00013114147244690705,0.06546027048214413,0.000288214874473711,0.020026658092710762,0.0030607086027015433,5.7791157349484485e-05,0.029292723777397823,0.01942884740337611,0.06964494530748667,6.371845553917519e-05,0.01942884740337611,0.07472633616683118,0.13032273027495364,6.075480644432981e-05,3.852743823298958e-05,0.024510238262720623,0.06785151323948273,0.053802962040118474,0.017037604646037506,8.0759437834536e-05,0.02809710239872854,0.00011261866560412363,4.5195648696391725e-05,4.8900210064948444e-05,0.00011039592878298961,7.409122737113393e-05,5.556842052835045e-05,7.631396419226799e-05,0.025406954296722597,0.02152118481604739,7.335031509742261e-05,0.02241790085004936,0.00011780505152010299,5.1863859159793746e-05,0.018532131369374146,0.025108048952055283,0.018233226024706818,0.03168396653473643,0.00015336884065824725,6.371845553917519e-05,3.408196459072163e-05
2025-07-29,0.02152118481604739,0.03407520929207501,0.04035222153008886,0.00010520954286701015,0.029292723777397823,4.000926278041234e-05,0.03407520929207501,0.03168396653473643,0.02152118481604739,0.00013114147244690705,0.06546027048214413,0.000288214874473711,0.020026658092710762,0.0030607086027015433,5.7791157349484485e-05,0.029292723777397823,0.01942884740337611,0.06964494530748667,6.371845553917519e-05,0.01942884740337611,0.07472633616683118,0.13032273027495364,6.075480644432981e-05,3.852743823298958e-05,0.024510238262720623,0.06785151323948273,0.053802962040118474,0.017037604646037506,8.0759437834536e-05,0.02809710239872854,0.00011261866560412363,4.5195648696391725e-05,4.8900210064948444e-05,0.00011039592878298961,7.409122737113393e-05,5.556842052835045e-05,7.631396419226799e-05,0.025406954296722597,0.02152118481604739,7.335031509742261e-05,0.02241790085004936,0.00011780505152010299,5.1863859159793746e-05,0.018532131369374146,0.025108048952055283,0.018233226024706818,0.03168396653473643,0.00015336884065824725,6.371845553917519e-05,3.408196459072163e-05
2025-07-30,0.02152118481604739,0.03407520929207501,0.04035222153008886,0.00010520954286701015,0.029292723777397823,4.000926278041234e-05,0.03407520929207501,0.03168396653473643,0.02152118481604739,0.00013114147244690705,0.06546027048214413,0.000288214874473711,0.020026658092710762,0.0030607086027015433,5.7791157349484485e-05,0.029292723777397823,0.01942884740337611,0.06964494530748667,6.371845553917519e-05,0.01942884740337611,0.07472633616683118,0.13032273027495364,6.075480644432981e-05,3.852743823298958e-05,0.024510238262720623,0.06785151323948273,0.053802962040118474,0.017037604646037506,8.0759437834536e-05,0.02809710239872854,0.00011261866560412363,4.5195648696391725e-05,4.8900210064948444e-05,0.00011039592878298961,7.409122737113393e-05,5.556842052835045e-05,7.631396419226799e-05,0.025406954296722597,0.02152118481604739,7.335031509742261e-05,0.02241790085004936,0.00011780505152010299,5.1863859159793746e-05,0.018532131369374146,0.025108048952055283,0.018233226024706818,0.03168396653473643,0.00015336884065824725,6.371845553917519e-05,3.408196459072163e-05
2025-07-31,0.02152118481604739,0.03407520929207501,0.04035222153008886,0.00010520954286701015,0.029292723777397823,4.000926278041234e-05,0.03407520929207501,0.03168396653473643,0.02152118481604739,0.00013114147244690705,0.06546027048214413,0.000288214874473711,0.020026658092710762,0.0030607086027015433,5.7791157349484485e-05,0.029292723777397823,0.01942884740337611,0.06964494530748667,6.371845553917519e-05,0.01942884740337611,0.07472633616683118,0.13032273027495364,6.075480644432981e-05,3.852743823298958e-05,0.024510238262720623,0.06785151323948273,0.053802962040118474,0.017037604646037506,8.0759437834536e-05,0.02809710239872854,0.00011261866560412363,4.5195648696391725e-05,4.8900210064948444e-05,0.00011039592878298961,7.409122737113393e-05,5.556842052835045e-05,7.631396419226799e-05,0.025406954296722597,0.02152118481604739,7.335031509742261e-05,0.02241790085004936,0.00011780505152010299,5.1863859159793746e-05,0.018532131369374146,0.025108048952055283,0.018233226024706818,0.03168396653473643,0.00015336884065824725,6.371845553917519e-05,3.408196459072163e-05
2025-08-01,0.02152118481604739,0.03407520929207501,0.04035222153008886,0.00010520954286701015,0.029292723777397823,4.000926278041234e-05,0.03407520929207501,0.03168396653473643,0.02152118481604739,0.00013114147244690705,0.06546027048214413,0.000288214874473711,0.020026658092710762,0.0030607086027015433,5.7791157349484485e-05,0.029292723777397823,0.01942884740337611,0.06964494530748667,6.371845553917519e-05,0.01942884740337611,0.07472633616683118,0.13032273027495364,6.075480644432981e-05,3.852743823298958e-05,0.024510238262720623,0.06785151323948273,0.053802962040118474,0.017037604646037506,8.0759437834536e-05,0.02809710239872854,0.00011261866560412363,4.5195648696391725e-05,4.8900210064948444e-05,0.00011039592878298961,7.409122737113393e-05,5.556842052835045e-05,7.631396419226799e-05,0.025406954296722597,0.02152118481604739,7.335031509742261e-05,0.02241790085004936,0.00011780505152010299,5.1863859159793746e-05,0.018532131369374146,0.025108048952055283,0.018233226024706818,0.03168396653473643,0.00015336884065824725,6.371845553917519e-05,3.408196459072163e-05
2025-08-04,0.02152118481604739,0.03407520929207501,0.04035222153008886,0.00010520954286701015,0.029292723777397823,4.000926278041234e-05,0.03407520929207501,0.03168396653473643,0.02152118481604739,0.00013114147244690705,0.06546027048214413,0.000288214874473711,0.020026658092710762,0.0030607086027015433,5.7791157349484485e-05,0.029292723777397823,0.01942884740337611,0.06964494530748667,6.371845553917519e-05,0.01942884740337611,0.07472633616683118,0.13032273027495364,6.075480644432981e-05,3.852743823298958e-05,0.024510238262720623,0.06785151323948273,0.053802962040118474,0.017037604646037506,8.0759437834536e-05,0.02809710239872854,0.00011261866560412363,4.5195648696391725e-05,4.8900210064948444e-05,0.00011039592878298961,7.409122737113393e-05,5.556842052835045e-05,7.631396419226799e-05,0.025406954296722597,0.02152118481604739,7.335031509742261e-05,0.02241790085004936,0.00011780505152010299,5.1863859159793746e-05,0.018532131369374146,0.025108048952055283,0.018233226024706818,0.03168396653473643,0.00015336884065824725,6.371845553917519e-05,3.408196459072163e-05
2025-08-05,0.02152118481604739,0.03407520929207501,0.04035222153008886,0.00010520954286701015,0.029292723777397823,4.000926278041234e-05,0.03407520929207501,0.03168396653473643,0.02152118481604739,0.00013114147244690705,0.06546027048214413,0.000288214874473711,0.020026658092710762,0.0030607086027015433,5.7791157349484485e-05,0.029292723777397823,0.01942884740337611,0.06964494530748667,6.371845553917519e-05,0.01942884740337611,0.07472633616683118,0.13032273027495364,6.075480644432981e-05,3.852743823298958e-05,0.024510238262720623,0.06785151323948273,0.053802962040118474,0.017037604646037506,8.0759437834536e-05,0.02809710239872854,0.00011261866560412363,4.5195648696391725e-05,4.8900210064948444e-05,0.00011039592878298961,7.409122737113393e-05,5.556842052835045e-05,7.631396419226799e-05,0.025406954296722597,0.02152118481604739,7.335031509742261e-05,0.02241790085004936,0.00011780505152010299,5.1863859159793746e-05,0.018532131369374146,0.025108048952055283,0.018233226024706818,0.03168396653473643,0.00015336884065824725,6.371845553917519e-05,3.408196459072163e-05
2025-08-06,0.02152118481604739,0.03407520929207501,0.04035222153008886,0.00010520954286701015,0.029292723777397823,4.000926278041234e-05,0.03407520929207501,0.03168396653473643,0.02152118481604739,0.00013114147244690705,0.06546027048214413,0.000288214874473711,0.020026658092710762,0.0030607086027015433,5.7791157349484485e-05,0.029292723777397823,0.01942884740337611,0.06964494530748667,6.371845553917519e-05,0.01942884740337611,0.07472633616683118,0.13032273027495364,6.075480644432981e-05,3.852743823298958e-05,0.024510238262720623,0.06785151323948273,0.053802962040118474,0.017037604646037506,8.0759437834536e-05,0.02809710239872854,0.00011261866560412363,4.5195648696391725e-05,4.8900210064948444e-05,0.00011039592878298961,7.409122737113393e-05,5.556842052835045e-05,7.631396419226799e-05,0.025406954296722597,0.02152118481604739,7.335031509742261e-05,0.02241790085004936,0.00011780505152010299,5.1863859159793746e-05,0.018532131369374146,0.025108048952055283,0.018233226024706818,0.03168396653473643,0.00015336884065824725,6.371845553917519e-05,3.408196459072163e-05
2025-08-07,0.02152118481604739,0.03407520929207501,0.04035222153008886,0.00010520954286701015,0.029292723777397823,4.000926278041234e-05,0.03407520929207501,0.03168396653473643,0.02152118481604739,0.00013114147244690705,0.06546027048214413,0.000288214874473711,0.020026658092710762,0.0030607086027015433,5.7791157349484485e-05,0.029292723777397823,0.01942884740337611,0.06964494530748667,6.371845553917519e-05,0.01942884740337611,0.07472633616683118,0.13032273027495364,6.075480644432981e-05,3.852743823298958e-05,0.024510238262720623,0.06785151323948273,0.053802962040118474,0.017037604646037506,8.0759437834536e-05,0.02809710239872854,0.00011261866560412363,4.5195648696391725e-05,4.8900210064948444e-05,0.00011039592878298961,7.409122737113393e-05,5.556842052835045e-05,7.631396419226799e-05,0.025406954296722597,0.02152118481604739,7.335031509742261e-05,0.02241790085004936,0.00011780505152010299,5.1863859159793746e-05,0.018532131369374146,0.025108048952055283,0.018233226024706818,0.03168396653473643,0.00015336884065824725,6.371845553917519e-05,3.408196459072163e-05
2025-08-08,0.02152118481604739,0.03407520929207501,0.04035222153008886,0.00010520954286701015,0.029292723777397823,4.000926278041234e-05,0.03407520929207501,0.03168396653473643,0.02152118481604739,0.00013114147244690705,0.06546027048214413,0.000288214874473711,0.020026658092710762,0.0030607086027015433,5.7791157349484485e-05,0.029292723777397823,0.01942884740337611,0.06964494530748667,6.371845553917519e-05,0.01942884740337611,0.07472633616683118,0.13032273027495364,6.075480644432981e-05,3.852743823298958e-05,0.024510238262720623,0.06785151323948273,0.053802962040118474,0.017037604646037506,8.0759437834536e-05,0.02809710239872854,0.00011261866560412363,4.5195648696391725e-05,4.8900210064948444e-05,0.00011039592878298961,7.409122737113393e-05,5.556842052835045e-05,7.631396419226799e-05,0.025406954296722597,0.02152118481604739,7.335031509742261e-05,0.02241790085004936,0.00011780505152010299,5.1863859159793746e-05,0.018532131369374146,0.025108048952055283,0.018233226024706818,0.03168396653473643,0.00015336884065824725,6.371845553917519e-05,3.408196459072163e-05
2025-08-11,0.02152118481604739,0.03407520929207501,0.04035222153008886,0.00010520954286701015,0.029292723777397823,4.000926278041234e-05,0.03407520929207501,0.03168396653473643,0.02152118481604739,0.00013114147244690705,0.06546027048214413,0.000288214874473711,0.020026658092710762,0.0030607086027015433,5.7791157349484485e-05,0.029292723777397823,0.01942884740337611,0.06964494530748667,6.371845553917519e-05,0.01942884740337611,0.07472633616683118,0.13032273027495364,6.075480644432981e-05,3.852743823298958e-05,0.024510238262720623,0.06785151323948273,0.053802962040118474,0.017037604646037506,8.0759437834536e-05,0.02809710239872854,0.00011261866560412363,4.5195648696391725e-05,4.8900210064948444e-05,0.00011039592878298961,7.409122737113393e-05,5.556842052835045e-05,7.631396419226799e-05,0.025406954296722597,0.02152118481604739,7.335031509742261e-05,0.02241790085004936,0.00011780505152010299,5.1863859159793746e-05,0.018532131369374146,0.025108048952055283,0.018233226024706818,0.03168396653473643,0.00015336884065824725,6.371845553917519e-05,3.408196459072163e-05
2025-08-12,0.02152118481604739,0.03407520929207501,0.04035222153008886,0.00010520954286701015,0.029292723777397823,4.000926278041234e-05,0.03407520929207501,0.03168396653473643,0.02152118481604739,0.00013114147244690705,0.06546027048214413,0.000288214874473711,0.020026658092710762,0.0030607086027015433,5.7791157349484485e-05,0.029292723777397823,0.01942884740337611,0.06964494530748667,6.371845553917519e-05,0.01942884740337611,0.07472633616683118,0.13032273027495364,6.075480644432981e-05,3.852743823298958e-05,0.024510238262720623,0.06785151323948273,0.053802962040118474,0.017037604646037506,8.0759437834536e-05,0.02809710239872854,0.00011261866560412363,4.5195648696391725e-05,4.8900210064948444e-05,0.00011039592878298961,7.409122737113393e-05,5.556842052835045e-05,7.631396419226799e-05,0.025406954296722597,0.02152118481604739,7.335031509742261e-05,0.02241790085004936,0.00011780505152010299,5.1863859159793746e-05,0.018532131369374146,0.025108048952055283,0.018233226024706818,0.03168396653473643,0.00015336884065824725,6.371845553917519e-05,3.408196459072163e-05
2025-08-13,0.02152118481604739,0.03407520929207501,0.04035222153008886,0.00010520954286701015,0.029292723777397823,4.000926278041234e-05,0.03407520929207501,0.03168396653473643,0.02152118481604739,0.00013114147244690705,0.06546027048214413,0.000288214874473711,0.020026658092710762,0.0030607086027015433,5.7791157349484485e-05,0.029292723777397823,0.01942884740337611,0.06964494530748667,6.371845553917519e-05,0.01942884740337611,0.07472633616683118,0.13032273027495364,6.075480644432981e-05,3.852743823298958e-05,0.024510238262720623,0.06785151323948273,0.053802962040118474,0.017037604646037506,8.0759437834536e-05,0.02809710239872854,0.00011261866560412363,4.5195648696391725e-05,4.8900210064948444e-05,0.00011039592878298961,7.409122737113393e-05,5.556842052835045e-05,7.631396419226799e-05,0.025406954296722597,0.02152118481604739,7.335031509742261e-05,0.02241790085004936,0.00011780505152010299,5.1863859159793746e-05,0.018532131369374146,0.025108048952055283,0.018233226024706818,0.03168396653473643,0.00015336884065824725,6.371845553917519e-05,3.408196459072163e-05
2025-08-14,0.02152118481604739,0.03407520929207501,0.04035222153008886,0.00010520954286701015,0.029292723777397823,4.000926278041234e-05,0.03407520929207501,0.03168396653473643,0.02152118481604739,0.00013114147244690705,0.06546027048214413,0.000288214874473711,0.020026658092710762,0.0030607086027015433,5.7791157349484485e-05,0.029292723777397823,0.01942884740337611,0.06964494530748667,6.371845553917519e-05,0.01942884740337611,0.07472633616683118,0.13032273027495364,6.075480644432981e-05,3.852743823298958e-05,0.024510238262720623,0.06785151323948273,0.053802962040118474,0.017037604646037506,8.0759437834536e-05,0.02809710239872854,0.00011261866560412363,4.5195648696391725e-05,4.8900210064948444e-05,0.00011039592878298961,7.409122737113393e-05,5.556842052835045e-05,7.631396419226799e-05,0.025406954296722597,0.02152118481604739,7.335031509742261e-05,0.02241790085004936,0.00011780505152010299,5.1863859159793746e-05,0.018532131369374146,0.025108048952055283,0.018233226024706818,0.03168396653473643,0.00015336884065824725,6.371845553917519e-05,3.408196459072163e-05
2025-08-15,0.02152118481604739,0.03407520929207501,0.04035222153008886,0.00010520954286701015,0.029292723777397823,4.000926278041234e-05,0.03407520929207501,0.03168396653473643,0.02152118481604739,0.00013114147244690705,0.06546027048214413,0.000288214874473711,0.020026658092710762,0.0030607086027015433,5.7791157349484485e-05,0.029292723777397823,0.01942884740337611,0.06964494530748667,6.371845553917519e-05,0.01942884740337611,0.07472633616683118,0.13032273027495364,6.075480644432981e-05,3.852743823298958e-05,0.024510238262720623,0.06785151323948273,0.053802962040118474,0.017037604646037506,8.0759437834536e-05,0.02809710239872854,0.00011261866560412363,4.5195648696391725e-05,4.8900210064948444e-05,0.00011039592878298961,7.409122737113393e-05,5.556842052835045e-05,7.631396419226799e-05,0.025406954296722597,0.02152118481604739,7.335031509742261e-05,0.02241790085004936,0.00011780505152010299,5.1863859159793746e-05,0.018532131369374146,0.025108048952055283,0.018233226024706818,0.03168396653473643,0.00015336884065824725,6.371845553917519e-05,3.408196459072163e-05
2025-08-18,0.02152118481604739,0.03407520929207501,0.04035222153008886,0.00010520954286701015,0.029292723777397823,4.000926278041234e-05,0.03407520929207501,0.03168396653473643,0.02152118481604739,0.00013114147244690705,0.06546027048214413,0.000288214874473711,0.020026658092710762,0.0030607086027015433,5.7791157349484485e-05,0.029292723777397823,0.01942884740337611,0.06964494530748667,6.371845553917519e-05,0.01942884740337611,0.07472633616683118,0.13032273027495364,6.075480644432981e-05,3.852743823298958e-05,0.024510238262720623,0.06785151323948273,0.053802962040118474,0.017037604646037506,8.0759437834536e-05,0.02809710239872854,0.00011261866560412363,4.5195648696391725e-05,4.8900210064948444e-05,0.00011039592878298961,7.409122737113393e-05,5.556842052835045e-05,7.631396419226799e-05,0.025406954296722597,0.02152118481604739,7.335031509742261e-05,0.02241790085004936,0.00011780505152010299,5.1863859159793746e-05,0.018532131369374146,0.025108048952055283,0.018233226024706818,0.03168396653473643,0.00015336884065824725,6.371845553917519e-05,3.408196459072163e-05
2025-08-19,0.02152118481604739,0.03407520929207501,0.04035222153008886,0.00010520954286701015,0.029292723777397823,4.000926278041234e-05,0.03407520929207501,0.03168396653473643,0.02152118481604739,0.00013114147244690705,0.06546027048214413,0.000288214874473711,0.020026658092710762,0.0030607086027015433,5.7791157349484485e-05,0.029292723777397823,0.01942884740337611,0.06964494530748667,6.371845553917519e-05,0.01942884740337611,0.07472633616683118,0.13032273027495364,6.075480644432981e-05,3.852743823298958e-05,0.024510238262720623,0.06785151323948273,0.053802962040118474,0.017037604646037506,8.0759437834536e-05,0.02809710239872854,0.00011261866560412363,4.5195648696391725e-05,4.8900210064948444e-05,0.00011039592878298961,7.409122737113393e-05,5.556842052835045e-05,7.631396419226799e-05,0.025406954296722597,0.02152118481604739,7.335031509742261e-05,0.02241790085004936,0.00011780505152010299,5.1863859159793746e-05,0.018532131369374146,0.025108048952055283,0.018233226024706818,0.03168396653473643,0.00015336884065824725,6.371845553917519e-05,3.408196459072163e-05
2025-08-20,0.02152118481604739,0.03407520929207501,0.04035222153008886,0.00010520954286701015,0.029292723777397823,4.000926278041234e-05,0.03407520929207501,0.03168396653473643,0.02152118481604739,0.00013114147244690705,0.06546027048214413,0.000288214874473711,0.020026658092710762,0.0030607086027015433,5.7791157349484485e-05,0.029292723777397823,0.01942884740337611,0.06964494530748667,6.371845553917519e-05,0.01942884740337611,0.07472633616683118,0.13032273027495364,6.075480644432981e-05,3.852743823298958e-05,0.024510238262720623,0.06785151323948273,0.053802962040118474,0.017037604646037506,8.0759437834536e-05,0.02809710239872854,0.00011261866560412363,4.5195648696391725e-05,4.8900210064948444e-05,0.00011039592878298961,7.409122737113393e-05,5.556842052835045e-05,7.631396419226799e-05,0.025406954296722597,0.02152118481604739,7.335031509742261e-05,0.02241790085004936,0.00011780505152010299,5.1863859159793746e-05,0.018532131369374146,0.025108048952055283,0.018233226024706818,0.03168396653473643,0.00015336884065824725,6.371845553917519e-05,3.408196459072163e-05
2025-08-21,0.02152118481604739,0.03407520929207501,0.04035222153008886,0.00010520954286701015,0.029292723777397823,4.000926278041234e-05,0.03407520929207501,0.03168396653473643,0.02152118481604739,0.00013114147244690705,0.06546027048214413,0.000288214874473711,0.020026658092710762,0.0030607086027015433,5.7791157349484485e-05,0.029292723777397823,0.01942884740337611,0.06964494530748667,6.371845553917519e-05,0.01942884740337611,0.07472633616683118,0.13032273027495364,6.075480644432981e-05,3.852743823298958e-05,0.024510238262720623,0.06785151323948273,0.053802962040118474,0.017037604646037506,8.0759437834536e-05,0.02809710239872854,0.00011261866560412363,4.5195648696391725e-05,4.8900210064948444e-05,0.00011039592878298961,7.409122737113393e-05,5.556842052835045e-05,7.631396419226799e-05,0.025406954296722597,0.02152118481604739,7.335031509742261e-05,0.02241790085004936,0.00011780505152010299,5.1863859159793746e-05,0.018532131369374146,0.025108048952055283,0.018233226024706818,0.03168396653473643,0.00015336884065824725,6.371845553917519e-05,3.408196459072163e-05
2025-08-22,0.02152118481604739,0.03407520929207501,0.04035222153008886,0.00010520954286701015,0.029292723777397823,4.000926278041234e-05,0.03407520929207501,0.03168396653473643,0.02152118481604739,0.00013114147244690705,0.06546027048214413,0.000288214874473711,0.020026658092710762,0.0030607086027015433,5.7791157349484485e-05,0.029292723777397823,0.01942884740337611,0.06964494530748667,6.371845553917519e-05,0.01942884740337611,0.07472633616683118,0.13032273027495364,6.075480644432981e-05,3.852743823298958e-05,0.024510238262720623,0.06785151323948273,0.053802962040118474,0.017037604646037506,8.0759437834536e-05,0.02809710239872854,0.00011261866560412363,4.5195648696391725e-05,4.8900210064948444e-05,0.00011039592878298961,7.409122737113393e-05,5.556842052835045e-05,7.631396419226799e-05,0.025406954296722597,0.02152118481604739,7.335031509742261e-05,0.02241790085004936,0.00011780505152010299,5.1863859159793746e-05,0.018532131369374146,0.025108048952055283,0.018233226024706818,0.03168396653473643,0.00015336884065824725,6.371845553917519e-05,3.408196459072163e-05
2025-08-25,0.02152118481604739,0.03407520929207501,0.04035222153008886,0.00010520954286701015,0.029292723777397823,4.000926278041234e-05,0.03407520929207501,0.03168396653473643,0.02152118481604739,0.00013114147244690705,0.06546027048214413,0.000288214874473711,0.020026658092710762,0.0030607086027015433,5.7791157349484485e-05,0.029292723777397823,0.01942884740337611,0.06964494530748667,6.371845553917519e-05,0.01942884740337611,0.07472633616683118,0.13032273027495364,6.075480644432981e-05,3.852743823298958e-05,0.024510238262720623,0.06785151323948273,0.053802962040118474,0.017037604646037506,8.0759437834536e-05,0.02809710239872854,0.00011261866560412363,4.5195648696391725e-05,4.8900210064948444e-05,0.00011039592878298961,7.409122737113393e-05,5.556842052835045e-05,7.631396419226799e-05,0.025406954296722597,0.02152118481604739,7.335031509742261e-05,0.02241790085004936,0.00011780505152010299,5.1863859159793746e-05,0.018532131369374146,0.025108048952055283,0.018233226024706818,0.03168396653473643,0.00015336884065824725,6.371845553917519e-05,3.408196459072163e-05
2025-08-26,0.02152118481604739,0.03407520929207501,0.04035222153008886,0.00010520954286701015,0.029292723777397823,4.000926278041234e-05,0.03407520929207501,0.03168396653473643,0.02152118481604739,0.00013114147244690705,0.06546027048214413,0.000288214874473711,0.020026658092710762,0.0030607086027015433,5.7791157349484485e-05,0.029292723777397823,0.01942884740337611,0.06964494530748667,6.371845553917519e-05,0.01942884740337611,0.07472633616683118,0.13032273027495364,6.075480644432981e-05,3.852743823298958e-05,0.024510238262720623,0.06785151323948273,0.053802962040118474,0.017037604646037506,8.0759437834536e-05,0.02809710239872854,0.00011261866560412363,4.5195648696391725e-05,4.8900210064948444e-05,0.00011039592878298961,7.409122737113393e-05,5.556842052835045e-05,7.631396419226799e-05,0.025406954296722597,0.02152118481604739,7.335031509742261e-05,0.02241790085004936,0.00011780505152010299,5.1863859159793746e-05,0.018532131369374146,0.025108048952055283,0.018233226024706818,0.03168396653473643,0.00015336884065824725,6.371845553917519e-05,3.408196459072163e-05
2025-08-27,0.02152118481604739,0.03407520929207501,0.04035222153008886,0.00010520954286701015,0.029292723777397823,4.000926278041234e-05,0.03407520929207501,0.03168396653473643,0.02152118481604739,0.00013114147244690705,0.06546027048214413,0.000288214874473711,0.020026658092710762,0.0030607086027015433,5.7791157349484485e-05,0.029292723777397823,0.01942884740337611,0.06964494530748667,6.371845553917519e-05,0.01942884740337611,0.07472633616683118,0.13032273027495364,6.075480644432981e-05,3.852743823298958e-05,0.024510238262720623,0.06785151323948273,0.053802962040118474,0.017037604646037506,8.0759437834536e-05,0.02809710239872854,0.00011261866560412363,4.5195648696391725e-05,4.8900210064948444e-05,0.00011039592878298961,7.409122737113393e-05,5.556842052835045e-05,7.631396419226799e-05,0.025406954296722597,0.02152118481604739,7.335031509742261e-05,0.02241790085004936,0.00011780505152010299,5.1863859159793746e-05,0.018532131369374146,0.025108048952055283,0.018233226024706818,0.03168396653473643,0.00015336884065824725,6.371845553917519e-05,3.408196459072163e-05
2025-08-28,0.02152118481604739,0.03407520929207501,0.04035222153008886,0.00010520954286701015,0.029292723777397823,4.000926278041234e-05,0.03407520929207501,0.03168396653473643,0.02152118481604739,0.00013114147244690705,0.06546027048214413,0.000288214874473711,0.020026658092710762,0.0030607086027015433,5.7791157349484485e-05,0.029292723777397823,0.01942884740337611,0.06964494530748667,6.371845553917519e-05,0.01942884740337611,0.07472633616683118,0.13032273027495364,6.075480644432981e-05,3.852743823298958e-05,0.024510238262720623,0.06785151323948273,0.053802962040118474,0.017037604646037506,8.0759437834536e-05,0.02809710239872854,0.00011261866560412363,4.5195648696391725e-05,4.8900210064948444e-05,0.00011039592878298961,7.409122737113393e-05,5.556842052835045e-05,7.631396419226799e-05,0.025406954296722597,0.02152118481604739,7.335031509742261e-05,0.02241790085004936,0.00011780505152010299,5.1863859159793746e-05,0.018532131369374146,0.025108048952055283,0.018233226024706818,0.03168396653473643,0.00015336884065824725,6.371845553917519e-05,3.408196459072163e-05
2025-08-29,0.02152118481604739,0.03407520929207501,0.04035222153008886,0.00010520954286701015,0.029292723777397823,4.000926278041234e-05,0.03407520929207501,0.03168396653473643,0.02152118481604739,0.00013114147244690705,0.06546027048214413,0.000288214874473711,0.020026658092710762,0.0030607086027015433,5.7791157349484485e-05,0.029292723777397823,0.01942884740337611,0.06964494530748667,6.371845553917519e-05,0.01942884740337611,0.07472633616683118,0.13032273027495364,6.075480644432981e-05,3.852743823298958e-05,0.024510238262720623,0.06785151323948273,0.053802962040118474,0.017037604646037506,8.0759437834536e-05,0.02809710239872854,0.00011261866560412363,4.5195648696391725e-05,4.8900210064948444e-05,0.00011039592878298961,7.409122737113393e-05,5.556842052835045e-05,7.631396419226799e-05,0.025406954296722597,0.02152118481604739,7.335031509742261e-05,0.02241790085004936,0.00011780505152010299,5.1863859159793746e-05,0.018532131369374146,0.025108048952055283,0.018233226024706818,0.03168396653473643,0.00015336884065824725,6.371845553917519e-05,3.408196459072163e-05
2025-09-01,0.02152118481604739,0.03407520929207501,0.04035222153008886,0.00010520954286701015,0.029292723777397823,4.000926278041234e-05,0.03407520929207501,0.03168396653473643,0.02152118481604739,0.00013114147244690705,0.06546027048214413,0.000288214874473711,0.020026658092710762,0.0030607086027015433,5.7791157349484485e-05,0.029292723777397823,0.01942884740337611,0.06964494530748667,6.371845553917519e-05,0.01942884740337611,0.07472633616683118,0.13032273027495364,6.075480644432981e-05,3.852743823298958e-05,0.024510238262720623,0.06785151323948273,0.053802962040118474,0.017037604646037506,8.0759437834536e-05,0.02809710239872854,0.00011261866560412363,4.5195648696391725e-05,4.8900210064948444e-05,0.00011039592878298961,7.409122737113393e-05,5.556842052835045e-05,7.631396419226799e-05,0.025406954296722597,0.02152118481604739,7.335031509742261e-05,0.02241790085004936,0.00011780505152010299,5.1863859159793746e-05,0.018532131369374146,0.025108048952055283,0.018233226024706818,0.03168396653473643,0.00015336884065824725,6.371845553917519e-05,3.408196459072163e-05
2025-09-02,0.02152118481604739,0.03407520929207501,0.04035222153008886,0.00010520954286701015,0.029292723777397823,4.000926278041234e-05,0.03407520929207501,0.03168396653473643,0.02152118481604739,0.00013114147244690705,0.06546027048214413,0.000288214874473711,0.020026658092710762,0.0030607086027015433,5.7791157349484485e-05,0.029292723777397823,0.01942884740337611,0.06964494530748667,6.371845553917519e-05,0.01942884740337611,0.07472633616683118,0.13032273027495364,6.075480644432981e-05,3.852743823298958e-05,0.024510238262720623,0.06785151323948273,0.053802962040118474,0.017037604646037506,8.0759437834536e-05,0.02809710239872854,0.00011261866560412363,4.5195648696391725e-05,4.8900210064948444e-05,0.00011039592878298961,7.409122737113393e-05,5.556842052835045e-05,7.631396419226799e-05,0.025406954296722597,0.02152118481604739,7.335031509742261e-05,0.02241790085004936,0.00011780505152010299,5.1863859159793746e-05,0.018532131369374146,0.025108048952055283,0.018233226024706818,0.03168396653473643,0.00015336884065824725,6.371845553917519e-05,3.408196459072163e-05
2025-09-03,0.02152118481604739,0.03407520929207501,0.04035222153008886,0.00010520954286701015,0.029292723777397823,4.000926278041234e-05,0.03407520929207501,0.03168396653473643,0.02152118481604739,0.00013114147244690705,0.06546027048214413,0.000288214874473711,0.020026658092710762,0.0030607086027015433,5.7791157349484485e-05,0.029292723777397823,0.01942884740337611,0.06964494530748667,6.371845553917519e-05,0.01942884740337611,0.07472633616683118,0.13032273027495364,6.075480644432981e-05,3.852743823298958e-05,0.024510238262720623,0.06785151323948273,0.053802962040118474,0.017037604646037506,8.0759437834536e-05,0.02809710239872854,0.00011261866560412363,4.5195648696391725e-05,4.8900210064948444e-05,0.00011039592878298961,7.409122737113393e-05,5.556842052835045e-05,7.631396419226799e-05,0.025406954296722597,0.02152118481604739,7.335031509742261e-05,0.02241790085004936,0.00011780505152010299,5.1863859159793746e-05,0.018532131369374146,0.025108048952055283,0.018233226024706818,0.03168396653473643,0.00015336884065824725,6.371845553917519e-05,3.408196459072163e-05
2025-09-04,0.02152118481604739,0.03407520929207501,0.04035222153008886,0.00010520954286701015,0.029292723777397823,4.000926278041234e-05,0.03407520929207501,0.03168396653473643,0.02152118481604739,0.00013114147244690705,0.06546027048214413,0.000288214874473711,0.020026658092710762,0.0030607086027015433,5.7791157349484485e-05,0.029292723777397823,0.01942884740337611,0.06964494530748667,6.371845553917519e-05,0.01942884740337611,0.07472633616683118,0.13032273027495364,6.075480644432981e-05,3.852743823298958e-05,0.024510238262720623,0.06785151323948273,0.053802962040118474,0.017037604646037506,8.0759437834536e-05,0.02809710239872854,0.00011261866560412363,4.5195648696391725e-05,4.8900210064948444e-05,0.00011039592878298961,7.409122737113393e-05,5.556842052835045e-05,7.631396419226799e-05,0.025406954296722597,0.02152118481604739,7.335031509742261e-05,0.02241790085004936,0.00011780505152010299,5.1863859159793746e-05,0.018532131369374146,0.025108048952055283,0.018233226024706818,0.03168396653473643,0.00015336884065824725,6.371845553917519e-05,3.408196459072163e-05
2025-09-05,0.02152118481604739,0.03407520929207501,0.04035222153008886,0.00010520954286701015,0.029292723777397823,4.000926278041234e-05,0.03407520929207501,0.03168396653473643,0.02152118481604739,0.00013114147244690705,0.06546027048214413,0.000288214874473711,0.020026658092710762,0.0030607086027015433,5.7791157349484485e-05,0.029292723777397823,0.01942884740337611,0.06964494530748667,6.371845553917519e-05,0.01942884740337611,0.07472633616683118,0.13032273027495364,6.075480644432981e-05,3.852743823298958e-05,0.024510238262720623,0.06785151323948273,0.053802962040118474,0.017037604646037506,8.0759437834536e-05,0.02809710239872854,0.00011261866560412363,4.5195648696391725e-05,4.8900210064948444e-05,0.00011039592878298961,7.409122737113393e-05,5.556842052835045e-05,7.631396419226799e-05,0.025406954296722597,0.02152118481604739,7.335031509742261e-05,0.02241790085004936,0.00011780505152010299,5.1863859159793746e-05,0.018532131369374146,0.025108048952055283,0.018233226024706818,0.03168396653473643,0.00015336884065824725,6.371845553917519e-05,3.408196459072163e-05
2025-09-08,0.02152118481604739,0.03407520929207501,0.04035222153008886,0.00010520954286701015,0.029292723777397823,4.000926278041234e-05,0.03407520929207501,0.03168396653473643,0.02152118481604739,0.00013114147244690705,0.06546027048214413,0.000288214874473711,0.020026658092710762,0.0030607086027015433,5.7791157349484485e-05,0.029292723777397823,0.01942884740337611,0.06964494530748667,6.371845553917519e-05,0.01942884740337611,0.07472633616683118,0.13032273027495364,6.075480644432981e-05,3.852743823298958e-05,0.024510238262720623,0.06785151323948273,0.053802962040118474,0.017037604646037506,8.0759437834536e-05,0.02809710239872854,0.00011261866560412363,4.5195648696391725e-05,4.8900210064948444e-05,0.00011039592878298961,7.409122737113393e-05,5.556842052835045e-05,7.631396419226799e-05,0.025406954296722597,0.02152118481604739,7.335031509742261e-05,0.02241790085004936,0.00011780505152010299,5.1863859159793746e-05,0.018532131369374146,0.025108048952055283,0.018233226024706818,0.03168396653473643,0.00015336884065824725,6.371845553917519e-05,3.408196459072163e-05
2025-09-09,0.02152118481604739,0.03407520929207501,0.04035222153008886,0.00010520954286701015,0.029292723777397823,4.000926278041234e-05,0.03407520929207501,0.03168396653473643,0.02152118481604739,0.00013114147244690705,0.06546027048214413,0.000288214874473711,0.020026658092710762,0.0030607086027015433,5.7791157349484485e-05,0.029292723777397823,0.01942884740337611,0.06964494530748667,6.371845553917519e-05,0.01942884740337611,0.07472633616683118,0.13032273027495364,6.075480644432981e-05,3.852743823298958e-05,0.024510238262720623,0.06785151323948273,0.053802962040118474,0.017037604646037506,8.0759437834536e-05,0.02809710239872854,0.00011261866560412363,4.5195648696391725e-05,4.8900210064948444e-05,0.00011039592878298961,7.409122737113393e-05,5.556842052835045e-05,7.631396419226799e-05,0.025406954296722597,0.02152118481604739,7.335031509742261e-05,0.02241790085004936,0.00011780505152010299,5.1863859159793746e-05,0.018532131369374146,0.025108048952055283,0.018233226024706818,0.03168396653473643,0.00015336884065824725,6.371845553917519e-05,3.408196459072163e-05
2025-09-10,0.02152118481604739,0.03407520929207501,0.04035222153008886,0.00010520954286701015,0.029292723777397823,4.000926278041234e-05,0.03407520929207501,0.03168396653473643,0.02152118481604739,0.00013114147244690705,0.06546027048214413,0.000288214874473711,0.020026658092710762,0.0030607086027015433,5.7791157349484485e-05,0.029292723777397823,0.01942884740337611,0.06964494530748667,6.371845553917519e-05,0.01942884740337611,0.07472633616683118,0.13032273027495364,6.075480644432981e-05,3.852743823298958e-05,0.024510238262720623,0.06785151323948273,0.053802962040118474,0.017037604646037506,8.0759437834536e-05,0.02809710239872854,0.00011261866560412363,4.5195648696391725e-05,4.8900210064948444e-05,0.00011039592878298961,7.409122737113393e-05,5.556842052835045e-05,7.631396419226799e-05,0.025406954296722597,0.02152118481604739,7.335031509742261e-05,0.02241790085004936,0.00011780505152010299,5.1863859159793746e-05,0.018532131369374146,0.025108048952055283,0.018233226024706818,0.03168396653473643,0.00015336884065824725,6.371845553917519e-05,3.408196459072163e-05
2025-09-11,0.02152118481604739,0.03407520929207501,0.04035222153008886,0.00010520954286701015,0.029292723777397823,4.000926278041234e-05,0.03407520929207501,0.03168396653473643,0.02152118481604739,0.00013114147244690705,0.06546027048214413,0.000288214874473711,0.020026658092710762,0.0030607086027015433,5.7791157349484485e-05,0.029292723777397823,0.01942884740337611,0.06964494530748667,6.371845553917519e-05,0.01942884740337611,0.07472633616683118,0.13032273027495364,6.075480644432981e-05,3.852743823298958e-05,0.024510238262720623,0.06785151323948273,0.053802962040118474,0.017037604646037506,8.0759437834536e-05,0.02809710239872854,0.00011261866560412363,4.5195648696391725e-05,4.8900210064948444e-05,0.00011039592878298961,7.409122737113393e-05,5.556842052835045e-05,7.631396419226799e-05,0.025406954296722597,0.02152118481604739,7.335031509742261e-05,0.02241790085004936,0.00011780505152010299,5.1863859159793746e-05,0.018532131369374146,0.025108048952055283,0.018233226024706818,0.03168396653473643,0.00015336884065824725,6.371845553917519e-05,3.408196459072163e-05
2025-09-12,0.02152118481604739,0.03407520929207501,0.04035222153008886,0.00010520954286701015,0.029292723777397823,4.000926278041234e-05,0.03407520929207501,0.03168396653473643,0.02152118481604739,0.00013114147244690705,0.06546027048214413,0.000288214874473711,0.020026658092710762,0.0030607086027015433,5.7791157349484485e-05,0.029292723777397823,0.01942884740337611,0.06964494530748667,6.371845553917519e-05,0.01942884740337611,0.07472633616683118,0.13032273027495364,6.075480644432981e-05,3.852743823298958e-05,0.024510238262720623,0.06785151323948273,0.053802962040118474,0.017037604646037506,8.0759437834536e-05,0.02809710239872854,0.00011261866560412363,4.5195648696391725e-05,4.8900210064948444e-05,0.00011039592878298961,7.409122737113393e-05,5.556842052835045e-05,7.631396419226799e-05,0.025406954296722597,0.02152118481604739,7.335031509742261e-05,0.02241790085004936,0.00011780505152010299,5.1863859159793746e-05,0.018532131369374146,0.025108048952055283,0.018233226024706818,0.03168396653473643,0.00015336884065824725,6.371845553917519e-05,3.408196459072163e-05
2025-09-15,0.02152118481604739,0.03407520929207501,0.04035222153008886,0.00010520954286701015,0.029292723777397823,4.000926278041234e-05,0.03407520929207501,0.03168396653473643,0.02152118481604739,0.00013114147244690705,0.06546027048214413,0.000288214874473711,0.020026658092710762,0.0030607086027015433,5.7791157349484485e-05,0.029292723777397823,0.01942884740337611,0.06964494530748667,6.371845553917519e-05,0.01942884740337611,0.07472633616683118,0.13032273027495364,6.075480644432981e-05,3.852743823298958e-05,0.024510238262720623,0.06785151323948273,0.053802962040118474,0.017037604646037506,8.0759437834536e-05,0.02809710239872854,0.00011261866560412363,4.5195648696391725e-05,4.8900210064948444e-05,0.00011039592878298961,7.409122737113393e-05,5.556842052835045e-05,7.631396419226799e-05,0.025406954296722597,0.02152118481604739,7.335031509742261e-05,0.02241790085004936,0.00011780505152010299,5.1863859159793746e-05,0.018532131369374146,0.025108048952055283,0.018233226024706818,0.03168396653473643,0.00015336884065824725,6.371845553917519e-05,3.408196459072163e-05
2025-09-16,0.02152118481604739,0.03407520929207501,0.04035222153008886,0.00010520954286701015,0.029292723777397823,4.000926278041234e-05,0.03407520929207501,0.03168396653473643,0.02152118481604739,0.00013114147244690705,0.06546027048214413,0.000288214874473711,0.020026658092710762,0.0030607086027015433,5.7791157349484485e-05,0.029292723777397823,0.01942884740337611,0.06964494530748667,6.371845553917519e-05,0.01942884740337611,0.07472633616683118,0.13032273027495364,6.075480644432981e-05,3.852743823298958e-05,0.024510238262720623,0.06785151323948273,0.053802962040118474,0.017037604646037506,8.0759437834536e-05,0.02809710239872854,0.00011261866560412363,4.5195648696391725e-05,4.8900210064948444e-05,0.00011039592878298961,7.409122737113393e-05,5.556842052835045e-05,7.631396419226799e-05,0.025406954296722597,0.02152118481604739,7.335031509742261e-05,0.02241790085004936,0.00011780505152010299,5.1863859159793746e-05,0.018532131369374146,0.025108048952055283,0.018233226024706818,0.03168396653473643,0.00015336884065824725,6.371845553917519e-05,3.408196459072163e-05
2025-09-17,0.02152118481604739,0.03407520929207501,0.04035222153008886,0.00010520954286701015,0.029292723777397823,4.000926278041234e-05,0.03407520929207501,0.03168396653473643,0.02152118481604739,0.00013114147244690705,0.06546027048214413,0.000288214874473711,0.020026658092710762,0.0030607086027015433,5.7791157349484485e-05,0.029292723777397823,0.01942884740337611,0.06964494530748667,6.371845553917519e-05,0.01942884740337611,0.07472633616683118,0.13032273027495364,6.075480644432981e-05,3.852743823298958e-05,0.024510238262720623,0.06785151323948273,0.053802962040118474,0.017037604646037506,8.0759437834536e-05,0.02809710239872854,0.00011261866560412363,4.5195648696391725e-05,4.8900210064948444e-05,0.00011039592878298961,7.409122737113393e-05,5.556842052835045e-05,7.631396419226799e-05,0.025406954296722597,0.02152118481604739,7.335031509742261e-05,0.02241790085004936,0.00011780505152010299,5.1863859159793746e-05,0.018532131369374146,0.025108048952055283,0.018233226024706818,0.03168396653473643,0.00015336884065824725,6.371845553917519e-05,3.408196459072163e-05
2025-09-18,0.02152118481604739,0.03407520929207501,0.04035222153008886,0.00010520954286701015,0.029292723777397823,4.000926278041234e-05,0.03407520929207501,0.03168396653473643,0.02152118481604739,0.00013114147244690705,0.06546027048214413,0.000288214874473711,0.020026658092710762,0.0030607086027015433,5.7791157349484485e-05,0.029292723777397823,0.01942884740337611,0.06964494530748667,6.371845553917519e-05,0.01942884740337611,0.07472633616683118,0.13032273027495364,6.075480644432981e-05,3.852743823298958e-05,0.024510238262720623,0.06785151323948273,0.053802962040118474,0.017037604646037506,8.0759437834536e-05,0.02809710239872854,0.00011261866560412363,4.5195648696391725e-05,4.8900210064948444e-05,0.00011039592878298961,7.409122737113393e-05,5.556842052835045e-05,7.631396419226799e-05,0.025406954296722597,0.02152118481604739,7.335031509742261e-05,0.02241790085004936,0.00011780505152010299,5.1863859159793746e-05,0.018532131369374146,0.025108048952055283,0.018233226024706818,0.03168396653473643,0.00015336884065824725,6.371845553917519e-05,3.408196459072163e-05
2025-09-19,0.02152118481604739,0.03407520929207501,0.04035222153008886,0.00010520954286701015,0.029292723777397823,4.000926278041234e-05,0.03407520929207501,0.03168396653473643,0.02152118481604739,0.00013114147244690705,0.06546027048214413,0.000288214874473711,0.020026658092710762,0.0030607086027015433,5.7791157349484485e-05,0.029292723777397823,0.01942884740337611,0.06964494530748667,6.371845553917519e-05,0.01942884740337611,0.07472633616683118,0.13032273027495364,6.075480644432981e-05,3.852743823298958e-05,0.024510238262720623,0.06785151323948273,0.053802962040118474,0.017037604646037506,8.0759437834536e-05,0.02809710239872854,0.00011261866560412363,4.5195648696391725e-05,4.8900210064948444e-05,0.00011039592878298961,7.409122737113393e-05,5.556842052835045e-05,7.631396419226799e-05,0.025406954296722597,0.02152118481604739,7.335031509742261e-05,0.02241790085004936,0.00011780505152010299,5.1863859159793746e-05,0.018532131369374146,0.025108048952055283,0.018233226024706818,0.03168396653473643,0.00015336884065824725,6.371845553917519e-05,3.408196459072163e-05
2025-09-22,0.02152118481604739,0.03407520929207501,0.04035222153008886,0.00010520954286701015,0.029292723777397823,4.000926278041234e-05,0.03407520929207501,0.03168396653473643,0.02152118481604739,0.00013114147244690705,0.06546027048214413,0.000288214874473711,0.020026658092710762,0.0030607086027015433,5.7791157349484485e-05,0.029292723777397823,0.01942884740337611,0.06964494530748667,6.371845553917519e-05,0.01942884740337611,0.07472633616683118,0.13032273027495364,6.075480644432981e-05,3.852743823298958e-05,0.024510238262720623,0.06785151323948273,0.053802962040118474,0.017037604646037506,8.0759437834536e-05,0.02809710239872854,0.00011261866560412363,4.5195648696391725e-05,4.8900210064948444e-05,0.00011039592878298961,7.409122737113393e-05,5.556842052835045e-05,7.631396419226799e-05,0.025406954296722597,0.02152118481604739,7.335031509742261e-05,0.02241790085004936,0.00011780505152010299,5.1863859159793746e-05,0.018532131369374146,0.025108048952055283,0.018233226024706818,0.03168396653473643,0.00015336884065824725,6.371845553917519e-05,3.408196459072163e-05
2025-09-23,0.02152118481604739,0.03407520929207501,0.04035222153008886,0.00010520954286701015,0.029292723777397823,4.000926278041234e-05,0.03407520929207501,0.03168396653473643,0.02152118481604739,0.00013114147244690705,0.06546027048214413,0.000288214874473711,0.020026658092710762,0.0030607086027015433,5.7791157349484485e-05,0.029292723777397823,0.01942884740337611,0.06964494530748667,6.371845553917519e-05,0.01942884740337611,0.07472633616683118,0.13032273027495364,6.075480644432981e-05,3.852743823298958e-05,0.024510238262720623,0.06785151323948273,0.053802962040118474,0.017037604646037506,8.0759437834536e-05,0.02809710239872854,0.00011261866560412363,4.5195648696391725e-05,4.8900210064948444e-05,0.00011039592878298961,7.409122737113393e-05,5.556842052835045e-05,7.631396419226799e-05,0.025406954296722597,0.02152118481604739,7.335031509742261e-05,0.02241790085004936,0.00011780505152010299,5.1863859159793746e-05,0.018532131369374146,0.025108048952055283,0.018233226024706818,0.03168396653473643,0.00015336884065824725,6.371845553917519e-05,3.408196459072163e-05
2025-09-24,0.02152118481604739,0.03407520929207501,0.04035222153008886,0.00010520954286701015,0.029292723777397823,4.000926278041234e-05,0.03407520929207501,0.03168396653473643,0.02152118481604739,0.00013114147244690705,0.06546027048214413,0.000288214874473711,0.020026658092710762,0.0030607086027015433,5.7791157349484485e-05,0.029292723777397823,0.01942884740337611,0.06964494530748667,6.371845553917519e-05,0.01942884740337611,0.07472633616683118,0.13032273027495364,6.075480644432981e-05,3.852743823298958e-05,0.024510238262720623,0.06785151323948273,0.053802962040118474,0.017037604646037506,8.0759437834536e-05,0.02809710239872854,0.00011261866560412363,4.5195648696391725e-05,4.8900210064948444e-05,0.00011039592878298961,7.409122737113393e-05,5.556842052835045e-05,7.631396419226799e-05,0.025406954296722597,0.02152118481604739,7.335031509742261e-05,0.02241790085004936,0.00011780505152010299,5.1863859159793746e-05,0.018532131369374146,0.025108048952055283,0.018233226024706818,0.03168396653473643,0.00015336884065824725,6.371845553917519e-05,3.408196459072163e-05
2025-09-25,0.02152118481604739,0.03407520929207501,0.04035222153008886,0.00010520954286701015,0.029292723777397823,4.000926278041234e-05,0.03407520929207501,0.03168396653473643,0.02152118481604739,0.00013114147244690705,0.06546027048214413,0.000288214874473711,0.020026658092710762,0.0030607086027015433,5.7791157349484485e-05,0.029292723777397823,0.01942884740337611,0.06964494530748667,6.371845553917519e-05,0.01942884740337611,0.07472633616683118,0.13032273027495364,6.075480644432981e-05,3.852743823298958e-05,0.024510238262720623,0.06785151323948273,0.053802962040118474,0.017037604646037506,8.0759437834536e-05,0.02809710239872854,0.00011261866560412363,4.5195648696391725e-05,4.8900210064948444e-05,0.00011039592878298961,7.409122737113393e-05,5.556842052835045e-05,7.631396419226799e-05,0.025406954296722597,0.02152118481604739,7.335031509742261e-05,0.02241790085004936,0.00011780505152010299,5.1863859159793746e-05,0.018532131369374146,0.025108048952055283,0.018233226024706818,0.03168396653473643,0.00015336884065824725,6.371845553917519e-05,3.408196459072163e-05
2025-09-26,0.02152118481604739,0.03407520929207501,0.04035222153008886,0.00010520954286701015,0.029292723777397823,4.000926278041234e-05,0.03407520929207501,0.03168396653473643,0.02152118481604739,0.00013114147244690705,0.06546027048214413,0.000288214874473711,0.020026658092710762,0.0030607086027015433,5.7791157349484485e-05,0.029292723777397823,0.01942884740337611,0.06964494530748667,6.371845553917519e-05,0.01942884740337611,0.07472633616683118,0.13032273027495364,6.075480644432981e-05,3.852743823298958e-05,0.024510238262720623,0.06785151323948273,0.053802962040118474,0.017037604646037506,8.0759437834536e-05,0.02809710239872854,0.00011261866560412363,4.5195648696391725e-05,4.8900210064948444e-05,0.00011039592878298961,7.409122737113393e-05,5.556842052835045e-05,7.631396419226799e-05,0.025406954296722597,0.02152118481604739,7.335031509742261e-05,0.02241790085004936,0.00011780505152010299,5.1863859159793746e-05,0.018532131369374146,0.025108048952055283,0.018233226024706818,0.03168396653473643,0.00015336884065824725,6.371845553917519e-05,3.408196459072163e-05
2025-09-30,0.02152118481604739,0.03407520929207501,0.04035222153008886,0.00010520954286701015,0.029292723777397823,4.000926278041234e-05,0.03407520929207501,0.03168396653473643,0.02152118481604739,0.00013114147244690705,0.06546027048214413,0.000288214874473711,0.020026658092710762,0.0030607086027015433,5.7791157349484485e-05,0.029292723777397823,0.01942884740337611,0.06964494530748667,6.371845553917519e-05,0.01942884740337611,0.07472633616683118,0.13032273027495364,6.075480644432981e-05,3.852743823298958e-05,0.024510238262720623,0.06785151323948273,0.053802962040118474,0.017037604646037506,8.0759437834536e-05,0.02809710239872854,0.00011261866560412363,4.5195648696391725e-05,4.8900210064948444e-05,0.00011039592878298961,7.409122737113393e-05,5.556842052835045e-05,7.631396419226799e-05,0.025406954296722597,0.02152118481604739,7.335031509742261e-05,0.02241790085004936,0.00011780505152010299,5.1863859159793746e-05,0.018532131369374146,0.025108048952055283,0.018233226024706818,0.03168396653473643,0.00015336884065824725,6.371845553917519e-05,3.408196459072163e-05
2025-10-01,0.02152118481604739,0.03407520929207501,0.04035222153008886,0.00010520954286701015,0.029292723777397823,4.000926278041234e-05,0.03407520929207501,0.03168396653473643,0.02152118481604739,0.00013114147244690705,0.06546027048214413,0.000288214874473711,0.020026658092710762,0.0030607086027015433,5.7791157349484485e-05,0.029292723777397823,0.01942884740337611,0.06964494530748667,6.371845553917519e-05,0.01942884740337611,0.07472633616683118,0.13032273027495364,6.075480644432981e-05,3.852743823298958e-05,0.024510238262720623,0.06785151323948273,0.053802962040118474,0.017037604646037506,8.0759437834536e-05,0.02809710239872854,0.00011261866560412363,4.5195648696391725e-05,4.8900210064948444e-05,0.00011039592878298961,7.409122737113393e-05,5.556842052835045e-05,7.631396419226799e-05,0.025406954296722597,0.02152118481604739,7.335031509742261e-05,0.02241790085004936,0.00011780505152010299,5.1863859159793746e-05,0.018532131369374146,0.025108048952055283,0.018233226024706818,0.03168396653473643,0.00015336884065824725,6.371845553917519e-05,3.408196459072163e-05
2025-10-02,0.02152118481604739,0.03407520929207501,0.04035222153008886,0.00010520954286701015,0.029292723777397823,4.000926278041234e-05,0.03407520929207501,0.03168396653473643,0.02152118481604739,0.00013114147244690705,0.06546027048214413,0.000288214874473711,0.020026658092710762,0.0030607086027015433,5.7791157349484485e-05,0.029292723777397823,0.01942884740337611,0.06964494530748667,6.371845553917519e-05,0.01942884740337611,0.07472633616683118,0.13032273027495364,6.075480644432981e-05,3.852743823298958e-05,0.024510238262720623,0.06785151323948273,0.053802962040118474,0.017037604646037506,8.0759437834536e-05,0.02809710239872854,0.00011261866560412363,4.5195648696391725e-05,4.8900210064948444e-05,0.00011039592878298961,7.409122737113393e-05,5.556842052835045e-05,7.631396419226799e-05,0.025406954296722597,0.02152118481604739,7.335031509742261e-05,0.02241790085004936,0.00011780505152010299,5.1863859159793746e-05,0.018532131369374146,0.025108048952055283,0.018233226024706818,0.03168396653473643,0.00015336884065824725,6.371845553917519e-05,3.408196459072163e-05
2025-10-03,0.02152118481604739,0.03407520929207501,0.04035222153008886,0.00010520954286701015,0.029292723777397823,4.000926278041234e-05,0.03407520929207501,0.03168396653473643,0.02152118481604739,0.00013114147244690705,0.06546027048214413,0.000288214874473711,0.020026658092710762,0.0030607086027015433,5.7791157349484485e-05,0.029292723777397823,0.01942884740337611,0.06964494530748667,6.371845553917519e-05,0.01942884740337611,0.07472633616683118,0.13032273027495364,6.075480644432981e-05,3.852743823298958e-05,0.024510238262720623,0.06785151323948273,0.053802962040118474,0.017037604646037506,8.0759437834536e-05,0.02809710239872854,0.00011261866560412363,4.5195648696391725e-05,4.8900210064948444e-05,0.00011039592878298961,7.409122737113393e-05,5.556842052835045e-05,7.631396419226799e-05,0.025406954296722597,0.02152118481604739,7.335031509742261e-05,0.02241790085004936,0.00011780505152010299,5.1863859159793746e-05,0.018532131369374146,0.025108048952055283,0.018233226024706818,0.03168396653473643,0.00015336884065824725,6.371845553917519e-05,3.408196459072163e-05
2025-10-07,0.02152118481604739,0.03407520929207501,0.04035222153008886,0.00010520954286701015,0.029292723777397823,4.000926278041234e-05,0.03407520929207501,0.03168396653473643,0.02152118481604739,0.00013114147244690705,0.06546027048214413,0.000288214874473711,0.020026658092710762,0.0030607086027015433,5.7791157349484485e-05,0.029292723777397823,0.01942884740337611,0.06964494530748667,6.371845553917519e-05,0.01942884740337611,0.07472633616683118,0.13032273027495364,6.075480644432981e-05,3.852743823298958e-05,0.024510238262720623,0.06785151323948273,0.053802962040118474,0.017037604646037506,8.0759437834536e-05,0.02809710239872854,0.00011261866560412363,4.5195648696391725e-05,4.8900210064948444e-05,0.00011039592878298961,7.409122737113393e-05,5.556842052835045e-05,7.631396419226799e-05,0.025406954296722597,0.02152118481604739,7.335031509742261e-05,0.02241790085004936,0.00011780505152010299,5.1863859159793746e-05,0.018532131369374146,0.025108048952055283,0.018233226024706818,0.03168396653473643,0.00015336884065824725,6.371845553917519e-05,3.408196459072163e-05
2025-10-08,0.02152118481604739,0.03407520929207501,0.04035222153008886,0.00010520954286701015,0.029292723777397823,4.000926278041234e-05,0.03407520929207501,0.03168396653473643,0.02152118481604739,0.00013114147244690705,0.06546027048214413,0.000288214874473711,0.020026658092710762,0.0030607086027015433,5.7791157349484485e-05,0.029292723777397823,0.01942884740337611,0.06964494530748667,6.371845553917519e-05,0.01942884740337611,0.07472633616683118,0.13032273027495364,6.075480644432981e-05,3.852743823298958e-05,0.024510238262720623,0.06785151323948273,0.053802962040118474,0.017037604646037506,8.0759437834536e-05,0.02809710239872854,0.00011261866560412363,4.5195648696391725e-05,4.8900210064948444e-05,0.00011039592878298961,7.409122737113393e-05,5.556842052835045e-05,7.631396419226799e-05,0.025406954296722597,0.02152118481604739,7.335031509742261e-05,0.02241790085004936,0.00011780505152010299,5.1863859159793746e-05,0.018532131369374146,0.025108048952055283,0.018233226024706818,0.03168396653473643,0.00015336884065824725,6.371845553917519e-05,3.408196459072163e-05
2025-10-09,0.02152118481604739,0.03407520929207501,0.04035222153008886,0.00010520954286701015,0.029292723777397823,4.000926278041234e-05,0.03407520929207501,0.03168396653473643,0.02152118481604739,0.00013114147244690705,0.06546027048214413,0.000288214874473711,0.020026658092710762,0.0030607086027015433,5.7791157349484485e-05,0.029292723777397823,0.01942884740337611,0.06964494530748667,6.371845553917519e-05,0.01942884740337611,0.07472633616683118,0.13032273027495364,6.075480644432981e-05,3.852743823298958e-05,0.024510238262720623,0.06785151323948273,0.053802962040118474,0.017037604646037506,8.0759437834536e-05,0.02809710239872854,0.00011261866560412363,4.5195648696391725e-05,4.8900210064948444e-05,0.00011039592878298961,7.409122737113393e-05,5.556842052835045e-05,7.631396419226799e-05,0.025406954296722597,0.02152118481604739,7.335031509742261e-05,0.02241790085004936,0.00011780505152010299,5.1863859159793746e-05,0.018532131369374146,0.025108048952055283,0.018233226024706818,0.03168396653473643,0.00015336884065824725,6.371845553917519e-05,3.408196459072163e-05
2025-10-13,0.02152118481604739,0.03407520929207501,0.04035222153008886,0.00010520954286701015,0.029292723777397823,4.000926278041234e-05,0.03407520929207501,0.03168396653473643,0.02152118481604739,0.00013114147244690705,0.06546027048214413,0.000288214874473711,0.020026658092710762,0.0030607086027015433,5.7791157349484485e-05,0.029292723777397823,0.01942884740337611,0.06964494530748667,6.371845553917519e-05,0.01942884740337611,0.07472633616683118,0.13032273027495364,6.075480644432981e-05,3.852743823298958e-05,0.024510238262720623,0.06785151323948273,0.053802962040118474,0.017037604646037506,8.0759437834536e-05,0.02809710239872854,0.00011261866560412363,4.5195648696391725e-05,4.8900210064948444e-05,0.00011039592878298961,7.409122737113393e-05,5.556842052835045e-05,7.631396419226799e-05,0.025406954296722597,0.02152118481604739,7.335031509742261e-05,0.02241790085004936,0.00011780505152010299,5.1863859159793746e-05,0.018532131369374146,0.025108048952055283,0.018233226024706818,0.03168396653473643,0.00015336884065824725,6.371845553917519e-05,3.408196459072163e-05
2025-10-14,0.02152118481604739,0.03407520929207501,0.04035222153008886,0.00010520954286701015,0.029292723777397823,4.000926278041234e-05,0.03407520929207501,0.03168396653473643,0.02152118481604739,0.00013114147244690705,0.06546027048214413,0.000288214874473711,0.020026658092710762,0.0030607086027015433,5.7791157349484485e-05,0.029292723777397823,0.01942884740337611,0.06964494530748667,6.371845553917519e-05,0.01942884740337611,0.07472633616683118,0.13032273027495364,6.075480644432981e-05,3.852743823298958e-05,0.024510238262720623,0.06785151323948273,0.053802962040118474,0.017037604646037506,8.0759437834536e-05,0.02809710239872854,0.00011261866560412363,4.5195648696391725e-05,4.8900210064948444e-05,0.00011039592878298961,7.409122737113393e-05,5.556842052835045e-05,7.631396419226799e-05,0.025406954296722597,0.02152118481604739,7.335031509742261e-05,0.02241790085004936,0.00011780505152010299,5.1863859159793746e-05,0.018532131369374146,0.025108048952055283,0.018233226024706818,0.03168396653473643,0.00015336884065824725,6.371845553917519e-05,3.408196459072163e-05
2025-10-15,0.02152118481604739,0.03407520929207501,0.04035222153008886,0.00010520954286701015,0.029292723777397823,4.000926278041234e-05,0.03407520929207501,0.03168396653473643,0.02152118481604739,0.00013114147244690705,0.06546027048214413,0.000288214874473711,0.020026658092710762,0.0030607086027015433,5.7791157349484485e-05,0.029292723777397823,0.01942884740337611,0.06964494530748667,6.371845553917519e-05,0.01942884740337611,0.07472633616683118,0.13032273027495364,6.075480644432981e-05,3.852743823298958e-05,0.024510238262720623,0.06785151323948273,0.053802962040118474,0.017037604646037506,8.0759437834536e-05,0.02809710239872854,0.00011261866560412363,4.5195648696391725e-05,4.8900210064948444e-05,0.00011039592878298961,7.409122737113393e-05,5.556842052835045e-05,7.631396419226799e-05,0.025406954296722597,0.02152118481604739,7.335031509742261e-05,0.02241790085004936,0.00011780505152010299,5.1863859159793746e-05,0.018532131369374146,0.025108048952055283,0.018233226024706818,0.03168396653473643,0.00015336884065824725,6.371845553917519e-05,3.408196459072163e-05
2025-10-16,0.02152118481604739,0.03407520929207501,0.04035222153008886,0.00010520954286701015,0.029292723777397823,4.000926278041234e-05,0.03407520929207501,0.03168396653473643,0.02152118481604739,0.00013114147244690705,0.06546027048214413,0.000288214874473711,0.020026658092710762,0.0030607086027015433,5.7791157349484485e-05,0.029292723777397823,0.01942884740337611,0.06964494530748667,6.371845553917519e-05,0.01942884740337611,0.07472633616683118,0.13032273027495364,6.075480644432981e-05,3.852743823298958e-05,0.024510238262720623,0.06785151323948273,0.053802962040118474,0.017037604646037506,8.0759437834536e-05,0.02809710239872854,0.00011261866560412363,4.5195648696391725e-05,4.8900210064948444e-05,0.00011039592878298961,7.409122737113393e-05,5.556842052835045e-05,7.631396419226799e-05,0.025406954296722597,0.02152118481604739,7.335031509742261e-05,0.02241790085004936,0.00011780505152010299,5.1863859159793746e-05,0.018532131369374146,0.025108048952055283,0.018233226024706818,0.03168396653473643,0.00015336884065824725,6.371845553917519e-05,3.408196459072163e-05
2025-10-17,0.02152118481604739,0.03407520929207501,0.04035222153008886,0.00010520954286701015,0.029292723777397823,4.000926278041234e-05,0.03407520929207501,0.03168396653473643,0.02152118481604739,0.00013114147244690705,0.06546027048214413,0.000288214874473711,0.020026658092710762,0.0030607086027015433,5.7791157349484485e-05,0.029292723777397823,0.01942884740337611,0.06964494530748667,6.371845553917519e-05,0.01942884740337611,0.07472633616683118,0.13032273027495364,6.075480644432981e-05,3.852743823298958e-05,0.024510238262720623,0.06785151323948273,0.053802962040118474,0.017037604646037506,8.0759437834536e-05,0.02809710239872854,0.00011261866560412363,4.5195648696391725e-05,4.8900210064948444e-05,0.00011039592878298961,7.409122737113393e-05,5.556842052835045e-05,7.631396419226799e-05,0.025406954296722597,0.02152118481604739,7.335031509742261e-05,0.02241790085004936,0.00011780505152010299,5.1863859159793746e-05,0.018532131369374146,0.025108048952055283,0.018233226024706818,0.03168396653473643,0.00015336884065824725,6.371845553917519e-05,3.408196459072163e-05
2025-10-20,0.02152118481604739,0.03407520929207501,0.04035222153008886,0.00010520954286701015,0.029292723777397823,4.000926278041234e-05,0.03407520929207501,0.03168396653473643,0.02152118481604739,0.00013114147244690705,0.06546027048214413,0.000288214874473711,0.020026658092710762,0.0030607086027015433,5.7791157349484485e-05,0.029292723777397823,0.01942884740337611,0.06964494530748667,6.371845553917519e-05,0.01942884740337611,0.07472633616683118,0.13032273027495364,6.075480644432981e-05,3.852743823298958e-05,0.024510238262720623,0.06785151323948273,0.053802962040118474,0.017037604646037506,8.0759437834536e-05,0.02809710239872854,0.00011261866560412363,4.5195648696391725e-05,4.8900210064948444e-05,0.00011039592878298961,7.409122737113393e-05,5.556842052835045e-05,7.631396419226799e-05,0.025406954296722597,0.02152118481604739,7.335031509742261e-05,0.02241790085004936,0.00011780505152010299,5.1863859159793746e-05,0.018532131369374146,0.025108048952055283,0.018233226024706818,0.03168396653473643,0.00015336884065824725,6.371845553917519e-05,3.408196459072163e-05
2025-10-21,0.02152118481604739,0.03407520929207501,0.04035222153008886,0.00010520954286701015,0.029292723777397823,4.000926278041234e-05,0.03407520929207501,0.03168396653473643,0.02152118481604739,0.00013114147244690705,0.06546027048214413,0.000288214874473711,0.020026658092710762,0.0030607086027015433,5.7791157349484485e-05,0.029292723777397823,0.01942884740337611,0.06964494530748667,6.371845553917519e-05,0.01942884740337611,0.07472633616683118,0.13032273027495364,6.075480644432981e-05,3.852743823298958e-05,0.024510238262720623,0.06785151323948273,0.053802962040118474,0.017037604646037506,8.0759437834536e-05,0.02809710239872854,0.00011261866560412363,4.5195648696391725e-05,4.8900210064948444e-05,0.00011039592878298961,7.409122737113393e-05,5.556842052835045e-05,7.631396419226799e-05,0.025406954296722597,0.02152118481604739,7.335031509742261e-05,0.02241790085004936,0.00011780505152010299,5.1863859159793746e-05,0.018532131369374146,0.025108048952055283,0.018233226024706818,0.03168396653473643,0.00015336884065824725,6.371845553917519e-05,3.408196459072163e-05
2025-10-22,0.02152118481604739,0.03407520929207501,0.04035222153008886,0.00010520954286701015,0.029292723777397823,4.000926278041234e-05,0.03407520929207501,0.03168396653473643,0.02152118481604739,0.00013114147244690705,0.06546027048214413,0.000288214874473711,0.020026658092710762,0.0030607086027015433,5.7791157349484485e-05,0.029292723777397823,0.01942884740337611,0.06964494530748667,6.371845553917519e-05,0.01942884740337611,0.07472633616683118,0.13032273027495364,6.075480644432981e-05,3.852743823298958e-05,0.024510238262720623,0.06785151323948273,0.053802962040118474,0.017037604646037506,8.0759437834536e-05,0.02809710239872854,0.00011261866560412363,4.5195648696391725e-05,4.8900210064948444e-05,0.00011039592878298961,7.409122737113393e-05,5.556842052835045e-05,7.631396419226799e-05,0.025406954296722597,0.02152118481604739,7.335031509742261e-05,0.02241790085004936,0.00011780505152010299,5.1863859159793746e-05,0.018532131369374146,0.025108048952055283,0.018233226024706818,0.03168396653473643,0.00015336884065824725,6.371845553917519e-05,3.408196459072163e-05
2025-10-23,0.02152118481604739,0.03407520929207501,0.04035222153008886,0.00010520954286701015,0.029292723777397823,4.000926278041234e-05,0.03407520929207501,0.03168396653473643,0.02152118481604739,0.00013114147244690705,0.06546027048214413,0.000288214874473711,0.020026658092710762,0.0030607086027015433,5.7791157349484485e-05,0.029292723777397823,0.01942884740337611,0.06964494530748667,6.371845553917519e-05,0.01942884740337611,0.07472633616683118,0.13032273027495364,6.075480644432981e-05,3.852743823298958e-05,0.024510238262720623,0.06785151323948273,0.053802962040118474,0.017037604646037506,8.0759437834536e-05,0.02809710239872854,0.00011261866560412363,4.5195648696391725e-05,4.8900210064948444e-05,0.00011039592878298961,7.409122737113393e-05,5.556842052835045e-05,7.631396419226799e-05,0.025406954296722597,0.02152118481604739,7.335031509742261e-05,0.02241790085004936,0.00011780505152010299,5.1863859159793746e-05,0.018532131369374146,0.025108048952055283,0.018233226024706818,0.03168396653473643,0.00015336884065824725,6.371845553917519e-05,3.408196459072163e-05
2025-10-27,0.02152118481604739,0.03407520929207501,0.04035222153008886,0.00010520954286701015,0.029292723777397823,4.000926278041234e-05,0.03407520929207501,0.03168396653473643,0.02152118481604739,0.00013114147244690705,0.06546027048214413,0.000288214874473711,0.020026658092710762,0.0030607086027015433,5.7791157349484485e-05,0.029292723777397823,0.01942884740337611,0.06964494530748667,6.371845553917519e-05,0.01942884740337611,0.07472633616683118,0.13032273027495364,6.075480644432981e-05,3.852743823298958e-05,0.024510238262720623,0.06785151323948273,0.053802962040118474,0.017037604646037506,8.0759437834536e-05,0.02809710239872854,0.00011261866560412363,4.5195648696391725e-05,4.8900210064948444e-05,0.00011039592878298961,7.409122737113393e-05,5.556842052835045e-05,7.631396419226799e-05,0.025406954296722597,0.02152118481604739,7.335031509742261e-05,0.02241790085004936,0.00011780505152010299,5.1863859159793746e-05,0.018532131369374146,0.025108048952055283,0.018233226024706818,0.03168396653473643,0.00015336884065824725,6.371845553917519e-05,3.408196459072163e-05
2025-10-28,0.02152118481604739,0.03407520929207501,0.04035222153008886,0.00010520954286701015,0.029292723777397823,4.000926278041234e-05,0.03407520929207501,0.03168396653473643,0.02152118481604739,0.00013114147244690705,0.06546027048214413,0.000288214874473711,0.020026658092710762,0.0030607086027015433,5.7791157349484485e-05,0.029292723777397823,0.01942884740337611,0.06964494530748667,6.371845553917519e-05,0.01942884740337611,0.07472633616683118,0.13032273027495364,6.075480644432981e-05,3.852743823298958e-05,0.024510238262720623,0.06785151323948273,0.053802962040118474,0.017037604646037506,8.0759437834536e-05,0.02809710239872854,0.00011261866560412363,4.5195648696391725e-05,4.8900210064948444e-05,0.00011039592878298961,7.409122737113393e-05,5.556842052835045e-05,7.631396419226799e-05,0.025406954296722597,0.02152118481604739,7.335031509742261e-05,0.02241790085004936,0.00011780505152010299,5.1863859159793746e-05,0.018532131369374146,0.025108048952055283,0.018233226024706818,0.03168396653473643,0.00015336884065824725,6.371845553917519e-05,3.408196459072163e-05
2025-10-29,0.02152118481604739,0.03407520929207501,0.04035222153008886,0.00010520954286701015,0.029292723777397823,4.000926278041234e-05,0.03407520929207501,0.03168396653473643,0.02152118481604739,0.00013114147244690705,0.06546027048214413,0.000288214874473711,0.020026658092710762,0.0030607086027015433,5.7791157349484485e-05,0.029292723777397823,0.01942884740337611,0.06964494530748667,6.371845553917519e-05,0.01942884740337611,0.07472633616683118,0.13032273027495364,6.075480644432981e-05,3.852743823298958e-05,0.024510238262720623,0.06785151323948273,0.053802962040118474,0.017037604646037506,8.0759437834536e-05,0.02809710239872854,0.00011261866560412363,4.5195648696391725e-05,4.8900210064948444e-05,0.00011039592878298961,7.409122737113393e-05,5.556842052835045e-05,7.631396419226799e-05,0.025406954296722597,0.02152118481604739,7.335031509742261e-05,0.02241790085004936,0.00011780505152010299,5.1863859159793746e-05,0.018532131369374146,0.025108048952055283,0.018233226024706818,0.03168396653473643,0.00015336884065824725,6.371845553917519e-05,3.408196459072163e-05
2025-10-30,0.02152118481604739,0.03407520929207501,0.04035222153008886,0.00010520954286701015,0.029292723777397823,4.000926278041234e-05,0.03407520929207501,0.03168396653473643,0.02152118481604739,0.00013114147244690705,0.06546027048214413,0.000288214874473711,0.020026658092710762,0.0030607086027015433,5.7791157349484485e-05,0.029292723777397823,0.01942884740337611,0.06964494530748667,6.371845553917519e-05,0.01942884740337611,0.07472633616683118,0.13032273027495364,6.075480644432981e-05,3.852743823298958e-05,0.024510238262720623,0.06785151323948273,0.053802962040118474,0.017037604646037506,8.0759437834536e-05,0.02809710239872854,0.00011261866560412363,4.5195648696391725e-05,4.8900210064948444e-05,0.00011039592878298961,7.409122737113393e-05,5.556842052835045e-05,7.631396419226799e-05,0.025406954296722597,0.02152118481604739,7.335031509742261e-05,0.02241790085004936,0.00011780505152010299,5.1863859159793746e-05,0.018532131369374146,0.025108048952055283,0.018233226024706818,0.03168396653473643,0.00015336884065824725,6.371845553917519e-05,3.408196459072163e-05
2025-10-31,0.02152118481604739,0.03407520929207501,0.04035222153008886,0.00010520954286701015,0.029292723777397823,4.000926278041234e-05,0.03407520929207501,0.03168396653473643,0.02152118481604739,0.00013114147244690705,0.06546027048214413,0.000288214874473711,0.020026658092710762,0.0030607086027015433,5.7791157349484485e-05,0.029292723777397823,0.01942884740337611,0.06964494530748667,6.371845553917519e-05,0.01942884740337611,0.07472633616683118,0.13032273027495364,6.075480644432981e-05,3.852743823298958e-05,0.024510238262720623,0.06785151323948273,0.053802962040118474,0.017037604646037506,8.0759437834536e-05,0.02809710239872854,0.00011261866560412363,4.5195648696391725e-05,4.8900210064948444e-05,0.00011039592878298961,7.409122737113393e-05,5.556842052835045e-05,7.631396419226799e-05,0.025406954296722597,0.02152118481604739,7.335031509742261e-05,0.02241790085004936,0.00011780505152010299,5.1863859159793746e-05,0.018532131369374146,0.025108048952055283,0.018233226024706818,0.03168396653473643,0.00015336884065824725,6.371845553917519e-05,3.408196459072163e-05
2025-11-03,0.02152118481604739,0.03407520929207501,0.04035222153008886,0.00010520954286701015,0.029292723777397823,4.000926278041234e-05,0.03407520929207501,0.03168396653473643,0.02152118481604739,0.00013114147244690705,0.06546027048214413,0.000288214874473711,0.020026658092710762,0.0030607086027015433,5.7791157349484485e-05,0.029292723777397823,0.01942884740337611,0.06964494530748667,6.371845553917519e-05,0.01942884740337611,0.07472633616683118,0.13032273027495364,6.075480644432981e-05,3.852743823298958e-05,0.024510238262720623,0.06785151323948273,0.053802962040118474,0.017037604646037506,8.0759437834536e-05,0.02809710239872854,0.00011261866560412363,4.5195648696391725e-05,4.8900210064948444e-05,0.00011039592878298961,7.409122737113393e-05,5.556842052835045e-05,7.631396419226799e-05,0.025406954296722597,0.02152118481604739,7.335031509742261e-05,0.02241790085004936,0.00011780505152010299,5.1863859159793746e-05,0.018532131369374146,0.025108048952055283,0.018233226024706818,0.03168396653473643,0.00015336884065824725,6.371845553917519e-05,3.408196459072163e-05
2025-11-04,0.02152118481604739,0.03407520929207501,0.04035222153008886,0.00010520954286701015,0.029292723777397823,4.000926278041234e-05,0.03407520929207501,0.03168396653473643,0.02152118481604739,0.00013114147244690705,0.06546027048214413,0.000288214874473711,0.020026658092710762,0.0030607086027015433,5.7791157349484485e-05,0.029292723777397823,0.01942884740337611,0.06964494530748667,6.371845553917519e-05,0.01942884740337611,0.07472633616683118,0.13032273027495364,6.075480644432981e-05,3.852743823298958e-05,0.024510238262720623,0.06785151323948273,0.053802962040118474,0.017037604646037506,8.0759437834536e-05,0.02809710239872854,0.00011261866560412363,4.5195648696391725e-05,4.8900210064948444e-05,0.00011039592878298961,7.409122737113393e-05,5.556842052835045e-05,7.631396419226799e-05,0.025406954296722597,0.02152118481604739,7.335031509742261e-05,0.02241790085004936,0.00011780505152010299,5.1863859159793746e-05,0.018532131369374146,0.025108048952055283,0.018233226024706818,0.03168396653473643,0.00015336884065824725,6.371845553917519e-05,3.408196459072163e-05
2025-11-05,0.02152118481604739,0.03407520929207501,0.04035222153008886,0.00010520954286701015,0.029292723777397823,4.000926278041234e-05,0.03407520929207501,0.03168396653473643,0.02152118481604739,0.00013114147244690705,0.06546027048214413,0.000288214874473711,0.020026658092710762,0.0030607086027015433,5.7791157349484485e-05,0.029292723777397823,0.01942884740337611,0.06964494530748667,6.371845553917519e-05,0.01942884740337611,0.07472633616683118,0.13032273027495364,6.075480644432981e-05,3.852743823298958e-05,0.024510238262720623,0.06785151323948273,0.053802962040118474,0.017037604646037506,8.0759437834536e-05,0.02809710239872854,0.00011261866560412363,4.5195648696391725e-05,4.8900210064948444e-05,0.00011039592878298961,7.409122737113393e-05,5.556842052835045e-05,7.631396419226799e-05,0.025406954296722597,0.02152118481604739,7.335031509742261e-05,0.02241790085004936,0.00011780505152010299,5.1863859159793746e-05,0.018532131369374146,0.025108048952055283,0.018233226024706818,0.03168396653473643,0.00015336884065824725,6.371845553917519e-05,3.408196459072163e-05
2025-11-06,0.02152118481604739,0.03407520929207501,0.04035222153008886,0.00010520954286701015,0.029292723777397823,4.000926278041234e-05,0.03407520929207501,0.03168396653473643,0.02152118481604739,0.00013114147244690705,0.06546027048214413,0.000288214874473711,0.020026658092710762,0.0030607086027015433,5.7791157349484485e-05,0.029292723777397823,0.01942884740337611,0.06964494530748667,6.371845553917519e-05,0.01942884740337611,0.07472633616683118,0.13032273027495364,6.075480644432981e-05,3.852743823298958e-05,0.024510238262720623,0.06785151323948273,0.053802962040118474,0.017037604646037506,8.0759437834536e-05,0.02809710239872854,0.00011261866560412363,4.5195648696391725e-05,4.8900210064948444e-05,0.00011039592878298961,7.409122737113393e-05,5.556842052835045e-05,7.631396419226799e-05,0.025406954296722597,0.02152118481604739,7.335031509742261e-05,0.02241790085004936,0.00011780505152010299,5.1863859159793746e-05,0.018532131369374146,0.025108048952055283,0.018233226024706818,0.03168396653473643,0.00015336884065824725,6.371845553917519e-05,3.408196459072163e-05
2025-11-07,0.02152118481604739,0.03407520929207501,0.04035222153008886,0.00010520954286701015,0.029292723777397823,4.000926278041234e-05,0.03407520929207501,0.03168396653473643,0.02152118481604739,0.00013114147244690705,0.06546027048214413,0.000288214874473711,0.020026658092710762,0.0030607086027015433,5.7791157349484485e-05,0.029292723777397823,0.01942884740337611,0.06964494530748667,6.371845553917519e-05,0.01942884740337611,0.07472633616683118,0.13032273027495364,6.075480644432981e-05,3.852743823298958e-05,0.024510238262720623,0.06785151323948273,0.053802962040118474,0.017037604646037506,8.0759437834536e-05,0.02809710239872854,0.00011261866560412363,4.5195648696391725e-05,4.8900210064948444e-05,0.00011039592878298961,7.409122737113393e-05,5.556842052835045e-05,7.631396419226799e-05,0.025406954296722597,0.02152118481604739,7.335031509742261e-05,0.02241790085004936,0.00011780505152010299,5.1863859159793746e-05,0.018532131369374146,0.025108048952055283,0.018233226024706818,0.03168396653473643,0.00015336884065824725,6.371845553917519e-05,3.408196459072163e-05
2025-11-10,0.02152118481604739,0.03407520929207501,0.04035222153008886,0.00010520954286701015,0.029292723777397823,4.000926278041234e-05,0.03407520929207501,0.03168396653473643,0.02152118481604739,0.00013114147244690705,0.06546027048214413,0.000288214874473711,0.020026658092710762,0.0030607086027015433,5.7791157349484485e-05,0.029292723777397823,0.01942884740337611,0.06964494530748667,6.371845553917519e-05,0.01942884740337611,0.07472633616683118,0.13032273027495364,6.075480644432981e-05,3.852743823298958e-05,0.024510238262720623,0.06785151323948273,0.053802962040118474,0.017037604646037506,8.0759437834536e-05,0.02809710239872854,0.00011261866560412363,4.5195648696391725e-05,4.8900210064948444e-05,0.00011039592878298961,7.409122737113393e-05,5.556842052835045e-05,7.631396419226799e-05,0.025406954296722597,0.02152118481604739,7.335031509742261e-05,0.02241790085004936,0.00011780505152010299,5.1863859159793746e-05,0.018532131369374146,0.025108048952055283,0.018233226024706818,0.03168396653473643,0.00015336884065824725,6.371845553917519e-05,3.408196459072163e-05
2025-11-11,0.02152118481604739,0.03407520929207501,0.04035222153008886,0.00010520954286701015,0.029292723777397823,4.000926278041234e-05,0.03407520929207501,0.03168396653473643,0.02152118481604739,0.00013114147244690705,0.06546027048214413,0.000288214874473711,0.020026658092710762,0.0030607086027015433,5.7791157349484485e-05,0.029292723777397823,0.01942884740337611,0.06964494530748667,6.371845553917519e-05,0.01942884740337611,0.07472633616683118,0.13032273027495364,6.075480644432981e-05,3.852743823298958e-05,0.024510238262720623,0.06785151323948273,0.053802962040118474,0.017037604646037506,8.0759437834536e-05,0.02809710239872854,0.00011261866560412363,4.5195648696391725e-05,4.8900210064948444e-05,0.00011039592878298961,7.409122737113393e-05,5.556842052835045e-05,7.631396419226799e-05,0.025406954296722597,0.02152118481604739,7.335031509742261e-05,0.02241790085004936,0.00011780505152010299,5.1863859159793746e-05,0.018532131369374146,0.025108048952055283,0.018233226024706818,0.03168396653473643,0.00015336884065824725,6.371845553917519e-05,3.408196459072163e-05
2025-11-12,0.02152118481604739,0.03407520929207501,0.04035222153008886,0.00010520954286701015,0.029292723777397823,4.000926278041234e-05,0.03407520929207501,0.03168396653473643,0.02152118481604739,0.00013114147244690705,0.06546027048214413,0.000288214874473711,0.020026658092710762,0.0030607086027015433,5.7791157349484485e-05,0.029292723777397823,0.01942884740337611,0.06964494530748667,6.371845553917519e-05,0.01942884740337611,0.07472633616683118,0.13032273027495364,6.075480644432981e-05,3.852743823298958e-05,0.024510238262720623,0.06785151323948273,0.053802962040118474,0.017037604646037506,8.0759437834536e-05,0.02809710239872854,0.00011261866560412363,4.5195648696391725e-05,4.8900210064948444e-05,0.00011039592878298961,7.409122737113393e-05,5.556842052835045e-05,7.631396419226799e-05,0.025406954296722597,0.02152118481604739,7.335031509742261e-05,0.02241790085004936,0.00011780505152010299,5.1863859159793746e-05,0.018532131369374146,0.025108048952055283,0.018233226024706818,0.03168396653473643,0.00015336884065824725,6.371845553917519e-05,3.408196459072163e-05
2025-11-13,0.02152118481604739,0.03407520929207501,0.04035222153008886,0.00010520954286701015,0.029292723777397823,4.000926278041234e-05,0.03407520929207501,0.03168396653473643,0.02152118481604739,0.00013114147244690705,0.06546027048214413,0.000288214874473711,0.020026658092710762,0.0030607086027015433,5.7791157349484485e-05,0.029292723777397823,0.01942884740337611,0.06964494530748667,6.371845553917519e-05,0.01942884740337611,0.07472633616683118,0.13032273027495364,6.075480644432981e-05,3.852743823298958e-05,0.024510238262720623,0.06785151323948273,0.053802962040118474,0.017037604646037506,8.0759437834536e-05,0.02809710239872854,0.00011261866560412363,4.5195648696391725e-05,4.8900210064948444e-05,0.00011039592878298961,7.409122737113393e-05,5.556842052835045e-05,7.631396419226799e-05,0.025406954296722597,0.02152118481604739,7.335031509742261e-05,0.02241790085004936,0.00011780505152010299,5.1863859159793746e-05,0.018532131369374146,0.025108048952055283,0.018233226024706818,0.03168396653473643,0.00015336884065824725,6.371845553917519e-05,3.408196459072163e-05
2025-11-14,0.02152118481604739,0.03407520929207501,0.04035222153008886,0.00010520954286701015,0.029292723777397823,4.000926278041234e-05,0.03407520929207501,0.03168396653473643,0.02152118481604739,0.00013114147244690705,0.06546027048214413,0.000288214874473711,0.020026658092710762,0.0030607086027015433,5.7791157349484485e-05,0.029292723777397823,0.01942884740337611,0.06964494530748667,6.371845553917519e-05,0.01942884740337611,0.07472633616683118,0.13032273027495364,6.075480644432981e-05,3.852743823298958e-05,0.024510238262720623,0.06785151323948273,0.053802962040118474,0.017037604646037506,8.0759437834536e-05,0.02809710239872854,0.00011261866560412363,4.5195648696391725e-05,4.8900210064948444e-05,0.00011039592878298961,7.409122737113393e-05,5.556842052835045e-05,7.631396419226799e-05,0.025406954296722597,0.02152118481604739,7.335031509742261e-05,0.02241790085004936,0.00011780505152010299,5.1863859159793746e-05,0.018532131369374146,0.025108048952055283,0.018233226024706818,0.03168396653473643,0.00015336884065824725,6.371845553917519e-05,3.408196459072163e-05
2025-11-17,0.02152118481604739,0.03407520929207501,0.04035222153008886,0.00010520954286701015,0.029292723777397823,4.000926278041234e-05,0.03407520929207501,0.03168396653473643,0.02152118481604739,0.00013114147244690705,0.06546027048214413,0.000288214874473711,0.020026658092710762,0.0030607086027015433,5.7791157349484485e-05,0.029292723777397823,0.01942884740337611,0.06964494530748667,6.371845553917519e-05,0.01942884740337611,0.07472633616683118,0.13032273027495364,6.075480644432981e-05,3.852743823298958e-05,0.024510238262720623,0.06785151323948273,0.053802962040118474,0.017037604646037506,8.0759437834536e-05,0.02809710239872854,0.00011261866560412363,4.5195648696391725e-05,4.8900210064948444e-05,0.00011039592878298961,7.409122737113393e-05,5.556842052835045e-05,7.631396419226799e-05,0.025406954296722597,0.02152118481604739,7.335031509742261e-05,0.02241790085004936,0.00011780505152010299,5.1863859159793746e-05,0.018532131369374146,0.025108048952055283,0.018233226024706818,0.03168396653473643,0.00015336884065824725,6.371845553917519e-05,3.408196459072163e-05
2025-11-18,0.02152118481604739,0.03407520929207501,0.04035222153008886,0.00010520954286701015,0.029292723777397823,4.000926278041234e-05,0.03407520929207501,0.03168396653473643,0.02152118481604739,0.00013114147244690705,0.06546027048214413,0.000288214874473711,0.020026658092710762,0.0030607086027015433,5.7791157349484485e-05,0.029292723777397823,0.01942884740337611,0.06964494530748667,6.371845553917519e-05,0.01942884740337611,0.07472633616683118,0.13032273027495364,6.075480644432981e-05,3.852743823298958e-05,0.024510238262720623,0.06785151323948273,0.053802962040118474,0.017037604646037506,8.0759437834536e-05,0.02809710239872854,0.00011261866560412363,4.5195648696391725e-05,4.8900210064948444e-05,0.00011039592878298961,7.409122737113393e-05,5.556842052835045e-05,7.631396419226799e-05,0.025406954296722597,0.02152118481604739,7.335031509742261e-05,0.02241790085004936,0.00011780505152010299,5.1863859159793746e-05,0.018532131369374146,0.025108048952055283,0.018233226024706818,0.03168396653473643,0.00015336884065824725,6.371845553917519e-05,3.408196459072163e-05
2025-11-19,0.02152118481604739,0.03407520929207501,0.04035222153008886,0.00010520954286701015,0.029292723777397823,4.000926278041234e-05,0.03407520929207501,0.03168396653473643,0.02152118481604739,0.00013114147244690705,0.06546027048214413,0.000288214874473711,0.020026658092710762,0.0030607086027015433,5.7791157349484485e-05,0.029292723777397823,0.01942884740337611,0.06964494530748667,6.371845553917519e-05,0.01942884740337611,0.07472633616683118,0.13032273027495364,6.075480644432981e-05,3.852743823298958e-05,0.024510238262720623,0.06785151323948273,0.053802962040118474,0.017037604646037506,8.0759437834536e-05,0.02809710239872854,0.00011261866560412363,4.5195648696391725e-05,4.8900210064948444e-05,0.00011039592878298961,7.409122737113393e-05,5.556842052835045e-05,7.631396419226799e-05,0.025406954296722597,0.02152118481604739,7.335031509742261e-05,0.02241790085004936,0.00011780505152010299,5.1863859159793746e-05,0.018532131369374146,0.025108048952055283,0.018233226024706818,0.03168396653473643,0.00015336884065824725,6.371845553917519e-05,3.408196459072163e-05
2025-11-20,0.02152118481604739,0.03407520929207501,0.04035222153008886,0.00010520954286701015,0.029292723777397823,4.000926278041234e-05,0.03407520929207501,0.03168396653473643,0.02152118481604739,0.00013114147244690705,0.06546027048214413,0.000288214874473711,0.020026658092710762,0.0030607086027015433,5.7791157349484485e-05,0.029292723777397823,0.01942884740337611,0.06964494530748667,6.371845553917519e-05,0.01942884740337611,0.07472633616683118,0.13032273027495364,6.075480644432981e-05,3.852743823298958e-05,0.024510238262720623,0.06785151323948273,0.053802962040118474,0.017037604646037506,8.0759437834536e-05,0.02809710239872854,0.00011261866560412363,4.5195648696391725e-05,4.8900210064948444e-05,0.00011039592878298961,7.409122737113393e-05,5.556842052835045e-05,7.631396419226799e-05,0.025406954296722597,0.02152118481604739,7.335031509742261e-05,0.02241790085004936,0.00011780505152010299,5.1863859159793746e-05,0.018532131369374146,0.025108048952055283,0.018233226024706818,0.03168396653473643,0.00015336884065824725,6.371845553917519e-05,3.408196459072163e-05
2025-11-21,0.02152118481604739,0.03407520929207501,0.04035222153008886,0.00010520954286701015,0.029292723777397823,4.000926278041234e-05,0.03407520929207501,0.03168396653473643,0.02152118481604739,0.00013114147244690705,0.06546027048214413,0.000288214874473711,0.020026658092710762,0.0030607086027015433,5.7791157349484485e-05,0.029292723777397823,0.01942884740337611,0.06964494530748667,6.371845553917519e-05,0.01942884740337611,0.07472633616683118,0.13032273027495364,6.075480644432981e-05,3.852743823298958e-05,0.024510238262720623,0.06785151323948273,0.053802962040118474,0.017037604646037506,8.0759437834536e-05,0.02809710239872854,0.00011261866560412363,4.5195648696391725e-05,4.8900210064948444e-05,0.00011039592878298961,7.409122737113393e-05,5.556842052835045e-05,7.631396419226799e-05,0.025406954296722597,0.02152118481604739,7.335031509742261e-05,0.02241790085004936,0.00011780505152010299,5.1863859159793746e-05,0.018532131369374146,0.025108048952055283,0.018233226024706818,0.03168396653473643,0.00015336884065824725,6.371845553917519e-05,3.408196459072163e-05
2025-11-24,0.02152118481604739,0.03407520929207501,0.04035222153008886,0.00010520954286701015,0.029292723777397823,4.000926278041234e-05,0.03407520929207501,0.03168396653473643,0.02152118481604739,0.00013114147244690705,0.06546027048214413,0.000288214874473711,0.020026658092710762,0.0030607086027015433,5.7791157349484485e-05,0.029292723777397823,0.01942884740337611,0.06964494530748667,6.371845553917519e-05,0.01942884740337611,0.07472633616683118,0.13032273027495364,6.075480644432981e-05,3.852743823298958e-05,0.024510238262720623,0.06785151323948273,0.053802962040118474,0.017037604646037506,8.0759437834536e-05,0.02809710239872854,0.00011261866560412363,4.5195648696391725e-05,4.8900210064948444e-05,0.00011039592878298961,7.409122737113393e-05,5.556842052835045e-05,7.631396419226799e-05,0.025406954296722597,0.02152118481604739,7.335031509742261e-05,0.02241790085004936,0.00011780505152010299,5.1863859159793746e-05,0.018532131369374146,0.025108048952055283,0.018233226024706818,0.03168396653473643,0.00015336884065824725,6.371845553917519e-05,3.408196459072163e-05
2025-11-25,0.02152118481604739,0.03407520929207501,0.04035222153008886,0.00010520954286701015,0.029292723777397823,4.000926278041234e-05,0.03407520929207501,0.03168396653473643,0.02152118481604739,0.00013114147244690705,0.06546027048214413,0.000288214874473711,0.020026658092710762,0.0030607086027015433,5.7791157349484485e-05,0.029292723777397823,0.01942884740337611,0.06964494530748667,6.371845553917519e-05,0.01942884740337611,0.07472633616683118,0.13032273027495364,6.075480644432981e-05,3.852743823298958e-05,0.024510238262720623,0.06785151323948273,0.053802962040118474,0.017037604646037506,8.0759437834536e-05,0.02809710239872854,0.00011261866560412363,4.5195648696391725e-05,4.8900210064948444e-05,0.00011039592878298961,7.409122737113393e-05,5.556842052835045e-05,7.631396419226799e-05,0.025406954296722597,0.02152118481604739,7.335031509742261e-05,0.02241790085004936,0.00011780505152010299,5.1863859159793746e-05,0.018532131369374146,0.025108048952055283,0.018233226024706818,0.03168396653473643,0.00015336884065824725,6.371845553917519e-05,3.408196459072163e-05
2025-11-26,0.02152118481604739,0.03407520929207501,0.04035222153008886,0.00010520954286701015,0.029292723777397823,4.000926278041234e-05,0.03407520929207501,0.03168396653473643,0.02152118481604739,0.00013114147244690705,0.06546027048214413,0.000288214874473711,0.020026658092710762,0.0030607086027015433,5.7791157349484485e-05,0.029292723777397823,0.01942884740337611,0.06964494530748667,6.371845553917519e-05,0.01942884740337611,0.07472633616683118,0.13032273027495364,6.075480644432981e-05,3.852743823298958e-05,0.024510238262720623,0.06785151323948273,0.053802962040118474,0.017037604646037506,8.0759437834536e-05,0.02809710239872854,0.00011261866560412363,4.5195648696391725e-05,4.8900210064948444e-05,0.00011039592878298961,7.409122737113393e-05,5.556842052835045e-05,7.631396419226799e-05,0.025406954296722597,0.02152118481604739,7.335031509742261e-05,0.02241790085004936,0.00011780505152010299,5.1863859159793746e-05,0.018532131369374146,0.025108048952055283,0.018233226024706818,0.03168396653473643,0.00015336884065824725,6.371845553917519e-05,3.408196459072163e-05
2025-11-27,0.02152118481604739,0.03407520929207501,0.04035222153008886,0.00010520954286701015,0.029292723777397823,4.000926278041234e-05,0.03407520929207501,0.03168396653473643,0.02152118481604739,0.00013114147244690705,0.06546027048214413,0.000288214874473711,0.020026658092710762,0.0030607086027015433,5.7791157349484485e-05,0.029292723777397823,0.01942884740337611,0.06964494530748667,6.371845553917519e-05,0.01942884740337611,0.07472633616683118,0.13032273027495364,6.075480644432981e-05,3.852743823298958e-05,0.024510238262720623,0.06785151323948273,0.053802962040118474,0.017037604646037506,8.0759437834536e-05,0.02809710239872854,0.00011261866560412363,4.5195648696391725e-05,4.8900210064948444e-05,0.00011039592878298961,7.409122737113393e-05,5.556842052835045e-05,7.631396419226799e-05,0.025406954296722597,0.02152118481604739,7.335031509742261e-05,0.02241790085004936,0.00011780505152010299,5.1863859159793746e-05,0.018532131369374146,0.025108048952055283,0.018233226024706818,0.03168396653473643,0.00015336884065824725,6.371845553917519e-05,3.408196459072163e-05
2025-11-28,0.02152118481604739,0.03407520929207501,0.04035222153008886,0.00010520954286701015,0.029292723777397823,4.000926278041234e-05,0.03407520929207501,0.03168396653473643,0.02152118481604739,0.00013114147244690705,0.06546027048214413,0.000288214874473711,0.020026658092710762,0.0030607086027015433,5.7791157349484485e-05,0.029292723777397823,0.01942884740337611,0.06964494530748667,6.371845553917519e-05,0.01942884740337611,0.07472633616683118,0.13032273027495364,6.075480644432981e-05,3.852743823298958e-05,0.024510238262720623,0.06785151323948273,0.053802962040118474,0.017037604646037506,8.0759437834536e-05,0.02809710239872854,0.00011261866560412363,4.5195648696391725e-05,4.8900210064948444e-05,0.00011039592878298961,7.409122737113393e-05,5.556842052835045e-05,7.631396419226799e-05,0.025406954296722597,0.02152118481604739,7.335031509742261e-05,0.02241790085004936,0.00011780505152010299,5.1863859159793746e-05,0.018532131369374146,0.025108048952055283,0.018233226024706818,0.03168396653473643,0.00015336884065824725,6.371845553917519e-05,3.408196459072163e-05
2025-12-01,0.02152118481604739,0.03407520929207501,0.04035222153008886,0.00010520954286701015,0.029292723777397823,4.000926278041234e-05,0.03407520929207501,0.03168396653473643,0.02152118481604739,0.00013114147244690705,0.06546027048214413,0.000288214874473711,0.020026658092710762,0.0030607086027015433,5.7791157349484485e-05,0.029292723777397823,0.01942884740337611,0.06964494530748667,6.371845553917519e-05,0.01942884740337611,0.07472633616683118,0.13032273027495364,6.075480644432981e-05,3.852743823298958e-05,0.024510238262720623,0.06785151323948273,0.053802962040118474,0.017037604646037506,8.0759437834536e-05,0.02809710239872854,0.00011261866560412363,4.5195648696391725e-05,4.8900210064948444e-05,0.00011039592878298961,7.409122737113393e-05,5.556842052835045e-05,7.631396419226799e-05,0.025406954296722597,0.02152118481604739,7.335031509742261e-05,0.02241790085004936,0.00011780505152010299,5.1863859159793746e-05,0.018532131369374146,0.025108048952055283,0.018233226024706818,0.03168396653473643,0.00015336884065824725,6.371845553917519e-05,3.408196459072163e-05
2025-12-02,0.02152118481604739,0.03407520929207501,0.04035222153008886,0.00010520954286701015,0.029292723777397823,4.000926278041234e-05,0.03407520929207501,0.03168396653473643,0.02152118481604739,0.00013114147244690705,0.06546027048214413,0.000288214874473711,0.020026658092710762,0.0030607086027015433,5.7791157349484485e-05,0.029292723777397823,0.01942884740337611,0.06964494530748667,6.371845553917519e-05,0.01942884740337611,0.07472633616683118,0.13032273027495364,6.075480644432981e-05,3.852743823298958e-05,0.024510238262720623,0.06785151323948273,0.053802962040118474,0.017037604646037506,8.0759437834536e-05,0.02809710239872854,0.00011261866560412363,4.5195648696391725e-05,4.8900210064948444e-05,0.00011039592878298961,7.409122737113393e-05,5.556842052835045e-05,7.631396419226799e-05,0.025406954296722597,0.02152118481604739,7.335031509742261e-05,0.02241790085004936,0.00011780505152010299,5.1863859159793746e-05,0.018532131369374146,0.025108048952055283,0.018233226024706818,0.03168396653473643,0.00015336884065824725,6.371845553917519e-05,3.408196459072163e-05
2025-12-03,0.02152118481604739,0.03407520929207501,0.04035222153008886,0.00010520954286701015,0.029292723777397823,4.000926278041234e-05,0.03407520929207501,0.03168396653473643,0.02152118481604739,0.00013114147244690705,0.06546027048214413,0.000288214874473711,0.020026658092710762,0.0030607086027015433,5.7791157349484485e-05,0.029292723777397823,0.01942884740337611,0.06964494530748667,6.371845553917519e-05,0.01942884740337611,0.07472633616683118,0.13032273027495364,6.075480644432981e-05,3.852743823298958e-05,0.024510238262720623,0.06785151323948273,0.053802962040118474,0.017037604646037506,8.0759437834536e-05,0.02809710239872854,0.00011261866560412363,4.5195648696391725e-05,4.8900210064948444e-05,0.00011039592878298961,7.409122737113393e-05,5.556842052835045e-05,7.631396419226799e-05,0.025406954296722597,0.02152118481604739,7.335031509742261e-05,0.02241790085004936,0.00011780505152010299,5.1863859159793746e-05,0.018532131369374146,0.025108048952055283,0.018233226024706818,0.03168396653473643,0.00015336884065824725,6.371845553917519e-05,3.408196459072163e-05
2025-12-04,0.02152118481604739,0.03407520929207501,0.04035222153008886,0.00010520954286701015,0.029292723777397823,4.000926278041234e-05,0.03407520929207501,0.03168396653473643,0.02152118481604739,0.00013114147244690705,0.06546027048214413,0.000288214874473711,0.020026658092710762,0.0030607086027015433,5.7791157349484485e-05,0.029292723777397823,0.01942884740337611,0.06964494530748667,6.371845553917519e-05,0.01942884740337611,0.07472633616683118,0.13032273027495364,6.075480644432981e-05,3.852743823298958e-05,0.024510238262720623,0.06785151323948273,0.053802962040118474,0.017037604646037506,8.0759437834536e-05,0.02809710239872854,0.00011261866560412363,4.5195648696391725e-05,4.8900210064948444e-05,0.00011039592878298961,7.409122737113393e-05,5.556842052835045e-05,7.631396419226799e-05,0.025406954296722597,0.02152118481604739,7.335031509742261e-05,0.02241790085004936,0.00011780505152010299,5.1863859159793746e-05,0.018532131369374146,0.025108048952055283,0.018233226024706818,0.03168396653473643,0.00015336884065824725,6.371845553917519e-05,3.408196459072163e-05
2025-12-05,0.02152118481604739,0.03407520929207501,0.04035222153008886,0.00010520954286701015,0.029292723777397823,4.000926278041234e-05,0.03407520929207501,0.03168396653473643,0.02152118481604739,0.00013114147244690705,0.06546027048214413,0.000288214874473711,0.020026658092710762,0.0030607086027015433,5.7791157349484485e-05,0.029292723777397823,0.01942884740337611,0.06964494530748667,6.371845553917519e-05,0.01942884740337611,0.07472633616683118,0.13032273027495364,6.075480644432981e-05,3.852743823298958e-05,0.024510238262720623,0.06785151323948273,0.053802962040118474,0.017037604646037506,8.0759437834536e-05,0.02809710239872854,0.00011261866560412363,4.5195648696391725e-05,4.8900210064948444e-05,0.00011039592878298961,7.409122737113393e-05,5.556842052835045e-05,7.631396419226799e-05,0.025406954296722597,0.02152118481604739,7.335031509742261e-05,0.02241790085004936,0.00011780505152010299,5.1863859159793746e-05,0.018532131369374146,0.025108048952055283,0.018233226024706818,0.03168396653473643,0.00015336884065824725,6.371845553917519e-05,3.408196459072163e-05
2025-12-08,0.02152118481604739,0.03407520929207501,0.04035222153008886,0.00010520954286701015,0.029292723777397823,4.000926278041234e-05,0.03407520929207501,0.03168396653473643,0.02152118481604739,0.00013114147244690705,0.06546027048214413,0.000288214874473711,0.020026658092710762,0.0030607086027015433,5.7791157349484485e-05,0.029292723777397823,0.01942884740337611,0.06964494530748667,6.371845553917519e-05,0.01942884740337611,0.07472633616683118,0.13032273027495364,6.075480644432981e-05,3.852743823298958e-05,0.024510238262720623,0.06785151323948273,0.053802962040118474,0.017037604646037506,8.0759437834536e-05,0.02809710239872854,0.00011261866560412363,4.5195648696391725e-05,4.8900210064948444e-05,0.00011039592878298961,7.409122737113393e-05,5.556842052835045e-05,7.631396419226799e-05,0.025406954296722597,0.02152118481604739,7.335031509742261e-05,0.02241790085004936,0.00011780505152010299,5.1863859159793746e-05,0.018532131369374146,0.025108048952055283,0.018233226024706818,0.03168396653473643,0.00015336884065824725,6.371845553917519e-05,3.408196459072163e-05
2025-12-09,0.02152118481604739,0.03407520929207501,0.04035222153008886,0.00010520954286701015,0.029292723777397823,4.000926278041234e-05,0.03407520929207501,0.03168396653473643,0.02152118481604739,0.00013114147244690705,0.06546027048214413,0.000288214874473711,0.020026658092710762,0.0030607086027015433,5.7791157349484485e-05,0.029292723777397823,0.01942884740337611,0.06964494530748667,6.371845553917519e-05,0.01942884740337611,0.07472633616683118,0.13032273027495364,6.075480644432981e-05,3.852743823298958e-05,0.024510238262720623,0.06785151323948273,0.053802962040118474,0.017037604646037506,8.0759437834536e-05,0.02809710239872854,0.00011261866560412363,4.5195648696391725e-05,4.8900210064948444e-05,0.00011039592878298961,7.409122737113393e-05,5.556842052835045e-05,7.631396419226799e-05,0.025406954296722597,0.02152118481604739,7.335031509742261e-05,0.02241790085004936,0.00011780505152010299,5.1863859159793746e-05,0.018532131369374146,0.025108048952055283,0.018233226024706818,0.03168396653473643,0.00015336884065824725,6.371845553917519e-05,3.408196459072163e-05
2025-12-10,0.02152118481604739,0.03407520929207501,0.04035222153008886,0.00010520954286701015,0.029292723777397823,4.000926278041234e-05,0.03407520929207501,0.03168396653473643,0.02152118481604739,0.00013114147244690705,0.06546027048214413,0.000288214874473711,0.020026658092710762,0.0030607086027015433,5.7791157349484485e-05,0.029292723777397823,0.01942884740337611,0.06964494530748667,6.371845553917519e-05,0.01942884740337611,0.07472633616683118,0.13032273027495364,6.075480644432981e-05,3.852743823298958e-05,0.024510238262720623,0.06785151323948273,0.053802962040118474,0.017037604646037506,8.0759437834536e-05,0.02809710239872854,0.00011261866560412363,4.5195648696391725e-05,4.8900210064948444e-05,0.00011039592878298961,7.409122737113393e-05,5.556842052835045e-05,7.631396419226799e-05,0.025406954296722597,0.02152118481604739,7.335031509742261e-05,0.02241790085004936,0.00011780505152010299,5.1863859159793746e-05,0.018532131369374146,0.025108048952055283,0.018233226024706818,0.03168396653473643,0.00015336884065824725,6.371845553917519e-05,3.408196459072163e-05
2025-12-11,0.02152118481604739,0.03407520929207501,0.04035222153008886,0.00010520954286701015,0.029292723777397823,4.000926278041234e-05,0.03407520929207501,0.03168396653473643,0.02152118481604739,0.00013114147244690705,0.06546027048214413,0.000288214874473711,0.020026658092710762,0.0030607086027015433,5.7791157349484485e-05,0.029292723777397823,0.01942884740337611,0.06964494530748667,6.371845553917519e-05,0.01942884740337611,0.07472633616683118,0.13032273027495364,6.075480644432981e-05,3.852743823298958e-05,0.024510238262720623,0.06785151323948273,0.053802962040118474,0.017037604646037506,8.0759437834536e-05,0.02809710239872854,0.00011261866560412363,4.5195648696391725e-05,4.8900210064948444e-05,0.00011039592878298961,7.409122737113393e-05,5.556842052835045e-05,7.631396419226799e-05,0.025406954296722597,0.02152118481604739,7.335031509742261e-05,0.02241790085004936,0.00011780505152010299,5.1863859159793746e-05,0.018532131369374146,0.025108048952055283,0.018233226024706818,0.03168396653473643,0.00015336884065824725,6.371845553917519e-05,3.408196459072163e-05
2025-12-12,0.02152118481604739,0.03407520929207501,0.04035222153008886,0.00010520954286701015,0.029292723777397823,4.000926278041234e-05,0.03407520929207501,0.03168396653473643,0.02152118481604739,0.00013114147244690705,0.06546027048214413,0.000288214874473711,0.020026658092710762,0.0030607086027015433,5.7791157349484485e-05,0.029292723777397823,0.01942884740337611,0.06964494530748667,6.371845553917519e-05,0.01942884740337611,0.07472633616683118,0.13032273027495364,6.075480644432981e-05,3.852743823298958e-05,0.024510238262720623,0.06785151323948273,0.053802962040118474,0.017037604646037506,8.0759437834536e-05,0.02809710239872854,0.00011261866560412363,4.5195648696391725e-05,4.8900210064948444e-05,0.00011039592878298961,7.409122737113393e-05,5.556842052835045e-05,7.631396419226799e-05,0.025406954296722597,0.02152118481604739,7.335031509742261e-05,0.02241790085004936,0.00011780505152010299,5.1863859159793746e-05,0.018532131369374146,0.025108048952055283,0.018233226024706818,0.03168396653473643,0.00015336884065824725,6.371845553917519e-05,3.408196459072163e-05
2025-12-15,0.02152118481604739,0.03407520929207501,0.04035222153008886,0.00010520954286701015,0.029292723777397823,4.000926278041234e-05,0.03407520929207501,0.03168396653473643,0.02152118481604739,0.00013114147244690705,0.06546027048214413,0.000288214874473711,0.020026658092710762,0.0030607086027015433,5.7791157349484485e-05,0.029292723777397823,0.01942884740337611,0.06964494530748667,6.371845553917519e-05,0.01942884740337611,0.07472633616683118,0.13032273027495364,6.075480644432981e-05,3.852743823298958e-05,0.024510238262720623,0.06785151323948273,0.053802962040118474,0.017037604646037506,8.0759437834536e-05,0.02809710239872854,0.00011261866560412363,4.5195648696391725e-05,4.8900210064948444e-05,0.00011039592878298961,7.409122737113393e-05,5.556842052835045e-05,7.631396419226799e-05,0.025406954296722597,0.02152118481604739,7.335031509742261e-05,0.02241790085004936,0.00011780505152010299,5.1863859159793746e-05,0.018532131369374146,0.025108048952055283,0.018233226024706818,0.03168396653473643,0.00015336884065824725,6.371845553917519e-05,3.408196459072163e-05
2025-12-16,0.02152118481604739,0.03407520929207501,0.04035222153008886,0.00010520954286701015,0.029292723777397823,4.000926278041234e-05,0.03407520929207501,0.03168396653473643,0.02152118481604739,0.00013114147244690705,0.06546027048214413,0.000288214874473711,0.020026658092710762,0.0030607086027015433,5.7791157349484485e-05,0.029292723777397823,0.01942884740337611,0.06964494530748667,6.371845553917519e-05,0.01942884740337611,0.07472633616683118,0.13032273027495364,6.075480644432981e-05,3.852743823298958e-05,0.024510238262720623,0.06785151323948273,0.053802962040118474,0.017037604646037506,8.0759437834536e-05,0.02809710239872854,0.00011261866560412363,4.5195648696391725e-05,4.8900210064948444e-05,0.00011039592878298961,7.409122737113393e-05,5.556842052835045e-05,7.631396419226799e-05,0.025406954296722597,0.02152118481604739,7.335031509742261e-05,0.02241790085004936,0.00011780505152010299,5.1863859159793746e-05,0.018532131369374146,0.025108048952055283,0.018233226024706818,0.03168396653473643,0.00015336884065824725,6.371845553917519e-05,3.408196459072163e-05
2025-12-17,0.02152118481604739,0.03407520929207501,0.04035222153008886,0.00010520954286701015,0.029292723777397823,4.000926278041234e-05,0.03407520929207501,0.03168396653473643,0.02152118481604739,0.00013114147244690705,0.06546027048214413,0.000288214874473711,0.020026658092710762,0.0030607086027015433,5.7791157349484485e-05,0.029292723777397823,0.01942884740337611,0.06964494530748667,6.371845553917519e-05,0.01942884740337611,0.07472633616683118,0.13032273027495364,6.075480644432981e-05,3.852743823298958e-05,0.024510238262720623,0.06785151323948273,0.053802962040118474,0.017037604646037506,8.0759437834536e-05,0.02809710239872854,0.00011261866560412363,4.5195648696391725e-05,4.8900210064948444e-05,0.00011039592878298961,7.409122737113393e-05,5.556842052835045e-05,7.631396419226799e-05,0.025406954296722597,0.02152118481604739,7.335031509742261e-05,0.02241790085004936,0.00011780505152010299,5.1863859159793746e-05,0.018532131369374146,0.025108048952055283,0.018233226024706818,0.03168396653473643,0.00015336884065824725,6.371845553917519e-05,3.408196459072163e-05
2025-12-18,0.02152118481604739,0.03407520929207501,0.04035222153008886,0.00010520954286701015,0.029292723777397823,4.000926278041234e-05,0.03407520929207501,0.03168396653473643,0.02152118481604739,0.00013114147244690705,0.06546027048214413,0.000288214874473711,0.020026658092710762,0.0030607086027015433,5.7791157349484485e-05,0.029292723777397823,0.01942884740337611,0.06964494530748667,6.371845553917519e-05,0.01942884740337611,0.07472633616683118,0.13032273027495364,6.075480644432981e-05,3.852743823298958e-05,0.024510238262720623,0.06785151323948273,0.053802962040118474,0.017037604646037506,8.0759437834536e-05,0.02809710239872854,0.00011261866560412363,4.5195648696391725e-05,4.8900210064948444e-05,0.00011039592878298961,7.409122737113393e-05,5.556842052835045e-05,7.631396419226799e-05,0.025406954296722597,0.02152118481604739,7.335031509742261e-05,0.02241790085004936,0.00011780505152010299,5.1863859159793746e-05,0.018532131369374146,0.025108048952055283,0.018233226024706818,0.03168396653473643,0.00015336884065824725,6.371845553917519e-05,3.408196459072163e-05
2025-12-19,0.02152118481604739,0.03407520929207501,0.04035222153008886,0.00010520954286701015,0.029292723777397823,4.000926278041234e-05,0.03407520929207501,0.03168396653473643,0.02152118481604739,0.00013114147244690705,0.06546027048214413,0.000288214874473711,0.020026658092710762,0.0030607086027015433,5.7791157349484485e-05,0.029292723777397823,0.01942884740337611,0.06964494530748667,6.371845553917519e-05,0.01942884740337611,0.07472633616683118,0.13032273027495364,6.075480644432981e-05,3.852743823298958e-05,0.024510238262720623,0.06785151323948273,0.053802962040118474,0.017037604646037506,8.0759437834536e-05,0.02809710239872854,0.00011261866560412363,4.5195648696391725e-05,4.8900210064948444e-05,0.00011039592878298961,7.409122737113393e-05,5.556842052835045e-05,7.631396419226799e-05,0.025406954296722597,0.02152118481604739,7.335031509742261e-05,0.02241790085004936,0.00011780505152010299,5.1863859159793746e-05,0.018532131369374146,0.025108048952055283,0.018233226024706818,0.03168396653473643,0.00015336884065824725,6.371845553917519e-05,3.408196459072163e-05
2025-12-22,0.02152118481604739,0.03407520929207501,0.04035222153008886,0.00010520954286701015,0.029292723777397823,4.000926278041234e-05,0.03407520929207501,0.03168396653473643,0.02152118481604739,0.00013114147244690705,0.06546027048214413,0.000288214874473711,0.020026658092710762,0.0030607086027015433,5.7791157349484485e-05,0.029292723777397823,0.01942884740337611,0.06964494530748667,6.371845553917519e-05,0.01942884740337611,0.07472633616683118,0.13032273027495364,6.075480644432981e-05,3.852743823298958e-05,0.024510238262720623,0.06785151323948273,0.053802962040118474,0.017037604646037506,8.0759437834536e-05,0.02809710239872854,0.00011261866560412363,4.5195648696391725e-05,4.8900210064948444e-05,0.00011039592878298961,7.409122737113393e-05,5.556842052835045e-05,7.631396419226799e-05,0.025406954296722597,0.02152118481604739,7.335031509742261e-05,0.02241790085004936,0.00011780505152010299,5.1863859159793746e-05,0.018532131369374146,0.025108048952055283,0.018233226024706818,0.03168396653473643,0.00015336884065824725,6.371845553917519e-05,3.408196459072163e-05
2025-12-23,0.02152118481604739,0.03407520929207501,0.04035222153008886,0.00010520954286701015,0.029292723777397823,4.000926278041234e-05,0.03407520929207501,0.03168396653473643,0.02152118481604739,0.00013114147244690705,0.06546027048214413,0.000288214874473711,0.020026658092710762,0.0030607086027015433,5.7791157349484485e-05,0.029292723777397823,0.01942884740337611,0.06964494530748667,6.371845553917519e-05,0.01942884740337611,0.07472633616683118,0.13032273027495364,6.075480644432981e-05,3.852743823298958e-05,0.024510238262720623,0.06785151323948273,0.053802962040118474,0.017037604646037506,8.0759437834536e-05,0.02809710239872854,0.00011261866560412363,4.5195648696391725e-05,4.8900210064948444e-05,0.00011039592878298961,7.409122737113393e-05,5.556842052835045e-05,7.631396419226799e-05,0.025406954296722597,0.02152118481604739,7.335031509742261e-05,0.02241790085004936,0.00011780505152010299,5.1863859159793746e-05,0.018532131369374146,0.025108048952055283,0.018233226024706818,0.03168396653473643,0.00015336884065824725,6.371845553917519e-05,3.408196459072163e-05
2025-12-24,0.02152118481604739,0.03407520929207501,0.04035222153008886,0.00010520954286701015,0.029292723777397823,4.000926278041234e-05,0.03407520929207501,0.03168396653473643,0.02152118481604739,0.00013114147244690705,0.06546027048214413,0.000288214874473711,0.020026658092710762,0.0030607086027015433,5.7791157349484485e-05,0.029292723777397823,0.01942884740337611,0.06964494530748667,6.371845553917519e-05,0.01942884740337611,0.07472633616683118,0.13032273027495364,6.075480644432981e-05,3.852743823298958e-05,0.024510238262720623,0.06785151323948273,0.053802962040118474,0.017037604646037506,8.0759437834536e-05,0.02809710239872854,0.00011261866560412363,4.5195648696391725e-05,4.8900210064948444e-05,0.00011039592878298961,7.409122737113393e-05,5.556842052835045e-05,7.631396419226799e-05,0.025406954296722597,0.02152118481604739,7.335031509742261e-05,0.02241790085004936,0.00011780505152010299,5.1863859159793746e-05,0.018532131369374146,0.025108048952055283,0.018233226024706818,0.03168396653473643,0.00015336884065824725,6.371845553917519e-05,3.408196459072163e-05
2025-12-26,0.02152118481604739,0.03407520929207501,0.04035222153008886,0.00010520954286701015,0.029292723777397823,4.000926278041234e-05,0.03407520929207501,0.03168396653473643,0.02152118481604739,0.00013114147244690705,0.06546027048214413,0.000288214874473711,0.020026658092710762,0.0030607086027015433,5.7791157349484485e-05,0.029292723777397823,0.01942884740337611,0.06964494530748667,6.371845553917519e-05,0.01942884740337611,0.07472633616683118,0.13032273027495364,6.075480644432981e-05,3.852743823298958e-05,0.024510238262720623,0.06785151323948273,0.053802962040118474,0.017037604646037506,8.0759437834536e-05,0.02809710239872854,0.00011261866560412363,4.5195648696391725e-05,4.8900210064948444e-05,0.00011039592878298961,7.409122737113393e-05,5.556842052835045e-05,7.631396419226799e-05,0.025406954296722597,0.02152118481604739,7.335031509742261e-05,0.02241790085004936,0.00011780505152010299,5.1863859159793746e-05,0.018532131369374146,0.025108048952055283,0.018233226024706818,0.03168396653473643,0.00015336884065824725,6.371845553917519e-05,3.408196459072163e-05
2025-12-29,0.02152118481604739,0.03407520929207501,0.04035222153008886,0.00010520954286701015,0.029292723777397823,4.000926278041234e-05,0.03407520929207501,0.03168396653473643,0.02152118481604739,0.00013114147244690705,0.06546027048214413,0.000288214874473711,0.020026658092710762,0.0030607086027015433,5.7791157349484485e-05,0.029292723777397823,0.01942884740337611,0.06964494530748667,6.371845553917519e-05,0.01942884740337611,0.07472633616683118,0.13032273027495364,6.075480644432981e-05,3.852743823298958e-05,0.024510238262720623,0.06785151323948273,0.053802962040118474,0.017037604646037506,8.0759437834536e-05,0.02809710239872854,0.00011261866560412363,4.5195648696391725e-05,4.8900210064948444e-05,0.00011039592878298961,7.409122737113393e-05,5.556842052835045e-05,7.631396419226799e-05,0.025406954296722597,0.02152118481604739,7.335031509742261e-05,0.02241790085004936,0.00011780505152010299,5.1863859159793746e-05,0.018532131369374146,0.025108048952055283,0.018233226024706818,0.03168396653473643,0.00015336884065824725,6.371845553917519e-05,3.408196459072163e-05
2025-12-30,0.02152118481604739,0.03407520929207501,0.04035222153008886,0.00010520954286701015,0.029292723777397823,4.000926278041234e-05,0.03407520929207501,0.03168396653473643,0.02152118481604739,0.00013114147244690705,0.06546027048214413,0.000288214874473711,0.020026658092710762,0.0030607086027015433,5.7791157349484485e-05,0.029292723777397823,0.01942884740337611,0.06964494530748667,6.371845553917519e-05,0.01942884740337611,0.07472633616683118,0.13032273027495364,6.075480644432981e-05,3.852743823298958e-05,0.024510238262720623,0.06785151323948273,0.053802962040118474,0.017037604646037506,8.0759437834536e-05,0.02809710239872854,0.00011261866560412363,4.5195648696391725e-05,4.8900210064948444e-05,0.00011039592878298961,7.409122737113393e-05,5.556842052835045e-05,7.631396419226799e-05,0.025406954296722597,0.02152118481604739,7.335031509742261e-05,0.02241790085004936,0.00011780505152010299,5.1863859159793746e-05,0.018532131369374146,0.025108048952055283,0.018233226024706818,0.03168396653473643,0.00015336884065824725,6.371845553917519e-05,3.408196459072163e-05
2025-12-31,0.02152118481604739,0.03407520929207501,0.04035222153008886,0.00010520954286701015,0.029292723777397823,4.000926278041234e-05,0.03407520929207501,0.03168396653473643,0.02152118481604739,0.00013114147244690705,0.06546027048214413,0.000288214874473711,0.020026658092710762,0.0030607086027015433,5.7791157349484485e-05,0.029292723777397823,0.01942884740337611,0.06964494530748667,6.371845553917519e-05,0.01942884740337611,0.07472633616683118,0.13032273027495364,6.075480644432981e-05,3.852743823298958e-05,0.024510238262720623,0.06785151323948273,0.053802962040118474,0.017037604646037506,8.0759437834536e-05,0.02809710239872854,0.00011261866560412363,4.5195648696391725e-05,4.8900210064948444e-05,0.00011039592878298961,7.409122737113393e-05,5.556842052835045e-05,7.631396419226799e-05,0.025406954296722597,0.02152118481604739,7.335031509742261e-05,0.02241790085004936,0.00011780505152010299,5.1863859159793746e-05,0.018532131369374146,0.025108048952055283,0.018233226024706818,0.03168396653473643,0.00015336884065824725,6.371845553917519e-05,3.408196459072163e-05
2026-01-02,0.02152118481604739,0.03407520929207501,0.04035222153008886,0.00010520954286701015,0.029292723777397823,4.000926278041234e-05,0.03407520929207501,0.03168396653473643,0.02152118481604739,0.00013114147244690705,0.06546027048214413,0.000288214874473711,0.020026658092710762,0.0030607086027015433,5.7791157349484485e-05,0.029292723777397823,0.01942884740337611,0.06964494530748667,6.371845553917519e-05,0.01942884740337611,0.07472633616683118,0.13032273027495364,6.075480644432981e-05,3.852743823298958e-05,0.024510238262720623,0.06785151323948273,0.053802962040118474,0.017037604646037506,8.0759437834536e-05,0.02809710239872854,0.00011261866560412363,4.5195648696391725e-05,4.8900210064948444e-05,0.00011039592878298961,7.409122737113393e-05,5.556842052835045e-05,7.631396419226799e-05,0.025406954296722597,0.02152118481604739,7.335031509742261e-05,0.02241790085004936,0.00011780505152010299,5.1863859159793746e-05,0.018532131369374146,0.025108048952055283,0.018233226024706818,0.03168396653473643,0.00015336884065824725,6.371845553917519e-05,3.408196459072163e-05
2026-01-05,0.02152118481604739,0.03407520929207501,0.04035222153008886,0.00010520954286701015,0.029292723777397823,4.000926278041234e-05,0.03407520929207501,0.03168396653473643,0.02152118481604739,0.00013114147244690705,0.06546027048214413,0.000288214874473711,0.020026658092710762,0.0030607086027015433,5.7791157349484485e-05,0.029292723777397823,0.01942884740337611,0.06964494530748667,6.371845553917519e-05,0.01942884740337611,0.07472633616683118,0.13032273027495364,6.075480644432981e-05,3.852743823298958e-05,0.024510238262720623,0.06785151323948273,0.053802962040118474,0.017037604646037506,8.0759437834536e-05,0.02809710239872854,0.00011261866560412363,4.5195648696391725e-05,4.8900210064948444e-05,0.00011039592878298961,7.409122737113393e-05,5.556842052835045e-05,7.631396419226799e-05,0.025406954296722597,0.02152118481604739,7.335031509742261e-05,0.02241790085004936,0.00011780505152010299,5.1863859159793746e-05,0.018532131369374146,0.025108048952055283,0.018233226024706818,0.03168396653473643,0.00015336884065824725,6.371845553917519e-05,3.408196459072163e-05
2026-01-06,0.02152118481604739,0.03407520929207501,0.04035222153008886,0.00010520954286701015,0.029292723777397823,4.000926278041234e-05,0.03407520929207501,0.03168396653473643,0.02152118481604739,0.00013114147244690705,0.06546027048214413,0.000288214874473711,0.020026658092710762,0.0030607086027015433,5.7791157349484485e-05,0.029292723777397823,0.01942884740337611,0.06964494530748667,6.371845553917519e-05,0.01942884740337611,0.07472633616683118,0.13032273027495364,6.075480644432981e-05,3.852743823298958e-05,0.024510238262720623,0.06785151323948273,0.053802962040118474,0.017037604646037506,8.0759437834536e-05,0.02809710239872854,0.00011261866560412363,4.5195648696391725e-05,4.8900210064948444e-05,0.00011039592878298961,7.409122737113393e-05,5.556842052835045e-05,7.631396419226799e-05,0.025406954296722597,0.02152118481604739,7.335031509742261e-05,0.02241790085004936,0.00011780505152010299,5.1863859159793746e-05,0.018532131369374146,0.025108048952055283,0.018233226024706818,0.03168396653473643,0.00015336884065824725,6.371845553917519e-05,3.408196459072163e-05
2026-01-07,0.02152118481604739,0.03407520929207501,0.04035222153008886,0.00010520954286701015,0.029292723777397823,4.000926278041234e-05,0.03407520929207501,0.03168396653473643,0.02152118481604739,0.00013114147244690705,0.06546027048214413,0.000288214874473711,0.020026658092710762,0.0030607086027015433,5.7791157349484485e-05,0.029292723777397823,0.01942884740337611,0.06964494530748667,6.371845553917519e-05,0.01942884740337611,0.07472633616683118,0.13032273027495364,6.075480644432981e-05,3.852743823298958e-05,0.024510238262720623,0.06785151323948273,0.053802962040118474,0.017037604646037506,8.0759437834536e-05,0.02809710239872854,0.00011261866560412363,4.5195648696391725e-05,4.8900210064948444e-05,0.00011039592878298961,7.409122737113393e-05,5.556842052835045e-05,7.631396419226799e-05,0.025406954296722597,0.02152118481604739,7.335031509742261e-05,0.02241790085004936,0.00011780505152010299,5.1863859159793746e-05,0.018532131369374146,0.025108048952055283,0.018233226024706818,0.03168396653473643,0.00015336884065824725,6.371845553917519e-05,3.408196459072163e-05
2026-01-08,0.02152118481604739,0.03407520929207501,0.04035222153008886,0.00010520954286701015,0.029292723777397823,4.000926278041234e-05,0.03407520929207501,0.03168396653473643,0.02152118481604739,0.00013114147244690705,0.06546027048214413,0.000288214874473711,0.020026658092710762,0.0030607086027015433,5.7791157349484485e-05,0.029292723777397823,0.01942884740337611,0.06964494530748667,6.371845553917519e-05,0.01942884740337611,0.07472633616683118,0.13032273027495364,6.075480644432981e-05,3.852743823298958e-05,0.024510238262720623,0.06785151323948273,0.053802962040118474,0.017037604646037506,8.0759437834536e-05,0.02809710239872854,0.00011261866560412363,4.5195648696391725e-05,4.8900210064948444e-05,0.00011039592878298961,7.409122737113393e-05,5.556842052835045e-05,7.631396419226799e-05,0.025406954296722597,0.02152118481604739,7.335031509742261e-05,0.02241790085004936,0.00011780505152010299,5.1863859159793746e-05,0.018532131369374146,0.025108048952055283,0.018233226024706818,0.03168396653473643,0.00015336884065824725,6.371845553917519e-05,3.408196459072163e-05
2026-01-09,0.02152118481604739,0.03407520929207501,0.04035222153008886,0.00010520954286701015,0.029292723777397823,4.000926278041234e-05,0.03407520929207501,0.03168396653473643,0.02152118481604739,0.00013114147244690705,0.06546027048214413,0.000288214874473711,0.020026658092710762,0.0030607086027015433,5.7791157349484485e-05,0.029292723777397823,0.01942884740337611,0.06964494530748667,6.371845553917519e-05,0.01942884740337611,0.07472633616683118,0.13032273027495364,6.075480644432981e-05,3.852743823298958e-05,0.024510238262720623,0.06785151323948273,0.053802962040118474,0.017037604646037506,8.0759437834536e-05,0.02809710239872854,0.00011261866560412363,4.5195648696391725e-05,4.8900210064948444e-05,0.00011039592878298961,7.409122737113393e-05,5.556842052835045e-05,7.631396419226799e-05,0.025406954296722597,0.02152118481604739,7.335031509742261e-05,0.02241790085004936,0.00011780505152010299,5.1863859159793746e-05,0.018532131369374146,0.025108048952055283,0.018233226024706818,0.03168396653473643,0.00015336884065824725,6.371845553917519e-05,3.408196459072163e-05
2026-01-12,0.02152118481604739,0.03407520929207501,0.04035222153008886,0.00010520954286701015,0.029292723777397823,4.000926278041234e-05,0.03407520929207501,0.03168396653473643,0.02152118481604739,0.00013114147244690705,0.06546027048214413,0.000288214874473711,0.020026658092710762,0.0030607086027015433,5.7791157349484485e-05,0.029292723777397823,0.01942884740337611,0.06964494530748667,6.371845553917519e-05,0.01942884740337611,0.07472633616683118,0.13032273027495364,6.075480644432981e-05,3.852743823298958e-05,0.024510238262720623,0.06785151323948273,0.053802962040118474,0.017037604646037506,8.0759437834536e-05,0.02809710239872854,0.00011261866560412363,4.5195648696391725e-05,4.8900210064948444e-05,0.00011039592878298961,7.409122737113393e-05,5.556842052835045e-05,7.631396419226799e-05,0.025406954296722597,0.02152118481604739,7.335031509742261e-05,0.02241790085004936,0.00011780505152010299,5.1863859159793746e-05,0.018532131369374146,0.025108048952055283,0.018233226024706818,0.03168396653473643,0.00015336884065824725,6.371845553917519e-05,3.408196459072163e-05
2026-01-13,0.02152118481604739,0.03407520929207501,0.04035222153008886,0.00010520954286701015,0.029292723777397823,4.000926278041234e-05,0.03407520929207501,0.03168396653473643,0.02152118481604739,0.00013114147244690705,0.06546027048214413,0.000288214874473711,0.020026658092710762,0.0030607086027015433,5.7791157349484485e-05,0.029292723777397823,0.01942884740337611,0.06964494530748667,6.371845553917519e-05,0.01942884740337611,0.07472633616683118,0.13032273027495364,6.075480644432981e-05,3.852743823298958e-05,0.024510238262720623,0.06785151323948273,0.053802962040118474,0.017037604646037506,8.0759437834536e-05,0.02809710239872854,0.00011261866560412363,4.5195648696391725e-05,4.8900210064948444e-05,0.00011039592878298961,7.409122737113393e-05,5.556842052835045e-05,7.631396419226799e-05,0.025406954296722597,0.02152118481604739,7.335031509742261e-05,0.02241790085004936,0.00011780505152010299,5.1863859159793746e-05,0.018532131369374146,0.025108048952055283,0.018233226024706818,0.03168396653473643,0.00015336884065824725,6.371845553917519e-05,3.408196459072163e-05
2026-01-14,0.02152118481604739,0.03407520929207501,0.04035222153008886,0.00010520954286701015,0.029292723777397823,4.000926278041234e-05,0.03407520929207501,0.03168396653473643,0.02152118481604739,0.00013114147244690705,0.06546027048214413,0.000288214874473711,0.020026658092710762,0.0030607086027015433,5.7791157349484485e-05,0.029292723777397823,0.01942884740337611,0.06964494530748667,6.371845553917519e-05,0.01942884740337611,0.07472633616683118,0.13032273027495364,6.075480644432981e-05,3.852743823298958e-05,0.024510238262720623,0.06785151323948273,0.053802962040118474,0.017037604646037506,8.0759437834536e-05,0.02809710239872854,0.00011261866560412363,4.5195648696391725e-05,4.8900210064948444e-05,0.00011039592878298961,7.409122737113393e-05,5.556842052835045e-05,7.631396419226799e-05,0.025406954296722597,0.02152118481604739,7.335031509742261e-05,0.02241790085004936,0.00011780505152010299,5.1863859159793746e-05,0.018532131369374146,0.025108048952055283,0.018233226024706818,0.03168396653473643,0.00015336884065824725,6.371845553917519e-05,3.408196459072163e-05
2026-01-15,0.02152118481604739,0.03407520929207501,0.04035222153008886,0.00010520954286701015,0.029292723777397823,4.000926278041234e-05,0.03407520929207501,0.03168396653473643,0.02152118481604739,0.00013114147244690705,0.06546027048214413,0.000288214874473711,0.020026658092710762,0.0030607086027015433,5.7791157349484485e-05,0.029292723777397823,0.01942884740337611,0.06964494530748667,6.371845553917519e-05,0.01942884740337611,0.07472633616683118,0.13032273027495364,6.075480644432981e-05,3.852743823298958e-05,0.024510238262720623,0.06785151323948273,0.053802962040118474,0.017037604646037506,8.0759437834536e-05,0.02809710239872854,0.00011261866560412363,4.5195648696391725e-05,4.8900210064948444e-05,0.00011039592878298961,7.409122737113393e-05,5.556842052835045e-05,7.631396419226799e-05,0.025406954296722597,0.02152118481604739,7.335031509742261e-05,0.02241790085004936,0.00011780505152010299,5.1863859159793746e-05,0.018532131369374146,0.025108048952055283,0.018233226024706818,0.03168396653473643,0.00015336884065824725,6.371845553917519e-05,3.408196459072163e-05
2026-01-16,0.02152118481604739,0.03407520929207501,0.04035222153008886,0.00010520954286701015,0.029292723777397823,4.000926278041234e-05,0.03407520929207501,0.03168396653473643,0.02152118481604739,0.00013114147244690705,0.06546027048214413,0.000288214874473711,0.020026658092710762,0.0030607086027015433,5.7791157349484485e-05,0.029292723777397823,0.01942884740337611,0.06964494530748667,6.371845553917519e-05,0.01942884740337611,0.07472633616683118,0.13032273027495364,6.075480644432981e-05,3.852743823298958e-05,0.024510238262720623,0.06785151323948273,0.053802962040118474,0.017037604646037506,8.0759437834536e-05,0.02809710239872854,0.00011261866560412363,4.5195648696391725e-05,4.8900210064948444e-05,0.00011039592878298961,7.409122737113393e-05,5.556842052835045e-05,7.631396419226799e-05,0.025406954296722597,0.02152118481604739,7.335031509742261e-05,0.02241790085004936,0.00011780505152010299,5.1863859159793746e-05,0.018532131369374146,0.025108048952055283,0.018233226024706818,0.03168396653473643,0.00015336884065824725,6.371845553917519e-05,3.408196459072163e-05
2026-01-19,0.02152118481604739,0.03407520929207501,0.04035222153008886,0.00010520954286701015,0.029292723777397823,4.000926278041234e-05,0.03407520929207501,0.03168396653473643,0.02152118481604739,0.00013114147244690705,0.06546027048214413,0.000288214874473711,0.020026658092710762,0.0030607086027015433,5.7791157349484485e-05,0.029292723777397823,0.01942884740337611,0.06964494530748667,6.371845553917519e-05,0.01942884740337611,0.07472633616683118,0.13032273027495364,6.075480644432981e-05,3.852743823298958e-05,0.024510238262720623,0.06785151323948273,0.053802962040118474,0.017037604646037506,8.0759437834536e-05,0.02809710239872854,0.00011261866560412363,4.5195648696391725e-05,4.8900210064948444e-05,0.00011039592878298961,7.409122737113393e-05,5.556842052835045e-05,7.631396419226799e-05,0.025406954296722597,0.02152118481604739,7.335031509742261e-05,0.02241790085004936,0.00011780505152010299,5.1863859159793746e-05,0.018532131369374146,0.025108048952055283,0.018233226024706818,0.03168396653473643,0.00015336884065824725,6.371845553917519e-05,3.408196459072163e-05
2026-01-20,0.02152118481604739,0.03407520929207501,0.04035222153008886,0.00010520954286701015,0.029292723777397823,4.000926278041234e-05,0.03407520929207501,0.03168396653473643,0.02152118481604739,0.00013114147244690705,0.06546027048214413,0.000288214874473711,0.020026658092710762,0.0030607086027015433,5.7791157349484485e-05,0.029292723777397823,0.01942884740337611,0.06964494530748667,6.371845553917519e-05,0.01942884740337611,0.07472633616683118,0.13032273027495364,6.075480644432981e-05,3.852743823298958e-05,0.024510238262720623,0.06785151323948273,0.053802962040118474,0.017037604646037506,8.0759437834536e-05,0.02809710239872854,0.00011261866560412363,4.5195648696391725e-05,4.8900210064948444e-05,0.00011039592878298961,7.409122737113393e-05,5.556842052835045e-05,7.631396419226799e-05,0.025406954296722597,0.02152118481604739,7.335031509742261e-05,0.02241790085004936,0.00011780505152010299,5.1863859159793746e-05,0.018532131369374146,0.025108048952055283,0.018233226024706818,0.03168396653473643,0.00015336884065824725,6.371845553917519e-05,3.408196459072163e-05
2026-01-21,0.02152118481604739,0.03407520929207501,0.04035222153008886,0.00010520954286701015,0.029292723777397823,4.000926278041234e-05,0.03407520929207501,0.03168396653473643,0.02152118481604739,0.00013114147244690705,0.06546027048214413,0.000288214874473711,0.020026658092710762,0.0030607086027015433,5.7791157349484485e-05,0.029292723777397823,0.01942884740337611,0.06964494530748667,6.371845553917519e-05,0.01942884740337611,0.07472633616683118,0.13032273027495364,6.075480644432981e-05,3.852743823298958e-05,0.024510238262720623,0.06785151323948273,0.053802962040118474,0.017037604646037506,8.0759437834536e-05,0.02809710239872854,0.00011261866560412363,4.5195648696391725e-05,4.8900210064948444e-05,0.00011039592878298961,7.409122737113393e-05,5.556842052835045e-05,7.631396419226799e-05,0.025406954296722597,0.02152118481604739,7.335031509742261e-05,0.02241790085004936,0.00011780505152010299,5.1863859159793746e-05,0.018532131369374146,0.025108048952055283,0.018233226024706818,0.03168396653473643,0.00015336884065824725,6.371845553917519e-05,3.408196459072163e-05
2026-01-22,0.02152118481604739,0.03407520929207501,0.04035222153008886,0.00010520954286701015,0.029292723777397823,4.000926278041234e-05,0.03407520929207501,0.03168396653473643,0.02152118481604739,0.00013114147244690705,0.06546027048214413,0.000288214874473711,0.020026658092710762,0.0030607086027015433,5.7791157349484485e-05,0.029292723777397823,0.01942884740337611,0.06964494530748667,6.371845553917519e-05,0.01942884740337611,0.07472633616683118,0.13032273027495364,6.075480644432981e-05,3.852743823298958e-05,0.024510238262720623,0.06785151323948273,0.053802962040118474,0.017037604646037506,8.0759437834536e-05,0.02809710239872854,0.00011261866560412363,4.5195648696391725e-05,4.8900210064948444e-05,0.00011039592878298961,7.409122737113393e-05,5.556842052835045e-05,7.631396419226799e-05,0.025406954296722597,0.02152118481604739,7.335031509742261e-05,0.02241790085004936,0.00011780505152010299,5.1863859159793746e-05,0.018532131369374146,0.025108048952055283,0.018233226024706818,0.03168396653473643,0.00015336884065824725,6.371845553917519e-05,3.408196459072163e-05
2026-01-23,0.02152118481604739,0.03407520929207501,0.04035222153008886,0.00010520954286701015,0.029292723777397823,4.000926278041234e-05,0.03407520929207501,0.03168396653473643,0.02152118481604739,0.00013114147244690705,0.06546027048214413,0.000288214874473711,0.020026658092710762,0.0030607086027015433,5.7791157349484485e-05,0.029292723777397823,0.01942884740337611,0.06964494530748667,6.371845553917519e-05,0.01942884740337611,0.07472633616683118,0.13032273027495364,6.075480644432981e-05,3.852743823298958e-05,0.024510238262720623,0.06785151323948273,0.053802962040118474,0.017037604646037506,8.0759437834536e-05,0.02809710239872854,0.00011261866560412363,4.5195648696391725e-05,4.8900210064948444e-05,0.00011039592878298961,7.409122737113393e-05,5.556842052835045e-05,7.631396419226799e-05,0.025406954296722597,0.02152118481604739,7.335031509742261e-05,0.02241790085004936,0.00011780505152010299,5.1863859159793746e-05,0.018532131369374146,0.025108048952055283,0.018233226024706818,0.03168396653473643,0.00015336884065824725,6.371845553917519e-05,3.408196459072163e-05
2026-01-26,0.02152118481604739,0.03407520929207501,0.04035222153008886,0.00010520954286701015,0.029292723777397823,4.000926278041234e-05,0.03407520929207501,0.03168396653473643,0.02152118481604739,0.00013114147244690705,0.06546027048214413,0.000288214874473711,0.020026658092710762,0.0030607086027015433,5.7791157349484485e-05,0.029292723777397823,0.01942884740337611,0.06964494530748667,6.371845553917519e-05,0.01942884740337611,0.07472633616683118,0.13032273027495364,6.075480644432981e-05,3.852743823298958e-05,0.024510238262720623,0.06785151323948273,0.053802962040118474,0.017037604646037506,8.0759437834536e-05,0.02809710239872854,0.00011261866560412363,4.5195648696391725e-05,4.8900210064948444e-05,0.00011039592878298961,7.409122737113393e-05,5.556842052835045e-05,7.631396419226799e-05,0.025406954296722597,0.02152118481604739,7.335031509742261e-05,0.02241790085004936,0.00011780505152010299,5.1863859159793746e-05,0.018532131369374146,0.025108048952055283,0.018233226024706818,0.03168396653473643,0.00015336884065824725,6.371845553917519e-05,3.408196459072163e-05
2026-01-27,0.02152118481604739,0.03407520929207501,0.04035222153008886,0.00010520954286701015,0.029292723777397823,4.000926278041234e-05,0.03407520929207501,0.03168396653473643,0.02152118481604739,0.00013114147244690705,0.06546027048214413,0.000288214874473711,0.020026658092710762,0.0030607086027015433,5.7791157349484485e-05,0.029292723777397823,0.01942884740337611,0.06964494530748667,6.371845553917519e-05,0.01942884740337611,0.07472633616683118,0.13032273027495364,6.075480644432981e-05,3.852743823298958e-05,0.024510238262720623,0.06785151323948273,0.053802962040118474,0.017037604646037506,8.0759437834536e-05,0.02809710239872854,0.00011261866560412363,4.5195648696391725e-05,4.8900210064948444e-05,0.00011039592878298961,7.409122737113393e-05,5.556842052835045e-05,7.631396419226799e-05,0.025406954296722597,0.02152118481604739,7.335031509742261e-05,0.02241790085004936,0.00011780505152010299,5.1863859159793746e-05,0.018532131369374146,0.025108048952055283,0.018233226024706818,0.03168396653473643,0.00015336884065824725,6.371845553917519e-05,3.408196459072163e-05
2026-01-28,0.02152118481604739,0.03407520929207501,0.04035222153008886,0.00010520954286701015,0.029292723777397823,4.000926278041234e-05,0.03407520929207501,0.03168396653473643,0.02152118481604739,0.00013114147244690705,0.06546027048214413,0.000288214874473711,0.020026658092710762,0.0030607086027015433,5.7791157349484485e-05,0.029292723777397823,0.01942884740337611,0.06964494530748667,6.371845553917519e-05,0.01942884740337611,0.07472633616683118,0.13032273027495364,6.075480644432981e-05,3.852743823298958e-05,0.024510238262720623,0.06785151323948273,0.053802962040118474,0.017037604646037506,8.0759437834536e-05,0.02809710239872854,0.00011261866560412363,4.5195648696391725e-05,4.8900210064948444e-05,0.00011039592878298961,7.409122737113393e-05,5.556842052835045e-05,7.631396419226799e-05,0.025406954296722597,0.02152118481604739,7.335031509742261e-05,0.02241790085004936,0.00011780505152010299,5.1863859159793746e-05,0.018532131369374146,0.025108048952055283,0.018233226024706818,0.03168396653473643,0.00015336884065824725,6.371845553917519e-05,3.408196459072163e-05
2026-01-29,0.02152118481604739,0.03407520929207501,0.04035222153008886,0.00010520954286701015,0.029292723777397823,4.000926278041234e-05,0.03407520929207501,0.03168396653473643,0.02152118481604739,0.00013114147244690705,0.06546027048214413,0.000288214874473711,0.020026658092710762,0.0030607086027015433,5.7791157349484485e-05,0.029292723777397823,0.01942884740337611,0.06964494530748667,6.371845553917519e-05,0.01942884740337611,0.07472633616683118,0.13032273027495364,6.075480644432981e-05,3.852743823298958e-05,0.024510238262720623,0.06785151323948273,0.053802962040118474,0.017037604646037506,8.0759437834536e-05,0.02809710239872854,0.00011261866560412363,4.5195648696391725e-05,4.8900210064948444e-05,0.00011039592878298961,7.409122737113393e-05,5.556842052835045e-05,7.631396419226799e-05,0.025406954296722597,0.02152118481604739,7.335031509742261e-05,0.02241790085004936,0.00011780505152010299,5.1863859159793746e-05,0.018532131369374146,0.025108048952055283,0.018233226024706818,0.03168396653473643,0.00015336884065824725,6.371845553917519e-05,3.408196459072163e-05
2026-01-30,0.02152118481604739,0.03407520929207501,0.04035222153008886,0.00010520954286701015,0.029292723777397823,4.000926278041234e-05,0.03407520929207501,0.03168396653473643,0.02152118481604739,0.00013114147244690705,0.06546027048214413,0.000288214874473711,0.020026658092710762,0.0030607086027015433,5.7791157349484485e-05,0.029292723777397823,0.01942884740337611,0.06964494530748667,6.371845553917519e-05,0.01942884740337611,0.07472633616683118,0.13032273027495364,6.075480644432981e-05,3.852743823298958e-05,0.024510238262720623,0.06785151323948273,0.053802962040118474,0.017037604646037506,8.0759437834536e-05,0.02809710239872854,0.00011261866560412363,4.5195648696391725e-05,4.8900210064948444e-05,0.00011039592878298961,7.409122737113393e-05,5.556842052835045e-05,7.631396419226799e-05,0.025406954296722597,0.02152118481604739,7.335031509742261e-05,0.02241790085004936,0.00011780505152010299,5.1863859159793746e-05,0.018532131369374146,0.025108048952055283,0.018233226024706818,0.03168396653473643,0.00015336884065824725,6.371845553917519e-05,3.408196459072163e-05
2026-02-02,0.02152118481604739,0.03407520929207501,0.04035222153008886,0.00010520954286701015,0.029292723777397823,4.000926278041234e-05,0.03407520929207501,0.03168396653473643,0.02152118481604739,0.00013114147244690705,0.06546027048214413,0.000288214874473711,0.020026658092710762,0.0030607086027015433,5.7791157349484485e-05,0.029292723777397823,0.01942884740337611,0.06964494530748667,6.371845553917519e-05,0.01942884740337611,0.07472633616683118,0.13032273027495364,6.075480644432981e-05,3.852743823298958e-05,0.024510238262720623,0.06785151323948273,0.053802962040118474,0.017037604646037506,8.0759437834536e-05,0.02809710239872854,0.00011261866560412363,4.5195648696391725e-05,4.8900210064948444e-05,0.00011039592878298961,7.409122737113393e-05,5.556842052835045e-05,7.631396419226799e-05,0.025406954296722597,0.02152118481604739,7.335031509742261e-05,0.02241790085004936,0.00011780505152010299,5.1863859159793746e-05,0.018532131369374146,0.025108048952055283,0.018233226024706818,0.03168396653473643,0.00015336884065824725,6.371845553917519e-05,3.408196459072163e-05
2026-02-03,0.02152118481604739,0.03407520929207501,0.04035222153008886,0.00010520954286701015,0.029292723777397823,4.000926278041234e-05,0.03407520929207501,0.03168396653473643,0.02152118481604739,0.00013114147244690705,0.06546027048214413,0.000288214874473711,0.020026658092710762,0.0030607086027015433,5.7791157349484485e-05,0.029292723777397823,0.01942884740337611,0.06964494530748667,6.371845553917519e-05,0.01942884740337611,0.07472633616683118,0.13032273027495364,6.075480644432981e-05,3.852743823298958e-05,0.024510238262720623,0.06785151323948273,0.053802962040118474,0.017037604646037506,8.0759437834536e-05,0.02809710239872854,0.00011261866560412363,4.5195648696391725e-05,4.8900210064948444e-05,0.00011039592878298961,7.409122737113393e-05,5.556842052835045e-05,7.631396419226799e-05,0.025406954296722597,0.02152118481604739,7.335031509742261e-05,0.02241790085004936,0.00011780505152010299,5.1863859159793746e-05,0.018532131369374146,0.025108048952055283,0.018233226024706818,0.03168396653473643,0.00015336884065824725,6.371845553917519e-05,3.408196459072163e-05
2026-02-04,0.02152118481604739,0.03407520929207501,0.04035222153008886,0.00010520954286701015,0.029292723777397823,4.000926278041234e-05,0.03407520929207501,0.03168396653473643,0.02152118481604739,0.00013114147244690705,0.06546027048214413,0.000288214874473711,0.020026658092710762,0.0030607086027015433,5.7791157349484485e-05,0.029292723777397823,0.01942884740337611,0.06964494530748667,6.371845553917519e-05,0.01942884740337611,0.07472633616683118,0.13032273027495364,6.075480644432981e-05,3.852743823298958e-05,0.024510238262720623,0.06785151323948273,0.053802962040118474,0.017037604646037506,8.0759437834536e-05,0.02809710239872854,0.00011261866560412363,4.5195648696391725e-05,4.8900210064948444e-05,0.00011039592878298961,7.409122737113393e-05,5.556842052835045e-05,7.631396419226799e-05,0.025406954296722597,0.02152118481604739,7.335031509742261e-05,0.02241790085004936,0.00011780505152010299,5.1863859159793746e-05,0.018532131369374146,0.025108048952055283,0.018233226024706818,0.03168396653473643,0.00015336884065824725,6.371845553917519e-05,3.408196459072163e-05
2026-02-05,0.02152118481604739,0.03407520929207501,0.04035222153008886,0.00010520954286701015,0.029292723777397823,4.000926278041234e-05,0.03407520929207501,0.03168396653473643,0.02152118481604739,0.00013114147244690705,0.06546027048214413,0.000288214874473711,0.020026658092710762,0.0030607086027015433,5.7791157349484485e-05,0.029292723777397823,0.01942884740337611,0.06964494530748667,6.371845553917519e-05,0.01942884740337611,0.07472633616683118,0.13032273027495364,6.075480644432981e-05,3.852743823298958e-05,0.024510238262720623,0.06785151323948273,0.053802962040118474,0.017037604646037506,8.0759437834536e-05,0.02809710239872854,0.00011261866560412363,4.5195648696391725e-05,4.8900210064948444e-05,0.00011039592878298961,7.409122737113393e-05,5.556842052835045e-05,7.631396419226799e-05,0.025406954296722597,0.02152118481604739,7.335031509742261e-05,0.02241790085004936,0.00011780505152010299,5.1863859159793746e-05,0.018532131369374146,0.025108048952055283,0.018233226024706818,0.03168396653473643,0.00015336884065824725,6.371845553917519e-05,3.408196459072163e-05
2026-02-06,0.02152118481604739,0.03407520929207501,0.04035222153008886,0.00010520954286701015,0.029292723777397823,4.000926278041234e-05,0.03407520929207501,0.03168396653473643,0.02152118481604739,0.00013114147244690705,0.06546027048214413,0.000288214874473711,0.020026658092710762,0.0030607086027015433,5.7791157349484485e-05,0.029292723777397823,0.01942884740337611,0.06964494530748667,6.371845553917519e-05,0.01942884740337611,0.07472633616683118,0.13032273027495364,6.075480644432981e-05,3.852743823298958e-05,0.024510238262720623,0.06785151323948273,0.053802962040118474,0.017037604646037506,8.0759437834536e-05,0.02809710239872854,0.00011261866560412363,4.5195648696391725e-05,4.8900210064948444e-05,0.00011039592878298961,7.409122737113393e-05,5.556842052835045e-05,7.631396419226799e-05,0.025406954296722597,0.02152118481604739,7.335031509742261e-05,0.02241790085004936,0.00011780505152010299,5.1863859159793746e-05,0.018532131369374146,0.025108048952055283,0.018233226024706818,0.03168396653473643,0.00015336884065824725,6.371845553917519e-05,3.408196459072163e-05
2026-02-09,0.02152118481604739,0.03407520929207501,0.04035222153008886,0.00010520954286701015,0.029292723777397823,4.000926278041234e-05,0.03407520929207501,0.03168396653473643,0.02152118481604739,0.00013114147244690705,0.06546027048214413,0.000288214874473711,0.020026658092710762,0.0030607086027015433,5.7791157349484485e-05,0.029292723777397823,0.01942884740337611,0.06964494530748667,6.371845553917519e-05,0.01942884740337611,0.07472633616683118,0.13032273027495364,6.075480644432981e-05,3.852743823298958e-05,0.024510238262720623,0.06785151323948273,0.053802962040118474,0.017037604646037506,8.0759437834536e-05,0.02809710239872854,0.00011261866560412363,4.5195648696391725e-05,4.8900210064948444e-05,0.00011039592878298961,7.409122737113393e-05,5.556842052835045e-05,7.631396419226799e-05,0.025406954296722597,0.02152118481604739,7.335031509742261e-05,0.02241790085004936,0.00011780505152010299,5.1863859159793746e-05,0.018532131369374146,0.025108048952055283,0.018233226024706818,0.03168396653473643,0.00015336884065824725,6.371845553917519e-05,3.408196459072163e-05
2026-02-10,0.02152118481604739,0.03407520929207501,0.04035222153008886,0.00010520954286701015,0.029292723777397823,4.000926278041234e-05,0.03407520929207501,0.03168396653473643,0.02152118481604739,0.00013114147244690705,0.06546027048214413,0.000288214874473711,0.020026658092710762,0.0030607086027015433,5.7791157349484485e-05,0.029292723777397823,0.01942884740337611,0.06964494530748667,6.371845553917519e-05,0.01942884740337611,0.07472633616683118,0.13032273027495364,6.075480644432981e-05,3.852743823298958e-05,0.024510238262720623,0.06785151323948273,0.053802962040118474,0.017037604646037506,8.0759437834536e-05,0.02809710239872854,0.00011261866560412363,4.5195648696391725e-05,4.8900210064948444e-05,0.00011039592878298961,7.409122737113393e-05,5.556842052835045e-05,7.631396419226799e-05,0.025406954296722597,0.02152118481604739,7.335031509742261e-05,0.02241790085004936,0.00011780505152010299,5.1863859159793746e-05,0.018532131369374146,0.025108048952055283,0.018233226024706818,0.03168396653473643,0.00015336884065824725,6.371845553917519e-05,3.408196459072163e-05
2026-02-11,0.02152118481604739,0.03407520929207501,0.04035222153008886,0.00010520954286701015,0.029292723777397823,4.000926278041234e-05,0.03407520929207501,0.03168396653473643,0.02152118481604739,0.00013114147244690705,0.06546027048214413,0.000288214874473711,0.020026658092710762,0.0030607086027015433,5.7791157349484485e-05,0.029292723777397823,0.01942884740337611,0.06964494530748667,6.371845553917519e-05,0.01942884740337611,0.07472633616683118,0.13032273027495364,6.075480644432981e-05,3.852743823298958e-05,0.024510238262720623,0.06785151323948273,0.053802962040118474,0.017037604646037506,8.0759437834536e-05,0.02809710239872854,0.00011261866560412363,4.5195648696391725e-05,4.8900210064948444e-05,0.00011039592878298961,7.409122737113393e-05,5.556842052835045e-05,7.631396419226799e-05,0.025406954296722597,0.02152118481604739,7.335031509742261e-05,0.02241790085004936,0.00011780505152010299,5.1863859159793746e-05,0.018532131369374146,0.025108048952055283,0.018233226024706818,0.03168396653473643,0.00015336884065824725,6.371845553917519e-05,3.408196459072163e-05
2026-02-23,0.02152118481604739,0.03407520929207501,0.04035222153008886,0.00010520954286701015,0.029292723777397823,4.000926278041234e-05,0.03407520929207501,0.03168396653473643,0.02152118481604739,0.00013114147244690705,0.06546027048214413,0.000288214874473711,0.020026658092710762,0.0030607086027015433,5.7791157349484485e-05,0.029292723777397823,0.01942884740337611,0.06964494530748667,6.371845553917519e-05,0.01942884740337611,0.07472633616683118,0.13032273027495364,6.075480644432981e-05,3.852743823298958e-05,0.024510238262720623,0.06785151323948273,0.053802962040118474,0.017037604646037506,8.0759437834536e-05,0.02809710239872854,0.00011261866560412363,4.5195648696391725e-05,4.8900210064948444e-05,0.00011039592878298961,7.409122737113393e-05,5.556842052835045e-05,7.631396419226799e-05,0.025406954296722597,0.02152118481604739,7.335031509742261e-05,0.02241790085004936,0.00011780505152010299,5.1863859159793746e-05,0.018532131369374146,0.025108048952055283,0.018233226024706818,0.03168396653473643,0.00015336884065824725,6.371845553917519e-05,3.408196459072163e-05
2026-02-24,0.02152118481604739,0.03407520929207501,0.04035222153008886,0.00010520954286701015,0.029292723777397823,4.000926278041234e-05,0.03407520929207501,0.03168396653473643,0.02152118481604739,0.00013114147244690705,0.06546027048214413,0.000288214874473711,0.020026658092710762,0.0030607086027015433,5.7791157349484485e-05,0.029292723777397823,0.01942884740337611,0.06964494530748667,6.371845553917519e-05,0.01942884740337611,0.07472633616683118,0.13032273027495364,6.075480644432981e-05,3.852743823298958e-05,0.024510238262720623,0.06785151323948273,0.053802962040118474,0.017037604646037506,8.0759437834536e-05,0.02809710239872854,0.00011261866560412363,4.5195648696391725e-05,4.8900210064948444e-05,0.00011039592878298961,7.409122737113393e-05,5.556842052835045e-05,7.631396419226799e-05,0.025406954296722597,0.02152118481604739,7.335031509742261e-05,0.02241790085004936,0.00011780505152010299,5.1863859159793746e-05,0.018532131369374146,0.025108048952055283,0.018233226024706818,0.03168396653473643,0.00015336884065824725,6.371845553917519e-05,3.408196459072163e-05
2026-02-25,0.02152118481604739,0.03407520929207501,0.04035222153008886,0.00010520954286701015,0.029292723777397823,4.000926278041234e-05,0.03407520929207501,0.03168396653473643,0.02152118481604739,0.00013114147244690705,0.06546027048214413,0.000288214874473711,0.020026658092710762,0.0030607086027015433,5.7791157349484485e-05,0.029292723777397823,0.01942884740337611,0.06964494530748667,6.371845553917519e-05,0.01942884740337611,0.07472633616683118,0.13032273027495364,6.075480644432981e-05,3.852743823298958e-05,0.024510238262720623,0.06785151323948273,0.053802962040118474,0.017037604646037506,8.0759437834536e-05,0.02809710239872854,0.00011261866560412363,4.5195648696391725e-05,4.8900210064948444e-05,0.00011039592878298961,7.409122737113393e-05,5.556842052835045e-05,7.631396419226799e-05,0.025406954296722597,0.02152118481604739,7.335031509742261e-05,0.02241790085004936,0.00011780505152010299,5.1863859159793746e-05,0.018532131369374146,0.025108048952055283,0.018233226024706818,0.03168396653473643,0.00015336884065824725,6.371845553917519e-05,3.408196459072163e-05
2026-02-26,0.02152118481604739,0.03407520929207501,0.04035222153008886,0.00010520954286701015,0.029292723777397823,4.000926278041234e-05,0.03407520929207501,0.03168396653473643,0.02152118481604739,0.00013114147244690705,0.06546027048214413,0.000288214874473711,0.020026658092710762,0.0030607086027015433,5.7791157349484485e-05,0.029292723777397823,0.01942884740337611,0.06964494530748667,6.371845553917519e-05,0.01942884740337611,0.07472633616683118,0.13032273027495364,6.075480644432981e-05,3.852743823298958e-05,0.024510238262720623,0.06785151323948273,0.053802962040118474,0.017037604646037506,8.0759437834536e-05,0.02809710239872854,0.00011261866560412363,4.5195648696391725e-05,4.8900210064948444e-05,0.00011039592878298961,7.409122737113393e-05,5.556842052835045e-05,7.631396419226799e-05,0.025406954296722597,0.02152118481604739,7.335031509742261e-05,0.02241790085004936,0.00011780505152010299,5.1863859159793746e-05,0.018532131369374146,0.025108048952055283,0.018233226024706818,0.03168396653473643,0.00015336884065824725,6.371845553917519e-05,3.408196459072163e-05
2026-03-02,0.02152118481604739,0.03407520929207501,0.04035222153008886,0.00010520954286701015,0.029292723777397823,4.000926278041234e-05,0.03407520929207501,0.03168396653473643,0.02152118481604739,0.00013114147244690705,0.06546027048214413,0.000288214874473711,0.020026658092710762,0.0030607086027015433,5.7791157349484485e-05,0.029292723777397823,0.01942884740337611,0.06964494530748667,6.371845553917519e-05,0.01942884740337611,0.07472633616683118,0.13032273027495364,6.075480644432981e-05,3.852743823298958e-05,0.024510238262720623,0.06785151323948273,0.053802962040118474,0.017037604646037506,8.0759437834536e-05,0.02809710239872854,0.00011261866560412363,4.5195648696391725e-05,4.8900210064948444e-05,0.00011039592878298961,7.409122737113393e-05,5.556842052835045e-05,7.631396419226799e-05,0.025406954296722597,0.02152118481604739,7.335031509742261e-05,0.02241790085004936,0.00011780505152010299,5.1863859159793746e-05,0.018532131369374146,0.025108048952055283,0.018233226024706818,0.03168396653473643,0.00015336884065824725,6.371845553917519e-05,3.408196459072163e-05
2026-03-03,0.02152118481604739,0.03407520929207501,0.04035222153008886,0.00010520954286701015,0.029292723777397823,4.000926278041234e-05,0.03407520929207501,0.03168396653473643,0.02152118481604739,0.00013114147244690705,0.06546027048214413,0.000288214874473711,0.020026658092710762,0.0030607086027015433,5.7791157349484485e-05,0.029292723777397823,0.01942884740337611,0.06964494530748667,6.371845553917519e-05,0.01942884740337611,0.07472633616683118,0.13032273027495364,6.075480644432981e-05,3.852743823298958e-05,0.024510238262720623,0.06785151323948273,0.053802962040118474,0.017037604646037506,8.0759437834536e-05,0.02809710239872854,0.00011261866560412363,4.5195648696391725e-05,4.8900210064948444e-05,0.00011039592878298961,7.409122737113393e-05,5.556842052835045e-05,7.631396419226799e-05,0.025406954296722597,0.02152118481604739,7.335031509742261e-05,0.02241790085004936,0.00011780505152010299,5.1863859159793746e-05,0.018532131369374146,0.025108048952055283,0.018233226024706818,0.03168396653473643,0.00015336884065824725,6.371845553917519e-05,3.408196459072163e-05
2026-03-04,0.02152118481604739,0.03407520929207501,0.04035222153008886,0.00010520954286701015,0.029292723777397823,4.000926278041234e-05,0.03407520929207501,0.03168396653473643,0.02152118481604739,0.00013114147244690705,0.06546027048214413,0.000288214874473711,0.020026658092710762,0.0030607086027015433,5.7791157349484485e-05,0.029292723777397823,0.01942884740337611,0.06964494530748667,6.371845553917519e-05,0.01942884740337611,0.07472633616683118,0.13032273027495364,6.075480644432981e-05,3.852743823298958e-05,0.024510238262720623,0.06785151323948273,0.053802962040118474,0.017037604646037506,8.0759437834536e-05,0.02809710239872854,0.00011261866560412363,4.5195648696391725e-05,4.8900210064948444e-05,0.00011039592878298961,7.409122737113393e-05,5.556842052835045e-05,7.631396419226799e-05,0.025406954296722597,0.02152118481604739,7.335031509742261e-05,0.02241790085004936,0.00011780505152010299,5.1863859159793746e-05,0.018532131369374146,0.025108048952055283,0.018233226024706818,0.03168396653473643,0.00015336884065824725,6.371845553917519e-05,3.408196459072163e-05
2026-03-05,0.02152118481604739,0.03407520929207501,0.04035222153008886,0.00010520954286701015,0.029292723777397823,4.000926278041234e-05,0.03407520929207501,0.03168396653473643,0.02152118481604739,0.00013114147244690705,0.06546027048214413,0.000288214874473711,0.020026658092710762,0.0030607086027015433,5.7791157349484485e-05,0.029292723777397823,0.01942884740337611,0.06964494530748667,6.371845553917519e-05,0.01942884740337611,0.07472633616683118,0.13032273027495364,6.075480644432981e-05,3.852743823298958e-05,0.024510238262720623,0.06785151323948273,0.053802962040118474,0.017037604646037506,8.0759437834536e-05,0.02809710239872854,0.00011261866560412363,4.5195648696391725e-05,4.8900210064948444e-05,0.00011039592878298961,7.409122737113393e-05,5.556842052835045e-05,7.631396419226799e-05,0.025406954296722597,0.02152118481604739,7.335031509742261e-05,0.02241790085004936,0.00011780505152010299,5.1863859159793746e-05,0.018532131369374146,0.025108048952055283,0.018233226024706818,0.03168396653473643,0.00015336884065824725,6.371845553917519e-05,3.408196459072163e-05
2026-03-06,0.02152118481604739,0.03407520929207501,0.04035222153008886,0.00010520954286701015,0.029292723777397823,4.000926278041234e-05,0.03407520929207501,0.03168396653473643,0.02152118481604739,0.00013114147244690705,0.06546027048214413,0.000288214874473711,0.020026658092710762,0.0030607086027015433,5.7791157349484485e-05,0.029292723777397823,0.01942884740337611,0.06964494530748667,6.371845553917519e-05,0.01942884740337611,0.07472633616683118,0.13032273027495364,6.075480644432981e-05,3.852743823298958e-05,0.024510238262720623,0.06785151323948273,0.053802962040118474,0.017037604646037506,8.0759437834536e-05,0.02809710239872854,0.00011261866560412363,4.5195648696391725e-05,4.8900210064948444e-05,0.00011039592878298961,7.409122737113393e-05,5.556842052835045e-05,7.631396419226799e-05,0.025406954296722597,0.02152118481604739,7.335031509742261e-05,0.02241790085004936,0.00011780505152010299,5.1863859159793746e-05,0.018532131369374146,0.025108048952055283,0.018233226024706818,0.03168396653473643,0.00015336884065824725,6.371845553917519e-05,3.408196459072163e-05
2026-03-09,0.02152118481604739,0.03407520929207501,0.04035222153008886,0.00010520954286701015,0.029292723777397823,4.000926278041234e-05,0.03407520929207501,0.03168396653473643,0.02152118481604739,0.00013114147244690705,0.06546027048214413,0.000288214874473711,0.020026658092710762,0.0030607086027015433,5.7791157349484485e-05,0.029292723777397823,0.01942884740337611,0.06964494530748667,6.371845553917519e-05,0.01942884740337611,0.07472633616683118,0.13032273027495364,6.075480644432981e-05,3.852743823298958e-05,0.024510238262720623,0.06785151323948273,0.053802962040118474,0.017037604646037506,8.0759437834536e-05,0.02809710239872854,0.00011261866560412363,4.5195648696391725e-05,4.8900210064948444e-05,0.00011039592878298961,7.409122737113393e-05,5.556842052835045e-05,7.631396419226799e-05,0.025406954296722597,0.02152118481604739,7.335031509742261e-05,0.02241790085004936,0.00011780505152010299,5.1863859159793746e-05,0.018532131369374146,0.025108048952055283,0.018233226024706818,0.03168396653473643,0.00015336884065824725,6.371845553917519e-05,3.408196459072163e-05
2026-03-10,0.02152118481604739,0.03407520929207501,0.04035222153008886,0.00010520954286701015,0.029292723777397823,4.000926278041234e-05,0.03407520929207501,0.03168396653473643,0.02152118481604739,0.00013114147244690705,0.06546027048214413,0.000288214874473711,0.020026658092710762,0.0030607086027015433,5.7791157349484485e-05,0.029292723777397823,0.01942884740337611,0.06964494530748667,6.371845553917519e-05,0.01942884740337611,0.07472633616683118,0.13032273027495364,6.075480644432981e-05,3.852743823298958e-05,0.024510238262720623,0.06785151323948273,0.053802962040118474,0.017037604646037506,8.0759437834536e-05,0.02809710239872854,0.00011261866560412363,4.5195648696391725e-05,4.8900210064948444e-05,0.00011039592878298961,7.409122737113393e-05,5.556842052835045e-05,7.631396419226799e-05,0.025406954296722597,0.02152118481604739,7.335031509742261e-05,0.02241790085004936,0.00011780505152010299,5.1863859159793746e-05,0.018532131369374146,0.025108048952055283,0.018233226024706818,0.03168396653473643,0.00015336884065824725,6.371845553917519e-05,3.408196459072163e-05
2026-03-11,0.02152118481604739,0.03407520929207501,0.04035222153008886,0.00010520954286701015,0.029292723777397823,4.000926278041234e-05,0.03407520929207501,0.03168396653473643,0.02152118481604739,0.00013114147244690705,0.06546027048214413,0.000288214874473711,0.020026658092710762,0.0030607086027015433,5.7791157349484485e-05,0.029292723777397823,0.01942884740337611,0.06964494530748667,6.371845553917519e-05,0.01942884740337611,0.07472633616683118,0.13032273027495364,6.075480644432981e-05,3.852743823298958e-05,0.024510238262720623,0.06785151323948273,0.053802962040118474,0.017037604646037506,8.0759437834536e-05,0.02809710239872854,0.00011261866560412363,4.5195648696391725e-05,4.8900210064948444e-05,0.00011039592878298961,7.409122737113393e-05,5.556842052835045e-05,7.631396419226799e-05,0.025406954296722597,0.02152118481604739,7.335031509742261e-05,0.02241790085004936,0.00011780505152010299,5.1863859159793746e-05,0.018532131369374146,0.025108048952055283,0.018233226024706818,0.03168396653473643,0.00015336884065824725,6.371845553917519e-05,3.408196459072163e-05
2026-03-12,0.02152118481604739,0.03407520929207501,0.04035222153008886,0.00010520954286701015,0.029292723777397823,4.000926278041234e-05,0.03407520929207501,0.03168396653473643,0.02152118481604739,0.00013114147244690705,0.06546027048214413,0.000288214874473711,0.020026658092710762,0.0030607086027015433,5.7791157349484485e-05,0.029292723777397823,0.01942884740337611,0.06964494530748667,6.371845553917519e-05,0.01942884740337611,0.07472633616683118,0.13032273027495364,6.075480644432981e-05,3.852743823298958e-05,0.024510238262720623,0.06785151323948273,0.053802962040118474,0.017037604646037506,8.0759437834536e-05,0.02809710239872854,0.00011261866560412363,4.5195648696391725e-05,4.8900210064948444e-05,0.00011039592878298961,7.409122737113393e-05,5.556842052835045e-05,7.631396419226799e-05,0.025406954296722597,0.02152118481604739,7.335031509742261e-05,0.02241790085004936,0.00011780505152010299,5.1863859159793746e-05,0.018532131369374146,0.025108048952055283,0.018233226024706818,0.03168396653473643,0.00015336884065824725,6.371845553917519e-05,3.408196459072163e-05
2026-03-13,0.02152118481604739,0.03407520929207501,0.04035222153008886,0.00010520954286701015,0.029292723777397823,4.000926278041234e-05,0.03407520929207501,0.03168396653473643,0.02152118481604739,0.00013114147244690705,0.06546027048214413,0.000288214874473711,0.020026658092710762,0.0030607086027015433,5.7791157349484485e-05,0.029292723777397823,0.01942884740337611,0.06964494530748667,6.371845553917519e-05,0.01942884740337611,0.07472633616683118,0.13032273027495364,6.075480644432981e-05,3.852743823298958e-05,0.024510238262720623,0.06785151323948273,0.053802962040118474,0.017037604646037506,8.0759437834536e-05,0.02809710239872854,0.00011261866560412363,4.5195648696391725e-05,4.8900210064948444e-05,0.00011039592878298961,7.409122737113393e-05,5.556842052835045e-05,7.631396419226799e-05,0.025406954296722597,0.02152118481604739,7.335031509742261e-05,0.02241790085004936,0.00011780505152010299,5.1863859159793746e-05,0.018532131369374146,0.025108048952055283,0.018233226024706818,0.03168396653473643,0.00015336884065824725,6.371845553917519e-05,3.408196459072163e-05
2026-03-16,0.02152118481604739,0.03407520929207501,0.04035222153008886,0.00010520954286701015,0.029292723777397823,4.000926278041234e-05,0.03407520929207501,0.03168396653473643,0.02152118481604739,0.00013114147244690705,0.06546027048214413,0.000288214874473711,0.020026658092710762,0.0030607086027015433,5.7791157349484485e-05,0.029292723777397823,0.01942884740337611,0.06964494530748667,6.371845553917519e-05,0.01942884740337611,0.07472633616683118,0.13032273027495364,6.075480644432981e-05,3.852743823298958e-05,0.024510238262720623,0.06785151323948273,0.053802962040118474,0.017037604646037506,8.0759437834536e-05,0.02809710239872854,0.00011261866560412363,4.5195648696391725e-05,4.8900210064948444e-05,0.00011039592878298961,7.409122737113393e-05,5.556842052835045e-05,7.631396419226799e-05,0.025406954296722597,0.02152118481604739,7.335031509742261e-05,0.02241790085004936,0.00011780505152010299,5.1863859159793746e-05,0.018532131369374146,0.025108048952055283,0.018233226024706818,0.03168396653473643,0.00015336884065824725,6.371845553917519e-05,3.408196459072163e-05
2026-03-17,0.02152118481604739,0.03407520929207501,0.04035222153008886,0.00010520954286701015,0.029292723777397823,4.000926278041234e-05,0.03407520929207501,0.03168396653473643,0.02152118481604739,0.00013114147244690705,0.06546027048214413,0.000288214874473711,0.020026658092710762,0.0030607086027015433,5.7791157349484485e-05,0.029292723777397823,0.01942884740337611,0.06964494530748667,6.371845553917519e-05,0.01942884740337611,0.07472633616683118,0.13032273027495364,6.075480644432981e-05,3.852743823298958e-05,0.024510238262720623,0.06785151323948273,0.053802962040118474,0.017037604646037506,8.0759437834536e-05,0.02809710239872854,0.00011261866560412363,4.5195648696391725e-05,4.8900210064948444e-05,0.00011039592878298961,7.409122737113393e-05,5.556842052835045e-05,7.631396419226799e-05,0.025406954296722597,0.02152118481604739,7.335031509742261e-05,0.02241790085004936,0.00011780505152010299,5.1863859159793746e-05,0.018532131369374146,0.025108048952055283,0.018233226024706818,0.03168396653473643,0.00015336884065824725,6.371845553917519e-05,3.408196459072163e-05
2026-03-18,0.02152118481604739,0.03407520929207501,0.04035222153008886,0.00010520954286701015,0.029292723777397823,4.000926278041234e-05,0.03407520929207501,0.03168396653473643,0.02152118481604739,0.00013114147244690705,0.06546027048214413,0.000288214874473711,0.020026658092710762,0.0030607086027015433,5.7791157349484485e-05,0.029292723777397823,0.01942884740337611,0.06964494530748667,6.371845553917519e-05,0.01942884740337611,0.07472633616683118,0.13032273027495364,6.075480644432981e-05,3.852743823298958e-05,0.024510238262720623,0.06785151323948273,0.053802962040118474,0.017037604646037506,8.0759437834536e-05,0.02809710239872854,0.00011261866560412363,4.5195648696391725e-05,4.8900210064948444e-05,0.00011039592878298961,7.409122737113393e-05,5.556842052835045e-05,7.631396419226799e-05,0.025406954296722597,0.02152118481604739,7.335031509742261e-05,0.02241790085004936,0.00011780505152010299,5.1863859159793746e-05,0.018532131369374146,0.025108048952055283,0.018233226024706818,0.03168396653473643,0.00015336884065824725,6.371845553917519e-05,3.408196459072163e-05
2026-03-19,0.02152118481604739,0.03407520929207501,0.04035222153008886,0.00010520954286701015,0.029292723777397823,4.000926278041234e-05,0.03407520929207501,0.03168396653473643,0.02152118481604739,0.00013114147244690705,0.06546027048214413,0.000288214874473711,0.020026658092710762,0.0030607086027015433,5.7791157349484485e-05,0.029292723777397823,0.01942884740337611,0.06964494530748667,6.371845553917519e-05,0.01942884740337611,0.07472633616683118,0.13032273027495364,6.075480644432981e-05,3.852743823298958e-05,0.024510238262720623,0.06785151323948273,0.053802962040118474,0.017037604646037506,8.0759437834536e-05,0.02809710239872854,0.00011261866560412363,4.5195648696391725e-05,4.8900210064948444e-05,0.00011039592878298961,7.409122737113393e-05,5.556842052835045e-05,7.631396419226799e-05,0.025406954296722597,0.02152118481604739,7.335031509742261e-05,0.02241790085004936,0.00011780505152010299,5.1863859159793746e-05,0.018532131369374146,0.025108048952055283,0.018233226024706818,0.03168396653473643,0.00015336884065824725,6.371845553917519e-05,3.408196459072163e-05
2026-03-20,0.02152118481604739,0.03407520929207501,0.04035222153008886,0.00010520954286701015,0.029292723777397823,4.000926278041234e-05,0.03407520929207501,0.03168396653473643,0.02152118481604739,0.00013114147244690705,0.06546027048214413,0.000288214874473711,0.020026658092710762,0.0030607086027015433,5.7791157349484485e-05,0.029292723777397823,0.01942884740337611,0.06964494530748667,6.371845553917519e-05,0.01942884740337611,0.07472633616683118,0.13032273027495364,6.075480644432981e-05,3.852743823298958e-05,0.024510238262720623,0.06785151323948273,0.053802962040118474,0.017037604646037506,8.0759437834536e-05,0.02809710239872854,0.00011261866560412363,4.5195648696391725e-05,4.8900210064948444e-05,0.00011039592878298961,7.409122737113393e-05,5.556842052835045e-05,7.631396419226799e-05,0.025406954296722597,0.02152118481604739,7.335031509742261e-05,0.02241790085004936,0.00011780505152010299,5.1863859159793746e-05,0.018532131369374146,0.025108048952055283,0.018233226024706818,0.03168396653473643,0.00015336884065824725,6.371845553917519e-05,3.408196459072163e-05
2026-03-23,0.02152118481604739,0.03407520929207501,0.04035222153008886,0.00010520954286701015,0.029292723777397823,4.000926278041234e-05,0.03407520929207501,0.03168396653473643,0.02152118481604739,0.00013114147244690705,0.06546027048214413,0.000288214874473711,0.020026658092710762,0.0030607086027015433,5.7791157349484485e-05,0.029292723777397823,0.01942884740337611,0.06964494530748667,6.371845553917519e-05,0.01942884740337611,0.07472633616683118,0.13032273027495364,6.075480644432981e-05,3.852743823298958e-05,0.024510238262720623,0.06785151323948273,0.053802962040118474,0.017037604646037506,8.0759437834536e-05,0.02809710239872854,0.00011261866560412363,4.5195648696391725e-05,4.8900210064948444e-05,0.00011039592878298961,7.409122737113393e-05,5.556842052835045e-05,7.631396419226799e-05,0.025406954296722597,0.02152118481604739,7.335031509742261e-05,0.02241790085004936,0.00011780505152010299,5.1863859159793746e-05,0.018532131369374146,0.025108048952055283,0.018233226024706818,0.03168396653473643,0.00015336884065824725,6.371845553917519e-05,3.408196459072163e-05
2026-03-24,0.02152118481604739,0.03407520929207501,0.04035222153008886,0.00010520954286701015,0.029292723777397823,4.000926278041234e-05,0.03407520929207501,0.03168396653473643,0.02152118481604739,0.00013114147244690705,0.06546027048214413,0.000288214874473711,0.020026658092710762,0.0030607086027015433,5.7791157349484485e-05,0.029292723777397823,0.01942884740337611,0.06964494530748667,6.371845553917519e-05,0.01942884740337611,0.07472633616683118,0.13032273027495364,6.075480644432981e-05,3.852743823298958e-05,0.024510238262720623,0.06785151323948273,0.053802962040118474,0.017037604646037506,8.0759437834536e-05,0.02809710239872854,0.00011261866560412363,4.5195648696391725e-05,4.8900210064948444e-05,0.00011039592878298961,7.409122737113393e-05,5.556842052835045e-05,7.631396419226799e-05,0.025406954296722597,0.02152118481604739,7.335031509742261e-05,0.02241790085004936,0.00011780505152010299,5.1863859159793746e-05,0.018532131369374146,0.025108048952055283,0.018233226024706818,0.03168396653473643,0.00015336884065824725,6.371845553917519e-05,3.408196459072163e-05
2026-03-25,0.02152118481604739,0.03407520929207501,0.04035222153008886,0.00010520954286701015,0.029292723777397823,4.000926278041234e-05,0.03407520929207501,0.03168396653473643,0.02152118481604739,0.00013114147244690705,0.06546027048214413,0.000288214874473711,0.020026658092710762,0.0030607086027015433,5.7791157349484485e-05,0.029292723777397823,0.01942884740337611,0.06964494530748667,6.371845553917519e-05,0.01942884740337611,0.07472633616683118,0.13032273027495364,6.075480644432981e-05,3.852743823298958e-05,0.024510238262720623,0.06785151323948273,0.053802962040118474,0.017037604646037506,8.0759437834536e-05,0.02809710239872854,0.00011261866560412363,4.5195648696391725e-05,4.8900210064948444e-05,0.00011039592878298961,7.409122737113393e-05,5.556842052835045e-05,7.631396419226799e-05,0.025406954296722597,0.02152118481604739,7.335031509742261e-05,0.02241790085004936,0.00011780505152010299,5.1863859159793746e-05,0.018532131369374146,0.025108048952055283,0.018233226024706818,0.03168396653473643,0.00015336884065824725,6.371845553917519e-05,3.408196459072163e-05
2026-03-26,0.02152118481604739,0.03407520929207501,0.04035222153008886,0.00010520954286701015,0.029292723777397823,4.000926278041234e-05,0.03407520929207501,0.03168396653473643,0.02152118481604739,0.00013114147244690705,0.06546027048214413,0.000288214874473711,0.020026658092710762,0.0030607086027015433,5.7791157349484485e-05,0.029292723777397823,0.01942884740337611,0.06964494530748667,6.371845553917519e-05,0.01942884740337611,0.07472633616683118,0.13032273027495364,6.075480644432981e-05,3.852743823298958e-05,0.024510238262720623,0.06785151323948273,0.053802962040118474,0.017037604646037506,8.0759437834536e-05,0.02809710239872854,0.00011261866560412363,4.5195648696391725e-05,4.8900210064948444e-05,0.00011039592878298961,7.409122737113393e-05,5.556842052835045e-05,7.631396419226799e-05,0.025406954296722597,0.02152118481604739,7.335031509742261e-05,0.02241790085004936,0.00011780505152010299,5.1863859159793746e-05,0.018532131369374146,0.025108048952055283,0.018233226024706818,0.03168396653473643,0.00015336884065824725,6.371845553917519e-05,3.408196459072163e-05
2026-03-27,0.02152118481604739,0.03407520929207501,0.04035222153008886,0.00010520954286701015,0.029292723777397823,4.000926278041234e-05,0.03407520929207501,0.03168396653473643,0.02152118481604739,0.00013114147244690705,0.06546027048214413,0.000288214874473711,0.020026658092710762,0.0030607086027015433,5.7791157349484485e-05,0.029292723777397823,0.01942884740337611,0.06964494530748667,6.371845553917519e-05,0.01942884740337611,0.07472633616683118,0.13032273027495364,6.075480644432981e-05,3.852743823298958e-05,0.024510238262720623,0.06785151323948273,0.053802962040118474,0.017037604646037506,8.0759437834536e-05,0.02809710239872854,0.00011261866560412363,4.5195648696391725e-05,4.8900210064948444e-05,0.00011039592878298961,7.409122737113393e-05,5.556842052835045e-05,7.631396419226799e-05,0.025406954296722597,0.02152118481604739,7.335031509742261e-05,0.02241790085004936,0.00011780505152010299,5.1863859159793746e-05,0.018532131369374146,0.025108048952055283,0.018233226024706818,0.03168396653473643,0.00015336884065824725,6.371845553917519e-05,3.408196459072163e-05
2026-03-30,0.02152118481604739,0.03407520929207501,0.04035222153008886,0.00010520954286701015,0.029292723777397823,4.000926278041234e-05,0.03407520929207501,0.03168396653473643,0.02152118481604739,0.00013114147244690705,0.06546027048214413,0.000288214874473711,0.020026658092710762,0.0030607086027015433,5.7791157349484485e-05,0.029292723777397823,0.01942884740337611,0.06964494530748667,6.371845553917519e-05,0.01942884740337611,0.07472633616683118,0.13032273027495364,6.075480644432981e-05,3.852743823298958e-05,0.024510238262720623,0.06785151323948273,0.053802962040118474,0.017037604646037506,8.0759437834536e-05,0.02809710239872854,0.00011261866560412363,4.5195648696391725e-05,4.8900210064948444e-05,0.00011039592878298961,7.409122737113393e-05,5.556842052835045e-05,7.631396419226799e-05,0.025406954296722597,0.02152118481604739,7.335031509742261e-05,0.02241790085004936,0.00011780505152010299,5.1863859159793746e-05,0.018532131369374146,0.025108048952055283,0.018233226024706818,0.03168396653473643,0.00015336884065824725,6.371845553917519e-05,3.408196459072163e-05
2026-03-31,0.02152118481604739,0.03407520929207501,0.04035222153008886,0.00010520954286701015,0.029292723777397823,4.000926278041234e-05,0.03407520929207501,0.03168396653473643,0.02152118481604739,0.00013114147244690705,0.06546027048214413,0.000288214874473711,0.020026658092710762,0.0030607086027015433,5.7791157349484485e-05,0.029292723777397823,0.01942884740337611,0.06964494530748667,6.371845553917519e-05,0.01942884740337611,0.07472633616683118,0.13032273027495364,6.075480644432981e-05,3.852743823298958e-05,0.024510238262720623,0.06785151323948273,0.053802962040118474,0.017037604646037506,8.0759437834536e-05,0.02809710239872854,0.00011261866560412363,4.5195648696391725e-05,4.8900210064948444e-05,0.00011039592878298961,7.409122737113393e-05,5.556842052835045e-05,7.631396419226799e-05,0.025406954296722597,0.02152118481604739,7.335031509742261e-05,0.02241790085004936,0.00011780505152010299,5.1863859159793746e-05,0.018532131369374146,0.025108048952055283,0.018233226024706818,0.03168396653473643,0.00015336884065824725,6.371845553917519e-05,3.408196459072163e-05
