<DATE>,<DES>,<OPEN>,<HIGH>,<LOW>,<CLOSE>
2005-01-03,0,7.8,7.85,7.8,7.82
2005-01-04,0,7.85,7.93,7.8,7.82
2005-01-05,0,7.77,7.77,7.67,7.67
2005-01-06,0,7.69,7.74,7.64,7.72
2005-01-07,0,7.69,7.74,7.61,7.61
2005-01-10,1,7.61,7.67,7.59,7.61
2005-01-11,0,7.61,7.69,7.61,7.64
2005-01-12,0,7.64,7.67,7.54,7.54
2005-01-13,0,7.54,7.59,7.46,7.51
2005-01-14,1,7.48,7.64,7.46,7.61
2005-01-17,0,7.67,7.69,7.51,7.51
2005-01-18,0,7.56,7.61,7.51,7.54
2005-01-19,0,7.54,7.59,7.48,7.54
2005-01-20,1,7.51,7.56,7.46,7.48
2005-01-21,0,7.46,7.51,7.38,7.4
2005-01-24,1,7.4,7.43,7.33,7.38
2005-01-25,1,7.33,7.38,7.27,7.38
2005-01-26,1,7.38,7.43,7.3,7.33
2005-01-27,1,7.33,7.35,7.25,7.33
2005-01-28,1,7.33,7.46,7.27,7.46
2005-01-31,1,7.46,7.54,7.38,7.51
2005-02-01,1,7.51,7.51,7.4,7.46
2005-02-02,1,7.51,7.69,7.48,7.59
2005-02-03,1,7.61,7.69,7.61,7.64
2005-02-14,0,7.72,7.74,7.67,7.74
2005-02-15,1,7.74,7.77,7.69,7.74
2005-02-16,0,7.74,7.74,7.67,7.74
2005-02-17,1,7.74,7.74,7.59,7.59
2005-02-18,1,7.51,7.64,7.51,7.61
2005-02-21,1,7.64,7.72,7.61,7.67
2005-02-22,1,7.69,7.74,7.67,7.69
2005-02-23,0,7.69,7.74,7.64,7.69
2005-02-24,1,7.72,7.72,7.64,7.67
2005-02-25,1,7.69,7.8,7.69,7.69
2005-03-01,0,7.74,7.8,7.72,7.77
2005-03-02,1,7.8,7.81,7.76,7.76
2005-03-03,0,7.76,7.78,7.64,7.77
2005-03-04,0,7.8,7.8,7.72,7.77
2005-03-07,0,7.8,8.01,7.78,7.89
2005-03-08,0,7.93,7.95,7.82,7.82
2005-03-09,1,7.81,7.93,7.8,7.92
2005-03-10,0,7.92,7.92,7.8,7.89
2005-03-11,0,7.9,7.95,7.85,7.88
2005-03-14,0,7.82,7.85,7.77,7.77
2005-03-15,1,7.77,7.8,7.67,7.71
2005-03-16,1,7.67,7.72,7.67,7.68
2005-03-17,0,7.61,7.72,7.6,7.67
2005-03-18,0,7.67,7.72,7.63,7.69
2005-03-21,0,7.72,7.74,7.69,7.69
2005-03-22,0,7.69,7.71,7.57,7.61
2005-03-23,0,7.59,7.59,7.48,7.51
2005-03-24,1,7.51,7.55,7.4,7.44
2005-03-25,0,7.46,7.55,7.44,7.55
2005-03-28,0,7.59,7.59,7.38,7.43
2005-03-29,1,7.39,7.4,7.33,7.34
2005-03-30,0,7.33,7.37,7.29,7.37
2005-03-31,1,7.4,7.48,7.37,7.38
2005-04-01,0,7.38,7.42,7.34,7.42
2005-04-04,0,7.4,7.4,7.18,7.26
2005-04-06,0,7.26,7.38,7.21,7.26
2005-04-07,0,7.27,7.27,7.16,7.18
2005-04-08,0,7.18,7.23,7.17,7.18
2005-04-11,1,7.2,7.21,7.01,7.12
2005-04-12,1,7.12,7.17,7.12,7.14
2005-04-13,1,7.16,7.18,7.1,7.13
2005-04-14,1,7.06,7.13,7.06,7.09
2005-04-15,1,7.06,7.06,6.93,6.97
2005-04-18,0,6.92,6.96,6.84,6.95
2005-04-19,0,7.04,7.14,6.99,7.1
2005-04-20,1,7.22,7.22,7.01,7.06
2005-04-21,1,6.88,7.21,6.88,7.18
2005-04-22,0,7.3,7.3,7.2,7.27
2005-04-25,0,7.27,7.3,7.22,7.23
2005-04-26,0,7.27,7.35,7.22,7.33
2005-04-27,0,7.33,7.33,7.2,7.23
2005-04-28,0,7.23,7.31,7.21,7.31
2005-04-29,0,7.29,7.31,7.21,7.31
2005-05-03,0,7.3,7.37,7.23,7.31
2005-05-04,0,7.35,7.37,7.29,7.29
2005-05-05,1,7.37,7.43,7.35,7.38
2005-05-06,0,7.33,7.37,7.3,7.33
2005-05-09,0,7.33,7.35,7.2,7.25
2005-05-10,0,7.25,7.3,7.21,7.21
2005-05-11,1,7.21,7.22,7.17,7.18
2005-05-12,0,7.2,7.29,7.18,7.29
2005-05-13,0,7.23,7.33,7.23,7.3
2005-05-16,0,7.3,7.3,7.22,7.22
2005-05-17,0,7.22,7.22,7.06,7.09
2005-05-18,0,7.1,7.17,7.08,7.08
2005-05-19,0,7.1,7.17,7.06,7.1
2005-05-20,1,7.14,7.16,7.05,7.05
2005-05-23,1,7.05,7.05,6.86,6.91
2005-05-24,1,6.86,6.92,6.83,6.84
2005-05-25,0,6.86,6.93,6.84,6.86
2005-05-26,1,6.87,6.96,6.87,6.92
2005-05-27,0,6.93,7.01,6.91,7.01
2005-05-30,0,7.04,7.06,7.01,7.06
2005-05-31,0,7.06,7.1,7.03,7.1
2005-06-01,1,7.1,7.1,6.92,6.93
2005-06-02,0,6.99,7.08,6.97,7.06
2005-06-03,1,7.06,7.06,7.0,7.05
2005-06-06,0,7.05,7.1,7.03,7.1
2005-06-07,0,7.09,7.1,7.04,7.06
2005-06-08,1,7.06,7.14,7.04,7.14
2005-06-09,0,7.14,7.2,7.1,7.18
2005-06-10,0,7.21,7.23,7.09,7.09
2005-06-13,0,7.09,7.09,7.0,7.09
2005-06-14,0,7.09,7.09,7.04,7.06
2005-06-15,0,7.06,7.17,7.05,7.17
2005-06-16,0,7.22,7.22,7.12,7.14
2005-06-17,1,7.14,7.2,7.06,7.09
2005-06-20,1,7.09,7.09,7.03,7.04
2005-06-21,1,7.03,7.04,6.93,6.93
2005-06-22,0,6.93,7.06,6.93,7.05
2005-06-23,1,7.08,7.12,7.04,7.09
2005-06-24,1,7.06,7.13,7.03,7.12
2005-06-27,1,7.06,7.09,7.01,7.04
2005-06-28,0,7.04,7.08,7.0,7.04
2005-06-29,1,7.09,7.1,6.96,6.96
2005-06-30,1,6.96,7.01,6.93,6.95
2005-07-01,1,6.96,7.08,6.96,7.08
2005-07-04,0,7.09,7.09,7.04,7.06
2005-07-05,1,7.06,7.08,7.04,7.04
2005-07-06,0,7.01,7.08,7.01,7.01
2005-07-07,0,7.06,7.06,6.99,7.06
2005-07-08,0,7.06,7.14,7.01,7.12
2005-07-11,1,7.2,7.2,7.14,7.16
2005-07-12,1,7.17,7.2,7.14,7.17
2005-07-13,1,7.17,7.17,7.09,7.12
2005-07-14,1,7.12,7.17,7.08,7.14
2005-07-15,0,7.14,7.31,7.14,7.22
2005-07-19,0,7.27,7.35,7.26,7.33
2005-07-20,0,7.37,7.48,7.35,7.43
2005-07-21,0,7.43,7.44,7.31,7.33
2005-07-22,1,7.33,7.35,7.23,7.23
2005-07-25,1,6.86,7.08,6.86,6.95
2005-07-26,1,6.99,7.04,6.93,6.96
2005-07-27,1,6.96,7.0,6.88,6.99
2005-07-28,0,7.15,7.25,7.12,7.22
2005-07-29,1,7.22,7.38,7.17,7.19
2005-08-01,0,7.23,7.34,7.2,7.31
2005-08-02,0,7.33,7.5,7.33,7.42
2005-08-03,0,7.44,7.5,7.38,7.47
2005-08-04,1,7.47,7.5,7.41,7.44
2005-08-08,0,7.41,7.42,7.19,7.22
2005-08-09,0,7.22,7.26,7.17,7.23
2005-08-10,0,7.23,7.28,7.11,7.12
2005-08-11,1,7.12,7.15,7.03,7.08
2005-08-12,0,7.09,7.2,7.09,7.15
2005-08-15,0,7.17,7.19,7.04,7.04
2005-08-16,1,7.08,7.08,6.97,6.97
2005-08-17,1,6.97,6.97,6.78,6.82
2005-08-18,0,6.81,6.81,6.65,6.68
2005-08-19,0,6.68,6.81,6.67,6.81
2005-08-22,0,6.81,6.86,6.74,6.82
2005-08-23,0,6.84,6.84,6.74,6.74
2005-08-24,0,6.74,6.82,6.71,6.74
2005-08-25,0,6.74,6.78,6.71,6.76
2005-08-26,0,6.78,6.84,6.76,6.81
2005-08-29,0,6.79,6.82,6.62,6.65
2005-08-30,0,6.74,6.74,6.65,6.71
2005-08-31,0,6.71,6.71,6.6,6.62
2005-09-02,0,6.68,6.71,6.65,6.67
2005-09-05,0,6.7,6.71,6.62,6.63
2005-09-06,1,6.7,6.7,6.63,6.67
2005-09-07,0,6.7,6.71,6.62,6.63
2005-09-08,0,6.63,6.67,6.56,6.57
2005-09-09,1,6.57,6.59,6.4,6.41
2005-09-12,0,6.41,6.41,6.32,6.38
2005-09-13,0,6.4,6.46,6.32,6.34
2005-09-14,1,6.34,6.37,6.29,6.32
2005-09-15,0,6.32,6.34,6.26,6.27
2005-09-16,0,6.29,6.29,6.19,6.19
2005-09-19,0,6.19,6.22,5.94,5.96
2005-09-20,0,5.96,6.04,5.77,6.02
2005-09-21,1,5.96,5.99,5.83,5.83
2005-09-22,1,5.8,5.83,5.7,5.74
2005-09-23,1,5.74,5.82,5.69,5.75
2005-09-26,1,5.78,5.86,5.77,5.86
2005-09-27,0,5.86,5.91,5.8,5.88
2005-09-28,0,5.91,5.96,5.86,5.94
2005-09-29,0,5.94,6.19,5.94,6.1
2005-09-30,0,6.18,6.19,6.1,6.13
2005-10-03,1,6.13,6.13,6.02,6.05
2005-10-04,0,6.08,6.18,6.07,6.15
2005-10-05,0,6.13,6.15,5.96,5.97
2005-10-06,0,5.91,5.96,5.85,5.86
2005-10-07,1,5.86,5.91,5.83,5.85
2005-10-11,1,5.88,5.99,5.88,5.97
2005-10-12,1,5.99,6.13,5.96,5.96
2005-10-13,1,5.96,6.11,5.94,6.05
2005-10-14,0,6.1,6.3,6.1,6.26
2005-10-17,1,6.24,6.24,5.93,5.93
2005-10-18,0,5.93,5.97,5.86,5.86
2005-10-19,0,5.83,5.85,5.7,5.72
2005-10-20,0,5.72,5.78,5.66,5.72
2005-10-21,0,5.67,5.75,5.64,5.7
2005-10-24,0,5.7,5.7,5.48,5.5
2005-10-25,0,5.55,5.63,5.5,5.5
2005-10-26,1,5.52,5.56,5.39,5.41
2005-10-27,0,5.39,5.44,5.33,5.36
2005-10-28,1,5.36,5.39,5.26,5.26
2005-10-31,1,5.33,5.42,5.3,5.41
2005-11-01,1,5.42,5.45,5.37,5.39
2005-11-02,1,5.48,5.53,5.47,5.52
2005-11-03,0,5.53,5.55,5.5,5.52
2005-11-04,0,5.52,5.56,5.41,5.44
2005-11-07,1,5.44,5.45,5.17,5.23
2005-11-08,1,5.31,5.39,5.22,5.26
2005-11-09,1,5.33,5.48,5.33,5.48
2005-11-10,1,5.5,5.52,5.41,5.48
2005-11-11,0,5.55,5.74,5.53,5.74
2005-11-14,1,5.77,5.82,5.64,5.67
2005-11-15,0,5.67,5.69,5.53,5.58
2005-11-16,1,5.58,5.64,5.52,5.56
2005-11-17,0,5.58,5.59,5.48,5.5
2005-11-18,0,5.58,5.59,5.53,5.55
2005-11-21,1,5.58,5.58,5.52,5.52
2005-11-22,1,5.52,5.56,5.5,5.53
2005-11-23,1,5.53,5.58,5.53,5.55
2005-11-24,1,5.55,5.56,5.41,5.45
2005-11-25,1,5.45,5.5,5.42,5.45
2005-11-28,0,5.48,5.56,5.44,5.5
2005-11-29,1,5.59,5.63,5.48,5.48
2005-11-30,1,5.52,5.56,5.5,5.56
2005-12-01,1,5.56,5.61,5.55,5.55
2005-12-02,0,5.69,5.93,5.69,5.93
2005-12-05,0,6.11,6.11,5.94,6.02
2005-12-06,0,5.97,6.1,5.91,6.05
2005-12-07,0,5.93,5.93,5.69,5.7
2005-12-08,0,5.61,5.61,5.33,5.41
2005-12-09,1,5.56,5.61,5.53,5.56
2005-12-12,1,5.61,5.63,5.52,5.59
2005-12-13,0,5.63,5.67,5.59,5.64
2005-12-14,0,5.67,5.69,5.58,5.58
2005-12-15,0,5.58,5.64,5.53,5.55
2005-12-16,0,5.61,5.66,5.61,5.64
2005-12-19,1,5.56,5.63,5.52,5.61
2005-12-20,1,5.66,5.66,5.59,5.63
2005-12-21,0,5.61,5.66,5.59,5.64
2005-12-22,0,5.67,5.67,5.55,5.55
2005-12-23,1,5.52,5.56,5.5,5.55
2005-12-26,1,5.61,5.66,5.56,5.56
2005-12-27,1,5.58,5.58,5.52,5.52
2005-12-28,1,5.52,5.55,5.48,5.52
2005-12-29,1,5.56,5.59,5.52,5.52
2005-12-30,1,5.53,5.53,5.41,5.42
2006-01-02,0,5.37,5.41,5.36,5.36
2006-01-03,1,5.37,5.47,5.36,5.47
2006-01-04,1,5.52,5.52,5.42,5.45
2006-01-05,1,5.48,5.61,5.48,5.59
2006-01-06,1,5.63,5.66,5.55,5.59
2006-01-09,1,5.61,5.63,5.56,5.63
2006-01-10,0,5.63,5.7,5.59,5.7
2006-01-11,1,5.74,5.8,5.67,5.8
2006-01-12,1,5.83,5.89,5.82,5.86
2006-01-13,1,5.89,5.91,5.82,5.82
2006-01-16,1,5.82,5.82,5.7,5.7
2006-01-17,1,5.72,5.75,5.67,5.7
2006-01-18,1,5.67,5.7,5.55,5.59
2006-01-19,1,5.61,5.72,5.55,5.69
2006-01-20,1,5.69,5.77,5.66,5.69
2006-01-23,1,5.61,5.67,5.61,5.61
2006-01-24,1,5.64,5.7,5.64,5.64
2006-01-25,1,5.67,5.77,5.67,5.77
2006-02-03,1,6.08,6.16,6.08,6.16
2006-02-06,0,6.3,6.59,6.24,6.59
2006-02-07,0,6.68,6.73,6.54,6.62
2006-02-08,0,6.62,6.63,6.52,6.52
2006-02-09,0,6.54,6.54,6.34,6.4
2006-02-10,1,6.46,6.54,6.4,6.43
2006-02-13,0,6.54,6.6,6.46,6.49
2006-02-14,0,6.51,6.56,6.38,6.49
2006-02-15,0,6.49,6.49,6.34,6.35
2006-02-16,0,6.37,6.43,6.35,6.4
2006-02-17,1,6.46,6.49,6.4,6.46
2006-02-20,0,6.45,6.59,6.41,6.54
2006-02-21,0,6.54,6.54,6.43,6.46
2006-02-22,0,6.48,6.49,6.21,6.24
2006-02-23,0,6.24,6.41,6.13,6.24
2006-02-24,0,6.24,6.34,6.24,6.26
2006-02-27,0,6.26,6.37,6.21,6.26
2006-03-01,1,6.21,6.34,6.18,6.34
2006-03-02,1,6.3,6.34,6.24,6.26
2006-03-03,0,6.24,6.26,6.05,6.11
2006-03-06,0,6.04,6.07,6.0,6.04
2006-03-07,0,6.0,6.0,5.74,5.77
2006-03-08,0,5.77,5.86,5.64,5.8
2006-03-09,0,5.85,5.88,5.8,5.86
2006-03-10,0,5.86,5.86,5.64,5.7
2006-03-13,0,5.61,5.69,5.55,5.67
2006-03-14,1,5.55,5.61,5.52,5.55
2006-03-15,0,5.74,5.74,5.59,5.69
2006-03-16,0,5.69,5.69,5.61,5.61
2006-03-17,1,5.63,5.63,5.55,5.56
2006-03-20,1,5.59,5.61,5.52,5.52
2006-03-21,0,5.53,5.61,5.52,5.52
2006-03-22,1,5.52,5.52,5.45,5.47
2006-03-23,0,5.5,5.52,5.44,5.47
2006-03-24,1,5.48,5.58,5.48,5.5
2006-03-27,0,5.52,5.61,5.5,5.5
2006-03-28,1,5.52,5.58,5.52,5.53
2006-03-29,1,5.56,5.56,5.52,5.53
2006-03-30,1,5.56,5.63,5.53,5.63
2006-03-31,1,5.63,5.69,5.59,5.64
2006-04-03,1,5.64,5.66,5.61,5.63
2006-04-04,0,5.64,5.69,5.59,5.66
2006-04-06,0,5.66,5.72,5.66,5.72
2006-04-07,0,5.74,5.77,5.67,5.74
2006-04-10,1,5.7,5.74,5.66,5.67
2006-04-11,1,5.67,5.69,5.63,5.64
2006-04-12,1,5.67,5.82,5.66,5.78
2006-04-13,1,5.83,5.99,5.83,5.96
2006-04-14,1,6.05,6.1,5.99,6.07
2006-04-17,1,6.1,6.18,6.05,6.15
2006-04-18,0,6.21,6.22,6.05,6.15
2006-04-19,1,6.21,6.29,6.21,6.21
2006-04-20,1,6.21,6.26,6.15,6.16
2006-04-21,1,6.15,6.18,6.02,6.02
2006-04-24,1,6.0,6.18,5.93,6.15
2006-04-25,1,6.16,6.35,6.16,6.3
2006-04-26,0,6.35,6.52,6.3,6.52
2006-04-27,1,6.52,6.87,6.51,6.51
2006-04-28,1,6.54,6.7,6.41,6.62
2006-05-02,0,6.62,6.74,6.52,6.65
2006-05-03,0,6.76,6.97,6.74,6.84
2006-05-04,0,6.9,7.31,6.84,7.2
2006-05-05,0,7.39,7.39,6.93,7.06
2006-05-08,0,7.19,7.2,7.0,7.14
2006-05-09,1,7.15,7.15,6.89,7.03
2006-05-10,0,7.06,7.12,6.54,6.56
2006-05-11,0,6.52,6.68,6.46,6.48
2006-05-12,0,6.48,6.67,6.48,6.57
2006-05-15,0,6.56,6.57,6.27,6.34
2006-05-16,0,6.35,6.7,6.34,6.52
2006-05-17,0,6.59,6.73,6.48,6.73
2006-05-18,0,6.54,6.68,6.52,6.56
2006-05-19,0,6.46,6.63,6.45,6.57
2006-05-22,0,6.6,6.62,6.41,6.43
2006-05-23,1,6.4,6.63,6.4,6.54
2006-05-24,0,6.59,6.7,6.48,6.67
2006-05-25,1,6.67,6.74,6.52,6.57
2006-05-26,0,6.65,6.7,6.43,6.45
2006-05-29,0,6.48,6.49,6.41,6.43
2006-05-30,0,6.46,6.56,6.43,6.56
2006-06-01,0,6.46,6.62,6.46,6.59
2006-06-02,0,6.62,6.67,6.43,6.63
2006-06-05,0,6.68,6.81,6.48,6.52
2006-06-06,0,6.59,6.67,6.52,6.56
2006-06-07,0,6.56,6.59,6.4,6.45
2006-06-08,1,6.37,6.37,6.15,6.24
2006-06-09,0,6.3,6.35,6.18,6.34
2006-06-12,0,6.21,6.3,6.07,6.27
2006-06-13,1,6.08,6.21,6.08,6.08
2006-06-14,1,6.08,6.21,6.07,6.16
2006-06-15,0,6.18,6.22,6.15,6.18
2006-06-16,1,6.3,6.6,6.3,6.6
2006-06-19,0,6.62,6.76,6.52,6.52
2006-06-20,1,6.56,6.59,6.38,6.41
2006-06-21,0,6.4,6.49,6.32,6.4
2006-06-22,0,6.48,6.51,6.37,6.38
2006-06-23,0,6.32,6.34,6.08,6.13
2006-06-26,0,6.15,6.22,6.13,6.19
2006-06-27,1,6.19,6.21,6.07,6.15
2006-06-28,1,6.1,6.1,5.97,6.07
2006-06-29,0,6.13,6.15,6.07,6.15
2006-06-30,0,6.27,6.29,6.22,6.26
2006-07-03,0,6.26,6.34,6.26,6.3
2006-07-04,0,6.32,6.34,6.24,6.26
2006-07-05,0,6.22,6.26,6.15,6.16
2006-07-06,0,6.08,6.11,6.05,6.08
2006-07-07,0,6.08,6.11,6.05,6.08
2006-07-10,0,6.02,6.11,6.0,6.08
2006-07-11,0,6.11,6.11,6.02,6.04
2006-07-12,0,6.0,6.13,5.99,6.0
2006-07-13,1,6.02,6.07,6.0,6.0
2006-07-14,0,5.97,6.0,5.88,5.89
2006-07-17,0,5.88,5.91,5.8,5.85
2006-07-18,0,5.85,5.89,5.77,5.77
2006-07-19,0,5.8,5.82,5.7,5.7
2006-07-20,0,5.74,5.8,5.72,5.74
2006-07-21,0,5.69,5.74,5.66,5.7
2006-07-24,0,5.7,5.72,5.66,5.7
2006-07-25,0,5.74,5.77,5.72,5.72
2006-07-26,0,5.72,5.74,5.66,5.69
2006-07-27,0,5.7,5.74,5.63,5.64
2006-07-28,0,5.64,5.69,5.63,5.69
2006-07-31,0,5.69,5.72,5.63,5.67
2006-08-01,0,5.67,5.69,5.63,5.63
2006-08-02,0,5.64,5.66,5.59,5.59
2006-08-03,0,5.64,5.64,5.58,5.58
2006-08-04,0,5.58,5.63,5.55,5.55
2006-08-07,1,5.55,5.55,5.5,5.55
2006-08-08,1,5.55,5.59,5.5,5.52
2006-08-09,1,5.52,5.56,5.5,5.55
2006-08-10,0,5.55,5.55,5.42,5.42
2006-08-11,1,5.42,5.47,5.42,5.42
2006-08-14,1,5.42,5.48,5.41,5.42
2006-08-15,0,5.42,5.45,5.39,5.41
2006-08-16,1,5.42,5.58,5.41,5.53
2006-08-17,0,5.52,5.58,5.45,5.48
2006-08-18,0,5.45,5.48,5.42,5.42
2006-08-21,0,5.41,5.42,5.11,5.14
2006-08-22,0,5.11,5.11,4.93,5.07
2006-08-23,0,5.01,5.04,4.89,4.93
2006-08-24,0,4.93,5.07,4.92,5.01
2006-08-25,1,5.04,5.15,5.03,5.07
2006-08-28,1,5.07,5.11,5.04,5.07
2006-08-29,0,5.07,5.11,4.95,4.95
2006-08-30,1,4.95,5.01,4.93,4.95
2006-08-31,0,4.98,5.03,4.95,4.95
2006-09-01,0,4.95,5.0,4.95,5.0
2006-09-04,1,5.0,5.0,4.85,4.89
2006-09-05,1,4.89,4.9,4.76,4.79
2006-09-06,1,4.79,4.84,4.73,4.76
2006-09-07,1,4.73,4.76,4.63,4.65
2006-09-08,0,4.63,4.73,4.6,4.68
2006-09-11,1,4.66,4.76,4.65,4.66
2006-09-12,0,4.66,4.7,4.62,4.65
2006-09-13,1,4.7,4.71,4.68,4.7
2006-09-14,1,4.74,4.89,4.73,4.82
2006-09-15,1,4.82,5.09,4.82,5.06
2006-09-18,1,5.14,5.33,5.12,5.3
2006-09-19,0,5.33,5.33,5.22,5.28
2006-09-20,1,5.23,5.31,5.2,5.22
2006-09-21,1,5.22,5.28,5.07,5.12
2006-09-22,1,5.09,5.11,5.0,5.09
2006-09-25,1,5.12,5.22,5.11,5.17
2006-09-26,1,5.14,5.2,5.11,5.12
2006-09-27,1,5.17,5.23,5.17,5.23
2006-09-28,1,5.23,5.26,5.14,5.2
2006-09-29,1,5.23,5.36,5.17,5.28
2006-10-02,0,5.48,5.64,5.48,5.64
2006-10-03,1,5.64,5.64,5.45,5.61
2006-10-04,0,5.61,5.61,5.44,5.47
2006-10-05,1,5.55,5.55,5.42,5.48
2006-10-11,0,5.47,5.66,5.47,5.59
2006-10-12,0,5.61,5.66,5.55,5.66
2006-10-13,1,5.67,5.74,5.63,5.64
2006-10-14,0,5.63,5.69,5.59,5.67
2006-10-16,0,5.67,5.69,5.59,5.64
2006-10-17,0,5.53,5.55,5.3,5.37
2006-10-18,1,5.33,5.34,5.23,5.26
2006-10-19,0,5.23,5.31,5.2,5.3
2006-10-20,0,5.33,5.39,5.33,5.36
2006-10-23,0,5.33,5.36,5.23,5.36
2006-10-24,1,5.37,5.45,5.37,5.42
2006-10-25,0,5.45,5.48,5.42,5.45
2006-10-26,0,5.48,5.48,5.42,5.42
2006-10-27,0,5.42,5.44,5.37,5.37
2006-10-30,0,5.37,5.39,5.31,5.31
2006-10-31,0,5.33,5.39,5.33,5.37
2006-11-01,0,5.26,5.33,5.25,5.25
2006-11-02,0,5.2,5.26,5.2,5.25
2006-11-03,1,5.23,5.23,5.17,5.2
2006-11-06,1,5.12,5.15,5.09,5.11
2006-11-07,1,5.14,5.18,5.11,5.12
2006-11-08,1,5.18,5.2,5.15,5.17
2006-11-09,1,5.17,5.34,5.15,5.18
2006-11-10,1,5.2,5.22,5.12,5.14
2006-11-13,1,5.14,5.15,5.07,5.09
2006-11-14,0,5.14,5.2,5.11,5.2
2006-11-15,0,5.2,5.2,5.12,5.17
2006-11-16,0,5.17,5.18,5.12,5.15
2006-11-17,1,5.15,5.25,5.12,5.2
2006-11-20,1,5.17,5.18,5.11,5.11
2006-11-21,1,5.07,5.12,5.06,5.06
2006-11-22,1,5.06,5.09,4.98,5.06
2006-11-23,1,5.07,5.14,5.04,5.11
2006-11-24,1,5.12,5.44,5.09,5.44
2006-11-27,1,5.42,5.47,5.3,5.45
2006-11-28,1,5.42,5.45,5.37,5.44
2006-11-29,1,5.44,5.59,5.42,5.53
2006-11-30,0,5.58,5.67,5.45,5.61
2006-12-01,1,5.61,5.63,5.55,5.58
2006-12-04,0,5.55,5.56,5.48,5.53
2006-12-05,1,5.53,5.55,5.41,5.41
2006-12-06,0,5.42,5.47,5.34,5.39
2006-12-07,1,5.39,5.58,5.39,5.53
2006-12-08,1,5.55,5.55,5.44,5.47
2006-12-11,1,5.45,5.48,5.36,5.39
2006-12-12,0,5.36,5.45,5.31,5.37
2006-12-13,1,5.41,5.53,5.36,5.5
2006-12-14,1,5.52,5.64,5.5,5.56
2006-12-15,1,5.58,5.74,5.58,5.72
2006-12-18,1,5.72,5.86,5.69,5.86
2006-12-19,0,5.94,5.94,5.86,5.91
2006-12-20,1,5.93,5.93,5.88,5.91
2006-12-21,0,5.89,5.89,5.82,5.86
2006-12-22,1,5.8,5.86,5.72,5.86
2006-12-25,1,5.8,5.94,5.77,5.86
2006-12-26,1,5.86,5.94,5.85,5.88
2006-12-27,1,5.93,6.08,5.93,5.99
2006-12-28,0,6.0,6.02,5.94,5.97
2006-12-29,0,5.97,6.04,5.97,6.02
2007-01-02,0,6.05,6.43,6.02,6.43
2007-01-03,0,6.46,6.71,6.3,6.3
2007-01-04,0,6.34,6.41,6.22,6.37
2007-01-05,0,6.3,6.3,6.15,6.18
2007-01-08,0,6.04,6.11,5.99,6.1
2007-01-09,0,6.11,6.13,6.02,6.02
2007-01-10,1,5.97,5.97,5.85,5.89
2007-01-11,0,5.82,5.96,5.8,5.93
2007-01-12,0,5.93,5.99,5.91,5.97
2007-01-15,0,5.99,6.02,5.78,5.94
2007-01-16,1,5.88,5.91,5.82,5.89
2007-01-17,1,5.83,5.88,5.78,5.83
2007-01-18,0,5.83,5.91,5.75,5.89
2007-01-19,0,5.89,5.96,5.86,5.86
2007-01-22,0,5.83,5.85,5.66,5.67
2007-01-23,0,5.67,5.82,5.67,5.8
2007-01-24,0,5.8,5.89,5.77,5.89
2007-01-25,0,5.91,5.93,5.83,5.86
2007-01-26,0,5.8,5.89,5.8,5.8
2007-01-29,1,5.8,5.91,5.77,5.77
2007-01-30,0,5.83,5.91,5.8,5.82
2007-01-31,1,5.86,5.86,5.74,5.78
2007-02-01,0,5.82,5.85,5.78,5.85
2007-02-02,0,5.86,5.93,5.85,5.88
2007-02-05,1,5.88,5.93,5.83,5.83
2007-02-06,0,5.89,6.13,5.83,6.1
2007-02-07,0,6.13,6.13,5.97,6.11
2007-02-08,1,6.11,6.11,5.99,6.11
2007-02-09,0,6.08,6.11,6.0,6.04
2007-02-12,1,5.96,5.96,5.64,5.69
2007-02-13,0,5.67,5.69,5.48,5.61
2007-02-14,0,5.61,5.61,5.56,5.61
2007-02-26,0,5.67,5.7,5.48,5.5
2007-02-27,0,5.5,5.53,5.48,5.52
2007-03-01,1,5.41,5.42,5.25,5.26
2007-03-02,0,5.26,5.37,5.26,5.31
2007-03-03,1,5.3,5.33,5.18,5.2
2007-03-05,0,5.17,5.2,5.04,5.09
2007-03-06,0,5.14,5.23,5.12,5.23
2007-03-07,1,5.23,5.23,5.07,5.11
2007-03-08,1,5.06,5.23,5.06,5.23
2007-03-09,1,5.23,5.26,5.17,5.22
2007-03-12,1,5.22,5.22,5.15,5.18
2007-03-13,1,5.18,5.2,5.17,5.18
2007-03-14,1,5.12,5.14,5.06,5.12
2007-03-15,1,5.14,5.23,5.14,5.2
2007-03-16,0,5.2,5.56,5.2,5.45
2007-03-19,0,5.5,5.53,5.44,5.47
2007-03-20,0,5.52,5.53,5.45,5.47
2007-03-21,0,5.48,5.53,5.45,5.47
2007-03-22,1,5.53,5.59,5.48,5.48
2007-03-23,0,5.5,5.53,5.47,5.48
2007-03-26,0,5.45,5.47,5.31,5.36
2007-03-27,0,5.34,5.34,5.22,5.33
2007-03-28,0,5.34,5.36,5.28,5.28
2007-03-29,0,5.26,5.36,5.23,5.33
2007-03-30,0,5.36,5.37,5.31,5.36
2007-04-02,0,5.33,5.36,5.3,5.31
2007-04-03,0,5.33,5.37,5.33,5.34
2007-04-04,0,5.37,5.47,5.37,5.41
2007-04-09,0,5.42,5.5,5.42,5.42
2007-04-10,1,5.42,5.47,5.39,5.45
2007-04-11,1,5.47,5.47,5.34,5.36
2007-04-12,0,5.34,5.36,5.31,5.34
2007-04-13,0,5.31,5.34,5.23,5.25
2007-04-14,0,5.26,5.31,5.23,5.25
2007-04-16,1,5.25,5.3,5.25,5.28
2007-04-17,0,5.36,5.42,5.3,5.3
2007-04-18,1,5.3,5.34,5.3,5.33
2007-04-19,0,5.31,5.31,5.14,5.17
2007-04-20,1,5.17,5.22,5.17,5.18
2007-04-23,0,5.22,5.26,5.2,5.22
2007-04-24,1,5.2,5.25,5.18,5.22
2007-04-25,0,5.25,5.3,5.2,5.28
2007-04-26,0,5.3,5.34,5.26,5.26
2007-04-27,0,5.3,5.3,5.23,5.23
2007-04-30,1,5.23,5.23,5.09,5.14
2007-05-02,0,5.12,5.15,5.09,5.09
2007-05-03,0,5.11,5.14,5.09,5.12
2007-05-04,0,5.14,5.23,5.12,5.2
2007-05-07,0,5.2,5.25,5.2,5.22
2007-05-08,1,5.22,5.22,5.15,5.15
2007-05-09,0,5.15,5.18,5.12,5.14
2007-05-10,1,5.17,5.23,5.17,5.2
2007-05-11,0,5.2,5.22,5.18,5.22
2007-05-14,1,5.22,5.23,5.2,5.22
2007-05-15,1,5.22,5.23,5.18,5.2
2007-05-16,1,5.23,5.23,5.18,5.2
2007-05-17,1,5.23,5.25,5.18,5.18
2007-05-18,1,5.18,5.28,5.18,5.22
2007-05-21,0,5.23,5.37,5.2,5.33
2007-05-22,1,5.36,5.36,5.31,5.36
2007-05-23,0,5.42,5.45,5.36,5.39
2007-05-24,0,5.41,5.42,5.33,5.33
2007-05-25,0,5.33,5.33,5.23,5.26
2007-05-28,1,5.23,5.3,5.23,5.25
2007-05-29,1,5.26,5.28,5.22,5.25
2007-05-30,1,5.2,5.26,5.18,5.26
2007-05-31,1,5.26,5.28,5.12,5.12
2007-06-01,1,5.18,5.22,5.15,5.2
2007-06-04,1,5.2,5.23,5.15,5.17
2007-06-05,1,5.17,5.26,5.17,5.2
2007-06-06,0,5.23,5.26,5.2,5.2
2007-06-07,0,5.2,5.28,5.2,5.26
2007-06-08,0,5.23,5.23,5.17,5.22
2007-06-11,1,5.23,5.25,5.17,5.18
2007-06-12,1,5.2,5.26,5.2,5.23
2007-06-13,1,5.23,5.28,5.18,5.22
2007-06-14,0,5.23,5.3,5.23,5.28
2007-06-15,0,5.34,5.42,5.34,5.36
2007-06-20,1,5.44,5.55,5.41,5.53
2007-06-21,0,5.55,5.55,5.41,5.47
2007-06-22,1,5.48,5.5,5.39,5.41
2007-06-23,1,5.39,5.44,5.37,5.39
2007-06-25,1,5.42,5.48,5.41,5.41
2007-06-26,1,5.45,5.7,5.45,5.59
2007-06-27,1,5.66,5.66,5.55,5.58
2007-06-28,1,5.66,5.82,5.61,5.82
2007-06-29,1,5.82,5.86,5.72,5.72
2007-07-02,1,5.74,5.78,5.69,5.74
2007-07-03,0,5.77,5.78,5.7,5.78
2007-07-04,0,5.82,6.05,5.82,5.93
2007-07-05,0,5.99,5.99,5.83,5.91
2007-07-06,0,5.85,5.89,5.77,5.78
2007-07-09,0,5.83,5.88,5.8,5.83
2007-07-10,0,5.83,5.83,5.78,5.83
2007-07-11,0,5.83,5.88,5.82,5.86
2007-07-12,0,5.88,5.97,5.88,5.91
2007-07-13,0,5.99,6.0,5.89,5.89
2007-07-16,0,5.89,6.1,5.89,5.94
2007-07-17,0,5.91,5.94,5.85,5.89
2007-07-18,1,5.93,6.05,5.91,6.0
2007-07-19,1,5.96,5.97,5.91,5.96
2007-07-20,0,5.99,6.0,5.91,5.94
2007-07-23,0,5.94,6.0,5.91,5.94
2007-07-24,1,5.99,5.99,5.91,5.97
2007-07-25,0,5.94,5.94,5.85,5.88
2007-07-26,0,5.86,5.94,5.8,5.83
2007-07-27,0,5.66,5.69,5.58,5.58
2007-07-30,0,5.47,5.53,5.45,5.48
2007-07-31,0,5.66,5.66,5.53,5.56
2007-08-01,1,5.53,5.53,5.36,5.39
2007-08-02,0,5.52,5.53,5.36,5.52
2007-08-03,0,5.61,5.61,5.47,5.48
2007-08-06,0,5.39,5.42,5.36,5.37
2007-08-07,1,5.45,5.47,5.37,5.37
2007-08-08,0,5.45,5.48,5.37,5.44
2007-08-09,0,5.48,5.48,5.41,5.44
2007-08-10,0,5.3,5.34,5.23,5.23
2007-08-13,0,5.2,5.26,5.2,5.25
2007-08-14,0,5.22,5.3,5.2,5.22
2007-08-15,1,5.2,5.2,5.11,5.11
2007-08-16,0,5.03,5.07,4.92,4.95
2007-08-17,1,4.89,4.98,4.7,4.78
2007-08-20,0,5.11,5.11,4.98,5.11
2007-08-21,0,5.2,5.23,5.11,5.12
2007-08-22,1,5.14,5.26,5.14,5.2
2007-08-23,0,5.33,5.36,5.2,5.26
2007-08-24,0,5.3,5.3,5.15,5.17
2007-08-27,0,5.23,5.26,5.17,5.18
2007-08-28,0,5.15,5.22,5.14,5.15
2007-08-29,1,5.03,5.11,5.01,5.06
2007-08-30,1,5.12,5.15,5.06,5.11
2007-08-31,0,5.11,5.3,5.03,5.2
2007-09-03,0,5.2,5.22,5.14,5.2
2007-09-04,0,5.22,5.23,5.11,5.14
2007-09-05,1,5.15,5.18,5.11,5.12
2007-09-06,0,5.15,5.22,5.07,5.18
2007-09-07,0,5.18,5.23,5.14,5.18
2007-09-10,0,5.12,5.12,5.04,5.04
2007-09-11,1,5.09,5.09,5.03,5.07
2007-09-12,1,5.11,5.12,5.03,5.07
2007-09-13,0,5.11,5.11,5.03,5.04
2007-09-14,1,5.06,5.14,5.06,5.09
2007-09-17,0,5.11,5.11,4.98,5.09
2007-09-19,1,5.18,5.22,5.15,5.2
2007-09-20,0,5.2,5.26,5.15,5.18
2007-09-21,0,5.18,5.18,5.04,5.14
2007-09-26,0,5.09,5.15,5.07,5.11
2007-09-27,1,5.11,5.18,5.11,5.18
2007-09-28,1,5.18,5.28,5.17,5.2
2007-09-29,0,5.22,5.26,5.2,5.26
2007-10-01,0,5.26,5.3,5.23,5.26
2007-10-02,1,5.31,5.42,5.3,5.37
2007-10-03,0,5.39,5.52,5.34,5.37
2007-10-04,0,5.36,5.37,5.26,5.26
2007-10-05,1,5.26,5.31,5.2,5.26
2007-10-08,0,5.3,5.33,5.26,5.28
2007-10-09,0,5.28,5.3,5.22,5.23
2007-10-11,0,5.23,5.26,5.15,5.18
2007-10-12,0,5.18,5.2,5.11,5.11
2007-10-15,0,5.12,5.15,5.09,5.14
2007-10-16,0,5.11,5.25,5.09,5.2
2007-10-17,0,5.22,5.23,5.12,5.2
2007-10-18,1,5.22,5.23,5.14,5.22
2007-10-19,1,5.18,5.18,5.15,5.15
2007-10-22,0,5.01,5.04,4.96,5.04
2007-10-23,0,5.03,5.07,5.01,5.04
2007-10-24,0,5.07,5.09,5.0,5.03
2007-10-25,0,5.04,5.07,5.01,5.01
2007-10-26,0,5.03,5.04,4.96,5.0
2007-10-29,0,5.04,5.07,5.03,5.06
2007-10-30,0,5.04,5.06,5.0,5.03
2007-10-31,0,5.03,5.03,5.0,5.01
2007-11-01,0,5.04,5.06,4.98,4.98
2007-11-02,0,4.9,4.93,4.85,4.85
2007-11-05,1,4.82,4.84,4.71,4.76
2007-11-06,0,4.73,4.74,4.68,4.68
2007-11-07,0,4.74,4.74,4.68,4.7
2007-11-08,1,4.6,4.6,4.4,4.43
2007-11-09,1,4.43,4.44,4.22,4.35
2007-11-12,0,4.35,4.51,4.33,4.48
2007-11-13,0,4.48,4.49,4.35,4.4
2007-11-14,0,4.49,4.51,4.4,4.44
2007-11-15,1,4.41,4.44,4.38,4.4
2007-11-16,0,4.38,4.44,4.3,4.4
2007-11-19,1,4.57,4.59,4.49,4.49
2007-11-20,0,4.48,4.48,4.38,4.48
2007-11-21,1,4.41,4.48,4.33,4.33
2007-11-22,0,4.35,4.43,4.35,4.38
2007-11-23,0,4.46,4.46,4.38,4.38
2007-11-26,0,4.44,4.44,4.37,4.41
2007-11-27,0,4.33,4.38,4.29,4.32
2007-11-28,0,4.38,4.4,4.29,4.29
2007-11-29,1,4.38,4.4,4.33,4.38
2007-11-30,0,4.35,4.44,4.32,4.35
2007-12-03,0,4.35,4.37,4.3,4.35
2007-12-04,0,4.32,4.35,4.3,4.32
2007-12-05,0,4.3,4.33,4.25,4.32
2007-12-06,0,4.37,4.38,4.32,4.33
2007-12-07,0,4.35,4.41,4.33,4.35
2007-12-10,0,4.35,4.37,4.33,4.33
2007-12-11,0,4.35,4.37,4.32,4.33
2007-12-12,1,4.3,4.32,4.21,4.24
2007-12-13,0,4.25,4.3,4.21,4.21
2007-12-14,0,4.21,4.22,4.05,4.1
2007-12-17,1,4.05,4.13,3.97,3.97
2007-12-18,1,3.94,3.99,3.81,3.81
2007-12-19,1,3.91,3.91,3.85,3.88
2007-12-20,1,3.88,3.89,3.73,3.73
2007-12-21,0,3.75,3.92,3.75,3.86
2007-12-24,1,3.86,3.96,3.86,3.96
2007-12-25,1,3.96,4.02,3.91,3.96
2007-12-26,1,3.94,4.05,3.88,4.03
2007-12-27,0,4.0,4.19,4.0,4.19
2007-12-28,1,4.14,4.14,4.08,4.1
2007-12-31,0,4.11,4.24,4.11,4.24
2008-01-02,0,4.22,4.25,4.16,4.19
2008-01-03,0,4.13,4.25,4.11,4.18
2008-01-04,0,4.21,4.3,4.14,4.27
2008-01-07,0,4.16,4.19,4.1,4.1
2008-01-08,1,4.19,4.21,4.1,4.13
2008-01-09,1,4.1,4.18,4.03,4.18
2008-01-10,0,4.19,4.22,4.16,4.16
2008-01-11,0,4.18,4.19,4.13,4.13
2008-01-14,0,4.19,4.29,4.14,4.16
2008-01-15,0,4.22,4.44,4.22,4.41
2008-01-16,0,4.29,4.41,4.22,4.35
2008-01-17,0,4.43,4.52,4.13,4.32
2008-01-18,1,4.13,4.38,4.13,4.33
2008-01-21,0,4.33,4.44,4.29,4.4
2008-01-22,1,4.1,4.18,4.1,4.1
2008-01-23,0,4.19,4.21,3.99,4.0
2008-01-24,1,4.11,4.18,4.02,4.1
2008-01-25,1,4.13,4.19,4.05,4.1
2008-01-28,1,4.1,4.11,4.03,4.07
2008-01-29,0,4.1,4.14,4.05,4.14
2008-01-30,1,4.11,4.11,4.02,4.03
2008-01-31,1,4.03,4.07,3.97,4.0
2008-02-01,1,4.03,4.08,4.02,4.05
2008-02-12,1,4.03,4.03,3.86,3.86
2008-02-13,0,3.92,3.92,3.86,3.86
2008-02-14,0,3.92,4.02,3.92,4.02
2008-02-15,1,3.96,4.1,3.94,4.1
2008-02-18,1,4.16,4.16,4.07,4.11
2008-02-19,1,4.16,4.25,4.13,4.24
2008-02-20,1,4.24,4.24,4.18,4.18
2008-02-21,1,4.25,4.27,4.19,4.25
2008-02-22,0,4.22,4.33,4.16,4.33
2008-02-25,1,4.4,4.44,4.38,4.41
2008-02-26,0,4.48,4.57,4.43,4.54
2008-02-27,1,4.59,4.65,4.55,4.6
2008-02-29,0,4.6,4.66,4.54,4.63
2008-03-03,0,4.54,4.6,4.49,4.6
2008-03-04,0,4.66,4.7,4.57,4.57
2008-03-05,0,4.57,4.59,4.44,4.48
2008-03-06,1,4.48,4.52,4.43,4.48
2008-03-07,0,4.44,4.46,4.4,4.4
2008-03-10,0,4.4,4.41,4.29,4.29
2008-03-11,0,4.25,4.29,4.24,4.27
2008-03-12,1,4.41,4.48,4.33,4.38
2008-03-13,0,4.4,4.4,4.27,4.32
2008-03-14,1,4.38,4.38,4.22,4.25
2008-03-17,0,4.22,4.22,4.08,4.14
2008-03-18,1,4.14,4.19,4.1,4.14
2008-03-19,1,4.22,4.25,4.19,4.24
2008-03-20,1,4.22,4.43,4.19,4.4
2008-03-21,0,4.48,4.59,4.41,4.59
2008-03-24,0,4.9,4.9,4.79,4.9
2008-03-25,1,4.89,4.89,4.74,4.79
2008-03-26,0,4.82,5.09,4.79,5.01
2008-03-27,0,5.01,5.04,4.9,4.98
2008-03-28,0,4.95,5.04,4.87,4.98
2008-03-31,1,4.95,4.95,4.78,4.79
2008-04-01,1,4.82,4.85,4.57,4.57
2008-04-02,1,4.65,4.7,4.6,4.63
2008-04-03,0,4.6,4.63,4.54,4.57
2008-04-07,1,4.6,4.68,4.57,4.66
2008-04-08,1,4.66,4.66,4.57,4.63
2008-04-09,1,4.66,4.73,4.63,4.66
2008-04-10,1,4.66,4.78,4.63,4.78
2008-04-11,1,4.78,5.01,4.76,5.0
2008-04-14,1,4.95,5.07,4.9,4.92
2008-04-15,0,4.92,4.96,4.89,4.9
2008-04-16,0,4.95,5.18,4.93,5.17
2008-04-17,0,5.2,5.2,5.01,5.06
2008-04-18,1,5.06,5.09,5.0,5.03
2008-04-21,0,5.09,5.11,4.96,5.0
2008-04-22,0,5.03,5.04,4.98,5.0
2008-04-23,0,5.04,5.07,5.0,5.01
2008-04-24,0,5.04,5.11,5.01,5.06
2008-04-25,1,5.07,5.09,4.95,4.96
2008-04-28,1,4.96,5.07,4.95,5.04
2008-04-29,1,5.03,5.15,5.01,5.07
2008-04-30,0,5.07,5.11,4.98,5.0
2008-05-02,0,5.06,5.11,5.04,5.04
2008-05-05,1,5.07,5.09,4.93,4.96
2008-05-06,0,4.96,5.0,4.92,4.98
2008-05-07,1,5.03,5.04,4.92,4.93
2008-05-08,0,4.9,5.01,4.87,4.98
2008-05-09,1,5.01,5.01,4.68,4.7
2008-05-12,0,4.7,4.73,4.66,4.7
2008-05-13,0,4.73,4.76,4.68,4.76
2008-05-14,0,4.76,4.76,4.7,4.71
2008-05-15,1,4.74,4.85,4.74,4.85
2008-05-16,0,4.89,4.9,4.81,4.84
2008-05-19,0,4.87,4.98,4.84,4.98
2008-05-20,0,4.98,5.01,4.78,4.79
2008-05-21,0,4.76,4.85,4.74,4.85
2008-05-22,0,4.73,4.84,4.66,4.84
2008-05-23,0,4.76,4.84,4.7,4.7
2008-05-26,0,4.74,4.79,4.66,4.66
2008-05-27,1,4.7,4.73,4.68,4.7
2008-05-28,1,4.7,4.73,4.57,4.59
2008-05-29,0,4.6,4.7,4.55,4.55
2008-05-30,0,4.59,4.62,4.48,4.48
2008-06-02,0,4.49,4.78,4.49,4.78
2008-06-03,0,4.73,4.78,4.7,4.76
2008-06-04,0,4.82,4.82,4.73,4.74
2008-06-05,0,4.73,4.79,4.63,4.79
2008-06-06,1,4.81,4.85,4.74,4.76
2008-06-09,0,4.66,4.71,4.66,4.68
2008-06-10,1,4.76,4.76,4.59,4.6
2008-06-11,0,4.68,4.82,4.6,4.6
2008-06-12,0,4.57,4.57,4.46,4.52
2008-06-13,0,4.52,4.57,4.37,4.46
2008-06-16,0,4.48,4.52,4.46,4.52
2008-06-17,1,4.49,4.51,4.44,4.49
2008-06-18,0,4.49,4.52,4.46,4.49
2008-06-19,1,4.41,4.41,4.29,4.29
2008-06-20,0,4.29,4.29,4.07,4.08
2008-06-23,0,4.0,4.18,4.0,4.14
2008-06-24,1,4.14,4.16,4.1,4.1
2008-06-25,0,4.11,4.33,4.11,4.24
2008-06-26,0,4.32,4.32,4.24,4.27
2008-06-27,0,4.05,4.13,4.05,4.13
2008-06-30,1,4.16,4.18,4.02,4.08
2008-07-01,0,4.08,4.13,4.03,4.08
2008-07-02,0,3.97,4.13,3.94,3.94
2008-07-03,0,3.85,3.96,3.77,3.89
2008-07-04,0,3.89,3.92,3.85,3.85
2008-07-07,1,3.85,3.99,3.85,3.94
2008-07-08,1,3.91,3.92,3.73,3.73
2008-07-09,0,3.78,3.85,3.69,3.73
2008-07-10,1,3.69,3.77,3.67,3.69
2008-07-11,1,3.69,3.73,3.62,3.7
2008-07-14,0,3.67,3.7,3.61,3.61
2008-07-15,1,3.53,3.53,3.36,3.36
2008-07-16,1,3.35,3.4,3.3,3.37
2008-07-17,0,3.49,3.59,3.46,3.59
2008-07-18,1,3.64,3.65,3.43,3.45
2008-07-21,0,3.51,3.64,3.51,3.59
2008-07-22,0,3.56,3.64,3.51,3.61
2008-07-23,0,3.65,3.83,3.65,3.82
2008-07-24,0,3.82,3.85,3.74,3.82
2008-07-25,0,3.75,3.75,3.69,3.69
2008-07-29,0,3.62,3.62,3.48,3.49
2008-07-30,0,3.57,3.59,3.53,3.54
2008-07-31,0,3.59,3.65,3.56,3.57
2008-08-01,0,3.53,3.56,3.46,3.51
2008-08-04,0,3.53,3.59,3.49,3.56
2008-08-05,0,3.59,3.59,3.45,3.53
2008-08-06,1,3.53,3.64,3.53,3.62
2008-08-07,0,3.56,3.61,3.54,3.56
2008-08-08,0,3.46,3.65,3.46,3.64
2008-08-11,0,3.69,3.69,3.59,3.59
2008-08-12,0,3.64,3.64,3.56,3.59
2008-08-13,0,3.53,3.57,3.51,3.54
2008-08-14,0,3.56,3.56,3.49,3.54
2008-08-15,0,3.56,3.57,3.41,3.46
2008-08-18,0,3.22,3.27,3.22,3.22
2008-08-19,1,3.11,3.22,3.06,3.19
2008-08-20,0,3.11,3.13,2.97,3.08
2008-08-21,0,3.08,3.08,3.0,3.0
2008-08-22,0,3.11,3.15,3.05,3.14
2008-08-25,0,3.16,3.2,3.15,3.16
2008-08-26,0,3.14,3.14,3.1,3.11
2008-08-27,0,3.14,3.19,3.11,3.14
2008-08-28,0,3.15,3.15,3.11,3.11
2008-08-29,0,3.17,3.18,3.13,3.13
2008-09-01,0,3.11,3.15,3.03,3.06
2008-09-02,1,3.06,3.08,3.02,3.03
2008-09-03,0,3.03,3.06,2.82,2.85
2008-09-04,0,2.85,2.89,2.68,2.73
2008-09-05,1,2.6,2.72,2.6,2.71
2008-09-08,0,2.9,2.9,2.9,2.9
2008-09-09,1,2.9,2.91,2.82,2.88
2008-09-10,0,2.85,3.02,2.85,2.98
2008-09-11,1,2.98,2.98,2.85,2.86
2008-09-12,1,2.87,2.9,2.81,2.89
2008-09-15,1,2.8,2.8,2.69,2.69
2008-09-16,0,2.5,2.52,2.5,2.5
2008-09-17,0,2.54,2.58,2.33,2.37
2008-09-18,1,2.21,2.21,2.21,2.21
2008-09-19,1,2.21,2.3,2.16,2.23
2008-09-22,1,2.3,2.31,2.23,2.26
2008-09-23,0,2.2,2.29,2.14,2.29
2008-09-24,0,2.27,2.34,2.23,2.29
2008-09-25,1,2.24,2.29,2.16,2.21
2008-09-26,0,2.24,2.24,2.12,2.13
2008-09-30,0,1.98,1.98,1.98,1.98
2008-10-01,1,1.99,1.99,1.85,1.85
2008-10-02,0,1.93,1.97,1.89,1.97
2008-10-03,1,1.94,1.99,1.84,1.98
2008-10-06,0,1.92,1.94,1.84,1.84
2008-10-07,1,1.75,1.95,1.74,1.92
2008-10-08,0,1.84,1.88,1.79,1.79
2008-10-09,0,1.78,1.8,1.66,1.66
2008-10-13,1,1.61,1.61,1.61,1.61
2008-10-14,1,1.72,1.72,1.65,1.72
2008-10-15,1,1.7,1.7,1.66,1.66
2008-10-16,0,1.6,1.6,1.6,1.6
2008-10-17,1,1.55,1.55,1.55,1.55
2008-10-20,0,1.5,1.5,1.5,1.5
2008-10-21,1,1.45,1.53,1.45,1.45
2008-10-22,0,1.4,1.52,1.4,1.43
2008-10-23,1,1.38,1.41,1.38,1.39
2008-10-24,1,1.36,1.37,1.35,1.35
2008-10-27,1,1.25,1.31,1.25,1.25
2008-10-28,1,1.19,1.34,1.17,1.34
2008-10-29,0,1.43,1.43,1.37,1.39
2008-10-30,1,1.39,1.48,1.39,1.48
2008-10-31,0,1.58,1.58,1.55,1.58
2008-11-03,1,1.69,1.69,1.6,1.69
2008-11-04,0,1.72,1.72,1.62,1.69
2008-11-05,1,1.73,1.8,1.7,1.73
2008-11-06,0,1.61,1.68,1.61,1.61
2008-11-07,1,1.51,1.72,1.51,1.69
2008-11-10,0,1.72,1.75,1.67,1.7
2008-11-11,1,1.61,1.64,1.58,1.58
2008-11-12,1,1.49,1.57,1.49,1.5
2008-11-13,1,1.44,1.44,1.39,1.39
2008-11-14,0,1.44,1.46,1.31,1.34
2008-11-17,1,1.31,1.43,1.31,1.42
2008-11-18,1,1.44,1.45,1.32,1.35
2008-11-19,1,1.44,1.44,1.44,1.44
2008-11-20,1,1.43,1.52,1.39,1.42
2008-11-21,1,1.41,1.5,1.32,1.48
2008-11-24,1,1.48,1.48,1.4,1.42
2008-11-25,1,1.5,1.51,1.45,1.46
2008-11-26,1,1.51,1.56,1.47,1.56
2008-11-27,1,1.67,1.67,1.67,1.67
2008-11-28,1,1.69,1.77,1.65,1.68
2008-12-01,1,1.7,1.8,1.64,1.8
2008-12-02,1,1.68,1.84,1.68,1.79
2008-12-03,0,1.84,1.91,1.81,1.88
2008-12-04,0,1.93,1.96,1.8,1.83
2008-12-05,1,1.81,1.82,1.75,1.76
2008-12-08,0,1.82,1.89,1.81,1.89
2008-12-09,0,1.96,2.0,1.89,1.91
2008-12-10,0,1.9,1.99,1.88,1.98
2008-12-11,1,1.99,1.99,1.86,1.87
2008-12-12,1,1.86,1.92,1.74,1.75
2008-12-15,0,1.83,1.86,1.77,1.8
2008-12-16,0,1.8,1.88,1.79,1.85
2008-12-17,0,1.9,1.9,1.83,1.85
2008-12-18,0,1.86,1.88,1.81,1.85
2008-12-19,0,1.85,1.93,1.83,1.93
2008-12-22,0,1.98,1.99,1.84,1.84
2008-12-23,1,1.84,1.87,1.73,1.73
2008-12-24,1,1.67,1.79,1.67,1.78
2008-12-25,0,1.78,1.8,1.75,1.76
2008-12-26,0,1.76,1.79,1.74,1.75
2008-12-29,0,1.76,1.78,1.73,1.78
2008-12-30,0,1.83,1.9,1.81,1.9
2008-12-31,0,1.92,1.92,1.83,1.85
2009-01-05,0,1.92,1.94,1.88,1.88
2009-01-06,0,1.88,1.91,1.86,1.88
2009-01-07,0,1.89,1.91,1.86,1.87
2009-01-08,0,1.85,1.85,1.74,1.74
2009-01-09,1,1.72,1.74,1.7,1.72
2009-01-10,0,1.68,1.68,1.61,1.65
2009-01-12,1,1.61,1.67,1.59,1.6
2009-01-13,1,1.6,1.65,1.6,1.64
2009-01-14,1,1.67,1.75,1.65,1.75
2009-01-15,1,1.64,1.69,1.64,1.64
2009-01-16,0,1.69,1.69,1.64,1.68
2009-01-17,0,1.69,1.74,1.66,1.69
2009-01-19,1,1.7,1.72,1.68,1.68
2009-01-20,0,1.66,1.66,1.61,1.62
2009-01-21,1,1.54,1.67,1.54,1.66
2009-02-02,1,1.66,1.67,1.62,1.63
2009-02-03,0,1.64,1.71,1.64,1.66
2009-02-04,0,1.7,1.7,1.65,1.66
2009-02-05,0,1.66,1.69,1.65,1.66
2009-02-06,0,1.68,1.7,1.66,1.66
2009-02-09,0,1.67,1.69,1.61,1.61
2009-02-10,0,1.65,1.66,1.62,1.62
2009-02-11,0,1.61,1.66,1.6,1.66
2009-02-12,1,1.68,1.72,1.64,1.64
2009-02-13,0,1.66,1.69,1.65,1.67
2009-02-16,0,1.68,1.68,1.64,1.64
2009-02-17,0,1.63,1.64,1.61,1.62
2009-02-18,0,1.61,1.63,1.6,1.61
2009-02-19,1,1.6,1.62,1.58,1.6
2009-02-20,1,1.6,1.62,1.57,1.57
2009-02-23,0,1.54,1.55,1.49,1.51
2009-02-24,0,1.49,1.55,1.49,1.53
2009-02-25,0,1.55,1.63,1.55,1.6
2009-02-26,0,1.64,1.64,1.58,1.59
2009-02-27,0,1.59,1.62,1.58,1.59
2009-03-02,1,1.55,1.55,1.48,1.48
2009-03-03,0,1.38,1.45,1.38,1.44
2009-03-04,1,1.45,1.5,1.44,1.48
2009-03-05,1,1.53,1.54,1.5,1.51
2009-03-06,1,1.48,1.49,1.45,1.47
2009-03-09,0,1.47,1.5,1.45,1.47
2009-03-10,1,1.47,1.49,1.47,1.48
2009-03-11,0,1.54,1.56,1.52,1.55
2009-03-12,1,1.54,1.55,1.51,1.51
2009-03-13,0,1.54,1.58,1.52,1.56
2009-03-16,1,1.59,1.6,1.56,1.58
2009-03-17,1,1.6,1.62,1.58,1.61
2009-03-18,1,1.61,1.62,1.59,1.6
2009-03-19,1,1.64,1.68,1.62,1.62
2009-03-20,1,1.62,1.63,1.59,1.59
2009-03-23,0,1.6,1.7,1.59,1.69
2009-03-24,0,1.73,1.79,1.7,1.7
2009-03-25,1,1.7,1.73,1.67,1.72
2009-03-26,1,1.72,1.77,1.7,1.76
2009-03-27,1,1.81,1.89,1.8,1.89
2009-03-30,1,1.89,1.9,1.75,1.75
2009-03-31,1,1.73,1.82,1.72,1.76
2009-04-01,1,1.8,1.89,1.79,1.89
2009-04-02,0,1.94,2.02,1.94,2.01
2009-04-03,0,2.01,2.12,1.98,2.01
2009-04-06,1,2.05,2.13,1.98,2.07
2009-04-07,1,2.02,2.13,2.01,2.12
2009-04-08,1,2.08,2.21,2.02,2.02
2009-04-09,1,2.03,2.12,1.99,2.1
2009-04-10,1,2.19,2.2,2.12,2.12
2009-04-13,1,2.13,2.26,2.1,2.22
2009-04-14,0,2.23,2.34,2.2,2.34
2009-04-15,0,2.36,2.42,2.34,2.42
2009-04-16,0,2.58,2.58,2.56,2.58
2009-04-17,1,2.64,2.76,2.4,2.4
2009-04-20,1,2.4,2.54,2.24,2.5
2009-04-21,1,2.4,2.51,2.34,2.5
2009-04-22,1,2.5,2.6,2.47,2.53
2009-04-23,1,2.48,2.5,2.41,2.45
2009-04-24,1,2.49,2.56,2.4,2.48
2009-04-27,1,2.5,2.53,2.3,2.31
2009-04-28,0,2.33,2.44,2.26,2.31
2009-04-29,1,2.34,2.38,2.23,2.24
2009-04-30,1,2.4,2.4,2.4,2.4
2009-05-04,1,2.57,2.57,2.57,2.57
2009-05-05,1,2.75,2.75,2.68,2.75
2009-05-06,0,2.74,2.94,2.72,2.94
2009-05-07,0,2.95,3.08,2.85,2.93
2009-05-08,1,2.86,2.9,2.77,2.81
2009-05-11,1,2.79,2.99,2.79,2.94
2009-05-12,1,2.87,2.89,2.73,2.73
2009-05-13,1,2.76,2.84,2.76,2.78
2009-05-14,1,2.6,2.66,2.59,2.59
2009-05-15,1,2.77,2.77,2.68,2.73
2009-05-18,1,2.76,2.92,2.74,2.92
2009-05-19,1,3.12,3.12,3.12,3.12
2009-05-20,1,3.32,3.33,3.19,3.33
2009-05-21,0,3.41,3.56,3.38,3.56
2009-05-22,0,3.56,3.8,3.56,3.8
2009-05-25,0,3.98,4.01,3.82,3.9
2009-05-26,0,3.9,3.91,3.62,3.62
2009-05-27,0,3.69,3.85,3.56,3.77
2009-06-01,0,3.98,3.98,3.8,3.82
2009-06-02,1,3.88,3.93,3.69,3.7
2009-06-03,1,3.72,3.78,3.65,3.72
2009-06-04,1,3.78,3.82,3.57,3.62
2009-06-05,0,3.62,3.7,3.62,3.69
2009-06-06,0,3.72,3.83,3.67,3.82
2009-06-08,1,3.85,3.85,3.56,3.57
2009-06-09,1,3.59,3.62,3.38,3.38
2009-06-10,1,3.4,3.59,3.33,3.54
2009-06-11,1,3.53,3.61,3.43,3.61
2009-06-12,1,3.61,3.65,3.51,3.53
2009-06-15,1,3.51,3.56,3.33,3.33
2009-06-16,1,3.35,3.41,3.21,3.32
2009-06-17,1,3.41,3.54,3.35,3.54
2009-06-18,1,3.53,3.61,3.38,3.49
2009-06-19,0,3.57,3.64,3.49,3.62
2009-06-22,1,3.65,3.78,3.64,3.7
2009-06-23,1,3.64,3.7,3.62,3.64
2009-06-24,0,3.74,3.88,3.7,3.86
2009-06-25,1,3.86,3.91,3.75,3.77
2009-06-26,0,3.8,3.86,3.72,3.72
2009-06-29,1,3.83,3.91,3.78,3.83
2009-06-30,0,3.99,4.09,3.86,3.94
2009-07-01,0,3.94,3.99,3.82,3.98
2009-07-02,1,3.98,4.02,3.88,3.99
2009-07-03,1,3.99,4.26,3.99,4.23
2009-07-06,1,4.28,4.28,4.14,4.18
2009-07-07,0,4.2,4.44,4.18,4.36
2009-07-08,0,4.33,4.47,4.28,4.42
2009-07-09,0,4.39,4.49,4.33,4.33
2009-07-10,0,4.38,4.42,4.25,4.26
2009-07-13,1,4.26,4.26,3.98,3.98
2009-07-14,1,4.01,4.09,3.99,4.02
2009-07-15,0,4.07,4.17,4.02,4.06
2009-07-16,0,4.23,4.33,4.14,4.17
2009-07-17,0,4.23,4.23,4.1,4.15
2009-07-20,0,4.25,4.42,4.2,4.33
2009-07-21,0,4.42,4.47,4.26,4.39
2009-07-22,0,4.46,4.5,4.33,4.33
2009-07-23,1,4.33,4.39,4.26,4.3
2009-07-24,0,4.39,4.39,4.17,4.18
2009-07-27,1,4.2,4.26,4.14,4.18
2009-07-28,1,4.26,4.31,4.22,4.23
2009-07-29,1,4.31,4.36,4.22,4.22
2009-07-30,1,4.2,4.26,4.12,4.14
2009-07-31,0,4.17,4.2,4.1,4.1
2009-08-03,0,4.1,4.18,4.07,4.14
2009-08-04,0,4.2,4.23,4.01,4.02
2009-08-05,0,4.01,4.02,3.75,3.78
2009-08-06,0,3.85,3.9,3.75,3.78
2009-08-10,0,3.69,3.77,3.67,3.75
2009-08-11,0,3.82,3.83,3.65,3.65
2009-08-12,1,3.65,3.69,3.57,3.57
2009-08-13,0,3.65,3.82,3.61,3.82
2009-08-14,0,3.86,3.88,3.78,3.85
2009-08-17,0,3.85,3.86,3.74,3.75
2009-08-18,0,3.72,3.8,3.69,3.7
2009-08-19,0,3.77,3.8,3.7,3.7
2009-08-20,1,3.7,3.72,3.56,3.59
2009-08-21,1,3.64,3.69,3.37,3.43
2009-08-24,1,3.49,3.62,3.49,3.62
2009-08-25,0,3.56,3.57,3.46,3.46
2009-08-26,1,3.46,3.53,3.35,3.37
2009-08-27,0,3.37,3.43,3.33,3.35
2009-08-28,1,3.38,3.57,3.37,3.57
2009-08-31,1,3.62,3.62,3.46,3.49
2009-09-01,1,3.53,3.72,3.49,3.72
2009-09-02,0,3.64,3.86,3.62,3.85
2009-09-03,1,3.82,3.88,3.75,3.8
2009-09-04,1,3.85,3.9,3.78,3.78
2009-09-07,1,3.85,3.91,3.82,3.86
2009-09-08,0,3.88,3.96,3.86,3.91
2009-09-09,1,3.94,4.04,3.9,3.9
2009-09-10,1,4.17,4.17,3.94,3.99
2009-09-11,1,4.01,4.04,3.94,3.96
2009-09-14,1,4.02,4.02,3.91,3.98
2009-09-15,0,4.01,4.04,3.98,4.02
2009-09-16,1,4.1,4.18,4.07,4.17
2009-09-17,1,4.26,4.36,4.22,4.36
2009-09-18,1,4.36,4.39,4.28,4.39
2009-09-21,0,4.44,4.44,4.33,4.39
2009-09-22,0,4.44,4.54,4.42,4.42
2009-09-23,1,4.44,4.46,4.2,4.22
2009-09-24,0,4.23,4.26,4.2,4.22
2009-09-25,1,4.18,4.34,4.18,4.33
2009-09-28,0,4.33,4.36,4.28,4.34
2009-09-29,0,4.34,4.47,4.34,4.46
2009-09-30,0,4.49,4.5,4.46,4.49
2009-10-01,1,4.58,4.74,4.58,4.63
2009-10-02,0,4.49,4.58,4.47,4.52
2009-10-05,0,4.5,4.57,4.38,4.39
2009-10-06,1,4.39,4.47,4.3,4.46
2009-10-07,0,4.49,4.55,4.42,4.42
2009-10-08,1,4.42,4.52,4.36,4.36
2009-10-09,0,4.49,4.5,4.41,4.47
2009-10-12,0,4.49,4.49,4.39,4.47
2009-10-13,1,4.31,4.46,4.3,4.42
2009-10-14,0,4.42,4.44,4.38,4.39
2009-10-15,1,4.52,4.6,4.46,4.46
2009-10-16,0,4.47,4.54,4.47,4.5
2009-10-19,0,4.47,4.5,4.44,4.5
2009-10-20,1,4.52,4.57,4.46,4.46
2009-10-21,0,4.42,4.47,4.41,4.44
2009-10-22,0,4.49,4.49,4.38,4.46
2009-10-23,0,4.49,4.52,4.44,4.5
2009-10-26,0,4.54,4.55,4.46,4.46
2009-10-27,0,4.46,4.49,4.42,4.49
2009-10-28,0,4.52,4.52,4.42,4.42
2009-10-29,0,4.31,4.36,4.14,4.2
2009-10-30,1,4.23,4.25,4.17,4.18
2009-11-02,1,4.04,4.09,4.01,4.07
2009-11-03,0,4.1,4.12,3.98,3.98
2009-11-04,1,4.04,4.18,3.99,4.17
2009-11-05,0,4.15,4.15,4.06,4.06
2009-11-06,1,4.14,4.2,4.1,4.14
2009-11-09,0,4.42,4.42,4.33,4.41
2009-11-10,1,4.41,4.42,4.28,4.28
2009-11-11,0,4.28,4.38,4.23,4.34
2009-11-12,1,4.41,4.44,4.28,4.31
2009-11-13,0,4.26,4.28,4.17,4.23
2009-11-16,0,4.28,4.36,4.25,4.3
2009-11-17,1,4.36,4.38,4.12,4.14
2009-11-18,0,4.15,4.18,4.1,4.12
2009-11-19,0,4.1,4.1,3.98,3.99
2009-11-20,0,3.98,4.02,3.96,3.99
2009-11-23,1,4.01,4.02,3.96,3.98
2009-11-24,1,3.98,4.01,3.9,3.93
2009-11-25,0,3.91,4.04,3.9,3.99
2009-11-26,0,4.04,4.04,3.93,3.93
2009-11-27,0,3.85,3.96,3.82,3.9
2009-11-30,1,3.85,3.91,3.85,3.85
2009-12-01,0,3.85,3.94,3.8,3.94
2009-12-02,0,4.04,4.07,3.98,4.01
2009-12-03,0,4.07,4.07,3.98,3.98
2009-12-04,1,3.94,4.01,3.94,3.96
2009-12-07,0,3.94,4.02,3.94,4.01
2009-12-08,0,3.96,3.99,3.9,3.93
2009-12-09,1,3.88,3.94,3.88,3.91
2009-12-10,0,3.91,3.94,3.78,3.83
2009-12-11,1,3.83,3.88,3.82,3.88
2009-12-14,0,3.82,3.88,3.8,3.83
2009-12-15,1,3.86,3.9,3.83,3.88
2009-12-16,0,3.83,3.85,3.8,3.8
2009-12-17,0,3.83,3.88,3.8,3.8
2009-12-18,1,3.77,3.78,3.72,3.75
2009-12-21,1,3.75,3.86,3.75,3.82
2009-12-22,0,3.9,3.99,3.85,3.99
2009-12-23,0,4.01,4.06,3.96,3.98
2009-12-24,0,3.98,4.01,3.94,3.96
2009-12-25,0,4.01,4.02,3.94,3.94
2009-12-28,0,3.96,4.07,3.96,4.07
2009-12-29,0,4.17,4.17,4.06,4.06
2009-12-30,0,4.09,4.1,4.01,4.02
2009-12-31,0,4.04,4.07,3.99,4.04
2010-01-04,0,4.06,4.09,4.02,4.04
2010-01-05,1,4.07,4.2,4.01,4.15
2010-01-06,1,4.18,4.2,4.09,4.2
2010-01-07,1,4.2,4.22,4.1,4.12
2010-01-08,1,4.14,4.2,4.12,4.15
2010-01-11,1,4.26,4.39,4.23,4.26
2010-01-12,1,4.26,4.31,4.22,4.23
2010-01-13,0,4.2,4.2,4.1,4.18
2010-01-14,0,4.2,4.2,4.12,4.14
2010-01-15,0,4.14,4.2,4.12,4.15
2010-01-18,0,4.06,4.17,4.02,4.12
2010-01-19,1,0.0,0.0,0.0,0.0
2010-01-20,0,0.0,0.0,0.0,0.0
2010-01-21,0,0.0,0.0,0.0,0.0
2010-01-22,1,0.0,0.0,0.0,0.0
2010-01-25,1,0.0,0.0,0.0,0.0
2010-01-26,0,0.0,0.0,0.0,0.0
2010-01-27,0,0.0,0.0,0.0,0.0
2010-01-28,0,0.0,0.0,0.0,0.0
2010-01-29,1,0.0,0.0,0.0,0.0
2010-02-01,1,0.0,0.0,0.0,0.0
2010-02-02,0,0.0,0.0,0.0,0.0
2010-02-03,1,3.84,3.84,3.84,3.84
2010-02-04,0,3.68,3.75,3.68,3.68
2010-02-05,0,3.51,3.59,3.42,3.42
2010-02-06,0,3.18,3.18,3.18,3.18
2010-02-08,1,2.96,3.17,2.96,3.11
2010-02-09,1,3.06,3.24,3.02,3.14
2010-02-10,1,3.27,3.35,3.26,3.35
2010-02-22,1,3.41,3.45,3.33,3.33
2010-02-23,1,3.35,3.39,3.3,3.33
2010-02-24,0,3.32,3.41,3.3,3.33
2010-02-25,1,3.36,3.38,3.23,3.23
2010-02-26,1,3.26,3.3,3.18,3.23
2010-03-01,1,3.23,3.39,3.21,3.39
2010-03-02,0,3.44,3.44,3.38,3.38
2010-03-03,0,3.41,3.5,3.39,3.39
2010-03-04,1,3.47,3.47,3.36,3.41
2010-03-05,1,3.44,3.51,3.44,3.48
2010-03-08,1,3.56,3.56,3.5,3.51
2010-03-09,0,3.51,3.51,3.47,3.5
2010-03-10,1,3.56,3.6,3.54,3.56
2010-03-11,1,3.59,3.59,3.48,3.51
2010-03-12,1,3.51,3.53,3.47,3.48
2010-03-15,1,3.47,3.48,3.36,3.36
2010-03-16,1,3.36,3.42,3.36,3.39
2010-03-17,1,3.45,3.59,3.45,3.54
2010-03-18,1,3.59,3.68,3.57,3.63
2010-03-19,0,3.65,3.71,3.56,3.71
2010-03-22,1,3.68,3.69,3.62,3.68
2010-03-23,0,3.71,3.83,3.68,3.81
2010-03-24,1,3.83,3.87,3.75,3.75
2010-03-25,1,3.75,3.75,3.65,3.71
2010-03-26,1,3.68,3.8,3.63,3.78
2010-03-29,1,3.78,3.83,3.75,3.8
2010-03-30,1,3.84,3.86,3.8,3.83
2010-03-31,1,3.77,3.86,3.77,3.86
2010-04-01,0,3.84,3.96,3.81,3.95
2010-04-02,0,3.98,3.98,3.93,3.96
2010-04-06,1,3.99,4.04,3.96,3.96
2010-04-07,0,4.01,4.02,3.93,3.95
2010-04-08,0,3.95,4.02,3.9,3.9
2010-04-09,0,3.93,3.96,3.9,3.95
2010-04-12,0,3.99,4.01,3.93,3.96
2010-04-13,1,3.95,3.95,3.83,3.86
2010-04-14,0,3.86,3.9,3.84,3.87
2010-04-15,0,3.9,3.95,3.81,3.83
2010-04-16,0,3.83,3.84,3.78,3.81
2010-04-19,0,3.74,3.78,3.65,3.66
2010-04-20,0,3.71,3.72,3.6,3.68
2010-04-21,0,3.72,3.72,3.65,3.66
2010-04-22,1,3.65,3.65,3.59,3.6
2010-04-23,1,3.72,3.74,3.68,3.74
2010-04-26,0,3.78,3.81,3.75,3.78
2010-04-27,0,3.78,3.81,3.75,3.75
2010-04-28,0,3.62,3.72,3.62,3.69
2010-04-29,1,3.69,3.72,3.68,3.71
2010-04-30,0,3.74,3.74,3.65,3.65
2010-05-03,1,3.65,3.65,3.6,3.62
2010-05-04,0,3.65,3.66,3.6,3.62
2010-05-05,0,3.56,3.59,3.53,3.53
2010-05-06,0,3.59,3.62,3.54,3.54
2010-05-07,0,3.47,3.51,3.44,3.5
2010-05-10,0,3.53,3.59,3.51,3.57
2010-05-11,0,3.62,3.66,3.53,3.54
2010-05-12,0,3.59,3.63,3.56,3.6
2010-05-13,1,3.65,3.84,3.65,3.83
2010-05-14,1,3.78,3.84,3.75,3.77
2010-05-17,0,3.71,3.71,3.63,3.65
2010-05-18,1,3.71,3.74,3.66,3.74
2010-05-19,0,3.72,3.77,3.68,3.74
2010-05-20,1,3.71,3.74,3.6,3.6
2010-05-21,0,3.47,3.47,3.38,3.42
2010-05-24,0,3.45,3.48,3.44,3.47
2010-05-25,1,3.41,3.42,3.23,3.26
2010-05-26,1,3.32,3.32,3.21,3.3
2010-05-27,1,3.29,3.35,3.24,3.35
2010-05-28,1,3.41,3.42,3.35,3.36
2010-05-31,1,3.36,3.41,3.32,3.41
2010-06-01,1,3.41,3.41,3.35,3.38
2010-06-02,0,3.35,3.41,3.33,3.35
2010-06-03,1,3.44,3.45,3.41,3.42
2010-06-04,1,3.45,3.45,3.39,3.42
2010-06-07,1,3.32,3.35,3.27,3.33
2010-06-08,1,3.3,3.35,3.3,3.35
2010-06-09,0,3.35,3.36,3.26,3.27
2010-06-10,1,3.32,3.36,3.29,3.36
2010-06-11,1,3.42,3.48,3.42,3.45
2010-06-14,1,3.5,3.6,3.5,3.57
2010-06-15,1,3.56,3.59,3.54,3.59
2010-06-17,1,3.63,3.65,3.59,3.63
2010-06-18,1,3.65,3.66,3.59,3.66
2010-06-21,0,3.72,3.77,3.69,3.71
2010-06-22,0,3.71,3.74,3.68,3.74
2010-06-23,1,3.74,3.77,3.69,3.74
2010-06-24,1,3.74,3.86,3.72,3.83
2010-06-25,1,3.83,3.87,3.77,3.77
2010-06-28,0,3.83,3.93,3.83,3.89
2010-06-29,1,3.92,3.95,3.77,3.77
2010-06-30,1,3.72,3.77,3.66,3.74
2010-07-01,1,3.78,3.8,3.68,3.71
2010-07-02,1,3.74,3.92,3.71,3.81
2010-07-05,0,3.89,4.01,3.87,3.98
2010-07-06,0,3.98,4.02,3.92,4.01
2010-07-07,1,4.01,4.02,3.92,3.93
2010-07-08,1,3.99,4.04,3.92,3.95
2010-07-09,0,3.99,3.99,3.93,3.95
2010-07-12,1,3.98,4.02,3.93,3.99
2010-07-13,1,4.02,4.04,3.99,4.02
2010-07-14,1,4.08,4.18,4.05,4.17
2010-07-15,1,4.18,4.32,4.17,4.3
2010-07-16,1,4.45,4.45,4.3,4.33
2010-07-19,1,4.27,4.38,4.27,4.36
2010-07-20,1,4.38,4.39,4.27,4.33
2010-07-21,0,4.35,4.41,4.3,4.33
2010-07-22,0,4.36,4.39,4.24,4.24
2010-07-23,0,4.3,4.36,4.27,4.33
2010-07-26,1,4.38,4.41,4.3,4.35
2010-07-27,1,4.35,4.36,4.24,4.26
2010-07-28,0,4.24,4.29,4.23,4.26
2010-07-29,1,4.27,4.27,4.18,4.24
2010-07-30,0,4.24,4.32,4.2,4.27
2010-08-02,1,4.35,4.45,4.35,4.45
2010-08-03,0,4.47,4.53,4.41,4.51
2010-08-04,0,4.57,4.57,4.51,4.54
2010-08-05,0,4.57,4.6,4.5,4.5
2010-08-06,0,4.48,4.54,4.48,4.54
2010-08-09,0,4.54,4.71,4.54,4.71
2010-08-10,1,4.72,4.74,4.62,4.65
2010-08-11,0,4.59,4.65,4.53,4.54
2010-08-12,0,4.55,4.69,4.45,4.68
2010-08-13,0,4.68,4.69,4.61,4.66
2010-08-16,1,4.66,4.68,4.61,4.63
2010-08-17,0,4.63,4.64,4.56,4.56
2010-08-18,0,4.6,4.63,4.48,4.51
2010-08-19,1,4.48,4.51,4.35,4.36
2010-08-20,0,4.36,4.46,4.35,4.45
2010-08-23,1,4.48,4.6,4.41,4.58
2010-08-24,0,4.63,4.63,4.53,4.55
2010-08-25,0,4.53,4.53,4.35,4.38
2010-08-26,1,4.38,4.41,4.2,4.25
2010-08-27,1,4.26,4.31,4.25,4.3
2010-08-30,1,4.36,4.55,4.36,4.41
2010-08-31,1,4.38,4.4,4.28,4.35
2010-09-01,1,4.41,4.41,4.35,4.36
2010-09-02,1,4.41,4.45,4.38,4.4
2010-09-03,1,4.45,4.46,4.38,4.41
2010-09-06,1,4.46,4.46,4.38,4.4
2010-09-07,0,4.41,4.46,4.4,4.45
2010-09-08,1,4.45,4.5,4.41,4.45
2010-09-09,1,4.48,4.48,4.36,4.4
2010-09-10,1,4.48,4.48,4.41,4.43
2010-09-13,0,4.48,4.66,4.46,4.66
2010-09-14,1,4.68,4.71,4.6,4.61
2010-09-15,1,4.64,4.71,4.58,4.64
2010-09-16,1,4.66,4.71,4.6,4.61
2010-09-17,1,4.69,4.71,4.61,4.61
2010-09-20,0,4.64,4.66,4.61,4.61
2010-09-21,1,4.68,4.68,4.6,4.64
2010-09-23,0,4.68,4.81,4.64,4.74
2010-09-24,0,4.78,4.78,4.69,4.73
2010-09-27,0,4.78,4.78,4.68,4.73
2010-09-28,0,4.71,4.74,4.66,4.68
2010-09-29,0,4.69,4.73,4.66,4.68
2010-09-30,0,4.68,4.71,4.63,4.64
2010-10-01,0,4.68,4.74,4.66,4.74
2010-10-04,0,4.76,4.79,4.73,4.76
2010-10-05,0,4.73,4.74,4.68,4.69
2010-10-06,0,4.73,4.78,4.73,4.74
2010-10-07,1,4.74,4.81,4.71,4.73
2010-10-08,0,4.73,4.74,4.68,4.68
2010-10-11,1,4.69,4.71,4.56,4.58
2010-10-12,0,4.58,4.61,4.55,4.58
2010-10-13,0,4.61,4.63,4.58,4.61
2010-10-14,1,4.68,4.69,4.64,4.68
2010-10-15,0,4.68,4.68,4.6,4.6
2010-10-18,1,4.58,4.61,4.45,4.45
2010-10-19,1,4.46,4.5,4.43,4.46
2010-10-20,1,4.45,4.48,4.41,4.45
2010-10-21,1,4.46,4.51,4.43,4.43
2010-10-22,0,4.46,4.46,4.41,4.43
2010-10-25,1,4.43,4.5,4.43,4.5
2010-10-26,0,4.51,4.55,4.46,4.55
2010-10-27,1,4.58,4.58,4.48,4.48
2010-10-28,0,4.5,4.53,4.45,4.53
2010-10-29,1,4.53,4.53,4.43,4.45
2010-11-01,0,4.45,4.53,4.45,4.53
2010-11-02,0,4.53,4.6,4.53,4.56
2010-11-03,0,4.6,4.6,4.51,4.55
2010-11-04,1,4.58,4.63,4.56,4.63
2010-11-05,0,4.68,4.69,4.6,4.63
2010-11-08,1,4.69,4.71,4.63,4.66
2010-11-09,0,4.68,4.68,4.61,4.64
2010-11-10,1,4.61,4.61,4.51,4.51
2010-11-11,0,4.51,4.61,4.51,4.6
2010-11-12,0,4.6,4.6,4.48,4.5
2010-11-15,1,4.5,4.5,4.4,4.43
2010-11-16,1,4.38,4.43,4.38,4.43
2010-11-17,1,4.38,4.48,4.38,4.43
2010-11-18,0,4.46,4.48,4.43,4.46
2010-11-19,1,4.5,4.51,4.43,4.43
2010-11-22,0,4.46,4.48,4.43,4.43
2010-11-23,1,4.43,4.46,4.43,4.46
2010-11-24,0,4.38,4.5,4.38,4.5
2010-11-25,0,4.5,4.51,4.48,4.5
2010-11-26,1,4.53,4.53,4.41,4.41
2010-11-29,1,4.51,4.51,4.43,4.48
2010-11-30,1,4.48,4.51,4.43,4.43
2010-12-01,1,4.48,4.68,4.48,4.64
2010-12-02,1,4.74,4.88,4.74,4.79
2010-12-03,0,4.83,4.84,4.73,4.74
2010-12-06,1,4.78,4.89,4.76,4.84
2010-12-07,1,4.84,4.91,4.81,4.86
2010-12-08,0,4.91,5.01,4.89,4.91
2010-12-09,0,5.04,5.13,4.99,5.11
2010-12-10,1,5.08,5.08,4.98,5.04
2010-12-13,0,5.11,5.13,5.06,5.06
2010-12-14,1,5.06,5.08,4.94,4.96
2010-12-15,1,4.94,4.99,4.91,4.96
2010-12-16,0,4.96,5.01,4.96,4.96
2010-12-17,1,4.98,5.11,4.98,5.08
2010-12-20,1,5.18,5.23,5.13,5.18
2010-12-21,0,5.18,5.21,5.11,5.19
2010-12-22,0,5.19,5.21,5.13,5.14
2010-12-23,1,5.18,5.21,5.14,5.19
2010-12-24,1,5.23,5.23,5.14,5.14
2010-12-27,1,5.19,5.39,5.14,5.37
2010-12-28,1,5.37,5.39,5.28,5.36
2010-12-29,0,5.36,5.72,5.36,5.69
2010-12-30,0,5.72,5.72,5.57,5.59
2010-12-31,0,5.64,5.84,5.61,5.72
2011-01-03,1,5.77,5.94,5.77,5.92
2011-01-04,1,5.94,6.07,5.81,5.82
2011-01-05,0,5.91,5.96,5.52,5.56
2011-01-06,1,5.57,5.61,5.41,5.56
2011-01-07,1,5.49,5.54,5.24,5.34
2011-01-10,0,5.34,5.41,5.29,5.41
2011-01-11,0,5.41,5.51,5.36,5.47
2011-01-12,0,5.57,5.59,5.51,5.54
2011-01-13,0,5.59,5.59,5.46,5.57
2011-01-14,0,5.62,5.79,5.59,5.66
2011-01-17,0,5.74,5.74,5.54,5.54
2011-01-18,0,5.54,5.66,5.51,5.61
2011-01-19,0,5.64,5.66,5.57,5.61
2011-01-20,0,5.62,5.67,5.59,5.61
2011-01-21,0,5.47,5.54,5.44,5.51
2011-01-24,0,5.54,5.56,5.47,5.49
2011-01-25,1,5.52,5.62,5.52,5.59
2011-01-26,0,5.66,5.66,5.52,5.52
2011-01-27,0,5.56,5.61,5.51,5.51
2011-01-28,0,5.51,5.61,5.51,5.61
2011-02-08,0,5.66,5.66,5.56,5.56
2011-02-09,0,5.62,5.71,5.56,5.59
2011-02-10,0,5.57,5.61,5.31,5.31
2011-02-11,1,5.31,5.37,5.01,5.08
2011-02-14,1,5.14,5.18,5.11,5.13
2011-02-15,0,5.13,5.13,4.98,5.08
2011-02-16,1,5.08,5.18,5.08,5.13
2011-02-17,1,5.14,5.21,5.04,5.06
2011-02-18,1,5.18,5.37,5.18,5.31
2011-02-21,0,5.34,5.34,5.21,5.24
2011-02-22,1,5.13,5.16,5.06,5.14
2011-02-23,0,5.09,5.18,5.03,5.04
2011-02-24,0,5.16,5.16,5.01,5.03
2011-02-25,1,5.09,5.11,4.93,5.09
2011-03-01,1,5.09,5.16,5.09,5.13
2011-03-02,1,5.08,5.16,5.04,5.11
2011-03-03,1,5.14,5.31,5.13,5.29
2011-03-04,0,5.41,5.46,5.36,5.36
2011-03-07,1,5.36,5.39,5.24,5.29
2011-03-08,0,5.41,5.41,5.31,5.37
2011-03-09,0,5.44,5.47,5.41,5.44
2011-03-10,0,5.51,5.52,5.41,5.42
2011-03-11,0,5.33,5.37,5.31,5.37
2011-03-14,1,5.28,5.29,5.01,5.08
2011-03-15,1,4.98,5.09,4.74,5.04
2011-03-16,1,5.08,5.14,5.03,5.11
2011-03-17,0,4.98,5.26,4.98,5.23
2011-03-18,0,5.19,5.34,5.14,5.14
2011-03-21,1,5.14,5.33,5.11,5.31
2011-03-22,1,5.37,5.54,5.34,5.37
2011-03-23,0,5.41,5.51,5.34,5.44
2011-03-24,0,5.51,5.54,5.46,5.47
2011-03-25,0,5.54,5.54,5.39,5.42
2011-03-28,1,5.37,5.44,5.36,5.36
2011-03-29,1,5.34,5.42,5.34,5.37
2011-03-30,0,5.42,5.49,5.41,5.47
2011-03-31,1,5.49,5.52,5.44,5.52
2011-04-01,1,5.54,5.54,5.47,5.52
2011-04-06,1,5.52,5.64,5.52,5.56
2011-04-07,0,5.59,5.61,5.52,5.57
2011-04-08,0,5.59,5.64,5.56,5.62
2011-04-11,0,5.62,5.64,5.52,5.52
2011-04-12,1,5.47,5.51,5.36,5.44
2011-04-13,1,5.41,5.51,5.41,5.46
2011-04-14,1,5.44,5.49,5.42,5.44
2011-04-15,1,5.44,5.47,5.24,5.29
2011-04-18,1,5.29,5.34,5.24,5.26
2011-04-19,0,5.23,5.23,5.08,5.14
2011-04-20,0,5.14,5.33,5.14,5.28
2011-04-21,0,5.34,5.52,5.34,5.51
2011-04-22,1,5.54,5.61,5.51,5.57
2011-04-25,1,5.64,5.67,5.56,5.56
2011-04-26,1,5.46,5.47,5.37,5.44
2011-04-27,1,5.47,5.64,5.46,5.61
2011-04-28,1,5.67,5.71,5.57,5.57
2011-04-29,0,5.61,5.62,5.51,5.59
2011-05-03,1,5.61,5.61,5.49,5.52
2011-05-04,1,5.54,5.56,5.46,5.52
2011-05-05,0,5.47,5.61,5.46,5.61
2011-05-06,0,5.56,5.57,5.47,5.49
2011-05-09,0,5.54,5.82,5.54,5.79
2011-05-10,1,5.81,5.89,5.76,5.81
2011-05-11,1,5.86,5.87,5.72,5.74
2011-05-12,0,5.67,5.79,5.66,5.74
2011-05-13,0,5.77,5.79,5.72,5.74
2011-05-16,0,5.77,5.79,5.64,5.66
2011-05-17,0,5.64,5.69,5.57,5.64
2011-05-18,1,5.67,5.69,5.59,5.64
2011-05-19,0,5.69,5.77,5.57,5.61
2011-05-20,1,5.64,5.66,5.46,5.47
2011-05-23,0,5.37,5.41,5.34,5.41
2011-05-24,1,5.39,5.44,5.36,5.44
2011-05-25,1,5.39,5.41,5.36,5.39
2011-05-26,1,5.46,5.51,5.41,5.49
2011-05-27,1,5.54,5.57,5.51,5.57
2011-05-30,0,5.57,5.59,5.49,5.51
2011-05-31,1,5.57,5.71,5.56,5.71
2011-06-01,0,5.62,5.74,5.62,5.69
2011-06-02,0,5.64,5.69,5.62,5.64
2011-06-03,0,5.74,5.79,5.69,5.74
2011-06-07,1,5.72,5.79,5.69,5.79
2011-06-08,0,5.79,5.82,5.74,5.74
2011-06-09,0,5.81,5.84,5.77,5.84
2011-06-10,1,5.89,5.89,5.71,5.71
2011-06-13,0,5.66,5.69,5.59,5.59
2011-06-14,0,5.64,5.69,5.62,5.69
2011-06-15,0,5.69,5.71,5.54,5.61
2011-06-16,1,5.59,5.59,5.44,5.44
2011-06-17,1,5.52,5.54,5.46,5.46
2011-06-20,1,5.46,5.54,5.42,5.47
2011-06-21,0,5.54,5.57,5.49,5.52
2011-06-22,1,5.57,5.62,5.51,5.51
2011-06-23,1,5.57,5.61,5.49,5.57
2011-06-24,1,5.61,5.72,5.57,5.59
2011-06-27,1,5.54,5.64,5.51,5.56
2011-06-28,1,5.57,5.61,5.52,5.52
2011-06-29,1,5.56,5.66,5.54,5.59
2011-06-30,1,5.61,5.67,5.59,5.66
2011-07-01,1,5.69,5.74,5.62,5.71
2011-07-04,0,5.77,5.79,5.67,5.67
2011-07-05,1,5.64,5.69,5.61,5.62
2011-07-06,1,5.67,5.67,5.57,5.61
2011-07-07,1,5.64,5.69,5.61,5.66
2011-07-08,0,5.69,5.76,5.67,5.71
2011-07-11,0,5.72,5.81,5.71,5.77
2011-07-12,1,5.67,5.72,5.61,5.62
2011-07-13,0,5.62,5.72,5.61,5.67
2011-07-14,0,5.71,5.74,5.59,5.64
2011-07-15,0,5.66,5.74,5.66,5.69
2011-07-18,0,5.69,5.79,5.66,5.74
2011-07-19,0,5.76,5.76,5.67,5.69
2011-07-20,0,5.74,5.81,5.71,5.76
2011-07-21,0,5.76,5.81,5.72,5.76
2011-07-22,0,5.79,5.81,5.74,5.81
2011-07-25,0,5.79,5.84,5.67,5.72
2011-07-26,0,5.72,5.74,5.69,5.72
2011-07-27,1,5.71,5.81,5.71,5.72
2011-07-28,0,5.69,5.79,5.67,5.69
2011-07-29,0,5.72,5.74,5.52,5.54
2011-08-01,0,5.6,5.69,5.58,5.69
2011-08-02,0,5.65,5.65,5.58,5.6
2011-08-03,0,5.51,5.54,5.4,5.54
2011-08-04,0,5.54,5.69,5.51,5.51
2011-08-05,0,5.13,5.2,5.13,5.13
2011-08-08,0,5.0,5.04,4.79,4.89
2011-08-09,0,4.57,4.84,4.57,4.79
2011-08-10,0,5.04,5.07,4.89,4.95
2011-08-11,0,4.82,5.06,4.75,4.91
2011-08-12,0,5.02,5.04,4.91,4.91
2011-08-15,0,5.02,5.06,4.97,5.06
2011-08-16,1,5.11,5.11,4.97,4.98
2011-08-17,1,5.02,5.06,4.89,5.04
2011-08-18,0,5.0,5.04,4.82,4.86
2011-08-19,0,4.68,4.73,4.64,4.68
2011-08-22,0,4.73,4.79,4.61,4.61
2011-08-23,0,4.68,4.73,4.64,4.71
2011-08-24,0,4.71,4.71,4.5,4.53
2011-08-25,0,4.62,4.62,4.44,4.46
2011-08-26,1,4.48,4.52,4.34,4.43
2011-08-29,1,4.46,4.52,4.43,4.48
2011-08-30,0,4.55,4.55,4.48,4.5
2011-08-31,0,4.5,4.71,4.5,4.71
2011-09-01,0,4.82,4.93,4.8,4.82
2011-09-02,0,4.91,4.93,4.79,4.86
2011-09-05,0,4.71,4.73,4.68,4.68
2011-09-06,1,4.55,4.62,4.48,4.48
2011-09-07,1,4.57,4.59,4.5,4.59
2011-09-08,0,4.64,4.71,4.59,4.64
2011-09-09,0,4.68,4.71,4.64,4.68
2011-09-13,0,4.57,4.59,4.43,4.44
2011-09-14,1,4.5,4.5,4.14,4.16
2011-09-15,0,4.26,4.26,4.19,4.26
2011-09-16,0,4.35,4.55,4.35,4.55
2011-09-19,0,4.53,4.53,4.37,4.39
2011-09-20,0,4.35,4.43,4.32,4.35
2011-09-21,1,4.35,4.48,4.35,4.37
2011-09-22,0,4.32,4.32,4.25,4.28
2011-09-23,1,4.12,4.21,4.01,4.14
2011-09-26,1,4.12,4.19,4.01,4.01
2011-09-27,1,4.26,4.28,4.17,4.23
2011-09-28,1,4.28,4.3,4.16,4.17
2011-09-29,1,4.14,4.26,4.1,4.23
2011-09-30,1,4.26,4.37,4.25,4.28
2011-10-03,1,4.17,4.19,4.08,4.08
2011-10-04,1,4.01,4.12,3.99,4.07
2011-10-05,0,4.1,4.12,4.03,4.03
2011-10-06,0,4.14,4.23,4.14,4.17
2011-10-07,1,4.25,4.3,4.23,4.25
2011-10-11,1,4.37,4.44,4.37,4.43
2011-10-12,1,4.32,4.39,4.32,4.35
2011-10-13,1,4.41,4.44,4.37,4.39
2011-10-14,1,4.35,4.37,4.3,4.32
2011-10-17,1,4.39,4.41,4.35,4.39
2011-10-18,1,4.34,4.35,4.26,4.32
2011-10-19,1,4.35,4.37,4.26,4.3
2011-10-20,1,4.3,4.32,4.19,4.19
2011-10-21,1,4.21,4.26,4.19,4.26
2011-10-24,1,4.35,4.46,4.34,4.43
2011-10-25,1,4.48,4.52,4.44,4.48
2011-10-26,0,4.44,4.53,4.43,4.53
2011-10-27,0,4.55,4.68,4.52,4.57
2011-10-28,0,4.79,4.79,4.62,4.64
2011-10-31,0,4.68,4.73,4.61,4.64
2011-11-01,1,4.59,4.66,4.53,4.62
2011-11-02,0,4.5,4.57,4.46,4.57
2011-11-03,0,4.59,4.59,4.46,4.46
2011-11-04,0,4.55,4.62,4.55,4.57
2011-11-07,0,4.57,4.61,4.53,4.59
2011-11-08,0,4.64,4.7,4.59,4.59
2011-11-09,0,4.68,4.68,4.59,4.59
2011-11-10,1,4.53,4.55,4.35,4.41
2011-11-11,0,4.43,4.44,4.37,4.41
2011-11-14,0,4.48,4.52,4.44,4.46
2011-11-15,0,4.44,4.46,4.41,4.43
2011-11-16,0,4.46,4.48,4.28,4.3
2011-11-17,1,4.25,4.34,4.23,4.28
2011-11-18,0,4.19,4.26,4.17,4.17
2011-11-21,0,4.12,4.17,4.05,4.07
2011-11-22,1,4.1,4.14,3.99,3.99
2011-11-23,1,3.99,4.03,3.74,3.74
2011-11-24,0,3.74,3.94,3.74,3.92
2011-11-25,0,3.94,3.98,3.85,3.87
2011-11-28,0,3.94,3.96,3.9,3.9
2011-11-29,1,3.96,3.99,3.92,3.96
2011-11-30,0,3.99,3.99,3.89,3.92
2011-12-01,1,4.19,4.19,4.1,4.19
2011-12-02,1,4.14,4.14,4.05,4.07
2011-12-05,1,4.1,4.12,4.03,4.08
2011-12-06,0,4.1,4.1,3.92,3.94
2011-12-07,0,3.98,4.03,3.96,4.01
2011-12-08,0,3.99,4.01,3.89,3.94
2011-12-09,0,3.78,3.87,3.78,3.81
2011-12-12,0,3.89,3.9,3.83,3.83
2011-12-13,1,3.78,3.8,3.72,3.76
2011-12-14,1,3.74,3.81,3.74,3.81
2011-12-15,1,3.76,3.76,3.65,3.65
2011-12-16,1,3.67,3.71,3.62,3.65
2011-12-19,0,3.6,3.62,3.4,3.4
2011-12-20,0,3.42,3.45,3.35,3.35
2011-12-21,1,3.58,3.58,3.57,3.58
2011-12-22,1,3.62,3.69,3.58,3.69
2011-12-23,0,3.76,3.89,3.76,3.89
2011-12-26,1,3.89,3.89,3.78,3.83
2011-12-27,1,3.8,3.83,3.71,3.78
2011-12-28,0,3.78,3.81,3.76,3.8
2011-12-29,1,3.78,3.78,3.71,3.78
2011-12-30,1,3.81,3.85,3.78,3.78
2012-01-02,0,3.78,3.78,3.65,3.65
2012-01-03,1,3.69,3.78,3.69,3.74
2012-01-04,0,3.78,3.8,3.71,3.72
2012-01-05,1,3.71,3.74,3.71,3.74
2012-01-06,0,3.74,3.74,3.67,3.69
2012-01-09,1,3.67,3.67,3.59,3.63
2012-01-10,1,3.67,3.69,3.65,3.67
2012-01-11,1,3.71,3.74,3.67,3.69
2012-01-12,0,3.71,3.74,3.69,3.69
2012-01-13,1,3.72,3.74,3.69,3.69
2012-01-16,1,3.74,3.76,3.63,3.63
2012-01-17,1,3.67,3.71,3.63,3.71
2012-01-18,1,3.71,3.71,3.63,3.65
2012-01-30,1,3.72,3.78,3.71,3.72
2012-01-31,1,3.78,3.96,3.76,3.96
2012-02-01,1,3.98,4.03,3.87,3.99
2012-02-02,0,4.07,4.12,4.03,4.12
2012-02-03,1,4.12,4.26,4.07,4.23
2012-02-04,0,4.3,4.52,4.3,4.43
2012-02-06,0,4.43,4.43,4.28,4.3
2012-02-07,0,4.34,4.41,4.26,4.35
2012-02-08,0,4.43,4.46,4.39,4.44
2012-02-09,1,4.43,4.46,4.37,4.43
2012-02-10,0,4.44,4.5,4.39,4.43
2012-02-13,0,4.46,4.52,4.44,4.52
2012-02-14,0,4.52,4.52,4.35,4.37
2012-02-15,1,4.41,4.44,4.35,4.43
2012-02-16,1,4.39,4.41,4.26,4.28
2012-02-17,0,4.34,4.37,4.28,4.3
2012-02-20,1,4.35,4.35,4.28,4.28
2012-02-21,1,4.28,4.3,4.16,4.21
2012-02-22,1,4.16,4.25,4.12,4.21
2012-02-23,1,4.17,4.25,4.17,4.23
2012-02-24,0,4.25,4.26,4.19,4.21
2012-02-29,0,4.25,4.34,4.23,4.32
2012-03-01,1,4.3,4.32,4.25,4.25
2012-03-02,0,4.3,4.32,4.26,4.32
2012-03-03,1,4.3,4.3,4.25,4.26
2012-03-05,1,4.26,4.26,4.17,4.19
2012-03-06,1,4.19,4.23,4.1,4.16
2012-03-07,1,4.14,4.25,4.12,4.25
2012-03-08,1,4.28,4.35,4.21,4.3
2012-03-09,0,4.3,4.32,4.25,4.3
2012-03-12,0,4.32,4.34,4.26,4.26
2012-03-13,0,4.3,4.41,4.3,4.32
2012-03-14,0,4.43,4.43,4.34,4.35
2012-03-15,0,4.41,4.55,4.41,4.46
2012-03-16,0,4.46,4.46,4.39,4.46
2012-03-19,1,4.5,4.52,4.39,4.41
2012-03-20,0,4.41,4.44,4.37,4.39
2012-03-21,0,4.37,4.41,4.35,4.37
2012-03-22,0,4.43,4.46,4.35,4.43
2012-03-23,0,4.44,4.44,4.39,4.43
2012-03-26,0,4.43,4.43,4.32,4.34
2012-03-27,0,4.37,4.37,4.32,4.35
2012-03-28,1,4.37,4.37,4.32,4.32
2012-03-29,1,4.26,4.28,4.14,4.19
2012-03-30,0,4.16,4.26,4.16,4.25
2012-04-02,0,4.25,4.25,4.21,4.23
2012-04-03,0,4.25,4.26,4.1,4.12
2012-04-05,0,3.99,4.05,3.96,3.99
2012-04-06,0,4.01,4.05,3.99,4.05
2012-04-09,1,3.98,3.99,3.9,3.98
2012-04-10,0,4.03,4.1,4.01,4.07
2012-04-11,1,4.01,4.07,3.99,4.03
2012-04-12,1,4.05,4.07,3.99,4.05
2012-04-13,1,4.1,4.14,4.07,4.1
2012-04-16,1,4.05,4.07,4.03,4.05
2012-04-17,1,4.07,4.08,3.96,3.98
2012-04-18,1,4.03,4.03,3.98,3.99
2012-04-19,0,3.98,4.03,3.96,4.01
2012-04-20,1,4.03,4.08,4.01,4.01
2012-04-23,1,4.03,4.07,4.01,4.07
2012-04-24,0,4.05,4.1,4.03,4.05
2012-04-25,1,4.07,4.1,4.05,4.07
2012-04-26,0,4.07,4.08,4.01,4.03
2012-04-27,0,4.03,4.07,3.96,4.01
2012-04-30,0,4.01,4.08,4.01,4.07
2012-05-02,0,4.05,4.17,4.05,4.17
2012-05-03,0,4.17,4.19,4.14,4.17
2012-05-04,0,4.14,4.25,4.14,4.19
2012-05-07,0,4.14,4.14,4.08,4.12
2012-05-08,0,4.14,4.16,4.1,4.12
2012-05-09,1,4.1,4.1,4.05,4.07
2012-05-10,1,4.05,4.08,4.03,4.07
2012-05-11,0,4.05,4.05,3.98,4.01
2012-05-14,0,4.03,4.03,3.98,3.99
2012-05-15,0,3.96,4.03,3.92,4.03
2012-05-16,1,4.03,4.03,3.9,3.94
2012-05-17,0,3.98,4.03,3.94,4.03
2012-05-18,1,3.94,3.96,3.92,3.94
2012-05-21,0,3.98,4.01,3.96,4.01
2012-05-22,0,4.03,4.05,3.98,4.01
2012-05-23,1,3.96,3.98,3.9,3.96
2012-05-24,1,3.96,3.98,3.87,3.9
2012-05-25,1,3.9,3.94,3.89,3.92
2012-05-28,0,3.94,3.96,3.9,3.94
2012-05-29,0,3.98,4.08,3.96,4.08
2012-05-30,0,4.08,4.08,4.01,4.08
2012-05-31,0,4.03,4.05,3.98,4.03
2012-06-01,1,3.99,3.99,3.94,3.94
2012-06-04,0,3.85,3.85,3.67,3.71
2012-06-05,1,3.76,3.85,3.76,3.83
2012-06-06,1,3.87,3.89,3.83,3.89
2012-06-07,1,3.96,3.96,3.92,3.96
2012-06-08,1,3.96,3.99,3.92,3.96
2012-06-11,0,4.03,4.05,3.99,4.05
2012-06-12,1,3.99,4.03,3.98,4.01
2012-06-13,0,4.05,4.05,3.99,4.03
2012-06-14,1,4.05,4.05,4.01,4.03
2012-06-15,0,4.03,4.1,4.03,4.1
2012-06-18,0,4.14,4.17,4.12,4.14
2012-06-19,0,4.12,4.12,4.08,4.1
2012-06-20,1,4.1,4.14,4.08,4.14
2012-06-21,1,4.08,4.1,4.05,4.05
2012-06-22,1,4.01,4.05,3.98,4.03
2012-06-25,0,4.07,4.07,3.99,4.01
2012-06-26,1,3.99,4.03,3.99,4.01
2012-06-27,1,4.01,4.1,4.01,4.07
2012-06-28,1,4.1,4.12,4.03,4.03
2012-06-29,1,4.01,4.1,4.01,4.1
2012-07-02,0,4.14,4.19,4.14,4.17
2012-07-03,0,4.19,4.23,4.16,4.21
2012-07-04,0,4.25,4.28,4.23,4.23
2012-07-05,0,4.19,4.21,4.1,4.1
2012-07-06,1,4.1,4.14,4.05,4.07
2012-07-09,1,4.05,4.1,4.05,4.07
2012-07-10,1,4.08,4.12,4.05,4.08
2012-07-11,1,4.07,4.12,4.05,4.1
2012-07-12,0,4.14,4.14,4.07,4.08
2012-07-13,1,4.08,4.12,4.07,4.08
2012-07-16,1,4.12,4.12,4.08,4.12
2012-07-17,1,4.08,4.14,4.08,4.14
2012-07-18,1,4.14,4.16,4.1,4.1
2012-07-19,0,4.14,4.16,4.1,4.12
2012-07-20,1,4.14,4.19,4.12,4.19
2012-07-23,0,4.14,4.16,4.12,4.16
2012-07-24,0,4.12,4.17,4.12,4.16
2012-07-25,0,4.14,4.21,4.12,4.19
2012-07-26,1,4.21,4.28,4.19,4.26
2012-07-27,1,4.32,4.32,4.28,4.3
2012-07-30,1,4.34,4.39,4.32,4.37
2012-07-31,1,4.39,4.39,4.34,4.39
2012-08-01,1,4.39,4.41,4.35,4.37
2012-08-03,1,4.37,4.37,4.26,4.26
2012-08-06,1,4.4,4.44,4.36,4.42
2012-08-07,1,4.44,4.44,4.38,4.4
2012-08-08,0,4.46,4.52,4.44,4.5
2012-08-09,0,4.54,4.58,4.48,4.54
2012-08-10,0,4.58,4.58,4.5,4.52
2012-08-13,1,4.56,4.56,4.46,4.48
2012-08-14,1,4.48,4.52,4.46,4.48
2012-08-15,1,4.48,4.5,4.44,4.5
2012-08-16,0,4.54,4.56,4.5,4.54
2012-08-17,1,4.52,4.54,4.46,4.5
2012-08-20,1,4.5,4.5,4.46,4.48
2012-08-21,0,4.48,4.58,4.48,4.56
2012-08-22,0,4.58,4.58,4.5,4.56
2012-08-23,0,4.56,4.56,4.5,4.52
2012-08-24,1,4.5,4.52,4.48,4.48
2012-08-27,0,4.52,4.54,4.48,4.52
2012-08-28,1,4.54,4.54,4.46,4.46
2012-08-29,0,4.5,4.56,4.48,4.56
2012-08-30,0,4.56,4.56,4.48,4.5
2012-08-31,0,4.52,4.62,4.5,4.58
2012-09-03,0,4.58,4.62,4.58,4.58
2012-09-04,0,4.58,4.6,4.54,4.56
2012-09-05,1,4.56,4.56,4.5,4.5
2012-09-06,1,4.5,4.54,4.5,4.5
2012-09-07,0,4.56,4.58,4.52,4.54
2012-09-10,1,4.54,4.56,4.52,4.52
2012-09-11,1,4.54,4.56,4.5,4.54
2012-09-12,1,4.54,4.58,4.54,4.54
2012-09-13,0,4.56,4.56,4.52,4.52
2012-09-14,0,4.56,4.66,4.56,4.62
2012-09-17,0,4.64,4.7,4.6,4.6
2012-09-18,1,4.6,4.6,4.54,4.56
2012-09-19,0,4.56,4.6,4.54,4.58
2012-09-20,0,4.58,4.62,4.54,4.56
2012-09-21,0,4.56,4.6,4.54,4.6
2012-09-24,0,4.6,4.6,4.56,4.6
2012-09-25,1,4.6,4.6,4.56,4.58
2012-09-26,0,4.56,4.56,4.5,4.56
2012-09-27,0,4.54,4.54,4.5,4.52
2012-09-28,0,4.54,4.56,4.5,4.52
2012-10-01,0,4.52,4.52,4.46,4.48
2012-10-02,1,4.5,4.52,4.44,4.46
2012-10-03,0,4.48,4.5,4.44,4.44
2012-10-04,1,4.46,4.48,4.42,4.44
2012-10-05,0,4.46,4.5,4.42,4.44
2012-10-08,0,4.46,4.46,4.4,4.42
2012-10-09,0,4.44,4.46,4.42,4.44
2012-10-11,0,4.4,4.4,4.28,4.3
2012-10-12,0,4.32,4.36,4.3,4.34
2012-10-15,0,4.34,4.36,4.32,4.34
2012-10-16,0,4.34,4.4,4.34,4.4
2012-10-17,1,4.42,4.44,4.36,4.38
2012-10-18,0,4.4,4.42,4.36,4.36
2012-10-19,1,4.38,4.38,4.32,4.34
2012-10-22,0,4.3,4.36,4.28,4.34
2012-10-23,0,4.34,4.36,4.3,4.3
2012-10-24,1,4.28,4.32,4.26,4.28
2012-10-25,0,4.3,4.32,4.24,4.26
2012-10-26,1,4.28,4.28,4.16,4.16
2012-10-29,1,4.16,4.2,4.14,4.14
2012-10-30,0,4.16,4.2,4.14,4.18
2012-10-31,0,4.18,4.2,4.12,4.18
2012-11-01,1,4.14,4.18,4.1,4.18
2012-11-02,0,4.2,4.22,4.16,4.22
2012-11-05,1,4.22,4.22,4.16,4.18
2012-11-06,1,4.2,4.22,4.16,4.22
2012-11-07,1,4.26,4.34,4.24,4.32
2012-11-08,0,4.26,4.28,4.22,4.26
2012-11-09,1,4.22,4.28,4.2,4.26
2012-11-12,0,4.26,4.28,4.22,4.24
2012-11-13,0,4.24,4.24,4.16,4.18
2012-11-14,1,4.18,4.22,4.16,4.2
2012-11-15,0,4.16,4.2,4.14,4.18
2012-11-16,0,4.18,4.22,4.16,4.2
2012-11-19,1,4.22,4.24,4.18,4.2
2012-11-20,1,4.24,4.24,4.18,4.2
2012-11-21,1,4.2,4.22,4.14,4.14
2012-11-22,0,4.18,4.2,4.14,4.16
2012-11-23,1,4.2,4.3,4.18,4.28
2012-11-26,1,4.32,4.34,4.26,4.3
2012-11-27,1,4.32,4.32,4.26,4.3
2012-11-28,1,4.28,4.32,4.26,4.3
2012-11-29,1,4.32,4.34,4.3,4.32
2012-11-30,1,4.34,4.42,4.32,4.42
2012-12-03,1,4.44,4.44,4.38,4.42
2012-12-04,0,4.42,4.44,4.38,4.44
2012-12-05,1,4.44,4.5,4.4,4.48
2012-12-06,0,4.48,4.5,4.42,4.48
2012-12-07,1,4.5,4.52,4.46,4.5
2012-12-10,1,4.5,4.52,4.46,4.46
2012-12-11,1,4.46,4.48,4.44,4.48
2012-12-12,0,4.52,4.58,4.52,4.56
2012-12-13,1,4.58,4.6,4.54,4.6
2012-12-14,0,4.56,4.6,4.54,4.6
2012-12-17,1,4.6,4.64,4.56,4.64
2012-12-18,0,4.64,4.64,4.58,4.62
2012-12-19,0,4.62,4.64,4.58,4.6
2012-12-20,1,4.6,4.62,4.54,4.54
2012-12-21,1,4.56,4.56,4.48,4.52
2012-12-22,1,4.52,4.54,4.52,4.52
2012-12-24,1,4.56,4.56,4.5,4.54
2012-12-25,0,4.52,4.6,4.52,4.58
2012-12-26,1,4.58,4.6,4.56,4.56
2012-12-27,1,4.56,4.58,4.54,4.56
2012-12-28,1,4.58,4.64,4.58,4.62
2013-01-02,1,4.64,4.66,4.62,4.64
2013-01-03,0,4.68,4.68,4.62,4.66
2013-01-04,0,4.66,4.66,4.6,4.62
2013-01-07,0,4.62,4.64,4.6,4.64
2013-01-08,0,4.66,4.68,4.62,4.62
2013-01-09,1,4.6,4.66,4.6,4.64
2013-01-10,0,4.66,4.76,4.64,4.74
2013-01-11,0,4.78,4.8,4.72,4.74
2013-01-14,0,4.72,4.76,4.68,4.76
2013-01-15,1,4.74,4.76,4.64,4.66
2013-01-16,1,4.64,4.68,4.62,4.62
2013-01-17,1,4.64,4.66,4.56,4.56
2013-01-18,1,4.62,4.64,4.6,4.64
2013-01-21,1,4.64,4.66,4.6,4.64
2013-01-22,1,4.64,4.68,4.62,4.66
2013-01-23,1,4.68,4.68,4.64,4.64
2013-01-24,1,4.62,4.64,4.6,4.62
2013-01-25,0,4.64,4.64,4.58,4.6
2013-01-28,1,4.62,4.66,4.6,4.62
2013-01-29,1,4.64,4.64,4.6,4.64
2013-01-30,0,4.66,4.68,4.62,4.64
2013-01-31,0,4.64,4.68,4.62,4.68
2013-02-01,1,4.68,4.7,4.66,4.66
2013-02-04,1,4.72,4.8,4.72,4.78
2013-02-05,1,4.78,4.84,4.74,4.78
2013-02-06,1,4.84,4.88,4.8,4.8
2013-02-18,1,4.96,4.96,4.84,4.88
2013-02-19,0,4.92,4.92,4.86,4.9
2013-02-20,0,5.21,5.23,5.02,5.07
2013-02-21,1,5.02,5.02,4.88,4.88
2013-02-22,0,4.88,4.96,4.86,4.92
2013-02-23,0,4.94,4.96,4.9,4.94
2013-02-25,0,4.94,4.94,4.86,4.86
2013-02-26,0,4.8,4.84,4.78,4.78
2013-02-27,1,4.78,4.84,4.78,4.84
2013-03-01,1,4.88,4.9,4.82,4.84
2013-03-04,1,4.86,4.86,4.74,4.78
2013-03-05,1,4.8,4.86,4.78,4.86
2013-03-06,1,4.9,4.92,4.82,4.84
2013-03-07,1,4.84,4.92,4.84,4.9
2013-03-08,0,4.94,5.04,4.94,4.96
2013-03-11,0,4.98,5.04,4.98,5.02
2013-03-12,1,5.04,5.04,4.9,4.92
2013-03-13,0,4.96,5.0,4.92,4.98
2013-03-14,0,4.98,5.0,4.92,4.94
2013-03-15,1,4.98,5.0,4.88,4.88
2013-03-18,0,4.86,4.9,4.86,4.9
2013-03-19,1,4.92,4.92,4.88,4.9
2013-03-20,0,4.92,5.0,4.9,4.96
2013-03-21,1,4.96,4.98,4.9,4.9
2013-03-22,1,4.92,4.94,4.9,4.9
2013-03-25,1,4.94,4.96,4.92,4.96
2013-03-26,1,4.94,4.96,4.92,4.94
2013-03-27,0,4.96,4.98,4.94,4.98
2013-03-28,1,4.98,4.98,4.94,4.98
2013-03-29,0,5.0,5.0,4.96,5.0
2013-04-01,1,5.0,5.02,4.98,5.0
2013-04-02,1,4.96,5.0,4.94,4.96
2013-04-03,1,5.0,5.02,4.96,5.0
2013-04-08,1,4.94,4.96,4.86,4.88
2013-04-09,1,4.92,4.96,4.88,4.92
2013-04-10,0,4.98,5.07,4.98,5.04
2013-04-11,0,5.09,5.11,5.06,5.09
2013-04-12,0,5.09,5.09,5.04,5.06
2013-04-15,1,5.06,5.07,4.96,5.0
2013-04-16,1,4.94,5.06,4.94,5.04
2013-04-17,1,5.02,5.02,4.96,5.0
2013-04-18,1,4.96,5.0,4.96,4.98
2013-04-19,1,4.98,5.02,4.96,5.0
2013-04-22,1,5.02,5.04,5.0,5.02
2013-04-23,1,5.02,5.04,4.98,5.02
2013-04-24,1,5.04,5.07,5.02,5.07
2013-04-25,1,5.06,5.09,5.04,5.09
2013-04-26,1,5.09,5.11,5.06,5.06
2013-04-29,1,5.07,5.09,5.06,5.06
2013-04-30,1,5.09,5.11,5.07,5.11
2013-05-02,1,5.11,5.17,5.09,5.13
2013-05-03,1,5.17,5.17,5.13,5.15
2013-05-06,1,5.19,5.21,5.15,5.15
2013-05-07,1,5.15,5.17,5.13,5.13
2013-05-08,1,5.19,5.29,5.19,5.23
2013-05-09,0,5.27,5.31,5.23,5.29
2013-05-10,1,5.29,5.37,5.29,5.37
2013-05-13,0,5.39,5.43,5.37,5.41
2013-05-14,1,5.43,5.45,5.39,5.43
2013-05-15,0,5.43,5.45,5.37,5.43
2013-05-16,0,5.45,5.47,5.39,5.41
2013-05-17,1,5.41,5.43,5.33,5.35
2013-05-20,1,5.35,5.43,5.35,5.43
2013-05-21,0,5.43,5.45,5.39,5.39
2013-05-22,0,5.41,5.43,5.39,5.41
2013-05-23,0,5.39,5.41,5.27,5.29
2013-05-24,1,5.29,5.29,5.15,5.23
2013-05-27,0,5.25,5.29,5.23,5.29
2013-05-28,1,5.29,5.29,5.25,5.29
2013-05-29,0,5.29,5.33,5.27,5.29
2013-05-30,0,5.27,5.27,5.17,5.21
2013-05-31,1,5.25,5.27,5.13,5.15
2013-06-03,1,5.11,5.21,5.11,5.19
2013-06-04,0,5.19,5.21,5.15,5.21
2013-06-05,0,5.17,5.23,5.15,5.19
2013-06-06,1,5.13,5.17,5.13,5.15
2013-06-07,1,5.15,5.21,5.13,5.17
2013-06-10,0,5.25,5.33,5.25,5.31
2013-06-11,0,5.31,5.33,5.27,5.27
2013-06-13,0,5.23,5.25,5.19,5.19
2013-06-14,1,5.19,5.21,5.15,5.17
2013-06-17,1,5.19,5.25,5.19,5.23
2013-06-18,0,5.23,5.27,5.21,5.25
2013-06-19,0,5.25,5.27,5.21,5.25
2013-06-20,1,5.19,5.23,5.17,5.19
2013-06-21,1,5.15,5.15,5.07,5.11
2013-06-24,0,5.11,5.15,5.09,5.11
2013-06-25,0,5.11,5.13,5.04,5.04
2013-06-26,0,5.11,5.13,5.06,5.11
2013-06-27,1,5.15,5.19,5.13,5.19
2013-06-28,1,5.21,5.27,5.19,5.27
2013-07-01,1,5.31,5.35,5.27,5.33
2013-07-02,1,5.33,5.33,5.25,5.25
2013-07-03,1,5.25,5.29,5.19,5.21
2013-07-04,1,5.19,5.21,5.15,5.21
2013-07-05,1,5.23,5.27,5.19,5.19
2013-07-08,1,5.27,5.29,5.23,5.27
2013-07-09,0,5.27,5.33,5.25,5.31
2013-07-10,1,5.29,5.35,5.29,5.31
2013-07-11,1,5.35,5.39,5.33,5.37
2013-07-12,1,5.37,5.41,5.35,5.39
2013-07-15,0,5.37,5.43,5.37,5.43
2013-07-16,1,5.43,5.43,5.39,5.43
2013-07-17,1,5.43,5.47,5.39,5.45
2013-07-18,1,5.45,5.47,5.43,5.47
2013-07-19,1,5.47,5.51,5.43,5.45
2013-07-22,1,5.45,5.49,5.45,5.45
2013-07-23,0,5.47,5.51,5.43,5.51
2013-07-24,0,5.51,5.51,5.45,5.45
2013-07-25,1,5.45,5.49,5.43,5.47
2013-07-26,0,5.47,5.51,5.45,5.51
2013-07-29,1,5.51,5.53,5.45,5.45
2013-07-30,0,5.47,5.55,5.45,5.53
2013-07-31,0,5.53,5.57,5.51,5.57
2013-08-01,0,5.57,5.57,5.53,5.53
2013-08-02,0,5.55,5.59,5.53,5.57
2013-08-05,0,5.55,5.57,5.47,5.49
2013-08-06,1,5.49,5.51,5.41,5.41
2013-08-07,1,5.39,5.39,5.29,5.31
2013-08-08,0,5.33,5.37,5.33,5.35
2013-08-09,1,5.35,5.39,5.33,5.37
2013-08-12,1,5.49,5.58,5.49,5.58
2013-08-13,1,5.6,5.64,5.55,5.58
2013-08-14,1,5.58,5.58,5.53,5.55
2013-08-15,1,5.53,5.55,5.51,5.51
2013-08-16,1,5.49,5.55,5.47,5.53
2013-08-19,1,5.55,5.66,5.53,5.64
2013-08-20,0,5.64,5.69,5.58,5.58
2013-08-22,1,5.55,5.64,5.55,5.62
2013-08-23,1,5.64,5.66,5.6,5.6
2013-08-26,1,5.62,5.66,5.62,5.62
2013-08-27,1,5.62,5.64,5.58,5.6
2013-08-28,1,5.58,5.64,5.58,5.6
2013-08-29,1,5.62,5.64,5.6,5.64
2013-08-30,1,5.66,5.71,5.62,5.71
2013-09-02,1,5.71,5.73,5.69,5.73
2013-09-03,1,5.78,5.8,5.75,5.8
2013-09-04,1,5.8,5.84,5.75,5.82
2013-09-05,1,5.84,5.84,5.8,5.84
2013-09-06,0,5.84,5.86,5.82,5.86
2013-09-09,1,5.86,5.93,5.82,5.93
2013-09-10,1,5.93,5.97,5.89,5.95
2013-09-11,0,5.93,6.02,5.91,6.02
2013-09-12,0,6.04,6.17,6.04,6.17
2013-09-13,0,6.17,6.17,6.02,6.04
2013-09-14,1,6.04,6.04,6.0,6.02
2013-09-16,1,6.02,6.06,6.02,6.06
2013-09-17,0,6.04,6.13,6.0,6.13
2013-09-18,1,6.11,6.2,6.11,6.11
2013-09-23,0,6.13,6.2,6.11,6.17
2013-09-24,0,6.17,6.17,6.06,6.13
2013-09-25,1,6.11,6.11,6.06,6.11
2013-09-26,1,6.11,6.11,6.02,6.02
2013-09-27,0,6.02,6.08,6.02,6.08
2013-09-30,1,6.04,6.11,6.04,6.04
2013-10-01,1,6.06,6.11,6.06,6.08
2013-10-02,1,6.11,6.11,6.06,6.06
2013-10-03,1,6.11,6.2,6.11,6.2
2013-10-04,1,6.2,6.2,6.15,6.2
2013-10-07,1,6.2,6.35,6.2,6.33
2013-10-08,1,6.33,6.46,6.31,6.44
2013-10-09,1,6.42,6.48,6.39,6.44
2013-10-11,0,6.53,6.64,6.51,6.57
2013-10-14,0,6.57,6.57,6.46,6.51
2013-10-15,0,6.51,6.55,6.48,6.53
2013-10-16,0,6.53,6.53,6.46,6.48
2013-10-17,0,6.53,6.55,6.48,6.48
2013-10-18,0,6.48,6.51,6.46,6.51
2013-10-21,0,6.48,6.55,6.48,6.53
2013-10-22,1,6.53,6.55,6.48,6.51
2013-10-23,0,6.53,6.55,6.48,6.48
2013-10-24,0,6.51,6.55,6.46,6.55
2013-10-25,0,6.53,6.53,6.42,6.42
2013-10-28,0,6.42,6.51,6.42,6.51
2013-10-29,0,6.51,6.53,6.48,6.53
2013-10-30,0,6.53,6.53,6.48,6.53
2013-10-31,1,6.48,6.57,6.48,6.57
2013-11-01,0,6.57,6.59,6.48,6.51
2013-11-04,0,6.48,6.48,6.39,6.42
2013-11-05,1,6.46,6.46,6.37,6.37
2013-11-06,1,6.39,6.42,6.35,6.35
2013-11-07,1,6.35,6.37,6.22,6.28
2013-11-08,1,6.26,6.31,6.24,6.31
2013-11-11,0,6.33,6.44,6.33,6.44
2013-11-12,1,6.46,6.46,6.39,6.39
2013-11-13,1,6.37,6.39,6.33,6.39
2013-11-14,1,6.37,6.42,6.31,6.33
2013-11-15,1,6.37,6.42,6.35,6.39
2013-11-18,1,6.44,6.46,6.42,6.46
2013-11-19,0,6.46,6.55,6.46,6.55
2013-11-20,0,6.55,6.64,6.55,6.59
2013-11-21,1,6.59,6.59,6.51,6.55
2013-11-22,1,6.57,6.57,6.51,6.57
2013-11-25,0,6.59,6.64,6.37,6.44
2013-11-26,0,6.42,6.46,6.39,6.39
2013-11-27,0,6.39,6.46,6.39,6.44
2013-11-28,1,6.46,6.51,6.44,6.51
2013-11-29,0,6.51,6.51,6.44,6.46
2013-12-02,0,6.44,6.46,6.42,6.46
2013-12-03,0,6.42,6.46,6.42,6.42
2013-12-04,0,6.39,6.46,6.39,6.46
2013-12-05,1,6.46,6.46,6.39,6.42
2013-12-06,1,6.42,6.44,6.39,6.39
2013-12-09,1,6.44,6.46,6.42,6.46
2013-12-10,0,6.46,6.46,6.42,6.46
2013-12-11,0,6.48,6.51,6.44,6.48
2013-12-12,0,6.46,6.46,6.42,6.42
2013-12-13,0,6.39,6.44,6.37,6.39
2013-12-16,1,6.39,6.42,6.37,6.37
2013-12-17,0,6.39,6.42,6.37,6.37
2013-12-18,1,6.37,6.39,6.35,6.35
2013-12-19,0,6.37,6.42,6.35,6.39
2013-12-20,1,6.37,6.39,6.33,6.33
2013-12-23,1,6.33,6.39,6.33,6.37
2013-12-24,1,6.37,6.39,6.35,6.35
2013-12-25,1,6.35,6.39,6.35,6.35
2013-12-26,1,6.37,6.42,6.35,6.39
2013-12-27,0,6.39,6.46,6.39,6.44
2013-12-30,0,6.44,6.48,6.44,6.48
2013-12-31,1,6.48,6.51,6.44,6.48
2014-01-02,1,6.48,6.51,6.46,6.51
2014-01-03,1,6.48,6.48,6.42,6.42
2014-01-06,0,6.42,6.44,6.37,6.37
2014-01-07,0,6.37,6.42,6.35,6.37
2014-01-08,1,6.39,6.44,6.39,6.39
2014-01-09,0,6.42,6.46,6.39,6.44
2014-01-10,1,6.46,6.48,6.42,6.48
2014-01-13,0,6.51,6.53,6.44,6.46
2014-01-14,1,6.46,6.48,6.44,6.44
2014-01-15,1,6.44,6.48,6.44,6.44
2014-01-16,0,6.46,6.48,6.42,6.42
2014-01-17,0,6.42,6.46,6.42,6.46
2014-01-20,1,6.46,6.46,6.42,6.46
2014-01-21,1,6.44,6.46,6.42,6.42
2014-01-22,0,6.42,6.46,6.42,6.46
2014-01-23,1,6.46,6.46,6.42,6.42
2014-01-24,0,6.42,6.46,6.37,6.46
2014-01-27,0,6.39,6.42,6.33,6.35
2014-02-05,1,6.26,6.33,6.15,6.22
2014-02-06,1,6.22,6.26,6.2,6.22
2014-02-07,1,6.24,6.31,6.24,6.28
2014-02-10,1,6.28,6.33,6.22,6.26
2014-02-11,0,6.31,6.37,6.31,6.35
2014-02-12,0,6.39,6.42,6.37,6.37
2014-02-13,0,6.37,6.39,6.35,6.35
2014-02-14,0,6.37,6.42,6.37,6.39
2014-02-17,0,6.42,6.44,6.37,6.42
2014-02-18,1,6.42,6.46,6.39,6.46
2014-02-19,0,6.39,6.42,6.35,6.42
2014-02-20,0,6.37,6.42,6.37,6.42
2014-02-21,0,6.42,6.46,6.39,6.44
2014-02-24,1,6.39,6.42,6.31,6.33
2014-02-25,0,6.33,6.35,6.28,6.31
2014-02-26,0,6.28,6.35,6.26,6.28
2014-02-27,0,6.28,6.31,6.26,6.31
2014-03-03,1,6.28,6.31,6.22,6.24
2014-03-04,0,6.22,6.24,6.17,6.17
2014-03-05,1,6.2,6.24,6.2,6.22
2014-03-06,0,6.22,6.26,6.22,6.26
2014-03-07,0,6.26,6.28,6.22,6.26
2014-03-10,0,6.28,6.28,6.2,6.24
2014-03-11,0,6.26,6.26,6.2,6.2
2014-03-12,0,6.2,6.22,6.13,6.2
2014-03-13,0,6.17,6.22,6.15,6.15
2014-03-14,0,6.13,6.15,6.08,6.11
2014-03-17,0,6.11,6.13,6.11,6.13
2014-03-18,0,6.13,6.2,6.13,6.15
2014-03-19,0,6.2,6.2,6.13,6.15
2014-03-20,1,6.13,6.13,6.06,6.06
2014-03-21,1,6.06,6.08,6.04,6.04
2014-03-24,1,6.02,6.04,5.95,6.04
2014-03-25,1,6.02,6.08,6.0,6.02
2014-03-26,1,6.04,6.06,6.04,6.04
2014-03-27,0,6.06,6.13,6.04,6.06
2014-03-28,1,6.08,6.11,6.06,6.11
2014-03-31,0,6.11,6.11,6.06,6.11
2014-04-01,0,6.06,6.13,6.06,6.11
2014-04-02,1,6.11,6.13,6.08,6.08
2014-04-03,0,6.08,6.11,6.06,6.11
2014-04-07,0,6.06,6.08,6.04,6.08
2014-04-08,0,6.08,6.2,6.06,6.2
2014-04-09,0,6.2,6.22,6.15,6.2
2014-04-10,0,6.22,6.26,6.2,6.26
2014-04-11,0,6.22,6.24,6.2,6.24
2014-04-14,1,6.24,6.26,6.22,6.22
2014-04-15,1,6.24,6.26,6.17,6.17
2014-04-16,1,6.17,6.2,6.15,6.15
2014-04-17,0,6.13,6.15,6.11,6.13
2014-04-18,1,6.13,6.15,6.11,6.15
2014-04-21,1,6.15,6.15,6.11,6.11
2014-04-22,1,6.11,6.13,6.08,6.11
2014-04-23,0,6.11,6.15,6.06,6.08
2014-04-24,1,6.06,6.08,6.04,6.04
2014-04-25,1,6.06,6.17,6.04,6.08
2014-04-28,1,6.08,6.15,6.06,6.13
2014-04-29,1,6.15,6.17,6.13,6.15
2014-04-30,1,6.15,6.17,6.06,6.06
2014-05-02,1,6.06,6.15,6.06,6.13
2014-05-05,1,6.17,6.17,6.13,6.15
2014-05-06,1,6.17,6.24,6.15,6.24
2014-05-07,1,6.2,6.24,6.17,6.24
2014-05-08,1,6.24,6.26,6.2,6.26
2014-05-09,0,6.26,6.26,6.22,6.22
2014-05-12,1,6.24,6.26,6.22,6.24
2014-05-13,0,6.26,6.28,6.24,6.28
2014-05-14,1,6.24,6.28,6.22,6.26
2014-05-15,0,6.28,6.37,6.26,6.37
2014-05-16,1,6.35,6.39,6.33,6.39
2014-05-19,1,6.39,6.39,6.35,6.39
2014-05-20,1,6.42,6.42,6.35,6.35
2014-05-21,1,6.35,6.35,6.31,6.33
2014-05-22,1,6.33,6.37,6.33,6.35
2014-05-23,1,6.33,6.39,6.33,6.39
2014-05-26,1,6.39,6.39,6.37,6.39
2014-05-27,1,6.39,6.42,6.37,6.42
2014-05-28,0,6.42,6.48,6.39,6.48
2014-05-29,1,6.48,6.51,6.46,6.51
2014-05-30,0,6.51,6.59,6.46,6.59
2014-06-03,1,6.57,6.57,6.51,6.57
2014-06-04,0,6.53,6.55,6.51,6.51
2014-06-05,1,6.51,6.55,6.46,6.55
2014-06-06,0,6.55,6.57,6.51,6.53
2014-06-09,1,6.55,6.57,6.53,6.57
2014-06-10,1,6.59,6.62,6.57,6.62
2014-06-11,1,6.64,6.68,6.62,6.68
2014-06-12,1,6.68,6.7,6.64,6.68
2014-06-13,0,6.64,6.75,6.64,6.75
2014-06-16,0,6.75,6.82,6.73,6.77
2014-06-17,1,6.77,6.86,6.77,6.86
2014-06-18,0,6.86,6.88,6.75,6.84
2014-06-19,1,6.84,6.86,6.82,6.82
2014-06-20,1,6.84,6.84,6.79,6.82
2014-06-23,1,6.79,6.84,6.75,6.77
2014-06-24,0,6.77,6.79,6.73,6.75
2014-06-25,1,6.75,6.79,6.73,6.79
2014-06-26,1,6.79,6.82,6.77,6.82
2014-06-27,1,6.82,6.82,6.75,6.77
2014-06-30,1,6.77,6.79,6.75,6.77
2014-07-01,1,6.75,6.82,6.75,6.82
2014-07-02,1,6.82,6.84,6.77,6.82
2014-07-03,1,6.79,6.82,6.77,6.77
2014-07-04,0,6.79,6.82,6.77,6.77
2014-07-07,0,6.77,6.82,6.77,6.79
2014-07-08,1,6.82,6.84,6.79,6.82
2014-07-09,1,6.82,6.99,6.82,6.95
2014-07-10,0,6.97,7.06,6.97,7.06
2014-07-11,0,7.04,7.04,6.88,6.9
2014-07-14,0,6.93,7.01,6.88,6.95
2014-07-15,0,7.01,7.08,6.99,7.06
2014-07-16,1,7.06,7.08,6.97,7.04
2014-07-17,1,7.01,7.04,6.97,7.04
2014-07-18,0,6.99,7.04,6.97,7.01
2014-07-21,0,7.04,7.08,7.04,7.08
2014-07-22,1,7.08,7.1,7.06,7.1
2014-07-24,1,7.1,7.12,7.08,7.1
2014-07-25,1,7.1,7.17,7.08,7.15
2014-07-28,0,7.12,7.26,7.1,7.24
2014-07-29,0,7.26,7.32,7.12,7.17
2014-07-30,0,7.19,7.26,7.17,7.24
2014-07-31,0,7.24,7.24,7.1,7.12
2014-08-01,1,7.04,7.08,6.97,7.08
2014-08-04,1,7.08,7.15,7.01,7.1
2014-08-05,1,7.1,7.1,6.97,6.97
2014-08-06,0,6.95,7.04,6.93,7.04
2014-08-07,1,7.06,7.08,7.01,7.06
2014-08-08,1,7.06,7.06,6.97,7.04
2014-08-11,0,7.06,7.12,7.06,7.08
2014-08-12,1,7.1,7.12,7.06,7.12
2014-08-13,1,7.12,7.17,7.1,7.17
2014-08-14,1,7.17,7.17,7.08,7.08
2014-08-15,0,7.06,7.08,7.04,7.06
2014-08-18,1,7.06,7.08,7.01,7.04
2014-08-19,1,7.12,7.4,7.12,7.35
2014-08-20,1,7.4,7.45,7.35,7.45
2014-08-21,0,7.45,7.47,7.4,7.42
2014-08-22,0,7.45,7.62,7.42,7.62
2014-08-25,1,7.67,7.7,7.52,7.55
2014-08-26,0,7.55,7.57,7.5,7.5
2014-08-27,1,7.55,7.62,7.55,7.57
2014-08-28,0,7.65,7.65,7.6,7.65
2014-08-29,1,7.67,7.67,7.6,7.6
2014-09-01,1,7.67,7.67,7.57,7.57
2014-09-02,0,7.62,7.65,7.52,7.57
2014-09-03,0,7.62,7.7,7.57,7.7
2014-09-04,1,7.7,7.75,7.65,7.72
2014-09-05,0,7.72,7.72,7.65,7.7
2014-09-09,0,7.7,7.7,7.6,7.65
2014-09-10,1,7.67,7.67,7.55,7.65
2014-09-11,0,7.67,7.67,7.57,7.57
2014-09-12,1,7.65,7.67,7.55,7.6
2014-09-15,0,7.55,7.6,7.52,7.55
2014-09-16,0,7.55,7.55,7.5,7.52
2014-09-17,0,7.52,7.6,7.47,7.47
2014-09-18,0,7.5,7.55,7.47,7.5
2014-09-19,0,7.55,7.57,7.47,7.47
2014-09-22,1,7.47,7.5,7.4,7.5
2014-09-23,0,7.5,7.5,7.45,7.5
2014-09-24,0,7.47,7.47,7.42,7.47
2014-09-25,1,7.45,7.47,7.35,7.37
2014-09-26,0,7.3,7.4,7.27,7.3
2014-09-29,0,7.3,7.32,7.22,7.25
2014-09-30,0,7.25,7.25,7.07,7.12
2014-10-01,0,7.12,7.22,7.07,7.2
2014-10-02,0,7.15,7.22,7.1,7.15
2014-10-03,0,7.2,7.3,7.17,7.3
2014-10-06,0,7.35,7.35,7.2,7.2
2014-10-07,0,7.2,7.25,7.12,7.2
2014-10-08,0,7.2,7.2,7.1,7.1
2014-10-09,0,7.15,7.2,7.15,7.2
2014-10-13,1,7.07,7.12,6.97,6.97
2014-10-14,1,6.95,7.05,6.9,7.0
2014-10-15,0,7.0,7.02,6.95,6.95
2014-10-16,1,6.9,7.0,6.85,6.95
2014-10-17,0,6.97,7.05,6.92,6.92
2014-10-20,1,7.02,7.1,7.0,7.1
2014-10-21,1,7.07,7.1,7.02,7.02
2014-10-22,1,7.12,7.12,7.05,7.1
2014-10-23,0,7.1,7.12,7.07,7.1
2014-10-24,1,7.1,7.12,7.02,7.1
2014-10-27,1,7.1,7.12,7.05,7.05
2014-10-28,0,7.12,7.25,7.12,7.22
2014-10-29,1,7.25,7.3,7.22,7.3
2014-10-30,0,7.3,7.3,7.17,7.17
2014-10-31,0,7.22,7.25,7.2,7.25
2014-11-03,0,7.27,7.32,7.25,7.3
2014-11-04,0,7.32,7.37,7.3,7.35
2014-11-05,1,7.35,7.37,7.25,7.3
2014-11-06,0,7.27,7.3,7.25,7.25
2014-11-07,0,7.22,7.25,7.2,7.22
2014-11-10,0,7.22,7.32,7.22,7.27
2014-11-11,0,7.27,7.27,7.2,7.22
2014-11-12,1,7.2,7.22,7.1,7.1
2014-11-13,0,7.1,7.17,7.1,7.12
2014-11-14,1,7.12,7.12,7.05,7.12
2014-11-17,0,7.15,7.17,7.05,7.1
2014-11-18,0,7.12,7.15,7.05,7.1
2014-11-19,0,7.1,7.17,7.1,7.15
2014-11-20,0,7.15,7.2,7.15,7.17
2014-11-21,1,7.17,7.22,7.15,7.22
2014-11-24,1,7.22,7.25,7.17,7.2
2014-11-25,1,7.2,7.2,7.12,7.12
2014-11-26,0,7.12,7.17,7.1,7.12
2014-11-27,0,7.12,7.17,7.12,7.17
2014-11-28,0,7.17,7.2,7.12,7.17
2014-12-01,0,7.05,7.15,7.0,7.1
2014-12-02,0,7.1,7.1,7.0,7.0
2014-12-03,0,7.05,7.15,7.0,7.15
2014-12-04,0,7.15,7.17,7.1,7.1
2014-12-05,0,7.1,7.15,7.1,7.15
2014-12-08,0,7.12,7.15,7.07,7.1
2014-12-09,0,6.62,6.8,6.62,6.77
2014-12-10,1,6.72,6.72,6.57,6.6
2014-12-11,0,6.5,6.55,6.45,6.47
2014-12-12,0,6.47,6.57,6.45,6.52
2014-12-15,0,6.5,6.5,6.4,6.42
2014-12-16,0,6.42,6.45,6.35,6.35
2014-12-17,1,6.35,6.37,6.07,6.17
2014-12-18,1,6.17,6.22,6.1,6.1
2014-12-19,0,6.15,6.35,6.12,6.35
2014-12-22,0,6.35,6.47,6.35,6.45
2014-12-23,0,6.47,6.5,6.42,6.5
2014-12-24,0,6.5,6.55,6.45,6.55
2014-12-25,1,6.55,6.57,6.47,6.52
2014-12-26,0,6.5,6.52,6.47,6.5
2014-12-27,0,6.5,6.52,6.47,6.5
2014-12-29,0,6.52,6.55,6.5,6.55
2014-12-30,0,6.55,6.57,6.5,6.52
2014-12-31,0,6.52,6.52,6.5,6.52
2015-01-05,0,6.5,6.52,6.42,6.42
2015-01-06,1,6.37,6.4,6.25,6.27
2015-01-07,0,6.27,6.35,6.25,6.3
2015-01-08,1,6.32,6.4,6.3,6.37
2015-01-09,1,6.42,6.45,6.37,6.42
2015-01-12,0,6.37,6.4,6.35,6.35
2015-01-13,0,6.32,6.45,6.32,6.42
2015-01-14,1,6.42,6.45,6.37,6.4
2015-01-15,1,6.42,6.45,6.4,6.42
2015-01-16,1,6.4,6.4,6.3,6.3
2015-01-19,1,6.35,6.4,6.32,6.35
2015-01-20,1,6.4,6.42,6.35,6.4
2015-01-21,1,6.45,6.45,6.37,6.42
2015-01-22,1,6.45,6.47,6.42,6.47
2015-01-23,0,6.52,6.55,6.45,6.45
2015-01-26,0,6.47,6.55,6.45,6.55
2015-01-27,0,6.6,6.6,6.55,6.6
2015-01-28,0,6.57,6.65,6.55,6.65
2015-01-29,0,6.62,6.65,6.55,6.55
2015-01-30,1,6.55,6.57,6.47,6.47
2015-02-02,0,6.45,6.6,6.45,6.6
2015-02-03,1,6.6,6.65,6.57,6.57
2015-02-04,0,6.62,6.65,6.6,6.62
2015-02-05,0,6.6,6.65,6.6,6.62
2015-02-06,0,6.65,6.65,6.6,6.6
2015-02-09,1,6.6,6.62,6.57,6.6
2015-02-10,0,6.6,6.67,6.6,6.65
2015-02-11,0,6.65,6.67,6.6,6.6
2015-02-12,0,6.65,6.65,6.6,6.65
2015-02-13,0,6.65,6.67,6.62,6.67
2015-02-24,1,6.7,6.75,6.67,6.7
2015-02-25,0,6.72,6.75,6.7,6.75
2015-02-26,0,6.75,6.75,6.7,6.72
2015-03-02,0,6.72,6.75,6.67,6.67
2015-03-03,0,6.67,6.7,6.65,6.67
2015-03-04,0,6.65,6.67,6.62,6.67
2015-03-05,0,6.65,6.67,6.57,6.57
2015-03-06,0,6.6,6.62,6.57,6.62
2015-03-09,1,6.62,6.62,6.55,6.57
2015-03-10,1,6.57,6.57,6.5,6.5
2015-03-11,1,6.47,6.6,6.47,6.5
2015-03-12,0,6.52,6.6,6.5,6.57
2015-03-13,1,6.57,6.6,6.52,6.52
2015-03-16,1,6.52,6.6,6.52,6.52
2015-03-17,1,6.6,6.62,6.57,6.57
2015-03-18,1,6.6,6.72,6.57,6.72
2015-03-19,0,6.75,6.75,6.7,6.72
2015-03-20,0,6.65,6.7,6.6,6.65
2015-03-23,1,6.65,6.67,6.57,6.65
2015-03-24,1,6.65,6.67,6.57,6.6
2015-03-25,1,6.57,6.6,6.52,6.52
2015-03-26,1,6.52,6.65,6.52,6.65
2015-03-27,1,6.6,6.65,6.55,6.55
2015-03-30,0,6.55,6.65,6.55,6.57
2015-03-31,0,6.6,6.7,6.6,6.65
2015-04-01,1,6.65,6.67,6.62,6.62
2015-04-02,1,6.62,6.67,6.6,6.67
2015-04-07,0,6.67,6.67,6.62,6.65
2015-04-08,1,6.65,6.7,6.62,6.67
2015-04-09,0,6.65,6.72,6.65,6.72
2015-04-10,1,6.72,6.75,6.7,6.75
2015-04-13,0,6.75,6.77,6.72,6.77
2015-04-14,1,6.75,6.8,6.72,6.75
2015-04-15,1,6.77,6.77,6.65,6.7
2015-04-16,1,6.72,6.77,6.7,6.77
2015-04-17,0,6.77,6.8,6.7,6.7
2015-04-20,1,6.67,6.72,6.65,6.65
2015-04-21,0,6.67,6.77,6.67,6.75
2015-04-22,1,6.75,6.77,6.7,6.72
2015-04-23,1,6.75,7.02,6.75,6.97
2015-04-24,0,6.97,7.02,6.9,6.97
2015-04-27,0,7.02,7.15,7.02,7.12
2015-04-28,1,7.07,7.15,7.05,7.12
2015-04-29,0,7.1,7.12,6.95,7.02
2015-04-30,0,7.02,7.07,7.0,7.02
2015-05-04,0,7.05,7.07,6.95,6.95
2015-05-05,0,6.95,7.0,6.95,7.0
2015-05-06,1,6.95,6.95,6.9,6.92
2015-05-07,0,6.9,6.9,6.77,6.77
2015-05-08,0,6.8,6.85,6.77,6.77
2015-05-11,0,6.85,6.9,6.8,6.8
2015-05-12,1,6.8,6.87,6.8,6.82
2015-05-13,1,6.8,6.82,6.77,6.77
2015-05-14,0,6.77,6.77,6.62,6.62
2015-05-15,0,6.65,6.7,6.62,6.65
2015-05-18,0,6.65,6.7,6.6,6.62
2015-05-19,0,6.62,6.75,6.62,6.72
2015-05-20,0,6.7,6.72,6.65,6.65
2015-05-21,0,6.65,6.65,6.55,6.62
2015-05-22,0,6.62,6.7,6.6,6.67
2015-05-25,1,6.7,6.7,6.65,6.7
2015-05-26,0,6.75,6.75,6.65,6.65
2015-05-27,0,6.65,6.7,6.65,6.65
2015-05-28,1,6.7,6.75,6.67,6.7
2015-05-29,0,6.7,6.72,6.65,6.65
2015-06-01,0,6.67,6.7,6.62,6.65
2015-06-02,0,6.65,6.7,6.62,6.67
2015-06-03,0,6.65,6.67,6.6,6.65
2015-06-04,0,6.62,6.67,6.47,6.55
2015-06-05,0,6.5,6.52,6.45,6.47
2015-06-08,0,6.47,6.5,6.4,6.45
2015-06-09,0,6.45,6.45,6.35,6.35
2015-06-10,0,6.35,6.45,6.32,6.4
2015-06-11,1,6.42,6.47,6.35,6.4
2015-06-12,0,6.42,6.47,6.4,6.42
2015-06-15,0,6.42,6.45,6.4,6.42
2015-06-16,0,6.4,6.42,6.35,6.35
2015-06-17,1,6.35,6.4,6.3,6.32
2015-06-18,1,6.32,6.37,6.3,6.3
2015-06-22,1,6.32,6.37,6.3,6.35
2015-06-23,0,6.4,6.52,6.37,6.52
2015-06-24,0,6.52,6.55,6.42,6.5
2015-06-25,1,6.5,6.52,6.42,6.42
2015-06-26,0,6.45,6.5,6.42,6.47
2015-06-29,0,6.42,6.45,6.37,6.37
2015-06-30,1,6.4,6.45,6.35,6.42
2015-07-01,0,6.45,6.52,6.42,6.45
2015-07-02,0,6.47,6.52,6.45,6.52
2015-07-03,0,6.47,6.52,6.4,6.52
2015-07-06,0,6.45,6.5,6.42,6.45
2015-07-07,0,6.45,6.5,6.45,6.5
2015-07-08,0,6.45,6.47,6.32,6.32
2015-07-09,1,6.3,6.35,6.25,6.3
2015-07-13,1,6.37,6.45,6.35,6.4
2015-07-14,0,6.42,6.5,6.42,6.45
2015-07-15,1,6.47,6.5,6.4,6.42
2015-07-16,1,6.45,6.5,6.45,6.47
2015-07-17,0,6.47,6.5,6.42,6.47
2015-07-20,0,6.5,6.5,6.42,6.42
2015-07-21,0,6.42,6.45,6.37,6.42
2015-07-22,0,6.4,6.42,6.37,6.37
2015-07-23,0,6.37,6.45,6.35,6.35
2015-07-24,0,6.35,6.4,6.35,6.37
2015-07-27,0,6.37,6.37,6.25,6.27
2015-07-28,0,6.25,6.27,6.2,6.2
2015-07-29,0,6.2,6.25,6.15,6.15
2015-07-30,0,6.17,6.3,6.17,6.3
2015-07-31,0,6.3,6.3,6.2,6.3
2015-08-03,1,6.27,6.27,6.17,6.22
2015-08-04,0,6.27,6.3,6.25,6.3
2015-08-05,0,6.3,6.37,6.27,6.37
2015-08-06,0,6.37,6.37,6.27,6.3
2015-08-07,0,6.25,6.27,6.22,6.22
2015-08-10,1,6.22,6.3,6.22,6.27
2015-08-11,1,6.3,6.35,6.27,6.3
2015-08-12,1,6.3,6.3,6.02,6.12
2015-08-13,0,6.2,6.2,6.07,6.07
2015-08-14,0,6.1,6.15,6.07,6.1
2015-08-17,1,6.12,6.15,6.07,6.1
2015-08-18,0,6.1,6.12,6.05,6.05
2015-08-19,0,6.0,6.02,5.79,5.82
2015-08-20,1,5.82,5.84,5.72,5.74
2015-08-21,1,5.67,5.69,5.57,5.57
2015-08-24,0,5.44,5.47,5.04,5.16
2015-08-25,1,5.04,5.47,5.04,5.44
2015-08-26,1,5.39,5.69,5.39,5.64
2015-08-27,1,5.69,5.77,5.67,5.77
2015-08-28,1,5.79,5.82,5.72,5.74
2015-08-31,0,5.74,5.74,5.67,5.74
2015-09-01,1,5.74,5.84,5.74,5.79
2015-09-02,0,5.74,5.87,5.69,5.82
2015-09-03,1,5.87,5.9,5.77,5.84
2015-09-04,1,5.79,5.84,5.74,5.74
2015-09-07,0,5.74,5.79,5.67,5.67
2015-09-08,1,5.67,5.74,5.64,5.67
2015-09-09,1,5.79,5.9,5.79,5.87
2015-09-10,0,5.82,5.95,5.79,5.95
2015-09-11,0,5.92,6.0,5.9,6.0
2015-09-14,1,6.0,6.02,5.95,5.97
2015-09-15,1,5.97,6.0,5.9,5.92
2015-09-16,0,6.0,6.05,5.92,6.02
2015-09-17,0,6.07,6.15,6.05,6.12
2015-09-18,0,6.12,6.2,6.07,6.15
2015-09-21,0,6.05,6.07,5.95,5.95
2015-09-22,1,6.02,6.02,5.95,6.0
2015-09-23,1,5.97,5.97,5.82,5.82
2015-09-24,1,5.84,5.9,5.77,5.79
2015-09-25,1,5.79,5.87,5.77,5.87
2015-09-30,1,5.74,5.87,5.72,5.87
2015-10-01,1,5.82,5.92,5.77,5.84
2015-10-02,1,5.92,6.0,5.9,5.97
2015-10-05,0,5.97,6.0,5.92,5.97
2015-10-06,1,6.0,6.05,5.95,5.97
2015-10-07,1,5.97,6.05,5.92,6.05
2015-10-08,0,6.1,6.17,6.07,6.1
2015-10-12,1,6.1,6.17,6.07,6.17
2015-10-13,0,6.17,6.25,6.15,6.25
2015-10-14,0,6.25,6.25,6.12,6.15
2015-10-15,1,6.25,6.35,6.22,6.32
2015-10-16,0,6.32,6.37,6.3,6.35
2015-10-19,1,6.37,6.42,6.37,6.42
2015-10-20,0,6.42,6.47,6.37,6.45
2015-10-21,1,6.5,6.5,6.35,6.37
2015-10-22,1,6.37,6.4,6.35,6.4
2015-10-23,1,6.45,6.5,6.4,6.45
2015-10-26,0,6.47,6.55,6.45,6.55
2015-10-27,1,6.53,6.55,6.42,6.5
2015-10-28,0,6.47,6.53,6.4,6.5
2015-10-29,0,6.53,6.53,6.37,6.42
2015-10-30,0,6.4,6.47,6.37,6.42
2015-11-02,1,6.37,6.45,6.35,6.45
2015-11-03,0,6.45,6.55,6.45,6.55
2015-11-04,1,6.58,6.6,6.5,6.58
2015-11-05,1,6.58,6.58,6.53,6.58
2015-11-06,0,6.55,6.58,6.4,6.42
2015-11-09,0,6.42,6.5,6.4,6.45
2015-11-10,0,6.4,6.4,6.32,6.32
2015-11-11,0,6.3,6.35,6.22,6.22
2015-11-12,0,6.22,6.3,6.22,6.3
2015-11-13,1,6.2,6.27,6.15,6.15
2015-11-16,1,6.1,6.15,6.07,6.1
2015-11-17,0,6.17,6.25,6.15,6.22
2015-11-18,1,6.25,6.25,6.07,6.1
2015-11-19,0,6.15,6.17,6.1,6.17
2015-11-20,1,6.17,6.17,6.12,6.15
2015-11-23,0,6.17,6.2,6.12,6.12
2015-11-24,0,6.1,6.12,6.05,6.07
2015-11-25,1,6.05,6.07,5.97,6.02
2015-11-26,1,6.07,6.12,6.05,6.07
2015-11-27,1,6.1,6.1,6.02,6.02
2015-11-30,1,5.95,5.95,5.84,5.84
2015-12-01,0,5.9,6.05,5.84,5.92
2015-12-02,1,5.92,6.02,5.9,5.95
2015-12-03,1,5.87,5.95,5.87,5.9
2015-12-04,0,5.84,5.87,5.79,5.79
2015-12-07,1,5.84,5.95,5.84,5.84
2015-12-08,1,5.84,5.87,5.74,5.77
2015-12-09,0,5.74,5.84,5.74,5.77
2015-12-10,1,5.74,5.84,5.67,5.82
2015-12-11,0,5.77,5.79,5.64,5.64
2015-12-14,1,5.62,5.62,5.54,5.57
2015-12-15,1,5.59,5.59,5.54,5.57
2015-12-16,0,5.59,5.69,5.59,5.67
2015-12-17,0,5.69,5.77,5.67,5.77
2015-12-18,1,5.69,5.69,5.64,5.69
2015-12-21,1,5.62,5.69,5.59,5.67
2015-12-22,0,5.72,5.74,5.64,5.74
2015-12-23,1,5.72,5.82,5.69,5.82
2015-12-24,0,5.87,5.9,5.82,5.9
2015-12-25,0,5.9,5.92,5.84,5.87
2015-12-28,0,5.9,5.9,5.84,5.87
2015-12-29,0,5.9,5.9,5.77,5.77
2015-12-30,0,5.84,5.84,5.72,5.72
2015-12-31,0,5.72,5.79,5.69,5.74
2016-01-04,0,5.74,5.77,5.62,5.62
2016-01-05,0,5.64,5.64,5.57,5.57
2016-01-06,1,5.54,5.62,5.52,5.62
2016-01-07,0,5.57,5.59,5.47,5.49
2016-01-08,0,5.44,5.52,5.42,5.44
2016-01-11,1,5.39,5.39,5.04,5.16
2016-01-12,1,5.19,5.24,5.14,5.14
2016-01-13,1,5.22,5.24,5.14,5.16
2016-01-14,1,5.04,5.14,5.04,5.09
2016-01-15,1,5.14,5.16,5.03,5.09
2016-01-18,1,5.06,5.27,4.99,5.24
2016-01-19,1,5.22,5.24,5.14,5.19
2016-01-20,1,5.16,5.19,5.09,5.09
2016-01-21,1,5.06,5.11,5.04,5.04
2016-01-22,1,5.09,5.11,5.06,5.09
2016-01-25,1,5.11,5.32,5.11,5.32
2016-01-26,1,5.24,5.24,5.14,5.24
2016-01-27,1,5.29,5.57,5.19,5.24
2016-01-28,0,5.22,5.32,5.22,5.27
2016-01-29,1,5.24,5.54,5.24,5.42
2016-01-30,1,5.49,5.52,5.44,5.49
2016-02-01,0,5.44,5.49,5.39,5.49
2016-02-02,0,5.52,5.52,5.39,5.42
2016-02-03,1,5.39,5.39,5.24,5.32
2016-02-15,1,5.27,5.32,5.22,5.24
2016-02-16,0,5.29,5.49,5.29,5.49
2016-02-17,1,5.52,5.54,5.42,5.47
2016-02-18,1,5.54,5.57,5.49,5.52
2016-02-19,1,5.47,5.49,5.39,5.42
2016-02-22,1,5.44,5.52,5.42,5.47
2016-02-23,1,5.49,5.52,5.44,5.52
2016-02-24,0,5.49,5.52,5.42,5.42
2016-02-25,0,5.47,5.49,5.42,5.47
2016-02-26,1,5.49,5.54,5.47,5.54
2016-03-01,0,5.54,5.54,5.49,5.52
2016-03-02,0,5.57,5.62,5.54,5.62
2016-03-03,0,5.62,5.69,5.59,5.67
2016-03-04,1,5.67,5.74,5.62,5.72
2016-03-07,0,5.74,5.87,5.72,5.82
2016-03-08,0,5.82,5.84,5.72,5.77
2016-03-09,0,5.74,5.84,5.72,5.79
2016-03-10,0,5.82,5.87,5.77,5.84
2016-03-11,0,5.79,5.84,5.77,5.84
2016-03-14,0,5.87,5.9,5.82,5.82
2016-03-15,1,5.82,5.84,5.67,5.69
2016-03-16,0,5.74,5.79,5.69,5.79
2016-03-17,1,5.84,5.87,5.77,5.79
2016-03-18,0,5.82,5.87,5.79,5.87
2016-03-21,0,5.87,5.9,5.77,5.84
2016-03-22,0,5.82,5.82,5.72,5.79
2016-03-23,0,5.77,5.82,5.74,5.79
2016-03-24,0,5.77,5.79,5.69,5.77
2016-03-25,0,5.79,5.79,5.74,5.77
2016-03-28,1,5.77,5.79,5.72,5.74
2016-03-29,1,5.77,5.77,5.57,5.64
2016-03-30,0,5.67,5.77,5.67,5.77
2016-03-31,1,5.77,5.82,5.64,5.72
2016-04-01,1,5.72,5.72,5.62,5.69
2016-04-06,0,5.62,5.64,5.57,5.59
2016-04-07,0,5.59,5.64,5.54,5.64
2016-04-08,1,5.64,5.67,5.59,5.67
2016-04-11,1,5.64,5.69,5.59,5.64
2016-04-12,1,5.67,5.74,5.67,5.74
2016-04-13,1,5.74,5.79,5.74,5.79
2016-04-14,0,5.82,5.84,5.79,5.79
2016-04-15,1,5.79,5.9,5.79,5.87
2016-04-18,1,5.84,5.92,5.79,5.92
2016-04-19,0,5.95,6.02,5.92,6.02
2016-04-20,0,5.97,6.0,5.9,5.95
2016-04-21,1,5.95,5.95,5.9,5.92
2016-04-22,0,5.9,6.02,5.9,6.0
2016-04-25,0,5.97,6.1,5.97,6.1
2016-04-26,1,6.1,6.15,6.05,6.15
2016-04-27,0,6.17,6.45,6.05,6.17
2016-04-28,0,6.12,6.15,5.9,5.97
2016-04-29,0,6.05,6.17,6.0,6.15
2016-05-03,0,6.15,6.15,6.05,6.05
2016-05-04,1,6.02,6.05,5.95,6.02
2016-05-05,1,6.0,6.02,5.92,5.95
2016-05-06,0,5.95,6.02,5.9,6.02
2016-05-09,0,6.05,6.05,5.95,5.95
2016-05-10,0,5.97,6.05,5.95,6.05
2016-05-11,1,6.05,6.1,5.97,5.97
2016-05-12,1,5.97,6.02,5.95,5.97
2016-05-13,1,5.95,5.95,5.82,5.82
2016-05-16,1,5.82,5.87,5.79,5.82
2016-05-17,1,5.87,5.9,5.79,5.87
2016-05-18,0,5.87,5.9,5.82,5.84
2016-05-19,1,5.9,5.9,5.79,5.9
2016-05-20,1,5.9,5.95,5.82,5.92
2016-05-23,1,5.9,6.07,5.84,6.05
2016-05-24,0,6.02,6.05,5.97,6.02
2016-05-25,1,6.05,6.05,6.0,6.05
2016-05-26,1,6.05,6.07,6.0,6.0
2016-05-27,1,6.05,6.1,6.0,6.1
2016-05-30,1,6.12,6.17,6.07,6.15
2016-05-31,0,6.15,6.22,6.1,6.2
2016-06-01,0,6.17,6.27,6.15,6.22
2016-06-02,0,6.22,6.27,6.2,6.2
2016-06-03,0,6.22,6.25,6.17,6.22
2016-06-04,0,6.22,6.22,6.15,6.2
2016-06-06,0,6.17,6.25,6.15,6.22
2016-06-07,0,6.22,6.27,6.2,6.27
2016-06-08,0,6.27,6.3,6.25,6.3
2016-06-13,1,6.25,6.27,6.12,6.15
2016-06-14,0,6.12,6.25,6.12,6.25
2016-06-15,0,6.25,6.25,6.17,6.22
2016-06-16,1,6.22,6.22,6.12,6.15
2016-06-17,1,6.17,6.22,6.17,6.22
2016-06-20,1,6.22,6.25,6.2,6.22
2016-06-21,0,6.22,6.27,6.2,6.27
2016-06-22,1,6.27,6.3,6.22,6.3
2016-06-23,1,6.3,6.3,6.22,6.27
2016-06-24,1,6.3,6.3,6.07,6.12
2016-06-27,1,6.07,6.15,6.0,6.15
2016-06-28,1,6.1,6.17,6.05,6.15
2016-06-29,0,6.17,6.22,6.15,6.22
2016-06-30,0,6.25,6.25,6.2,6.25
2016-07-01,1,6.27,6.3,6.22,6.27
2016-07-04,1,6.27,6.27,6.17,6.25
2016-07-05,1,6.25,6.27,6.2,6.27
2016-07-06,1,6.25,6.25,6.17,6.17
2016-07-07,1,6.2,6.22,6.17,6.17
2016-07-11,1,6.25,6.32,6.22,6.32
2016-07-12,0,6.32,6.35,6.3,6.32
2016-07-13,1,6.35,6.45,6.32,6.42
2016-07-14,1,6.42,6.45,6.37,6.45
2016-07-15,1,6.45,6.5,6.42,6.47
2016-07-18,0,6.5,6.53,6.45,6.5
2016-07-19,1,6.5,6.53,6.42,6.53
2016-07-20,1,6.5,6.5,6.42,6.5
2016-07-21,0,6.47,6.53,6.45,6.53
2016-07-22,1,6.5,6.53,6.45,6.5
2016-07-25,0,6.5,6.53,6.45,6.5
2016-07-26,1,6.5,6.5,6.45,6.5
2016-07-27,1,6.47,6.53,6.45,6.53
2016-07-28,0,6.5,6.53,6.47,6.53
2016-07-29,1,6.5,6.53,6.45,6.45
2016-08-01,0,6.47,6.53,6.47,6.53
2016-08-02,1,6.53,6.53,6.45,6.45
2016-08-03,1,6.42,6.45,6.4,6.42
2016-08-04,0,6.42,6.45,6.4,6.45
2016-08-05,1,6.45,6.5,6.42,6.5
2016-08-08,1,6.53,6.6,6.53,6.6
2016-08-09,1,6.6,6.65,6.58,6.65
2016-08-10,1,6.68,6.75,6.65,6.73
2016-08-11,0,6.73,6.75,6.68,6.73
2016-08-12,1,6.73,6.75,6.7,6.73
2016-08-15,0,6.73,6.75,6.68,6.73
2016-08-16,0,6.73,6.73,6.68,6.7
2016-08-17,1,6.7,6.7,6.63,6.68
2016-08-18,1,6.65,6.75,6.65,6.73
2016-08-19,0,6.75,6.78,6.7,6.73
2016-08-22,0,6.7,6.7,6.63,6.65
2016-08-23,0,6.65,6.65,6.6,6.63
2016-08-24,1,6.67,6.73,6.62,6.67
2016-08-25,0,6.7,6.73,6.67,6.7
2016-08-26,0,6.7,6.76,6.67,6.7
2016-08-29,0,6.7,6.73,6.67,6.7
2016-08-30,0,6.73,6.76,6.67,6.67
2016-08-31,1,6.7,6.73,6.65,6.73
2016-09-01,1,6.67,6.7,6.53,6.56
2016-09-02,0,6.56,6.62,6.53,6.59
2016-09-05,0,6.62,6.7,6.59,6.67
2016-09-06,0,6.7,6.73,6.67,6.73
2016-09-07,1,6.73,6.76,6.7,6.73
2016-09-08,0,6.73,6.76,6.7,6.73
2016-09-09,0,6.7,6.7,6.62,6.67
2016-09-10,0,6.59,6.62,6.56,6.59
2016-09-12,0,6.59,6.59,6.53,6.56
2016-09-13,0,6.59,6.62,6.53,6.56
2016-09-14,1,6.53,6.56,6.48,6.48
2016-09-19,0,6.51,6.65,6.51,6.65
2016-09-20,1,6.65,6.65,6.59,6.62
2016-09-21,0,6.62,6.65,6.59,6.62
2016-09-22,0,6.65,6.67,6.62,6.65
2016-09-23,0,6.65,6.67,6.62,6.67
2016-09-26,0,6.65,6.65,6.59,6.59
2016-09-29,0,6.65,6.67,6.62,6.65
2016-09-30,1,6.62,6.62,6.53,6.53
2016-10-03,0,6.56,6.59,6.53,6.53
2016-10-04,0,6.53,6.59,6.53,6.59
2016-10-05,0,6.53,6.59,6.53,6.59
2016-10-06,0,6.56,6.59,6.53,6.53
2016-10-07,1,6.56,6.56,6.53,6.56
2016-10-11,1,6.56,6.56,6.48,6.51
2016-10-12,1,6.45,6.51,6.45,6.51
2016-10-13,0,6.51,6.51,6.42,6.42
2016-10-14,0,6.42,6.45,6.37,6.37
2016-10-17,1,6.37,6.39,6.28,6.34
2016-10-18,1,6.34,6.39,6.31,6.37
2016-10-19,0,6.39,6.45,6.37,6.45
2016-10-20,0,6.45,6.45,6.39,6.42
2016-10-21,0,6.42,6.45,6.42,6.42
2016-10-24,0,6.45,6.45,6.39,6.39
2016-10-25,1,6.42,6.45,6.39,6.42
2016-10-26,1,6.45,6.45,6.42,6.42
2016-10-27,1,6.42,6.45,6.37,6.39
2016-10-28,0,6.39,6.42,6.37,6.39
2016-10-31,0,6.37,6.48,6.34,6.48
2016-11-01,0,6.45,6.48,6.42,6.45
2016-11-02,1,6.45,6.45,6.37,6.42
2016-11-03,1,6.39,6.45,6.37,6.37
2016-11-04,1,6.39,6.42,6.37,6.37
2016-11-07,1,6.39,6.45,6.39,6.39
2016-11-08,1,6.45,6.45,6.42,6.45
2016-11-09,0,6.48,6.51,6.31,6.31
2016-11-10,1,6.42,6.45,6.39,6.42
2016-11-11,1,6.39,6.42,6.34,6.34
2016-11-14,1,6.34,6.51,6.34,6.42
2016-11-15,0,6.48,6.53,6.42,6.42
2016-11-16,1,6.45,6.48,6.39,6.39
2016-11-17,1,6.39,6.45,6.39,6.42
2016-11-18,1,6.45,6.45,6.39,6.39
2016-11-21,1,6.39,6.45,6.39,6.39
2016-11-22,1,6.42,6.48,6.42,6.45
2016-11-23,0,6.45,6.48,6.45,6.45
2016-11-24,1,6.45,6.59,6.45,6.56
2016-11-25,0,6.56,6.59,6.53,6.53
2016-11-28,1,6.56,6.59,6.53,6.56
2016-11-29,0,6.56,6.59,6.53,6.56
2016-11-30,1,6.59,6.59,6.56,6.56
2016-12-01,0,6.59,6.65,6.56,6.59
2016-12-02,1,6.59,6.62,6.56,6.59
2016-12-05,0,6.59,6.62,6.53,6.53
2016-12-06,0,6.59,6.59,6.51,6.56
2016-12-07,1,6.59,6.59,6.56,6.56
2016-12-08,0,6.59,6.67,6.59,6.67
2016-12-09,1,6.67,6.7,6.65,6.67
2016-12-12,1,6.7,6.73,6.65,6.7
2016-12-13,0,6.67,6.73,6.67,6.73
2016-12-14,1,6.76,6.79,6.67,6.7
2016-12-15,0,6.73,6.76,6.7,6.73
2016-12-16,1,6.73,6.76,6.67,6.67
2016-12-19,1,6.65,6.67,6.59,6.62
2016-12-20,1,6.65,6.67,6.59,6.62
2016-12-21,1,6.65,6.67,6.62,6.62
2016-12-22,1,6.62,6.65,6.53,6.53
2016-12-23,1,6.53,6.62,6.53,6.56
2016-12-26,1,6.56,6.62,6.56,6.59
2016-12-27,0,6.62,6.62,6.53,6.56
2016-12-28,1,6.56,6.59,6.53,6.53
2016-12-29,1,6.53,6.59,6.53,6.53
2016-12-30,1,6.62,6.62,6.56,6.62
2017-01-03,0,6.62,6.62,6.56,6.62
2017-01-04,1,6.62,6.65,6.59,6.62
2017-01-05,1,6.62,6.67,6.59,6.67
2017-01-06,1,6.67,6.7,6.65,6.7
2017-01-09,1,6.67,6.7,6.65,6.65
2017-01-10,1,6.59,6.62,6.56,6.59
2017-01-11,0,6.59,6.67,6.59,6.67
2017-01-12,0,6.67,6.7,6.65,6.7
2017-01-13,0,6.7,6.7,6.65,6.7
2017-01-16,1,6.67,6.67,6.62,6.65
2017-01-17,1,6.65,6.67,6.62,6.65
2017-01-18,1,6.67,6.7,6.65,6.67
2017-01-19,1,6.67,6.67,6.59,6.62
2017-01-20,1,6.65,6.65,6.59,6.62
2017-01-23,1,6.65,6.7,6.62,6.67
2017-01-24,1,6.67,6.67,6.62,6.62
2017-02-02,0,6.65,6.67,6.59,6.62
2017-02-03,1,6.62,6.67,6.62,6.65
2017-02-06,1,6.67,6.7,6.65,6.67
2017-02-07,1,6.7,6.82,6.67,6.79
2017-02-08,1,6.82,6.82,6.73,6.76
2017-02-09,1,6.76,6.76,6.7,6.73
2017-02-10,1,6.73,6.84,6.73,6.82
2017-02-13,0,6.82,6.82,6.76,6.79
2017-02-14,0,6.79,6.82,6.76,6.79
2017-02-15,1,6.79,6.82,6.76,6.82
2017-02-16,1,6.82,6.9,6.82,6.9
2017-02-17,0,6.87,6.9,6.82,6.82
2017-02-18,0,6.82,6.84,6.82,6.82
2017-02-20,0,6.82,6.84,6.79,6.79
2017-02-21,0,6.79,6.84,6.79,6.84
2017-02-22,0,6.84,6.87,6.82,6.84
2017-02-23,0,6.84,6.87,6.79,6.82
2017-02-24,0,6.82,6.84,6.79,6.82
2017-03-01,1,6.79,6.82,6.73,6.73
2017-03-02,1,6.79,6.82,6.73,6.79
2017-03-03,1,6.76,6.79,6.76,6.76
2017-03-06,0,6.79,6.82,6.76,6.79
2017-03-07,1,6.79,6.82,6.76,6.79
2017-03-08,1,6.79,6.82,6.76,6.79
2017-03-09,1,6.79,6.79,6.73,6.76
2017-03-10,1,6.76,6.82,6.76,6.79
2017-03-13,1,6.82,6.87,6.79,6.82
2017-03-14,1,6.82,6.9,6.82,6.84
2017-03-15,1,6.84,6.87,6.82,6.84
2017-03-16,1,6.87,6.9,6.84,6.84
2017-03-17,1,6.84,6.9,6.84,6.9
2017-03-20,1,6.9,6.96,6.87,6.93
2017-03-21,0,6.93,6.96,6.93,6.96
2017-03-22,0,6.9,6.93,6.87,6.93
2017-03-23,1,6.96,6.96,6.9,6.93
2017-03-24,1,6.96,6.96,6.9,6.93
2017-03-27,1,6.93,6.93,6.87,6.9
2017-03-28,1,6.93,6.93,6.84,6.9
2017-03-29,0,6.9,6.96,6.9,6.96
2017-03-30,0,6.96,7.1,6.93,7.07
2017-03-31,1,7.07,7.12,7.07,7.1
2017-04-05,1,7.1,7.12,7.01,7.04
2017-04-06,0,7.01,7.07,6.98,7.04
2017-04-07,0,7.04,7.07,6.98,7.04
2017-04-10,0,7.07,7.07,6.98,7.01
2017-04-11,0,7.01,7.04,6.96,6.96
2017-04-12,0,6.96,6.98,6.93,6.98
2017-04-13,1,6.98,7.07,6.96,7.04
2017-04-14,1,7.01,7.04,6.98,6.98
2017-04-17,1,6.96,6.98,6.9,6.9
2017-04-18,0,6.96,6.96,6.9,6.93
2017-04-19,1,6.9,6.9,6.84,6.87
2017-04-20,0,6.84,6.9,6.82,6.84
2017-04-21,1,6.87,6.93,6.87,6.87
2017-04-24,0,6.93,6.98,6.9,6.96
2017-04-25,1,6.98,7.04,6.96,7.04
2017-04-26,1,7.04,7.04,6.98,7.01
2017-04-27,1,7.01,7.04,6.98,7.01
2017-04-28,1,7.04,7.07,6.98,6.98
2017-05-02,0,7.01,7.12,7.01,7.07
2017-05-03,1,7.1,7.1,7.04,7.1
2017-05-04,1,7.1,7.12,7.07,7.1
2017-05-05,1,7.1,7.1,7.07,7.07
2017-05-08,0,7.1,7.1,7.04,7.07
2017-05-09,1,7.07,7.1,7.04,7.04
2017-05-10,1,7.07,7.1,7.04,7.1
2017-05-11,1,7.07,7.15,7.07,7.15
2017-05-12,0,7.12,7.18,7.1,7.18
2017-05-15,0,7.18,7.29,7.18,7.29
2017-05-16,1,7.32,7.35,7.29,7.32
2017-05-17,1,7.32,7.49,7.24,7.49
2017-05-18,1,7.35,7.4,7.32,7.32
2017-05-19,1,7.32,7.35,7.29,7.32
2017-05-22,0,7.32,7.35,7.29,7.35
2017-05-23,1,7.32,7.35,7.29,7.32
2017-05-24,0,7.32,7.38,7.32,7.38
2017-05-25,1,7.38,7.43,7.38,7.43
2017-05-26,1,7.43,7.43,7.38,7.43
2017-05-31,1,7.43,7.6,7.43,7.54
2017-06-01,1,7.54,7.6,7.54,7.54
2017-06-02,0,7.54,7.57,7.52,7.57
2017-06-03,1,7.57,7.6,7.54,7.54
2017-06-05,1,7.57,7.68,7.54,7.68
2017-06-06,0,7.68,7.74,7.63,7.68
2017-06-07,1,7.68,7.74,7.66,7.71
2017-06-08,1,7.71,7.74,7.66,7.71
2017-06-09,0,7.68,7.71,7.66,7.68
2017-06-12,1,7.66,7.68,7.63,7.68
2017-06-13,1,7.68,7.71,7.66,7.68
2017-06-14,0,7.66,7.71,7.57,7.66
2017-06-15,1,7.63,7.66,7.57,7.63
2017-06-16,0,7.63,7.71,7.6,7.68
2017-06-19,1,7.66,7.66,7.57,7.63
2017-06-20,0,7.66,7.68,7.6,7.66
2017-06-21,1,7.66,7.68,7.63,7.68
2017-06-22,1,7.68,7.77,7.66,7.71
2017-06-23,0,7.71,7.74,7.68,7.71
2017-06-26,1,7.71,7.8,7.68,7.8
2017-06-27,0,7.82,7.88,7.77,7.8
2017-06-28,0,7.8,7.8,7.66,7.74
2017-06-29,1,7.77,7.82,7.74,7.77
2017-06-30,1,7.8,7.8,7.71,7.77
2017-07-03,0,7.74,7.82,7.74,7.82
2017-07-04,1,7.8,7.82,7.77,7.8
2017-07-05,1,7.8,7.85,7.77,7.82
2017-07-06,1,7.8,7.88,7.8,7.82
2017-07-07,1,7.82,7.82,7.8,7.82
2017-07-10,0,7.82,7.85,7.8,7.8
2017-07-11,1,7.8,7.88,7.8,7.88
2017-07-12,1,7.88,7.88,7.82,7.85
2017-07-13,0,7.85,7.99,7.85,7.96
2017-07-14,0,7.96,7.96,7.94,7.94
2017-07-17,0,7.99,8.05,7.96,8.05
2017-07-18,0,8.05,8.05,7.99,7.99
2017-07-19,1,7.99,8.05,7.96,7.99
2017-07-20,1,7.99,8.02,7.91,7.91
2017-07-21,1,7.91,7.94,7.85,7.88
2017-07-24,0,7.88,7.94,7.85,7.94
2017-07-25,0,7.94,7.99,7.91,7.96
2017-07-26,0,7.96,7.99,7.94,7.94
2017-07-27,0,7.96,7.99,7.94,7.99
2017-07-28,0,7.99,7.99,7.94,7.94
2017-07-31,0,7.94,7.96,7.91,7.96
2017-08-01,0,7.96,7.99,7.94,7.96
2017-08-02,1,7.96,8.05,7.96,8.05
2017-08-03,0,8.02,8.05,7.99,8.02
2017-08-04,0,8.02,8.08,8.02,8.08
2017-08-07,0,8.08,8.11,8.05,8.08
2017-08-08,0,8.08,8.11,8.05,8.08
2017-08-09,0,8.08,8.11,8.02,8.05
2017-08-10,1,8.05,8.05,7.85,7.88
2017-08-11,0,7.82,7.94,7.82,7.94
2017-08-14,1,7.96,7.96,7.85,7.85
2017-08-15,0,7.85,7.88,7.77,7.8
2017-08-16,1,7.81,7.9,7.81,7.87
2017-08-17,1,7.87,7.96,7.87,7.93
2017-08-18,1,7.9,7.9,7.87,7.87
2017-08-21,1,7.87,7.9,7.87,7.87
2017-08-22,1,7.9,7.9,7.87,7.9
2017-08-23,1,7.9,7.99,7.9,7.93
2017-08-24,0,7.96,8.15,7.93,8.15
2017-08-25,0,8.15,8.15,8.09,8.12
2017-08-28,1,8.09,8.15,8.06,8.15
2017-08-29,0,8.15,8.15,8.06,8.09
2017-08-30,0,8.12,8.15,8.09,8.15
2017-08-31,0,8.15,8.18,8.09,8.15
2017-09-01,1,8.15,8.15,8.09,8.15
2017-09-04,0,8.12,8.12,8.06,8.06
2017-09-05,1,8.06,8.12,8.03,8.12
2017-09-06,0,8.06,8.09,7.99,7.99
2017-09-07,0,7.99,8.06,7.99,8.03
2017-09-08,0,8.03,8.06,7.99,8.06
2017-09-11,0,8.03,8.06,7.99,8.06
2017-09-12,0,8.06,8.09,8.03,8.09
2017-09-13,0,8.09,8.09,8.03,8.03
2017-09-14,1,7.99,8.03,7.99,7.99
2017-09-15,0,7.99,8.09,7.99,8.09
2017-09-18,1,8.09,8.15,8.03,8.15
2017-09-19,1,8.15,8.15,8.03,8.06
2017-09-20,1,8.06,8.09,8.03,8.09
2017-09-21,0,8.03,8.06,8.03,8.06
2017-09-22,1,8.09,8.09,7.99,7.99
2017-09-25,1,7.99,8.06,7.96,7.96
2017-09-26,1,7.96,8.03,7.93,7.96
2017-09-27,1,7.96,8.03,7.96,7.96
2017-09-28,1,7.99,7.99,7.93,7.96
2017-09-29,0,7.96,7.99,7.9,7.93
2017-09-30,0,7.96,7.96,7.93,7.93
2017-10-02,1,7.93,7.99,7.93,7.93
2017-10-03,0,7.96,7.99,7.93,7.96
2017-10-05,1,7.96,8.03,7.96,7.99
2017-10-06,0,7.99,8.03,7.96,8.03
2017-10-11,0,8.06,8.09,8.03,8.09
2017-10-12,0,8.09,8.18,8.03,8.15
2017-10-13,0,8.12,8.18,8.12,8.15
2017-10-16,0,8.15,8.18,8.12,8.18
2017-10-17,1,8.15,8.18,8.15,8.18
2017-10-18,1,8.18,8.18,8.09,8.12
2017-10-19,0,8.12,8.15,8.09,8.09
2017-10-20,0,8.09,8.12,8.06,8.09
2017-10-23,0,8.15,8.15,8.09,8.12
2017-10-24,0,8.12,8.12,8.06,8.12
2017-10-25,0,8.12,8.12,8.09,8.12
2017-10-26,1,8.09,8.09,8.06,8.06
2017-10-27,1,8.06,8.12,8.06,8.09
2017-10-30,1,8.09,8.09,8.06,8.09
2017-10-31,1,8.06,8.09,8.03,8.03
2017-11-01,1,8.06,8.09,8.03,8.06
2017-11-02,0,8.03,8.09,8.03,8.06
2017-11-03,1,8.06,8.09,8.06,8.06
2017-11-06,1,8.03,8.09,8.03,8.09
2017-11-07,1,8.06,8.09,8.03,8.09
2017-11-08,0,8.09,8.12,8.06,8.09
2017-11-09,1,8.09,8.12,8.06,8.12
2017-11-10,1,8.09,8.12,8.09,8.09
2017-11-13,1,8.06,8.12,8.06,8.09
2017-11-14,1,8.09,8.15,8.06,8.12
2017-11-15,1,8.12,8.12,8.06,8.06
2017-11-16,1,8.06,8.09,8.03,8.03
2017-11-17,1,8.06,8.09,8.03,8.03
2017-11-20,1,8.06,8.09,8.03,8.06
2017-11-21,0,8.12,8.3,8.09,8.27
2017-11-22,1,8.33,8.42,8.3,8.36
2017-11-23,0,8.33,8.36,8.3,8.3
2017-11-24,0,8.3,8.33,8.24,8.24
2017-11-27,1,8.27,8.27,8.21,8.21
2017-11-28,1,8.21,8.3,8.21,8.24
2017-11-29,0,8.24,8.3,8.24,8.27
2017-11-30,0,8.27,8.3,8.18,8.21
2017-12-01,1,8.24,8.27,8.18,8.24
2017-12-04,0,8.27,8.33,8.21,8.33
2017-12-05,0,8.33,8.36,8.3,8.36
2017-12-06,0,8.36,8.36,8.24,8.3
2017-12-07,1,8.27,8.27,8.18,8.21
2017-12-08,1,8.21,8.24,8.18,8.24
2017-12-11,0,8.24,8.27,8.21,8.21
2017-12-12,1,8.21,8.24,8.18,8.21
2017-12-13,1,8.21,8.27,8.21,8.27
2017-12-14,0,8.3,8.36,8.24,8.33
2017-12-15,0,8.33,8.33,8.27,8.33
2017-12-18,1,8.33,8.36,8.3,8.33
2017-12-19,1,8.33,8.36,8.33,8.36
2017-12-20,0,8.36,8.39,8.33,8.33
2017-12-21,1,8.33,8.36,8.33,8.33
2017-12-22,1,8.33,8.36,8.33,8.36
2017-12-25,1,8.36,8.36,8.33,8.36
2017-12-26,1,8.36,8.39,8.33,8.36
2017-12-27,0,8.36,8.42,8.33,8.42
2017-12-28,1,8.42,8.45,8.36,8.39
2017-12-29,1,8.42,8.45,8.39,8.42
2018-01-02,1,8.39,8.54,8.39,8.51
2018-01-03,0,8.51,8.57,8.51,8.57
2018-01-04,1,8.57,8.57,8.51,8.54
2018-01-05,1,8.57,8.63,8.54,8.63
2018-01-08,1,8.63,8.75,8.63,8.75
2018-01-09,1,8.75,8.85,8.72,8.82
2018-01-10,0,8.82,8.85,8.79,8.85
2018-01-11,1,8.85,8.85,8.79,8.85
2018-01-12,0,8.85,8.85,8.82,8.85
2018-01-15,0,8.85,8.88,8.79,8.85
2018-01-16,1,8.85,8.88,8.79,8.88
2018-01-17,1,8.88,8.91,8.82,8.91
2018-01-18,0,8.91,9.03,8.91,8.97
2018-01-19,1,8.97,9.0,8.94,9.0
2018-01-22,1,8.94,9.0,8.94,9.0
2018-01-23,0,9.0,9.0,8.94,8.97
2018-01-24,0,8.94,8.97,8.91,8.94
2018-01-25,0,8.91,9.0,8.91,9.0
2018-01-26,0,9.0,9.0,8.94,8.97
2018-01-29,0,8.97,9.0,8.94,8.97
2018-01-30,0,8.97,8.97,8.88,8.88
2018-01-31,0,8.82,8.94,8.79,8.94
2018-02-01,0,8.94,8.97,8.88,8.94
2018-02-02,1,8.88,8.91,8.82,8.88
2018-02-05,0,8.72,8.75,8.66,8.69
2018-02-06,1,8.51,8.54,8.18,8.18
2018-02-07,1,8.42,8.48,8.18,8.21
2018-02-08,0,8.3,8.39,8.3,8.3
2018-02-09,1,8.15,8.33,8.12,8.27
2018-02-12,0,8.36,8.39,8.33,8.33
2018-02-21,0,8.48,8.51,8.39,8.51
2018-02-22,1,8.48,8.51,8.42,8.45
2018-02-23,0,8.51,8.66,8.51,8.63
2018-02-26,1,8.69,8.69,8.54,8.57
2018-02-27,0,8.63,8.66,8.54,8.63
2018-03-01,1,8.57,8.63,8.54,8.6
2018-03-02,1,8.54,8.57,8.48,8.51
2018-03-05,0,8.51,8.57,8.48,8.48
2018-03-06,0,8.54,8.57,8.48,8.51
2018-03-07,0,8.48,8.51,8.45,8.48
2018-03-08,1,8.51,8.51,8.45,8.48
2018-03-09,1,8.51,8.51,8.45,8.45
2018-03-12,1,8.51,8.57,8.48,8.57
2018-03-13,1,8.57,8.63,8.54,8.63
2018-03-14,0,8.66,8.75,8.66,8.75
2018-03-15,0,8.75,8.79,8.72,8.75
2018-03-16,0,8.72,8.79,8.66,8.72
2018-03-19,0,8.75,8.85,8.72,8.82
2018-03-20,1,8.75,8.85,8.75,8.82
2018-03-21,0,8.82,8.88,8.79,8.85
2018-03-22,0,8.82,8.88,8.79,8.79
2018-03-23,0,8.63,8.69,8.6,8.69
2018-03-26,0,8.66,8.72,8.63,8.72
2018-03-27,0,8.72,8.85,8.72,8.85
2018-03-28,0,8.82,8.82,8.72,8.72
2018-03-29,1,8.72,8.75,8.66,8.69
2018-03-30,0,8.69,8.72,8.63,8.69
2018-03-31,0,8.69,8.72,8.63,8.66
2018-04-02,1,8.66,8.72,8.63,8.63
2018-04-03,1,8.54,8.57,8.54,8.57
2018-04-09,1,8.63,8.63,8.54,8.57
2018-04-10,0,8.57,8.69,8.57,8.69
2018-04-11,0,8.69,8.72,8.66,8.69
2018-04-12,0,8.69,8.69,8.63,8.69
2018-04-13,1,8.69,8.72,8.66,8.66
2018-04-16,1,8.63,8.66,8.6,8.66
2018-04-17,1,8.66,8.66,8.57,8.63
2018-04-18,1,8.63,8.66,8.6,8.63
2018-04-19,1,8.6,8.69,8.6,8.69
2018-04-20,0,8.66,8.69,8.63,8.69
2018-04-23,1,8.69,8.75,8.66,8.75
2018-04-24,0,8.72,8.72,8.66,8.66
2018-04-25,1,8.63,8.66,8.6,8.66
2018-04-26,1,8.69,8.69,8.63,8.63
2018-04-27,1,8.66,8.72,8.66,8.72
2018-04-30,1,8.72,8.79,8.69,8.79
2018-05-02,0,8.79,8.88,8.79,8.82
2018-05-03,1,8.82,8.82,8.72,8.72
2018-05-04,0,8.69,8.75,8.69,8.72
2018-05-07,1,8.75,8.79,8.72,8.79
2018-05-08,1,8.79,8.82,8.75,8.79
2018-05-09,1,8.79,8.85,8.75,8.82
2018-05-10,1,8.85,8.85,8.79,8.79
2018-05-11,1,8.85,8.88,8.82,8.88
2018-05-14,1,8.88,8.91,8.85,8.88
2018-05-15,0,8.88,8.88,8.85,8.88
2018-05-16,0,8.91,8.94,8.88,8.94
2018-05-17,1,9.0,9.0,8.94,8.94
2018-05-18,1,8.97,9.0,8.94,9.0
2018-05-21,0,9.03,9.06,9.0,9.06
2018-05-22,0,9.06,9.06,9.03,9.03
2018-05-23,0,9.0,9.03,9.0,9.0
2018-05-24,0,9.0,9.03,8.97,9.03
2018-05-25,0,9.0,9.03,8.97,9.0
2018-05-28,1,9.0,9.03,8.97,9.0
2018-05-29,1,9.0,9.0,8.97,8.97
2018-05-30,1,8.91,8.94,8.85,8.85
2018-05-31,0,8.97,8.97,8.88,8.97
2018-06-01,0,8.94,9.03,8.91,9.0
2018-06-04,1,9.0,9.06,9.0,9.06
2018-06-05,0,9.06,9.12,9.03,9.12
2018-06-06,0,9.12,9.12,9.06,9.12
2018-06-07,0,9.12,9.15,9.09,9.15
2018-06-08,1,9.12,9.15,9.03,9.09
2018-06-11,0,9.09,9.12,9.03,9.03
2018-06-12,0,9.06,9.06,8.97,8.97
2018-06-13,0,8.97,9.03,8.97,8.97
2018-06-14,1,8.97,8.97,8.79,8.79
2018-06-15,0,8.82,8.85,8.82,8.85
2018-06-19,0,8.82,8.85,8.75,8.75
2018-06-20,0,8.75,8.88,8.72,8.82
2018-06-21,1,8.85,8.85,8.79,8.82
2018-06-22,1,8.79,8.82,8.75,8.75
2018-06-25,0,8.75,8.85,8.75,8.79
2018-06-26,0,8.79,8.82,8.75,8.75
2018-06-27,1,8.82,8.82,8.75,8.75
2018-06-28,0,8.75,8.79,8.72,8.72
2018-06-29,1,8.75,8.79,8.72,8.75
2018-07-02,1,8.75,8.82,8.75,8.75
2018-07-03,0,8.75,8.79,8.66,8.66
2018-07-04,0,8.66,8.72,8.63,8.69
2018-07-05,1,8.72,8.72,8.66,8.66
2018-07-06,1,8.66,8.66,8.57,8.6
2018-07-09,1,8.66,8.72,8.63,8.69
2018-07-10,1,8.79,8.79,8.72,8.79
2018-07-11,1,8.75,8.79,8.69,8.75
2018-07-12,0,8.75,8.82,8.72,8.82
2018-07-13,1,8.82,8.88,8.82,8.88
2018-07-16,0,8.88,8.88,8.79,8.79
2018-07-17,0,8.79,8.88,8.75,8.85
2018-07-18,1,8.88,8.91,8.85,8.91
2018-07-19,1,8.91,8.91,8.85,8.88
2018-07-20,0,8.91,8.94,8.88,8.94
2018-07-23,0,8.94,8.97,8.91,8.94
2018-07-24,1,8.94,9.03,8.94,9.03
2018-07-25,1,9.03,9.03,9.0,9.0
2018-07-26,0,9.06,9.06,9.03,9.06
2018-07-27,0,9.09,9.12,9.06,9.09
2018-07-30,0,9.09,9.12,9.06,9.12
2018-07-31,1,9.12,9.12,9.09,9.12
2018-08-01,1,9.12,9.15,9.12,9.15
2018-08-02,1,9.15,9.18,9.06,9.09
2018-08-03,1,9.09,9.15,9.09,9.15
2018-08-06,1,9.15,9.18,9.03,9.06
2018-08-07,1,9.09,9.12,9.06,9.06
2018-08-08,1,9.09,9.12,9.06,9.12
2018-08-09,1,9.12,9.15,9.06,9.06
2018-08-10,1,9.09,9.18,9.06,9.18
2018-08-13,0,9.18,9.21,9.09,9.12
2018-08-14,1,9.12,9.15,9.12,9.15
2018-08-15,1,9.15,9.18,9.09,9.09
2018-08-16,1,9.09,9.09,9.0,9.06
2018-08-17,1,9.12,9.15,9.09,9.12
2018-08-20,1,9.15,9.24,9.12,9.18
2018-08-21,1,9.24,9.33,9.21,9.33
2018-08-22,1,9.51,9.61,9.48,9.58
2018-08-23,0,9.58,9.61,9.41,9.44
2018-08-24,1,9.44,9.44,9.31,9.38
2018-08-27,0,9.44,9.51,9.41,9.48
2018-08-28,0,9.51,9.54,9.48,9.51
2018-08-29,1,9.51,9.54,9.44,9.54
2018-08-30,0,9.54,9.54,9.44,9.44
2018-08-31,0,9.48,9.54,9.44,9.51
2018-09-03,0,9.51,9.54,9.48,9.51
2018-09-04,1,9.51,9.51,9.44,9.48
2018-09-05,0,9.48,9.51,9.41,9.41
2018-09-06,1,9.38,9.48,9.35,9.38
2018-09-07,0,9.38,9.41,9.28,9.31
2018-09-10,1,9.35,9.38,9.21,9.28
2018-09-11,1,9.28,9.28,9.18,9.28
2018-09-12,1,9.28,9.38,9.28,9.31
2018-09-13,1,9.35,9.44,9.35,9.44
2018-09-14,1,9.48,9.51,9.44,9.44
2018-09-17,1,9.48,9.48,9.44,9.48
2018-09-18,0,9.48,9.51,9.41,9.51
2018-09-19,0,9.54,9.58,9.48,9.58
2018-09-20,1,9.61,9.61,9.54,9.61
2018-09-21,0,9.61,9.68,9.58,9.68
2018-09-25,0,9.71,9.71,9.64,9.68
2018-09-26,1,9.68,9.68,9.61,9.64
2018-09-27,0,9.64,9.71,9.58,9.71
2018-09-28,0,9.71,9.71,9.64,9.71
2018-10-01,0,9.71,9.81,9.71,9.77
2018-10-02,0,9.77,9.77,9.68,9.71
2018-10-03,1,9.68,9.71,9.64,9.68
2018-10-04,0,9.64,9.68,9.54,9.61
2018-10-05,1,9.54,9.61,9.48,9.51
2018-10-08,0,9.48,9.54,9.48,9.48
2018-10-09,0,9.48,9.51,9.44,9.48
2018-10-11,0,9.28,9.31,9.15,9.15
2018-10-12,0,9.05,9.31,8.95,9.31
2018-10-15,0,9.25,9.28,9.15,9.18
2018-10-16,0,9.21,9.25,9.18,9.21
2018-10-17,0,9.28,9.28,9.15,9.18
2018-10-18,0,9.21,9.21,9.15,9.15
2018-10-19,0,9.12,9.12,9.02,9.05
2018-10-22,0,9.05,9.15,9.02,9.15
2018-10-23,1,9.08,9.12,9.02,9.02
2018-10-24,1,9.02,9.08,8.92,8.98
2018-10-25,1,8.82,8.85,8.75,8.82
2018-10-26,1,8.85,8.89,8.75,8.82
2018-10-29,1,8.82,8.82,8.75,8.79
2018-10-30,1,8.79,8.89,8.79,8.89
2018-10-31,0,8.92,9.12,8.92,9.05
2018-11-01,0,9.05,9.05,8.95,9.02
2018-11-02,1,9.02,9.05,8.95,9.05
2018-11-05,0,9.02,9.12,8.98,9.12
2018-11-06,0,9.15,9.21,9.05,9.12
2018-11-07,1,9.15,9.18,9.12,9.18
2018-11-08,0,9.21,9.25,9.18,9.25
2018-11-09,0,9.21,9.25,9.15,9.18
2018-11-12,0,9.15,9.18,9.05,9.08
2018-11-13,0,8.98,9.08,8.98,9.05
2018-11-14,0,9.08,9.12,8.98,9.08
2018-11-15,0,9.08,9.12,9.05,9.08
2018-11-16,0,9.15,9.18,9.08,9.15
2018-11-19,1,9.18,9.21,9.08,9.18
2018-11-20,0,9.15,9.18,9.02,9.05
2018-11-21,0,9.05,9.08,8.98,9.02
2018-11-22,0,9.05,9.05,8.92,8.95
2018-11-23,0,8.95,8.98,8.85,8.89
2018-11-26,0,8.92,8.95,8.85,8.89
2018-11-27,0,8.92,8.95,8.85,8.85
2018-11-28,0,8.89,8.95,8.89,8.92
2018-11-29,1,8.95,9.02,8.85,8.89
2018-11-30,0,8.92,8.98,8.92,8.92
2018-12-03,1,8.95,9.02,8.95,8.98
2018-12-04,1,8.98,9.02,8.92,8.98
2018-12-05,0,8.95,8.95,8.85,8.92
2018-12-06,0,8.89,8.92,8.85,8.85
2018-12-07,0,8.85,8.92,8.85,8.89
2018-12-10,0,8.85,8.89,8.79,8.79
2018-12-11,0,8.82,8.82,8.75,8.79
2018-12-12,0,8.82,8.85,8.79,8.82
2018-12-13,0,8.89,8.89,8.79,8.85
2018-12-14,1,8.85,8.85,8.79,8.85
2018-12-17,1,8.82,8.85,8.79,8.79
2018-12-18,0,8.79,8.79,8.72,8.72
2018-12-19,0,8.75,8.79,8.72,8.79
2018-12-20,0,8.75,8.79,8.72,8.72
2018-12-21,0,8.72,8.75,8.69,8.72
2018-12-22,1,8.72,8.72,8.66,8.69
2018-12-24,0,8.69,8.69,8.66,8.69
2018-12-25,0,8.62,8.66,8.56,8.59
2018-12-26,0,8.59,8.62,8.52,8.52
2018-12-27,1,8.59,8.62,8.59,8.62
2018-12-28,1,8.62,8.66,8.59,8.59
2019-01-02,1,8.62,8.66,8.59,8.62
2019-01-03,1,8.62,8.66,8.59,8.62
2019-01-04,1,8.59,8.62,8.52,8.56
2019-01-07,0,8.66,8.79,8.62,8.79
2019-01-08,1,8.75,8.75,8.66,8.72
2019-01-09,1,8.79,8.85,8.75,8.85
2019-01-10,0,8.75,8.79,8.66,8.79
2019-01-11,1,8.79,8.79,8.66,8.75
2019-01-14,1,8.75,8.79,8.75,8.79
2019-01-15,1,8.82,8.85,8.75,8.85
2019-01-16,1,8.85,8.85,8.72,8.75
2019-01-17,0,8.75,8.79,8.72,8.79
2019-01-18,1,8.82,8.85,8.79,8.82
2019-01-21,0,8.85,8.85,8.72,8.75
2019-01-22,1,8.75,8.79,8.69,8.75
2019-01-23,1,8.75,8.85,8.72,8.82
2019-01-24,0,8.82,8.85,8.72,8.75
2019-01-25,1,8.79,8.85,8.75,8.85
2019-01-28,0,8.85,8.89,8.82,8.85
2019-01-29,0,8.82,8.89,8.82,8.89
2019-01-30,1,8.89,8.95,8.85,8.95
2019-02-11,0,8.95,8.98,8.95,8.98
2019-02-12,1,8.98,9.02,8.92,8.98
2019-02-13,0,8.98,9.02,8.95,8.95
2019-02-14,0,8.95,9.02,8.95,8.98
2019-02-15,1,9.02,9.05,8.98,9.02
2019-02-18,0,9.05,9.08,9.02,9.08
2019-02-19,1,9.08,9.12,9.05,9.08
2019-02-20,0,9.12,9.18,9.08,9.15
2019-02-21,0,9.15,9.15,9.08,9.15
2019-02-22,1,9.15,9.18,9.12,9.18
2019-02-25,1,9.18,9.21,9.15,9.21
2019-02-26,1,9.21,9.21,9.15,9.18
2019-02-27,1,9.18,9.21,9.15,9.18
2019-03-04,0,9.12,9.21,9.08,9.18
2019-03-05,0,9.15,9.18,9.12,9.15
2019-03-06,0,9.15,9.21,9.15,9.21
2019-03-07,0,9.21,9.21,9.15,9.18
2019-03-08,1,9.15,9.15,9.12,9.12
2019-03-11,1,9.12,9.12,8.98,8.98
2019-03-12,1,9.02,9.08,9.02,9.05
2019-03-13,0,9.05,9.12,9.05,9.05
2019-03-14,1,9.05,9.08,9.05,9.05
2019-03-15,1,9.05,9.12,9.05,9.12
2019-03-18,0,9.15,9.18,9.12,9.15
2019-03-19,1,9.15,9.25,9.15,9.21
2019-03-20,1,9.25,9.25,9.15,9.21
2019-03-21,1,9.21,9.25,9.18,9.21
2019-03-22,1,9.25,9.28,9.08,9.12
2019-03-25,1,9.05,9.12,9.05,9.12
2019-03-26,1,9.15,9.21,9.12,9.21
2019-03-27,1,9.25,9.25,9.15,9.18
2019-03-28,1,9.18,9.21,9.15,9.18
2019-03-29,1,9.21,9.25,9.18,9.25
2019-04-01,1,9.28,9.28,9.21,9.21
2019-04-02,1,9.25,9.28,9.21,9.28
2019-04-03,0,9.28,9.31,9.25,9.28
2019-04-08,1,9.28,9.35,9.28,9.31
2019-04-09,0,9.35,9.38,9.28,9.38
2019-04-10,0,9.38,9.38,9.31,9.38
2019-04-11,0,9.38,9.41,9.35,9.38
2019-04-12,1,9.38,9.41,9.31,9.35
2019-04-15,1,9.38,9.41,9.35,9.35
2019-04-16,0,9.35,9.38,9.35,9.35
2019-04-17,1,9.35,9.38,9.35,9.35
2019-04-18,0,9.35,9.38,9.28,9.35
2019-04-19,0,9.35,9.38,9.35,9.38
2019-04-22,0,9.38,9.41,9.25,9.28
2019-04-23,1,9.28,9.35,9.28,9.31
2019-04-24,1,9.35,9.41,9.28,9.35
2019-04-25,0,9.35,9.38,9.25,9.28
2019-04-26,1,9.12,9.15,9.08,9.15
2019-04-29,0,9.12,9.21,9.12,9.21
2019-04-30,0,9.25,9.28,9.21,9.21
2019-05-02,1,9.21,9.28,9.21,9.28
2019-05-03,1,9.28,9.28,9.18,9.21
2019-05-06,1,9.21,9.21,9.08,9.12
2019-05-07,1,9.12,9.18,9.12,9.18
2019-05-08,1,9.15,9.25,9.12,9.25
2019-05-09,1,9.21,9.25,9.12,9.12
2019-05-10,1,9.15,9.21,9.12,9.12
2019-05-13,1,9.15,9.18,9.08,9.12
2019-05-14,0,9.08,9.08,9.02,9.05
2019-05-15,1,9.08,9.12,9.05,9.05
2019-05-16,1,9.05,9.08,9.02,9.02
2019-05-17,1,9.05,9.08,9.02,9.05
2019-05-20,1,9.05,9.12,9.02,9.12
2019-05-21,0,9.15,9.21,9.12,9.21
2019-05-22,0,9.21,9.21,9.12,9.12
2019-05-23,1,9.12,9.18,9.12,9.18
2019-05-24,1,9.18,9.21,9.12,9.21
2019-05-27,1,9.21,9.28,9.18,9.28
2019-05-28,0,9.28,9.28,9.15,9.15
2019-05-29,1,9.18,9.21,9.15,9.15
2019-05-30,0,9.18,9.21,9.15,9.21
2019-05-31,0,9.25,9.28,9.18,9.28
2019-06-03,0,9.25,9.31,9.18,9.31
2019-06-04,1,9.31,9.35,9.28,9.28
2019-06-05,0,9.31,9.35,9.28,9.35
2019-06-06,0,9.35,9.41,9.31,9.38
2019-06-10,0,9.38,9.44,9.38,9.41
2019-06-11,0,9.44,9.44,9.31,9.31
2019-06-12,0,9.31,9.35,9.18,9.25
2019-06-13,1,9.21,9.28,9.21,9.25
2019-06-14,1,9.25,9.35,9.25,9.31
2019-06-17,1,9.35,9.35,9.28,9.31
2019-06-18,1,9.35,9.35,9.28,9.35
2019-06-19,0,9.35,9.41,9.35,9.41
2019-06-20,1,9.44,9.44,9.38,9.44
2019-06-21,1,9.44,9.44,9.41,9.44
2019-06-24,1,9.44,9.44,9.38,9.44
2019-06-25,1,9.44,9.44,9.41,9.44
2019-06-26,0,9.41,9.44,9.38,9.38
2019-06-27,1,9.41,9.44,9.41,9.41
2019-06-28,0,9.44,9.48,9.41,9.41
2019-07-01,1,9.44,9.48,9.41,9.41
2019-07-02,1,9.41,9.44,9.38,9.38
2019-07-03,1,9.41,9.41,9.35,9.41
2019-07-04,1,9.41,9.44,9.38,9.44
2019-07-05,0,9.44,9.44,9.41,9.41
2019-07-08,1,9.44,9.48,9.41,9.48
2019-07-09,1,9.48,9.48,9.41,9.48
2019-07-10,1,9.48,9.48,9.44,9.48
2019-07-11,0,9.48,9.54,9.44,9.54
2019-07-12,0,9.58,9.68,9.54,9.58
2019-07-15,0,9.61,9.61,9.54,9.58
2019-07-16,0,9.58,9.61,9.54,9.58
2019-07-17,0,9.61,9.64,9.58,9.64
2019-07-18,0,9.64,9.71,9.61,9.64
2019-07-19,1,9.68,9.71,9.68,9.68
2019-07-22,0,9.71,9.74,9.68,9.71
2019-07-23,0,9.74,9.74,9.61,9.64
2019-07-24,0,9.68,9.71,9.58,9.58
2019-07-25,0,9.61,9.71,9.58,9.71
2019-07-26,1,9.71,9.71,9.64,9.64
2019-07-29,0,9.64,9.68,9.61,9.68
2019-07-30,1,9.68,9.71,9.61,9.61
2019-07-31,1,9.64,9.68,9.61,9.61
2019-08-01,0,9.58,9.61,9.51,9.51
2019-08-02,0,9.44,9.48,9.38,9.38
2019-08-05,0,9.38,9.48,9.38,9.44
2019-08-06,0,9.31,9.44,9.25,9.44
2019-08-07,0,9.44,9.44,9.38,9.44
2019-08-08,0,9.41,9.44,9.38,9.41
2019-08-12,0,9.47,9.61,9.44,9.54
2019-08-13,0,9.54,9.54,9.47,9.47
2019-08-14,0,9.51,9.54,9.47,9.51
2019-08-15,1,9.4,9.44,9.37,9.4
2019-08-16,0,9.4,9.54,9.4,9.44
2019-08-19,0,9.51,9.54,9.47,9.51
2019-08-20,1,9.51,9.54,9.51,9.51
2019-08-21,0,9.51,9.54,9.47,9.51
2019-08-22,0,9.54,9.54,9.51,9.54
2019-08-23,1,9.51,9.54,9.47,9.51
2019-08-26,1,9.44,9.47,9.4,9.4
2019-08-27,1,9.44,9.47,9.37,9.37
2019-08-28,0,9.37,9.44,9.37,9.4
2019-08-29,1,9.44,9.44,9.27,9.3
2019-08-30,1,9.37,9.37,9.27,9.33
2019-09-02,1,9.37,9.4,9.33,9.37
2019-09-03,0,9.4,9.44,9.37,9.37
2019-09-04,0,9.4,9.44,9.37,9.4
2019-09-05,1,9.47,9.51,9.44,9.51
2019-09-06,1,9.54,9.58,9.51,9.58
2019-09-09,0,9.58,9.65,9.58,9.61
2019-09-10,1,9.65,9.68,9.61,9.68
2019-09-11,1,9.68,9.72,9.61,9.68
2019-09-12,0,9.72,9.72,9.65,9.65
2019-09-16,0,9.65,9.68,9.61,9.65
2019-09-17,0,9.68,9.75,9.65,9.75
2019-09-18,0,9.79,9.82,9.75,9.82
2019-09-19,0,9.82,9.86,9.75,9.82
2019-09-20,1,9.82,9.86,9.79,9.82
2019-09-23,0,9.82,9.82,9.75,9.75
2019-09-24,0,9.75,9.79,9.72,9.79
2019-09-25,1,9.75,9.75,9.65,9.72
2019-09-26,0,9.75,9.75,9.72,9.72
2019-09-27,1,9.72,9.75,9.65,9.65
2019-10-01,0,9.68,9.79,9.68,9.75
2019-10-02,0,9.68,9.75,9.68,9.68
2019-10-03,1,9.61,9.65,9.58,9.61
2019-10-04,1,9.58,9.65,9.58,9.58
2019-10-07,1,9.65,9.65,9.58,9.61
2019-10-08,1,9.61,9.68,9.58,9.65
2019-10-09,1,9.61,9.65,9.58,9.58
2019-10-14,1,9.65,9.68,9.65,9.68
2019-10-15,0,9.68,9.72,9.65,9.68
2019-10-16,1,9.72,9.72,9.65,9.72
2019-10-17,0,9.68,9.75,9.68,9.72
2019-10-18,0,9.72,9.72,9.68,9.72
2019-10-21,0,9.72,9.72,9.65,9.72
2019-10-22,0,9.72,9.75,9.68,9.75
2019-10-23,1,9.75,9.75,9.68,9.72
2019-10-24,1,9.72,9.75,9.68,9.75
2019-10-25,1,9.75,9.75,9.68,9.75
2019-10-28,1,9.75,9.75,9.72,9.75
2019-10-29,1,9.75,9.82,9.72,9.79
2019-10-30,1,9.79,9.82,9.75,9.82
2019-10-31,1,9.82,9.96,9.79,9.86
2019-11-01,0,9.86,9.93,9.82,9.89
2019-11-04,0,9.89,9.96,9.89,9.96
2019-11-05,0,9.96,10.03,9.96,10.03
2019-11-06,0,10.07,10.07,10.0,10.07
2019-11-07,0,10.07,10.17,10.03,10.07
2019-11-08,0,10.1,10.14,10.03,10.1
2019-11-11,1,10.1,10.1,10.0,10.0
2019-11-12,0,10.03,10.07,10.0,10.03
2019-11-13,0,10.0,10.03,9.96,9.96
2019-11-14,0,10.0,10.0,9.93,9.96
2019-11-15,0,10.0,10.03,9.96,9.96
2019-11-18,0,10.0,10.03,9.96,10.03
2019-11-19,0,10.0,10.03,9.96,10.03
2019-11-20,0,10.0,10.03,10.0,10.03
2019-11-21,1,9.96,9.96,9.93,9.93
2019-11-22,1,9.96,9.96,9.93,9.96
2019-11-25,1,9.96,10.03,9.93,10.03
2019-11-26,0,10.03,10.07,10.0,10.03
2019-11-27,0,10.03,10.07,10.0,10.07
2019-11-28,0,10.07,10.07,10.0,10.0
2019-11-29,1,10.0,10.03,9.93,9.93
2019-12-02,1,9.93,9.96,9.89,9.96
2019-12-03,0,9.96,10.0,9.93,10.0
2019-12-04,1,9.96,10.0,9.93,9.96
2019-12-05,1,9.96,10.0,9.96,10.0
2019-12-06,1,10.0,10.0,9.93,9.93
2019-12-09,1,9.93,9.96,9.93,9.96
2019-12-10,1,9.96,9.96,9.93,9.96
2019-12-11,1,9.96,9.96,9.93,9.96
2019-12-12,1,9.96,10.03,9.93,9.96
2019-12-13,0,10.0,10.03,9.96,10.03
2019-12-16,1,10.03,10.07,10.0,10.07
2019-12-17,0,10.03,10.1,10.03,10.1
2019-12-18,0,10.07,10.17,10.03,10.14
2019-12-19,0,10.14,10.17,10.1,10.17
2019-12-20,0,10.17,10.21,10.1,10.14
2019-12-23,1,10.14,10.17,10.14,10.17
2019-12-24,0,10.14,10.17,10.1,10.1
2019-12-25,0,10.1,10.14,10.07,10.14
2019-12-26,0,10.14,10.14,10.07,10.14
2019-12-27,0,10.14,10.17,10.1,10.17
2019-12-30,1,10.17,10.17,10.1,10.17
2019-12-31,0,10.14,10.14,10.1,10.1
2020-01-02,0,10.1,10.14,10.07,10.14
2020-01-03,1,10.14,10.17,10.1,10.14
2020-01-06,0,10.1,10.1,10.0,10.03
2020-01-07,0,10.03,10.03,10.0,10.03
2020-01-08,1,10.0,10.0,9.96,9.96
2020-01-09,1,9.96,10.03,9.96,10.0
2020-01-10,0,10.0,10.07,10.0,10.07
2020-01-13,0,10.03,10.14,10.03,10.14
2020-01-14,1,10.14,10.17,10.1,10.1
2020-01-15,0,10.1,10.14,10.07,10.14
2020-01-16,1,10.14,10.17,10.1,10.17
2020-01-17,0,10.17,10.21,10.17,10.21
2020-01-20,0,10.21,10.31,10.21,10.24
2020-01-30,1,9.96,10.0,9.82,9.82
2020-01-31,1,9.82,9.96,9.82,9.86
2020-02-03,0,9.75,9.86,9.65,9.86
2020-02-04,1,9.86,10.0,9.82,10.0
2020-02-05,1,10.0,10.03,9.89,10.0
2020-02-06,1,10.0,10.07,10.0,10.07
2020-02-07,0,10.03,10.03,9.96,9.96
2020-02-10,0,9.89,10.0,9.86,10.0
2020-02-11,0,10.0,10.1,10.0,10.03
2020-02-12,0,10.03,10.1,10.0,10.03
2020-02-13,1,10.07,10.14,10.03,10.07
2020-02-14,0,10.07,10.1,10.03,10.07
2020-02-17,0,10.03,10.1,10.0,10.1
2020-02-18,0,10.07,10.14,10.07,10.1
2020-02-19,0,10.14,10.24,10.14,10.21
2020-02-20,1,10.24,10.31,10.17,10.21
2020-02-21,0,10.17,10.24,10.14,10.17
2020-02-24,1,10.1,10.14,10.07,10.07
2020-02-25,0,9.96,10.03,9.96,10.0
2020-02-26,0,9.96,10.0,9.93,10.0
2020-02-27,0,9.96,10.0,9.89,9.89
2020-03-02,0,9.75,9.89,9.72,9.75
2020-03-03,0,9.86,9.89,9.82,9.89
2020-03-04,0,9.86,9.89,9.79,9.89
2020-03-05,0,9.89,9.93,9.86,9.89
2020-03-06,0,9.86,9.86,9.79,9.79
2020-03-09,0,9.72,9.75,9.65,9.65
2020-03-10,0,9.54,9.79,9.51,9.72
2020-03-11,0,9.68,9.75,9.65,9.68
2020-03-12,0,9.61,9.61,9.37,9.4
2020-03-13,0,8.78,9.23,8.71,9.16
2020-03-16,0,9.02,9.06,8.71,8.74
2020-03-17,0,8.36,8.57,8.29,8.32
2020-03-18,1,8.32,8.36,7.87,7.94
2020-03-19,1,7.56,7.56,7.18,7.18
2020-03-20,1,7.28,7.63,7.28,7.56
2020-03-23,1,7.18,7.45,7.04,7.31
2020-03-24,1,7.63,7.8,7.52,7.7
2020-03-25,1,8.08,8.29,8.01,8.15
2020-03-26,1,8.29,8.29,7.98,8.08
2020-03-27,0,8.29,8.29,8.12,8.26
2020-03-30,1,8.08,8.22,7.94,8.22
2020-03-31,0,8.36,8.46,8.12,8.15
2020-04-01,1,8.15,8.19,8.05,8.08
2020-04-06,1,8.19,8.22,7.94,8.15
2020-04-07,1,8.29,8.29,8.12,8.15
2020-04-08,1,8.15,8.29,8.12,8.22
2020-04-09,0,8.26,8.32,8.22,8.32
2020-04-10,0,8.32,8.53,8.29,8.53
2020-04-13,0,8.39,8.39,8.29,8.36
2020-04-14,0,8.29,8.57,8.29,8.5
2020-04-15,0,8.53,8.64,8.53,8.64
2020-04-16,0,8.57,8.57,8.43,8.53
2020-04-17,0,8.57,8.67,8.5,8.53
2020-04-20,0,8.5,8.53,8.43,8.5
2020-04-21,1,8.43,8.46,8.19,8.19
2020-04-22,0,8.08,8.26,8.05,8.26
2020-04-23,1,8.19,8.36,8.19,8.22
2020-04-24,1,8.19,8.22,8.15,8.15
2020-04-27,1,8.26,8.39,8.26,8.36
2020-04-28,0,8.43,8.46,8.36,8.39
2020-04-29,1,8.43,8.64,8.43,8.6
2020-04-30,1,8.74,8.88,8.71,8.88
2020-05-04,1,8.57,8.6,8.43,8.53
2020-05-05,1,8.57,8.64,8.53,8.57
2020-05-06,1,8.6,8.64,8.5,8.53
2020-05-07,1,8.53,8.6,8.5,8.57
2020-05-08,1,8.6,8.67,8.57,8.6
2020-05-11,0,8.71,8.85,8.71,8.78
2020-05-12,0,8.74,8.78,8.67,8.67
2020-05-13,1,8.64,8.74,8.64,8.67
2020-05-14,0,8.64,8.67,8.53,8.57
2020-05-15,1,8.6,8.64,8.57,8.6
2020-05-18,1,8.6,8.67,8.57,8.67
2020-05-19,1,8.81,8.85,8.74,8.81
2020-05-20,1,8.81,8.81,8.74,8.81
2020-05-21,0,8.81,8.85,8.74,8.81
2020-05-22,1,8.81,8.85,8.71,8.71
2020-05-25,1,8.71,8.74,8.64,8.71
2020-05-26,1,8.78,8.88,8.74,8.85
2020-05-27,0,8.85,8.88,8.78,8.81
2020-05-28,1,8.88,8.92,8.78,8.85
2020-05-29,1,8.78,9.06,8.78,9.06
2020-06-01,1,9.09,9.27,9.06,9.2
2020-06-02,1,9.2,9.33,9.2,9.27
2020-06-03,0,9.4,9.54,9.33,9.47
2020-06-04,0,9.54,9.54,9.33,9.44
2020-06-05,0,9.44,9.44,9.33,9.33
2020-06-08,0,9.4,9.51,9.37,9.47
2020-06-09,0,9.47,9.47,9.4,9.4
2020-06-10,0,9.44,9.54,9.4,9.54
2020-06-11,0,9.51,9.51,9.33,9.33
2020-06-12,1,9.09,9.27,9.06,9.2
2020-06-15,1,9.2,9.3,9.13,9.2
2020-06-16,0,9.27,9.4,9.27,9.4
2020-06-17,1,9.4,9.47,9.33,9.47
2020-06-18,1,9.47,9.47,9.3,9.3
2020-06-19,1,9.33,9.4,9.2,9.2
2020-06-22,1,9.23,9.37,9.23,9.33
2020-06-23,0,9.37,9.4,9.27,9.4
2020-06-24,0,9.4,9.47,9.37,9.44
2020-06-29,1,9.3,9.33,9.27,9.27
2020-06-30,1,9.33,9.4,9.3,9.3
2020-07-01,0,9.3,9.44,9.3,9.4
2020-07-02,0,9.4,9.44,9.33,9.37
2020-07-03,0,9.4,9.44,9.33,9.4
2020-07-06,1,9.44,9.51,9.4,9.51
2020-07-07,0,9.51,9.54,9.44,9.47
2020-07-08,1,9.44,9.47,9.4,9.47
2020-07-09,0,9.47,9.51,9.44,9.44
2020-07-10,0,9.4,9.44,9.37,9.44
2020-07-13,0,9.44,9.51,9.4,9.47
2020-07-14,0,9.47,9.47,9.4,9.44
2020-07-15,0,9.44,9.47,9.4,9.44
2020-07-16,1,9.47,9.51,9.4,9.4
2020-07-17,1,9.47,9.47,9.4,9.4
2020-07-20,1,9.4,9.44,9.37,9.37
2020-07-21,1,9.4,9.44,9.37,9.4
2020-07-22,1,9.4,9.47,9.4,9.47
2020-07-23,0,9.44,9.47,9.4,9.44
2020-07-24,0,9.4,9.44,9.37,9.37
2020-07-27,1,9.37,9.4,9.3,9.3
2020-07-28,1,9.23,9.3,9.2,9.23
2020-07-29,1,9.23,9.44,9.23,9.33
2020-07-30,1,9.4,9.4,9.3,9.37
2020-07-31,1,9.37,9.44,9.3,9.3
2020-08-03,1,9.3,9.33,9.27,9.3
2020-08-04,1,9.3,9.44,9.3,9.37
2020-08-05,0,9.47,9.54,9.44,9.51
2020-08-06,1,9.54,9.68,9.51,9.68
2020-08-07,1,9.65,9.68,9.61,9.65
2020-08-10,1,9.68,9.72,9.61,9.65
2020-08-11,0,9.73,9.77,9.66,9.73
2020-08-12,0,9.81,9.88,9.81,9.85
2020-08-13,0,9.81,9.85,9.73,9.81
2020-08-14,0,9.73,9.81,9.7,9.77
2020-08-17,1,9.77,9.81,9.7,9.81
2020-08-18,0,9.85,9.85,9.73,9.81
2020-08-19,0,9.85,9.85,9.77,9.77
2020-08-20,1,9.77,9.77,9.59,9.66
2020-08-21,0,9.73,10.11,9.66,9.99
2020-08-24,0,10.03,10.07,9.77,9.77
2020-08-25,0,9.81,9.88,9.77,9.85
2020-08-26,0,9.85,9.88,9.77,9.85
2020-08-27,0,9.85,9.85,9.77,9.81
2020-08-28,0,9.81,9.85,9.73,9.77
2020-08-31,1,9.77,9.88,9.77,9.85
2020-09-01,0,9.81,9.85,9.73,9.77
2020-09-02,0,9.77,9.81,9.66,9.7
2020-09-03,0,9.7,9.73,9.66,9.7
2020-09-04,1,9.62,9.7,9.59,9.66
2020-09-07,1,9.66,9.73,9.62,9.7
2020-09-08,0,9.7,9.73,9.62,9.66
2020-09-09,0,9.62,9.66,9.59,9.66
2020-09-10,1,9.66,9.7,9.59,9.7
2020-09-11,1,9.7,9.73,9.62,9.73
2020-09-14,0,9.73,9.73,9.66,9.73
2020-09-15,0,9.73,9.73,9.66,9.73
2020-09-16,1,9.73,9.77,9.66,9.77
2020-09-17,1,9.77,9.77,9.66,9.7
2020-09-18,1,9.7,9.73,9.66,9.73
2020-09-21,0,9.73,9.73,9.62,9.62
2020-09-22,0,9.62,9.62,9.51,9.55
2020-09-23,1,9.55,9.59,9.47,9.47
2020-09-24,1,9.4,9.44,9.21,9.21
2020-09-25,1,9.33,9.44,9.29,9.29
2020-09-28,0,9.36,9.47,9.33,9.47
2020-09-29,1,9.55,9.59,9.47,9.51
2020-09-30,1,9.55,9.55,9.44,9.51
2020-10-05,1,9.59,9.62,9.51,9.55
2020-10-06,1,9.55,9.62,9.55,9.62
2020-10-07,0,9.59,9.62,9.55,9.55
2020-10-08,0,9.62,9.62,9.55,9.62
2020-10-12,0,9.59,9.66,9.55,9.66
2020-10-13,1,9.66,9.66,9.55,9.59
2020-10-14,0,9.59,9.62,9.51,9.51
2020-10-15,1,9.51,9.59,9.47,9.55
2020-10-16,1,9.55,9.59,9.47,9.47
2020-10-19,0,9.51,9.59,9.51,9.59
2020-10-20,1,9.59,9.59,9.51,9.51
2020-10-21,1,9.55,9.55,9.44,9.44
2020-10-22,1,9.47,9.51,9.4,9.4
2020-10-23,0,9.44,9.55,9.44,9.51
2020-10-26,1,9.51,9.59,9.51,9.55
2020-10-27,0,9.51,9.55,9.47,9.51
2020-10-28,1,9.51,9.55,9.47,9.55
2020-10-29,1,9.47,9.51,9.4,9.4
2020-10-30,1,9.4,9.44,9.33,9.36
2020-11-02,1,9.4,9.44,9.33,9.44
2020-11-03,1,9.44,9.59,9.44,9.59
2020-11-04,1,9.51,9.59,9.51,9.55
2020-11-05,0,9.59,9.62,9.55,9.62
2020-11-06,1,9.62,9.66,9.59,9.66
2020-11-09,1,9.7,9.73,9.66,9.7
2020-11-10,0,9.73,9.81,9.7,9.81
2020-11-11,0,9.85,9.92,9.81,9.92
2020-11-12,0,9.96,9.96,9.73,9.81
2020-11-13,0,9.81,9.81,9.77,9.81
2020-11-16,0,9.81,9.88,9.81,9.88
2020-11-17,0,9.85,9.88,9.77,9.88
2020-11-18,0,9.85,9.92,9.81,9.92
2020-11-19,1,9.92,9.92,9.81,9.88
2020-11-20,0,9.88,9.92,9.81,9.88
2020-11-23,0,9.88,9.92,9.85,9.92
2020-11-24,0,9.88,9.92,9.85,9.88
2020-11-25,0,9.92,9.92,9.85,9.88
2020-11-26,0,9.88,9.92,9.85,9.92
2020-11-27,0,9.88,9.96,9.85,9.92
2020-11-30,0,9.88,9.96,9.81,9.92
2020-12-01,0,9.88,9.96,9.81,9.88
2020-12-02,1,9.85,9.88,9.81,9.88
2020-12-03,1,9.85,9.88,9.81,9.85
2020-12-04,0,9.85,9.88,9.81,9.85
2020-12-07,0,9.85,9.88,9.73,9.81
2020-12-08,1,9.73,9.77,9.62,9.62
2020-12-09,1,9.62,9.66,9.59,9.62
2020-12-10,0,9.62,9.7,9.59,9.62
2020-12-11,0,9.62,9.81,9.62,9.77
2020-12-14,1,9.77,9.77,9.7,9.7
2020-12-15,1,9.66,9.7,9.59,9.62
2020-12-16,0,9.66,9.73,9.66,9.73
2020-12-17,1,9.7,9.77,9.66,9.77
2020-12-18,0,9.77,9.77,9.7,9.73
2020-12-21,0,9.7,9.77,9.66,9.77
2020-12-22,1,9.73,9.77,9.66,9.7
2020-12-23,1,9.66,9.7,9.62,9.66
2020-12-24,1,9.66,9.7,9.66,9.7
2020-12-25,0,9.7,9.73,9.66,9.66
2020-12-28,1,9.66,9.7,9.62,9.66
2020-12-29,0,9.66,9.7,9.66,9.7
2020-12-30,0,9.66,9.92,9.66,9.85
2020-12-31,0,9.85,9.88,9.77,9.85
2021-01-04,0,9.77,9.85,9.73,9.81
2021-01-05,0,9.77,9.81,9.73,9.81
2021-01-06,0,9.77,9.81,9.7,9.77
2021-01-07,1,9.77,9.81,9.77,9.77
2021-01-08,1,9.81,9.88,9.77,9.88
2021-01-11,0,9.88,9.92,9.85,9.92
2021-01-12,0,9.92,9.92,9.77,9.81
2021-01-13,0,9.81,9.88,9.81,9.85
2021-01-14,1,9.85,9.88,9.81,9.88
2021-01-15,1,9.88,9.92,9.77,9.77
2021-01-18,0,9.77,9.77,9.66,9.7
2021-01-19,0,9.73,9.73,9.7,9.7
2021-01-20,1,9.7,9.73,9.47,9.51
2021-01-21,0,9.55,9.62,9.51,9.51
2021-01-22,1,9.55,9.59,9.44,9.44
2021-01-25,0,9.44,9.55,9.4,9.51
2021-01-26,1,9.44,9.47,9.44,9.44
2021-01-27,1,9.47,9.55,9.44,9.44
2021-01-28,1,9.4,9.44,9.36,9.4
2021-01-29,0,9.36,9.4,9.29,9.29
2021-02-01,1,9.29,9.47,9.29,9.44
2021-02-02,1,9.4,9.51,9.36,9.36
2021-02-03,1,9.4,9.44,9.29,9.33
2021-02-04,1,9.33,9.36,9.29,9.33
2021-02-05,1,9.36,9.44,9.33,9.44
2021-02-17,1,9.47,9.62,9.4,9.59
2021-02-18,1,9.59,9.66,9.55,9.59
2021-02-19,1,9.59,9.59,9.47,9.59
2021-02-22,1,9.59,9.66,9.55,9.59
2021-02-23,1,9.59,9.7,9.55,9.7
2021-02-24,0,9.73,9.77,9.66,9.73
2021-02-25,1,9.77,9.85,9.73,9.85
2021-02-26,1,9.77,9.81,9.62,9.62
2021-03-02,1,9.7,9.73,9.62,9.62
2021-03-03,1,9.7,9.77,9.66,9.73
2021-03-04,0,9.73,9.77,9.62,9.66
2021-03-05,1,9.62,9.7,9.59,9.7
2021-03-08,0,9.7,9.77,9.66,9.66
2021-03-09,1,9.73,9.81,9.7,9.81
2021-03-10,1,9.81,9.88,9.77,9.81
2021-03-11,0,9.88,9.92,9.81,9.88
2021-03-12,0,9.88,9.88,9.81,9.85
2021-03-15,0,9.85,9.88,9.81,9.88
2021-03-16,0,9.88,9.88,9.85,9.88
2021-03-17,0,9.88,9.88,9.77,9.81
2021-03-18,1,9.85,9.85,9.81,9.81
2021-03-19,1,9.81,9.85,9.73,9.73
2021-03-22,1,9.77,9.81,9.7,9.81
2021-03-23,0,9.77,9.85,9.77,9.81
2021-03-24,1,9.81,9.85,9.77,9.81
2021-03-25,0,9.81,9.88,9.81,9.88
2021-03-26,1,9.88,9.92,9.88,9.88
2021-03-29,1,9.92,9.96,9.88,9.96
2021-03-30,1,9.96,9.99,9.92,9.99
2021-03-31,1,9.99,9.99,9.92,9.96
2021-04-01,1,9.96,9.99,9.92,9.96
2021-04-06,1,9.96,9.99,9.88,9.88
2021-04-07,0,9.88,9.96,9.88,9.96
2021-04-08,1,9.92,9.96,9.88,9.88
2021-04-09,1,9.88,9.92,9.85,9.88
2021-04-12,1,9.92,9.96,9.88,9.96
2021-04-13,1,9.96,10.03,9.96,9.96
2021-04-14,0,9.96,10.03,9.96,10.03
2021-04-15,1,10.03,10.07,9.99,10.07
2021-04-16,1,10.07,10.18,10.03,10.18
2021-04-19,0,10.22,10.52,10.18,10.44
2021-04-20,1,10.48,10.48,10.33,10.44
2021-04-21,1,10.37,10.37,10.29,10.33
2021-04-22,1,10.37,10.44,10.33,10.37
2021-04-23,0,10.37,10.4,10.29,10.37
2021-04-26,1,10.4,10.48,10.33,10.48
2021-04-27,1,10.48,10.48,10.4,10.48
2021-04-28,1,10.48,10.52,10.44,10.52
2021-04-29,1,10.48,10.52,10.4,10.48
2021-05-03,0,11.15,11.3,10.89,10.89
2021-05-04,0,10.96,11.07,10.63,10.74
2021-05-05,0,10.74,10.92,10.66,10.81
2021-05-06,1,10.85,11.0,10.85,11.0
2021-05-07,0,11.07,11.11,10.96,11.07
2021-05-10,0,11.15,11.3,11.07,11.3
2021-05-11,1,11.22,11.26,11.0,11.07
2021-05-12,1,11.04,11.04,10.22,10.63
2021-05-13,1,10.4,10.63,10.29,10.44
2021-05-14,1,10.52,10.59,10.44,10.55
2021-05-17,1,10.25,10.48,10.14,10.25
2021-05-18,0,10.33,10.63,10.29,10.59
2021-05-19,1,10.55,10.63,10.52,10.59
2021-05-20,1,10.55,10.7,10.52,10.66
2021-05-21,0,10.78,10.92,10.7,10.85
2021-05-24,1,10.78,10.85,10.7,10.81
2021-05-25,1,10.81,10.92,10.81,10.89
2021-05-26,1,10.96,11.0,10.89,10.92
2021-05-27,1,10.85,10.89,10.74,10.78
2021-05-28,1,10.85,10.92,10.81,10.92
2021-05-31,1,10.96,11.0,10.92,11.0
2021-06-01,1,11.04,11.04,10.96,11.04
2021-06-02,0,11.22,11.37,11.18,11.26
2021-06-03,1,11.33,11.33,11.26,11.33
2021-06-04,1,11.3,11.33,11.26,11.33
2021-06-07,0,11.33,11.33,11.07,11.3
2021-06-08,0,11.3,11.41,11.26,11.37
2021-06-09,1,11.33,11.33,11.18,11.26
2021-06-10,1,11.26,11.26,11.18,11.22
2021-06-11,1,11.26,11.26,11.22,11.26
2021-06-15,1,11.26,11.26,11.18,11.22
2021-06-16,1,11.18,11.26,11.15,11.26
2021-06-17,1,11.18,11.22,11.15,11.18
2021-06-18,1,11.18,11.18,11.07,11.07
2021-06-21,0,11.04,11.07,10.92,11.0
2021-06-22,1,11.07,11.11,11.0,11.07
2021-06-23,1,11.07,11.22,11.07,11.18
2021-06-24,1,11.18,11.22,11.15,11.18
2021-06-25,0,11.22,11.26,11.18,11.26
2021-06-28,0,11.3,11.33,11.26,11.3
2021-06-29,0,11.3,11.33,11.22,11.26
2021-06-30,1,11.3,11.33,11.26,11.33
2021-07-01,0,11.33,11.37,11.26,11.33
2021-07-02,1,11.37,11.41,11.33,11.37
2021-07-05,1,11.41,11.48,11.37,11.48
2021-07-06,1,11.52,11.7,11.48,11.7
2021-07-07,1,11.67,11.7,11.59,11.7
2021-07-08,0,11.7,11.85,11.7,11.82
2021-07-09,0,11.85,12.04,11.85,11.96
2021-07-12,1,12.08,12.34,12.04,12.04
2021-07-13,1,12.11,12.19,12.08,12.15
2021-07-14,1,12.19,12.22,12.08,12.11
2021-07-15,0,12.11,12.15,12.04,12.08
2021-07-16,1,12.11,12.34,12.08,12.34
2021-07-19,1,12.41,12.48,12.3,12.48
2021-07-20,1,12.37,12.45,12.26,12.26
2021-07-21,0,12.37,12.41,12.3,12.41
2021-07-22,0,12.48,12.56,12.45,12.56
2021-07-23,0,12.6,12.78,12.56,12.74
2021-07-26,1,12.78,13.0,12.78,12.78
2021-07-27,1,12.93,12.93,12.41,12.45
2021-07-28,1,12.41,12.52,12.26,12.52
2021-07-29,1,12.52,12.67,12.48,12.67
2021-07-30,0,12.67,12.71,12.56,12.6
2021-08-02,1,12.78,12.78,12.56,12.63
2021-08-03,0,12.71,12.71,12.56,12.63
2021-08-04,1,12.63,12.63,12.56,12.63
2021-08-05,0,12.63,12.71,12.6,12.67
2021-08-06,1,12.74,12.78,12.63,12.71
2021-08-09,1,12.67,12.71,12.6,12.67
2021-08-10,1,12.67,12.74,12.63,12.63
2021-08-11,1,12.67,12.78,12.63,12.71
2021-08-12,1,12.74,12.78,12.67,12.71
2021-08-13,1,12.67,12.67,12.56,12.6
2021-08-16,1,12.63,12.63,12.41,12.48
2021-08-17,0,12.56,12.56,12.45,12.56
2021-08-18,0,12.52,12.63,12.48,12.63
2021-08-19,1,12.63,12.67,12.48,12.56
2021-08-20,1,12.6,12.63,12.48,12.56
2021-08-23,1,12.63,12.74,12.6,12.71
2021-08-24,0,12.78,13.15,12.71,13.15
2021-08-25,1,13.23,13.26,13.0,13.23
2021-08-26,1,13.23,13.3,13.08,13.26
2021-08-27,1,13.26,13.71,13.19,13.67
2021-08-30,1,13.82,14.56,13.82,14.56
2021-08-31,0,14.53,14.53,14.19,14.38
2021-09-01,0,14.42,14.64,14.27,14.3
2021-09-02,1,14.3,14.3,13.97,14.01
2021-09-03,0,14.01,14.19,14.01,14.16
2021-09-06,0,14.27,14.49,14.23,14.38
2021-09-07,0,14.56,14.76,14.44,14.48
2021-09-08,0,14.52,14.52,14.16,14.28
2021-09-09,1,14.16,14.4,14.12,14.36
2021-09-10,0,14.36,14.64,14.36,14.6
2021-09-13,1,14.6,15.04,14.56,14.84
2021-09-14,0,14.88,14.96,14.8,14.84
2021-09-15,0,14.8,14.8,14.64,14.68
2021-09-16,0,14.72,14.8,14.64,14.72
2021-09-17,0,14.76,14.76,14.56,14.56
2021-09-22,1,14.24,14.4,14.16,14.32
2021-09-23,0,14.4,14.48,14.36,14.44
2021-09-24,0,14.56,14.64,14.36,14.44
2021-09-27,1,14.44,14.48,14.32,14.4
2021-09-28,0,14.36,14.44,14.24,14.44
2021-09-29,1,14.36,14.4,14.28,14.4
2021-09-30,1,14.32,14.48,14.28,14.48
2021-10-01,1,14.44,14.44,14.16,14.2
2021-10-04,1,14.36,14.36,14.16,14.24
2021-10-05,1,14.24,14.32,14.2,14.28
2021-10-06,1,14.32,14.36,14.2,14.28
2021-10-07,0,14.32,14.44,14.32,14.4
2021-10-08,1,14.44,14.44,14.32,14.36
2021-10-12,1,14.24,14.4,14.12,14.4
2021-10-13,1,14.4,14.4,14.28,14.36
2021-10-14,1,14.4,14.4,14.28,14.32
2021-10-15,1,14.4,14.56,14.36,14.56
2021-10-18,0,14.64,15.0,14.6,14.92
2021-10-19,1,15.0,15.04,14.8,14.88
2021-10-20,1,14.96,14.96,14.76,14.8
2021-10-21,0,14.88,14.92,14.76,14.8
2021-10-22,1,14.8,14.88,14.76,14.8
2021-10-25,0,14.8,14.88,14.72,14.88
2021-10-26,0,14.88,14.96,14.8,14.84
2021-10-27,0,14.84,14.84,14.64,14.72
2021-10-28,0,14.72,14.76,14.64,14.76
2021-10-29,1,14.72,14.76,14.6,14.6
2021-11-01,1,14.64,14.72,14.52,14.6
2021-11-02,1,14.64,14.64,14.52,14.52
2021-11-03,1,14.52,14.56,14.44,14.52
2021-11-04,0,14.56,14.6,14.52,14.56
2021-11-05,1,14.56,14.6,14.44,14.6
2021-11-08,1,14.6,14.6,14.52,14.56
2021-11-09,0,14.56,14.64,14.52,14.64
2021-11-10,1,14.6,14.64,14.52,14.64
2021-11-11,1,14.64,14.76,14.6,14.76
2021-11-12,1,14.8,14.84,14.68,14.76
2021-11-15,1,14.8,14.96,14.8,14.84
2021-11-16,0,14.92,15.0,14.88,14.96
2021-11-17,0,15.08,15.48,15.04,15.4
2021-11-18,1,15.48,15.56,15.28,15.44
2021-11-19,0,15.44,15.44,15.04,15.16
2021-11-22,0,15.12,15.16,14.88,14.96
2021-11-23,0,14.96,15.0,14.8,14.88
2021-11-24,0,14.84,15.04,14.84,14.88
2021-11-25,0,14.92,14.96,14.88,14.96
2021-11-26,0,14.88,14.92,14.64,14.68
2021-11-29,1,14.48,14.56,14.4,14.56
2021-11-30,0,14.56,14.88,14.52,14.88
2021-12-01,0,14.64,14.92,14.56,14.92
2021-12-02,0,14.88,14.88,14.64,14.88
2021-12-03,1,14.88,14.92,14.8,14.84
2021-12-06,0,14.84,14.96,14.76,14.96
2021-12-07,1,14.96,15.12,14.88,15.12
2021-12-08,0,15.2,15.2,14.96,15.08
2021-12-09,0,15.12,15.2,15.08,15.2
2021-12-10,0,15.16,15.28,15.12,15.16
2021-12-13,0,15.16,15.2,15.08,15.12
2021-12-14,0,15.04,15.08,14.88,15.0
2021-12-15,1,14.96,14.96,14.88,14.92
2021-12-16,1,14.92,14.96,14.84,14.92
2021-12-17,1,14.92,15.0,14.88,15.0
2021-12-20,0,14.92,15.0,14.8,14.84
2021-12-21,0,14.84,14.92,14.8,14.88
2021-12-22,0,14.92,14.96,14.84,14.92
2021-12-23,1,14.92,14.96,14.88,14.92
2021-12-24,0,14.92,15.0,14.92,15.0
2021-12-27,1,15.0,15.04,14.96,15.0
2021-12-28,1,15.0,15.16,14.96,15.12
2021-12-29,1,15.12,15.2,15.12,15.16
2021-12-30,0,15.16,15.2,15.12,15.16
2022-01-03,1,15.2,15.24,15.04,15.08
2022-01-04,0,15.04,15.08,15.0,15.04
2022-01-05,0,15.0,15.04,14.96,15.0
2022-01-06,0,15.04,15.12,14.96,15.08
2022-01-07,1,15.12,15.32,15.08,15.16
2022-01-10,1,15.2,15.24,15.08,15.24
2022-01-11,1,15.24,15.52,15.24,15.52
2022-01-12,1,15.52,15.68,15.36,15.6
2022-01-13,0,15.64,16.44,15.64,16.4
2022-01-14,1,16.44,16.72,16.08,16.44
2022-01-17,0,16.44,16.72,16.16,16.4
2022-01-18,1,16.4,16.56,16.28,16.56
2022-01-19,0,16.48,16.64,16.4,16.44
2022-01-20,0,16.44,16.44,16.12,16.36
2022-01-21,0,16.16,16.24,15.96,16.12
2022-01-24,0,15.92,16.0,15.68,16.0
2022-01-25,0,15.8,15.84,15.6,15.76
2022-01-26,1,15.76,15.88,15.64,15.72
2022-02-07,0,15.72,16.2,15.68,16.08
2022-02-08,0,16.12,16.32,16.08,16.24
2022-02-09,0,16.32,16.48,16.24,16.36
2022-02-10,0,16.36,16.4,16.2,16.4
2022-02-11,0,16.28,16.48,16.24,16.44
2022-02-14,1,16.16,16.24,16.0,16.24
2022-02-15,0,16.2,16.24,16.04,16.08
2022-02-16,0,16.2,16.28,16.08,16.16
2022-02-17,0,16.2,16.28,16.08,16.16
2022-02-18,0,16.08,16.16,16.04,16.08
2022-02-21,1,16.04,16.08,15.96,16.04
2022-02-22,0,16.0,16.0,15.72,15.88
2022-02-23,0,15.8,15.92,15.72,15.88
2022-02-24,0,15.76,15.84,15.44,15.6
2022-02-25,0,15.6,15.68,15.36,15.6
2022-03-01,0,15.44,15.8,15.44,15.68
2022-03-02,1,15.64,15.68,15.52,15.68
2022-03-03,0,15.72,15.76,15.56,15.68
2022-03-04,1,15.52,15.56,15.4,15.48
2022-03-07,1,15.28,15.32,14.92,15.12
2022-03-08,0,14.72,14.88,14.56,14.6
2022-03-09,1,14.64,14.8,14.56,14.64
2022-03-10,0,14.8,15.28,14.76,15.16
2022-03-11,1,15.16,15.32,15.04,15.12
2022-03-14,1,15.08,15.2,15.04,15.08
2022-03-15,1,15.2,15.28,15.04,15.2
2022-03-16,1,15.24,15.36,15.16,15.36
2022-03-17,1,15.56,15.68,15.48,15.56
2022-03-18,1,15.6,15.84,15.56,15.68
2022-03-21,1,15.76,15.84,15.64,15.72
2022-03-22,0,15.8,15.92,15.72,15.84
2022-03-23,0,15.96,16.28,15.92,16.2
2022-03-24,0,16.24,16.24,16.0,16.12
2022-03-25,1,16.12,16.2,15.76,15.88
2022-03-28,0,15.8,15.96,15.68,15.96
2022-03-29,0,15.92,16.04,15.88,15.96
2022-03-30,0,16.04,16.28,16.04,16.12
2022-03-31,0,16.2,16.56,16.12,16.4
2022-04-01,0,16.32,16.64,16.2,16.48
2022-04-06,0,16.4,16.88,16.36,16.88
2022-04-07,0,16.84,16.96,16.52,16.56
2022-04-08,0,16.64,16.8,16.4,16.76
2022-04-11,0,16.6,16.92,16.4,16.56
2022-04-12,0,16.52,16.64,16.36,16.48
2022-04-13,0,16.52,16.6,16.24,16.44
2022-04-14,0,16.4,16.48,16.08,16.12
2022-04-15,0,16.08,16.24,15.92,16.0
2022-04-18,0,15.92,15.96,15.44,15.64
2022-04-19,0,15.64,15.88,15.52,15.52
2022-04-20,0,15.68,15.72,15.4,15.68
2022-04-21,0,15.72,15.76,15.36,15.44
2022-04-22,0,15.32,15.56,15.24,15.48
2022-04-25,0,15.32,15.36,15.12,15.32
2022-04-26,1,15.36,15.6,15.32,15.48
2022-04-27,0,15.32,15.44,15.2,15.28
2022-04-28,1,15.28,15.36,15.16,15.32
2022-04-29,0,15.36,15.6,15.36,15.52
2022-05-03,0,15.52,15.52,15.32,15.44
2022-05-04,0,15.48,15.56,15.36,15.52
2022-05-05,0,15.6,15.64,14.88,15.12
2022-05-06,0,14.8,14.88,14.56,14.72
2022-05-09,0,14.56,14.56,14.2,14.28
2022-05-10,0,13.8,14.12,13.64,14.0
2022-05-11,0,14.0,14.08,13.84,13.88
2022-05-12,1,13.8,13.8,13.24,13.36
2022-05-13,1,13.32,13.44,13.08,13.36
2022-05-16,1,13.4,13.6,13.2,13.44
2022-05-17,1,13.56,13.56,13.32,13.48
2022-05-18,1,13.48,13.88,13.44,13.8
2022-05-19,1,13.44,13.52,13.28,13.44
2022-05-20,1,13.56,13.76,13.52,13.64
2022-05-23,0,13.84,13.84,13.44,13.64
2022-05-24,1,13.64,13.8,13.6,13.6
2022-05-25,1,13.64,13.72,13.44,13.6
2022-05-26,0,13.72,13.8,13.48,13.56
2022-05-27,0,13.72,13.88,13.64,13.8
2022-05-30,0,13.96,14.24,13.92,14.16
2022-05-31,1,14.12,14.36,14.0,14.36
2022-06-01,0,14.28,14.32,14.04,14.04
2022-06-02,0,13.96,14.12,13.88,14.0
2022-06-06,0,14.16,14.64,14.08,14.4
2022-06-07,0,14.36,14.4,14.08,14.16
2022-06-08,0,14.24,14.24,14.04,14.08
2022-06-09,0,14.0,14.0,13.8,13.88
2022-06-10,0,13.68,13.84,13.6,13.72
2022-06-13,1,13.48,13.52,13.36,13.48
2022-06-14,0,13.4,13.6,13.36,13.52
2022-06-15,0,13.48,13.64,13.44,13.52
2022-06-16,0,13.76,13.8,13.52,13.52
2022-06-17,0,13.4,13.44,13.24,13.28
2022-06-20,0,13.52,13.8,13.24,13.36
2022-06-21,0,13.44,13.76,13.36,13.68
2022-06-22,0,13.76,13.8,13.44,13.48
2022-06-23,0,13.72,13.72,13.32,13.52
2022-06-24,0,13.72,13.72,13.48,13.56
2022-06-27,0,13.68,13.68,13.48,13.48
2022-06-28,0,13.6,13.6,13.44,13.52
2022-06-29,0,13.44,13.48,13.28,13.36
2022-06-30,0,13.32,13.32,13.04,13.04
2022-07-01,0,13.0,13.08,12.8,12.8
2022-07-04,0,12.8,13.04,12.64,12.84
2022-07-05,1,13.04,13.08,12.76,12.88
2022-07-06,0,12.84,12.84,12.6,12.6
2022-07-07,0,12.64,12.72,12.44,12.56
2022-07-08,0,12.6,12.8,12.6,12.72
2022-07-11,0,12.72,12.76,12.4,12.4
2022-07-12,1,12.28,12.28,11.88,11.88
2022-07-13,1,12.08,12.4,12.08,12.24
2022-07-14,1,12.24,12.36,12.12,12.24
2022-07-15,1,12.2,12.2,11.92,11.92
2022-07-18,1,12.04,12.24,11.96,12.16
2022-07-19,0,12.08,12.24,12.04,12.16
2022-07-20,0,12.24,12.4,12.04,12.12
2022-07-21,1,12.08,12.28,12.08,12.28
2022-07-22,1,12.2,12.6,12.16,12.48
2022-07-25,0,12.48,12.56,12.36,12.48
2022-07-26,1,12.48,12.52,12.36,12.44
2022-07-27,0,12.44,12.52,12.36,12.44
2022-07-28,1,12.52,12.64,12.44,12.56
2022-07-29,1,12.72,12.76,12.44,12.56
2022-08-01,0,12.6,12.64,12.52,12.64
2022-08-02,1,12.52,12.6,12.4,12.6
2022-08-03,1,12.56,12.6,12.44,12.52
2022-08-04,1,12.52,12.56,12.4,12.48
2022-08-05,0,12.6,12.68,12.56,12.64
2022-08-08,0,12.64,12.76,12.56,12.72
2022-08-09,1,12.6,12.76,12.56,12.72
2022-08-10,0,12.72,13.2,12.72,13.16
2022-08-11,0,13.44,13.64,13.32,13.52
2022-08-12,0,13.56,13.6,13.36,13.48
2022-08-15,0,13.6,13.76,13.56,13.68
2022-08-16,0,13.72,13.92,13.68,13.84
2022-08-17,1,13.88,14.04,13.84,13.96
2022-08-18,0,14.04,14.04,13.88,13.96
2022-08-19,0,13.96,14.0,13.84,14.0
2022-08-22,0,13.92,14.04,13.84,13.96
2022-08-23,1,13.92,13.96,13.84,13.88
2022-08-24,0,14.09,14.09,13.57,13.61
2022-08-25,0,13.61,13.79,13.61,13.65
2022-08-26,0,13.7,13.74,13.52,13.57
2022-08-29,1,13.31,13.35,13.22,13.22
2022-08-30,1,13.22,13.35,13.13,13.22
2022-08-31,1,13.18,13.31,13.13,13.22
2022-09-01,0,13.13,13.13,13.05,13.05
2022-09-02,1,13.05,13.09,12.96,12.96
2022-09-05,0,13.0,13.13,12.96,13.09
2022-09-06,1,13.18,13.26,13.13,13.22
2022-09-07,0,13.13,13.18,12.87,12.87
2022-09-08,0,12.92,13.13,12.79,13.09
2022-09-12,0,13.22,13.22,13.0,13.18
2022-09-13,0,13.22,13.26,13.09,13.13
2022-09-14,0,12.92,13.05,12.87,12.92
2022-09-15,1,12.92,13.13,12.92,13.05
2022-09-16,0,12.92,13.05,12.87,12.87
2022-09-19,1,12.96,13.05,12.92,12.92
2022-09-20,0,12.92,12.96,12.87,12.87
2022-09-21,0,12.87,12.87,12.7,12.74
2022-09-22,0,12.65,12.65,12.44,12.48
2022-09-23,0,12.39,12.61,12.39,12.48
2022-09-26,0,12.39,12.39,12.18,12.18
2022-09-27,1,12.18,12.39,12.09,12.13
2022-09-28,0,12.13,12.26,11.83,11.87
2022-09-29,0,12.0,12.13,11.96,12.05
2022-09-30,0,12.0,12.05,11.87,11.92
2022-10-03,0,11.83,11.92,11.65,11.7
2022-10-04,0,11.83,11.92,11.65,11.78
2022-10-05,0,11.83,12.05,11.83,11.87
2022-10-06,0,11.96,11.96,11.83,11.92
2022-10-07,0,11.83,12.05,11.83,11.96
2022-10-11,0,11.87,11.87,11.52,11.52
2022-10-12,0,11.57,11.65,11.44,11.57
2022-10-13,1,11.57,11.61,11.18,11.22
2022-10-14,1,11.39,11.44,11.22,11.22
2022-10-17,0,11.18,11.22,11.0,11.18
2022-10-18,0,11.39,11.44,11.22,11.39
2022-10-19,1,11.31,11.31,11.05,11.22
2022-10-20,1,11.0,11.22,10.83,11.18
2022-10-21,1,11.05,11.31,11.0,11.22
2022-10-24,1,11.39,11.48,11.22,11.31
2022-10-25,0,11.44,11.44,11.18,11.39
2022-10-26,1,11.44,11.7,11.31,11.65
2022-10-27,1,11.74,11.92,11.7,11.78
2022-10-28,1,11.78,11.87,11.65,11.7
2022-10-31,0,11.78,11.87,11.52,11.52
2022-11-01,1,11.61,11.83,11.57,11.78
2022-11-02,1,11.78,11.83,11.7,11.7
2022-11-03,0,11.57,11.65,11.48,11.52
2022-11-04,1,11.39,11.65,11.35,11.61
2022-11-07,1,11.7,11.87,11.65,11.87
2022-11-08,0,11.96,12.0,11.83,11.96
2022-11-09,0,12.05,12.31,12.0,12.31
2022-11-10,1,12.31,12.31,12.13,12.26
2022-11-11,1,12.61,12.7,12.44,12.7
2022-11-14,1,12.83,12.96,12.65,12.87
2022-11-15,0,12.83,12.96,12.7,12.92
2022-11-16,0,12.87,12.96,12.7,12.87
2022-11-17,1,12.83,12.87,12.57,12.65
2022-11-18,1,12.65,12.74,12.48,12.57
2022-11-21,1,12.57,12.74,12.48,12.7
2022-11-22,0,12.7,12.74,12.52,12.7
2022-11-23,0,12.79,12.83,12.65,12.79
2022-11-24,1,12.87,12.87,12.7,12.87
2022-11-25,1,12.83,12.92,12.74,12.92
2022-11-28,1,12.74,12.87,12.65,12.74
2022-11-29,0,12.87,13.05,12.7,13.05
2022-11-30,1,13.09,13.22,12.96,13.18
2022-12-01,0,13.22,13.31,13.05,13.13
2022-12-02,1,13.13,13.13,12.92,12.96
2022-12-05,1,12.96,13.05,12.87,12.92
2022-12-06,1,12.87,13.0,12.74,12.74
2022-12-07,0,12.79,13.18,12.79,13.13
2022-12-08,1,13.05,13.13,12.87,12.87
2022-12-09,1,13.0,13.09,12.96,13.09
2022-12-12,1,12.96,13.05,12.87,12.96
2022-12-13,1,13.05,13.09,12.96,13.0
2022-12-14,1,13.05,13.18,13.0,13.13
2022-12-15,1,13.05,13.18,13.0,13.13
2022-12-16,1,12.96,13.18,12.92,13.05
2022-12-19,1,12.92,13.26,12.92,13.26
2022-12-20,1,13.13,13.22,13.0,13.05
2022-12-21,1,13.05,13.09,13.0,13.09
2022-12-22,0,13.13,13.22,13.09,13.22
2022-12-23,1,13.05,13.22,13.05,13.22
2022-12-26,1,13.13,13.22,13.13,13.13
2022-12-27,1,13.18,13.26,13.18,13.22
2022-12-28,0,13.13,13.18,13.09,13.09
2022-12-29,1,13.05,13.13,12.87,13.09
2022-12-30,1,13.09,13.31,13.05,13.13
2023-01-03,1,13.13,13.13,12.96,13.13
2023-01-04,1,13.13,13.22,13.05,13.22
2023-01-05,1,13.22,13.39,13.22,13.39
2023-01-06,1,13.39,13.44,13.31,13.35
2023-01-09,1,13.44,13.61,13.39,13.61
2023-01-10,1,13.61,13.65,13.52,13.65
2023-01-11,1,13.65,13.7,13.52,13.57
2023-01-12,1,13.61,13.61,13.44,13.52
2023-01-13,0,13.61,13.74,13.57,13.65
2023-01-16,1,13.7,13.74,13.65,13.74
2023-01-17,0,13.74,13.79,13.7,13.74
2023-01-30,0,13.92,14.52,13.87,14.52
2023-01-31,0,14.39,14.39,14.09,14.13
2023-02-01,0,14.13,14.18,14.0,14.13
2023-02-02,0,14.13,14.18,13.96,14.13
2023-02-03,0,14.09,14.18,14.0,14.18
2023-02-06,1,14.18,14.22,14.05,14.05
2023-02-07,0,14.09,14.13,14.0,14.0
2023-02-08,0,14.05,14.05,13.96,14.0
2023-02-09,0,13.96,14.13,13.96,14.09
2023-02-10,1,14.0,14.13,14.0,14.05
2023-02-13,0,14.05,14.18,13.96,14.18
2023-02-14,0,14.18,14.26,14.18,14.22
2023-02-15,0,14.18,14.22,14.09,14.13
2023-02-16,0,14.18,14.22,14.13,14.13
2023-02-17,0,14.13,14.26,14.09,14.26
2023-02-20,0,14.26,14.48,14.22,14.44
2023-02-21,1,14.39,14.44,14.31,14.39
2023-02-22,0,14.31,14.44,14.22,14.39
2023-02-23,1,14.35,14.44,14.31,14.39
2023-02-24,0,14.44,14.44,14.31,14.31
2023-03-01,1,14.22,14.35,14.18,14.22
2023-03-02,1,14.22,14.31,14.09,14.22
2023-03-03,0,14.22,14.26,14.13,14.18
2023-03-06,0,14.26,14.26,14.13,14.26
2023-03-07,0,14.26,14.35,14.22,14.35
2023-03-08,1,14.31,14.35,14.26,14.35
2023-03-09,0,14.39,14.39,14.22,14.31
2023-03-10,1,14.18,14.18,14.05,14.05
2023-03-13,1,13.92,14.05,13.74,14.05
2023-03-14,1,13.83,13.87,13.74,13.79
2023-03-15,1,13.96,14.05,13.79,13.79
2023-03-16,1,13.7,13.74,13.52,13.57
2023-03-17,0,13.65,13.92,13.65,13.92
2023-03-20,0,13.92,13.96,13.83,13.87
2023-03-21,1,13.96,14.09,13.96,13.96
2023-03-22,1,14.09,14.18,14.0,14.18
2023-03-23,1,14.13,14.35,14.09,14.35
2023-03-24,0,14.35,14.35,14.22,14.35
2023-03-27,0,14.35,14.35,14.22,14.31
2023-03-28,1,14.31,14.35,14.22,14.26
2023-03-29,1,14.26,14.35,14.22,14.26
2023-03-30,1,14.31,14.31,14.18,14.26
2023-03-31,1,14.31,14.44,14.26,14.44
2023-04-06,1,14.44,14.48,14.35,14.48
2023-04-07,1,14.48,14.52,14.44,14.48
2023-04-10,1,14.48,14.52,14.44,14.52
2023-04-11,0,14.52,14.61,14.48,14.61
2023-04-12,1,14.61,14.74,14.57,14.74
2023-04-13,1,14.7,14.87,14.65,14.87
2023-04-14,0,14.87,14.92,14.83,14.92
2023-04-17,1,14.87,15.0,14.83,14.96
2023-04-18,0,14.96,15.0,14.87,15.0
2023-04-19,1,15.0,15.09,14.83,14.92
2023-04-20,1,14.79,14.87,14.7,14.83
2023-04-21,1,14.79,14.92,14.74,14.92
2023-04-24,1,14.79,14.96,14.79,14.96
2023-04-25,1,15.0,15.05,14.83,14.87
2023-04-26,1,14.83,15.0,14.83,15.0
2023-04-27,1,14.96,15.0,14.92,14.96
2023-04-28,1,15.0,15.05,14.92,15.05
2023-05-02,1,15.0,15.09,15.0,15.09
2023-05-03,1,15.09,15.09,15.0,15.05
2023-05-04,0,15.0,15.09,15.0,15.09
2023-05-05,1,15.13,15.31,15.13,15.26
2023-05-08,0,15.66,15.83,15.57,15.61
2023-05-09,1,15.66,15.7,15.52,15.7
2023-05-10,0,15.74,15.79,15.66,15.74
2023-05-11,0,15.74,15.96,15.7,15.92
2023-05-12,1,15.92,15.96,15.83,15.87
2023-05-15,1,15.83,15.87,15.66,15.79
2023-05-16,1,15.87,16.0,15.83,16.0
2023-05-17,1,15.96,16.13,15.92,16.09
2023-05-18,1,16.09,16.13,15.96,16.05
2023-05-19,1,16.05,16.09,15.92,16.05
2023-05-22,1,16.05,16.18,16.0,16.13
2023-05-23,1,16.13,16.31,16.05,16.31
2023-05-24,0,16.26,16.31,16.13,16.26
2023-05-25,0,16.18,16.22,15.96,15.96
2023-05-26,1,15.92,16.09,15.83,15.96
2023-05-29,1,15.96,16.09,15.92,16.0
2023-05-30,1,15.96,16.09,15.96,16.05
2023-05-31,1,16.05,16.09,15.96,15.96
2023-06-01,1,16.09,16.09,15.92,15.96
2023-06-02,0,15.96,16.09,15.92,16.05
2023-06-05,1,16.09,16.35,16.05,16.22
2023-06-06,0,16.22,16.31,16.13,16.22
2023-06-07,0,16.22,16.35,16.22,16.35
2023-06-08,0,16.35,16.39,16.31,16.39
2023-06-09,0,16.44,16.61,16.39,16.57
2023-06-12,0,16.66,16.79,16.44,16.52
2023-06-13,1,16.57,16.61,16.44,16.52
2023-06-14,0,16.52,16.66,16.44,16.61
2023-06-15,1,16.61,16.66,16.52,16.52
2023-06-16,1,16.48,16.61,16.44,16.52
2023-06-19,0,16.44,16.48,16.39,16.44
2023-06-20,0,16.44,16.52,16.39,16.52
2023-06-21,0,16.52,16.66,16.48,16.66
2023-06-26,0,16.61,16.74,16.52,16.66
2023-06-27,0,16.61,16.7,16.57,16.61
2023-06-28,1,16.57,16.61,16.52,16.57
2023-06-29,1,16.61,16.61,16.44,16.52
2023-06-30,1,16.44,16.57,16.39,16.44
2023-07-03,1,16.48,16.57,16.44,16.52
2023-07-04,1,16.52,16.57,16.44,16.44
2023-07-05,1,16.39,16.48,16.39,16.44
2023-07-06,1,16.44,16.44,16.0,16.09
2023-07-07,1,15.96,16.0,15.7,15.87
2023-07-10,1,15.87,16.18,15.87,15.96
2023-07-11,0,16.18,16.44,16.13,16.39
2023-07-12,1,16.39,16.44,16.31,16.39
2023-07-13,1,16.52,16.52,16.39,16.39
2023-07-14,1,16.44,16.57,16.39,16.57
2023-07-17,1,16.57,16.7,16.48,16.7
2023-07-18,0,16.7,16.92,16.7,16.87
2023-07-19,1,16.92,16.96,16.7,16.74
2023-07-20,0,16.79,16.87,16.7,16.83
2023-07-21,1,16.74,16.83,16.66,16.74
2023-07-24,1,16.79,16.79,16.66,16.66
2023-07-25,0,16.66,16.79,16.66,16.79
2023-07-26,0,16.94,17.22,16.89,17.13
2023-07-27,0,17.17,17.27,16.99,17.08
2023-07-28,0,17.08,17.08,16.99,17.03
2023-07-31,1,17.13,17.22,16.99,16.99
2023-08-01,1,16.99,17.13,16.99,17.08
2023-08-02,0,17.03,17.08,16.89,16.94
2023-08-04,1,16.94,17.03,16.85,16.94
2023-08-07,0,16.94,17.08,16.94,17.03
2023-08-08,0,17.03,17.03,16.89,16.89
2023-08-09,0,16.94,17.08,16.89,17.03
2023-08-10,0,16.99,17.03,16.94,16.94
2023-08-11,1,16.99,17.13,16.99,17.08
2023-08-14,0,17.08,17.08,16.76,16.85
2023-08-15,0,16.85,16.89,16.66,16.66
2023-08-16,1,16.52,16.57,16.29,16.43
2023-08-17,1,16.34,16.48,16.1,16.38
2023-08-18,1,16.34,16.57,16.29,16.43
2023-08-21,0,16.43,16.66,16.43,16.57
2023-08-22,0,16.62,16.66,16.52,16.57
2023-08-23,1,16.57,16.62,16.52,16.52
2023-08-24,1,16.57,16.62,16.52,16.57
2023-08-25,0,16.52,16.57,16.48,16.52
2023-08-28,1,16.57,16.71,16.52,16.57
2023-08-29,1,16.76,16.76,16.66,16.71
2023-08-30,0,16.76,16.89,16.71,16.8
2023-08-31,1,16.85,16.89,16.57,16.57
2023-09-01,0,16.62,16.8,16.62,16.66
2023-09-04,0,16.66,16.8,16.66,16.76
2023-09-05,0,16.71,16.8,16.71,16.71
2023-09-06,0,16.66,16.71,16.57,16.62
2023-09-07,1,16.57,16.62,16.48,16.52
2023-09-08,1,16.48,16.57,16.48,16.52
2023-09-11,1,16.52,16.57,16.48,16.52
2023-09-12,1,16.52,16.62,16.48,16.62
2023-09-13,0,16.62,16.62,16.52,16.57
2023-09-14,0,16.66,16.89,16.62,16.89
2023-09-15,1,16.89,17.03,16.8,17.03
2023-09-18,0,16.94,17.03,16.8,16.94
2023-09-19,0,16.85,16.89,16.8,16.85
2023-09-20,0,16.85,16.85,16.76,16.76
2023-09-21,0,16.71,16.71,16.48,16.57
2023-09-22,1,16.52,16.62,16.43,16.52
2023-09-25,0,16.62,16.71,16.57,16.62
2023-09-26,0,16.71,16.71,16.52,16.57
2023-09-27,0,16.57,16.76,16.52,16.66
2023-09-28,0,16.66,16.71,16.62,16.66
2023-10-02,1,16.71,16.71,16.62,16.62
2023-10-03,0,16.57,16.57,16.52,16.57
2023-10-04,0,16.48,16.52,16.34,16.38
2023-10-05,0,16.48,16.52,16.38,16.43
2023-10-06,0,16.48,16.66,16.43,16.52
2023-10-11,1,16.34,16.57,16.34,16.57
2023-10-12,1,16.57,16.76,16.57,16.76
2023-10-13,0,16.76,16.8,16.57,16.66
2023-10-16,0,16.57,16.66,16.57,16.66
2023-10-17,0,16.66,16.71,16.57,16.62
2023-10-18,0,16.66,16.66,16.57,16.66
2023-10-19,0,16.62,16.66,16.52,16.57
2023-10-20,1,16.48,16.57,16.15,16.52
2023-10-23,1,16.43,16.48,16.34,16.38
2023-10-24,1,16.38,16.43,16.2,16.38
2023-10-25,0,16.43,16.43,16.29,16.38
2023-10-26,1,16.24,16.34,16.2,16.2
2023-10-27,1,16.24,16.34,16.24,16.24
2023-10-30,1,16.24,16.24,16.01,16.15
2023-10-31,0,16.06,16.15,16.01,16.06
2023-11-01,1,16.06,16.15,15.96,16.06
2023-11-02,1,16.2,16.38,16.15,16.34
2023-11-03,1,16.43,16.52,16.29,16.43
2023-11-06,1,16.52,16.66,16.38,16.62
2023-11-07,0,16.52,16.62,16.52,16.57
2023-11-08,1,16.52,16.66,16.52,16.62
2023-11-09,0,16.62,16.62,16.52,16.52
2023-11-10,1,16.48,16.57,16.48,16.48
2023-11-13,0,16.57,16.62,16.48,16.57
2023-11-14,1,16.62,16.62,16.52,16.62
2023-11-15,0,16.71,16.8,16.62,16.76
2023-11-16,0,16.8,16.8,16.71,16.8
2023-11-17,0,16.85,16.89,16.76,16.76
2023-11-20,0,16.76,16.8,16.66,16.8
2023-11-21,0,16.8,17.03,16.8,17.03
2023-11-22,0,17.03,17.03,16.85,16.85
2023-11-23,0,16.85,16.89,16.76,16.85
2023-11-24,0,16.85,16.85,16.76,16.85
2023-11-27,0,16.85,16.94,16.76,16.8
2023-11-28,0,16.85,16.99,16.8,16.89
2023-11-29,1,16.89,16.94,16.76,16.8
2023-11-30,0,16.76,17.03,16.76,17.03
2023-12-01,0,16.89,16.94,16.76,16.76
2023-12-04,0,16.8,16.89,16.76,16.76
2023-12-05,0,16.71,16.76,16.66,16.66
2023-12-06,1,16.66,16.8,16.66,16.76
2023-12-07,0,16.76,16.76,16.66,16.76
2023-12-08,0,16.76,16.76,16.66,16.66
2023-12-11,0,16.71,16.76,16.62,16.76
2023-12-12,0,16.8,16.8,16.66,16.76
2023-12-13,1,16.76,16.76,16.66,16.71
2023-12-14,0,16.71,16.85,16.71,16.85
2023-12-15,0,16.85,16.85,16.62,16.62
2023-12-18,0,16.62,16.71,16.62,16.62
2023-12-19,0,16.57,16.62,16.38,16.52
2023-12-20,0,16.57,16.62,16.48,16.48
2023-12-21,0,16.38,16.57,16.38,16.52
2023-12-22,1,16.52,16.57,16.48,16.52
2023-12-25,0,16.48,16.57,16.48,16.57
2023-12-26,0,16.62,16.71,16.57,16.66
2023-12-27,0,16.66,16.76,16.62,16.71
2023-12-28,0,16.66,16.85,16.66,16.85
2023-12-29,0,16.85,16.85,16.76,16.85
2024-01-02,0,16.8,16.85,16.71,16.8
2024-01-03,0,16.71,16.76,16.57,16.62
2024-01-04,0,16.62,16.76,16.57,16.62
2024-01-05,1,16.62,16.71,16.62,16.62
2024-01-08,0,16.66,16.85,16.66,16.71
2024-01-09,0,16.71,16.71,16.62,16.62
2024-01-10,0,16.66,16.66,16.57,16.57
2024-01-11,0,16.57,16.66,16.52,16.57
2024-01-12,0,16.48,16.52,16.38,16.43
2024-01-15,0,16.43,16.52,16.38,16.38
2024-01-16,1,16.29,16.34,16.06,16.1
2024-01-17,0,16.06,16.06,15.82,15.82
2024-01-18,1,15.87,16.01,15.82,15.82
2024-01-19,1,15.82,16.01,15.82,15.92
2024-01-22,1,15.92,16.01,15.82,15.82
2024-01-23,0,15.82,15.96,15.82,15.87
2024-01-24,0,15.92,16.06,15.87,16.01
2024-01-25,1,16.01,16.1,15.96,16.01
2024-01-26,0,15.96,16.24,15.96,16.2
2024-01-29,0,16.15,16.24,16.1,16.15
2024-01-30,1,16.15,16.15,15.92,15.96
2024-01-31,1,15.92,16.01,15.87,15.96
2024-02-01,0,16.01,16.15,15.96,16.06
2024-02-02,1,16.06,16.1,15.96,16.01
2024-02-05,0,15.92,16.01,15.87,15.92
2024-02-15,1,15.92,16.15,15.87,15.96
2024-02-16,1,15.96,16.01,15.96,15.96
2024-02-19,1,16.06,16.15,16.01,16.15
2024-02-20,1,16.1,16.2,16.06,16.15
2024-02-21,1,16.2,16.24,16.15,16.24
2024-02-22,0,16.24,16.24,16.15,16.2
2024-02-23,0,16.2,16.24,16.1,16.1
2024-02-26,1,16.1,16.1,16.06,16.06
2024-02-27,1,16.06,16.2,16.01,16.06
2024-02-29,1,16.06,16.2,16.01,16.2
2024-03-01,0,16.15,16.2,16.1,16.15
2024-03-04,0,16.15,16.2,16.1,16.15
2024-03-05,1,16.1,16.2,16.1,16.1
2024-03-06,0,16.2,16.52,16.15,16.48
2024-03-07,1,16.43,16.52,16.38,16.48
2024-03-08,1,16.38,16.62,16.38,16.62
2024-03-11,1,16.62,16.71,16.52,16.57
2024-03-12,0,16.62,16.71,16.57,16.66
2024-03-13,0,16.57,16.76,16.57,16.71
2024-03-14,0,16.71,16.94,16.71,16.94
2024-03-15,0,16.94,16.94,16.66,16.89
2024-03-18,1,16.89,16.94,16.76,16.85
2024-03-19,1,16.71,16.76,16.62,16.66
2024-03-20,0,16.62,16.71,16.62,16.62
2024-03-21,0,16.66,16.85,16.66,16.8
2024-03-22,0,16.76,16.85,16.71,16.8
2024-03-25,0,16.76,16.8,16.71,16.71
2024-03-26,0,16.71,16.85,16.66,16.8
2024-03-27,0,16.8,16.8,16.76,16.8
2024-03-28,0,16.8,16.8,16.71,16.71
2024-03-29,0,16.8,16.89,16.71,16.76
2024-04-01,0,16.8,16.85,16.76,16.8
2024-04-02,0,16.8,16.85,16.76,16.8
2024-04-03,0,16.8,16.8,16.66,16.66
2024-04-08,1,16.66,16.85,16.66,16.8
2024-04-09,0,16.85,16.94,16.8,16.85
2024-04-10,0,16.85,16.89,16.76,16.85
2024-04-11,0,16.76,16.85,16.76,16.76
2024-04-12,0,16.71,16.76,16.66,16.66
2024-04-15,1,16.66,16.71,16.57,16.62
2024-04-16,0,16.57,16.62,16.2,16.2
2024-04-17,1,16.2,16.43,16.2,16.34
2024-04-18,1,16.29,16.43,16.2,16.38
2024-04-19,1,16.24,16.38,16.06,16.15
2024-04-22,1,16.24,16.48,16.24,16.43
2024-04-23,1,16.48,16.62,16.43,16.48
2024-04-24,1,16.52,16.57,16.43,16.43
2024-04-25,1,16.43,16.43,16.24,16.24
2024-04-26,1,16.38,16.52,16.38,16.38
2024-04-29,1,16.43,16.76,16.43,16.62
2024-04-30,1,16.71,16.94,16.71,16.71
2024-05-02,1,16.76,16.89,16.71,16.8
2024-05-03,1,16.99,17.22,16.94,17.08
2024-05-06,0,17.13,17.55,17.08,17.5
2024-05-07,0,17.5,17.55,17.22,17.41
2024-05-08,0,17.41,17.41,17.27,17.41
2024-05-09,1,17.41,17.45,17.22,17.22
2024-05-10,0,17.27,17.5,17.22,17.5
2024-05-13,1,17.5,17.5,17.31,17.5
2024-05-14,0,17.5,17.5,17.36,17.41
2024-05-15,0,17.45,17.55,17.36,17.41
2024-05-16,1,17.41,17.5,17.41,17.5
2024-05-17,0,17.5,17.59,17.41,17.59
2024-05-20,1,17.59,17.69,17.55,17.69
2024-05-21,0,17.69,17.69,17.41,17.55
2024-05-22,0,17.55,17.59,17.5,17.59
2024-05-23,1,17.41,17.5,17.36,17.41
2024-05-24,0,17.31,17.45,17.27,17.31
2024-05-27,0,17.31,17.41,17.22,17.22
2024-05-28,1,17.27,17.36,17.22,17.31
2024-05-29,1,17.27,17.31,17.03,17.03
2024-05-30,1,16.99,17.13,16.94,16.99
2024-05-31,1,17.03,17.22,16.99,17.13
2024-06-03,1,17.17,17.31,17.17,17.22
2024-06-04,1,17.13,17.22,17.03,17.13
2024-06-05,1,17.08,17.17,17.03,17.13
2024-06-06,0,17.13,17.36,17.13,17.31
2024-06-07,0,17.31,17.5,17.31,17.5
2024-06-11,0,17.31,17.5,17.27,17.36
2024-06-12,1,17.31,17.41,17.27,17.27
2024-06-13,1,17.36,17.45,17.31,17.31
2024-06-14,1,17.31,17.45,17.31,17.45
2024-06-17,1,17.45,17.5,17.36,17.41
2024-06-18,1,17.45,17.45,17.31,17.36
2024-06-19,1,17.41,17.5,17.36,17.36
2024-06-20,0,17.41,17.45,17.31,17.31
2024-06-21,0,17.36,17.5,17.36,17.41
2024-06-24,1,17.41,17.5,17.31,17.45
2024-06-25,1,17.55,17.64,17.5,17.64
2024-06-26,1,17.59,17.64,17.45,17.5
2024-06-27,1,17.36,17.45,17.36,17.45
2024-06-28,1,17.45,17.59,17.45,17.55
2024-07-01,1,17.59,17.59,17.5,17.55
2024-07-02,1,17.5,17.55,17.41,17.5
2024-07-03,1,17.55,17.87,17.55,17.87
2024-07-04,1,17.92,18.01,17.78,17.97
2024-07-05,1,17.97,18.01,17.92,17.92
2024-07-08,1,17.92,18.15,17.92,18.15
2024-07-09,0,18.24,18.29,18.11,18.24
2024-07-10,0,18.29,18.43,18.24,18.38
2024-07-11,0,18.52,18.66,18.52,18.57
2024-07-12,1,18.57,18.66,18.52,18.66
2024-07-15,0,18.71,18.76,18.52,18.62
2024-07-16,0,18.62,18.62,18.43,18.62
2024-07-17,0,18.62,18.66,18.48,18.52
2024-07-18,0,18.52,18.66,18.34,18.57
2024-07-19,1,18.62,18.62,18.15,18.38
2024-07-22,0,18.29,18.29,18.06,18.24
2024-07-23,0,18.29,18.62,18.29,18.62
2024-07-26,0,18.48,18.66,18.43,18.66
2024-07-29,0,18.66,18.99,18.66,18.99
2024-07-30,0,18.94,18.94,18.66,18.8
2024-07-31,0,18.8,18.99,18.76,18.9
2024-08-01,0,18.94,18.94,18.66,18.76
2024-08-02,0,18.62,18.71,18.38,18.71
2024-08-05,0,18.24,18.24,17.41,17.5
2024-08-06,0,17.95,17.95,16.95,17.55
2024-08-07,1,17.4,17.55,17.3,17.5
2024-08-08,1,17.45,17.8,17.35,17.7
2024-08-09,1,17.75,18.2,17.75,17.9
2024-08-12,0,18.0,18.3,18.0,18.2
2024-08-13,1,18.25,18.3,18.1,18.3
2024-08-14,0,18.4,18.8,18.35,18.8
2024-08-15,1,18.9,18.95,18.35,18.35
2024-08-16,1,18.6,18.8,18.5,18.8
2024-08-19,1,18.8,18.8,18.6,18.6
2024-08-20,0,18.7,18.75,18.6,18.75
2024-08-21,0,18.75,18.8,18.6,18.8
2024-08-22,0,18.8,18.8,18.8,18.8
2024-08-23,0,19.4,19.45,19.0,19.4
2024-08-26,0,19.45,20.1,19.4,20.0
2024-08-27,1,20.05,20.05,19.2,19.2
2024-08-28,0,19.2,19.2,18.7,18.9
2024-08-29,0,18.7,18.75,18.4,18.4
2024-08-30,1,18.5,18.6,18.4,18.5
2024-09-02,0,18.55,18.8,18.55,18.65
2024-09-03,1,18.6,18.6,18.25,18.45
2024-09-04,1,17.95,18.2,17.75,18.15
2024-09-05,0,18.2,18.5,18.1,18.2
2024-09-06,1,18.2,18.6,18.1,18.45
2024-09-09,0,18.15,18.9,18.05,18.7
2024-09-10,0,18.75,18.9,18.5,18.8
2024-09-11,0,18.75,18.8,18.3,18.5
2024-09-12,0,18.5,18.5,17.8,18.3
2024-09-13,0,18.35,18.75,18.3,18.75
2024-09-16,0,18.75,18.9,18.6,18.85
2024-09-18,0,18.7,18.7,18.1,18.2
2024-09-19,0,18.25,18.65,18.2,18.55
2024-09-20,0,18.5,18.55,18.1,18.25
2024-09-23,0,18.3,18.4,18.1,18.3
2024-09-24,0,18.15,18.4,18.1,18.4
2024-09-25,0,18.4,18.4,18.25,18.4
2024-09-26,0,18.4,18.45,18.2,18.4
2024-09-27,0,18.4,18.4,18.25,18.4
2024-09-30,0,18.4,18.5,18.3,18.4
2024-10-01,0,18.3,18.4,18.25,18.4
2024-10-04,0,18.25,18.3,18.15,18.2
2024-10-07,1,18.15,18.2,18.1,18.2
2024-10-08,0,18.05,18.2,17.9,18.2
2024-10-09,0,18.15,18.2,18.0,18.1
2024-10-11,0,18.0,18.05,17.75,17.75
2024-10-14,0,17.65,17.7,17.35,17.45
2024-10-15,0,17.4,17.55,17.1,17.55
2024-10-16,0,17.2,17.35,17.2,17.35
2024-10-17,0,17.5,17.5,17.3,17.45
2024-10-18,1,17.6,17.65,17.45,17.55
2024-10-21,0,17.6,17.6,17.35,17.5
2024-10-22,0,17.45,17.5,17.35,17.45
2024-10-23,0,17.45,17.5,17.2,17.2
2024-10-24,0,17.15,17.3,17.15,17.2
2024-10-25,1,17.2,17.25,17.15,17.2
2024-10-28,0,17.3,17.45,17.2,17.25
2024-10-29,0,17.2,17.25,17.1,17.2
2024-10-30,1,17.25,17.25,17.0,17.1
2024-11-01,1,16.85,17.05,16.85,17.0
2024-11-04,0,17.0,17.1,17.0,17.1
2024-11-05,0,17.1,17.3,17.1,17.15
2024-11-06,0,17.25,17.25,17.05,17.05
2024-11-07,0,17.05,17.2,17.05,17.2
2024-11-08,1,17.2,17.25,17.1,17.15
2024-11-11,1,17.2,17.25,17.05,17.15
2024-11-12,0,17.05,17.15,16.95,17.0
2024-11-13,1,16.95,17.05,16.9,17.05
2024-11-14,1,17.0,17.05,16.8,16.85
2024-11-15,1,16.8,17.05,16.8,16.9
2024-11-18,1,16.9,17.05,16.9,16.9
2024-11-19,1,17.0,17.5,16.95,17.45
2024-11-20,0,17.4,17.45,17.2,17.35
2024-11-21,1,17.4,17.4,17.2,17.25
2024-11-22,1,17.4,17.45,17.3,17.35
2024-11-25,0,17.35,18.0,17.3,18.0
2024-11-26,0,17.75,17.75,17.45,17.55
2024-11-27,0,17.55,17.65,17.35,17.45
2024-11-28,1,17.45,17.45,17.25,17.3
2024-11-29,0,17.2,17.3,17.1,17.1
2024-12-02,1,17.25,17.5,17.25,17.4
2024-12-03,0,17.4,17.55,17.35,17.5
2024-12-04,0,17.5,17.5,17.3,17.3
2024-12-05,0,17.3,17.5,17.3,17.45
2024-12-06,1,17.45,17.55,17.4,17.45
2024-12-09,0,17.5,17.75,17.45,17.65
2024-12-10,0,17.65,17.8,17.65,17.7
2024-12-11,0,17.6,17.75,17.55,17.55
2024-12-12,0,17.55,17.75,17.55,17.7
2024-12-13,0,17.65,17.7,17.45,17.45
2024-12-16,1,17.45,17.6,17.4,17.4
2024-12-17,0,17.4,17.6,17.35,17.5
2024-12-18,0,17.5,17.7,17.45,17.6
2024-12-19,0,17.35,17.4,17.2,17.3
2024-12-20,1,17.25,17.25,17.1,17.1
2024-12-23,1,17.15,17.65,17.15,17.5
2024-12-24,0,17.6,17.8,17.5,17.8
2024-12-25,0,17.8,17.8,17.55,17.75
2024-12-26,0,17.7,17.75,17.55,17.7
2024-12-27,0,17.65,17.7,17.55,17.6
2024-12-30,0,17.6,17.65,17.55,17.65
2024-12-31,0,17.5,17.6,17.35,17.4
2025-01-02,0,17.4,17.55,17.35,17.55
2025-01-03,0,17.55,17.7,17.4,17.55
2025-01-06,0,17.6,17.75,17.55,17.75
2025-01-07,0,17.65,17.85,17.6,17.65
2025-01-08,0,17.7,17.85,17.65,17.65
2025-01-09,0,17.8,17.85,17.4,17.5
2025-01-10,0,17.5,17.65,17.4,17.4
2025-01-13,1,17.35,17.45,17.2,17.25
2025-01-14,0,17.3,17.45,17.25,17.35
2025-01-15,0,17.4,17.5,17.3,17.4
2025-01-16,0,17.5,17.6,17.4,17.45
2025-01-17,0,17.45,17.5,17.3,17.3
2025-01-20,0,17.35,17.4,17.25,17.3
2025-01-21,1,17.35,17.55,17.35,17.4
2025-01-22,0,17.5,17.55,17.4,17.45
2025-02-03,0,17.3,17.55,17.25,17.35
2025-02-04,0,17.45,17.55,17.35,17.4
2025-02-05,1,17.5,17.5,17.35,17.4
2025-02-06,1,17.4,17.5,17.35,17.5
2025-02-07,0,17.45,17.5,17.4,17.45
2025-02-10,1,17.4,17.45,17.25,17.3
2025-02-11,0,17.3,17.35,17.2,17.35
2025-02-12,0,17.4,17.4,17.25,17.35
2025-02-13,1,17.25,17.4,17.25,17.4
2025-02-14,1,17.35,17.35,17.25,17.25
2025-02-17,1,17.4,17.4,17.3,17.3
2025-02-18,1,17.35,17.4,17.3,17.4
2025-02-19,1,17.4,17.5,17.35,17.45
2025-02-20,1,17.45,17.5,17.4,17.4
2025-02-21,0,17.45,17.5,17.4,17.5
2025-02-24,1,17.5,17.5,17.45,17.45
2025-02-25,1,17.4,17.55,17.4,17.45
2025-02-26,0,17.45,17.5,17.35,17.4
2025-02-27,0,17.4,17.5,17.35,17.4
2025-03-03,0,17.45,17.5,17.4,17.5
2025-03-04,1,17.4,17.5,17.35,17.4
2025-03-05,1,17.45,17.5,17.4,17.4
2025-03-06,0,17.55,17.8,17.55,17.65
2025-03-07,0,17.65,17.7,17.6,17.7
2025-03-10,1,17.7,17.75,17.6,17.6
2025-03-11,1,17.55,17.65,17.4,17.6
2025-03-12,1,17.6,17.65,17.5,17.5
2025-03-13,1,17.6,17.65,17.45,17.45
2025-03-14,1,17.55,17.65,17.45,17.45
2025-03-17,0,17.5,17.65,17.5,17.5
2025-03-18,0,17.6,17.7,17.55,17.6
2025-03-19,1,17.6,17.65,17.55,17.55
2025-03-20,0,17.6,17.65,17.6,17.6
2025-03-21,0,17.6,17.8,17.6,17.65
2025-03-24,0,17.75,17.85,17.7,17.7
2025-03-25,0,17.8,17.85,17.7,17.7
2025-03-26,0,17.7,17.85,17.7,17.8
2025-03-27,0,17.8,17.85,17.7,17.8
2025-03-28,0,17.8,17.8,17.55,17.6
2025-03-31,0,17.45,17.45,17.2,17.2
2025-04-01,0,17.45,17.6,17.3,17.35
2025-04-02,1,17.3,17.35,17.15,17.3
2025-04-07,1,15.6,15.75,15.6,15.6
2025-04-08,0,15.45,15.9,14.95,15.25
2025-04-09,0,15.05,15.25,14.15,14.2
2025-04-10,1,15.6,15.6,15.35,15.6
2025-04-11,1,15.2,15.55,14.9,15.35
2025-04-14,1,15.4,15.75,15.4,15.65
2025-04-15,0,15.7,16.15,15.65,16.15
2025-04-16,0,16.05,16.05,15.7,15.85
2025-04-17,1,15.85,15.9,15.65,15.65
2025-04-18,1,15.8,15.8,15.65,15.7
2025-04-21,1,15.7,15.8,15.6,15.65
2025-04-22,0,15.6,15.6,15.35,15.45
2025-04-23,1,15.6,15.75,15.6,15.75
2025-04-24,1,15.8,15.85,15.6,15.8
2025-04-25,1,15.9,16.2,15.9,16.15
2025-04-28,1,16.2,16.3,16.1,16.2
2025-04-29,0,16.25,16.4,16.2,16.3
2025-04-30,0,16.4,16.7,16.35,16.7
2025-05-02,1,16.55,16.65,16.25,16.45
2025-05-05,1,16.4,16.4,15.8,15.8
2025-05-06,0,15.75,16.0,15.7,15.95
2025-05-07,0,16.1,16.1,15.9,16.1
2025-05-08,1,16.15,16.2,16.05,16.1
2025-05-09,1,16.1,16.25,16.0,16.2
2025-05-12,0,16.3,16.4,16.2,16.3
2025-05-13,0,16.35,16.4,16.25,16.35
2025-05-14,0,16.35,16.4,16.25,16.4
2025-05-15,0,16.4,16.7,16.4,16.65
2025-05-16,0,16.6,17.0,16.6,16.95
2025-05-19,0,16.95,17.1,16.75,16.8
2025-05-20,0,16.8,16.85,16.7,16.75
2025-05-21,0,16.8,16.95,16.6,16.8
2025-05-22,1,16.65,16.85,16.6,16.75
2025-05-23,0,16.75,17.1,16.75,17.1
2025-05-26,1,17.0,17.25,16.95,17.15
2025-05-27,0,17.2,17.25,17.1,17.15
2025-05-28,1,17.2,17.25,17.0,17.15
2025-05-29,0,17.25,17.25,16.9,17.15
2025-06-02,0,17.0,17.0,16.55,16.6
2025-06-03,0,16.5,16.85,16.5,16.7
2025-06-04,0,16.8,16.85,16.65,16.75
2025-06-05,1,15.84,15.98,15.74,15.84
2025-06-06,0,15.84,16.12,15.74,16.08
2025-06-09,1,16.17,16.22,15.93,15.98
2025-06-10,1,16.03,16.08,15.89,15.93
2025-06-11,0,15.84,15.89,15.65,15.74
2025-06-12,0,15.74,15.89,15.7,15.89
2025-06-13,0,15.74,15.89,15.7,15.79
2025-06-16,0,15.84,15.93,15.74,15.89
2025-06-17,1,15.89,15.98,15.79,15.79
2025-06-18,0,15.84,15.98,15.79,15.89
2025-06-19,0,15.89,15.89,15.7,15.74
2025-06-20,0,15.74,15.89,15.56,15.56
2025-06-23,1,15.37,15.41,15.04,15.04
2025-06-24,1,15.13,15.37,14.94,14.94
2025-06-25,1,15.04,15.13,14.94,14.94
2025-06-26,0,14.99,15.27,14.94,14.99
2025-06-27,1,15.04,15.18,14.99,15.08
2025-06-30,0,15.13,15.13,14.89,14.89
2025-07-01,1,14.89,15.08,14.89,14.89
2025-07-02,1,14.94,15.13,14.89,15.13
2025-07-03,1,15.13,15.32,15.08,15.27
2025-07-04,1,15.32,15.32,15.08,15.08
2025-07-07,1,15.08,15.32,15.04,15.18
2025-07-08,1,15.13,15.32,15.08,15.32
2025-07-09,0,15.22,15.46,15.13,15.37
2025-07-10,1,15.27,15.98,15.22,15.98
2025-07-11,0,15.89,17.3,15.74,17.3
2025-07-14,0,16.88,17.59,16.64,17.59
2025-07-15,1,17.4,17.4,16.97,17.16
2025-07-16,0,17.12,17.26,16.97,17.21
2025-07-17,1,17.02,17.4,16.93,17.4
2025-07-18,0,17.21,17.26,16.97,17.02
2025-07-21,0,16.93,16.97,16.6,16.64
2025-07-22,0,16.55,16.6,16.31,16.36
2025-07-23,0,16.22,16.45,16.22,16.45
2025-07-24,1,15.56,15.79,15.41,15.41
2025-07-25,1,15.41,15.6,15.37,15.51
2025-07-28,1,15.6,15.7,15.41,15.41
2025-07-29,1,15.56,15.56,15.22,15.32
2025-07-30,1,15.37,15.51,15.32,15.51
2025-07-31,1,15.51,15.51,15.32,15.46
2025-08-01,1,15.32,15.56,15.27,15.46
2025-08-04,1,15.46,15.7,15.46,15.7
2025-08-05,1,15.74,15.84,15.7,15.74
2025-08-06,1,15.74,15.84,15.7,15.79
2025-08-07,1,15.79,15.84,15.7,15.7
2025-08-08,1,15.74,15.79,15.65,15.7
2025-08-11,1,15.7,15.7,15.6,15.65
2025-08-12,1,15.85,16.05,15.75,15.95
2025-08-13,1,16.05,16.15,15.95,16.15
2025-08-14,0,16.2,16.4,16.15,16.4
2025-08-15,0,16.45,16.45,16.15,16.25
2025-08-18,1,16.2,16.3,16.1,16.3
2025-08-19,1,16.2,16.3,16.15,16.25
2025-08-20,1,16.3,16.35,16.1,16.3
2025-08-21,1,16.35,16.45,16.3,16.4
2025-08-22,1,16.35,16.4,16.25,16.3
2025-08-25,0,16.4,16.45,16.3,16.4
2025-08-26,1,16.35,16.4,16.1,16.1
2025-08-27,0,16.15,16.35,16.15,16.25
2025-08-28,1,16.3,16.35,16.2,16.35
2025-08-29,1,16.35,16.4,16.2,16.25
2025-09-01,1,16.25,16.4,16.2,16.4
2025-09-02,1,16.4,16.65,16.4,16.65
2025-09-03,1,16.65,16.95,16.6,16.95
2025-09-04,0,17.0,17.3,17.0,17.25
2025-09-05,1,17.2,17.25,16.9,17.1
2025-09-08,0,17.1,17.15,16.95,17.1
2025-09-09,1,17.15,17.2,17.05,17.2
2025-09-10,1,17.25,17.3,17.15,17.3
2025-09-11,1,17.35,17.45,17.1,17.2
2025-09-12,1,17.2,17.35,17.2,17.3
2025-09-15,1,17.3,17.5,17.3,17.45
2025-09-16,0,17.4,17.55,17.4,17.55
2025-09-17,0,17.55,17.55,17.3,17.35
2025-09-18,1,17.4,17.55,17.25,17.55
2025-09-19,0,17.5,17.6,17.35,17.35
2025-09-22,1,17.45,17.55,17.4,17.5
2025-09-23,1,17.45,17.65,17.4,17.65
2025-09-24,1,17.65,17.8,17.65,17.75
2025-09-25,1,17.8,18.1,17.7,17.7
2025-09-26,1,17.8,17.85,17.6,17.8
2025-09-30,1,17.9,18.05,17.85,18.0
2025-10-01,1,18.1,18.2,18.0,18.2
2025-10-02,1,18.25,18.3,18.05,18.2
2025-10-03,0,18.2,18.25,18.0,18.25
2025-10-07,1,18.2,18.5,18.0,18.4
2025-10-08,1,18.45,18.6,18.4,18.45
2025-10-09,1,18.5,18.8,18.5,18.8
2025-10-13,1,18.45,18.6,18.15,18.55
2025-10-14,0,18.85,19.25,18.8,19.0
2025-10-15,1,19.15,19.9,18.95,19.8
2025-10-16,0,19.9,19.9,19.4,19.65
2025-10-17,0,19.5,19.6,19.0,19.4
2025-10-20,0,19.45,19.8,19.45,19.75
2025-10-21,1,19.75,19.75,19.45,19.7
2025-10-22,0,19.7,19.8,19.6,19.75
2025-10-23,0,19.7,19.8,19.4,19.5
2025-10-27,0,19.65,19.65,18.8,19.25
2025-10-28,0,19.4,19.4,18.95,19.0
2025-10-29,1,19.1,19.15,18.9,19.0
2025-10-30,0,19.0,19.0,18.8,18.9
2025-10-31,0,19.0,19.0,18.7,18.7
2025-11-03,0,18.75,19.1,18.7,18.95
2025-11-04,1,18.9,19.15,18.9,19.0
2025-11-05,0,19.0,19.2,18.85,19.1
2025-11-06,1,19.25,19.25,18.95,19.05
2025-11-07,0,19.05,19.05,18.9,18.95
2025-11-10,0,19.1,19.25,18.9,18.95
2025-11-11,0,19.25,19.5,19.25,19.3
2025-11-12,0,19.5,19.5,19.15,19.15
2025-11-13,0,19.15,19.2,18.95,19.0
2025-11-14,0,18.95,19.0,18.8,18.9
2025-11-17,0,18.85,18.95,18.75,18.85
2025-11-18,1,18.7,18.7,18.4,18.5
2025-11-19,0,18.5,18.5,18.35,18.4
2025-11-20,0,18.45,18.6,18.45,18.55
2025-11-21,0,18.4,18.55,18.3,18.35
2025-11-24,1,18.4,18.65,18.35,18.5
2025-11-25,1,18.65,18.8,18.55,18.6
2025-11-26,0,18.7,18.8,18.55,18.55
2025-11-27,1,18.5,18.7,18.5,18.65
2025-11-28,0,18.4,18.4,18.0,18.05
2025-12-01,0,18.1,18.5,18.1,18.35
2025-12-02,1,18.4,19.0,18.4,18.8
2025-12-03,1,18.8,18.85,18.65,18.75
2025-12-04,0,18.85,19.15,18.8,19.15
2025-12-05,1,19.15,19.25,19.1,19.25
2025-12-08,1,19.25,19.35,19.1,19.1
2025-12-09,0,19.1,19.25,19.05,19.25
2025-12-10,1,19.15,19.25,19.15,19.15
2025-12-11,1,19.3,19.35,19.15,19.25
2025-12-12,1,19.3,19.5,19.25,19.4
2025-12-15,1,19.3,19.5,19.15,19.35
2025-12-16,1,19.25,20.15,19.2,20.05
2025-12-17,0,20.2,21.6,20.15,21.25
2025-12-18,0,21.65,21.7,21.2,21.3
2025-12-19,0,21.1,21.9,21.1,21.4
2025-12-22,0,21.45,21.65,21.2,21.2
2025-12-23,1,21.2,21.25,20.9,20.9
2025-12-24,1,21.05,21.25,20.75,20.75
2025-12-26,1,20.8,20.95,20.6,20.6
2025-12-29,0,20.6,20.8,20.2,20.4
2025-12-30,1,20.3,20.7,20.3,20.55
2025-12-31,1,20.6,20.75,20.4,20.4
2026-01-02,1,20.4,20.65,20.35,20.4
2026-01-05,0,20.4,21.25,20.4,21.0
2026-01-06,1,21.2,21.25,20.9,20.9
2026-01-07,0,20.8,20.95,20.7,20.85
2026-01-08,1,20.9,21.0,20.65,20.75
2026-01-09,1,20.75,20.95,20.55,20.85
2026-01-12,1,20.95,21.05,20.8,20.9
2026-01-13,1,20.85,21.1,20.8,21.05
2026-01-14,1,21.1,21.25,21.0,21.25
2026-01-15,1,21.25,21.65,21.25,21.6
2026-01-16,1,21.75,21.9,21.65,21.85
2026-01-19,1,21.85,22.9,21.65,22.85
2026-01-20,1,22.95,23.1,22.75,22.9
2026-01-21,0,22.7,22.8,22.05,22.1
2026-01-22,1,22.4,22.5,22.05,22.1
2026-01-23,1,22.3,22.4,22.1,22.15
2026-01-26,1,22.2,23.0,22.1,22.9
2026-01-27,1,22.9,23.35,22.9,23.2
2026-01-28,1,23.35,23.4,22.7,22.85
2026-01-29,1,22.85,23.1,22.6,22.85
2026-01-30,1,22.95,23.05,22.55,22.7
2026-02-02,0,22.65,22.7,22.2,22.35
2026-02-03,1,22.65,23.1,22.65,22.35
2026-02-04,1,22.8,23.45,22.75,23.05
2026-02-05,1,23.15,23.3,23.05,23.1
2026-02-06,0,23.05,23.35,22.8,23.35
2026-02-09,0,23.5,24.0,23.4,23.8
2026-02-10,0,23.9,24.0,23.7,23.95
2026-02-11,0,24.0,24.2,23.9,24.0
2026-02-23,0,24.7,25.45,24.7,25.3
2026-02-24,0,25.5,25.5,24.75,25.3
2026-02-25,1,25.3,25.4,24.9,24.9
2026-02-26,0,24.9,26.0,24.85,25.6
2026-03-02,1,25.05,25.35,24.65,24.85
2026-03-03,1,25.0,25.4,24.8,25.3
2026-03-04,1,25.0,25.0,23.9,24.15
2026-03-05,1,24.7,24.85,24.1,24.55
2026-03-06,0,24.4,24.5,24.25,24.4
2026-03-09,1,22.9,23.95,22.9,23.95
2026-03-10,0,24.45,24.5,24.05,24.3
2026-03-11,1,24.3,24.75,24.2,24.35
2026-03-12,1,24.3,24.65,24.05,24.65
2026-03-13,0,24.55,24.85,24.3,24.75
2026-03-16,0,25.0,25.2,24.8,24.8
2026-03-17,0,24.85,25.1,24.65,25.05
2026-03-18,0,25.05,25.1,24.6,24.6
2026-03-19,1,25.05,24.65,24.3,24.45
2026-03-20,0,24.65,24.8,24.35,24.65
2026-03-23,1,24.45,24.15,23.45,23.9
2026-03-24,1,24.1,24.3,23.8,24.15
2026-03-25,0,24.8,24.8,24.35,24.45
2026-03-26,0,24.65,24.65,24.0,24.15
2026-03-27,1,24.0,24.1,23.75,24.05
2026-03-30,1,23.35,23.8,23.35,23.75
2026-03-31,1,23.6,23.65,23.1,23.15
2026-04-01,0,23.65,24.3,23.45,24.05
2026-04-02,0,24.4,24.75,24.25,24.35
2026-04-07,0,24.5,24.7,24.05,24.35
2026-04-08,0,24.75,24.75,24.35,24.7
2026-04-09,1,24.8,24.85,24.45,24.65
2026-04-10,0,24.65,24.65,24.45,24.55
2026-04-13,0,24.5,24.5,23.9,24.15
2026-04-14,0,24.0,24.7,24.0,24.45
2026-04-15,0,24.75,24.8,24.55,24.6
2026-04-16,0,24.65,25.1,24.6,24.95
2026-04-17,0,24.9,24.9,24.25,24.3
2026-04-20,0,24.5,24.5,24.1,24.25
2026-04-21,0,24.3,24.45,23.95,23.95
2026-04-22,1,24.0,24.2,23.95,23.95
2026-04-23,0,23.9,24.15,23.65,23.7
2026-04-24,1,24.0,24.3,23.9,23.95
2026-04-27,0,23.95,24.15,23.8,23.8
2026-04-28,1,23.95,24.5,23.95,24.4
2026-04-29,0,24.45,24.55,23.9,24.05
2026-04-30,0,24.05,24.15,23.8,23.8
