<DATE>,<OPEN>,<HIGH>,<LOW>,<CLOSE>,<VOLUME>,<DES>
2005-01-03,36.29484759012169,36.57484749069714,35.64385009101918,35.67885208129883,3749900,1
2005-01-04,35.804857010623955,35.804857010623955,34.91586026698458,34.98585891723633,4657900,1
2005-01-05,34.99985022001891,35.7908475826688,34.684851033983406,35.56684875488281,5336700,0
2005-01-06,35.47584970204993,35.78384743401999,35.237850604985,35.33584976196289,3076700,1
2005-01-07,35.349841092196854,35.59483892274521,35.06984128276209,35.21684265136719,1957100,0
2005-01-10,35.09083682486635,35.93083343497627,35.06983510717757,35.68583297729492,2877800,0
2005-01-11,35.7208397983548,35.769839366149505,35.433841185438915,35.5738410949707,2044100,1
2005-01-12,35.69983781293426,36.37183411913503,35.66483850599638,36.35783386230469,4126100,1
2005-01-13,36.32984973621789,36.50484900725887,35.412852594663455,35.440853118896484,4252500,1
2005-01-14,35.419852202042364,35.692853314153325,35.06985365194204,35.6368522644043,3084500,1
2005-01-18,35.34984515844118,36.37884150566049,35.31484584580493,36.31584167480469,3537400,0
2005-01-19,36.119837739596655,36.30183842274209,35.916840674932224,35.986839294433594,2723200,1
2005-01-20,35.76984957412984,36.05684826894927,35.615852032945696,35.629852294921875,2457500,1
2005-01-21,35.45483899490199,35.68583655040278,35.00683879978443,35.0488395690918,2593000,1
2005-01-24,35.23085585538908,35.41985272539202,34.66385723454907,34.74785614013672,3019300,0
2005-01-25,35.10484407655645,35.14684217975333,34.66384530105617,34.88784408569336,2954600,1
2005-01-26,34.69184929150876,35.23784604996549,34.663848773055484,34.90184783935547,3530800,0
2005-01-27,34.677856041615485,35.699851139245055,34.677856041615485,35.67885208129883,4708800,1
2005-01-28,35.678858299888624,35.68585709699823,34.67786208573824,34.9438591003418,3717100,1
2005-01-31,35.174855286514685,35.440854939841536,35.04885559126918,35.41985321044922,3894400,0
2005-02-01,35.41985522303779,35.82585485751527,35.153858224873844,35.72785568237305,2684700,1
2005-02-02,36.539841552546605,37.022838489767366,35.99384211234437,36.56084060668945,6095300,1
2005-02-03,37.06483505909021,37.06483505909021,36.35783672010411,36.39983749389648,4199200,1
2005-02-04,36.36483319088071,37.02983066476232,36.32983388599763,36.80583190917969,3324900,1
2005-02-07,36.69383493623852,36.882834413078605,36.609836058846085,36.74983596801758,3731200,1
2005-02-08,36.85484039306175,37.53383561706869,36.67283969116397,37.44983673095703,6070700,1
2005-02-09,37.62566393319966,38.08983089496959,37.52720468112928,38.06169891357422,4835300,0
2005-02-10,38.06169388945314,38.27971269226877,37.71708655269478,37.87884140014648,3634700,1
2005-02-11,37.80147602504313,38.18828128966706,37.52016164196421,38.07575607299805,2204300,1
2005-02-14,37.98432417935043,38.20937726992511,37.78037409174952,38.00542449951172,2882800,1
2005-02-15,38.15311385613258,38.55398506819874,37.98432470656195,38.27970504760742,3302200,1
2005-02-16,38.08278563101486,38.18124484789792,37.83663490599477,37.92102813720703,2767500,1
2005-02-17,38.11795569673686,38.29377652312142,37.68192079849074,37.73818206787109,4133800,1
2005-02-18,37.74521882491258,37.74521882491258,36.957542167376936,37.11929702758789,4805100,1
2005-02-22,36.81688592186618,36.95754314226836,36.61996742299114,36.676231384277344,3327100,1
2005-02-23,37.13336776000423,37.35138660786136,36.96458122466817,37.07710647583008,4072900,0
2005-02-24,37.414672411415616,37.93510055541992,37.24588323755755,37.93510055541992,3890600,1
2005-02-25,37.69597989820271,38.70167512754784,37.50609578776701,38.67354583740234,4502800,1
2005-02-28,38.61025143578848,38.71574231343055,38.4766259015041,38.659481048583984,4608600,0
2005-03-01,38.666522045706095,38.84234290041528,38.16015712564338,38.32191467285156,4279200,0
2005-03-02,38.29377747872468,38.97596047780758,38.23751352512738,38.89156723022461,4414100,0
2005-03-03,38.997060100451385,40.83966162261613,38.90563251890659,40.38252639770508,8889100,0
2005-03-04,40.53021576798682,41.31086063014762,40.080114902585606,41.05767822265625,6625600,1
2005-03-07,40.45286267254362,41.08581614135953,40.26297582705484,41.00142288208008,6256100,0
2005-03-08,41.00845265665836,41.26866674213016,40.656810985496925,40.89592742919922,4604500,0
2005-03-09,40.68494366099393,40.82560087770912,40.39659757399377,40.61461639404297,3505800,1
2005-03-10,40.62164019604045,41.04361176462504,40.572410582127496,40.776363372802734,3411000,0
2005-03-11,40.684934781372064,40.94515151448663,40.22780228033498,40.43175506591797,3275100,0
2005-03-14,40.43878653493148,40.78339650497108,40.29812934955179,40.58647537231445,3272300,1
2005-03-15,40.6849480837045,41.451527181180296,40.53022754303064,41.12801742553711,4775300,0
2005-03-16,41.00142254642095,41.15614575617775,39.87617015586233,39.92539978027344,4868300,1
2005-03-17,39.91131785956925,40.30515738047168,39.883185890330736,40.0097770690918,3839200,0
2005-03-18,40.12231872263326,40.2207779725468,39.78474300172399,40.19968032836914,5497600,1
2005-03-21,40.08713838310929,40.227795545577386,39.79176075645731,39.97461318969727,2053200,1
2005-03-22,40.08714769718158,40.57944653879726,40.0519840690975,40.24187088012695,3646500,1
2005-03-23,40.248903529974086,40.368463087798034,39.81990028140433,39.98165512084961,3041300,0
2005-03-24,40.1012220862096,40.25594530156958,39.85507127242658,39.94649887084961,1806400,0
2005-03-28,40.29812609248071,40.881852425642656,40.26999412111599,40.86075210571289,3104100,0
2005-03-29,40.600553334894485,40.90999708775488,40.08715673721513,40.262977600097656,5307200,1
2005-03-30,40.262981552801726,41.35307047312707,40.262981552801726,41.346038818359375,3652600,1
2005-03-31,41.34602597004607,41.34602597004607,40.74823355363533,41.11394119262695,3385300,0
2005-04-01,41.177238229354906,41.57810951082847,41.00141739773272,41.338993072509766,3853800,0
2005-04-04,41.21240612960888,41.29680206915812,40.797468816671554,41.02252197265625,2961100,0
2005-04-05,41.01548763628718,41.81019862875629,40.8256007965213,41.02252197265625,4414900,1
2005-04-06,41.29679872994743,41.33899401349692,41.036581961598,41.09284591674805,2595600,0
2005-04-07,41.10691451555705,41.5921790868787,41.00142093435907,41.50075149536133,3491900,0
2005-04-08,41.49371675077879,41.500748403688654,41.08581112886834,41.21240234375,2527400,0
2005-04-11,41.31789302009318,42.0633742684811,41.31789302009318,41.775028228759766,4269300,0
2005-04-12,41.7750459047917,41.88053683255704,40.6146269196754,41.10692596435547,6787500,1
2005-04-13,41.24756770646716,41.52887942420201,41.10691050619326,41.26163101196289,3825800,1
2005-04-14,41.528875770763264,41.71876257200609,40.88185646236198,40.9029541015625,3730000,1
2005-04-15,40.82560143270453,41.13504785024729,40.08715438842773,40.08715438842773,3339600,0
2005-04-18,39.84099966064162,40.31219817966349,39.53858762973006,40.0308837890625,3497700,1
2005-04-19,40.03791320551117,41.04360840655751,39.81989444543948,40.85372161865234,3570000,0
2005-04-20,40.8607609358225,41.050647759350696,40.248905181884766,40.248905181884766,3940900,1
2005-04-21,40.68494678277978,41.54998779296875,40.59352186529109,41.54998779296875,3354900,1
2005-04-22,41.17723024899293,41.38118301802268,40.25593098684556,40.706031799316406,3050700,0
2005-04-25,41.35305241204856,42.028203653048834,41.35305241204856,41.901615142822266,3492300,1
2005-04-26,42.09150309174843,42.196996656514834,40.89592366606408,41.49371337890625,5073300,1
2005-04-27,41.13504922701684,42.26733330197116,40.96626002245211,41.957889556884766,7408000,1
2005-04-28,42.19700052543036,42.19700052543036,41.21943710917464,41.29679870605469,4778800,1
2005-04-29,41.51482214166291,41.91569350267891,40.97329355087681,41.85943222045898,3698600,1
2005-05-02,41.85941884978946,42.11260124594183,41.42338399131189,41.76095962524414,4266800,0
2005-05-03,41.95085124026271,42.4783137318864,41.6554708498907,42.10557174682617,4469400,0
2005-05-04,42.02117400664724,42.534570455000136,41.94381242023016,42.39391326904297,3287500,1
2005-05-05,42.26732462813197,42.46424577351545,41.908651330905045,42.01414489746094,3144000,0
2005-05-06,42.32357924985857,43.076091989166784,42.288415629695166,42.90730285644531,3279200,1
2005-05-09,42.724462252733645,42.87215110800378,42.30952498115589,42.59083938598633,3871300,1
2005-05-10,42.59083394344496,43.95520246205457,42.54863598326883,42.928409576416016,9135400,1
2005-05-11,43.11203545605623,43.34507478150731,42.02452399164543,42.65302276611328,5590900,0
2005-05-12,42.74481297299096,43.25326032372521,42.55414521646563,42.71656799316406,5362500,1
2005-05-13,42.99904379498179,42.99904379498179,41.39602441451842,42.017459869384766,4180500,0
2005-05-16,42.15869201488163,42.71657149333328,42.03864073885626,42.66007614135742,2244300,1
2005-05-17,42.72364015060633,43.055543671658654,42.52591176896519,43.0131721496582,3440300,1
2005-05-18,43.19676083216014,44.14303625866135,43.19676083216014,43.56397247314453,4602800,0
2005-05-19,43.81820278354295,43.97356230360623,43.06259498043869,43.32387924194336,3531700,0
2005-05-20,43.60635283274235,43.95238013767934,43.43686946639946,43.7122802734375,3716900,0
2005-05-23,43.74757520757003,43.86762375623015,43.458043344150205,43.52865982055664,3197700,1
2005-05-24,43.35919380548175,44.19954201071729,43.23208195005495,43.95944213867188,3656800,1
2005-05-25,43.59222141785565,43.641653496562725,43.161453851540045,43.394493103027344,3101500,1
2005-05-26,43.81819546980636,44.489062829013086,43.74757898729876,44.48200225830078,2998900,0
2005-05-27,44.48906906436106,44.771540421673386,44.36195722295517,44.50319290161133,2591500,1
2005-05-31,44.49612379218665,45.33647179436204,44.4255073090562,45.1246223449707,4241200,0
2005-06-01,45.15992826759469,45.230547440945024,44.7362213090307,45.05400085449219,3613800,0
2005-06-02,45.0539930962915,45.54831644923839,44.8492015696092,45.46357345581054,2667400,0
2005-06-03,45.30822434022494,45.89434593223652,45.265850145029,45.66131210327149,4526900,0
2005-06-06,45.81666090871509,46.438098748121135,45.647180310554845,46.28980255126953,4055000,1
2005-06-07,46.3109949924844,46.6711406526373,46.09914016723633,46.09914016723633,6010100,0
2005-06-08,45.95084585143122,46.21919063854769,45.36471881325585,45.52714157104492,4191000,0
2005-06-09,45.534218087348776,46.0356022602874,45.223499010380806,45.97910690307617,3461400,1
2005-06-10,45.93672623888583,45.94378411594773,45.27291943198368,45.65425491333008,3192300,0
2005-06-13,45.93673078849237,46.1485802628716,45.13874881068773,45.640132904052734,5477400,0
2005-06-14,45.67542800049426,45.76017099346748,44.38312564303088,44.43962097167969,6143900,1
2005-06-15,44.7715253738596,45.48476409912109,44.63735031200186,45.48476409912109,3944800,0
2005-06-16,45.37177377616885,45.37883703939573,44.94806957330707,44.97631454467773,2825700,0
2005-06-17,45.30116091193018,45.74604955218452,44.98338138757292,45.63306427001953,4531600,0
2005-06-20,45.12462675549063,45.26585973555576,44.89865075477073,44.96220397949219,2991500,0
2005-06-21,44.77152903456678,44.77858960447288,44.27014236816682,44.33369827270508,4041000,0
2005-06-22,44.06535234540696,44.75034074964686,43.924116706420286,44.58086013793945,3498200,1
2005-06-23,44.58793264688653,44.623240892626185,43.63459654268347,43.68402862548828,2894100,1
2005-06-24,43.500418060669816,43.71933347741624,42.72362593931175,42.78718185424805,4432100,0
2005-06-27,42.61768466181239,43.64870280158645,42.158672264356944,43.6133918762207,6830500,0
2005-06-28,43.85351056046427,44.10067367553711,43.26738612133626,44.10067367553711,3937100,1
2005-06-29,44.1006731583103,44.22778500026346,43.35918920948124,43.54985427856445,3215800,1
2005-06-30,46.254486777565695,47.2078224504049,45.40707848786207,46.60757446289063,17247000,0
2005-07-01,46.45222612849757,46.5793379411213,45.505953491614434,45.67543411254883,6861500,1
2005-07-05,45.40708871640282,46.212128389274135,45.31528244941585,46.198001861572266,3317300,0
2005-07-06,46.25450002545505,46.68526755594412,45.336469625598205,45.400028228759766,3954300,1
2005-07-07,45.18111503849735,46.02852630615234,44.80684282860358,46.02852630615234,5567400,1
2005-07-08,45.95085144042969,46.07090001339706,45.55539478232874,45.95085144042969,3715300,1
2005-07-11,46.07795825745431,46.24743889421524,45.74605486084877,45.88022994995117,2037100,1
2005-07-12,45.87315457901884,45.88021784176341,45.30115421359887,45.40708160400391,2920800,0
2005-07-13,45.40709954740268,45.823740623230286,45.33647766743128,45.604827880859375,3112700,1
2005-07-14,45.86610944105872,46.06384316220842,45.45653163076685,45.604827880859375,2257000,1
2005-07-15,45.60480880489462,45.81665819311563,45.35764849145805,45.724857330322266,2023300,1
2005-07-18,45.72486340390032,45.80254313954003,45.37177565560766,45.71780014038086,1902500,1
2005-07-19,45.9014102093504,46.25449798019156,45.64012331935889,45.82373046875,2226400,0
2005-07-20,45.8237272000693,46.80531070197443,45.64012006377519,46.66407775878906,2610000,1
2005-07-21,46.73471261658889,46.82651352700622,46.38868799826896,46.402809143066406,4864100,0
2005-07-22,46.18388402694724,46.81237986236878,46.08501987672534,46.74882125854493,2629100,0
2005-07-25,46.60759143779832,47.16547083031931,46.5934702958261,46.64290237426758,2962700,0
2005-07-26,47.03837024669232,47.39852141154435,46.69940349370915,46.85476303100587,4117700,1
2005-07-27,47.80808909843368,47.98463301000499,47.0101125577007,47.10191345214844,5188800,0
2005-07-28,47.10895832952916,47.15132712770719,46.32510323709258,46.60757446289063,4947300,1
2005-07-29,46.755879858508,47.18664735051214,46.61464691162109,46.61464691162109,3560000,0
2005-08-01,46.81945965232986,46.95362939630695,46.35338101875278,46.431060791015625,2367900,0
2005-08-02,46.431038867468,46.89005401746035,46.38867006176428,46.84062194824219,2318300,1
2005-08-03,46.59346825734743,47.08778902013555,46.50166198162089,47.06660461425781,2238100,0
2005-08-04,47.05953900312461,47.15133988658129,46.61465033879954,46.79825210571289,2651100,0
2005-08-05,46.69939368077337,46.97480175258472,46.6146560511038,46.74176788330078,2142300,0
2005-08-08,46.819458325713306,46.96069133253813,46.353379705342434,46.60054016113281,2242400,1
2005-08-09,46.81944550247309,47.65979082200066,46.58640625611408,47.40556716918945,3282400,1
2005-08-10,47.604029944524406,47.71743756091886,46.498274589652304,46.753448486328125,3096800,0
2005-08-11,46.859785188141366,47.71036148071289,46.81016832787189,47.71036148071289,3112400,0
2005-08-12,47.710351387541806,47.845028011710326,46.85268560841976,47.16456604003906,2823000,0
2005-08-15,47.06534590792428,47.972628798359885,47.029902973084646,47.816688537597656,2160100,1
2005-08-16,47.774143465393415,48.000964103128034,46.97317886352539,46.97317886352539,3280800,1
2005-08-17,47.05823964059388,47.90173144019342,47.05114997456016,47.504791259765625,2432800,0
2005-08-18,47.44809946462284,47.61821362799475,46.93066189925059,47.228363037109375,2912600,1
2005-08-19,47.27799933320481,47.80961104418313,47.150412306256655,47.59696960449219,2281600,0
2005-08-22,47.76704814080965,48.46877356069802,47.73160522343117,48.050575256347656,3433000,0
2005-08-23,47.95136567735175,48.1285695376466,47.59695795676206,47.79542541503906,2310200,0
2005-08-24,47.70326636897352,48.16399193474141,47.54732615564799,47.582763671875,3524400,0
2005-08-25,47.58276644276322,47.77414959129155,47.52606533193193,47.63947296142578,2529100,0
2005-08-26,47.59694880588733,47.59694880588733,46.84560090536332,47.00154113769531,2822300,0
2005-08-29,46.85268077246479,47.958436094150905,46.8314171830184,47.90172958374024,2974400,0
2005-08-30,47.70326418665949,47.880467983180765,47.10076695222259,47.30632400512695,3158600,0
2005-08-31,47.41973689868378,47.561497772373976,46.810155407720686,47.504791259765625,3137700,0
2005-09-01,47.24255148164443,47.38431241048455,46.6896762882021,46.77473068237305,4073800,0
2005-09-02,45.98084398763125,46.023371169140944,45.32873259735681,45.605167388916016,6810400,1
2005-09-06,45.62644585229055,46.391962317418425,45.541386063795485,46.0942611694336,4783600,0
2005-09-07,45.9312288846077,45.94540280970571,45.36417453972868,45.71858215332031,4501900,1
2005-09-08,45.93123895432205,46.00211941101362,45.59100519123744,45.78238296508789,4331600,1
2005-09-09,45.95250844693738,46.51955758106297,45.90997584119911,46.35653305053711,4205100,0
2005-09-12,46.17930798842868,46.39194928819794,45.888691181897805,46.17221832275391,2733300,0
2005-09-13,46.17223951322567,46.53373691892003,46.15097591427298,46.35653305053711,2891500,0
2005-09-14,46.36361311457591,46.56208054079613,45.34291731363562,45.49176788330078,3534900,1
2005-09-15,45.49885830316844,46.21475790132556,45.328741432226565,46.12970352172852,4252500,1
2005-09-16,46.39195805958451,46.39195805958451,45.69732211137328,45.93123245239258,5205900,1
2005-09-19,45.71858195023278,45.78946239107004,44.67662270564893,45.435054779052734,3725400,1
2005-09-20,45.25786307457048,45.69024090947184,44.89636840337537,44.97433853149414,3842600,0
2005-09-21,44.27968198076543,44.88217375894303,43.953624966399246,44.237152099609375,4645800,1
2005-09-22,44.194637895560085,44.52069502558809,43.9819938221791,44.308048248291016,3215700,1
2005-09-23,44.343481641978734,44.9743267623418,44.230071313642846,44.797122955322266,3297800,1
2005-09-26,46.42739103721309,46.74635568273359,45.53428245879331,45.83907318115234,5909100,1
2005-09-27,46.065909533490775,47.28507283915038,45.97376548190753,47.17166519165039,5461200,1
2005-09-28,47.13621477591591,47.72453273941962,47.001538146050144,47.63947296142578,4806800,0
2005-09-29,47.455161410727165,47.73868848825333,47.044052826534895,47.68907165527344,2482700,0
2005-09-30,47.5969486527465,48.37664440406623,47.34886437839453,48.16399765014648,3151400,0
2005-10-03,48.142745656896224,48.1923625237224,47.490636719228505,47.58987045288086,3238800,1
2005-10-04,47.809589998834646,48.539674303115575,47.809589998834646,48.16399765014648,3693600,0
2005-10-05,47.80958760701618,47.95844357201199,47.39847886201341,47.526065826416016,3579300,0
2005-10-06,47.88047816861404,48.36955707372779,47.71744826168823,48.14982604980469,3787900,0
2005-10-07,47.99388524581808,47.99388524581808,47.24254272808258,47.70327377319336,3607600,0
2005-10-10,47.53314769135114,48.24905258932069,47.29215310841289,48.12855529785156,2435400,0
2005-10-11,47.88048589364868,48.05060008775047,47.178754703292455,47.27798843383789,3213500,0
2005-10-12,47.348863071435375,48.12855880123335,47.27797721686438,47.95135498046875,4424500,0
2005-10-13,47.68200642734711,47.93009612721723,46.95192747884971,47.12913131713867,4219300,1
2005-10-14,47.21417527404804,48.04348766126808,47.20708560870089,47.84502029418945,4260700,0
2005-10-17,47.59694149739994,47.80958281152128,47.10785728160853,47.66073226928711,4333800,0
2005-10-18,47.56859011262045,47.73161458574602,47.17165531770845,47.575679779052734,4779400,1
2005-10-19,47.39847010573126,48.48295639889229,47.36302718578823,48.461692810058594,4449300,0
2005-10-20,48.55385000429649,48.89408374143682,47.62530365442853,47.70327377319336,4343600,1
2005-10-21,47.68909112696781,47.88047428076808,46.661311135095616,46.79598236083984,7277400,0
2005-10-24,47.13622081702746,48.0435036005833,46.959016979369466,47.71744918823242,4353200,0
2005-10-25,47.73871588487605,47.73871588487605,47.14331354742381,47.46936798095703,2899300,0
2005-10-26,46.35652187600312,46.923570873437946,45.52011960254252,46.14387512207031,10236200,1
2005-10-27,46.14386896525365,46.15095863152722,45.328733098296574,45.39961624145508,5328000,1
2005-10-28,45.54137768281199,46.60460050809164,45.15152985432587,46.52663040161133,5222300,1
2005-10-31,46.6400459802187,47.19292101431718,45.78946442882538,45.81781768798828,6685200,0
2005-11-01,46.07299365698854,46.56916219477736,45.846172981452,46.108436584472656,5642600,0
2005-11-02,45.874530898065416,46.03755540224356,45.50594388301288,45.8603515625,5864600,1
2005-11-03,45.64770299145412,46.49827912477919,45.64770299145412,46.42739868164063,5364800,1
2005-11-04,46.21475496546617,46.57625227928454,46.08716799634389,46.271461486816406,3560300,1
2005-11-07,46.4132298141391,46.576254310340666,46.285642839453125,46.56208038330078,2994000,1
2005-11-08,46.28459180128839,46.35574304399877,45.90747990078886,46.25613021850586,2808800,1
2005-11-09,46.32016101329426,46.47669699186484,45.93593781911867,46.042667388916016,3530500,0
2005-11-10,46.08537261929723,47.03881688893321,46.06402778382288,47.031700134277344,3237700,1
2005-11-11,46.818224096303645,46.91072014888953,46.46246253152472,46.4980354309082,2642000,1
2005-11-14,46.426888534240526,47.39456051498062,46.20631808062031,47.12418365478516,3942600,1
2005-11-15,47.10994654292252,47.72897363022672,46.96052733464028,47.67205047607422,5230400,1
2005-11-16,47.74322476111431,48.45474824616369,47.74322476111431,47.985145568847656,4628300,1
2005-11-17,48.32664175349445,48.51875600701188,48.034920140898414,48.1345329284668,4269200,1
2005-11-18,48.34800553093034,48.454735110452845,47.49417975173414,47.63648223876953,5623600,1
2005-11-21,48.476065736385465,49.436626242136285,48.312418467095256,49.0950927734375,7738600,1
2005-11-22,49.10221003431555,49.16624450683594,48.44760466488383,49.16624450683594,4238900,1
2005-11-23,49.05951475632238,49.735464947156,49.016825108150485,49.408164978027344,2662700,1
2005-11-25,49.52202155016138,49.55759988724488,48.97415098712301,49.13779830932617,959700,0
2005-11-28,49.10221132700135,49.20182412809356,48.66818179574653,48.83182907104492,2581100,1
2005-11-29,49.16626579280624,49.578950667128325,49.09511453859378,49.1876106262207,2822100,1
2005-11-30,49.415283626003344,49.50066836349541,48.51165155863308,48.51876831054688,3781600,0
2005-12-01,48.63260891249928,49.64297053866566,48.61126408537467,49.57181930541992,3042000,1
2005-12-02,49.67854179726658,49.80661617027261,49.358358578996686,49.408164978027344,3237500,1
2005-12-05,49.41528467180024,49.5220142388013,48.88164226528623,49.237403869628906,3893300,0
2005-12-06,49.55758691035541,49.806618919253545,49.401050953764965,49.50066375732422,3730900,1
2005-12-07,49.529125093544366,49.7781571012343,49.15201870640095,49.55758666992188,3850400,0
2005-12-08,49.56470836659273,49.96315961865318,49.26586449905622,49.85643005371094,3958200,1
2005-12-09,49.8564250791498,49.92757630584826,49.46508518957231,49.55758666992188,4014600,1
2005-12-12,49.806634692559,49.97739877724134,49.4793346017127,49.941825866699226,2654900,0
2005-12-13,49.8066101319748,50.47544349086374,49.73545891748421,50.22640609741211,2733800,0
2005-12-14,50.5181422631743,51.21543731956809,50.3829511312685,50.83832550048828,4900100,0
2005-12-15,50.83833113301719,51.21544299387834,50.32603898225459,50.36872863769531,3567700,0
2005-12-16,50.55372631610634,50.660450454969975,50.14815830295064,50.34026718139648,6021000,0
2005-12-19,50.34026168103134,50.34026168103134,49.52200899203729,49.785274505615234,3686100,0
2005-12-20,49.94891063985067,50.58216565289359,49.91333774821841,50.333133697509766,2657300,0
2005-12-21,50.49682188116245,50.88104520901965,50.07702020816365,50.08413696289063,2974700,0
2005-12-22,50.48257640243486,50.79564839427374,50.39719707992754,50.74584197998047,2235300,0
2005-12-23,51.19410614082264,51.265262823175135,50.81699960972232,50.86680603027344,2631300,0
2005-12-27,51.158531496402894,51.51429318215188,50.14105285802109,50.18374252319336,2676300,1
2005-12-28,50.41854144372697,50.681807018835,50.29758378563354,50.48969268798828,1717000,0
2005-12-29,50.66043778892431,50.95928158849991,50.61774814405206,50.64620971679688,1939500,0
2005-12-30,50.55371236377419,50.560823685408245,49.920457314996135,49.97737503051758,1825400,1
2006-01-03,50.09123599045866,50.233538463677895,49.3299063589038,50.11969757080078,4943000,1
2006-01-04,49.86354152637461,50.71025034735844,49.70700557149793,50.63909912109374,3165000,0
2006-01-05,50.19795975714915,50.19795975714915,49.50778144198283,50.04142379760742,4598100,0
2006-01-06,50.04853402911565,50.16238033484186,49.130673974528605,49.3441276550293,4820000,1
2006-01-09,49.2943244125847,49.37970914735152,48.85318352085027,48.93144607543945,4567300,0
2006-01-10,48.95279083661092,49.265857305305694,48.7891381371304,49.16624450683594,3869000,0
2006-01-11,49.78527341916092,50.02007735086387,49.17336310359658,49.87776947021485,5011600,0
2006-01-12,49.984514718961535,50.126817215803655,49.47933379813203,49.586063385009766,2347000,0
2006-01-13,49.55047495230468,49.94892620508536,48.94568132119366,49.4366340637207,2963700,1
2006-01-17,49.14491916385419,49.37972317982006,48.85319740369351,48.874542236328125,2712900,1
2006-01-18,48.77492512657288,49.03818527733307,48.41916347117407,48.61838912963867,2650700,1
2006-01-19,48.4974205373609,48.73221905134191,48.18434861406512,48.50453186035156,2642700,1
2006-01-20,48.45473563250091,48.49743072186506,47.30918268550055,47.31629943847656,6433800,1
2006-01-23,46.889380591176405,47.91397032146983,46.889380591176405,47.686283111572266,4067400,1
2006-01-24,47.9637627936109,48.29817400713103,47.76453181545395,48.14164352416992,3581900,0
2006-01-25,48.17723995602261,48.31954786710508,47.60802459716797,47.60802459716797,3722700,1
2006-01-26,47.98513644833076,48.91723029946483,47.89975169209627,48.8958854675293,4768300,0
2006-01-27,48.66107436394677,49.27298478984,48.3764639798234,48.78203201293945,3954700,1
2006-01-30,48.75357665632465,49.130688584818806,48.52588940565413,49.116455078125,2048100,1
2006-01-31,49.09508620512495,49.1306645259448,48.60413360595703,48.60413360595703,4090500,1
2006-02-01,49.806627559540864,51.35063171104865,49.806627559540864,50.95929718017579,11806000,1
2006-02-02,50.76717662716885,51.44312688955035,50.731603726090405,51.01620864868164,6602900,1
2006-02-03,51.01621554483831,51.29370918181883,50.41853861241616,50.42565536499024,3786800,0
2006-02-06,50.269088339739774,50.97349441185791,50.02005643833319,50.61773300170898,3162900,1
2006-02-07,50.73160787257467,51.26525028878622,50.63199505582782,50.90948867797852,4246300,1
2006-02-08,50.90947003618115,51.39534309107154,50.73084031675595,51.27387619018555,2890800,0
2006-02-09,51.28102236171076,51.98840004330172,50.99521914435552,51.45251083374024,4149200,0
2006-02-10,51.51683412679716,51.94554456399256,51.46681799998018,51.82407760620117,2813100,1
2006-02-13,51.40964969382014,51.90266964246717,51.31676416855481,51.52397537231445,3294600,1
2006-02-14,51.69544759441809,52.05985380399077,51.39535092834518,51.952674865722656,4160300,0
2006-02-15,51.70975316365445,51.97412176190529,51.48110725231259,51.76691055297852,2797800,1
2006-02-16,51.90982592810713,52.1098904509992,51.588288986588246,51.838375091552734,2216800,1
2006-02-17,51.83835194540892,52.15988329201267,51.64542877636909,52.13130187988281,2670700,1
2006-02-21,52.267083768672855,52.44571357960383,51.909824146810905,52.19563293457031,3333000,1
2006-02-22,52.20275695399144,53.31026359637759,52.20275695399144,53.15306854248047,5008400,1
2006-02-23,52.83866303781669,53.0172927376759,52.717196150235424,52.80294036865234,2574200,0
2006-02-24,52.624340720514674,53.29598506862021,52.38140135527306,53.09592056274414,2646200,1
2006-02-27,52.91012778612768,53.51032105751226,52.87439965987287,52.96728515625,1974100,0
2006-02-28,52.802956176448376,52.87440698751337,51.702596241735726,51.93838882446289,3903000,1
2006-03-01,51.84548360535326,52.21703644286288,51.6239845165641,52.1241455078125,2047000,1
2006-03-02,51.981254903300574,52.40996519367693,51.68829950987935,52.01698303222656,1781000,1
2006-03-03,52.02413806653745,53.16022636064593,51.80978559028861,52.43856048583984,2707900,1
2006-03-06,52.66005446060056,52.6672011778384,51.65973210122312,51.8955192565918,2347000,1
2006-03-07,51.91694860020221,52.324224176404144,51.70973745422623,52.274208068847656,1919400,1
2006-03-08,52.05271140204161,52.05985811887776,51.3739204889953,52.03127670288086,3173300,1
2006-03-09,51.98126839404456,53.05304712381868,51.80263860574888,52.70293426513672,3000600,1
2006-03-10,52.7100609042649,53.517470812162216,52.30278531802667,53.438873291015625,3029100,1
2006-03-13,53.7389604157398,54.23198015163752,53.23165270187008,53.474586486816406,3658300,1
2006-03-14,53.47461571036219,54.03908654729181,53.38887689298236,53.91047286987305,2602500,1
2006-03-15,53.874733921022525,54.51780211404635,53.78184296176236,54.33917236328125,2594900,1
2006-03-16,54.482082594431525,55.05370006776486,54.374903636762994,54.82505416870117,2633500,1
2006-03-17,55.16086293499721,55.78964312465827,55.05368944934788,55.625301361083984,4535500,0
2006-03-20,56.08973362893253,56.34696086894364,55.61100727443552,55.861087799072266,3363400,0
2006-03-21,56.30408805948109,56.58989124093679,55.91110050796012,55.91824722290039,4118800,1
2006-03-22,56.1611806166537,56.30408765770805,55.98255090384542,56.16832733154297,2525300,1
2006-03-23,56.16836458524101,56.17551130487034,55.38239441785869,55.66105651855469,2285900,1
2006-03-24,55.768223728340345,56.52561230858101,55.768223728340345,56.25409698486328,2947500,1
2006-03-27,56.25408585126433,56.268373833327466,55.60387091476569,56.01114654541016,3137900,0
2006-03-28,56.0969044608154,56.447017345823184,55.28235300104688,55.38238525390625,2901700,1
2006-03-29,55.69676166696113,56.78998046914262,55.63245756460534,56.57562255859375,4044000,0
2006-03-30,56.41126018317684,56.80424772533713,55.775338852296485,56.03256607055665,3002400,1
2006-03-31,56.16121024767809,56.38985618265394,55.59673940322385,55.6824836730957,2294300,0
2006-04-03,55.91109938975603,56.53987400826804,55.73961639404297,55.73961639404297,3303500,0
2006-04-04,56.146921120764894,56.33983890986998,55.37523906164658,56.16120910644532,2598500,1
2006-04-05,56.339839169343705,56.58277853782158,55.60388524806048,56.52561569213867,3085100,0
2006-04-06,56.60419148874839,57.25440089162746,56.60419148874839,57.032901763916016,2910700,1
2006-04-07,57.15439825543117,57.42591908292592,56.24696112754802,56.85430145263672,2709900,1
2006-04-10,56.89001941688554,57.81889108567338,56.88287269866484,57.72600555419922,2808100,1
2006-04-11,57.6116636450433,57.66882647201481,56.95430748891263,57.56879425048828,2748000,0
2006-04-12,57.96180043845881,60.18395562383049,57.95465371996128,59.45514297485352,6518900,0
2006-04-13,59.8052547464272,59.8052547464272,59.16933309573702,59.25507736206056,3230700,1
2006-04-17,59.44798110687124,60.01245179465139,58.55483231950029,58.84064102172852,3318000,1
2006-04-18,58.890636791131726,59.569432905842106,58.504795994120144,59.51941680908203,4339800,1
2006-04-19,59.84095723893143,60.72695913913679,59.80522911377256,60.705524444580085,3359900,1
2006-04-20,60.52690656865301,61.634413249196335,60.52690656865301,61.09137725830077,4445900,1
2006-04-21,61.59152915614517,61.86304983651453,61.34859533828497,61.777305603027344,4202800,0
2006-04-24,61.92025328080869,62.34181710648517,61.520118713378906,61.520118713378906,3623600,0
2006-04-25,61.698711802376366,61.79160275708732,60.66266147921705,60.81270980834961,4649400,0
2006-04-26,60.133940900769765,61.52010449745501,59.44799764406786,60.669830322265625,6190800,1
2006-04-27,60.40545464986456,60.51977488872961,59.37654524333434,60.091064453125,3906500,1
2006-04-28,60.21966960009732,60.49119035022592,59.312232730775975,59.62661743164063,3863800,1
2006-05-01,59.62661168521671,60.10534358486233,59.1764666526698,59.9195671081543,3928200,1
2006-05-02,60.20537829668211,61.320026300193774,59.91956957873485,60.96991348266601,3012300,0
2006-05-03,61.01992622145165,61.470071247639176,60.8913125780627,61.355751037597656,3040800,1
2006-05-04,61.37004784552598,62.27034347872456,61.31288500661056,61.90593719482422,3319700,0
2006-05-05,62.49901210200855,63.27069435383528,62.37754511367018,63.21353149414063,3349100,1
2006-05-08,63.22063601726531,63.80654130969191,62.42037286973401,62.58470916748047,3334800,1
2006-05-09,62.599036689822846,62.87769878240964,62.234630318228696,62.870552062988274,2231900,1
2006-05-10,63.092817835386256,64.22562201386705,62.84188158572278,63.76676559448242,3781600,0
2006-05-11,64.1323687361114,64.20406944628847,63.02107883831739,63.24333572387695,2652700,0
2006-05-12,63.24334961662671,63.81692260406361,62.33280837931783,62.38299560546875,2932000,1
2006-05-15,61.48679930252962,61.99584279745167,60.63361087597109,61.55849456787109,4170600,0
2006-05-16,61.58001423353122,62.36150754237988,61.19285316355104,61.9456672668457,3056600,0
2006-05-17,61.9456612597881,61.9456612597881,59.70873267349069,60.06004333496094,5267000,0
2006-05-18,60.4041586515606,60.827164377350336,59.22116810029049,59.31437683105469,3616900,0
2006-05-19,59.50798435383511,61.15700297573604,58.83403675653667,60.662296295166016,5575700,0
2006-05-22,60.55474986524478,61.68038258889075,60.239284105497326,61.45095443725586,4535100,1
2006-05-23,61.68753936000832,62.16073241919388,61.049442291259766,61.049442291259766,4044000,0
2006-05-24,60.9204038666301,61.049457545927375,58.525742366336026,59.0634651184082,6731600,0
2006-05-25,59.36456270719064,60.08152599848523,58.99890989703157,59.50078201293945,3295700,1
2006-05-26,59.938142698981046,60.088704365506366,59.54381608760436,59.86644744873047,2354600,0
2006-05-30,59.8664661299182,59.8664661299182,58.482726035300985,58.88422393798828,3935800,1
2006-05-31,58.22460763948772,59.82343871886185,58.22460763948772,59.68721389770508,3958200,1
2006-06-01,59.9381405701026,60.0241781493456,59.18533226421421,59.9668197631836,2373600,1
2006-06-02,60.22495259851888,60.640792869737005,59.62987139694801,60.08156204223633,3230300,0
2006-06-05,60.07438624952375,60.20343992824447,58.83403670015237,58.88422393798828,3421800,0
2006-06-06,58.79100056882268,59.03476550655835,56.97708398744752,57.82310104370117,6324700,1
2006-06-07,57.95218062558299,58.73366847939611,57.5650195481896,58.40386581420898,5014200,0
2006-06-08,58.4038591536913,58.67630337560196,56.64730037269096,58.21028137207031,7561100,0
2006-06-09,58.75514801819404,58.783827210386775,57.35707158627718,57.715553283691406,3927800,1
2006-06-12,57.78726970944863,57.894815352090006,55.54317543032563,55.83712768554688,5244400,0
2006-06-13,55.75825662798234,55.837123061388105,54.77601999919841,55.1918601989746,5184100,1
2006-06-14,56.92691548728333,58.79819107055664,56.78351947381493,58.79819107055664,9857200,1
2006-06-15,58.79819196168843,61.035115105711576,58.79819196168843,60.8056869506836,8055900,0
2006-06-16,61.01359390449273,61.551316539614575,60.76265776876871,61.329059600830085,6019900,0
2006-06-19,61.40793359384234,61.82377379572432,60.44719952294253,60.76983642578125,4342100,1
2006-06-20,61.12115240455412,61.28605645420452,60.26079819507012,60.83436584472656,3094400,0
2006-06-21,60.870217261366896,61.71623461888879,60.870217261366896,61.55133056640625,3589600,0
2006-06-22,61.33623931713957,61.429442617686405,60.13890592550881,60.26795959472657,3631100,0
2006-06-23,60.267938911410646,60.56906768290674,59.622676256767406,59.787574768066406,3066100,1
2006-06-26,59.85214294990664,60.42571073204761,59.36460732658684,60.1460952758789,1930000,0
2006-06-27,60.11739439805538,60.368330554171706,58.61894315867652,58.74082565307617,3214200,1
2006-06-28,58.74799419578456,59.28571685058123,57.95216422908568,59.2498664855957,3171600,0
2006-06-29,59.24988819897759,59.86647750670652,58.27481699001089,59.50799560546876,5236500,1
2006-06-30,59.500818132285886,59.50798930115084,58.48273095342744,58.72650146484375,4470800,0
2006-07-03,58.32498750648419,58.55441563866342,58.031035276191176,58.28914260864258,1629300,0
2006-07-05,58.27480346227815,58.28197463023813,56.82653932427302,57.47897338867188,5662800,1
2006-07-06,57.55064810885837,58.05969692228232,57.35707040304654,57.93780899047852,3195900,0
2006-07-07,57.643883743436135,58.28198101178146,57.02012334258213,57.34992599487305,2586400,1
2006-07-10,57.37858886324083,58.25328522114562,57.37858886324083,57.60801696777344,2665800,0
2006-07-11,57.42879928250692,58.654806724032376,56.5397657021609,58.52575302124024,3821900,0
2006-07-12,58.39667910780247,58.75516088371285,57.62236262903437,58.01668930053711,2659200,1
2006-07-13,57.85895557856961,58.10272602694158,56.97709348621841,57.06312561035156,3609900,1
2006-07-14,57.06313310740335,57.070304275355845,55.12733348011052,55.385440826416016,5436600,1
2006-07-17,56.00200152494545,57.19215771018533,55.7797446613756,56.604248046875,4515600,0
2006-07-18,56.99859648336653,57.54349025807719,55.90164323756545,56.76199722290039,4306900,1
2006-07-19,56.86957497996615,59.19970759968363,56.1812903086958,58.99895858764648,5065700,0
2006-07-20,59.43629978823794,59.507995073845045,57.80162320839733,57.851810455322266,4605700,1
2006-07-21,57.85179490167695,57.85179490167695,56.3246589258227,56.69748306274413,4032200,0
2006-07-24,56.96276464407053,58.51140888524301,56.94842777665183,58.3895263671875,4023600,0
2006-07-25,57.894838748761074,60.2679876640995,57.858988363393095,60.04573059082031,4557400,1
2006-07-26,58.92008066546425,59.049134358107,57.07031289425126,57.285404205322266,6634600,0
2006-07-27,57.35708116092033,57.56500123652837,56.03069975307355,56.43219757080078,5202100,0
2006-07-28,56.926891106966615,57.42876326417059,56.42501347976638,56.57558059692384,4317100,0
2006-07-31,56.252974799654005,56.295990873972094,55.42129969950835,55.50733184814453,5519200,1
2006-08-01,55.5073287953079,56.12391801995215,54.86206036602914,56.04505157470703,4504200,0
2006-08-02,56.42502870755418,57.10614735614464,56.20994292641857,56.36767578125,3784500,1
2006-08-03,55.83710770872642,57.27820567654312,55.5073052006185,56.92689514160156,3681200,0
2006-08-04,57.47181347573331,57.85896906456773,56.74767859884124,56.9914436340332,3598400,0
2006-08-07,56.71181758432715,57.32123552795812,56.36767813215816,57.1778450012207,3230500,0
2006-08-08,57.034450714578966,57.95216315319484,55.80843827080569,56.03070068359375,5676600,0
2006-08-09,56.31858722525381,56.87277410200382,55.21020798067748,55.534088134765625,4175500,0
2006-08-10,55.27500287226341,55.27500287226341,54.02987348784028,54.84316253662109,5609200,0
2006-08-11,54.85755201866765,55.2462049685396,54.45450695557548,54.67042160034179,3274000,0
2006-08-14,55.16705000709796,55.55570306538547,54.08746000888108,54.26019287109375,3772100,0
2006-08-15,54.699195635882816,55.2030018203094,54.47608225293328,55.11663818359375,3516300,0
2006-08-16,55.56286561964279,56.822386586976044,55.31816132456292,56.73602294921875,4181600,0
2006-08-17,56.73602408877208,57.16785875945897,56.05228082669839,56.56328582763672,2893300,0
2006-08-18,56.62807781182119,56.62807781182119,55.53409601411638,55.86516952514648,3426400,0
2006-08-21,55.86514745748813,55.86514745748813,55.06625096713825,55.15261459350586,2537600,1
2006-08-22,55.41895361784019,56.03072018943177,54.87915861506902,55.38296508789063,2632700,1
2006-08-23,55.418929790587306,55.81478148552205,54.749584055291706,54.95830535888672,2493900,1
2006-08-24,55.31097402036525,55.44772379667092,53.9794812478015,54.15221405029297,3307900,0
2006-08-25,54.15220942758866,54.411311354746005,52.9358756212361,53.20936965942383,4604300,1
2006-08-28,53.28855508064943,53.99388403337793,52.576027324830015,53.77796936035156,4744200,0
2006-08-29,54.67042144989416,54.69201236520366,52.46806023109098,53.10141754150391,7186000,0
2006-08-30,53.25975506408457,54.195401606235706,53.00065311367586,53.993873596191406,3850800,1
2006-08-31,53.79956021227033,54.39693457328868,53.79956021227033,53.90752029418945,3056900,1
2006-09-01,53.97949591377803,54.634449766582776,53.59084288426944,54.28897857666016,3275400,0
2006-09-05,54.5192716368149,54.91512333027842,54.015465382476194,54.23857879638671,2674100,0
2006-09-06,54.2385975080574,54.37534732044482,53.40371200875473,53.57645034790039,3042700,1
2006-09-07,53.57643086560251,53.57643086560251,52.36729038666056,52.44646072387695,4272900,1
2006-09-08,52.75594318893503,52.9862553992729,51.94264890627612,52.39608001708984,4956300,0
2006-09-11,51.91386013239595,53.3533128458074,51.91386013239595,53.13019943237305,3535300,1
2006-09-12,53.10861565828148,53.5332516300942,52.97906467701916,53.4468879699707,3314800,1
2006-09-13,53.518852825196326,55.05186800255069,53.518852825196326,54.92951583862305,4886400,1
2006-09-14,54.02986853972137,54.44011242814857,53.727584725317634,53.98668670654297,5230800,1
2006-09-15,54.382532989859065,54.69921440937392,53.78516416360714,53.98668670654297,4108100,1
2006-09-18,54.05146394640588,54.44011695052957,53.835549271500206,54.13063430786132,2407200,0
2006-09-19,54.23140629625384,54.33936640056347,53.36773644393476,53.885940551757805,2351900,1
2006-09-20,54.34654239827019,54.98709845966058,54.34654239827019,54.835956573486335,4003700,1
2006-09-21,55.45492211585643,55.61325731363456,54.51927558593769,54.77837753295898,4435500,1
2006-09-22,54.84316186606884,55.97313234955072,54.51208830624819,55.598876953125,4682000,1
2006-09-25,55.92274809675235,56.53452002821421,55.68524251969136,55.92994689941406,4622000,1
2006-09-26,56.24661308932494,57.06710065605121,55.68522743746761,56.85837936401367,4247500,1
2006-09-27,56.98074222669982,57.54932678609895,56.98074222669982,57.15348052978516,4288800,1
2006-09-28,57.2686464563351,57.83003233668255,57.03833415949824,57.05992507934571,4449700,0
2006-09-29,57.21826974907758,57.39820141495518,56.70726447691463,56.75044631958008,4041900,1
2006-10-02,57.11028622952946,57.77963197172832,56.74322424417488,57.5565185546875,5727300,0
2006-10-03,57.56372568567166,59.08234349083051,57.56372568567166,58.85923004150391,5901700,0
2006-10-04,59.377422862104325,60.44262025800711,59.02475849412164,60.42822265624999,7232700,0
2006-10-05,60.43539375770647,60.54335375709865,59.780440454847934,60.18349075317383,3688200,1
2006-10-06,60.18354087799307,60.7377279495284,59.838069690421655,60.22672271728516,3649900,0
2006-10-09,60.23390970787828,60.36346069142544,59.35584254062275,59.48539352416992,4452000,1
2006-10-10,59.37744201246584,59.499794211481294,58.87363561000337,59.111141204833984,4005000,0
2006-10-11,58.98157824751704,59.01756676514604,58.21866999525852,58.75846481323242,3258000,1
2006-10-12,59.16151762384948,60.35626628026824,59.08954607021551,60.19792556762695,4129800,0
2006-10-13,59.91722490008817,59.98919644439543,58.88801589237151,59.29825973510742,4005200,0
2006-10-16,59.29826263858091,59.629336151466426,58.8808199736516,59.49259185791016,2472600,0
2006-10-17,59.34143356956622,59.34143356956622,58.65769575413861,59.22628021240234,2918200,0
2006-10-18,59.3918454032268,60.06839026446979,58.98160140017241,59.55018615722656,3796200,0
2006-10-19,59.55017343586337,59.70851415603772,58.852037801137136,59.31266784667969,2425200,0
2006-10-20,59.66532586784721,59.66532586784721,58.801650803314764,58.83044052124024,3017200,1
2006-10-23,58.823227349504855,59.62211841512784,58.657687900094,59.59333419799805,2818000,1
2006-10-24,59.80927704548026,60.3778616963894,59.53578292486033,60.16194152832031,3815100,0
2006-10-25,59.44942841442566,59.44942841442566,58.00997491533022,58.19710540771484,7074000,1
2006-10-26,58.11792005871376,58.11792005871376,55.97313248133957,56.95915985107422,10621400,1
2006-10-27,56.9807511012976,57.86601719648725,56.51292773363081,57.390995025634766,6880400,0
2006-10-30,57.75804110780861,58.32662559820406,57.58530831676329,57.7364501953125,3739800,1
2006-10-31,58.009967404021225,58.009967404021225,57.08151935839346,57.47737121582031,3943800,1
2006-11-01,57.58530146534312,58.11789737749323,57.37658018425337,57.62128448486329,3180100,1
2006-11-02,57.62131908279712,57.86602902141555,56.9375808995392,57.00235366821289,4044600,1
2006-11-03,57.19665537051772,57.83001259786903,57.13907594319221,57.5565185546875,2706700,1
2006-11-06,57.56372077880653,58.20427684543226,57.56372077880653,57.92358398437499,3082600,0
2006-11-07,58.10352812569566,61.1623660331141,58.009960157767104,61.06879806518554,11846400,1
2006-11-08,60.85209998533942,62.02219576114398,60.33205741831517,61.71883392333985,8496700,0
2006-11-09,61.93551010269518,62.4772201035934,61.42991630608049,61.47325134277344,6147800,1
2006-11-10,62.40499127131378,62.82391498155785,61.711603152923054,61.84161376953125,5496600,0
2006-11-13,61.89940022963216,62.36165903683486,61.60326826434278,61.892181396484375,3360100,1
2006-11-14,61.89219206125235,62.18109973261656,61.22047125526543,61.92830276489258,3463100,1
2006-11-15,62.405001807401646,63.257292546715725,62.36888559813992,62.89615249633789,5850900,1
2006-11-16,63.50286909291624,64.59351365597466,63.199512754230376,64.07347106933594,6966900,0
2006-11-17,64.31904130274161,64.737959547924,63.97234445061324,64.65850830078125,5748600,0
2006-11-20,64.31905425369511,64.44184056561772,64.00847354611635,64.36961364746094,5571500,1
2006-11-21,64.89687809860865,66.4858979240502,64.69464051423049,65.79972839355469,8516400,0
2006-11-22,65.79972619571801,66.15364195655833,64.84631653652313,65.07744598388672,4480800,0
2006-11-24,64.46352034656847,65.06301435131786,64.39129341467905,64.83910369873047,1213700,1
2006-11-27,65.00521229878969,65.02687982119966,62.80225567777331,63.10561752319336,6282300,1
2006-11-28,63.66901219240951,64.09515494204528,62.87450493151188,63.517333984375,4950600,1
2006-11-29,63.73400037104354,64.60795871154353,63.510095282730425,64.20348358154297,4427600,1
2006-11-30,64.3551464900054,64.60072455393964,62.91058649916102,63.94344711303712,4194000,1
2006-12-01,64.7162941083324,65.04132345088139,64.03013023610626,64.68018341064453,5154400,1
2006-12-04,64.68019862408126,65.43858958062407,64.58629866477526,64.70186614990234,3492900,1
2006-12-05,64.70905885114573,65.7997031316765,64.40570259104327,65.53246307373047,4385100,0
2006-12-06,66.16086678244653,66.34143683671662,65.5541540451682,65.6047134399414,4214800,0
2006-12-07,65.94419341764747,66.19699041985828,64.82465675142068,65.012451171875,3784500,1
2006-12-08,65.05577841505443,65.52526165453817,64.66574643966305,65.09911346435547,2796300,0
2006-12-11,64.83907387473897,65.14965449851141,64.65850387279126,64.84629821777344,2365000,1
2006-12-12,65.02688078758916,65.54692337539765,64.82464322801034,65.22911834716797,3634800,0
2006-12-13,65.59749910412917,65.72028543723384,64.56463801568086,64.71631622314453,3695000,0
2006-12-14,64.49965427057973,65.09914292930505,64.34075167047305,64.9546890258789,3510400,0
2006-12-15,65.12799564926043,65.65526254977912,65.12799564926043,65.51080322265625,5305000,0
2006-12-18,65.54693131960246,65.65527445695366,64.57907844986984,64.68741607666016,2626500,1
2006-12-19,64.28291685711244,65.32300176964004,64.26124933986125,65.12798309326172,2628900,1
2006-12-20,65.13522972336779,65.43858608980236,64.4129495115365,65.07744598388672,3296000,0
2006-12-21,64.86075713932411,65.29412411027513,64.61517903243052,64.96187591552734,2834600,0
2006-12-22,64.7523789959155,64.76682216589256,63.813413141252695,64.10955047607422,2511700,1
2006-12-26,64.24679513426169,64.28291133361627,63.813428294798406,64.13123321533203,1566200,1
2006-12-27,64.39127727375593,64.60795801510896,64.09513976351174,64.19625854492188,2007400,0
2006-12-28,64.17460820002265,64.42740522121639,63.856808592191264,64.28295135498047,1274600,1
2006-12-29,64.4635035350789,64.61518170565891,64.10236345925213,64.16736602783203,1780300,0
2007-01-03,64.21071034405813,65.22190371769695,63.88568095044535,64.40572357177734,4871700,1
2007-01-04,63.80623335265244,64.8824348710442,62.845604827559285,64.6657485961914,2718900,0
2007-01-05,64.84632335482091,65.0052258998214,63.9218054681577,64.39128875732422,3285900,0
2007-01-08,64.00125495380233,64.5790813721151,63.24285846858697,64.23960876464844,2989000,0
2007-01-09,64.23237445158752,64.79575209121023,63.24284865471154,63.56065368652344,4193800,0
2007-01-10,63.58954196516299,64.52850280802129,63.5606500993052,64.47794342041016,3955200,0
2007-01-11,64.26126597430554,64.47794671346547,63.79178277361869,64.16736602783203,4048600,0
2007-01-12,63.95068615628407,64.17459124295509,63.199514127106085,63.65454864501953,3890500,0
2007-01-16,63.7412237254056,63.92901810879994,63.05505978187748,63.56065368652344,5537800,0
2007-01-17,63.57506013845005,64.67292842654226,62.99723965416312,64.16011047363281,4501400,0
2007-01-18,64.37682827846915,64.55739831735131,63.38730799215343,63.56065368652344,3348000,1
2007-01-19,63.88569823283629,64.35518158801925,63.416220388215386,64.01570892333984,4368900,1
2007-01-22,63.20671327028955,63.45951012389232,61.26377864727746,61.82715606689453,8426800,1
2007-01-23,61.40102043784704,63.69064656969247,61.39379609534996,63.0983772277832,6559700,1
2007-01-24,63.0911547071976,63.387292141983295,62.491661005479415,63.27172470092773,3368600,0
2007-01-25,63.05505011639436,63.17061205807353,62.11608385391375,62.23165130615235,2850300,1
2007-01-26,62.11607941107469,62.2966494093627,61.10488631855005,61.70438003540039,5149400,0
2007-01-29,61.42992382624925,62.116087707162606,61.39380761754443,61.75494766235352,3116500,1
2007-01-30,61.93552264501882,62.54945966825099,61.79106881975015,62.116092681884766,3151100,1
2007-01-31,64.49962718318304,65.25079377821328,64.28294090848065,64.68741607666016,11568600,0
2007-02-01,64.96911332902101,66.62313594216313,64.81021628566023,65.76362609863281,6622200,1
2007-02-02,65.76359313770725,66.07417374364742,64.96908076630761,65.04131317138672,5098100,0
2007-02-05,65.33024979117498,66.03086255164352,65.22913099178378,65.5252685546875,3028600,1
2007-02-06,65.72750165179153,65.72750165179153,64.93299449217875,65.71305847167969,3521700,1
2007-02-07,65.68404779667425,66.12634066416578,65.03873634053252,65.5100326538086,2813600,1
2007-02-08,64.99522107452792,65.5172719316471,64.20489807771844,64.90821075439453,5155600,0
2007-02-09,64.7849522398843,65.47377151510446,64.55293024436105,65.2562484741211,4282800,0
2007-02-12,64.92997197227872,65.17649293193917,64.37166539354497,64.67619323730469,3449200,1
2007-02-13,64.67622643463469,64.79949250957645,64.0236680150129,64.74148559570312,3009800,1
2007-02-14,64.72696766663549,65.37953148265542,64.72696766663549,65.2127685546875,3865800,0
2007-02-15,65.27076999997409,66.56139867396578,65.15476172801596,66.49613952636719,5702200,0
2007-02-16,66.69189335934306,66.70639231496664,65.78555650723753,65.93782043457031,4545500,0
2007-02-20,66.343850521863,66.48161547892798,65.14023265492607,66.00306701660156,3940500,0
2007-02-21,65.47377332536227,66.70638917343948,65.29250596347792,65.95231628417969,4971700,0
2007-02-22,66.0538296615693,66.65563866799701,65.45202065514158,65.67679595947266,3176500,0
2007-02-23,65.40852727118882,65.87257136781014,65.25626332059514,65.45928192138672,2341700,0
2007-02-26,65.60431382346248,65.78558126209381,64.212175690573,64.48045349121094,4537900,0
2007-02-27,63.80608983192408,64.31363606103332,61.80489728373517,63.22603225708007,5937900,1
2007-02-28,63.371063406414486,64.10338501165752,62.3922208731365,63.2695541381836,6093600,0
2007-03-01,62.7910165037684,64.38617269518605,62.29072231910407,63.69735336303712,5151800,1
2007-03-02,63.71183276521223,64.1976278028652,63.088272809003726,63.1027717590332,4307200,1
2007-03-05,63.052036697593856,63.943874526665184,62.63874734554635,63.09553909301758,3783200,1
2007-03-06,63.8278620634571,63.8278620634571,63.11729710846983,63.67559814453125,3321800,1
2007-03-07,63.67559625143648,64.71244574344541,63.67559625143648,64.32090759277344,5205900,1
2007-03-08,64.51669040988189,65.01698463320768,64.24841268734369,64.45143127441406,2811500,0
2007-03-09,65.03872989801295,65.32150655159936,64.63269276093321,64.90097045898438,2820600,1
2007-03-12,64.53117703659248,66.61212822013397,64.53117703659248,66.12632751464844,5964200,0
2007-03-13,65.90880628940955,66.05381794946342,64.85745239257812,64.85745239257812,5247800,0
2007-03-14,64.85748391627284,65.47379760065897,64.19042110485769,65.24177551269531,4027900,1
2007-03-15,65.24175827411308,66.02482915668075,64.94447711366756,66.01033020019531,3513900,0
2007-03-16,66.01032134253182,66.01032134253182,65.02422647859785,65.2562484741211,5815100,0
2007-03-19,65.61877105590838,65.94505002521845,65.18373058621505,65.4882583618164,3568400,0
2007-03-20,65.48829220589249,65.93058514601044,65.27076909271094,65.37228393554688,3485800,0
2007-03-21,65.37227488887662,65.94507497942436,64.85747062771198,65.83631896972656,4230100,0
2007-03-22,65.5462723103273,65.83630116538544,65.16923313919962,65.6695327758789,3561600,0
2007-03-23,65.10400795241677,66.20611144421804,65.10400795241677,65.96684265136719,2304700,0
2007-03-26,65.89431289933763,65.9378208301517,65.140239970041,65.85806274414062,3273000,0
2007-03-27,65.69130767956405,65.98133663929204,65.25626700589322,65.63330078125,2687900,0
2007-03-28,65.45926129229817,65.55352384998939,64.53842563409155,64.85745239257812,4497400,1
2007-03-29,65.33600279290388,65.64778285005202,64.64718908917307,65.08222961425781,3520500,1
2007-03-30,64.98074114770075,65.30702026301908,64.27742273324257,64.4659423828125,4588200,0
2007-04-02,64.4586907486518,64.53844884992417,63.86413387761197,64.4079360961914,3440200,1
2007-04-03,64.76321229860498,65.43027496019593,64.5964438672864,65.18375396728516,3931000,1
2007-04-04,65.19102921330379,65.69857586710636,65.11127109172858,65.4520492553711,2553900,1
2007-04-05,65.4012437980604,65.79278185485042,65.4012437980604,65.61876678466797,2997800,1
2007-04-09,65.95955149400525,65.95955149400525,65.27073237762264,65.27798461914062,3155400,1
2007-04-10,65.22000681168502,65.88707503258824,65.22000681168502,65.86531829833984,2860400,1
2007-04-11,65.9088272735377,65.97408088178538,65.00249028003977,65.23451232910156,3460000,1
2007-04-12,65.24173659835475,65.87979557671493,64.82119508605753,65.87254333496094,2635300,1
2007-04-13,66.05382165365069,66.05382165365069,65.38675912905073,66.00306701660156,3035700,1
2007-04-16,65.98131774034073,66.18433629444725,65.20549367609605,65.48101806640625,3747800,0
2007-04-17,65.47380163953316,66.08285758356742,65.29253419925963,65.58255767822266,3926800,0
2007-04-18,65.58252321851198,68.27978219762792,65.50276514415229,68.06951141357422,9490500,0
2007-04-19,67.78675200621076,68.70034120599242,67.25745432219124,67.4242172241211,6192000,1
2007-04-20,67.98976150864902,68.24354024765422,67.47496285073285,67.64173126220703,6035200,0
2007-04-23,68.22901611941022,68.33052537305444,67.65621074136669,67.8954849243164,4900400,1
2007-04-24,68.80909714160798,68.85259954172554,67.69974168387944,67.9172592163086,5754000,1
2007-04-25,68.62058939850596,68.70034750042058,67.25020823919799,68.65684509277344,7745700,1
2007-04-26,68.54808085939126,69.30215390953971,68.18554605827231,68.34506225585938,4838400,1
2007-04-27,68.33780419493371,68.41031004261838,67.63448585552516,68.17103576660156,3526800,1
2007-04-30,68.17103362300055,68.23629275615382,67.32270361489795,67.43146514892578,3751400,1
2007-05-01,67.5402063242255,67.90274097381142,67.06891017339584,67.59821319580078,3241600,1
2007-05-02,67.48948480715342,68.49007893947316,67.31546410704718,68.03328704833984,3425000,1
2007-05-03,68.21454369687753,68.51181933192053,67.79400203575175,68.04777526855469,3065900,1
2007-05-04,68.4103216697498,68.43207287456792,67.5184890811521,67.87377166748047,3056000,1
2007-05-07,68.01149713518635,68.88157801314296,67.90273564248194,68.56254577636719,4018400,1
2007-05-08,68.45382461431937,68.45382461431937,67.93902032260468,68.30880737304688,4427700,0
2007-05-09,68.31607088531344,68.60717571738307,67.93762571967291,68.46890258789062,3009800,1
2007-05-10,68.22874352508599,68.527133228621,67.46457937661728,67.53736114501953,2664000,1
2007-05-11,67.54465555516757,68.57809812663893,67.23171273364255,67.97404479980469,2702200,1
2007-05-14,67.97402090125466,68.512571537625,67.91579771016892,68.09046173095703,2075400,1
2007-05-15,68.39614116544377,69.4659633147534,68.25786245359009,68.65813446044922,5005900,1
2007-05-16,68.7745679477072,69.47322955897494,68.7745679477072,69.38589477539062,4112600,1
2007-05-17,69.38588773654195,70.72499318664462,69.30583780029646,70.441162109375,4858600,1
2007-05-18,70.64495960297543,70.95790236885483,70.06273869588398,70.32473754882812,4234600,1
2007-05-21,70.171883801009,71.1325441096752,70.04816370160896,70.5212173461914,4525300,1
2007-05-22,70.76865685887093,71.03065562710049,70.12821851012545,70.2155532836914,3783900,1
2007-05-23,69.82984316502471,70.1937298006996,69.40045960011365,69.55329132080078,4563700,1
2007-05-24,69.7934454697146,71.9330947327859,69.68427838785612,70.899658203125,7449900,1
2007-05-25,71.54009876214204,71.78753895376295,70.87054328267455,71.50370788574219,3249200,1
2007-05-29,71.70020670611483,72.19509265924742,71.29265552793564,71.68565368652344,3295500,0
2007-05-30,71.66381999473525,73.2430863321008,71.54009989696226,73.1775894165039,5798300,0
2007-05-31,73.27950785861435,73.47600424005894,73.11939681689697,73.20672607421875,4235500,0
2007-06-01,73.83259942771944,73.83259942771944,72.37705282054927,72.65361022949219,4057000,0
2007-06-04,73.50509787456735,73.50509787456735,72.41343800514309,72.76277160644531,2718900,0
2007-06-05,72.73365122673744,72.74820424681916,71.93309631052863,72.4134292602539,3276300,0
2007-06-06,72.02771528823475,72.19510001670163,71.09616647033701,71.53282928466797,3428800,0
2007-06-07,71.53283654087048,72.11505183488129,70.45572964062274,70.4775619506836,4713100,1
2007-06-08,70.37566642133923,71.48188479790213,69.80073047785892,71.46005249023438,3951500,1
2007-06-11,71.50373234192138,71.8967306210894,70.89967912287771,70.99429321289062,3345300,0
2007-06-12,70.99427030246589,71.02337634118626,69.95355451546183,70.2155532836914,5023400,1
2007-06-13,70.68136340455148,71.72207971818756,70.53580537495172,71.66385650634766,5333300,0
2007-06-14,72.04953463546188,72.41342117402482,71.85303834772378,72.02770233154297,3436000,0
2007-06-15,72.42799215951534,72.77732576627997,71.27083534501675,71.43094635009766,7178100,0
2007-06-18,71.34362708917368,71.74390468900165,70.8050763159719,70.8851318359375,4109300,1
2007-06-19,70.88513079682143,71.49645779217478,70.2374129102097,70.53579711914062,5120200,1
2007-06-20,70.66679541257301,71.11801691552311,69.87352507868418,69.92446899414062,4733900,1
2007-06-21,69.92447552365347,70.73957824707031,69.2621990084064,70.73957824707031,6288900,1
2007-06-22,70.33199620943167,70.52121878160983,69.57511147318745,69.80799865722656,5358900,1
2007-06-25,69.86623404957996,70.28106459215057,68.99290834494798,69.55329132080078,4334800,0
2007-06-26,69.42956478031114,70.20828188658456,69.04384587054052,69.1239013671875,4364100,1
2007-06-27,68.63632028521722,69.0657095580032,68.10504871423576,68.8837661743164,4492500,1
2007-06-28,69.13846693111385,69.56785053423732,68.59991621707886,69.25491333007812,3507700,1
2007-06-29,69.40044529754584,70.11365984710113,69.32038980999826,69.982666015625,5786300,1
2007-07-02,70.39023514952606,70.63040167345639,70.06273382985661,70.42662048339844,2818400,1
2007-07-03,70.44844107031683,71.36543121458669,70.44844107031683,71.06704711914062,2132000,1
2007-07-05,70.97245351918883,71.67112081024122,70.76140413722189,71.58378601074219,2569600,1
2007-07-06,71.41638171198308,72.20965738276684,71.33632621623971,71.96221160888672,2591000,1
2007-07-09,73.49782961849465,73.73799615840652,72.48622509853017,72.70455932617188,5717500,1
2007-07-10,73.21397087178217,73.25764103234046,72.50803009449258,72.9592514038086,6681400,1
2007-07-11,73.12665333634344,73.38137284500412,72.45709777468967,72.86465454101562,4608100,1
2007-07-12,73.14119512748312,73.37408229285498,72.6026445986484,73.344970703125,4571200,1
2007-07-13,73.63607653401874,74.54579283555955,73.21396683751156,74.14551544189453,4249800,0
2007-07-16,74.23284669999721,74.35656677857169,73.50507369313449,74.2837905883789,3406800,1
2007-07-17,74.16736117001187,74.76413490507102,73.79619532489332,74.26924896240234,3352800,0
2007-07-18,74.12369998358477,74.77869698003508,73.42503837152744,74.10186767578125,4331000,1
2007-07-19,73.96360257425074,74.82965462597998,73.96360257425074,74.58221435546875,2603200,0
2007-07-20,74.81508714850389,75.99407617841192,74.48758587716476,75.5865249633789,6651100,0
2007-07-23,76.03774364073836,76.08868754080495,75.12074788707083,75.71752166748047,4041200,0
2007-07-24,75.28814447491848,76.90380206379609,75.20808896898531,75.5428695678711,5535100,0
2007-07-25,77.85719545637453,78.47580169362118,77.42052700422865,78.03913879394531,10402700,0
2007-07-26,77.18763829176088,77.72619455854476,74.40027063286608,75.4700927734375,10480300,0
2007-07-27,75.39730046290062,77.4277883047738,75.39730046290062,75.47735595703125,7753200,0
2007-07-30,76.12508777802385,77.25313863932918,75.68842489871751,76.80919647216797,6300600,1
2007-07-31,77.53693398311613,77.53693398311613,75.1862248137932,75.2735595703125,6895500,0
2007-08-01,74.98246746198876,76.29973509909958,74.96063515567819,76.07412719726562,6943900,0
2007-08-02,76.4307261536464,77.14394621266067,76.05956588190958,77.09300231933594,4755700,0
2007-08-03,76.78007874583407,77.39868490485641,75.8485298636636,75.86308288574219,5466600,1
2007-08-06,76.0450191398776,76.30701793272134,74.2983623717423,75.93585205078125,6308200,1
2007-08-07,75.47008611796844,75.77575511221706,74.45120797870445,75.12075805664062,5250000,0
2007-08-08,75.28871561890904,76.08469040000483,73.54341991532303,75.01122283935547,5820700,0
2007-08-09,73.60185096277242,74.65341207117284,71.57905664016116,71.78353118896484,8723900,0
2007-08-10,70.79765170169512,71.93684414551741,68.64341897310399,71.88572692871094,11406200,0
2007-08-13,72.63058956059625,73.68945431334849,72.47723788703067,73.06143951416016,6144600,1
2007-08-14,73.2659273098823,73.55072414444227,71.12629623782847,71.29425048828125,4854400,0
2007-08-15,70.83417885597747,72.14862976432302,69.52703200027821,69.74610900878906,5327200,0
2007-08-16,69.51973265615986,69.51973265615986,65.78085972382947,67.72332000732422,14712700,1
2007-08-17,69.2203194321892,71.36725377294223,69.11078094251341,70.05280303955078,8418600,0
2007-08-20,70.29379896498205,71.22851717473213,69.19112096534249,70.98753356933594,4813500,0
2007-08-21,70.71003448544974,71.00943377352108,70.15504350904105,70.79766082763672,3254700,0
2007-08-22,71.19931589267772,72.1851514599965,70.8341911957922,71.55713653564453,4185600,0
2007-08-23,72.25816795490762,72.25816795490762,70.26459043211213,70.64431762695312,4377100,1
2007-08-24,70.67356062798358,72.00261477550839,70.56402206560286,71.90768432617188,4350400,1
2007-08-27,71.61553748415412,72.25815476246775,70.92910146613424,71.95875549316406,3269800,0
2007-08-28,71.55713130721891,71.84192810427167,69.69499883197858,69.84835052490234,5336300,0
2007-08-29,70.46904575959597,71.23580962593832,69.9870786272987,70.76114654541016,5131700,1
2007-08-30,70.64431964879881,71.32345175840292,70.05281946575536,70.72464752197266,4113700,1
2007-08-31,71.5644619162231,71.98800802795628,70.6151351928711,70.6151351928711,3963100,1
2007-09-04,70.17696971856466,70.33032143163396,69.30067262349405,70.04552459716797,6767100,1
2007-09-05,69.51975468798247,71.37458920704988,68.65805999914582,69.98711395263672,10775200,0
2007-09-06,69.76803822485397,70.27921064869999,69.00857807273874,70.25,6660000,1
2007-09-07,69.51973377058324,70.17695927980502,69.1254040364104,69.25684356689453,5669400,1
2007-09-10,69.38101304897057,70.0601453703911,68.67997413191746,69.61469268798828,4741900,1
2007-09-11,70.08935390903324,71.46952510590532,69.75343421491874,71.155517578125,4804700,1
2007-09-12,70.98754887962859,72.09753117162307,70.83419716258223,71.79812622070312,4407400,0
2007-09-13,72.00257732045534,72.56487238153997,71.82001500190889,72.25816345214844,3993400,0
2007-09-14,71.85652033024803,72.71821458435089,71.57902207654904,72.55025482177734,4217500,1
2007-09-17,72.14865717649022,72.82778947527171,71.61557255796549,72.03181457519531,3788300,1
2007-09-18,72.00261477550839,72.16327059081844,70.42527841985913,71.90768432617188,9975300,1
2007-09-19,72.58679208571259,73.54341702493534,72.33120590783179,73.03954315185547,6915400,0
2007-09-20,72.98116449201365,74.01081378041526,72.98116449201365,73.93778991699219,4723000,0
2007-09-21,74.7410167476888,75.38363971461504,73.93774361039115,74.91627502441406,6631000,1
2007-09-24,75.21569019550647,75.77068131421166,74.77754165815435,75.25220489501953,4912900,1
2007-09-25,75.02581324851903,76.69078079941579,74.87976561370218,76.62506103515625,5031100,0
2007-09-26,76.8952294121243,77.39179900330565,75.39821658788924,76.2745132446289,5036800,1
2007-09-27,76.27454677374924,77.51597408309414,75.94593677585952,77.01210021972656,3984200,0
2007-09-28,76.82222834078864,77.37721939917917,76.11389116091902,76.66887664794922,4549500,0
2007-10-01,77.0047857619236,78.13667439525872,76.83683154440004,77.88108825683594,3675700,0
2007-10-02,77.85917465320453,78.24620585241901,76.8733337388468,77.35530090332031,4595400,0
2007-10-03,76.91715506519873,77.20925588032729,76.12848453575951,76.4717025756836,3655500,0
2007-10-04,76.78572891908587,77.18736276402623,76.27455097366945,76.31106567382812,3450900,0
2007-10-05,76.96828593385877,77.04130975774564,73.82090731068061,74.66799926757812,8306000,1
2007-10-08,75.4055138900163,75.4055138900163,73.49956353939392,73.80626678466797,5318900,1
2007-10-09,73.98884799197253,74.31015941964091,72.7766372290259,74.08377838134766,5564600,0
2007-10-10,73.67485500131006,74.77753305772269,70.86339617434886,72.06100463867188,25303300,0
2007-10-11,72.65980656560666,72.71822784771045,69.34447401957756,70.2938003540039,13195900,0
2007-10-12,70.18425743312616,71.26502322733988,69.68038365652016,70.60780334472656,9506400,0
2007-10-15,70.08933776485068,70.46906499008252,68.97205153636035,69.24954986572266,8073500,1
2007-10-16,69.00855133912809,70.35220723063215,67.93508409354637,70.06011199951172,9845700,0
2007-10-17,70.48366705206095,70.87070389981189,69.1034961823788,69.80453491210938,8097500,0
2007-10-18,69.63655691455993,70.94370351516201,69.22761918792997,70.79035186767578,6762300,0
2007-10-19,70.49828511269942,70.83419920324422,68.49009905281362,68.57042694091797,9205200,0
2007-10-22,68.03000195816726,69.40286812179745,67.62105871495311,69.32254028320312,7938900,0
2007-10-23,69.92867922315394,70.07472686441591,68.76028137897701,69.33717346191406,6109100,1
2007-10-24,69.8775466629941,70.16234340093322,67.92777709455669,68.83329010009766,9715600,1
2007-10-25,69.28606907229248,72.27279236051497,67.18295256296794,70.10395050048828,8169100,0
2007-10-26,70.28649005171255,70.50556705444355,69.41019318350777,70.1185302734375,5185400,0
2007-10-29,69.94331051917202,71.2723646580556,69.78995876138114,70.82691192626953,8932800,1
2007-10-30,71.01675113766788,72.00258667157934,70.83418879541168,71.0751724243164,7543500,0
2007-10-31,71.6739487081684,72.08288641236972,71.07514468214862,71.99525451660156,5940300,0
2007-11-01,71.78351870025732,71.92226229860506,70.46906754344154,70.5420913696289,6408600,0
2007-11-02,70.55671425335781,71.47682468445349,70.3522396973079,71.38919830322266,5610600,0
2007-11-05,71.26502793988963,72.05369853680983,70.47636291432957,71.54252624511719,4459200,0
2007-11-06,71.56444449025724,71.87845196954854,70.79038187350429,71.34536743164062,4090000,0
2007-11-07,71.08885642233759,71.81440091714101,70.4365982901037,71.00823974609375,5730700,1
2007-11-08,71.06684242984532,71.27204639889086,69.54979241138567,70.5611572265625,6991700,0
2007-11-09,69.68173915298192,70.1727639399227,68.94153401998435,69.04413604736328,6131900,1
2007-11-12,69.07344397242508,69.1907066142298,67.93748589335154,68.05474853515625,6382400,1
2007-11-13,68.76564167939895,69.00016138442273,68.06208256432762,68.67036437988281,6512000,0
2007-11-14,68.99282053670555,69.0734371971912,67.79090653305236,68.0034408569336,6536800,1
2007-11-15,67.02872762735562,68.05475345170916,66.6696205458187,66.94078063964844,6693600,0
2007-11-16,67.4244572502522,67.46110321357423,65.5556249486081,65.95137786865234,9249100,0
2007-11-19,65.6655662828487,65.90008594276857,64.58091495249049,64.69084167480469,9344800,0
2007-11-20,64.72016461682747,65.1892039894674,63.70146920518229,64.39037322998047,8743700,0
2007-11-21,63.59887792221292,64.859423545632,63.57689257156583,64.06059265136719,7088200,1
2007-11-23,64.85942205931109,65.70955954079243,64.54428566067799,65.62161254882812,3317300,1
2007-11-26,66.32516330068663,67.71029609799747,65.85612391913114,65.90742492675781,7087900,0
2007-11-27,66.37645575345873,67.82754999720436,66.3398097849954,67.22659301757812,7092300,1
2007-11-28,67.87154858356627,68.7656569042362,67.24860600336918,68.60442352294922,6937100,0
2007-11-29,68.60442275824443,69.08811730532176,67.87154782703053,68.31127166748047,4692100,0
2007-11-30,69.32995653915965,69.32995653915965,67.21927908003698,67.82023620605469,10111300,1
2007-12-03,67.7909245863574,68.30393475207596,67.17531238749514,67.27058410644531,5423400,0
2007-12-04,67.00671898877033,67.27055426879983,65.84877588101743,65.95137786865234,7080900,0
2007-12-05,66.61831903440194,67.54174282853171,66.2225659797749,66.47174072265625,9175900,1
2007-12-06,67.05801777221677,67.74692160196264,66.56699319166499,67.26322174072266,5813100,1
2007-12-07,67.68833309872734,68.62641217155598,67.42449766057024,68.2746353149414,5363800,0
2007-12-10,68.34058594557467,68.34058594557467,67.27058923873432,67.8935317993164,5971200,0
2007-12-11,67.89350148618564,68.15733678556997,64.58091080370045,65.00597381591797,10328400,0
2007-12-12,64.49299091055755,65.61428860790252,62.69744965017258,63.70148468017578,18701100,0
2007-12-13,63.51824911001426,65.15989246906045,63.32037540059373,64.89605712890625,7522100,0
2007-12-14,64.88875878809262,65.95142539352582,64.51499094014731,64.80081176757812,4988900,0
2007-12-17,64.6468876220416,65.15257304037846,63.90668248343384,64.05326080322266,4946000,0
2007-12-18,64.3976896192517,64.3976896192517,63.17378485423195,63.884674072265625,5732000,1
2007-12-19,64.30975961770939,64.61756567223647,63.37168082787984,63.48161315917969,8620600,1
2007-12-20,63.818717305856914,64.06056724985845,63.37899369310173,63.89933395385742,3333500,0
2007-12-21,64.5222853846906,65.47501908264906,64.34639703284118,65.27714538574219,7661800,0
2007-12-24,65.62891943541683,66.23720107401303,65.62891943541683,65.9733657836914,1946900,1
2007-12-26,65.95874786376953,66.05401959778263,65.4310769862366,65.95874786376953,2734400,1
2007-12-27,65.95138494557574,65.95138494557574,64.73481599390803,65.13789367675781,2890200,0
2007-12-28,65.22586465895007,65.30648134348033,64.11189729577359,64.67620849609375,2928100,0
2007-12-31,64.59558408897183,64.6981861131273,63.935995654121655,64.09722900390625,3184200,0
2008-01-02,64.17784193842769,64.37571566165492,63.02722879912259,63.48161315917969,4303000,0
2008-01-03,63.81139747338658,64.22913581281027,63.56954748967023,63.74544143676758,3427900,0
2008-01-04,63.261750652164544,63.87736837358594,62.80004155464162,62.89531326293945,5393400,0
2008-01-07,63.21044827225568,63.2470942469408,60.22031789900825,60.73333358764649,9961800,1
2008-01-08,60.90922291933809,61.0997719261828,58.37347687206154,58.56402587890625,9810600,1
2008-01-09,58.41011655396714,58.94511759281247,57.02498369495357,58.84984588623047,10307100,0
2008-01-10,58.52738253212947,60.96785698128152,58.52738253212947,60.35956954956055,9411400,0
2008-01-11,59.9271714032928,59.934501717061785,58.629985435739165,59.011077880859375,6556600,0
2008-01-14,59.60471849149055,60.36690907805501,58.73992586359934,59.8538932800293,7732600,0
2008-01-15,59.70730064261525,59.94915062720061,55.69847527737151,57.061622619628906,16467100,1
2008-01-16,57.02498781741261,59.59004968122577,56.06492359477342,58.53471374511718,13292400,0
2008-01-17,59.50942805814734,60.4548371660621,57.91176086352553,58.2781982421875,9303800,1
2008-01-18,58.81320329221992,59.2309417087707,56.98834658743399,57.45738601684571,7686800,0
2008-01-22,54.62116426289533,57.706566856562056,54.525892540783886,56.871089935302734,8503300,1
2008-01-23,55.332061626417136,56.57062214610834,54.32069615528589,56.11623764038086,13028100,1
2008-01-24,56.84177733399152,57.41341888026778,56.05027666528157,56.8857536315918,7449300,0
2008-01-25,57.64060936367006,58.38813926722512,56.40937936439764,56.45335006713867,7849500,0
2008-01-28,56.5412984737394,56.95903693436906,56.05027364291696,56.871089935302734,4864300,1
2008-01-29,57.58198268908246,59.406839688501215,57.36211797481381,59.33355331420898,9025500,0
2008-01-30,58.41011634082085,62.199083112800245,58.40279161899639,60.73333358764649,11331100,1
2008-01-31,59.93449593360212,61.444216123644765,59.21628181249838,60.96052169799805,7887700,1
2008-02-01,61.099775490596485,61.5541542985302,59.985802637861774,60.6527214050293,6685900,1
2008-02-04,60.66738975126114,61.0924585802044,60.0297920992386,60.75533676147461,3106300,0
2008-02-05,59.80990277210505,60.66736480132704,59.61935379070348,59.86853408813477,4691600,1
2008-02-06,60.31779517482015,60.35461585356988,58.62388662301685,58.85219955444336,5331700,0
2008-02-07,57.96842635695846,59.09524153413464,57.96842635695846,58.73436737060547,6779000,0
2008-02-08,58.5355374079821,59.021612154212335,58.04209065639908,58.42506408691406,4343300,1
2008-02-11,58.52077250231047,59.94218088501774,58.07151869717633,59.75069427490235,4898200,0
2008-02-12,60.24415306013438,62.25474321083782,59.97901942856179,61.54035568237305,7980000,0
2008-02-13,62.12219455839933,63.06488969343707,61.871793621426406,62.95442199707032,6405000,0
2008-02-14,63.09431161876597,63.381538694142826,62.52722384963553,62.76289749145508,6631600,0
2008-02-15,62.64509876566347,62.91023248819429,61.989630845769625,62.73347854614258,5749300,0
2008-02-19,63.418407696159136,63.98549584722795,62.47571249396822,62.8734130859375,4158300,0
2008-02-20,62.21053822501978,62.372564910852816,61.091084187756806,61.8643913269043,7526400,0
2008-02-21,61.95279460161275,62.57143605297146,60.295712061166775,60.39881896972656,6688300,0
2008-02-22,60.76706788553892,61.28260249918821,60.20734057721551,61.15740203857422,5229100,0
2008-02-25,61.31940468539376,62.409393330855615,61.21629780322584,62.35047912597656,5450600,0
2008-02-26,62.689265563853176,62.689265563853176,61.790757833060674,62.28419876098633,5171700,0
2008-02-27,62.026440174585815,62.740827752514605,61.42252588727885,61.827587127685554,4675100,0
2008-02-28,61.503525482087234,62.60088052026711,60.92907124221996,62.45358657836914,5727400,0
2008-02-29,61.88649378357591,62.23264073164041,60.6860318490727,60.97325897216797,7667800,0
2008-03-03,58.41767795381308,59.57395300314103,58.36612450392857,59.41192626953125,9575400,1
2008-03-04,58.75646397294231,58.9111243368175,57.69592934190654,58.63862991333007,8209200,1
2008-03-05,58.7859232387375,59.89064492747768,58.67544994608247,59.44139099121094,5669600,0
2008-03-06,59.32356597881694,59.44876644076137,58.46187865983803,58.55762481689453,4503500,1
2008-03-07,58.174633125612175,58.18199950896977,56.24505648483108,56.41444396972656,9657100,0
2008-03-10,56.36290420845389,56.49547104655581,54.77946853637696,54.77946853637696,9930500,0
2008-03-11,55.07404665268296,55.78843410058639,53.31385756423618,54.05770492553711,14137400,1
2008-03-12,54.286034546156,55.05197575263533,53.1223927736832,53.35806655883789,8966800,1
2008-03-13,52.88669821370643,54.80891405147502,52.72467149651459,54.63216018676758,10850600,1
2008-03-14,55.817902849581714,56.848977506090456,55.33182262993572,56.1419563293457,13225400,1
2008-03-17,54.8383609301381,56.119835977738,54.60268729358062,55.5969352722168,5463100,0
2008-03-18,56.7090352947979,56.7090352947979,55.42755996662415,56.36288833618164,5644000,0
2008-03-19,56.69431489401157,56.70904204300341,54.09453201293946,54.09453201293946,9195600,1
2008-03-20,54.1681744752201,55.23606957273149,53.55689395674502,55.088775634765625,8086000,0
2008-03-24,55.42021226247397,56.32608664287018,55.08143157274615,56.186153411865234,4853800,0
2008-03-25,56.62065104732235,56.62065104732235,55.33917582116135,55.898902893066406,5969200,1
2008-03-26,55.72216827612763,56.34080976470468,55.67797558486824,56.19351577758789,4350600,1
2008-03-27,55.86944949251778,56.2376899950422,54.6027012648091,54.66162109375,7709400,0
2008-03-28,54.82367122626608,54.96359885612646,53.822056182148856,54.109283447265625,4616800,1
2008-03-31,54.49960232154352,54.92676271530362,54.05771477785254,54.77210235595703,7394800,1
2008-04-01,55.2508191163752,55.89155980596568,55.08879796649455,55.88419342041016,5956000,1
2008-04-02,56.04621094877064,56.84897827479411,55.773716536107045,56.59857177734374,6121500,1
2008-04-03,56.37762827135267,56.87106924072463,55.89891445109279,56.07566833496094,5597100,1
2008-04-04,56.0020251615486,56.43654632622451,55.47912423947359,55.71479797363281,5086600,1
2008-04-07,56.36288609304147,56.36288609304147,55.14769140416325,55.22134399414063,5388700,1
2008-04-08,54.87519225172225,55.52329340697396,54.52904533714463,55.25079345703125,5597200,1
2008-04-09,56.502841757520166,58.8448523306864,56.20088175137358,57.88742446899414,19513400,1
2008-04-10,57.77693417943612,58.21882728968001,57.29085962463388,57.76220703125,7873800,1
2008-04-11,57.18775099488714,57.747478130344376,56.50282343748282,56.60593032836914,5427700,0
2008-04-14,56.4733628215562,57.180383901238265,56.46599643832608,56.87106323242188,4926500,1
2008-04-15,57.121468828780415,57.20248219434424,55.67796663522294,55.75161361694335,6337700,1
2008-04-16,56.200881168308925,56.65013517055995,55.707440090067934,56.46601486206055,4895700,1
2008-04-17,56.26716189399376,56.90053614275204,56.26716189399376,56.64276885986328,3466400,0
2008-04-18,57.07727799879032,58.255646485307096,57.07727799879032,57.931598663330085,6742900,0
2008-04-21,57.96844159265607,58.45452194055274,57.57074102226053,58.2483024597168,4744200,0
2008-04-22,58.41769086944038,58.91113194441674,57.26141556447033,57.857963562011726,7615500,1
2008-04-23,59.397196654325406,61.39305958684889,58.601795787214414,60.45772552490234,15488400,1
2008-04-24,60.75231138934242,61.400418215009445,60.13367009455519,61.1279182434082,5755200,1
2008-04-25,61.40780460800486,62.78502656844136,61.40780460800486,62.48306655883789,8355000,1
2008-04-28,62.60825609977839,63.07223714192613,62.07062245695887,62.58616256713867,5378900,0
2008-04-29,62.26211903773005,63.66879515628497,62.26211903773005,62.9912338256836,4485300,0
2008-04-30,63.21217505167049,63.46994231651931,62.32839434788245,62.49778747558594,5220600,0
2008-05-01,62.4977956376613,62.95441600853066,62.28421541349204,62.902862548828125,5083200,1
2008-05-02,63.57303169957139,63.705598487654434,62.586149980766905,63.10905075073242,3784500,0
2008-05-05,62.83655493305031,63.38891564997898,62.60088125191689,63.27844238281249,3886400,1
2008-05-06,63.0354008682224,63.49202107318081,62.69662031057079,63.44783401489258,5079200,0
2008-05-07,63.65500968047954,63.70680360486512,62.46374377449688,62.55993652343751,5060300,1
2008-05-08,62.67833775598411,63.04089532813602,62.15299762017984,62.71533584594727,3671600,0
2008-05-09,62.47115503853138,62.707928110607526,61.96801155473015,62.197383880615234,3328200,0
2008-05-12,62.44895110664758,62.89289985898216,61.62024262920559,62.74491882324219,5367400,1
2008-05-13,62.88550723486924,63.107484462260615,62.2343826903648,62.95210266113281,4292400,0
2008-05-14,63.11487541903146,64.12855734227247,62.95209289687507,63.40344238281251,4909900,0
2008-05-15,63.4182265090923,63.736390749483206,62.89288660428191,63.299842834472656,6006300,0
2008-05-16,63.51443860133551,63.51443860133551,62.70053146565583,63.01869583129883,7129900,0
2008-05-19,63.30727701450523,65.32725227981034,62.89292542987524,64.42455291748047,7176300,0
2008-05-20,64.40973370586562,64.40973370586562,62.604335635986224,62.99649047851562,5698000,0
2008-05-21,63.196266519901705,63.336846806313964,59.77044975351663,60.07381820678711,10847200,0
2008-05-22,59.97025518825516,60.46599805876012,59.60029681114098,60.23662567138672,6333300,0
2008-05-23,60.08862953311448,60.739754142730455,59.82225909165432,60.28841018676758,4476600,0
2008-05-27,60.37717844769537,61.63503974261222,60.37717844769537,61.31687545776367,4528900,0
2008-05-28,61.59806449973771,61.59806449973771,59.99244663577368,60.76935577392578,4135400,0
2008-05-29,60.539966845427806,61.41306852740515,59.97023363330119,60.75454330444337,3465200,0
2008-05-30,60.96912389794123,61.36867950612224,59.94064036109418,61.24288940429688,4660200,1
2008-06-02,61.12452447423598,61.12452447423598,59.54110304703622,60.044246673583984,4492000,1
2008-06-03,60.3032002047006,60.52517743282541,57.195552881645625,57.802284240722656,10185000,0
2008-06-04,57.37313754291,58.320229948794285,57.328744350482935,57.728294372558594,6750100,1
2008-06-05,57.85407587511977,57.86147097601204,56.82559233957629,57.20294570922852,5787700,0
2008-06-06,56.63320943207058,56.65540602379131,54.01390435184146,54.13229370117188,12786400,0
2008-06-09,54.30987667136007,54.84261749815459,54.11749678499197,54.716827392578125,6629000,0
2008-06-10,54.35426177749288,54.8352085993512,53.83632252017748,54.5096435546875,5675000,0
2008-06-11,54.339486550145445,54.58365478117246,53.96212743657036,54.24329376220703,6544800,0
2008-06-12,54.761210526189245,57.01055690275834,54.59842802632164,54.84260177612305,9794900,0
2008-06-13,55.316187151632505,55.856323309077496,55.03501512627747,55.582557678222656,6087100,0
2008-06-16,55.32354294638955,55.82668628965515,54.7760064286079,55.508522033691406,3481100,0
2008-06-17,55.77492424891001,55.86371629380453,54.6132551425124,55.03500747680664,6503700,0
2008-06-18,54.287671946723535,56.48521906043607,54.287671946723535,55.23476409912109,11534700,0
2008-06-19,55.53074362056994,57.12896055643623,55.25697244370292,56.93658065795898,7539700,0
2008-06-20,57.56550848139021,57.56550848139021,55.98208755359124,56.10787200927734,8868600,1
2008-06-23,56.40382662745833,56.58880571752657,55.58251901594623,55.930274963378906,4036600,0
2008-06-24,55.67132769980818,55.94509889517814,54.850019758814405,55.3383674621582,4949800,0
2008-06-25,53.48117334430995,53.85853240787323,51.31321738323611,51.527793884277344,21124600,0
2008-06-26,50.869266950627946,52.082729739731846,50.35132758154057,50.46971130371094,10984200,1
2008-06-27,50.12194820513579,50.26253416361434,49.11566119154477,49.515216827392585,10369500,0
2008-06-30,49.3006404992871,49.38943252258055,48.501534870108486,48.6273193359375,8562400,0
2008-07-01,48.05758909186316,48.99728649507436,47.76902202035525,48.427547454833984,9758400,1
2008-07-02,48.70130863201774,48.82709309465934,47.280670166015625,47.280670166015625,10136400,1
2008-07-03,47.36205835684091,47.79860639703668,47.01429668679204,47.70241928100586,4058400,1
2008-07-07,47.84301559062269,48.6051288734139,47.03650346802558,47.569244384765625,6175400,0
2008-07-08,47.67282123212547,48.83448993352751,47.51003869579531,48.77529525756836,6689800,1
2008-07-09,48.87890116706076,49.74460809856975,48.331364325041584,48.5311393737793,9614900,0
2008-07-10,48.797505314986125,49.20446176810732,48.10198743844703,48.82710266113281,7304100,0
2008-07-11,48.35354158425406,48.35354158425406,46.51115110128928,46.82191467285156,9787400,1
2008-07-14,47.650618703712055,47.650618703712055,46.34096629812321,46.75531768798828,5545500,1
2008-07-15,45.91922127003696,47.62102873942824,45.88962393116396,47.265869140625,7925200,1
2008-07-16,47.28806162597604,48.59771412049288,46.98469598527264,48.52372360229492,5644100,1
2008-07-17,48.8714930072341,49.73719406234655,48.13157641754163,49.515216827392585,7105200,1
2008-07-18,49.65580592656764,50.56590022818751,49.234053669572,50.41791915893554,8452100,1
2008-07-21,50.68429275991232,50.98766130944498,49.79639499880708,50.49191284179688,5025700,0
2008-07-22,50.74348426915951,51.4242062196858,50.13675285323548,51.24662780761719,6168500,1
2008-07-23,49.81118207875733,50.32172630631942,48.553326197799365,49.36723327636719,11043900,0
2008-07-24,48.53852671625428,48.9010842612955,45.91182341109,46.26698303222656,14072900,1
2008-07-25,46.61473835707574,47.45824269478507,46.126393591951526,47.2288703918457,9167400,1
2008-07-28,47.22147620032705,47.39905459998727,46.067205312304566,46.12639999389648,6253100,1
2008-07-29,46.348381678588645,46.9847104927773,46.11160856017773,46.77013397216797,5620700,1
2008-07-30,47.05129702809016,47.30286878670977,46.6147461182078,47.22147750854492,6011000,1
2008-07-31,46.61475066200072,46.61475066200072,45.14231523249767,45.21630859375,10585300,1
2008-08-01,45.42346622613889,46.08199135431794,44.96471885974849,45.8822135925293,7016800,1
2008-08-04,45.93402412215436,46.11900327311815,45.23110278398042,45.40128326416016,6074500,1
2008-08-05,45.77862598530283,48.597708430469865,45.77122806337215,48.24254608154297,8941000,1
2008-08-06,48.31702411715172,49.15084275838337,47.646987223330925,48.689266204833984,6240000,0
2008-08-07,48.43611900281584,49.269942986102514,48.13088356819453,48.16066360473633,7389300,1
2008-08-08,48.29465954782168,51.183254252100106,47.87774481445005,50.52066421508789,10088400,0
2008-08-11,50.54301096438526,50.55045739369309,49.29227779885194,49.59751892089844,6875200,1
2008-08-12,49.79853963672292,49.843206863916826,48.81582087871769,49.08383560180664,6422200,1
2008-08-13,49.1880599393493,49.307180111268536,47.646978214909325,47.84054565429688,8990000,1
2008-08-14,47.453407760880246,48.711584601745336,47.2375067358855,48.22022247314453,9356600,0
2008-08-15,48.22021779619127,48.637132626071576,47.51296039115543,47.98198318481445,7672600,0
2008-08-18,48.019216327863525,48.55524569799173,47.03649770928247,47.37895965576172,4903400,0
2008-08-19,47.2598366277088,47.78842234387039,46.6195800329068,46.86526107788086,8101400,1
2008-08-20,46.89505712606644,47.62465124087978,46.31435756694356,47.058841705322266,3964400,1
2008-08-21,46.880143944035765,47.49062040873664,46.31433468798409,47.31194305419922,4048500,0
2008-08-22,47.60231117171804,48.920048337407536,47.28218278931985,48.80093383789063,5490800,0
2008-08-25,48.32445469126326,48.75625105450524,47.33428969976724,47.6990852355957,4578300,1
2008-08-26,47.71397602276056,47.93732349094983,46.80570748938293,47.24495315551758,4488800,0
2008-08-27,47.32684589185532,48.54035272191656,47.051387617299326,48.03410339355469,4034300,0
2008-08-28,48.2276604159931,49.86552820980669,47.84053133306885,49.38905334472656,4448600,0
2008-08-29,49.32207216446257,49.4560795311268,48.46591430410571,48.80837631225586,3912800,0
2008-09-02,49.88042265245556,50.97481492392268,48.71158312496215,49.03915786743164,6464200,0
2008-09-03,48.90515886741071,49.93999123839434,47.75120632251925,49.18806076049805,5252900,0
2008-09-04,48.398896652985705,48.61479765096548,46.18777871087535,46.9248161315918,10921800,1
2008-09-05,46.545140315744106,47.26729070911416,46.07611459757729,46.82059860229492,5608800,1
2008-09-08,46.50791539869262,47.69908863734145,46.053779713963685,47.57997131347656,8309100,0
2008-09-09,47.58741415842105,48.55524559464386,47.58741415842105,47.66186141967773,7752800,0
2008-09-10,47.33429138502814,47.50552235446985,45.84532346990272,45.94210433959961,9138500,1
2008-09-11,45.510310930023,46.68659425632498,45.510310930023,46.582366943359375,6101100,0
2008-09-12,46.44091527878085,47.21517652313524,45.93466590363688,47.12583923339844,5084500,0
2008-09-15,46.01656330239713,46.753600971952565,45.41353015823058,46.34413528442383,9809800,0
2008-09-16,45.42841129197008,46.90248918262634,44.78815463603252,45.94955062866211,8591700,1
2008-09-17,45.32417538572357,45.413512648197646,42.01122184585078,42.435577392578125,14830200,0
2008-09-18,42.94927436697392,43.671424645289065,40.35102719485848,43.26195907592773,14031600,0
2008-09-19,45.21995316372252,45.41351772739532,42.88227134102363,44.4903564453125,10863200,1
2008-09-22,44.17023210534298,44.974273257939885,43.373631702334784,43.78310012817383,6031400,1
2008-09-23,43.857539492589055,44.959375149366686,42.5770264785052,42.66636657714844,6634600,0
2008-09-24,42.83760535499852,43.82776748988085,42.38346971028571,42.70359802246094,5484100,0
2008-09-25,42.93438528834469,43.328963687804745,42.28668508844937,42.74826431274414,6381800,1
2008-09-26,42.242021260007455,43.55231178373858,41.69854546848015,43.418304443359375,5866500,0
2008-09-29,42.80782154589382,43.14283984772736,40.76049095022064,41.2965202331543,9604900,1
2008-09-30,41.90700059472538,42.91949918168327,41.4081948908649,42.69615173339844,6412200,0
2008-10-01,42.25691821185261,43.18007978794541,41.22208571960753,42.15269088745117,6221800,0
2008-10-02,41.93678487791814,42.41325418118895,39.71077647922237,39.88945388793945,8128100,1
2008-10-03,40.20212622416842,41.988888525679165,40.02344885802518,40.075565338134766,9312300,0
2008-10-06,38.541926004256695,39.4576407217178,35.645884526436895,38.18457412719727,12428500,0
2008-10-07,38.55682384761462,39.13007682092507,36.26381195437286,36.68816757202149,10927800,0
2008-10-08,36.04047341508123,37.22420319012651,35.12475835740188,35.51189041137695,11889300,1
2008-10-09,35.60866287258583,36.4350375364572,33.06252670288086,33.06252670288086,12239000,1
2008-10-10,29.876143628779257,32.9434169047126,29.779359913864496,31.119430541992188,20325600,0
2008-10-13,32.43717131668428,35.22154304077969,31.64057357390449,35.05031204223633,14290600,0
2008-10-14,36.20426225219418,36.829629004162335,32.466951763048954,33.553897857666016,12493900,1
2008-10-15,32.89128982191589,33.8591180559374,30.92585332452331,31.51399612426757,10146800,0
2008-10-16,31.744794501583726,33.501777040786344,29.77191377983703,33.345436096191406,11752000,0
2008-10-17,32.72006649247367,34.856734393598806,32.169147181810246,33.16675567626953,10045100,0
2008-10-20,33.30820999806204,34.81951136372947,32.54883610063853,34.77484130859375,7809200,0
2008-10-21,34.48449966847283,35.50444198331847,33.89635660955481,34.54405975341797,7357000,0
2008-10-22,32.87640752436529,33.42732683673061,31.119425140040946,31.94580268859863,10096700,1
2008-10-23,32.161713029206624,34.84930102955201,31.87136469055105,34.633399963378906,13971200,0
2008-10-24,31.64056345201421,35.16941813131262,31.082200567566897,33.680450439453125,9792200,0
2008-10-27,34.022915173171384,34.34304348089994,31.461888711342954,31.536338806152344,9236200,1
2008-10-28,34.58128215029302,36.51693940211484,32.48183751070836,36.41271209716797,14396800,0
2008-10-29,36.33826456451123,39.32364411401593,36.33826456451123,37.07530212402344,12835700,0
2008-10-30,38.92162165422965,39.30875366550887,36.16703319394232,37.745338439941406,9559100,0
2008-10-31,37.68578886026559,39.1673136462931,36.68817993318712,39.02585983276367,8419400,0
2008-11-03,38.63871651770384,39.59165502487514,37.834672522292486,39.34597396850586,8412300,0
2008-11-04,40.507378329206006,40.686055756454,39.24920126727029,39.91923522949219,9284500,0
2008-11-05,39.379178219502535,39.4466854966176,36.7538996715357,37.16644287109375,10002100,0
2008-11-06,36.73137431506975,37.67647271880492,34.01608592234514,34.29361724853516,13721300,1
2008-11-07,34.9387092590332,35.47876462714883,34.016108829960515,34.9387092590332,7150800,0
2008-11-10,35.47875360579573,36.23633537134831,34.19611857064321,34.60866165161133,5304200,1
2008-11-11,34.12863164027987,34.12863164027987,32.06591214553768,32.98101043701172,7928100,0
2008-11-12,32.42594076272178,33.071009676495855,31.50334319813557,31.89338493347168,7739500,1
2008-11-13,31.52584892530443,32.49345242655535,29.305613696506608,32.37343978881836,13997600,0
2008-11-14,31.51083349091884,32.82347240575646,30.60323812794929,30.78325843811035,8908900,1
2008-11-17,30.460733806955258,32.10340714364995,30.37822459099461,30.88827896118164,7042600,1
2008-11-18,30.453221864727656,30.57323445178894,28.540520006608386,29.673141479492188,12209200,1
2008-11-19,29.463114448333894,30.10068358008246,28.09047079579436,28.112972259521484,10614300,1
2008-11-20,27.737936187110574,29.808156957222025,27.54291679985485,27.835447311401367,13406300,1
2008-11-21,27.887945772611182,29.95066363826985,27.130364154154456,29.68813705444336,13259700,1
2008-11-24,30.04067872281249,30.940774554855253,29.17058675281384,30.56573486328125,9682300,1
2008-11-25,30.41573328082752,30.60325321826952,29.658153992545778,30.13820457458496,9618700,0
2008-11-26,29.51562793076392,31.008287432691223,29.26810317736141,30.963281631469723,6256400,0
2008-11-28,30.880780194748088,32.1034109195568,30.828274844111547,31.97589874267578,2608200,0
2008-12-01,31.233302485483133,31.50333149900094,29.808153491609364,29.91316413879395,7817500,1
2008-12-02,30.40822188310664,30.753257746717413,29.440618696552647,30.52823448181152,6029400,0
2008-12-03,30.175694479643468,30.828262768604265,29.36561020047246,30.35571479797364,8007000,1
2008-12-04,29.88316356640084,31.0007831372166,28.878057050702573,29.39561080932617,7244200,1
2008-12-05,28.503021649493288,29.680646262421515,27.212883964470763,29.650642395019528,10564600,0
2008-12-08,30.265701244974803,32.77096643950087,30.033178472982943,32.140899658203125,13096400,0
2008-12-09,31.180807666414548,31.833376094709788,30.49073583167963,30.618247985839844,8306100,0
2008-12-10,31.120793524831075,32.02088645676398,30.70824759281524,31.263307571411133,5181000,1
2008-12-11,30.490728988665623,31.51083457698521,30.01817816186572,30.205698013305664,7691900,1
2008-12-12,29.673147222021942,29.80816176626046,28.65303860392044,29.40311813354492,10337400,1
2008-12-15,29.70314858016432,29.91317279664692,28.653038943056785,29.058082580566406,8228000,1
2008-12-16,29.410615741479745,31.503338178635985,28.6530367252151,31.428331375122067,11041400,1
2008-12-17,30.87326779865185,31.128294907528,30.115688868319467,30.76825714111328,7270600,0
2008-12-18,30.98578741130166,31.31582138504256,30.520736027584327,30.80576705932617,8652600,1
2008-12-19,30.99327817488556,31.79586284172145,30.75325301441084,30.933273315429688,9903900,1
2008-12-22,30.49073391616699,31.173306171263487,30.003181079101072,30.84326934814453,5397200,1
2008-12-23,30.940770580219706,31.128290401918008,29.87565936640955,30.115684509277344,5270500,1
2008-12-24,30.183197015047,30.59574012235029,30.03318055930238,30.093185424804688,1753500,1
2008-12-26,29.82315904979144,30.52073319940077,29.82315904979144,30.40072059631348,2803400,1
2008-12-29,30.28821617444851,30.415728337749112,29.628145300753907,29.99568557739257,3876600,1
2008-12-30,30.06318340246693,31.008282177330344,29.860661623283523,30.940774917602543,4549700,0
2008-12-31,31.19579810946164,32.290913197514215,31.128290858207688,32.005882263183594,5443100,1
2009-01-02,32.103398310353086,34.17361909297657,32.08839637873108,33.94109344482422,7010200,0
2009-01-05,34.12861648517729,35.11122163823454,33.603560274678564,34.63116836547852,6917400,0
2009-01-06,35.14123164598323,35.253744741817655,34.128625228780926,34.73619079589844,7180300,0
2009-01-07,33.82858980800592,34.211132017572666,33.131015530632844,33.57356262207031,6586200,0
2009-01-08,33.37853796343376,33.67857090988276,32.913489471631415,33.59606170654297,5477000,0
2009-01-09,33.60356445750865,33.86609402609966,32.950996027075085,33.34103775024414,5645100,1
2009-01-12,33.21351234978009,33.34102732581572,32.395925752506585,32.8084716796875,4989200,0
2009-01-13,32.53845970117675,32.718477235209804,31.353332346596165,31.84838485717773,6359400,0
2009-01-14,31.413332678994056,31.488339490236697,30.65575072334177,30.903278350830075,7354900,1
2009-01-15,30.805762446534143,31.20330363507304,29.635637487221658,30.72325325012207,8464900,1
2009-01-16,31.09080558391166,32.29093201522241,30.78327300705534,31.84838485717773,9310800,1
2009-01-20,31.56335420873235,32.05840668152488,30.15320361358849,30.2732162475586,9636800,1
2009-01-21,30.56574633373484,31.8033789249076,30.00318658526119,31.705867767333984,6933100,1
2009-01-22,31.300824848537832,32.065906469053424,30.88077919570763,31.698366165161133,6590800,0
2009-01-23,30.68575545731764,32.133409273452244,30.68575545731764,31.488340377807617,5755600,0
2009-01-26,31.848374515602146,32.83097967933571,31.54834443586163,32.26091766357422,4659200,0
2009-01-27,32.47094329556163,32.973495203435355,32.16341080503373,32.41843795776367,5218900,0
2009-01-28,32.605970621071755,33.303545081081374,32.07341177540546,32.43345260620117,8071100,0
2009-01-29,32.0733944963295,32.0733944963295,30.280705153973308,30.53573226928711,8446500,1
2009-01-30,30.57322993916264,31.87086960072052,30.47572169372909,31.735855102539062,9098000,0
2009-02-02,31.30081508372569,31.30081508372569,30.085687176728342,30.603240966796875,8107400,0
2009-02-03,31.090796131047707,31.82587370439801,30.573239440074907,31.57084655761719,7220800,0
2009-02-04,31.91178188044496,32.55577732979234,31.58599659328279,31.79813766479492,6729000,0
2009-02-05,31.631452213774484,32.66184249681735,30.77531868592775,32.366363525390625,9021100,0
2009-02-06,32.21483681788703,33.08612064215368,32.01027377475509,32.51789093017578,6334200,0
2009-02-09,32.42698287963867,32.896718746648055,32.15423208906339,32.42698287963867,5088300,0
2009-02-10,31.282943412463165,31.99512367875306,30.32074066184316,30.46469116210937,9999200,1
2009-02-11,30.691986976259933,30.88139692595096,30.19952284116316,30.55561447143555,6519300,1
2009-02-12,29.987381911460904,30.298014085265933,29.22974218118852,30.199520111083984,6028900,0
2009-02-13,30.22223549299932,31.2071661443986,30.22223549299932,30.66924285888672,5483500,0
2009-02-17,29.919183930851183,30.108593798280776,29.017591112180583,29.116085052490234,6949100,0
2009-02-18,29.37369014242425,29.37369014242425,28.608472462709745,28.77515411376953,6324500,0
2009-02-19,28.97214535899389,29.320658950923217,28.350878104026183,28.46452522277832,5466700,1
2009-02-20,27.828108362382554,28.184199978586868,26.759836403935967,27.50990104675293,10598900,1
2009-02-23,27.82810139235445,27.87356080755817,26.024918384925805,26.108259201049805,9519200,1
2009-02-24,26.09311026829895,27.14623188068349,25.67640901068126,26.850749969482425,10815100,0
2009-02-25,26.72195114487461,26.72195114487461,25.16879042049748,25.69156074523925,11683900,0
2009-02-26,26.138568182321777,26.22948413197035,24.729357957022227,24.78239250183105,8771600,0
2009-02-27,24.471757570892343,24.524792109661284,23.789882245852155,23.820188522338867,11789000,1
2009-03-02,23.45652703087765,23.48683331589293,22.2139982469151,22.35795021057129,13956800,1
2009-03-03,22.5019003712912,22.81253254239283,22.00943339483356,22.24430274963379,10433300,1
2009-03-04,22.62312469702511,23.320153364869647,22.05489485188281,22.964061737060547,11627500,1
2009-03-05,22.13823190685213,22.74434454466397,22.02458623885088,22.267030715942383,11675700,1
2009-03-06,22.433709384806875,22.88071687171389,22.26702774523165,22.80495262145996,13134300,1
2009-03-09,22.71403694787553,23.835343312067938,22.69888380766356,23.48682975769043,12407200,1
2009-03-10,23.80503607786162,25.017259716085487,23.7292718295196,25.00968170166016,11501700,0
2009-03-11,24.6914793197739,25.532459896242404,24.53995079326463,25.206674575805664,10823100,0
2009-03-12,25.009682963169453,25.57033756213061,24.539947200904155,25.479421615600582,6133200,0
2009-03-13,25.54761070875167,25.835511703688663,24.94907467319962,25.30516624450684,7434000,0
2009-03-16,25.562761340871944,26.4870796863009,25.29001062281675,25.630949020385746,7157200,1
2009-03-17,25.699139913698097,26.09311294555664,25.19909777521733,26.09311294555664,5270900,0
2009-03-18,25.97946726163305,26.327980846828883,24.62329143948025,25.57034111022949,15879900,1
2009-03-19,25.653679106522866,25.85066414458008,24.97938027794983,25.146059036254883,10427300,0
2009-03-20,25.16879104700196,25.380929232148887,24.653595834359983,24.661170959472656,11323000,0
2009-03-23,25.15363539351785,26.89620590209961,25.039988297020155,26.89620590209961,8223900,1
2009-03-24,26.42646793659319,27.820524804330496,26.38100852378153,27.350786209106445,8468300,1
2009-03-25,27.29775423602764,28.631201568735005,27.25229770911277,28.078125,12446200,0
2009-03-26,28.2751126718868,29.305503100771457,27.96448051819357,29.290349960327152,9544600,0
2009-03-27,28.96455611456402,29.146390856043965,28.085694459435462,28.43420791625977,7329000,0
2009-03-30,27.752344165825683,28.01751691570522,26.600731427468737,26.91136360168457,10833800,1
2009-03-31,27.1992639856924,27.45686157656569,26.555268563426264,26.95681953430176,11549200,1
2009-04-01,26.15372283167336,26.97197220606513,25.91885348384669,26.850749969482425,9288800,1
2009-04-02,27.39624495489709,28.775148651458103,27.39624495489709,28.18419075012207,9449300,0
2009-04-03,28.20693108234945,28.88123008196847,27.57051349694686,28.555444717407223,8591300,1
2009-04-06,28.396332463525376,28.956987051090938,27.684152264878207,28.911527633666992,7390300,0
2009-04-07,28.41906589688023,28.555441283794405,27.66142614298652,27.75992012023925,6015900,1
2009-04-08,27.65384771773598,28.15388978003909,27.456862676899103,27.93417358398437,4477300,1
2009-04-09,28.547864981053934,29.68432456504441,28.547864981053934,29.661596298217773,9065400,1
2009-04-13,28.00994684292208,28.396341903902627,27.13108471170809,28.14632225036621,9531300,0
2009-04-14,27.6614276872131,28.41149235711416,27.50232402365321,28.06297874450684,5845300,1
2009-04-15,27.752344897074963,28.82061683071314,27.73719175523026,28.46452522277832,5452200,1
2009-04-16,28.502392705152307,29.358526014963868,28.03265709815905,29.08577537536621,6423900,1
2009-04-17,29.207007855613487,29.38126462785295,28.926681995068776,29.032751083374023,6152300,1
2009-04-20,28.525136646837,28.684240294579904,27.547780713274307,27.638696670532227,7017000,1
2009-04-21,27.77507505005944,27.77507505005944,27.229573467288013,27.76749992370605,7352500,1
2009-04-22,28.67665562426174,29.032747135290503,27.684149669945743,28.25995445251465,11626000,1
2009-04-23,28.252381472031107,28.88122083924589,27.729608296578466,28.73727035522461,6400400,0
2009-04-24,28.866061635110025,29.55551341294096,28.60088898600779,29.33580017089844,8351000,1
2009-04-27,28.782732992537355,30.191940383192392,28.578169930144032,29.90403938293457,8546500,1
2009-04-28,29.63128931809001,29.86615577687912,29.03275325763925,29.434301376342773,6627200,1
2009-04-29,29.61613490386836,30.85866350393219,29.563100358024123,30.722288131713867,7775900,0
2009-04-30,31.11624877451285,31.623868656600827,30.229812096617906,30.343456268310547,7028100,1
2009-05-01,30.54045052770166,31.343546580662025,30.37376890606893,31.222324371337887,5508800,1
2009-05-04,31.745099089238312,31.957237243652344,31.44961722966301,31.957237243652344,5269800,1
2009-05-05,31.76026197622728,32.767924391023165,31.76026197622728,32.692161560058594,7683900,0
2009-05-06,33.12823933484768,33.82446781685515,32.959922317581544,33.81681823730469,7930300,1
2009-05-07,34.023397656861675,34.13815888094673,32.70744794029127,33.30421447753906,7106700,0
2009-05-08,33.63321239153605,35.07157628000502,33.48784696161591,35.063926696777344,7491100,1
2009-05-11,34.627820475979235,34.8879500535806,34.06930757201211,34.21467590332031,9595700,1
2009-05-12,34.07696597979147,34.48246104041537,33.12060750203738,33.740325927734375,7068700,1
2009-05-13,33.036439384624735,33.22005853290694,32.424370692727834,32.860469818115234,6323700,1
2009-05-14,32.85281968180728,33.51844716830558,32.68450260353239,33.2353630065918,5251600,1
2009-05-15,33.105293494632306,33.65615671339139,32.676844000200425,32.898719787597656,5189300,1
2009-05-18,33.855082209436254,34.06930552450151,33.51844515453746,33.94689178466797,7288000,1
2009-05-19,33.939239488709646,34.47480065211814,33.58730037965423,34.138160705566406,4792100,1
2009-05-20,34.4671440367752,34.99505555589707,34.07695123090412,34.1075553894043,4734200,1
2009-05-21,33.65616676712886,33.663816350308515,32.669204178218806,33.12060546875,5785000,1
2009-05-22,33.25831927959101,33.365430948998046,32.79161593268253,32.852821350097656,2951600,1
2009-05-26,32.60034807262309,33.91629826452795,32.53149014587052,33.786231994628906,4718300,1
2009-05-27,33.579654934620244,33.91629495189709,33.24301783591754,33.3348274230957,4622300,1
2009-05-28,33.656168511826,34.00810772782007,33.044096757050056,33.90864562988281,4559600,1
2009-05-29,34.130513541645115,34.49010517599438,33.62555650462693,34.31413269042969,5417400,0
2009-06-01,34.84204572204196,36.57879271695673,34.84204572204196,36.49463272094727,6920500,1
2009-06-02,36.494627900590814,37.8182272413095,36.19624462220447,37.64225769042969,7453200,0
2009-06-03,37.26736603060223,37.64225973313265,36.56348778888618,37.00723648071289,4700000,1
2009-06-04,37.2061663810978,38.95056309234605,37.16026012922186,38.69043350219727,7324600,0
2009-06-05,39.90692082056109,40.74851499498413,39.90692082056109,40.28181457519531,13724100,0
2009-06-08,40.15940317461034,40.80207613547538,39.11888476953606,40.419532775878906,7957400,0
2009-06-09,40.84797504288962,40.84797504288962,39.25659635712959,40.052284240722656,7723800,0
2009-06-10,40.41186429939134,40.70259795495782,39.09591472863333,40.01401901245117,6556200,0
2009-06-11,39.65443776508564,40.220600184504335,38.62156915899975,38.75928497314453,11852300,1
2009-06-12,38.83578576524174,39.44785724193496,38.33848133864488,39.35604476928711,5476700,0
2009-06-15,38.94292086366225,39.088286310859154,37.50455680424295,37.88710021972656,6363200,0
2009-06-16,37.92534290566844,38.3690945389968,37.25971837424969,37.35918045043945,5725700,1
2009-06-17,37.14495849609375,37.61166184748751,36.76241514820695,37.14495849609375,4870800,0
2009-06-18,37.053138521718346,37.703460863374254,36.83891524090432,37.45863342285156,3098700,1
2009-06-19,37.6269679593664,37.89474716412162,36.808325340743934,37.0608024597168,7032600,1
2009-06-22,36.59409924293576,36.7471142521785,35.599484171412655,35.882568359375,5198500,0
2009-06-23,33.962199391692145,34.04635939875082,32.53148802741734,33.564353942871094,27281100,0
2009-06-24,33.00583194022964,33.31951729606326,31.43740516106156,31.613374710083004,21282800,0
2009-06-25,31.674585434480168,32.592686991419804,31.45270962683784,32.53913116455078,14005100,0
2009-06-26,32.21779005490698,32.730396562420204,31.75108686533636,32.04182052612305,15578800,0
2009-06-29,32.2484000142729,32.914024511348764,32.19484418798942,32.630943298339844,5514600,0
2009-06-30,33.380726743319336,33.50314047365819,32.210142345969594,32.51617813110352,8321200,0
2009-07-01,32.61564043209593,32.860467894522934,32.24839923845543,32.30960464477539,6346700,0
2009-07-02,31.988279573091965,31.988279573091965,31.077824429871555,31.238494873046875,7201500,1
2009-07-06,30.89419793490353,31.18492874350384,30.54225587839857,31.03191375732422,7132800,0
2009-07-07,30.98600609999783,31.13137149768168,29.792469999533623,29.868980407714844,7701600,1
2009-07-08,29.93019819618617,30.47341210396321,29.777180235102144,30.259185791015625,8800400,0
2009-07-09,30.412196939040264,30.603468617902152,29.85368398699245,30.067907333374023,5432600,1
2009-07-10,29.991394280661336,30.38158714917879,29.77716805533877,30.335683822631832,5833500,0
2009-07-13,30.358635209487915,31.23848592889324,30.0372973337167,30.940099716186523,6549000,1
2009-07-14,30.90184650825458,31.29204229856981,30.687623199735583,30.91714859008789,5748500,0
2009-07-15,31.192595768386603,31.720504721097363,30.99367152400854,31.64399719238281,7867100,1
2009-07-16,31.376206952035503,32.30196415590703,31.376206952035503,32.171897888183594,5356800,0
2009-07-17,32.324924121097816,32.43968833274479,31.445072948004743,31.64399719238281,5691600,1
2009-07-20,31.911765474513693,32.332562574717215,31.49096837431017,32.286659240722656,5535200,1
2009-07-21,32.76100645642188,33.441933031813896,32.51617898928258,32.914024353027344,9161800,1
2009-07-22,32.439664573074666,33.25065429032908,32.095375108875615,32.133628845214844,12052300,1
2009-07-23,32.133644074293024,32.27900950870424,31.200237288667378,32.09539031982422,13617700,1
2009-07-24,32.09537879020549,32.50852619463222,31.91940924800299,32.41671371459961,5068000,1
2009-07-27,32.1336386656399,32.4167199033508,31.697539517234983,32.3172607421875,5671700,1
2009-07-28,32.12598477663221,33.16650000899678,31.98061646760281,33.08999252319336,7831200,0
2009-07-29,32.89871965316775,33.281262904948775,32.62328804491368,33.18180084228516,5078100,1
2009-07-30,33.61791781677496,34.04636753759801,32.99819928678755,33.082359313964844,8279800,1
2009-07-31,33.14354987795465,33.27361611211675,32.7457045125377,32.829864501953125,6029200,0
2009-08-03,33.03644753517354,33.67912054986505,32.52383787272254,33.503150939941406,6064800,1
2009-08-04,33.38838651990012,34.0004553584927,33.1665106538558,33.786231994628906,5964600,1
2009-08-05,33.701267082780305,34.14927688287698,33.52360777010409,34.01023864746094,7129800,1
2009-08-06,34.2110707473546,35.32337361202136,34.0102364440542,35.161163330078125,10207000,1
2009-08-07,35.44695356989708,36.46656499977362,35.05301399559867,36.06489944458008,6689100,1
2009-08-10,35.84860841360602,35.84860841360602,34.906239394668255,35.354251861572266,5620600,0
2009-08-11,35.19204510989781,35.400602353157296,34.635892461205835,35.06072998046875,5121500,0
2009-08-12,35.01439940550213,36.13442522133453,34.998950387453554,35.7945556640625,4682100,0
2009-08-13,35.879513913471605,36.20393436339179,35.33881021700653,36.010826110839844,3484300,1
2009-08-14,35.3928849209676,35.71730835991666,34.14926714042673,34.65907287597656,10505300,0
2009-08-17,34.11065673828125,34.2033479155599,33.75533810321359,34.11065673828125,5211100,1
2009-08-18,33.98705582040216,34.396444413509165,33.74760050271028,33.81711959838867,5444200,1
2009-08-19,33.6008458424928,33.91754335210981,33.29187136874983,33.616294860839844,6578900,1
2009-08-20,33.631738279554384,34.62817769754091,33.5931172134166,34.55865859985352,5192100,0
2009-08-21,34.89852930772188,35.54737325959368,34.69769504233853,35.4315071105957,5529800,0
2009-08-24,35.92586305697672,36.91457945267519,35.50875141226173,36.4047737121582,6157100,1
2009-08-25,36.69057262993847,37.671563030688645,36.52063640326725,37.2698974609375,8247900,0
2009-08-26,37.13086005110353,37.37031538042316,36.64422635772426,36.93775177001953,3956000,1
2009-08-27,39.679889393088,40.46004851097213,39.39408995765848,40.02748489379883,17771800,0
2009-08-28,39.91934838888083,40.57591543644446,39.16236419932079,39.424991607666016,11455800,0
2009-08-31,38.75297690045622,38.81477297827181,37.8646803813508,38.36676025390625,9297900,1
2009-09-01,38.01142399580085,38.915172061307295,37.43982527442218,37.67155456542969,8242400,1
2009-09-02,37.53253014087037,37.83377862411659,37.20038362175302,37.38576889038086,3835700,1
2009-09-03,37.59431242501797,37.71790453286245,36.89139851794168,37.43210220336914,5466500,0
2009-09-04,37.64840178739274,38.05006452584333,37.11542090405762,37.9650993347168,5711400,1
2009-09-08,38.41310239631937,38.528968554095954,37.7024652719794,38.235443115234375,4583900,0
2009-09-09,38.38992230686806,39.50995079337975,38.38992230686806,39.03104019165039,5895800,1
2009-09-10,38.94608336378202,39.177815697924494,38.459452533920505,39.00015640258789,3847200,1
2009-09-11,39.11601333841733,39.733959254782825,38.99242415514424,39.6644401550293,5880500,0
2009-09-14,39.38636729039029,39.59492164616464,38.96152670411283,39.37091827392578,4392700,1
2009-09-15,39.59492811877591,40.4291574646398,39.301405597763726,40.22060012817383,6584400,1
2009-09-16,40.50638462871886,40.7535629479231,40.00430495697187,40.4445915222168,5101400,0
2009-09-17,40.35963019872423,41.062544214464864,40.32100913235136,40.84626388549805,4676800,1
2009-09-18,40.954402923583984,41.16296021217953,40.24376294615491,40.954402923583984,6532900,0
2009-09-21,40.62998390030872,41.21703476447246,40.490945692827765,40.83081817626953,3076100,1
2009-09-22,40.90806185442644,41.17841524429971,40.26694382611901,41.04710006713867,3898300,1
2009-09-23,41.209300287415154,41.24792429555218,40.367348180835215,40.45231628417969,4609100,0
2009-09-24,40.34417626106959,40.568182543942434,39.79574952432419,40.00430679321289,5351900,1
2009-09-25,40.05838468950839,40.47549930871962,39.62582105329688,39.79575729370117,3638600,1
2009-09-28,40.02748902784359,41.20158787006203,39.9811419740959,40.9930305480957,4921900,0
2009-09-29,41.15523195371984,42.85458525273522,41.15523195371984,42.19029235839844,7266000,0
2009-09-30,42.37567433577138,42.67692273064969,41.29426697029218,41.827247619628906,5939600,0
2009-10-01,41.59552356513677,41.63414757955936,40.1896954808336,40.25149154663086,6606000,0
2009-10-02,39.54085836674367,39.98114509865954,38.69890597742051,39.70307159423828,6041200,1
2009-10-05,39.97341246057611,40.56818629425765,39.68761304194418,40.3828010559082,3083000,0
2009-10-06,39.81120101708671,40.60680613391914,39.50995259213455,40.39052581787109,6244300,0
2009-10-07,40.3055551994083,40.35962527505374,39.58719225543548,40.00430679321289,3659300,0
2009-10-08,40.39824676513672,40.62997608416005,40.05837729367571,40.39824676513672,3190600,0
2009-10-09,40.54500916662417,40.74584044863563,40.13561767596544,40.699493408203125,2589700,0
2009-10-12,40.67633336879077,40.7304034586243,39.68761978715023,39.903900146484375,3974100,1
2009-10-13,39.88843353141709,40.151060829005566,39.67215326749633,40.08926773071289,3023600,0
2009-10-14,40.40597868068474,40.59136098449468,39.83437685964049,40.56046295166016,4646100,0
2009-10-15,40.18969361450437,40.575910168006345,39.34774141000612,39.98113632202149,5684300,1
2009-10-16,39.540842677989616,41.49510009599689,39.27821535029605,41.08570861816406,7431400,0
2009-10-19,41.18614290555711,41.51828945694056,40.62226695582683,41.28656005859375,3841200,1
2009-10-20,39.94251241305209,40.39824803161103,39.44815573121153,40.08155059814453,8189400,0
2009-10-21,39.44816115482002,40.16652422769712,39.0078744903597,39.10829162597656,8115500,1
2009-10-22,38.87655941905424,39.5717474425559,38.42854680574563,39.44815826416016,6375000,1
2009-10-23,39.44043418069775,39.44043418069775,38.23543751343823,38.53668594360352,5856700,1
2009-10-26,38.50579818013731,38.60621533249984,37.07679777775917,37.3008041381836,7427700,1
2009-10-27,37.30852374517333,37.486183031269526,36.729198833147045,36.88368606567383,7044700,1
2009-10-28,36.86052087918812,36.92231401575151,36.44340615763734,36.47430419921875,6909800,0
2009-10-29,37.31623713558707,37.9496319232777,36.93002065789289,37.70245361328125,8301100,1
2009-10-30,37.617481567506864,37.70244965513498,36.81415067105621,36.92229080200195,8702600,1
2009-11-02,36.93774771307222,37.39348332424005,36.55925717381314,37.285343170166016,5932500,1
2009-11-03,37.20810756638184,37.34714578459958,36.65968067596683,37.15403747558594,4899700,1
2009-11-04,37.62157061518615,38.10469981365141,37.24753712036252,37.45793151855469,5082000,1
2009-11-05,37.7852158143199,38.8527700216781,37.65274393520157,38.78263854980469,4916000,1
2009-11-06,38.73589295696902,38.94628742534335,38.4241997602535,38.71251678466797,3212400,1
2009-11-09,38.969657760648,40.115137592705295,38.87615011289471,40.01383590698242,4444100,1
2009-11-10,39.7956438774717,39.7956438774717,39.06316197386178,39.21121597290039,4735600,1
2009-11-11,39.569675177373576,40.068386649821086,39.382659861483184,39.49175262451172,3545800,1
2009-11-12,39.44499069310851,39.67876128503832,39.03199588161404,39.18004989624024,3323500,0
2009-11-13,38.94628583681418,39.69435304548545,38.74368541584045,39.49175262451172,3545300,1
2009-11-16,39.74110024505505,40.92554123651614,39.64759260620541,40.89437103271485,5704600,1
2009-11-17,40.84761396540886,41.05800837316273,40.28656518395266,40.93333053588867,3945400,0
2009-11-18,40.9800841522383,41.01904541742833,40.091754226667945,40.535919189453125,4377300,1
2009-11-19,40.161892270686266,40.36449266638844,39.5462940731784,40.07617568969727,3182700,1
2009-11-20,39.83459732622665,40.43461021388136,39.79563606807836,40.28655624389648,4696400,1
2009-11-23,40.90995169185771,41.29957027939921,40.76968876253845,41.0112533569336,3255300,1
2009-11-24,40.58267243418776,41.011252274662574,39.70213361726594,40.49695587158203,3288200,1
2009-11-25,40.49695862890629,41.260610735623615,40.3878658954544,41.245025634765625,3021500,1
2009-11-27,40.01383927430415,41.15152813668738,39.74110737350787,40.871002197265625,3281400,0
2009-11-30,40.85540596226672,41.058006323012826,40.348900601570506,40.839820861816406,5432200,1
2009-12-01,41.104765133383744,42.25024484755984,41.104765133383744,41.860626220703125,6359000,1
2009-12-02,42.10997483759299,42.52296956153893,41.50216786035601,41.907371520996094,5980000,1
2009-12-03,42.07101503338453,42.398293209535055,41.69697858556418,41.89958190917969,3997600,1
2009-12-04,42.663238537734735,43.20870519574172,41.78269963149007,42.60869216918945,5449900,1
2009-12-07,43.01390580167527,43.598333861555226,42.78013517223426,43.497032165527344,4948800,1
2009-12-08,43.6294985258884,43.80872275143105,42.90480758594604,43.37234878540039,4658500,1
2009-12-09,43.44247440776259,43.48143567370717,42.94376306954221,43.22428894042969,3900100,1
2009-12-10,43.36455912065559,43.94119308710157,42.639868157309095,42.8658447265625,5755600,1
2009-12-11,43.224289527996255,43.48143626476925,42.95155471756868,43.32558822631836,7396600,1
2009-12-14,43.652874289773806,44.073663148917966,43.49702623388103,43.67625045776367,4830600,1
2009-12-15,43.92560123067759,43.92560123067759,43.1151967815428,43.38013458251953,7364800,1
2009-12-16,43.722994972079285,43.74637113429811,42.42946148085594,42.95934295654297,7803800,1
2009-12-17,42.78011381468154,43.16973232675495,42.39828636492613,42.44504165649414,5824200,1
2009-12-18,42.62428147159147,42.65545167741922,41.377499991471446,41.64244079589844,8920500,1
2009-12-21,41.58009819789714,42.468428145890606,41.58009819789714,42.31258010864258,3655800,1
2009-12-22,42.37492152053364,43.14636471580285,42.32037515208245,42.93597030639648,3669800,1
2009-12-23,43.17754648099893,43.36456477473752,42.79571882703701,42.82688903808594,3061900,1
2009-12-24,43.06063782164343,43.29441131331031,42.94375404836342,43.23207092285156,1004000,1
2009-12-28,43.11519717323785,43.28662734174762,42.77233089111008,42.96714019775391,2072200,1
2009-12-29,43.12299204937671,43.21649969251607,42.96714399577485,43.02169036865234,2164000,1
2009-12-30,42.74896648301858,43.08403882040712,42.66324988891152,42.82688903808594,2461000,1
2009-12-31,42.85804259451559,43.02947571611086,42.11776671882684,42.18010711669922,2189400,1
2010-01-04,43.419097532045335,43.9411850267764,42.702197765671855,43.77754592895508,6186700,0
2010-01-05,43.83209168291464,45.41394221820966,43.637282386546126,45.21134185791016,8867800,1
2010-01-06,45.374980960976,46.7464400722681,45.10224913503642,46.58279800415039,8836500,1
2010-01-07,46.372409085789045,48.55427584128832,45.99058448436469,48.46855926513672,14379100,0
2010-01-08,47.95425856466083,48.14127383022718,47.424377024632776,48.00101089477539,7146600,0
2010-01-11,48.27375629470093,48.38284905231294,47.1516525648523,47.43217849731445,5624900,0
2010-01-12,46.808783792255696,47.68932276264263,46.68410594470524,47.08930969238281,5273800,0
2010-01-13,47.22957360998566,48.078942392746455,47.026970245719184,47.65815353393555,4950400,0
2010-01-14,47.55685462971363,48.01660478618339,47.36204529176126,47.969852447509766,3000400,1
2010-01-15,47.94647684131084,47.96985598492629,46.91788369887571,47.39321899414063,5067300,1
2010-01-19,47.221770322379726,47.5412574364755,46.72305901965011,47.26073455810547,5427100,0
2010-01-20,47.01139309300554,47.19840840168639,45.60876341512547,46.91009140014648,5374100,0
2010-01-21,46.98801552773976,47.7360827326908,45.89708493032489,46.130855560302734,5401300,0
2010-01-22,45.6788833215303,46.107463182233,44.96198653236273,45.01653289794922,4743300,1
2010-01-25,45.46849130900432,45.78018739090019,44.80614085066827,45.02432632446289,3489900,0
2010-01-26,44.8373034586597,45.58537036143448,44.59573888747981,44.96977233886719,4552000,0
2010-01-27,45.85032383905062,48.37505405338656,45.84253277380664,48.2581672668457,14758500,0
2010-01-28,48.42960489161966,49.05299420800297,47.7750453662785,48.74909210205078,8862500,0
2010-01-29,48.93609755928895,49.40364168187048,47.00358958125941,47.22177505493164,8725400,1
2010-02-01,47.33087801622983,48.20362301719249,47.31529291250046,48.07894515991211,5919900,1
2010-02-02,47.75945819619693,48.31271600477398,47.53347864985827,48.265960693359375,7862300,0
2010-02-03,48.26594656731641,48.485621567639846,47.740291825738666,48.2188720703125,5480600,1
2010-02-04,47.81876914714944,47.99136972203184,46.48502110752006,46.53993988037109,7490700,1
2010-02-05,46.45362362222791,46.86944090648564,44.8295907188613,45.81813430786133,9675700,0
2010-02-08,45.76321391250507,46.26532994290027,45.33170514308955,45.418006896972656,4724500,0
2010-02-09,45.99073963150148,47.41078916081679,45.81029184482296,46.86944580078125,8250900,1
2010-02-10,46.84590149284422,47.11265101386081,46.24179219545818,46.712528228759766,4237100,1
2010-02-11,46.8772991043111,47.66185641149622,46.241806608065644,47.53632736206055,4395800,1
2010-02-12,46.971440123088726,47.01066738568584,46.2339574105789,46.7988395690918,5178300,0
2010-02-16,47.40293786808584,48.08550469018299,46.99497081562143,48.06196594238281,4268700,1
2010-02-17,48.16396387957973,48.642544229076336,47.85798706409123,48.50132369995117,4116200,1
2010-02-18,48.46994602594202,49.43495108586616,48.422874506288615,49.34080505371094,4390300,0
2010-02-19,49.15250532182933,50.478402799372994,49.15250532182933,49.88998794555664,7371100,1
2010-02-22,49.88214498629992,50.58040037028258,49.576165184097526,50.1881217956543,6034100,1
2010-02-23,50.06259469536453,50.3450327659585,48.83868441806481,49.24665451049805,6483800,0
2010-02-24,49.427104758330096,49.97629540977008,49.14466368085534,49.80369186401367,3400400,1
2010-02-25,49.207425796736544,49.40356508579516,48.64254368653637,49.32510757446289,5043100,0
2010-02-26,49.49771642546107,50.117517363772265,49.45064191360319,49.55263519287109,4416000,1
2010-03-01,49.4663323317568,50.47056761274325,49.42710506916046,50.21166229248047,5265600,1
2010-03-02,50.71377090452259,51.25511722363536,50.494095872330654,50.556861877441406,4383200,1
2010-03-03,50.66668968611479,50.97266642028685,50.25087545689095,50.56469345092773,4289400,1
2010-03-04,51.06681380317404,51.62385455745279,50.87852179346712,51.42771530151367,7718700,1
2010-03-05,51.82784362016851,53.38126941706688,51.804307863286056,53.29496765136719,8505600,1
2010-03-08,53.35771320249613,53.35771320249613,52.667299341607695,52.75360107421875,5075600,1
2010-03-09,53.01252373621709,53.6166300778143,52.839920214133386,53.18512725830078,7655900,1
2010-03-10,53.4597215838684,55.29558835399954,53.37341982196461,54.92684555053712,10616500,1
2010-03-11,54.98178142320756,55.256375303056096,54.2521428363542,54.973934173583984,7289500,1
2010-03-12,55.29560033660677,55.3034415997912,54.33059223788065,54.78563690185547,5302100,1
2010-03-15,54.42472169380609,54.7385397078389,53.75784344974903,54.44825744628906,7709000,1
2010-03-16,54.322739146194365,54.38550515910141,53.58525944447404,53.914772033691406,7494400,1
2010-03-17,54.11089851675571,54.51886553261787,53.57739950481595,54.43256378173828,6004300,1
2010-03-18,54.40903238457567,55.64863400944986,54.2835063641442,55.6015625,7433700,1
2010-03-19,55.48389053344727,57.508049706233386,55.48389053344727,55.48389053344727,17722500,1
2010-03-22,56.22136028250505,56.99022282866233,56.10367552952726,56.41749954223633,9013600,0
2010-03-23,56.91176303865091,56.98237029246584,56.10367032128653,56.62932205200195,4985400,1
2010-03-24,56.81763222843173,57.42958590008647,56.31551608832032,56.73917770385742,7700000,0
2010-03-25,57.23345424357341,57.61004439182677,56.48812718197901,56.87255859375,5431000,1
2010-03-26,57.005924959974855,57.264824268383165,56.76270817504537,56.95100021362305,4933700,0
2010-03-29,57.33542383282865,58.47302902577825,57.27265783972528,58.143516540527344,9064200,0
2010-03-30,57.93168349182162,58.19843597280218,57.03728902950644,57.688472747802734,4381300,0
2010-03-31,57.20991616681304,57.319753708589104,56.44889463758095,56.966705322265625,5884600,0
2010-04-01,57.46096319837203,57.67279697794339,56.7234835578055,57.26482391357421,4411000,0
2010-04-05,57.26483539926098,57.3119129073281,55.66433779601332,56.519508361816406,9326300,1
2010-04-06,56.36258053514722,57.41389018678332,56.307661776265206,56.77055358886719,5193800,0
2010-04-07,56.61363632844197,56.896071343275466,56.07229007981335,56.56655883789063,6717200,1
2010-04-08,56.40182115047811,56.8490185508989,55.86832197228341,56.70779800415039,3741500,0
2010-04-09,56.69211234140865,57.00593645947482,56.339057963947766,56.8176383972168,3345700,0
2010-04-12,56.60580479878222,56.93531739565496,56.33121096805494,56.42535400390624,3666100,0
2010-04-13,56.12720911231037,56.2448938607368,55.31126910510066,55.85261535644531,5079300,0
2010-04-14,55.57018567634417,56.299824082410346,55.55449118098575,56.25274658203125,3495900,1
2010-04-15,55.97029802283594,56.96668884521898,55.97029802283594,56.55871582031249,2943700,0
2010-04-16,56.56656719845815,56.56656719845815,54.82484943300443,55.53879928588867,8071300,1
2010-04-19,55.13083377308515,55.92323824929167,55.04453798485351,55.67218017578125,4203100,1
2010-04-20,56.12722068500951,56.47242775538559,55.66432884194192,56.02523040771484,4759600,1
2010-04-21,56.103680786207455,58.56718964039708,56.103680786207455,58.18275833129883,12035700,1
2010-04-22,58.4181285720525,59.62634738202447,57.80617491189579,59.3046760559082,9088900,0
2010-04-23,58.87315266773942,59.375268623420816,58.4887214485415,58.94375991821289,5198200,0
2010-04-26,58.51227645870406,59.06931134333975,58.16706938090875,58.323978424072266,4023900,0
2010-04-27,58.56718383123579,58.78685884321709,56.668557244031504,56.86469650268555,6048300,0
2010-04-28,57.23344668808036,57.264829695099984,55.97030908759889,56.77840805053711,5699500,0
2010-04-29,57.2726817843581,58.05723906907533,57.01377644383411,57.89248275756836,5202000,1
2010-04-30,57.90032699378288,58.43382615905985,56.69210811989986,56.82548141479492,5600900,0
2010-05-03,56.97454145695015,58.60641575315817,56.84900944186711,58.36320495605469,5407700,0
2010-05-04,57.51588872702365,57.62572626058017,56.6685714661157,57.1079216003418,6229300,0
2010-05-05,56.73703307088573,56.84750803377607,55.58493272900503,56.02683258056641,5509200,0
2010-05-06,55.75853070179593,56.41348760495269,48.92483334762605,53.63582229614258,13769700,0
2010-05-07,53.888339804893846,54.543302758634105,51.92345696410649,52.6494369506836,8926100,0
2010-05-10,55.20615712735675,56.60288576172373,55.07990260709661,56.02683258056641,8841700,0
2010-05-11,55.48235187259394,57.34465295109906,55.34820454568982,56.3582649230957,6550300,0
2010-05-12,56.84751644741163,57.89703477063631,56.84751644741163,57.502479553222656,6330100,0
2010-05-13,57.336756865338224,57.84178697198234,56.46873072538699,56.626556396484375,3952900,0
2010-05-14,56.08996865555415,56.342483742640646,54.43283802027184,55.09568786621093,7952800,0
2010-05-17,55.52178259563158,55.52967538170979,53.35962278345095,54.98518753051757,4813600,0
2010-05-18,55.15092871258309,55.34031353432464,53.1071355426834,53.43856048583984,8881500,1
2010-05-19,52.75202029453565,53.304401095263046,51.52101020106167,52.24699020385742,9974000,0
2010-05-20,51.2921639094277,51.37896651460139,49.55612083660375,49.71394348144531,10899800,1
2010-05-21,48.91696221663866,51.29218354556034,48.44349410085669,50.94497299194336,10882600,1
2010-05-24,50.234762286478585,50.98441768410071,49.76129730388405,49.83231735229492,6160500,1
2010-05-25,48.135732557998224,49.69028094978012,47.827979995409706,49.54034805297852,6903200,0
2010-05-26,50.18741076495746,51.61570441331713,49.71394581839279,49.91911315917969,7386100,1
2010-05-27,51.18169536698821,51.47366835006413,50.43203996782663,51.394752502441406,7443400,1
2010-05-28,51.41053372702568,51.49733633571366,50.116390395103366,50.64509582519531,5775600,1
2010-06-01,50.71611418315619,51.4499869718792,49.60347183792468,49.67449188232422,6318500,1
2010-06-02,50.021702285722576,50.795033041859895,48.97218713419385,50.77135467529297,4587900,0
2010-06-03,51.16591584545103,51.16591584545103,50.116400570574406,50.74768829345703,3775600,1
2010-06-04,49.91123533431407,50.037492884316286,48.08049935417323,48.25410461425781,8228800,1
2010-06-07,48.68022266598822,48.68811545622446,47.40186457750757,47.43342971801758,5918400,1
2010-06-08,47.60702333665253,48.2146355866614,47.22035798552105,48.15150833129883,7191200,1
2010-06-09,48.51450792608176,49.85599623288163,48.26988261388912,48.69600296020508,7726900,1
2010-06-10,49.56402590339214,50.51095899681686,49.16157790883341,50.416263580322266,5682900,1
2010-06-11,49.84021411178514,51.8445522950423,49.83232433206416,51.59203720092773,8461800,0
2010-06-14,52.254882991902086,52.515290825653146,51.06332479963832,51.15012741088867,6000100,0
2010-06-15,51.82087458659883,53.3201854367928,51.663054926761205,53.249168395996094,6400600,1
2010-06-16,52.81515983493769,53.31229722449584,52.55475195545905,52.89406967163086,4451700,1
2010-06-17,53.24915910182357,53.25704586913501,51.9865779617585,53.07555389404297,3637100,0
2010-06-18,53.17024053406062,53.76996594274226,52.99664135563031,53.627925872802734,6213700,0
2010-06-21,54.40914693567861,54.71689943800483,53.32017700594223,53.63582229614258,4109500,0
2010-06-22,53.63582919691032,54.0303843553158,52.19964866113173,52.30223083496094,4188200,0
2010-06-23,52.412692849032766,53.564792904496365,51.80508070419089,53.2254753112793,6098600,0
2010-06-24,53.00454639834626,53.848894321773,52.980874048599645,53.209716796875,7768700,1
2010-06-25,53.11501988274689,54.267120361328125,52.60998970091497,54.267120361328125,13325500,0
2010-06-28,53.99881290019288,54.14874576937774,53.075555382485874,53.107120513916016,5517000,0
2010-06-29,52.16807828996041,52.239095321537214,49.36673754849208,49.74551010131836,9210000,1
2010-06-30,49.75340270975825,50.66877051705283,49.382522923929386,49.51667022705078,7102200,1
2010-07-01,49.30362159282903,49.49300942931215,48.38036379179484,49.1300163269043,6465100,1
2010-07-02,49.177357592882885,49.31939769907359,48.26987947113307,48.87749481201172,3561300,1
2010-07-06,49.485109010397245,49.72973430101501,47.859543626305175,48.4198112487793,5444200,0
2010-07-07,48.51449932012925,50.0059172574562,48.15939909452359,49.950679779052734,4785100,1
2010-07-08,50.57407686947863,51.20536752554467,50.14795958991608,51.0791130065918,4489200,1
2010-07-09,51.44999046508031,51.44999046508031,50.5109532780065,51.02387619018555,3145000,1
2010-07-12,50.93707313909189,51.27639081467757,50.51095284739589,50.77135467529297,2299500,0
2010-07-13,51.41054094378275,51.57625339623987,50.64510293450399,50.84238052368164,6208300,0
2010-07-14,50.73188922559648,51.59990913448963,50.54250448666743,51.09487915039063,3822500,1
2010-07-15,51.80509661892406,51.90767879892383,49.9980331622758,50.79503631591797,8068800,1
2010-07-16,50.47149740588121,50.7082329197225,48.672326766076885,48.84593200683594,7016400,1
2010-07-19,49.49298996996144,49.99801998839511,48.95639482282157,49.8559799194336,5031500,0
2010-07-20,49.13000257679094,50.5030557289162,48.79068794051165,50.40836334228516,5068600,0
2010-07-21,50.818695273458005,51.14222730693924,49.45353205397052,49.8559799194336,4459500,1
2010-07-22,50.5188387037031,52.9571926587558,50.5188387037031,52.55474472045898,7572300,1
2010-07-23,52.467938805113874,53.79364426513114,52.36535664003182,53.6042594909668,5023400,0
2010-07-26,53.77785981140124,54.44070947082522,53.65949208066614,54.33023452758789,5836600,0
2010-07-27,54.64588377114886,55.04043888863008,53.97514127551744,54.14874649047852,5686800,0
2010-07-28,53.35964123194165,53.6595009818369,52.7914808465116,53.12290573120117,5540700,0
2010-07-29,53.54112452031999,54.07771968365162,52.625759841950085,53.04398727416992,4458600,0
2010-07-30,52.56263972424432,53.95936236363975,52.45216475934001,53.76997756958008,6022000,0
2010-08-02,54.45650018567889,55.18248017274068,54.05405227136778,54.99309539794922,5430800,0
2010-08-03,54.693242550789726,55.2377306797435,54.3933827515991,54.87474060058594,3773400,0
2010-08-04,55.11289439896636,55.517787723926006,54.90648341974553,54.97793197631836,3860000,0
2010-08-05,54.56511398085315,54.9779420721196,54.247550649177626,54.54923248291016,4312900,0
2010-08-06,54.00936764459089,54.55716414910761,53.47745263537318,54.541282653808594,4498800,0
2010-08-09,54.91442571191571,55.15259971415963,54.34281295214349,54.771522521972656,2904300,0
2010-08-10,54.21579300363136,54.75564884333795,53.62036403588217,54.477783203125,4126200,1
2010-08-11,53.33455282073112,53.398066691894535,51.54032533096937,52.08018112182617,5230700,0
2010-08-12,51.32596999715488,51.81818732170374,51.1592506397739,51.36566162109375,3847700,0
2010-08-13,51.27832655459331,52.15956168387935,51.238634934535504,51.47680282592773,3665200,0
2010-08-16,51.024283262104206,51.54826358836003,50.53206592691146,51.12749481201172,3033200,0
2010-08-17,51.73088316425462,53.12021773223422,51.32598967990695,52.38982009887695,4303900,0
2010-08-18,52.437437090335706,52.68354574629109,51.59589352042839,52.39773941040039,2812800,0
2010-08-19,52.1913244596934,52.25483832731776,50.92901813999229,51.302154541015625,4200700,0
2010-08-20,50.96870687847708,51.3894816849009,50.48442729354845,51.28627014160156,3865900,0
2010-08-23,51.67528410581788,51.794371091563896,50.18274458124615,50.25419616699219,3887800,1
2010-08-24,49.65876805159887,49.86518509290139,48.05507923593576,48.37264251708984,9981400,1
2010-08-25,48.02332299158016,48.51554332773756,47.221477108549735,48.237674713134766,5143200,1
2010-08-26,48.71402698712715,49.66671389991939,48.48379373607162,48.68227005004883,4883300,1
2010-08-27,48.5314282900665,50.285958147994805,48.08684026429616,50.1430549621582,6851600,0
2010-08-30,50.01603346171439,50.16687437712956,49.301517486572266,49.301517486572266,3279200,0
2010-08-31,49.22212214856376,49.36502532611443,48.26943530772868,48.53142547607422,5309500,1
2010-09-01,49.05539805673752,50.08747410630163,48.9521895432288,49.45235061645508,5688800,1
2010-09-02,49.49205317329534,50.32565307617188,49.38090692337956,50.32565307617188,3465800,1
2010-09-03,51.1830726862581,51.93728025463005,50.881384813296194,51.31803512573242,3471600,0
2010-09-07,51.0083994318976,51.0083994318976,50.24625131119664,50.349456787109375,2529800,1
2010-09-08,50.492377910598776,51.60384658695191,50.47650246904412,51.20689392089844,3747800,0
2010-09-09,52.00872761891937,52.10399235959862,49.976329362380206,50.36534118652344,4190700,0
2010-09-10,50.31771144642899,50.889321119938536,49.98426969408281,50.68290710449219,3210300,1
2010-09-13,51.38949066902664,51.58796698605097,50.74642328309659,50.96078109741211,3119100,1
2010-09-14,50.82581215542535,51.087802345297504,49.56350569752279,49.82549285888672,6025500,0
2010-09-15,49.61114213318494,49.84931311077969,49.13479714948716,49.80167770385742,4928100,0
2010-09-16,49.53173894724031,50.293887120134485,49.38089806776364,49.68258285522461,4676500,1
2010-09-17,50.22244229523049,50.28595616576895,49.2221230623141,49.97633361816406,10702700,1
2010-09-20,50.00809221010114,50.73054585461532,49.64289349942279,50.58764266967773,4169100,0
2010-09-21,50.65115212412602,51.206886380468376,50.32565110703391,50.99253463745117,5361200,1
2010-09-22,51.11161231632653,51.492689460420735,50.51618647138551,50.73054122924805,3635500,1
2010-09-23,50.26214031581057,50.40504349697289,49.66671140380361,49.738162994384766,3656800,1
2010-09-24,50.42885417677782,51.46887098642816,50.27801329247294,51.28627014160156,4626900,0
2010-09-27,51.294211700810216,51.36566025621109,50.65114744563236,50.722599029541016,2762400,1
2010-09-28,50.6908442330428,51.34184623452795,49.96839064463815,51.22275924682617,3561500,1
2010-09-29,51.37360954375461,52.60416514102305,51.159257784903374,52.373931884765625,5874700,1
2010-09-30,53.26309455396121,53.96173497488366,52.43743851344221,52.82645034790039,8214300,1
2010-10-01,53.62036608156035,53.969686360878846,52.9296662720943,53.05669403076172,4483000,1
2010-10-04,52.8502683686451,53.89822297939769,52.2865964093858,52.65973281860352,4073700,1
2010-10-05,53.20753823864407,54.76359818193976,53.20753823864407,54.461910247802734,7517800,1
2010-10-06,54.46985730325756,55.0891026294062,54.3110786247132,54.44604110717773,4718400,1
2010-10-07,54.75564716580924,54.89060960734693,53.82677945826189,54.35075378417969,5501400,0
2010-10-08,54.35867806159913,55.34311859719149,54.10462869573611,54.9620475769043,3335700,1
2010-10-11,55.184366116365815,55.77185441710781,54.96207357322114,55.56543731689453,3469400,1
2010-10-12,55.70038780173154,56.04970194626655,54.708006371886114,55.74802017211914,4381600,1
2010-10-13,56.152925430359126,57.29614496183496,56.097352300752775,56.74041366577149,6038900,0
2010-10-14,56.9468156106381,57.1611673230127,56.24817524464486,56.65306854248047,3841500,0
2010-10-15,57.04208747598185,57.08178515883514,55.613061748503306,55.66069412231446,5641300,0
2010-10-18,55.724201625877534,56.406960505243774,55.59717390087204,55.755958557128906,4818500,1
2010-10-19,55.23200006057475,55.54162269112205,54.263434474957975,54.81917190551757,4493400,0
2010-10-20,55.57335711959568,57.11353495515507,55.23197768358041,56.65306854248047,8067700,0
2010-10-21,56.85155506759729,57.06590681861707,56.0258928861211,56.76422500610352,4622700,0
2010-10-22,56.668953258393984,56.86742956631959,56.05764889507025,56.57368850708008,3062400,1
2010-10-25,56.90712986532513,57.55019119430455,56.7404104858496,56.89125442504883,4802900,0
2010-10-26,56.44669541606136,56.88334598437012,56.15295417648996,56.6054801940918,3544500,1
2010-10-27,56.26406715225966,56.45460271597077,55.343134156459314,56.256126403808594,3808200,0
2010-10-28,56.605433873276326,56.99444566133359,55.85122042310734,56.58161163330078,4119800,0
2010-10-29,56.48636773490736,56.7324764589568,55.85918177189427,56.08147430419921,3192300,0
2010-11-01,56.13702056574955,57.07382868704664,55.50190021418424,55.95442581176758,3321400,0
2010-11-02,56.248194479945646,56.35140605495297,54.6206920990923,55.39871597290039,6339800,1
2010-11-03,55.63833328172898,55.69424293067389,54.34441642853945,55.06325912475586,4670800,0
2010-11-04,55.90989388734189,57.17186152614294,55.734176102990496,56.58879852294921,5758100,0
2010-11-05,56.5887823075919,57.2277547778294,56.3092341369979,56.924240112304695,3625800,0
2010-11-08,55.95779429595631,56.23734853839654,55.710195377593095,56.07760238647461,4171600,0
2010-11-09,56.12553241696429,56.34917706644099,54.97539040240937,55.310848236083984,4587500,0
2010-11-10,54.06485655126213,54.06485655126213,53.34601400971133,53.56965255737305,10494700,0
2010-11-11,53.15433040304136,53.274132428083625,51.94827257016538,52.21184921264648,10033700,1
2010-11-12,51.92431914237587,52.11600850189541,50.32689054757762,50.39078903198242,16721500,1
2010-11-15,50.59843959498346,51.19747401661395,50.01537979021805,50.80610656738281,10964500,1
2010-11-16,50.59845452761217,50.59845452761217,49.39239954341071,50.1431884765625,9615800,1
2010-11-17,50.05533156790864,50.33488288637368,49.65597515311372,49.919551849365234,8173300,1
2010-11-18,50.59844069501244,51.69267912270953,50.095253963632935,51.60482025146485,11578500,0
2010-11-19,51.54092704924833,51.7086559768473,50.6303951030288,50.790138244628906,8824700,1
2010-11-22,50.334876347148125,51.25339415373916,50.15915857247538,51.14157485961914,5908600,1
2010-11-23,50.66233891593796,51.20546371111387,50.39876230349376,50.798118591308594,6567900,1
2010-11-24,51.421106891093295,52.37956551627105,51.13356991290922,52.2437858581543,6205700,1
2010-11-26,51.98820165075617,52.28372751468133,51.65274381193975,51.7565803527832,2279600,1
2010-11-29,51.38119858631424,51.676718437877504,50.6703415976103,51.40515899658203,4385000,1
2010-11-30,50.90195350531504,51.28533518673642,50.694289570446,50.93390274047852,5814100,0
2010-12-01,51.64475686771653,52.54729986352147,51.53293150352334,52.49139022827149,7515200,1
2010-12-02,52.41152928604481,53.35401051072723,52.35561964109307,53.18627548217773,4760700,1
2010-12-03,53.17828483612804,53.25815487508483,52.67509201268284,53.14633560180664,3355900,0
2010-12-06,53.042513046896914,53.48180137331938,52.69107751080352,53.18627548217773,3455000,0
2010-12-07,53.5456979867925,53.825246201816256,52.72302491385373,52.89874267578125,4732800,0
2010-12-08,52.86678669454052,53.16230644400251,51.85241832323274,52.06008529663086,5230600,0
2010-12-09,52.40353283100315,52.40353283100315,51.43709134100501,51.60482025146485,5188300,1
2010-12-10,51.62079309271745,51.73261236911029,51.085657113738336,51.24540328979492,5501700,1
2010-12-13,51.30130651291744,51.42110851286208,50.82207718521416,50.94987106323242,4819600,0
2010-12-14,50.99780038517321,52.004180008728206,50.8620207000847,51.508975982666016,6304500,0
2010-12-15,51.34924899239107,51.668735345746086,51.18950276886589,51.30931091308594,3434800,1
2010-12-16,51.38118600059483,51.79651389545869,50.885981966143326,51.43709564208984,5169100,0
2010-12-17,51.82845782806372,52.14794407263415,51.39715231194764,51.940277099609375,8884700,0
2010-12-20,51.70865133303406,51.73261173572581,50.17512462382764,50.5345458984375,9711000,1
2010-12-21,50.80611997659835,51.39716572236719,50.54254329902899,51.26937484741211,5092900,0
2010-12-22,51.47702331376589,52.0281369436292,51.12559392248055,51.60482025146485,5256000,1
2010-12-23,51.56488093306163,52.01216411045495,51.3811804566962,51.964237213134766,3328900,1
2010-12-27,51.70066890175388,51.84443741245195,51.38118264534777,51.71664047241211,2548500,0
2010-12-28,51.76456632345275,51.91632368111813,51.38118765335319,51.80450439453125,2635100,1
2010-12-29,51.9163264226621,52.0760665280233,51.61281778499807,51.95626449584961,2504700,1
2010-12-30,52.004182640134815,52.100030354649775,51.70067401804526,51.924312591552734,2342900,0
2010-12-31,51.83645206450144,52.147949509669225,51.61281349809319,52.12398910522461,2137400,1
2011-01-03,52.83484484085814,53.2581615849861,52.715036720481855,53.03452301025391,8072900,1
2011-01-04,53.34601221066639,54.0009562611712,53.12237367054667,53.4658203125,7979900,1
2011-01-05,53.15432609530384,53.9530386972246,53.10639919547698,53.89712905883789,5890000,1
2011-01-06,53.88116440477606,55.39073109941916,53.88116440477606,54.95144271850586,7507200,1
2011-01-07,55.238965017173264,55.98975069946911,54.95142800056859,55.414676666259766,6797000,1
2011-01-10,55.446617191666014,55.638312568421554,54.591995108131336,55.18304061889648,4397400,0
2011-01-11,55.48659184815109,55.814061002129314,54.84761902491567,55.079246520996094,4443600,1
2011-01-12,55.59040299342638,56.30125681266685,55.51852177502186,56.02969741821289,5935800,1
2011-01-13,56.14150831507751,56.309237226637045,55.60637234576468,55.77410125732422,4040100,1
2011-01-14,55.5504732969906,56.069631701095794,55.422676334094525,55.96580123901368,4551500,1
2011-01-18,56.596777857408384,57.96257573331374,56.09359109060972,57.88270568847656,9630700,0
2011-01-19,58.05043874405542,58.29803772878839,56.85236970511127,57.29166412353516,8590500,0
2011-01-20,56.98814002128036,57.47535517109413,56.19741629194868,56.80443954467773,6909400,1
2011-01-21,57.43543083789204,57.68302981480474,56.98015876752629,57.25172424316406,4441200,0
2011-01-24,57.12393007058986,58.16225902620742,57.11594733098718,58.09037780761719,5497100,0
2011-01-25,57.89867182305061,58.090367225091455,56.95619075760946,57.69899368286133,5186700,0
2011-01-26,55.90189332617111,56.293266888739474,55.199028429909134,55.92585372924805,13111000,1
2011-01-27,55.91787417553722,56.70859799058003,55.90988534282538,56.35716247558594,5743600,1
2011-01-28,56.54885073838594,56.668652745424886,55.11116571698728,55.294872283935554,5376400,1
2011-01-31,55.318834870116895,55.87793123735681,55.20701559666891,55.49455261230469,4559800,1
2011-02-01,55.90987882298709,56.30923510029414,55.590392582402814,56.14150619506837,4780400,0
2011-02-02,55.77410673706311,56.860356446575295,55.75014633215672,56.70859909057617,4249100,1
2011-02-03,56.70859852500529,57.01210714028254,56.405089909728055,56.69262695312501,5092000,1
2011-02-04,56.62872539324259,57.21977101971828,56.453007643662175,57.01210403442383,4079200,1
2011-02-07,57.05204822280677,57.59517310082249,56.82840964251105,57.4514045715332,4153200,0
2011-02-08,57.64308867737874,58.16225310230998,57.52328056490327,58.07439422607422,4083900,0
2011-02-09,58.15471974313617,58.41179244278109,57.84141258197818,58.3475227355957,4565700,0
2011-02-10,58.18685773646032,58.63673345283984,57.720911527868985,58.37163162231445,4917000,0
2011-02-11,58.03423347776109,58.39574609538158,57.78519594696143,57.95389938354492,4076100,0
2011-02-14,58.40379484551011,58.40379484551011,57.52010725390429,58.050323486328125,4091200,0
2011-02-15,57.777134854006135,57.85746891228735,57.11035052499005,57.35939407348633,4387500,1
2011-02-16,57.60846529838835,58.339519754661325,57.407626970282514,58.22705078125,4456600,0
2011-02-17,58.17882926512748,58.25113423030645,57.79322321449848,58.03422546386719,3046400,0
2011-02-18,57.94585237971129,59.06251261134107,57.94585237971129,58.67690658569337,5358600,1
2011-02-22,58.12259042721639,58.23505936095807,56.5399839792978,56.98183059692383,5560100,0
2011-02-23,56.98984765917626,57.43168800672371,56.23469409149428,56.41946792602539,5551900,1
2011-02-24,56.51589052972281,58.24310095631589,56.30701700324931,56.84526824951172,7015600,0
2011-02-25,59.39990698432216,59.681079233726976,57.889599823355695,58.0824089050293,8127200,1
2011-02-28,58.21900614514436,58.56444825895366,57.600420762019176,57.84946441650391,4098500,0
2011-03-01,57.78518663435505,58.02619500726137,56.22667971551526,56.33111953735352,5186200,0
2011-03-02,56.323086004139626,56.556059137277984,55.11002111403912,55.88927459716797,7069500,1
2011-03-03,56.33913378187253,57.70483731930712,56.33913378187253,57.60843276977539,5457700,0
2011-03-04,57.68075180053711,57.73698626922312,56.45965172464472,57.68075180053711,5702900,0
2011-03-07,57.52006159613341,57.89763840816188,56.16239947664056,56.94164657592773,5132000,1
2011-03-08,57.42366712968592,58.24308437862427,57.18265881165316,57.87354278564453,5656300,0
2011-03-09,57.84945559053373,58.17882715813849,57.303175264345214,57.913719177246094,5379600,0
2011-03-10,57.28710623493148,58.15472903324546,56.644427447700735,57.2710418701172,5505700,1
2011-03-11,56.46767888888416,57.75304236708289,56.44357928133926,57.55220413208007,3855800,1
2011-03-14,57.17464668600629,57.22285204656304,56.15439080251773,56.82920455932617,4378000,0
2011-03-15,54.901151776543365,56.41949488118997,54.901151776543365,55.98568344116211,6247600,1
2011-03-16,55.61613946076773,55.96961066747405,54.0977964179258,54.37897491455078,9623800,1
2011-03-17,55.09396026979742,55.4554667341609,54.50750977592318,54.869022369384766,4408800,1
2011-03-18,55.60007665207532,55.89731955546463,55.16626516973639,55.5117073059082,5061200,1
2011-03-21,56.46769373239308,57.58435412221451,56.26685544459645,57.1987419128418,5297900,1
2011-03-22,57.182667883989936,57.92175118720893,56.813126232380434,57.72091293334961,4725000,1
2011-03-23,57.53615453144723,58.70101414167911,57.15054232450743,58.41984176635742,5332400,1
2011-03-24,58.83755981576763,58.90986475792023,58.1065119243332,58.45195388793945,4360200,1
2011-03-25,58.59656382141016,59.046439494341925,58.10651805092533,58.91790008544922,4696900,0
2011-03-28,59.04647144160578,59.19911053997762,58.73316412428442,58.88580322265625,3857300,0
2011-03-29,58.70101373366467,59.391897924851854,58.66887887255153,59.142860412597656,4782500,0
2011-03-30,59.39188637924644,59.56058977047141,58.92594017733167,59.28745269775391,3875400,0
2011-03-31,59.29549071512013,59.82570670635472,59.022353601403736,59.39189529418945,4199200,1
2011-04-01,59.681099374457645,60.130975125326046,59.39992703016489,59.45616149902344,3867600,1
2011-04-04,58.95005175021448,59.5365022446244,58.94202263169105,59.407962799072266,3697100,1
2011-04-05,59.05448958980723,59.80963735510786,58.411804641923645,58.829551696777344,5217600,1
2011-04-06,58.90989447886936,59.391905196384265,58.48411824291287,59.22320175170898,4803600,1
2011-04-07,59.2392750267076,59.91409503597125,59.19107578643867,59.68112182617188,4373400,0
2011-04-08,59.97835792012921,60.1309908732346,58.67692341972613,59.02236557006836,3099500,0
2011-04-11,59.16697503266944,59.67308543309535,59.04647080520624,59.25534439086914,2694600,0
2011-04-12,58.821510530657015,59.11071811519404,58.61263702424755,58.70904159545898,3441100,0
2011-04-13,58.90990093019908,59.21517298793303,57.47993298903033,57.94587326049805,5078400,0
2011-04-14,57.704832114787685,58.21897740772658,56.94164329029421,58.0824089050293,4091600,1
2011-04-15,58.20292492661209,58.628707183548926,57.85748287644271,58.323429107666016,4176600,1
2011-04-18,58.4198321235732,58.86970784983136,57.64057871980669,58.47606658935548,6225500,1
2011-04-19,58.62065503930013,59.15086470236516,58.35554714321988,58.7652587890625,4352000,1
2011-04-20,59.6168284492038,60.50855081522236,59.56862922804517,60.30771255493164,6356300,1
2011-04-21,60.59691470533366,60.84595216444763,60.315742391963575,60.60494995117188,3157100,0
2011-04-25,60.66119610343932,60.70136008217662,59.9944115396012,60.17115020751953,2524200,1
2011-04-26,60.50052350400087,60.93433493861983,60.25952123750018,60.69333267211914,5100900,1
2011-04-27,61.07893633503038,62.10722734127565,60.29165371485415,61.15124130249024,7462400,1
2011-04-28,61.07894753147145,63.3524387339996,61.07091228270343,63.10340118408203,7359700,0
2011-04-29,63.34437327666354,64.54136735010066,63.34437327666354,64.09149169921875,8050400,0
2011-05-02,64.54943548637058,64.79044392449012,63.59344924112124,63.89068603515625,5633300,0
2011-05-03,63.65769451382269,64.43694795968614,63.47292674302672,63.87460327148438,4728000,0
2011-05-04,64.02724514738509,64.26825354983629,63.27209733596134,63.33636093139648,5735200,0
2011-05-05,63.07929050905767,64.05938239281011,62.73384838821212,63.023056030273445,4718900,0
2011-05-06,63.57735206255184,64.3003709443933,63.44078353184195,63.71392059326172,4565800,0
2011-05-09,63.71391505791046,64.38873466536756,63.58538178402573,63.97902297973633,3137600,0
2011-05-10,64.0754402102469,64.60565002971241,64.0754402102469,64.22807312011719,3852400,0
2011-05-11,64.31694063127401,64.44615894010805,63.58203152455165,63.864688873291016,3853700,0
2011-05-12,63.83236717165566,64.40575939997855,63.38011553499905,64.13117980957031,3700000,0
2011-05-13,64.2926675021326,64.6803098269224,63.444689904276494,63.82426071166992,3808500,1
2011-05-16,63.52548664220453,63.646621079325335,62.70981318394593,62.80672073364258,3800400,0
2011-05-17,62.677509333433456,62.77442304570999,61.239989822732674,61.92644500732422,5191100,0
2011-05-18,62.00717774237708,62.58056977321535,61.8618103147375,62.29791259765624,3634200,0
2011-05-19,62.51599344941235,63.35588765413432,62.38677516470624,63.00862121582031,3340900,0
2011-05-20,62.90362523329985,62.98438356670986,62.39484218749745,62.60481262207031,4000400,0
2011-05-23,61.82146313759791,61.99105752221051,61.19153321572185,61.60340881347657,3587300,1
2011-05-24,61.74878538225336,61.95068436904916,60.763517340854925,61.03002548217773,3783700,0
2011-05-25,60.77965832548166,62.007201163631294,60.6746669338566,61.6357078552246,4134000,1
2011-05-26,61.81336844412846,62.12025255638768,61.328812312652914,61.910282135009766,4377000,0
2011-05-27,62.20909289595373,62.5886638431597,61.877981878294136,62.176788330078125,3202700,1
2011-05-31,62.83094954985078,63.27512349946061,62.51598771162088,63.016693115234375,4706400,1
2011-06-01,62.95209243708404,63.07323304378737,60.77966384579778,60.85234451293945,5259100,0
2011-06-02,60.92501987337907,61.65185105385018,60.811956971462855,61.12691879272462,3606200,0
2011-06-03,60.3354597482286,60.61004542529676,59.83474831443653,60.44044494628906,4239300,0
2011-06-06,60.37587058924139,60.787740057755336,60.10128478209775,60.23050308227538,3310200,0
2011-06-07,60.40008551893965,60.65043822412109,59.891302426048384,59.90745162963867,3387500,0
2011-06-08,59.867063602421695,60.08511787938444,59.47942113899038,59.64093780517578,3772100,0
2011-06-09,59.6247943558102,60.206264268523896,59.3017548308063,59.90745162963867,2960800,1
2011-06-10,59.608646920751085,59.76209210187136,58.63953437828062,58.70414352416992,5139600,1
2011-06-13,59.00293246135431,59.28559585003334,58.7041260332137,58.90602493286132,4087300,0
2011-06-14,59.22906898960873,60.58583008786926,59.10793455701396,60.27894592285156,4775700,0
2011-06-15,59.818609834859245,60.98154954808493,59.41481200792987,59.64093780517578,6531900,0
2011-06-16,59.552094978934704,60.230478454546734,59.31789152672729,59.77014923095703,4446500,1
2011-06-17,60.26278196978118,60.51313461782574,59.5682493060462,59.89128875732423,5536100,0
2011-06-20,59.729770525182005,60.40815404096437,59.36635496557877,60.18202209472656,3809600,0
2011-06-21,60.58581604680788,60.58581604680788,59.58439928015278,59.74592208862305,5493900,1
2011-06-22,59.43096934436738,59.4875069628831,58.1953488106768,58.24380874633789,7232200,1
2011-06-23,57.47657434832828,57.8480675654012,56.76589247585813,57.54118347167969,8038400,1
2011-06-24,57.63809518699706,57.79961182839084,57.1212345407791,57.549259185791016,6088500,1
2011-06-27,57.69463650056893,58.098434334617785,57.60580048416091,57.84000396728516,4028200,1
2011-06-28,58.00151063408089,58.34069927743773,57.662321990724045,58.21955871582031,3837900,0
2011-06-29,58.32455759128277,58.92217663439184,58.03382267053443,58.72835540771485,3913800,1
2011-06-30,58.95447558980751,59.84282946914172,58.873717266498055,59.70553970336914,4245300,0
2011-07-01,59.60861700821552,60.35160949016273,59.60054549013022,59.98011016845703,3647800,0
2011-07-05,59.89937369082588,60.35163148848289,59.64094330422178,59.88322448730469,3130300,1
2011-07-06,59.86705404207481,60.698882608343496,59.77014652242536,60.35968780517578,3757800,0
2011-07-07,60.83619921190132,61.53880368523323,60.44855047786458,61.36920928955078,4976900,0
2011-07-08,61.038073271486574,61.038073271486574,60.22240003912284,60.626197814941406,4051200,1
2011-07-11,59.8993572807661,60.35161495452235,58.95447201624359,59.23712921142578,4379000,0
2011-07-12,59.45518181649208,59.64900300765809,57.977280600372914,58.0903434753418,5773000,0
2011-07-13,58.59912617361988,59.15636902759627,58.03381180108192,58.28416442871094,4707700,0
2011-07-14,58.098441269169214,58.405325441547866,57.3392992788781,57.49274444580078,5691200,0
2011-07-15,57.90460310812571,57.91268078948289,57.21814806793898,57.56541442871094,4058500,0
2011-07-18,57.06469774334124,57.09699613941613,55.78061776738031,56.16826629638672,7294900,0
2011-07-19,56.620528122943625,57.331210034247285,55.97444917705633,56.959716796875,7434200,0
2011-07-20,57.43620155800021,59.19676022066978,57.14546664772704,58.20341491699219,8026000,1
2011-07-21,58.615293682785406,59.15638128886004,58.14688672761669,58.86564636230469,4301500,0
2011-07-22,59.10794156895256,59.10794156895256,58.34072182319366,58.68798828125,2921300,0
2011-07-25,57.64617683631088,58.15496605289508,57.3473703810761,57.58964538574219,3990800,0
2011-07-26,57.64617692017697,57.69463685035349,56.418634208271286,56.66091537475586,7061900,0
2011-07-27,57.928837884575046,59.11599829802912,56.959719421095336,57.04047775268555,9806900,0
2011-07-28,57.33929592547595,58.41339970818398,57.00817872389542,57.06471633911133,5448400,0
2011-07-29,56.5316915970779,57.42812319960594,55.92599490139492,56.91126251220703,5962000,0
2011-08-01,57.83192782621779,57.84807702896498,56.15212731306758,56.7982063293457,5554600,0
2011-08-02,56.17636114425209,56.7659087816147,54.666160961271565,54.67423248291016,7052400,0
2011-08-03,54.82766007842864,55.0053320809915,53.382063339307535,54.38348007202149,6749800,1
2011-08-04,53.59204417237987,53.60819337323366,50.8785224805025,50.95120620727539,10707100,1
2011-08-05,51.75879945309343,52.049534364294566,49.59444606236522,50.6766242980957,11643100,0
2011-08-08,49.34408959297974,49.91748480644697,47.33317828783115,47.41393661499024,13561000,1
2011-08-09,48.48803935777008,50.44241918242471,47.45431492057433,50.34550857543945,14122800,0
2011-08-10,49.53243336650772,49.76009604290836,46.53219343555613,46.67854690551758,13549600,1
2011-08-11,46.87368343610746,48.43478289815429,45.54024043523964,47.849369049072266,15539100,0
2011-08-12,48.74375891072868,50.30485860489192,48.10143007543824,50.20729064941406,10082800,1
2011-08-15,50.45934307584059,51.00410083798828,49.898320369691085,50.97970962524414,6933400,0
2011-08-16,50.19102793790952,51.20736983629979,49.93084466005196,50.597564697265625,6841400,0
2011-08-17,50.76830538728216,51.15858027328424,50.093456032829295,50.556907653808594,6263400,1
2011-08-18,49.10964792576219,49.36983123622843,47.337147184692405,47.9144287109375,8108800,1
2011-08-19,47.402182826434085,48.32095671881544,46.7273334571061,46.78424835205078,9229900,1
2011-08-22,48.08517010950444,48.26404728622048,47.19079042918327,47.46723556518555,6862800,0
2011-08-23,47.72741848208546,49.41048049926758,47.31274923053075,49.41048049926758,6527700,1
2011-08-24,49.2641211053149,50.33737782525273,49.15029131708348,50.15850067138672,4852000,0
2011-08-25,50.45120763979883,50.7276527406318,49.190944395447886,49.67878723144531,6440000,1
2011-08-26,49.30477004878492,51.199232543008,48.89010398312607,51.06100845336914,6199200,1
2011-08-29,52.02857911917354,52.670904882360496,51.71147782144284,52.52455139160156,4303900,1
2011-08-30,53.03678177359037,54.10190596588719,52.687159955799046,53.68723678588867,6984200,0
2011-08-31,54.22387767749086,54.71172057262358,53.77668473838481,54.362098693847656,6807400,0
2011-09-01,54.4433923850653,55.06946235694331,53.66284269032422,53.70349884033203,6169500,1
2011-09-02,52.85791096582285,52.97174076170256,51.80091291464425,52.06109619140625,4735100,1
2011-09-06,50.33738495172344,51.14232915645062,49.776365301030246,51.03662872314453,6478800,1
2011-09-07,51.987917856189,53.020521561124966,51.56511926901315,52.76847076416016,5530300,0
2011-09-08,52.31314741145174,52.44324215249496,50.906533692659295,51.069149017333984,6866500,0
2011-09-09,50.49999804285292,51.29680973949752,49.95523715845166,50.23981475830078,5415700,0
2011-09-12,49.45925343147094,50.84147564690598,49.05271675595977,50.72764587402344,5520600,0
2011-09-13,50.65447949742295,51.70334507892307,50.43494927559995,51.10166931152344,5283600,0
2011-09-14,51.2642858297336,52.09362120873421,50.11785226792116,51.248023986816406,5782600,1
2011-09-15,51.752121146574616,52.532670835957255,51.58950585254604,52.29687881469727,5263700,0
2011-09-16,52.67090193784071,53.45958424932554,52.459501084505085,53.15874481201172,6926700,0
2011-09-19,52.10174599766951,52.36192924271716,51.18297216892872,52.15866088867188,4836800,1
2011-09-20,52.32940942405648,52.55706900486925,51.63016573826964,51.67895126342773,3431600,1
2011-09-21,51.66270023345804,51.89035986191444,49.58936305559199,49.61375427246094,4517200,1
2011-09-22,48.23964669141038,48.45104441236168,46.77611207855945,47.74367141723633,12055700,1
2011-09-23,47.621717384265,48.59740626067548,47.207051240146,48.38600540161133,6239400,1
2011-09-26,49.43486773139824,50.63008675808133,48.784409557622446,50.41868591308594,7031800,1
2011-09-27,52.1424098209785,52.27250457974788,50.74392528213506,51.04476165771485,6410300,0
2011-09-28,51.45128511002854,52.07735511828666,50.25606928976285,50.34550476074219,4695500,1
2011-09-29,51.3862516486948,51.79278844480532,49.89019611494293,50.71139907836914,6094200,0
2011-09-30,50.00402951444784,50.5569198450144,49.15030280160031,49.1990852355957,5464300,0
2011-10-03,48.865722875988666,50.02841839012231,47.03630724766186,47.36153793334961,8290400,1
2011-10-04,46.77612179338669,48.15834749169007,46.26388767413302,48.08517074584961,7800000,1
2011-10-05,47.89002107376927,48.81692418718193,47.68675273831461,48.75187683105469,5825600,1
2011-10-06,48.79253586999873,50.23980870528201,48.33721672770519,49.987754821777344,5565900,0
2011-10-07,50.33737910552894,51.1911056406073,49.94710420668252,50.25607299804688,5580800,0
2011-10-10,51.11793103773668,52.19119093141656,51.02036308435825,52.06109619140625,4597500,0
2011-10-11,51.76025993607311,52.23997343487095,51.63016829749891,52.01231384277344,3192200,1
2011-10-12,52.41070859002864,53.03677855760871,52.14239288963718,52.29687881469727,5136500,1
2011-10-13,51.857824640803706,52.109875430084216,51.26428138314145,51.65455627441406,3154300,1
2011-10-14,52.0367042066158,52.26436379499838,51.556990715645895,51.947265625,3839900,1
2011-10-17,51.50006982842796,51.638290819117856,50.13410625375314,50.23167419433594,4873400,1
2011-10-18,50.35364376476789,52.23184162670447,49.86580088932109,51.60577774047852,6167800,1
2011-10-19,50.906524076420745,52.256222641863495,50.84147671818657,51.31306076049805,4849500,1
2011-10-20,51.231763107614704,51.81717705712833,50.55691367281823,50.80896759033203,6291500,1
2011-10-21,51.475677173232185,52.55706316353381,51.304929404970814,52.51640701293945,6250400,0
2011-10-24,52.37006526052391,52.89855805422722,51.97978726489214,52.6465072631836,5190800,1
2011-10-25,52.695291012677096,52.80912080525581,51.67081977783946,51.809043884277344,6529500,0
2011-10-26,54.93124908669448,55.20769732962414,53.50024405206032,54.1181755065918,12700300,0
2011-10-27,55.76870434307158,55.90693154252378,54.62227401690551,54.874324798583984,8606900,0
2011-10-28,54.92311400745304,55.60609272762364,54.72797191318304,55.42721557617188,6102900,0
2011-10-31,54.573488873383006,54.8743220614756,53.45144361063579,53.49209976196289,6879500,0
2011-11-01,52.223708975150494,52.313141345173705,50.711388802186406,51.361846923828125,8962200,1
2011-11-02,52.01231280859325,52.6546416182445,51.898483014807816,52.361934661865234,5782800,1
2011-11-03,52.979883588322,53.963701989710685,52.44325198578643,53.81734848022461,4896800,0
2011-11-04,53.32949322965275,53.62220021523499,52.84978279416243,53.500244140625,3458000,0
2011-11-07,53.42706315239147,53.98808589666095,52.98800268338827,53.89864730834961,3624200,1
2011-11-08,54.365050916826895,54.65962422797497,53.55497118976385,54.53688430786133,4827000,0
2011-11-09,53.3258621627375,53.75953782094355,52.63852857074571,52.818546295166016,5753500,1
2011-11-10,53.26038423551915,53.67769735988259,52.85125543514991,53.04764175415039,3853400,1
2011-11-11,53.53861754048388,55.0360310766943,53.53861754048388,54.75782012939453,4397700,1
2011-11-14,56.3697763003665,56.435238419108366,55.39604757321775,55.59243392944336,6366100,1
2011-11-15,55.55970287007243,55.91973203753021,54.864185026171,55.59243392944336,5112800,1
2011-11-16,54.92965050241287,55.36333243276593,54.16867040676953,54.2832260131836,5352800,1
2011-11-17,54.98691026803459,55.10965016116173,53.52223460323095,54.078643798828125,7122800,1
2011-11-18,54.765974337705096,55.51876973411119,54.24229004083049,55.199649810791016,7055300,1
2011-11-21,54.26687066036861,54.3732419536421,52.36851233783463,53.64499282836914,8102900,1
2011-11-22,53.4322406793584,53.54679628017099,52.27031289667487,52.65489196777344,5000300,1
2011-11-23,52.05755361390358,52.16392798810813,51.00200356100054,51.02655029296875,4273000,1
2011-11-25,50.86291258796594,52.0575684115556,50.83018152176742,51.37023162841797,2122300,1
2011-11-28,52.80216818752856,53.70225040564881,52.80216818752856,53.17856597900391,4621100,1
2011-11-29,53.20311924900123,54.00501463742432,53.05583259573216,53.399505615234375,5317900,1
2011-11-30,54.88873540757242,56.25522445235855,54.8150889583909,56.20613098144531,8601100,1
2011-12-01,56.21431886353403,58.67727704959415,56.058854097605575,58.07995223999024,12018200,1
2011-12-02,58.66907973062432,58.8981971506496,58.03902399328606,58.34178161621094,7252600,0
2011-12-05,59.14366191990849,59.53642833859074,57.56442440631667,58.1699333190918,8133700,0
2011-12-06,58.030853610733104,58.5790849511923,57.93266664994212,57.98994445800781,4624300,1
2011-12-07,57.52351980909627,58.513610894204845,56.983466721140175,57.768993377685554,6455100,1
2011-12-08,57.65444410230958,58.2026753325399,57.13894393336622,57.41714859008789,6034800,1
2011-12-09,57.94082604033061,58.914554706089056,57.6135279528788,58.85727691650391,5545900,0
2011-12-12,58.51362605465689,58.88183962434771,57.42534151445948,58.01448822021485,5463400,1
2011-12-13,58.64454407659555,59.446439591165365,57.78537699971277,58.01448822021485,7555600,1
2011-12-14,57.56444828856857,58.53817729336449,57.04894800281292,57.22896575927735,5999900,1
2011-12-15,57.94084024595789,58.055395853214335,57.31896873308362,57.777191162109375,4076400,1
2011-12-16,58.18630526444952,59.21731170944021,57.736261034506136,58.10448074340821,8854900,1
2011-12-19,58.259956363302976,58.60362940448866,57.20440923155683,57.408973693847656,3572500,1
2011-12-20,58.28450222581797,59.47097346510402,58.28450222581797,59.27459335327149,5408600,1
2011-12-21,59.51188412151288,60.31377315609276,58.96364672853686,60.215579986572266,5471700,1
2011-12-22,60.41197041401233,61.15658171079973,60.12558145370948,60.788368225097656,5849400,0
2011-12-23,60.98475359549574,61.13204025104454,60.22377358229553,60.52653121948242,3578100,0
2011-12-27,60.28922650662365,60.95201323406128,60.03556862186321,60.7719955444336,2536700,0
2011-12-28,60.9438591109409,61.0420460763849,59.7573812550496,59.94558334350587,2568200,1
2011-12-29,60.09286668656473,60.84566251282336,59.98648915617607,60.64109802246095,2749300,1
2011-12-30,60.43651637589879,60.616534075165895,59.9291943364016,60.01920318603516,2811800,1
2012-01-03,61.1238584441587,61.36933829446132,60.64927363921859,60.73109817504882,6859300,1
2012-01-04,60.63288869786078,61.04201750991491,60.215575561578696,60.82109069824219,4923000,1
2012-01-05,60.36286875062464,60.46924624873028,59.52006430495241,60.16648864746095,6797900,1
2012-01-06,60.330145496844686,60.77199917969344,59.69189922012865,60.53470993041992,4779800,1
2012-01-09,61.21386766853131,61.26296738456944,60.69836747122064,60.98475646972656,4469600,1
2012-01-10,61.475721726688015,61.647555158763815,60.96022143046061,61.36935043334961,4622400,0
2012-01-11,61.18932057095165,61.32842290614652,60.73928250247204,61.15658950805664,3082700,1
2012-01-12,61.213871153591526,61.93394209690126,61.18932441558093,61.78665542602539,3934500,0
2012-01-13,61.402054250829984,61.53297222738669,60.68198977274213,61.04201889038086,4641100,1
2012-01-17,61.61482313891688,62.1876011789666,61.48389887672698,61.56572341918945,3700100,1
2012-01-18,61.32842146822121,61.73755038059844,61.18113481005294,61.41843032836914,4189500,0
2012-01-19,61.590268702000415,62.12213757965473,61.451166358820565,61.82756423950195,5397300,0
2012-01-20,61.92573928419996,62.10575696628943,61.48387940347414,61.79481506347656,4552300,1
2012-01-23,61.90939535889067,62.49035771545319,61.63118442820855,61.78665542602539,4083700,0
2012-01-24,61.41842626908539,61.87665486577451,61.042028443712745,61.66390609741211,4942700,0
2012-01-25,60.52653413283152,62.76037456623048,59.6100830938813,62.04030990600586,14049100,0
2012-01-26,62.05666526670818,62.48216279613309,61.369331747683525,61.622989654541016,4187400,1
2012-01-27,61.205670661150975,61.55752167704695,60.87836637427866,61.00110626220703,4754600,1
2012-01-30,60.54287922327947,60.837452464286336,60.289221360171965,60.68198776245117,5043000,0
2012-01-31,60.96838316854985,61.53297673823096,60.51833893499671,60.69835662841797,4777200,0
2012-02-01,61.33660753820477,62.09758758657291,61.33660753820477,61.672096252441406,4296400,1
2012-02-02,61.53297827339373,61.63935577278435,60.96020036440958,61.54934692382813,3528100,1
2012-02-03,62.26124438103278,62.793113296771416,62.07304854862252,62.4658088684082,3472400,0
2012-02-06,61.58209370858118,61.81938925799204,61.500269163946,61.74574279785156,4162500,0
2012-02-07,61.402075295224016,61.65573325367122,60.79656618015044,61.53299331665039,4438700,0
2012-02-08,61.49183701201755,62.26552832009126,61.32722477945275,62.1091423034668,5350000,0
2012-02-09,62.372523299516345,62.742910228200266,62.03506635157295,62.47129440307617,4491100,0
2012-02-10,62.10090219749514,62.1914407981765,61.3765996715976,61.68936538696289,3361700,0
2012-02-13,62.14205859008174,62.15029108459379,61.52475337229947,61.60705947875976,3456500,0
2012-02-14,62.15029829344348,62.199680707136864,61.64822282238026,62.19144821166992,4652000,0
2012-02-15,62.43835365376268,62.55358343667659,61.730509970404526,61.9033546447754,4252400,0
2012-02-16,61.7634667510457,62.11738878233086,61.62354569391229,61.9527702331543,4992800,0
2012-02-17,62.16674632966632,62.18321131777286,61.74697704669212,62.018592834472656,4927300,0
2012-02-21,62.28198680760079,62.51244644418459,61.79637632759265,62.32314300537109,3978100,0
2012-02-22,62.19143336196609,62.80051229000488,61.98566498130363,62.60297012329102,3764800,0
2012-02-23,62.35604115592543,62.69349797705594,62.15849902304012,62.43011474609375,4187200,0
2012-02-24,62.34781934072641,63.08035427352057,62.24904825736948,62.60297012329102,3347000,0
2012-02-27,62.29843267158896,62.37250626936838,61.738742463341865,61.9033546447754,5379400,1
2012-02-28,61.87866039618523,62.06797004710175,61.57412096803324,61.86220169067383,3667400,0
2012-02-29,61.960981189006986,62.323135591732445,61.52475317457135,61.68936538696289,4631800,0
2012-03-01,61.69758893502443,62.249046674081015,61.615282840763406,61.79636001586914,3343100,1
2012-03-02,61.78814490451401,61.96098963495174,61.42599045242303,61.64822387695313,2806600,0
2012-03-05,61.68935867379491,61.71405615456405,60.849826434672295,61.01443862915039,4156800,0
2012-03-06,60.28191555195527,60.28191555195527,59.50823055018389,59.72222518920898,5455700,0
2012-03-07,59.73868988003835,60.66052839319465,59.68107497296608,60.51237487792969,4279000,0
2012-03-08,61.12967701946044,61.48359893896707,60.76752888475973,61.04737091064453,3881200,0
2012-03-09,61.02267803655204,61.16259904566661,60.22429561581663,60.32306671142578,5535900,1
2012-03-12,60.24898585221151,60.93213845687462,60.24898585221151,60.578216552734375,2833500,1
2012-03-13,60.80868713233532,61.195532804290586,60.39715025230706,61.1626091003418,4532700,1
2012-03-14,61.170834092997744,62.04329016218468,61.16260159813173,61.91983413696288,5297100,0
2012-03-15,62.14206467618666,62.24906199710887,61.6317567188686,62.084449768066406,4850700,0
2012-03-16,62.35607100071493,62.39722092176416,61.73053317295371,61.895145416259766,7079200,0
2012-03-19,61.73054547437783,62.29846850219997,61.73054547437783,62.05977630615234,2683800,1
2012-03-20,61.80461939525602,62.11739151266141,61.33546749870376,61.84577560424805,4384000,0
2012-03-21,61.77169705461332,62.09269536466313,61.56592858511701,61.73877334594727,3644100,1
2012-03-22,61.41776534625909,61.4506890497309,60.38892316109393,60.841609954833984,4921400,0
2012-03-23,60.94860649354639,61.18729232681941,60.70168188591781,60.88275909423828,2518400,0
2012-03-26,61.3354457440128,61.91983356255865,61.29429582917182,61.87867736816406,3715800,0
2012-03-27,61.821063251765246,61.936293062074576,61.56591242601654,61.57413864135742,3510700,0
2012-03-28,61.72230259184458,61.96922724401901,60.82515516275002,61.1790771484375,3412200,0
2012-03-29,60.7181362204004,61.030908204797605,60.04321612501359,60.97329330444336,3587600,0
2012-03-30,61.170822725225456,61.26959380660129,60.72636227836296,61.21197891235352,3203800,0
2012-04-02,60.907439314493246,62.11735837046901,60.58644115019998,61.87043380737305,4104600,0
2012-04-03,61.73054133951316,61.82107996917554,61.030929793576426,61.44246673583984,3485900,1
2012-04-04,60.882762175055205,61.07206560820318,60.487684038768286,60.63583755493164,2490500,1
2012-04-05,60.43005201064015,60.81689754210963,60.33128721421537,60.56997299194336,2640200,1
2012-04-09,59.77982366845302,59.91151843740408,59.48351671786534,59.615211486816406,2443400,1
2012-04-10,59.46707009792749,59.51645250654478,58.10076485034999,58.108997344970696,5339000,1
2012-04-11,58.95676877682957,59.6810776751659,58.84153895746773,59.071998596191406,5099900,1
2012-04-12,59.006156853780304,60.76753410796292,59.006156853780304,60.49591827392578,3938800,0
2012-04-13,60.2325480295866,60.39716029715332,59.565860182519245,60.01854705810548,3329100,1
2012-04-16,60.06791228581663,60.24075698307583,59.50822200345455,59.820987701416016,4800000,1
2012-04-17,60.1913453264176,61.20372820062019,60.16665413331155,60.98149490356445,3345300,0
2012-04-18,60.56176488572965,61.10499026713921,60.47122627556905,60.66876220703125,2248900,0
2012-04-19,60.685219773359904,60.874523186314775,59.80453126554188,60.16667938232422,3729300,0
2012-04-20,60.30660152433225,60.93213923536242,60.16668051567719,60.53706741333008,4302100,1
2012-04-23,59.82923332649865,60.19138150900171,59.40123145687539,59.96915435791016,5022100,1
2012-04-24,60.2572135925293,60.69344156749516,59.89505922257147,60.2572135925293,3664500,1
2012-04-25,61.77167044955854,63.78819807028189,61.64820816512489,63.442508697509766,10621200,0
2012-04-26,63.13799430612548,63.54129873451722,63.00630575543956,63.36845397949219,4704700,0
2012-04-27,63.60712470591751,63.845816795593365,63.29435900886968,63.59889221191406,4168700,1
2012-04-30,62.97336690823533,63.26967392548637,62.29021426959799,63.212059020996094,5811100,0
2012-05-01,63.03921914607901,64.05983517641612,62.43014629411023,63.58245086669922,4287600,1
2012-05-02,63.18736851318561,63.78821510882749,62.83344655236736,63.59067916870117,3073500,1
2012-05-03,63.48366223041389,63.64828071224151,62.9815868500574,63.23674392700195,3304800,0
2012-05-04,62.8416748569608,63.01451957798805,62.14206347769227,62.42190551757812,3366400,0
2012-05-07,62.38076225370891,62.61945440236097,62.03507277478712,62.52068328857422,3551800,1
2012-05-08,62.04331131080792,62.22438858226169,61.36016471335389,62.05977630615234,4033400,0
2012-05-09,61.47192913534288,61.976951550050586,60.7019774470518,61.30635070800781,3926600,1
2012-05-10,61.645786712332274,62.15080911338635,60.95862425628663,61.09937286376953,2952700,0
2012-05-11,60.9255319426109,61.35604612237314,60.64404724665555,60.90069580078125,3189000,0
2012-05-14,60.345975159820085,61.09109067881132,59.89890584842535,60.53639602661133,3585700,0
2012-05-15,60.43706259488126,60.99175740686761,59.95687619805116,60.0893440246582,3252300,0
2012-05-16,60.288042143789575,60.859298617850975,59.8492535022582,59.89892578125,3648100,1
2012-05-17,59.86580646257266,60.006555108189495,57.50627855729087,57.72981643676758,6172200,1
2012-05-18,57.91193472561091,58.23481707274039,57.06747465998273,57.24961471557617,5597400,1
2012-05-21,58.33417542471418,59.48496266981175,58.06924612331933,59.42700958251953,4709700,0
2012-05-22,59.31940752606786,59.78303240651993,58.847501825203366,59.17866516113281,4269400,1
2012-05-23,58.5245931648009,59.30281939269796,57.887102922552174,59.25314712524414,4222700,0
2012-05-24,59.31110218640238,59.56775066535178,58.16031496500567,59.1041259765625,2942600,1
2012-05-25,58.95511824096653,59.10414140360496,57.67186919486017,57.95335388183594,5163300,1
2012-05-29,58.18516450334079,58.36730462058448,57.74637584802507,58.28451538085938,3973600,1
2012-05-30,57.85399394119022,58.027853217639205,57.33241611184325,57.44832229614258,4677600,1
2012-05-31,57.57252479752209,58.04443047961592,57.18340836701376,57.63047790527344,4191400,0
2012-06-01,56.85221608497506,57.02607531966899,55.58552286333944,55.66831207275391,5592000,1
2012-06-04,56.42172639089145,56.42172639089145,55.51103216422015,55.88358688354492,5478200,0
2012-06-05,55.72627598583895,56.04915838682164,55.32060435934509,55.94981384277344,3747300,1
2012-06-06,56.272713131736346,57.14200973510742,56.26443231177617,57.14200973510742,4050300,1
2012-06-07,57.59733996032959,58.22654941272376,57.48143378704812,57.91194152832031,4004600,1
2012-06-08,57.67186649997402,57.92851503391978,57.34897773233341,57.90367889404297,3933400,1
2012-06-11,58.45837466459434,58.65707010316773,57.78777361165032,58.0444221496582,4369400,0
2012-06-12,58.72329956573775,60.288039448155146,58.56599560074529,60.0893440246582,6458100,1
2012-06-13,59.94859285482024,60.188679701413015,59.25314950052633,59.65882110595703,4720300,0
2012-06-14,59.675406320366456,59.85754646885324,59.10414973036978,59.4849853515625,5822900,1
2012-06-15,59.68366126659202,59.92375444579278,59.261434315002894,59.60087203979492,5308300,0
2012-06-18,59.35251931658041,59.89065258458078,58.98823904717671,59.5263786315918,3435200,1
2012-06-19,59.90722090295829,60.61921988176481,59.6257298498319,60.37084579467773,4167200,1
2012-06-20,60.188680587310365,60.81789004733022,59.898915150594895,60.4453353881836,3468700,0
2012-06-21,60.726822142698346,60.95035999917545,58.98822314486902,59.08757400512695,3659300,1
2012-06-22,59.23660062180365,59.69194454617478,58.83920347380867,59.5760383605957,3267300,1
2012-06-25,59.45183871962729,59.5429087484258,58.80607401826484,58.822635650634766,4111400,1
2012-06-26,59.02962421809665,59.30282804536731,58.35074242605395,58.72329711914063,2757600,1
2012-06-27,58.76470234488709,59.64227966344303,58.73985988797254,59.50153732299805,2514600,0
2012-06-28,58.90544467306572,59.39390561324275,58.47493051643476,59.26144409179688,3144600,0
2012-06-29,60.48673331578106,61.57129308988437,60.34599099094154,61.51333999633789,4419400,0
2012-07-02,61.43883125450257,61.87761990789209,59.98171663936369,60.58609008789063,4893400,0
2012-07-03,60.50330733982739,61.48851013183594,60.50330733982739,61.48851013183594,2166200,0
2012-07-05,61.579578601359785,61.87762494043333,61.14078991228335,61.62925720214844,2539000,0
2012-07-06,61.082832090239535,61.10766823050818,60.35427793789811,61.0083236694336,3579100,0
2012-07-09,61.48850562516964,61.96869207277121,61.09939555530039,61.28981018066406,4357700,0
2012-07-10,61.78655602364584,62.13428096997354,60.34600290228154,60.61921310424805,4756700,0
2012-07-11,60.18040734885688,60.23836043741555,58.97166699005241,59.21175384521485,6072200,1
2012-07-12,58.94683102996128,59.62571284916361,58.65706555525546,59.36906433105469,5799800,1
2012-07-13,59.55120728178743,60.90069016646987,59.48497336542642,60.85929870605469,3616000,0
2012-07-16,60.54468914338306,60.59436773753303,59.81613503212564,60.412227630615234,3538400,0
2012-07-17,60.64402811783016,60.85928513981318,59.64226404272697,60.52812194824219,2775700,1
2012-07-18,60.19696117972529,61.62923935644673,60.19696117972529,61.17388916015625,3756200,1
2012-07-19,61.25668725663335,62.18394310140667,61.016594056207744,61.97696685791016,4543200,1
2012-07-20,61.67891162643741,61.92728560921636,60.94207681164937,61.17388916015625,3148100,1
2012-07-23,59.8658008388027,60.503291144106896,59.261433803627256,60.36254882812501,3432200,1
2012-07-24,60.32943852805519,60.57780623369538,59.07101941372196,59.63399505615234,3866500,1
2012-07-25,61.43055252400492,61.6623712450781,60.18869494212007,61.28981018066406,6130400,1
2012-07-26,62.200486261427095,62.88764877143408,61.4884876176822,62.01835250854492,4949200,0
2012-07-27,62.57305547831883,62.871101755350026,62.15910301759919,62.51510238647461,4066300,1
2012-07-30,61.761709796077945,62.58133395172832,61.6209674664396,61.97696685791016,4999700,0
2012-07-31,61.94385045359144,62.14254588052486,61.165617749849424,61.190460205078125,3978700,0
2012-08-01,61.52989442562823,61.66236224691092,60.13901388422683,60.24663925170898,4696000,1
2012-08-02,59.93203526339643,60.03966062659134,58.90543495500357,59.60087203979492,4615000,1
2012-08-03,60.54466480061672,60.71852401920488,60.172110234557984,60.27973556518555,4588500,1
2012-08-06,60.61092238098247,60.71027325175896,60.1969698940343,60.34599304199219,3758800,0
2012-08-07,60.660592636829584,61.72031627389226,60.37910798696303,61.64580154418946,4717200,0
2012-08-08,61.2897828146688,61.836202938599456,61.27322750019127,61.76168823242188,3410700,0
2012-08-09,61.76999438423377,61.76999438423377,61.19046339364024,61.49678421020508,2387500,0
2012-08-10,61.157342854670254,61.52161674897063,61.06627280199174,61.438827514648445,2843600,0
2012-08-13,61.0248631937544,61.6209556715523,60.93379315873458,61.42226028442383,2379900,0
2012-08-14,61.51333249328972,61.62923866624509,60.93379531210015,61.1076545715332,2616700,0
2012-08-15,61.08267542185941,61.34086941180372,60.59128523087246,60.85780334472656,3278200,0
2012-08-16,60.88278809858913,61.42415480159741,60.816156981909614,61.33253860473633,2802700,1
2012-08-17,61.3741826208546,61.61571564514704,61.13264959656216,61.55741500854492,3235800,0
2012-08-20,61.3075436976596,61.63236239654126,61.08266530348492,61.49077606201172,2481900,0
2012-08-21,61.70730970514932,61.93218807046164,60.89943147719105,61.024356842041016,3136400,1
2012-08-22,61.08267874907608,61.29922671409464,60.42471708395057,60.6329345703125,4242600,0
2012-08-23,60.04158845995002,60.09156497521807,58.317548009090224,58.60072708129883,9431200,1
2012-08-24,58.56741410106766,59.27535228131754,58.34254201248697,59.20872116088867,5351300,0
2012-08-27,59.09211063016921,59.783394099282056,59.03380999749056,59.45024490356445,3538100,1
2012-08-28,59.2836760565196,59.84169732985369,59.17540526378532,59.56684875488281,3029200,0
2012-08-29,59.66680032345703,59.95830352344052,59.24203488674212,59.50022888183594,2687200,1
2012-08-30,59.175396144466106,59.24202089280076,58.71731525677459,58.98383331298828,3393100,0
2012-08-31,59.35861893264834,59.75839917247784,58.80892825146053,59.466896057128906,3171800,0
2012-09-04,59.5501916875882,59.5501916875882,58.63403616325302,59.02548599243164,3916400,0
2012-09-05,59.45024344643291,60.00827103615684,59.22537139855329,59.899993896484375,4946900,1
2012-09-06,60.27480818483114,61.02438615110636,60.27480818483114,60.64959716796875,4358800,0
2012-09-07,60.69123876758656,60.8244946624317,60.42472062360251,60.70789337158203,3080400,0
2012-09-10,60.224820089465496,60.23315056761967,58.97551524664626,59.20039367675781,8354500,1
2012-09-11,59.29201780685627,59.69179185164416,59.25870224407497,59.358642578125,3951300,0
2012-09-12,59.49189848647669,59.70011596594017,58.96719272577428,59.10044860839844,4400800,0
2012-09-13,58.86723720474178,59.95829459985223,58.667350233687,59.6168212890625,5314100,0
2012-09-14,59.98327278538213,60.32475241123101,59.13374849028322,59.36695098876953,6530200,0
2012-09-17,58.942194826057765,58.98384085910015,58.20927166627634,58.234256744384766,6917200,0
2012-09-18,58.18428431013636,58.684004915617386,57.93442083024972,58.67567443847656,5490300,1
2012-09-19,58.91721323645026,58.91721323645026,58.200944634899855,58.21760559082031,5193400,1
2012-09-20,57.759525595806345,58.18429101887282,57.49300748520037,58.17596054077149,4875100,1
2012-09-21,58.37583064146367,58.42580714131576,57.85945552589092,58.2758903503418,13161000,1
2012-09-24,57.84281585886167,58.4508137221723,57.64292884877459,58.32588195800781,5037900,1
2012-09-25,58.54242622773725,58.70899766657266,57.78451156616211,57.78451156616211,4085900,1
2012-09-26,57.75119108539506,58.72565361783712,57.72620600712853,58.50910568237305,5256400,1
2012-09-27,58.63403400890671,58.758965747246776,58.05935182511768,58.38417053222657,4147700,1
2012-09-28,58.09266320519421,58.34252666392249,57.61792771704387,57.96773147583008,4057500,1
2012-10-01,58.18428000026774,58.858902449981386,58.13430984970874,58.30921173095703,4012100,1
2012-10-02,58.3925128132524,58.55076013742552,57.63459810725848,57.909446716308594,3077900,1
2012-10-03,58.21759976441889,58.30088547280731,57.767849313970736,58.18428421020508,3106400,1
2012-10-04,58.50078414658347,58.6173854325112,58.06769456375097,58.25092697143555,2818300,0
2012-10-05,58.51743904306368,59.34197843794684,58.47579300770588,59.04214477539063,3741600,1
2012-10-08,58.90055888900148,59.29200874901397,58.75897253453103,58.77562713623047,2838800,1
2012-10-09,58.883901131343706,59.30866657211952,58.60072840702199,58.83393096923828,4116600,0
2012-10-10,58.96719790065049,59.38363289612318,58.49246225998337,58.58407211303711,3642600,1
2012-10-11,59.05046523885432,59.59183183523027,58.96717953655613,58.992164611816406,3183200,0
2012-10-12,59.20038315404227,60.16650875653043,59.13375204923842,59.84169006347656,4345600,1
2012-10-15,59.84169743838518,60.19983172797755,59.70011108894679,60.17484664916992,3858000,0
2012-10-16,60.59960491780244,61.39082864026476,60.38305700314116,61.19927215576172,4799300,0
2012-10-17,61.41583878312839,61.54910104786256,60.49135247299221,61.32422256469727,6061500,0
2012-10-18,61.23260196008146,61.84893035888672,60.99939936779583,61.84893035888672,3414200,1
2012-10-19,61.657344448390425,61.82392220521798,61.2908797376615,61.64068984985352,5407000,0
2012-10-22,61.46579175551236,61.75729490504457,61.00771083889596,61.38249969482422,4419800,1
2012-10-23,60.79118355232792,60.99107694067593,60.47469521888492,60.64959716796875,4544900,1
2012-10-24,62.42359095719095,62.46523699023478,60.1748449672595,60.55796432495117,8346600,0
2012-10-25,60.84115832298884,60.87446753245922,58.84226897718066,59.58352279663086,8191500,1
2012-10-26,59.26702216378044,59.616825979219016,58.75897104189895,59.22537612915039,4389000,1
2012-10-31,59.42525898311676,59.5085446922919,58.5257580737237,58.66735076904297,3778700,1
2012-11-01,58.79228070445941,59.60016548997873,58.66735530817728,58.95885848999024,3992800,1
2012-11-02,59.133760760931054,59.4335944224285,58.26757533374876,58.34253692626953,4400400,0
2012-11-05,58.19263676902684,58.80062838983295,58.17597580845167,58.642387390136726,3833000,1
2012-11-06,58.69234700264747,60.333101837872,58.69234700264747,59.98329162597656,4923700,0
2012-11-07,59.2374850726195,59.304519379637206,58.07268007542772,58.75144958496094,6675400,1
2012-11-08,58.76820682602035,59.76541647009492,58.73468647568515,59.48050308227539,7363500,1
2012-11-09,59.2961550150452,61.4246496939388,59.1620735895932,61.38274765014648,10269800,0
2012-11-12,61.51679454200512,62.16204345804623,61.4078518466438,61.75143051147461,6497600,0
2012-11-13,61.18999097920192,62.22072088573776,61.039152612229664,61.474910736083984,7293400,0
2012-11-14,61.458143245189625,61.71792432238464,59.597812035061686,59.74026870727539,6063100,1
2012-11-15,59.68161917303388,60.326868339396505,59.31290171033916,59.53078079223633,3928100,0
2012-11-16,59.65646862320445,59.68160728277018,58.902276869472985,59.30450820922852,4856300,1
2012-11-19,59.90786360363349,60.40228070048495,59.56429125589449,60.301719665527344,3475700,1
2012-11-20,60.226302674778125,61.00563310091779,60.15926198593016,60.78775405883789,3161000,1
2012-11-21,60.787772164264,61.89391828630929,60.66207243357283,61.298946380615234,3119800,1
2012-11-23,61.46652340941576,61.801720460072985,61.24864436748576,61.793338775634766,1579200,1
2012-11-26,61.50842581736012,62.26261758764934,61.340824094322514,62.23747253417968,3709100,1
2012-11-27,62.11179621310658,62.46375033767132,61.67603800743749,62.42184829711914,5353500,1
2012-11-28,62.011215797471024,62.21233146397298,61.298926083873134,62.08663177490234,4245900,0
2012-11-29,62.31291306566125,62.731907905320966,61.877154852136975,62.11179733276367,2998900,0
2012-11-30,62.31288265601407,62.5642819944647,61.8938880208302,62.24584197998047,3863400,1
2012-12-03,62.35477958690772,62.42181386411862,61.65086533271631,62.027957916259766,3721600,0
2012-12-04,61.91903447576951,62.606185508295496,61.78495950016402,62.05311584472656,3827700,0
2012-12-05,61.96096081192542,62.388330958111176,61.32408684620879,61.90230178833008,3818800,1
2012-12-06,61.84361128966564,62.00282490504809,61.11455831601161,61.99444961547852,3895400,0
2012-12-07,62.086641952959575,62.56430212840265,61.684410554016615,62.54753875732422,3718000,1
2012-12-10,62.53079058484506,63.33525988936478,62.37157050394352,63.29335784912109,5323800,0
2012-12-11,63.36876635679406,63.72910208652618,63.26820531825755,63.53636169433594,5960300,0
2012-12-12,63.55313605244394,63.72073782917698,63.06710688330327,63.24308395385742,5191300,0
2012-12-13,63.201167990598826,63.2598270011966,62.09502208121752,62.27938079833984,4977600,1
2012-12-14,62.28773891634659,62.56427688739858,61.90226465064544,62.027957916259766,4209300,1
2012-12-17,62.17882431468371,62.56430514785779,61.61737283016316,62.55592346191406,5537800,1
2012-12-18,62.26260866245252,63.43578858878318,62.12852730324268,63.284950256347656,5767500,0
2012-12-19,63.36038993036421,63.84642540026631,63.10061521760919,63.27659225463867,6075200,1
2012-12-20,63.477712229839824,63.88832534389393,63.2765965158842,63.85480499267578,4599300,0
2012-12-21,62.91626054479306,63.87156817493165,62.49726574584268,63.82966613769531,6831500,0
2012-12-24,63.59504576803438,64.15649740278546,63.29336892687011,63.662086486816406,1931900,0
2012-12-26,63.66206859095296,63.93860668317585,63.47770986280437,63.70396423339844,2710300,1
2012-12-27,63.69558476722237,63.93860249355315,62.85759525298631,63.544746398925774,4041400,0
2012-12-28,63.025175765071154,63.469309080149934,62.48048143034485,62.58942413330078,2970400,1
2012-12-31,62.52239821420651,63.1927923834252,62.0112240986816,63.1508903503418,4939000,1
2013-01-02,64.14811049817807,64.80174140461905,64.06430641819031,64.5838623046875,5036400,0
2013-01-03,64.51682190496567,65.34643626864472,63.9972724093505,64.91905975341797,3987000,0
2013-01-04,65.18719884882546,65.37993283840017,64.89390382554744,65.10340118408203,3431700,0
2013-01-07,64.97769926450306,65.10339895398842,63.13411873653865,63.7961311340332,7172600,0
2013-01-08,63.050339618331854,63.52799346417703,61.26542396140591,62.12017059326171,20268100,0
2013-01-09,62.78217728186034,64.36597706354134,62.7738019893436,64.32408142089844,10915800,0
2013-01-10,64.46653382744685,64.62575388162108,63.82128471214273,64.6006088256836,5026600,0
2013-01-11,63.44416662795872,63.77098193057218,62.513998030258605,62.98327636718751,9808500,1
2013-01-14,63.04194837238873,64.18160812868997,62.76541032283638,64.1480941772461,6221100,0
2013-01-15,63.8631869561562,64.5084425315395,63.83804829097173,64.47492218017578,3900600,0
2013-01-16,61.885514314072296,62.54752669018805,61.64249662714234,62.29612731933594,18212000,1
2013-01-17,60.9888539444677,63.37712192462012,60.90505630177557,63.06707000732422,21849200,0
2013-01-18,62.98330489462835,62.98330489462835,62.25425160062533,62.88274383544922,10829000,0
2013-01-22,62.11177766039189,62.23747095779646,61.81847625084297,62.1452980041504,9161900,1
2013-01-23,62.00282733391705,62.50561964187251,61.550312338751816,62.25422668457031,7784900,1
2013-01-24,62.354799695607824,63.30172549759303,62.354799695607824,63.11736679077149,7292200,0
2013-01-25,63.0922267348633,63.20116306223509,62.67323200802268,62.87434768676758,6163200,0
2013-01-28,61.9274365968701,62.55592883622936,61.919054910206285,62.01123428344727,7759000,1
2013-01-29,62.21232136510997,62.21232136510997,61.17321646461634,61.71791076660156,9296800,0
2013-01-30,62.36316620795349,62.63970422925621,61.78495790100853,62.50562286376953,10048600,1
2013-01-31,62.43023300068816,62.530794066860494,61.810122409343954,61.90230178833008,7639000,1
2013-02-01,62.42184762006813,62.907883154445095,62.20397491295048,62.74028778076172,6749300,1
2013-02-04,62.25422834957876,63.293333332924696,62.22070800903841,63.025177001953125,5799800,1
2013-02-05,63.42742876236599,64.50843600947684,63.36038806641664,63.59502410888672,6831200,1
2013-02-06,63.243081724708894,63.93861468858872,63.18442270325842,63.93023300170898,4716600,0
2013-02-07,63.9553596890087,64.97770792280187,63.92183934112256,64.88552856445312,7773000,1
2013-02-08,64.72631204027175,64.85201175336185,63.92184282718936,64.15647888183594,5100400,1
2013-02-11,64.03914885154518,64.0559122199368,63.56149514601268,63.5782585144043,3677100,1
2013-02-12,63.73746911950327,63.89668914488431,63.54473514563816,63.67881011962891,3597400,1
2013-02-13,63.81798754350093,63.95293021513432,62.94087948114616,63.06738662719727,4313500,0
2013-02-14,62.99148586067887,63.5143726243879,62.86497871530967,63.19389343261719,3830400,1
2013-02-15,63.47219958588971,63.47219958588971,63.01677778262066,63.27822113037109,3650700,1
2013-02-19,63.24447660073787,63.41315489371989,62.63724761484052,62.95773315429688,3882500,1
2013-02-20,63.79268740117486,64.30714507654085,63.04208648487119,63.06738662719727,7551300,1
2013-02-21,63.21915513641482,64.24806985600188,63.17699040320914,64.10469818115234,7438600,1
2013-02-22,64.68666044705776,64.96497488306416,64.50112392414094,64.6529312133789,5391200,1
2013-02-25,64.7962938079346,64.85532961014985,63.27822113037109,63.27822113037109,4936300,1
2013-02-26,63.615585415285146,64.02040703041295,63.37100662783186,63.80112838745117,3436700,1
2013-02-27,63.69991317333639,65.7240081195191,63.69991317333639,65.2432861328125,7160000,1
2013-02-28,65.14208257867033,65.5553396887494,64.43365284897041,64.85533905029297,5593400,0
2013-03-01,64.68662398987402,65.43722448739757,64.5854234770322,65.17578125,6024200,1
2013-03-04,64.89749236405093,65.27701373895898,64.23966303551391,65.01556396484375,4748600,1
2013-03-05,65.3191671035323,66.49988934003794,65.03242367571643,66.33965301513672,5693200,1
2013-03-06,66.34810005731379,66.86255769647266,66.19629277962068,66.69388580322266,3826100,1
2013-03-07,66.93845814676381,69.11435367291281,66.93845814676381,68.3553237915039,10029900,1
2013-03-08,68.44806719008363,68.9034823584379,68.07698149128842,68.5071029663086,5231700,0
2013-03-11,68.32159382920577,70.02520309404517,68.27942263920045,69.94930267333984,5087300,1
2013-03-12,70.08421643731594,71.36614556334321,69.99988051875529,70.97819519042969,6600800,0
2013-03-13,71.16374950566134,71.56013550028304,70.43844884197478,71.47579956054688,7750900,1
2013-03-14,71.36617279052734,71.77098792782833,70.95291569340598,71.36617279052734,5027800,1
2013-03-15,71.47581140768817,72.94327759247366,71.26496830619057,72.8926773071289,8205400,0
2013-03-18,71.74566087067915,72.33601873877903,71.72036073839175,71.83843231201172,4803900,1
2013-03-19,72.13364776067905,72.53003385895052,71.8890689673962,72.11678314208984,5381200,1
2013-03-20,72.40350280087893,72.64808151343384,71.83844496553792,71.99868774414062,3783500,1
2013-03-21,71.85531175673724,72.38664038213918,70.99507490927718,71.12158203125,3672400,1
2013-03-22,71.28179875296748,71.77095605821667,71.28179875296748,71.5348129272461,2841600,1
2013-03-25,71.71193450610927,72.09145584284003,71.13000565044018,71.56012725830078,3528400,1
2013-03-26,72.04928724547212,73.2384387006184,72.03242263263014,73.05290222167969,5083400,1
2013-03-27,72.31916975722062,72.88422761514462,71.72881176154175,72.69868469238281,3185700,1
2013-03-28,72.8757885549196,72.9516889577998,72.04084551672517,72.40349578857422,4884300,1
2013-04-01,72.19266282430101,72.69025579433003,71.71194090243276,71.8974838256836,2867200,1
2013-04-02,72.01554527232169,72.10831672086812,70.67458668147214,70.91915893554688,4764900,1
2013-04-03,71.09628845322035,71.98182551989242,70.90230999037594,71.14688873291016,3885000,1
2013-04-04,71.50951115538169,71.70348310804778,71.02035386135987,71.64444732666016,3352500,1
2013-04-05,70.9022828423055,72.78300520850684,70.76734666999225,72.6733627319336,6109500,1
2013-04-08,72.56372801146955,73.21312162354158,72.00709940019259,73.16252136230469,5003600,1
2013-04-09,73.47456805634052,73.78661156599678,72.69023186992166,73.55046844482422,6058400,1
2013-04-10,73.66012753380251,74.68904268466565,73.42398433873612,74.06494903564453,4635200,1
2013-04-11,74.18302015445546,75.44807849222126,74.08181317104321,74.66374206542969,5394200,0
2013-04-12,74.46131663541729,75.00107421504039,74.21673797677279,74.96733856201172,2588300,1
2013-04-15,74.58785727232161,74.86616527474878,73.1794204711914,73.1794204711914,4324000,1
2013-04-16,73.75291085573993,74.51194727225877,72.89267387329893,73.28062438964844,5233900,1
2013-04-17,72.92640317207416,73.37338945765383,72.34447423115425,73.11194610595703,3781100,1
2013-04-18,73.42398346852448,73.50832583812242,72.31916791852105,72.63121795654297,2792800,1
2013-04-19,73.85409929061024,74.28422089091686,73.01072713635665,74.18301391601562,6322200,0
2013-04-22,74.28425144860854,74.28425144860854,72.90112106141937,73.32280731201172,4248700,1
2013-04-23,73.66856032134199,74.64687516104287,73.54205320456421,74.36856079101562,3130700,0
2013-04-24,77.54807313556095,78.13843755082414,76.25771466713144,76.60350036621094,9231700,1
2013-04-25,77.04206415512891,78.1131506605539,75.96254855884773,77.31194305419922,5766100,1
2013-04-26,77.49746194283189,78.75408457325263,77.31191905087343,78.30709838867188,5910600,1
2013-04-29,77.0842114706392,77.93601909596997,76.90710410120937,77.50589752197266,6265900,0
2013-04-30,77.04205228713799,77.58181000213128,76.59506603263601,77.09265899658203,4714300,1
2013-05-01,76.81434570291663,77.37940356342426,76.51073117963082,76.898681640625,4567300,0
2013-05-02,76.94926963627077,78.28179911643538,76.91553397968727,77.76734161376953,4514800,0
2013-05-03,78.30710799210905,79.23481613125526,78.15530073774553,79.05770874023438,4700100,1
2013-05-06,78.80472650009833,79.94327805991206,78.73725515751435,79.437255859375,5504800,1
2013-05-07,79.53844625302517,80.15411091502367,79.32760316026713,79.94326782226562,3858400,1
2013-05-08,79.94749907168195,80.0577054709718,79.4897350613923,79.71862030029297,3204300,0
2013-05-09,79.74404115840414,80.65956907108804,79.71861090541475,80.2018051147461,3677500,0
2013-05-10,80.32047912420637,80.52392760343334,79.53210899125253,79.88814544677734,3918600,1
2013-05-13,79.78642302402626,80.66804170836754,79.76946521167734,80.3289566040039,3492000,1
2013-05-14,80.46460441429959,81.54119937173051,80.27810724261789,81.47338104248047,4646500,1
2013-05-15,81.11733265587239,82.62625468976704,81.04103542974273,82.24478149414062,4875100,1
2013-05-16,82.13458356369156,82.39737147308625,81.63443799839057,81.87179565429688,5036700,1
2013-05-17,82.24478109789014,83.95715808153979,82.22782975189351,83.85543060302734,7408900,0
2013-05-20,84.02496766061975,84.20298587886666,83.51633678847408,83.68588256835938,6535200,1
2013-05-21,83.5756823358515,83.96563442448696,82.99076713791966,83.71131896972656,4415400,0
2013-05-22,83.80458275526993,84.33016510570124,82.95687304216182,83.0162124633789,8399700,0
2013-05-23,82.38042274741736,84.76248475677336,82.27869526271645,84.55903625488281,6975700,1
2013-05-24,84.55906099319458,85.26266174965188,83.79612080351275,84.77098846435547,6746300,1
2013-05-28,85.49152304061558,86.01710538961545,84.86421966552734,84.86421966552734,5736000,0
2013-05-29,84.3979744538191,84.79639904191555,83.83848942293703,83.99954986572266,4405800,1
2013-05-30,84.16910725138122,85.61021133179463,83.97413115067202,85.22874450683594,4784400,0
2013-05-31,84.94897728796326,85.57628057403065,83.94020080566406,83.94020080566406,4218700,1
2013-06-03,84.22843264649809,85.53390630382742,84.17757213631366,85.39826965332031,6472900,0
2013-06-04,85.17787846260174,85.55086635441717,83.99108351997855,84.44036865234375,3769800,0
2013-06-05,84.21145753387545,84.5251123731129,83.11791798446113,83.49090576171875,5151000,1
2013-06-06,83.62653923861149,84.60987884576814,83.43156321776901,84.56749725341797,4131700,1
2013-06-07,84.982891851004,86.96652931449232,84.82182494896456,86.88175964355469,5732900,1
2013-06-10,86.89870789347222,87.27169569804603,86.05099834237896,86.6698226928711,4047500,0
2013-06-11,86.13579959131626,87.12761857760819,85.5339263654251,86.25447845458984,3144100,0
2013-06-12,86.627433438138,86.82240299584859,85.28805091360674,85.51692962646484,2936500,1
2013-06-13,85.58477235098535,86.75460943349108,85.49152376460678,86.6020278930664,4076500,0
2013-06-14,86.60198836827735,87.50055818962696,86.04249710535547,86.3222427368164,3944400,1
2013-06-17,87.05131274598743,87.75490689447624,86.90719717905718,87.33953094482422,4217400,0
2013-06-18,87.50061377017308,88.28898420755888,87.01741940322778,88.22964477539062,4035700,0
2013-06-19,88.01767380490402,88.28894057038609,86.66981241539231,86.67829132080078,4186900,1
2013-06-20,86.0086211135842,86.34770627024314,84.24538347296685,84.46578979492188,7114800,1
2013-06-21,84.83877509540454,84.88963559986777,82.58386454071044,84.7540054321289,10328800,1
2013-06-24,83.9740995888642,84.31318467666651,81.6428985030497,82.94837188720703,5585200,0
2013-06-25,84.09279398705937,84.48274611419583,83.22813299702297,83.64350891113281,3557900,0
2013-06-26,84.47426660363355,85.94927956081497,84.40644828048443,85.40674591064453,5267300,1
2013-06-27,86.81395031787184,87.75490210047239,86.47486515672588,87.44125366210938,6577700,1
2013-06-28,87.19540719599571,87.72946189868071,86.7376432504754,86.83937072753906,5432500,1
2013-07-01,87.254744457083,88.17874476447464,87.254744457083,87.51753234863281,4091200,0
2013-07-02,87.50058933051223,87.52601958469388,85.46608491833429,86.01709747314453,4147000,0
2013-07-03,85.62712626027594,87.34797526638356,85.43215025722748,87.22081756591797,2891700,1
2013-07-05,87.90748977151955,88.33134460449219,87.10216817587614,88.33134460449219,3671700,1
2013-07-08,88.16178614230937,89.09426527915869,87.68707090191553,88.4754409790039,4222700,1
2013-07-09,89.23838867342285,89.64529213591489,88.55174595219813,88.73824310302734,3991800,1
2013-07-10,88.5856628056386,89.51814217324825,88.50937203777141,89.4333724975586,3872700,1
2013-07-11,90.22171328195869,91.09485294446011,90.10303448127944,90.60317993164062,4529800,0
2013-07-12,90.58627133730812,91.67981777462694,83.9147927657632,86.356201171875,44391800,1
2013-07-15,88.01769760727306,89.74702613019467,87.39886669530385,89.56900787353516,13169900,1
2013-07-16,89.59442860127412,89.68767717353812,87.97530018060915,88.35677337646484,5839100,1
2013-07-17,88.54328014580219,89.37403854036486,88.51784988829216,88.83150482177734,3931800,1
2013-07-18,88.9755851636112,91.5356713839108,88.8399550115644,91.2389678955078,8046400,0
2013-07-19,90.81512959153228,90.81512959153228,89.52661381016586,90.6710205078125,5992000,0
2013-07-22,90.9338155441485,90.97620361562686,90.23869385748046,90.58625793457033,4168800,0
2013-07-23,90.85752274325996,91.53569306666732,90.14544325693106,91.37462615966795,5081600,1
2013-07-24,92.60378453465628,92.81571191095058,90.07761383103391,90.66252899169922,7723500,0
2013-07-25,90.16238915433618,90.80665022966257,89.73005546862277,90.45060729980467,5267100,1
2013-07-26,90.04371736639523,90.04371736639523,89.27229850354747,89.51813507080078,4216100,0
2013-07-29,87.75489590558138,89.11123645441691,87.73794455910091,88.84844207763672,4041800,1
2013-07-30,88.95865786601316,89.86570698507292,88.83997902557631,89.62834930419922,5022700,0
2013-07-31,89.78939803186108,90.09457400102048,89.00102785611779,89.09427642822266,4487800,0
2013-08-01,89.84873428940517,90.7049227543445,89.67071605823158,90.45060729980467,4910800,1
2013-08-02,89.85723048457119,91.51026185459392,89.85723048457119,91.46788024902344,4226200,0
2013-08-05,90.82359299129742,91.38308435140264,90.82359299129742,91.12876892089844,3559200,1
2013-08-06,91.00161080453373,91.3067867327896,90.3827865098832,90.73882293701172,5199900,1
2013-08-07,90.44504995204096,90.84528801107912,89.86598336603986,90.6238784790039,3158600,1
2013-08-08,90.84529502526544,91.32217113398634,90.12146336111417,90.12997436523438,3741400,0
2013-08-09,89.72972695347329,90.39394898693642,89.31245393495531,89.69566345214844,3326500,0
2013-08-12,89.29542293564059,89.47425143988372,88.60565491971016,88.76744842529297,3830800,0
2013-08-13,88.82707371483929,90.73459109303845,88.79301020841257,90.46208953857422,3578300,0
2013-08-14,90.40246932902056,90.40246932902056,88.62268868628999,88.69933319091797,4481100,0
2013-08-15,87.87332612880121,87.9584816508569,86.66409432659091,87.48160552978516,4359400,1
2013-08-16,87.55824995063635,88.51200875944488,87.45605941852996,88.11177062988281,3469100,0
2013-08-19,87.71149538171014,89.58494219885112,87.60930489284972,89.17619323730469,3512200,0
2013-08-20,89.15066210005455,89.48277312302672,89.03144309165164,89.09956359863281,3448900,0
2013-08-21,88.96332628357763,89.21028182841476,88.22245964906621,88.4864501953125,3645600,1
2013-08-22,88.46090436464664,89.84044722010375,88.46090436464664,89.53388214111328,2857800,1
2013-08-23,89.84043090743718,89.84043090743718,89.24433586038533,89.82340240478516,3016100,1
2013-08-26,90.05332808030752,90.70903266961056,89.59348051898696,89.86598205566406,2480400,1
2013-08-27,88.90371082916968,89.53386940324272,87.76260619817091,87.89034271240234,4376900,1
2013-08-28,87.79666412981823,88.40979416165813,87.3453341055329,87.9414291381836,2816300,1
2013-08-29,87.94994532205669,89.7893353900593,87.71150731256341,89.35503387451172,3095400,0
2013-08-30,89.34652508539463,89.3805885896357,88.22245543323528,88.49495697021484,2723800,1
2013-09-03,89.52537129181556,90.121472988345,89.12513965606986,89.42318725585938,3659800,1
2013-09-04,89.45722922464134,91.2199748868532,89.09105469109257,90.581298828125,3837500,1
2013-09-05,90.40245095733444,91.1007363721722,89.98517801049485,90.81971740722656,2590500,0
2013-09-06,91.11777175645176,91.44136524247996,89.50830883116373,90.32581329345705,3265200,1
2013-09-09,90.7601145588615,91.44136502736262,90.74307956140392,91.27957153320312,2907600,1
2013-09-10,91.66279042664873,92.35255851360968,91.45841590031752,92.11412048339844,3848000,1
2013-09-11,92.18225264798932,93.01679229736328,91.79904957756268,93.01679229736328,3313700,1
2013-09-12,92.98272493481302,93.85983905732571,92.94014393010984,93.50218200683594,4766800,1
2013-09-13,93.61288751246404,94.80508422851562,93.29780495630166,94.80508422851562,3503400,0
2013-09-16,96.84884723919002,98.68823103972608,96.4486091746289,98.50088500976562,7711200,1
2013-09-17,98.59454764053326,100.04221722151532,98.43274763225416,99.72713470458984,5308300,0
2013-09-18,99.87189457181444,101.77940508358104,99.2502535665493,100.82565307617188,6330600,1
2013-09-19,101.52394902042371,102.51176462924276,101.17480298398708,101.37066650390624,5766700,0
2013-09-20,101.464345245037,101.52395475499702,99.31838989257812,99.31838989257812,8745400,1
2013-09-23,99.76119165566892,100.80010564639412,98.61157616478133,100.06775665283205,5450200,1
2013-09-24,99.79527262889412,102.09450401325844,99.46316157330703,101.33660888671876,5020000,0
2013-09-25,101.60910247351303,101.8560579949562,100.62128688468933,100.9193344116211,3566600,0
2013-09-26,101.0896377597378,101.76237726775256,100.91932675639538,101.66018676757812,2820400,1
2013-09-27,100.91934681434589,101.48137843463962,100.3062166853348,101.11520385742188,2848900,0
2013-09-30,99.93149812662024,100.39134560152492,99.09696516978973,100.05923461914062,4032900,0
2013-10-01,100.45949416197718,100.7405132064566,99.70159903979878,100.27214813232422,2880700,1
2013-10-02,99.95708763875082,100.34880828857422,99.0203637807426,100.34880828857422,2871900,1
2013-10-03,99.93151377432515,100.05073278682592,97.70040954299768,98.13470458984376,4455100,0
2013-10-04,98.16023788715394,99.85486283982569,98.14320938626469,99.80376434326172,3998000,1
2013-10-07,98.36461067031505,99.77821001628068,98.27093768087153,99.36946105957033,3822000,1
2013-10-08,99.35244060365774,99.9059611231203,98.28798056505607,98.30501556396484,4574000,1
2013-10-09,98.27097021049066,98.27097021049066,96.51673532500104,97.47901153564452,4722200,1
2013-10-10,98.86704882829838,101.33659746076556,98.70525531750457,101.2514419555664,5635400,1
2013-10-11,100.99596268764466,101.67721968094018,100.34025819157998,100.4679946899414,4505500,1
2013-10-14,99.99111767981614,101.80496176274184,99.36947664901749,101.7283172607422,3617800,1
2013-10-15,101.69425586559282,101.8390208760976,100.60424979152378,100.63831329345705,2749700,1
2013-10-16,101.1492551585314,102.75020730152832,101.12370915573018,102.47769927978516,4036900,1
2013-10-17,102.026360744258,104.2234077595315,102.026360744258,104.13825225830078,4114200,1
2013-10-18,104.3171084569026,104.62367354028706,103.25264816652606,104.33413696289062,3924200,1
2013-10-21,104.47890139488445,104.52147590543416,103.09084111258166,103.4399871826172,3207900,1
2013-10-22,103.89130093942836,105.42412601108458,103.78911043566842,104.30005645751952,4431200,1
2013-10-23,107.29757688971202,110.69533816902268,107.21242138204644,109.86931610107422,10766300,1
2013-10-24,109.8607892270334,110.33767824892752,108.9496181722316,109.83524322509766,4976200,1
2013-10-25,110.06516485051527,111.92157686779017,109.1880508432492,111.71720886230467,5467600,1
2013-10-28,109.63938563462838,111.1040837094144,109.54571263005845,110.6016616821289,4655800,1
2013-10-29,110.15034548113807,110.6016755614584,109.6479103969052,110.4143295288086,3608700,1
2013-10-30,110.32916668874655,111.92159496042832,109.86932560817225,110.4313507080078,4122100,0
2013-10-31,110.5675854175191,112.30479140492636,110.32063641613776,111.12962341308594,4931800,1
2013-11-01,111.47025167382849,113.6843337840352,111.47025167382849,113.28409576416016,4582400,1
2013-11-04,113.89723830152742,114.10161933217104,112.79872112232714,113.07972717285156,3915800,1
2013-11-05,112.43252028417932,113.88870725926472,111.20626030387504,113.7439422607422,4069200,0
2013-11-06,114.54305823098682,115.02167210144164,113.39778870811293,113.74820709228516,3747700,1
2013-11-07,114.04736515633788,114.4661458379955,112.26110488084451,112.39784240722656,3826800,0
2013-11-08,112.20129590685085,114.44053151129556,111.91925269051735,114.09012603759766,4790900,0
2013-11-11,113.7909499916546,113.9533396447075,112.91918150967348,113.26959991455078,2962200,1
2013-11-12,113.15850644448604,113.73968987193044,112.79100394285062,113.09868621826172,2851000,1
2013-11-13,112.74826521556432,114.0901057601245,112.04744135147268,113.8166046142578,3577100,1
2013-11-14,114.26956493965145,115.70541969029011,113.816590135529,115.45755767822266,3279600,0
2013-11-15,115.68832358546412,116.7224817387092,114.98748676336814,116.3036880493164,4495100,0
2013-11-18,119.86766300772612,121.36333794721646,117.74808160216996,118.25233459472656,8158800,0
2013-11-19,118.37200320124904,118.61985219904292,116.833591887134,117.0728988647461,3954000,0
2013-11-20,116.06439535624156,116.14131266336096,113.06448996605904,113.20124053955078,8634900,0
2013-11-21,113.20124202827276,113.9191629866672,112.13290261116704,113.61148071289062,4700600,0
2013-11-22,114.09010458565908,116.33788178931944,114.03881334039777,116.20968627929688,4290200,0
2013-11-25,114.5345162646451,115.26099221329676,111.6029994523536,113.67130279541014,7181700,0
2013-11-26,113.67131268381472,115.75671328882495,113.29525512668144,115.192626953125,4200800,1
2013-11-27,115.4233776667222,116.49171693975508,114.67126264530675,115.1413345336914,3350900,1
2013-11-29,115.22680059451008,115.57720594556336,114.67979839701184,114.73963165283205,1680900,0
2013-12-02,115.37211391643204,115.77381057669751,114.2012050585028,114.66273498535156,3378100,0
2013-12-03,114.46616030698924,114.46616030698924,112.74827509816512,112.816650390625,5171900,0
2013-12-04,112.58586827046751,112.94482872029944,111.5773622030233,112.38929748535156,5137100,1
2013-12-05,112.18417598471432,113.75678145031245,112.17563396459632,113.44054412841795,3665100,1
2013-12-06,115.02168979800538,116.0216538686078,114.52597877269572,115.53448486328124,5341800,0
2013-12-09,115.7994343862484,116.19257593293791,115.01313825161856,115.10713958740234,3799000,1
2013-12-10,114.22683321654394,115.41482600145528,112.97046515119688,114.26956939697266,4061300,1
2013-12-11,114.26959799501,114.36361239898147,113.19271640145392,113.29527282714844,3358300,1
2013-12-12,112.9106319888612,114.22682012293524,112.73114526813532,113.6371078491211,3617700,1
2013-12-13,114.05591978399632,114.73965965649424,113.79097368070104,114.38069915771484,3139400,0
2013-12-16,114.75673500364977,115.55157316298578,114.47469187061895,115.1413345336914,3979500,1
2013-12-17,117.87626760061846,118.03011522059634,115.68831109481803,116.13274383544922,6753000,1
2013-12-18,116.11567803764684,116.61138910472644,113.5345662888024,115.79945373535156,5632400,1
2013-12-19,115.38066259743044,116.43190498287832,114.47471281474742,115.52595520019533,3177100,1
2013-12-20,115.7994467659911,117.81647203697985,115.7994467659911,116.80795288085938,5454600,1
2013-12-23,117.6797124134672,118.02157577224992,116.50881671632251,116.57717895507812,2945100,1
2013-12-24,116.5771562027073,117.0728671050702,116.35494636699237,116.94467163085938,1203200,0
2013-12-26,117.243813326075,118.44890309846,117.2352713071486,118.1754150390625,2161300,1
2013-12-27,118.5343935334078,118.69678320653132,116.91050984342512,117.00452423095705,2204600,1
2013-12-30,117.22674374496482,117.40621745330417,115.8421670743734,116.1669464111328,2403500,0
2013-12-31,116.37207061915616,117.13272770668232,116.01311016629283,116.65411376953124,2096000,1
2014-01-02,116.2438665583472,117.30366391810472,115.81653080636868,116.80795288085938,3366700,1
2014-01-03,117.14124395622682,118.37197269029248,117.13270193824675,117.61985778808594,3177400,0
2014-01-06,119.14119082293942,119.4488730560256,117.77372437464044,118.29507446289062,4196500,1
2014-01-07,118.4403647178454,120.59414030723148,118.37198944058308,120.08987426757812,4238500,0
2014-01-08,120.2437697866653,120.85057942198723,119.1070548018476,120.3548812866211,4236100,1
2014-01-09,120.94453643033896,121.80776282872408,120.11550418859764,121.47444152832033,4052500,1
2014-01-10,122.03854258048936,122.04709764222956,120.42321390316032,121.27788543701172,4549500,0
2014-01-13,120.9787495276179,121.48300256643826,119.97878546985062,120.25227355957033,4462400,0
2014-01-14,120.38048585039289,121.10694879979006,117.77373517019804,119.6625518798828,8441600,0
2014-01-15,119.91042605865128,120.5770688520674,119.77367547506502,120.18391418457033,3030800,0
2014-01-16,119.93603722813708,120.89326500778218,119.71382736250531,119.83348083496094,3062900,1
2014-01-17,119.72238557301009,120.5086817899517,119.4403424123812,120.0471649169922,3382700,0
2014-01-21,120.90182513254872,121.75649655481932,120.34628088332224,121.081298828125,3240600,0
2014-01-22,121.62827983203556,123.55984546278748,121.25222234494224,123.38890075683594,4388700,0
2014-01-23,122.30348980524212,122.97867451310904,120.59414690393196,120.77362060546876,4491400,0
2014-01-24,119.99586569804646,120.0556989590153,116.50881767768556,116.79084777832033,5856800,1
2014-01-27,116.8335730705556,118.3378030204282,115.9361655284157,117.3976593017578,5057800,0
2014-01-28,117.61135639515432,118.02159510113034,116.61139221363284,117.16692352294922,4606200,0
2014-01-29,112.56024119729004,112.61151940399505,109.45779232036016,110.91927337646484,15993400,0
2014-01-30,112.56021267055792,112.56021267055792,107.00484897038896,108.14156341552734,10406200,1
2014-01-31,106.37239738420456,108.43215850528004,105.19295324705608,107.05613708496094,9732700,1
2014-02-03,106.18439353107976,108.13304365820473,104.910934723551,105.19297790527344,9309600,1
2014-02-04,105.1843874674528,105.8083003311779,103.01352177208426,104.3040771484375,9304100,1
2014-02-05,103.41524833144705,104.2186416034321,101.5093280757673,103.75711822509766,9689100,0
2014-02-06,104.09044360642214,104.88528836865346,103.85113662779357,104.8425521850586,6738800,1
2014-02-07,105.76560588728351,108.72276871183864,105.68014003513628,108.56037902832033,8906300,1
2014-02-10,110.21842665272229,110.22696867165276,107.98772731371145,108.68001556396484,8173500,1
2014-02-11,109.0988217139508,111.69702393822676,108.93643203723784,111.24404907226562,7874000,0
2014-02-12,111.98320164992698,112.20667795290746,110.01497083288476,110.126708984375,5798800,0
2014-02-13,109.20702194759772,111.68236243626296,109.20702194759772,111.30418395996094,4203400,0
2014-02-14,110.95180497259348,112.0863405629096,110.03215546966038,111.87146759033205,4807700,0
2014-02-18,111.84567523066724,112.54186150959416,111.39014561322604,112.27542114257812,4645300,0
2014-02-19,111.82849346215812,112.16369478404695,110.33297281037407,110.35016632080078,5146600,0
2014-02-20,110.4274983570997,111.72533931645316,109.59379685279876,111.35575103759766,4466400,0
2014-02-21,111.56204653944066,111.56204653944066,110.10950319131184,110.255615234375,5164000,0
2014-02-24,110.3415606650911,112.42152923193945,110.32436715707304,111.38153839111328,4635700,0
2014-02-25,111.13230042354338,111.51906913863544,108.476467159063,108.96637725830078,7308800,1
2014-02-26,109.36175191110416,109.96340019970368,108.6054013693996,108.82027435302734,4803600,0
2014-02-27,108.69993442194654,110.49626922607422,108.51944192182384,110.49626922607422,4649700,0
2014-02-28,110.65958253031962,111.69097019113624,110.06653101877852,110.80569458007812,4361400,0
2014-03-03,109.31019096383628,110.39315270149709,108.74292310592708,110.20406341552734,4847100,0
2014-03-04,111.20108786606096,112.593460818374,111.15811063973354,111.93164825439452,5422800,0
2014-03-05,112.07774465659963,112.42154930432552,110.60802077134124,110.69396209716795,4095200,0
2014-03-06,110.88302312755944,111.19244067428626,110.0407249061153,110.7541046142578,3595900,1
2014-03-07,111.5190711428316,111.87146596027743,110.07513108325638,110.47908020019533,4297800,0
2014-03-10,108.7343237783655,109.3961296662927,107.23021293021904,109.06092834472656,7039200,0
2014-03-11,109.18126156857876,109.3875378009012,107.96938132660564,108.0123519897461,4190000,0
2014-03-12,107.43649677187032,107.60839254374396,106.41369922423304,106.94658660888672,5040100,0
2014-03-13,107.13566533232232,107.96077675931292,104.539996154016,104.76346588134766,6071200,1
2014-03-14,104.96114714043247,106.817646127605,104.81502854222624,105.81204223632812,5698400,0
2014-03-17,106.55121703003498,108.14127581022632,106.50823981000153,107.79747772216795,4380500,0
2014-03-18,107.94356693545345,108.14125292540876,106.28475413461037,106.61135864257812,4151600,1
2014-03-19,106.85205323508912,107.60840389145793,104.31655426685636,105.0643081665039,6673000,1
2014-03-20,105.36510578605252,106.49104460109432,104.32512140441436,106.34493255615234,4601700,1
2014-03-21,106.62857370319344,106.96377505319902,105.28776830317116,105.35652923583984,7973600,1
2014-03-24,106.17302821055168,106.53401321727446,104.92676763893144,106.07848358154295,4472500,1
2014-03-25,106.97237873102262,107.43650522046347,106.1988345819545,106.59420013427734,3225100,1
2014-03-26,107.10128750519986,107.71152597484176,105.99254215362984,106.17303466796876,3091200,1
2014-03-27,105.72608400603306,106.834829171421,104.68609975572387,105.89797973632812,3106000,1
2014-03-28,106.38789637462912,107.5997829877467,106.1644266654737,106.97235107421876,2863500,1
2014-03-31,107.74589629146064,108.33035099792929,107.26458296521668,107.85762786865234,2962000,1
2014-04-01,108.50225088283248,110.3587498959302,108.44208671475528,110.1954574584961,3952800,0
2014-04-02,110.55645393691884,110.67678228555695,109.49927595113726,110.28141021728516,2935200,0
2014-04-03,111.02056507969054,111.02056507969054,110.25561782754214,110.68536376953124,3303500,0
2014-04-04,111.15810722526092,111.66520438184668,109.35317525082108,109.48209381103516,4156600,0
2014-04-07,109.31878058968424,110.16966920624375,107.39351394665782,107.94358825683594,3753600,1
2014-04-08,107.67715621202323,108.06393154467372,106.628574927696,106.7059326171875,4122200,1
2014-04-09,107.42789084910676,109.1726583586143,106.61997292135716,109.05233001708984,3689900,1
2014-04-10,109.00077828397468,109.03515875184289,106.26759338378906,106.26759338378906,3956900,0
2014-04-11,105.76047968105856,106.10427119111556,104.7892496486796,104.91817474365234,3854600,1
2014-04-14,105.78626862152728,106.3793135958938,105.01272457082848,105.93238067626952,3086300,1
2014-04-15,106.01832814207803,107.04972239143083,104.96974693940072,106.8090591430664,2746900,0
2014-04-16,107.43647291229011,108.3303451538086,107.2044130160564,108.3303451538086,2826100,1
2014-04-17,108.67416076615928,110.33297388127733,108.14987016890528,109.94620513916016,3449400,0
2014-04-21,110.05793075587876,110.39313204285894,109.47347605289244,109.86024475097656,2368500,1
2014-04-22,110.22984610695126,110.98620324383847,109.56804016957832,109.62820434570312,5015600,1
2014-04-23,112.30979504501704,113.02317483256566,111.15807914864892,112.27542114257812,7121600,1
2014-04-24,112.08632478064044,112.26681070790129,110.38452163478796,111.61360168457033,4177000,1
2014-04-25,111.59643144779446,111.73395330711058,110.33297723429108,110.58223724365234,2978500,1
2014-04-28,110.18685703023178,110.76271501938524,108.1240817522252,109.18984985351562,4354600,1
2014-04-29,109.32736572852384,110.50487853528284,108.75150773629817,110.33296966552734,3344100,0
2014-04-30,110.05793158420543,111.30419211621373,109.84305862645216,110.89163970947266,2773000,1
2014-05-01,110.65099604724476,111.3901596333586,110.24703379001944,110.41033935546876,2804100,1
2014-05-02,110.61661354510753,112.07774726624658,110.53926241562051,111.68238830566406,3762900,1
2014-05-05,110.87445443414305,113.77954123543434,110.83147721644004,113.4185562133789,4026500,0
2014-05-06,113.23806531608366,113.3841773749728,112.33559613842114,112.44733428955078,4032000,1
2014-05-07,113.02640924488858,113.3116346084256,111.66942916882392,112.66339874267578,2900600,1
2014-05-08,112.5078428672698,113.45859431221297,112.5078428672698,112.85357666015624,2988700,0
2014-05-09,112.58561882566744,113.51044180912643,112.25718823475592,113.31165313720705,2543800,1
2014-05-12,113.93394426237246,114.9451906495755,113.77836079366824,114.6081085205078,3288500,1
2014-05-13,114.96249574012712,115.67124013837253,114.83285380795832,115.3427963256836,3132200,0
2014-05-14,115.64530609412336,115.79223800619152,114.68591627782332,114.9452133178711,2883900,1
2014-05-15,114.69454331946332,114.83283681891407,112.84491062659,113.40672302246094,3596800,1
2014-05-16,113.49314667477628,113.83888042372745,112.38682505492056,113.0609893798828,2963300,1
2014-05-19,112.72392095409435,114.150048114069,112.66342578340212,113.52774047851562,2103100,1
2014-05-20,113.17336274239732,113.743813578433,111.55709856202452,111.99789428710938,2995800,0
2014-05-21,112.73253685085862,113.59685137344763,112.39545471458462,113.19063568115234,2476100,1
2014-05-22,113.7956549946835,114.5043860563618,113.45857285312084,113.95122528076172,2370700,1
2014-05-23,114.08952129972934,114.59082532441111,114.0290129504294,114.4438934326172,1956200,1
2014-05-27,115.03162654330808,115.99966786000384,114.8414762769068,115.965087890625,3085500,1
2014-05-28,115.96506955824442,116.8120940366062,115.96506955824442,116.10336303710938,2609400,0
2014-05-29,116.43181026874754,116.85531592652298,116.18979007922846,116.80345916748048,2234100,0
2014-05-30,116.3972402838095,117.06276618816688,115.8527178903904,116.89854431152344,2760300,0
2014-06-02,117.11464468240722,117.57273042941432,116.48369862889864,117.46036529541016,2629900,1
2014-06-03,117.37394558364512,118.00489165783488,117.21836207081688,117.4430923461914,2468800,1
2014-06-04,117.14920346643984,117.15785505363137,116.32810717534603,116.96770477294922,2601900,0
2014-06-05,117.2442640470507,118.73953772203618,117.2442640470507,118.25552368164062,3489900,0
2014-06-06,118.74817456102596,119.49148559570312,118.51480594161514,119.49148559570312,2710900,0
2014-06-09,119.49152073247492,119.61252427656686,118.84328463446872,119.24087524414062,2585000,0
2014-06-10,118.92103816514737,119.05933166114794,117.79742658983166,118.6271743774414,2370200,0
2014-06-11,116.89854325223608,117.1405502719197,115.66257977230858,115.9045867919922,5558000,0
2014-06-12,115.69716524511604,115.96510068960036,113.77838557303387,114.2537612915039,3826100,0
2014-06-13,114.54761206430425,114.91062261110268,113.70058745510796,114.34017181396484,2376600,0
2014-06-16,114.2623648969956,115.06618417407606,113.78698932328044,114.55622863769533,2163800,1
2014-06-17,114.17596764184918,114.99706390082558,113.8475238629008,114.4784698486328,2223200,0
2014-06-18,114.61675201267045,114.66860877507943,113.2511334528631,114.50438690185548,2859000,1
2014-06-19,114.50437897311966,114.89331785264862,113.91665145532345,114.79825592041016,2794900,0
2014-06-20,115.36870183065405,115.88729583326668,114.16730514004824,114.17595672607422,8083500,0
2014-06-23,114.36611697314562,114.547615658042,112.92269995038949,113.09557342529295,4433000,1
2014-06-24,112.79305834942308,113.43265591853688,111.49658641437225,111.62622833251952,4319800,0
2014-06-25,111.53114814395238,111.61758487773125,109.14564463934632,109.81980895996094,7929700,0
2014-06-26,110.12231140025196,111.01255426231494,109.21477855578604,110.64954376220705,3929100,0
2014-06-27,110.6927756708028,111.30643164308827,110.25196679013078,111.09899139404295,3687900,1
2014-06-30,110.55448529916156,110.55448529916156,109.07650150823704,109.9667510986328,5712900,0
2014-07-01,110.33838857569164,110.91747768887824,110.07909159661304,110.76189422607422,3772500,0
2014-07-02,110.76191210228276,111.06442749143038,110.06181937765496,110.3038330078125,2859000,0
2014-07-03,110.6236184133936,111.16813421093096,110.37296640031224,111.07305908203124,1997500,0
2014-07-07,110.71870830307326,111.92874349796372,110.43347630113873,111.57437133789062,3157000,0
2014-07-08,111.40151576211495,111.47066251737482,108.8345001723218,109.58645629882812,5724300,1
2014-07-09,110.90021167777743,110.90886326493182,108.82586177356248,109.58645629882812,8023900,0
2014-07-10,108.50606297613386,110.31247744646384,108.143052402316,109.58645629882812,3936900,0
2014-07-11,109.92350691800095,110.83968467657428,109.21476936563047,110.71002960205078,3193100,0
2014-07-14,111.41880482782426,112.86220871241537,111.28914971713472,111.94603729248048,5267500,1
2014-07-15,112.62882097750312,112.62882097750312,110.9261203484722,111.5830078125,4916100,0
2014-07-16,111.98059116959502,111.98059116959502,109.8889515378076,110.1309585571289,5260800,0
2014-07-17,109.94945912537304,110.78783874558384,108.7221339798797,108.79991912841795,5292900,0
2014-07-18,109.23207535816726,110.476690476177,109.11971683553466,110.32111358642578,3103300,0
2014-07-21,110.02722612446247,110.99525403540432,109.56913395181114,110.89154052734376,2738700,0
2014-07-22,111.48792596488764,112.3695172107092,111.13355387418324,112.13616180419922,5102200,0
2014-07-23,110.45076482841728,110.97799067397624,108.92092427561764,109.51730346679688,12326300,0
2014-07-24,108.83446880648052,108.94683389994378,107.17498672368842,107.52071380615234,10307200,0
2014-07-25,107.589871491315,107.63308325964856,105.80074074623784,106.4835433959961,6121400,0
2014-07-28,106.6909772789615,107.659005237784,105.58465584362384,106.36253356933594,4982400,0
2014-07-29,106.5786156496432,106.8551960174797,105.61922605622996,105.7229461669922,4101900,1
2014-07-30,106.4835519401919,107.00214595537666,105.23894344866024,105.69702911376952,4042900,1
2014-07-31,104.98829133870728,105.48959536936349,104.07212000931248,104.13262176513672,5588800,1
2014-08-01,104.10669774607868,105.19573605973112,103.40660498440084,104.04619598388672,5852700,0
2014-08-04,104.40919783611572,104.74627997519744,103.51894833130858,103.65724182128906,4671100,1
2014-08-05,103.43252763252632,105.42909886252306,103.42388923426196,104.8154296875,6097900,1
2014-08-06,103.754588630558,103.78937138739676,102.49374520728269,102.90242767333984,6239700,1
2014-08-07,103.4763385627962,104.537189481792,103.36329957282216,104.20675659179688,4641800,0
2014-08-08,104.17195624482184,104.91107145015329,103.71978712180004,104.8936767578125,4348900,1
2014-08-11,105.3458752834217,105.87630076762758,104.99805431497197,105.04153442382812,2807900,1
2014-08-12,104.7893451317964,105.16325144319872,104.35457065966033,104.75456237792967,2303500,0
2014-08-13,104.92846756965017,106.2849684087994,104.89368481642768,106.0675811767578,2641100,1
2014-08-14,106.25888178883702,108.42406350699812,106.22410566797237,107.9197235107422,4825100,1
2014-08-15,108.2588432150798,108.2588432150798,106.21540452941272,107.0936508178711,4570000,1
2014-08-18,107.45888415146864,108.9023322719442,107.45018680252436,108.67625427246094,4196900,1
2014-08-19,108.8849293513505,109.38057202741018,108.78927842841507,109.19796752929688,2988300,1
2014-08-20,109.46751984053188,111.05009870834397,109.19796178142948,110.737060546875,4331300,0
2014-08-21,110.90227543036362,111.11096532372576,110.2066336069804,110.86749267578124,2522300,0
2014-08-22,110.7196865321944,111.12837566340988,110.39795098261064,110.83272552490234,2394700,0
2014-08-25,111.37183090254985,111.7283491557749,111.11096356437872,111.58921813964844,2307100,0
2014-08-26,111.90225371672992,112.2848573681413,111.5718208780994,111.8239974975586,2329000,0
2014-08-27,111.9718226741003,112.1631245057018,111.258786162083,111.4761734008789,3075200,0
2014-08-28,110.72835098638257,111.08486921089457,110.18923492764154,110.52835845947266,3070300,0
2014-08-29,110.73704457830092,110.73704457830092,109.606635055233,110.25879669189452,3032700,0
2014-09-02,109.23275165342348,109.7892625024866,108.31972251729636,109.11101531982422,4576000,1
2014-09-03,109.0936151539788,109.77186230263288,108.86753055971668,109.51100158691406,3966500,1
2014-09-04,109.89361149952109,110.21534705079748,108.91972076550908,109.0936279296875,2975300,0
2014-09-05,109.06752135037053,109.17186960910522,107.911019694055,108.42405700683594,4913800,1
2014-09-08,109.47621061235606,111.51964925233663,109.47621061235606,111.28487396240234,6103500,0
2014-09-09,111.1370662045769,111.893569661141,110.97185638997384,111.48489379882812,4866400,1
2014-09-10,111.71095565984034,111.71095565984034,110.85010404925382,111.49356842041016,3068200,0
2014-09-11,111.14575401122596,111.29357575049264,110.60663123761918,110.9892349243164,1988200,1
2014-09-12,110.85879367887152,110.91966183995184,110.09359299184288,110.38923645019533,3107300,0
2014-09-15,110.36314324779832,110.38922865297135,109.29360183091396,109.8327178955078,3261700,0
2014-09-16,109.73707840303145,111.04140187042468,109.31969860857966,110.71097564697266,3377500,0
2014-09-17,111.51965930597711,111.63270492187858,110.60663020186588,111.09358215332033,3135300,0
2014-09-18,111.30227010382218,112.08485888318388,111.30227010382218,111.80661010742188,2721800,0
2014-09-19,112.40659263627794,112.7804923032204,112.1022452068838,112.47615814208984,5635700,0
2014-09-22,112.4935397820085,112.92831424296487,111.7022603469482,111.83268737792967,2890300,0
2014-09-23,111.5457408468614,111.77181880256067,110.45880463400356,110.76314544677734,2963100,1
2014-09-24,110.8327128557258,111.99791194562398,110.63272030424709,111.80661010742188,2891400,0
2014-09-25,111.5718216498248,111.7283473575138,110.44141201558512,110.55445098876952,2913100,0
2014-09-26,110.59794390333344,112.17182553402796,110.39794470623114,111.90226745605467,2524100,0
2014-09-29,110.6153312777781,112.63268476142142,110.43272677762754,111.97183227539062,3484900,0
2014-09-30,111.79791747847244,112.51094073460976,110.7022772842226,110.76314544677734,4000200,1
2014-10-01,110.75444025116084,110.75444025116084,108.09361623881006,108.40665435791016,5265200,0
2014-10-02,108.1718924913644,109.17187512718776,107.68494056012126,107.97189331054688,3204500,0
2014-10-03,108.39796736173142,110.31966960455702,108.39796736173142,109.8761978149414,3075900,0
2014-10-06,110.51097382766996,110.59793403072828,109.02404590639536,109.78925323486328,2681000,0
2014-10-07,109.1457778024572,109.1457778024572,107.20668742094188,107.23277282714844,3554900,0
2014-10-08,107.36323321548208,108.77189857431404,106.21542861777698,108.67625427246094,3610300,0
2014-10-09,108.45012629701289,108.47621169928726,106.35451052589438,106.74581146240234,4874700,0
2014-10-10,106.84147665229888,107.26755375941497,105.6501922607422,105.6501922607422,4214200,1
2014-10-13,106.12843551073496,107.11972062897684,104.5719423359897,104.73715209960938,3878600,1
2014-10-14,105.94581912852352,107.27623432150472,104.9719287503483,106.33712005615234,3768200,1
2014-10-15,105.26759649996536,105.3197739495312,101.14593622740104,104.51109313964844,7819000,1
2014-10-16,103.39805508709836,105.47627627066852,102.94588597807852,104.59803009033205,4492500,1
2014-10-17,106.12846440635984,107.71104341497998,105.89368244730257,107.16322326660156,4872400,0
2014-10-20,107.2936444873011,108.45014618382848,106.9545209272866,108.0936279296875,3676300,1
2014-10-21,108.87622945424872,110.64141286214462,108.63275679579858,110.53707122802734,5204500,0
2014-10-22,111.29357104233038,111.30226838960532,105.51106905307525,105.60671997070312,13844400,0
2014-10-23,105.45021717679305,106.85019176833228,105.26761266060964,106.11107635498048,7799700,1
2014-10-24,106.25888027040256,106.81539107413512,105.44150875911964,106.29366302490234,4013300,1
2014-10-27,106.1980217685039,106.28498197972948,105.44151835024984,106.1893310546875,2940300,0
2014-10-28,106.5197548915831,107.64147392286384,106.0501976249447,107.48495483398438,4159000,1
2014-10-29,108.24145585127056,108.24145585127056,106.57191683094076,107.02408599853516,3241700,1
2014-10-30,106.53715550922256,107.92843941173967,106.0936902335752,107.66757202148438,2569900,1
2014-10-31,108.71971334107128,109.46752603197288,108.45885261451444,108.61537170410156,4665300,1
2014-11-03,108.99795512987043,109.78055047991998,108.59796342520772,109.58924865722656,3902700,1
2014-11-04,109.51100195437722,110.18055175784764,108.91970837564531,109.42404174804688,3684600,1
2014-11-05,110.2112052736286,110.4211128474777,108.6281336925009,108.6456298828125,3334000,1
2014-11-06,108.87302643847978,109.1529054093616,107.90219479854952,108.96048736572266,2341900,1
2014-11-07,109.2666159673436,109.27536406288252,108.60190083606209,108.84679412841795,2366700,1
2014-11-10,109.21414376601656,109.31909422402472,108.27829770267267,109.01297760009766,2622700,1
2014-11-11,108.96049556947672,109.9663129906014,108.84679034994308,109.6427001953125,3053500,1
2014-11-12,108.89926543696758,110.36863172103008,108.86427973105644,110.08875274658205,3075000,1
2014-11-13,109.975047128784,112.79133972510054,109.975047128784,112.41524505615234,5813900,1
2014-11-14,112.41525322102302,113.50853158296846,111.82050952521104,112.7038803100586,6235600,1
2014-11-17,112.5639469559463,112.9750207223096,111.5581361165289,112.31905364990234,3752900,1
2014-11-18,112.43276644204478,114.86421681965392,111.9867002615672,114.2782211303711,5701200,1
2014-11-19,114.2169738322166,116.09742062227168,113.91960532071572,115.10909271240234,5037600,0
2014-11-20,114.52311190903345,115.80005372726018,114.32195240122492,115.18782043457033,4052800,0
2014-11-21,116.07992528624214,116.6396832778812,115.89624864797288,116.13240051269533,4227100,1
2014-11-24,116.71839801514534,117.8466687849643,116.70965659248878,117.73296356201172,4161500,0
2014-11-25,117.84665079102491,118.59882674082708,117.84665079102491,117.90786743164064,4301600,1
2014-11-26,118.03032945859611,118.33645273866048,117.5405428870397,117.88164520263672,2660100,0
2014-11-28,118.52011586956644,118.7562677325623,117.23441944813128,117.5143051147461,2090000,0
2014-12-01,117.47055640333716,117.54926923245225,115.62510222855585,115.7912826538086,3473700,0
2014-12-02,115.88750931180644,116.2898416313293,115.23154227796604,115.6950912475586,2904900,0
2014-12-03,116.0186871811165,116.5697037117214,114.9516464988848,115.4239501953125,4627500,0
2014-12-04,115.42393754452436,115.90498261013154,114.5055812093981,114.85543823242188,2785500,0
2014-12-05,115.20531065970924,115.99246580300895,115.03913020051203,115.63388061523438,2580200,1
2014-12-08,115.46770262166322,115.5114364295991,113.58725564589568,113.94585418701172,2862400,1
2014-12-09,112.44149699183517,113.45606257024644,111.72430661403618,113.4035873413086,3084600,0
2014-12-10,112.66015281840431,112.8088370824772,108.9255166608102,109.01297760009766,6651700,1
2014-12-11,109.52023387271444,109.89632182614916,107.5785707955788,107.90218353271484,6702100,0
2014-12-12,106.91387790530624,106.94011551887876,105.46200768061304,105.62818145751952,6661100,0
2014-12-15,106.17918974898784,107.47362751840222,105.47948896838896,106.77393341064452,6238800,0
2014-12-16,109.36282776251166,109.80013913072092,108.37450647258184,108.671875,7919900,1
2014-12-17,108.69810543688932,109.66018904885304,107.9459293994097,109.38031005859376,6726500,0
2014-12-18,111.1907819653556,111.38320002790422,109.12667184993867,109.91383361816406,6485900,1
2014-12-19,109.87886172039724,111.44443735819551,109.76516315680075,110.40364074707033,7680800,1
2014-12-22,110.84093335920969,112.42399157596176,110.84093335920969,112.14411926269533,3189300,1
2014-12-23,112.86127655150786,114.26941924824582,112.52017432537528,113.72715759277344,4028900,1
2014-12-24,113.96333686671602,115.73881982378194,113.8496316487016,114.78548431396484,2116900,1
2014-12-26,114.82919745232893,115.38895539308184,113.90209961411458,115.12657928466795,2242900,0
2014-12-29,115.20530651969908,116.08867066838508,114.72426135133198,115.7038345336914,2718400,0
2014-12-30,115.45020557059804,115.69509887839608,115.030390378042,115.30152130126952,2447700,0
2014-12-31,115.66886924010925,115.71260305073592,113.57852121073164,113.6834716796875,2712400,1
2015-01-02,114.63679005684182,115.310239846831,112.9050277079738,113.6572036743164,4294200,1
2015-01-05,113.40357650503782,113.63097359060087,112.48522004932737,112.87005615234376,5024800,1
2015-01-06,112.8700489827263,113.36857692401594,110.35987972331644,111.54061889648438,4992800,1
2015-01-07,112.59892716818092,113.67470931384578,112.58143097801644,113.27237701416016,3573200,1
2015-01-08,114.22573159815092,115.44145663477713,114.05079637909286,115.27527618408205,4503400,1
2015-01-09,115.0915929941708,115.67758857676122,114.51433883376254,115.04785919189452,3056400,1
2015-01-12,115.66011816744762,115.6776010136916,113.65722458072722,114.46187591552734,3552700,1
2015-01-13,115.45018919060712,117.1207216462532,113.84962814807363,114.72425079345705,3441700,0
2015-01-14,112.8525488727522,114.82919107183572,112.7825774658358,114.03329467773438,3559500,0
2015-01-15,113.91960380379312,115.30150923644584,113.43855866178065,113.82339477539062,3902000,1
2015-01-16,113.4822955079562,114.59307007553832,112.92253751288108,114.3831558227539,4425600,1
2015-01-20,114.96914959362246,115.45019474084594,113.21990421876116,114.76799011230467,3143700,1
2015-01-21,114.46186571519092,116.21111107296292,114.19948958807151,115.8087921142578,2898000,1
2015-01-22,116.65718463335368,119.132368574216,116.36855752939972,118.63382720947266,4971300,1
2015-01-23,118.572578379649,118.75624163052396,117.72419348950795,117.7416763305664,3828300,0
2015-01-26,118.07405087537438,118.2927065251436,116.78835458707688,117.26065826416016,3900500,0
2015-01-27,115.8000313344218,116.31606883089329,114.34816790556424,115.87000274658205,5243900,1
2015-01-28,119.2110724485933,124.10020996512438,118.8787115637694,122.13230895996094,14355100,0
2015-01-29,122.1760163264577,129.66278261749463,122.12354111298367,129.251708984375,15161700,0
2015-01-30,127.88730962374493,128.4383260978257,126.2692525768912,127.14387512207033,11271100,1
2015-02-02,125.70075162358414,128.21091402493624,125.11475612742824,127.92228698730467,6790900,0
2015-02-03,128.01849738958066,129.44413640574834,127.85231697104813,128.86688232421875,5978200,0
2015-02-04,127.66865418983984,129.78523915104697,127.63366181439588,128.76193237304688,4766200,0
2015-02-05,128.7969285939205,130.20507161566968,128.09724113982233,129.96893310546875,4252600,1
2015-02-06,129.98642992977102,130.2225818110526,129.18177859447235,129.4441680908203,4398800,1
2015-02-09,127.83485017823824,129.5840954844133,127.37130123975643,129.07681274414062,4202900,1
2015-02-10,129.6190687978441,130.06513487246897,129.00683563683958,129.4791259765625,4034900,0
2015-02-11,129.81353053921387,130.57916759918973,129.44391866773984,130.17434692382812,3272700,1
2015-02-12,130.4735479300925,130.74636914745653,129.96312772567137,130.32394409179688,2998900,1
2015-02-13,130.22715562988805,131.86401598905388,129.92794791745104,131.7672119140625,3418600,1
2015-02-17,130.87839697164682,131.96964179311848,130.70239320772598,131.93443298339844,3622400,1
2015-02-18,131.74080605138218,133.43046611517954,131.4503938395729,133.03445434570312,3722100,1
2015-02-19,132.92884772184902,135.73615219188414,132.8848434324187,135.304931640625,4384000,1
2015-02-20,135.34896104749265,139.77552213552383,135.34896104749265,139.31790161132812,9366000,0
2015-02-23,136.40499678484684,137.21462483179556,134.96174445276847,136.1761932373047,8653700,0
2015-02-24,135.08494236886614,136.21138250784685,134.82973893991104,135.859375,4391700,0
2015-02-25,135.7977769322127,136.17619778958905,133.888108524773,134.6537322998047,4800500,0
2015-02-26,134.03768768805227,134.09929638091498,132.71763953130056,133.5272674560547,5149300,0
2015-02-27,132.88483756900845,133.6680655447035,132.40081726307935,132.75283813476562,4330700,0
2015-03-02,132.75284601109917,135.6569411625297,132.66483743090015,135.34893798828125,4622800,1
2015-03-03,136.14980315397182,138.08587152992686,135.6745781917717,136.90663146972656,8656600,0
2015-03-04,136.07057632384175,136.59860102233765,135.52496064942827,135.83297729492188,4476200,1
2015-03-05,136.28179541601594,137.26742724364027,135.79777499058383,135.93858337402344,3327200,0
2015-03-06,135.4545472059771,136.43138343169286,134.47771098026132,134.75051879882812,3556200,0
2015-03-09,134.90892318572685,136.94179518173277,134.77691031421304,136.18496704101562,3433000,0
2015-03-10,134.9089388581157,135.63936719502888,134.13450622558594,134.13450622558594,3839600,0
2015-03-11,134.2136941670683,134.37210693179358,133.03445434570312,133.03445434570312,3395400,0
2015-03-12,133.1312749425354,134.57452726545094,133.1312749425354,133.8000946044922,2965100,0
2015-03-13,133.66810848654603,134.1081246463448,131.82003524410013,133.38650512695312,3569600,0
2015-03-16,134.1081027358897,135.69216333800853,134.00250317182358,135.2345428466797,2742900,0
2015-03-17,134.5393418872105,136.40500606016195,134.40732898569985,135.97378540039062,2927200,0
2015-03-18,135.560137416226,137.27621073659708,133.8616819258052,137.04739379882812,4053600,0
2015-03-19,136.32577825608408,136.69539013326465,135.22573811153796,135.6217498779297,2539000,1
2015-03-20,136.44017726815875,136.8362024742929,135.94736141758491,135.9649658203125,4464300,0
2015-03-23,136.38739048503376,136.38739048503376,134.47772216796875,134.47772216796875,3029700,0
2015-03-24,133.7296846356837,134.31049561975678,133.19286451429812,133.4568634033203,3319300,0
2015-03-25,133.2368746380894,133.8000947297979,130.35917890594547,130.44717407226562,3747900,1
2015-03-26,130.09514046822267,130.9927769253719,128.44948482030202,130.39434814453125,3627400,1
2015-03-27,130.7640113506238,131.39763575412934,129.79598376565556,130.99282836914062,2600300,1
2015-03-30,132.0752252405866,134.7945213316068,131.98721665525804,134.3809051513672,3738700,0
2015-03-31,133.9673205238263,133.98492493068323,131.95205235611348,132.07525634765625,2975600,1
2015-04-01,131.97839702484782,132.02240130946228,129.20630166102734,130.80795288085938,4167600,1
2015-04-02,131.24801183998952,132.44485626093837,130.51758344656523,131.3712158203125,2934200,1
2015-04-06,130.37678390960372,133.2808932751477,130.24478443180848,132.82327270507812,3371500,0
2015-04-07,133.12247230968913,135.08494032122795,133.0080638286716,134.0465087890625,4299500,1
2015-04-08,133.9321100960907,135.08495019352574,133.9321100960907,134.9617462158203,2763400,0
2015-04-09,134.3105131640969,135.23454968104983,133.4392898600714,135.01454162597656,3966800,0
2015-04-10,135.12894666440343,136.36979528613588,134.86493431940545,135.859375,3183000,0
2015-04-13,135.34014710763591,136.84500808893034,134.6097321931961,134.85614013671875,3034000,0
2015-04-14,134.58333628679674,135.12015653926443,133.40409620046688,134.8297576904297,2845800,0
2015-04-15,135.85055982171806,135.85055982171806,133.9497005674522,134.14329528808594,3687400,0
2015-04-16,133.46570226648214,134.23132607289148,132.9288820246408,133.73851013183594,2559900,0
2015-04-17,132.77925686527178,133.26326381166655,131.5120084038033,131.65281677246094,4671600,0
2015-04-20,132.9376400422214,135.1289246927127,132.8936357538391,134.3544921875,3169100,0
2015-04-21,135.09368676574445,135.60410685884509,133.76484348371693,134.93528747558594,3772900,1
2015-04-22,134.08168361615247,134.6449035907758,130.99277595617158,133.0520477294922,8468900,0
2015-04-23,132.7352481324196,132.7352481324196,131.76720741555434,131.89041137695312,4080800,0
2015-04-24,131.60002277275794,131.88163955118094,130.26238335992997,130.59678649902344,4889200,0
2015-04-27,130.7640062830996,131.12482277660197,129.989586930782,130.06878662109375,4603500,0
2015-04-28,130.15674959898843,130.57036578369963,128.49348937280556,129.81353759765625,4352900,0
2015-04-29,129.42632529568104,129.7695372719916,128.39667593852533,128.61668395996094,4761700,0
2015-04-30,127.82469429727496,128.43191874572332,125.62461350041995,126.14382934570312,4925300,0
2015-05-01,127.08545122650112,127.66627569214248,126.58382643484023,127.3142547607422,3556800,0
2015-05-04,126.59263704350072,127.41985602984522,126.00300365404912,126.74224090576172,8977500,1
2015-05-05,126.51346142748214,127.34069408716992,125.20222165809716,125.76544189453124,3670400,1
2015-05-06,126.65994362508332,126.7839371603713,124.3749083196776,124.91516876220705,5313500,0
2015-05-07,124.49003881719798,125.92482295582371,124.4191834442154,125.313720703125,4868700,1
2015-05-08,126.6510752746262,129.25495269080892,126.63335805352644,128.829833984375,7068000,1
2015-05-11,128.90955288601089,130.00777743664491,128.53757229489793,129.21067810058594,3969000,0
2015-05-12,128.36929781537137,129.37896332312712,127.54561585378332,128.8032684326172,3543900,0
2015-05-13,128.7855131103997,129.7774609971717,128.51095707133078,128.97149658203125,2679400,1
2015-05-14,130.0874640281569,131.30082993638973,129.8837498062387,131.0439910888672,3495800,0
2015-05-15,131.12371302460352,131.34513097516373,129.60920829648893,130.0874786376953,3368900,0
2015-05-18,130.08752858485883,130.4063710966564,129.5738371206136,129.9369659423828,2153200,0
2015-05-19,130.35316525032064,130.87572186799227,129.95461565475455,130.238037109375,2366400,1
2015-05-20,130.31775377458044,130.49488543942212,129.39666100883582,129.68006896972656,2104000,1
2015-05-21,129.80406532639924,130.82259607151195,129.3966638397782,130.50375366210938,2676400,0
2015-05-22,130.4240128886262,130.43287825498223,128.24526802096884,128.25411987304688,3878000,1
2015-05-26,127.83788977322956,127.9175970076424,125.9071313523925,126.47396087646484,3476800,0
2015-05-27,127.02305018198204,127.31532350286736,126.27908910024452,126.65106964111328,2837100,0
2015-05-28,126.2170773934864,128.67924380009222,125.39340914523012,126.0576629638672,3103200,1
2015-05-29,125.9956653851842,125.9956653851842,124.27747344541974,124.45460510253906,6199200,1
2015-06-01,125.27826690185256,125.80967535996992,124.23318071897448,125.10113525390624,3897000,1
2015-06-02,125.26943360861996,127.94416648600036,124.55204154387194,126.87249755859376,4986500,1
2015-06-03,127.3419383023856,128.47559755238015,126.5536906439631,127.3685073852539,3755800,0
2015-06-04,126.84589361383522,126.85474546511315,124.83541520304529,125.04798126220705,3239500,0
2015-06-05,124.91516588342968,125.20743924864746,124.03835930205778,124.64060974121094,3215600,1
2015-06-08,124.20661925078062,125.18971549848284,124.17118481045516,124.56088256835938,2756600,1
2015-06-09,124.4369049644321,124.87088907108622,123.90549640584666,124.0826416015625,2647600,0
2015-06-10,124.59634484585824,126.2968471745867,124.25093326658484,125.42887878417967,2784400,0
2015-06-11,125.77423976293056,127.51901418339612,125.54396997414992,126.61563873291016,2924500,0
2015-06-12,126.31453289335728,126.5270990327401,124.95945585121116,126.47396087646484,2395200,1
2015-06-15,125.80081410991605,126.28793629341747,125.12770841998244,126.02223205566406,2631400,0
2015-06-16,125.25170425713338,127.16475858738195,125.25170425713338,126.06652069091795,2450600,1
2015-06-17,126.53593965706474,127.53675322569732,125.67683683544364,127.03191375732422,2775400,0
2015-06-18,127.45704862955937,129.7775047240824,127.45704862955937,128.7589874267578,3728900,0
2015-06-19,128.59072055547048,129.39668532336825,128.37815440914997,128.53758239746094,4837300,0
2015-06-22,129.3700966980322,129.4940902194146,128.5021285340751,129.04238891601562,2086100,0
2015-06-23,129.60037201528758,129.7066483197564,127.35962316753138,127.91758728027344,2864400,1
2015-06-24,127.3241753558835,128.245281612179,126.21708558629336,126.65106964111328,3989100,0
2015-06-25,126.89022078497872,127.32419138013616,126.06653886531474,126.1639633178711,2153800,0
2015-06-26,126.67764345995818,126.68649531330593,125.6679780928397,126.19052124023438,3153300,0
2015-06-29,124.844289815422,125.16313217064187,122.73638682734182,122.86923217773438,3755500,1
2015-06-30,124.04718664454894,124.04718664454894,122.6124026936143,122.86038970947266,3434800,0
2015-07-01,124.4191917537079,125.00373848414348,124.01179022469994,124.64060974121094,3260900,1
2015-07-02,125.13654433398848,125.34025854841036,123.88775754987998,124.1800308227539,2116500,1
2015-07-06,123.12609740272543,124.64058861251664,123.10838018272976,124.45460510253906,2093400,0
2015-07-07,124.70256952654772,127.0407421139209,124.11802300113526,126.7838897705078,3712000,0
2015-07-08,126.20822554322612,126.78390678034346,125.34027100419,125.6945343017578,3386500,1
2015-07-09,127.43934008688338,127.71389623716004,126.41195735128916,126.47396087646484,2486800,1
2015-07-10,127.66072787019024,128.59068592777956,127.42159270926072,127.96185302734376,2192100,0
2015-07-13,129.27265988501114,129.97233464996157,128.95381750134638,129.85719299316406,2194200,1
2015-07-14,129.98119696355923,131.3451391923369,129.70664084997256,130.85801696777344,3388800,0
2015-07-15,130.85802236369852,130.85802236369852,129.73321527410334,130.09634399414062,2653900,0
2015-07-16,130.8934313946001,131.78796857553598,130.87572768860804,131.51341247558594,2509600,0
2015-07-17,130.4151458189109,130.5834255887034,129.32577351219683,130.05201721191406,3127100,0
2015-07-20,130.29118173224182,130.3708889524627,129.22837825312502,129.94577026367188,3016100,0
2015-07-21,129.8306393810002,129.8306393810002,127.7316013219156,128.42242431640625,4452600,0
2015-07-22,131.87652596851274,132.1245129920365,128.5198357837794,129.72434997558594,6238400,0
2015-07-23,130.19373429906537,131.03511967501345,129.1220656418864,129.40548706054688,4116000,0
2015-07-24,129.13980760226005,129.7243542545384,127.51902652873169,127.58988189697266,2455000,0
2015-07-27,126.8459114778708,126.96105313208372,124.70258742467792,124.90628814697266,3532100,1
2015-07-28,125.41999052621732,125.91596459719264,123.56007424578002,125.5971221923828,4138200,0
2015-07-29,126.1904874475978,128.0769723050361,126.09306302974238,127.66070556640624,3260400,1
2015-07-30,126.96105077524328,127.46587664534646,125.95138552075848,126.659912109375,2644000,0
2015-07-31,127.32416534704024,128.3515478158853,126.90789854525438,127.68729400634766,3163500,0
2015-08-03,127.92643032927172,128.20098641076842,126.28793217841404,127.26217651367188,3088000,0
2015-08-04,127.13819123395233,128.3072709976176,126.6864899609831,127.12932586669922,1973000,0
2015-08-05,128.26129801727578,129.77655709696617,128.14543534449473,129.1971893310547,2926100,1
2015-08-06,128.97434160397455,129.46457161763527,127.83345008154588,128.1899871826172,2457000,1
2015-08-07,127.65522235173415,128.2078380050436,126.30040820760094,126.9421615600586,2953200,0
2015-08-10,128.16325667251357,130.81940752278635,128.15434834366775,130.00830078125,3432600,0
2015-08-11,128.47522003048368,129.1793587961857,127.70868216376294,128.39500427246094,2816700,0
2015-08-12,127.0580330184885,127.46803377777518,124.66037316788918,126.95106506347656,4355800,0
2015-08-13,126.59455754086244,129.64287943559796,126.14889620653553,129.0724334716797,5129500,0
2015-08-14,128.89414472459393,129.66068260348223,128.13651517434906,129.3219757080078,2927100,1
2015-08-17,128.88522959987893,129.11696853690407,127.39670916431032,128.74261474609375,3746000,0
2015-08-18,128.6980549386652,129.4289459152461,128.1900081870802,128.88523864746094,1955500,1
2015-08-19,127.83345664971394,128.77825621522277,126.85301017251628,127.20953369140626,2967700,0
2015-08-20,126.22909629693338,126.47866552510376,122.0220527356286,122.12902069091795,6601400,0
2015-08-21,120.22158603661002,120.40875614981962,117.17326464553258,117.3960952758789,7957600,0
2015-08-24,110.20311201375074,120.77419727901928,102.62687085602629,113.3673095703125,9425800,1
2015-08-25,115.87191687856895,116.5136701216288,111.79857361107852,111.85205078125,7159100,0
2015-08-26,115.2836456298828,115.65799943724956,111.62031651457843,115.2836456298828,6428400,1
2015-08-27,116.83456506659904,117.97545687752286,115.39062684350868,117.53870391845705,5754600,1
2015-08-28,117.14651382381491,119.18765003787618,116.6384670529607,118.75981903076172,4508800,1
2015-08-31,117.98434921249746,118.27848725519704,116.21953455680146,116.47801208496094,4231700,1
2015-09-01,114.23190225534522,114.9717016102732,113.14448764694532,113.59014892578124,5772700,1
2015-09-02,114.72212645996623,116.4691109665384,113.85753573536486,116.43346405029295,4809300,1
2015-09-03,117.93087453286157,117.96653504815508,116.2997527709747,116.78107452392578,3379500,1
2015-09-04,115.47082703164676,116.30867231735918,114.67755058888736,115.65799713134766,3746700,0
2015-09-08,117.89521908852468,119.42829472319104,117.6545582294606,119.27677154541014,3505800,0
2015-09-09,120.85443080387358,121.44270699730254,117.84176959606292,118.23394012451172,4713900,0
2015-09-10,117.95761139016668,119.94527027334728,117.89522589006988,119.03611755371094,2932200,0
2015-09-11,118.68851638818646,120.20376203329243,118.44785548674808,120.03440856933594,2628200,0
2015-09-14,120.07895620315692,120.44440165549857,119.19654212078336,119.82046508789062,2389600,0
2015-09-15,119.90068336719554,122.11115893243112,119.90068336719554,121.48723602294922,3761800,0
2015-09-16,121.45162137714044,122.49446726261831,121.22879071099976,122.28946685791016,2505000,0
2015-09-17,122.43206755880256,124.70494281011815,122.05771371513336,122.51228332519533,3405600,0
2015-09-18,120.99703295086758,122.7262008280506,119.79374210010548,121.30007934570312,7302700,0
2015-09-21,121.5942097049662,122.51227076087224,120.27505625772768,121.23768615722656,2460900,0
2015-09-22,119.87396017138352,119.87396017138352,118.1180538718619,119.42829895019533,3465000,0
2015-09-23,120.0254947374739,120.32854113250184,117.3069583103058,117.36043548583984,4907500,1
2015-09-24,116.5136698489535,116.5582386908258,113.35838761146051,115.64908599853516,5297800,1
2015-09-25,117.2713231098676,117.41392439203804,115.23018670304111,116.7721710205078,4149900,0
2015-09-28,116.26410718436406,116.29975409956316,114.11601673019486,114.20515441894533,4160000,1
2015-09-29,114.18733607619929,115.11430557362227,113.6168901699767,114.75778198242188,2935100,1
2015-09-30,116.11259613954758,117.12870333528184,115.5332283030699,116.71868896484376,3062500,1
2015-10-01,117.04847912474814,117.46738819407378,114.96277410457246,116.41563415527344,2878400,1
2015-10-02,114.9806108856774,118.18045562992552,114.5884267809946,118.15371704101562,3020500,1
2015-10-05,117.90413400039928,119.57090264956466,117.07521064028003,119.45503997802734,4587500,1
2015-10-06,119.52636415581097,120.8098572545088,119.14308837178405,119.99876403808594,3059600,1
2015-10-07,120.94356005685724,122.76185209074184,120.56028428470088,122.12902069091795,3263800,0
2015-10-08,121.80815808091737,124.20581821439002,121.28228097520154,123.92949676513672,2835700,1
2015-10-09,123.92945469239432,124.99905240256936,123.323362017095,124.51773071289062,3065700,1
2015-10-12,124.7227435161214,125.73886416247304,124.17904987977715,125.3912353515625,1942200,1
2015-10-13,124.28605442838132,125.23085442805642,124.27713249598388,125.04367065429688,2339700,1
2015-10-14,124.5623128604238,125.57841991326158,119.06285495510424,119.63330078125,8752300,1
2015-10-15,120.4711558452371,122.7083704887026,120.32854097699564,122.45880126953124,6368300,0
2015-10-16,122.49445166223492,123.6531736986974,121.6833584771637,122.64598846435548,3173700,1
2015-10-19,122.64599176240866,123.54622266699371,121.56748546241784,123.37686920166016,4022000,1
2015-10-20,122.94903511739652,124.72275829326334,122.62815845434731,123.78688049316406,4202600,1
2015-10-21,126.30040242835464,126.70149485516168,121.76357391967618,125.84583282470705,8927200,0
2015-10-22,126.5678103058516,131.34530002761375,126.5054111950647,130.40940856933594,6976300,1
2015-10-23,131.3541882077287,131.69289509889143,129.1615425452057,130.7570037841797,4691200,0
2015-10-26,130.32026447768203,131.22940360580057,129.73198838266305,130.7570037841797,3143400,1
2015-10-27,130.32916229971897,132.79812915365554,130.14197861166585,132.3257293701172,3411300,1
2015-10-28,131.9068076052446,132.63768490504614,129.36653331092697,131.8087615966797,4408300,1
2015-10-29,131.50575222149803,131.79989036032222,129.98159793909767,131.18487548828125,3072100,0
2015-10-30,131.38092089922793,133.3418411279784,131.104613121677,131.97811889648438,3938000,1
2015-11-02,132.2544001441883,133.22593813504454,131.5235093690866,132.272216796875,2516700,1
2015-11-03,131.94246399005286,132.32573972396048,131.14918753671088,131.99594116210938,2470000,0
2015-11-04,132.06771677440793,133.4129672331292,131.9959684411247,132.9017791748047,2771500,0
2015-11-05,132.90178754002554,133.484723968325,131.37717299443025,132.70448303222656,2545400,0
2015-11-06,131.45785715212727,132.88381914453973,130.94665548432283,132.67755126953125,2294100,0
2015-11-09,131.7448085185094,132.26497348343463,130.2022541217215,130.9197235107422,2980800,1
2015-11-10,130.29197726224504,131.06325466388975,129.17093532291227,130.17538452148438,2524100,1
2015-11-11,130.2202335169901,130.78524305336038,129.61039324914466,130.0319061279297,1579600,1
2015-11-12,128.24718227830837,129.50274362397937,126.98264384007324,127.83463287353516,3796800,1
2015-11-13,127.64629906837128,129.04535697849872,127.2247862769109,127.87947082519533,3063800,1
2015-11-16,127.87052058150788,129.59243923928355,127.6463122091216,129.52069091796875,2378300,1
2015-11-17,130.30096938285894,131.46685599358457,129.71803291979464,131.0094757080078,3038300,0
2015-11-18,131.15297851541334,133.0811656921231,131.14400141936133,132.98251342773438,3101100,0
2015-11-19,133.43985877634253,134.05867611951908,132.9645380864289,133.84344482421875,2492600,1
2015-11-20,134.38150155101877,135.05412654185227,133.7357804650514,133.9868927001953,3210200,0
2015-11-23,133.9779479971475,134.2559641759694,132.4712743759479,133.03627014160156,3183700,0
2015-11-24,132.27398402873808,134.15732625607788,132.03183514072515,133.31430053710938,2626600,1
2015-11-25,133.66405626337277,133.76270849387046,132.1753230821254,132.22015380859375,1852200,0
2015-11-27,132.28290335459732,132.70441607361303,131.54749352666724,131.78964233398438,1282100,0
2015-11-30,131.80761821738463,132.06769390648256,130.36371576098946,130.44442749023438,3176700,0
2015-12-01,131.42197307277226,133.9869173912002,131.35920184471408,132.49818420410156,3444300,1
2015-12-02,132.3278040914999,132.75828039976716,131.27851039251365,131.79867553710938,2648800,0
2015-12-03,131.8793623363491,132.39952738256457,129.39512983352805,130.54307556152344,3008700,0
2015-12-04,131.25160747714756,133.4309066336395,131.01842197475747,133.17979431152344,3892900,0
2015-12-07,133.0003986739792,134.07659603904648,132.12150575571,133.13491821289062,3417700,1
2015-12-08,131.67311322700013,132.04080459574485,129.72697230941247,130.0319061279297,5021100,1
2015-12-09,129.6821440907912,130.6596894309178,127.59252015972211,129.35928344726562,5124600,0
2015-12-10,129.7000347845646,132.247051900555,129.28749910665996,131.3053741455078,3278500,0
2015-12-11,130.04087439553584,130.6686551901815,128.89292846115663,129.7000732421875,3684700,0
2015-12-14,129.59245807140857,129.59245807140857,126.86608988822152,128.24720764160156,4845000,0
2015-12-15,130.63278405779096,131.92422661746082,129.25165266524613,131.41302490234375,4705300,0
2015-12-16,132.71343959515025,133.27844917329438,131.14398070883476,132.8300323486328,3316000,1
2015-12-17,133.4936652927778,134.34565433837855,130.48926774374124,130.54307556152344,3448800,0
2015-12-18,129.5117228032098,129.5117228032098,124.56119828913091,125.18001556396484,9952000,1
2015-12-21,125.74502696659002,127.2965450394436,125.28763313832629,126.36383056640624,3746400,0
2015-12-22,127.09924110250076,128.05884580423955,126.00510316882963,127.69115447998048,2791700,1
2015-12-23,128.31896752288006,129.20683781292095,128.07681859203322,129.19786071777344,3353900,0
2015-12-24,128.78530383828848,129.08124686868882,128.57005885885783,128.72251892089844,1185000,0
2015-12-28,128.48038046830598,129.74491916658766,128.11268908155478,129.62832641601562,1980000,1
2015-12-29,130.09468087605742,132.33676489414637,130.04087304915845,132.1484375,3133600,0
2015-12-30,132.0318069699585,132.73133588865846,130.94663259451363,131.3053741455078,1619000,1
2015-12-31,130.9018125757776,130.9018125757776,129.59242975564197,129.6731414794922,2105200,1
2016-01-04,126.79432190719368,127.08130150508993,125.04548567178529,126.0051040649414,5719500,1
2016-01-05,126.44454807138813,127.0812921324858,125.35041021063154,126.51629638671876,3357000,1
2016-01-06,124.50740051269533,124.9737577796094,123.09936530311396,124.50740051269533,4254100,0
2016-01-07,122.3101414638248,122.57021712433632,118.83938695726135,119.28780364990234,7013700,0
2016-01-08,119.90663609792456,121.16221120747464,116.40899092512092,116.5793914794922,5776900,0
2016-01-11,117.3506528063376,117.48517233899612,115.61975727344736,116.77667999267578,5551500,0
2016-01-12,118.00532928567073,118.53445765746932,116.26547046421328,118.31024932861328,4171500,0
2016-01-13,119.00978894106262,119.17122606836932,114.57046636670736,114.90229034423828,5073100,0
2016-01-14,116.22064462846193,116.65113454154394,112.83061524934824,115.87088012695312,6517800,0
2016-01-15,112.82164870761969,114.0234022245953,111.66473275695589,112.66918182373048,6678400,0
2016-01-19,113.9516659873556,114.0951626362756,112.20284334299828,113.0548324584961,5478900,0
2016-01-20,111.20734875477962,112.05037439455226,107.45858462790244,109.53923797607422,7636600,1
2016-01-21,110.10424102861607,112.98308246049024,109.00113970294883,110.66925048828124,5546200,1
2016-01-22,111.58402449114236,112.71403663788038,110.59750899136009,111.75442504882812,5259900,0
2016-01-25,111.74545233134172,112.31942522190238,110.66925487211458,111.21632385253906,4551600,0
2016-01-26,112.08626726767372,114.92922131878974,111.65578412549468,114.8036651611328,5432600,0
2016-01-27,107.53033569797245,107.71866990783262,103.15378393334788,104.55284881591795,27945900,1
2016-01-28,105.01921291964226,105.85326843917476,103.18967155930332,105.83533477783205,10708400,0
2016-01-29,105.9519060855408,107.78144719382786,105.84428360541928,107.73660278320312,9195700,1
2016-02-01,107.29715488088416,109.67376492440954,106.40929166906092,109.01907348632812,6812800,0
2016-02-02,107.3419924540063,107.87112087875298,105.26133922771004,105.39585876464844,8646700,0
2016-02-03,106.54381780345427,109.53026802562864,105.06404122573755,109.2970962524414,7361900,0
2016-02-04,108.62447621770237,112.023476011115,108.62447621770237,110.85758972167967,5837000,0
2016-02-05,110.87551266471272,111.3598035300258,108.54374715350968,109.91590118408205,6186700,0
2016-02-08,108.22090426334614,108.81281769845364,105.1537351240538,107.14470672607422,6453600,0
2016-02-09,105.80842534638246,107.60209244819248,105.31516415646593,106.61557006835938,4137600,1
2016-02-10,106.95046944079932,108.12713765663848,105.23976250386418,105.32122802734376,4888600,1
2016-02-11,102.44292272966445,102.64205303530284,92.41405041686444,98.15259552001952,33735600,1
2016-02-12,95.14752175703713,99.41974094642173,95.03890338143792,98.32453155517578,12973400,1
2016-02-16,99.32019699448507,102.0627474952256,98.65944719954126,101.9179229736328,7587700,1
2016-02-17,103.2122693758363,105.74664342060444,103.17606324312662,105.3031234741211,6619600,1
2016-02-18,105.81905892712118,107.01383372068024,105.61087538406754,106.41644287109376,6489000,1
2016-02-19,106.18109098912488,106.199197506204,103.56525862583884,104.2350616455078,6920600,1
2016-02-22,104.23508277049464,107.68363607239132,104.23508277049464,106.25352478027344,4930300,1
2016-02-23,105.8733489275544,107.25820053846948,104.9320103051255,105.80998992919922,3762300,1
2016-02-24,104.42515183378327,104.95917675966405,101.83647201346038,104.62427520751952,6859300,1
2016-02-25,105.3121887579924,106.4436046383009,104.7962633927963,105.73760223388672,4667100,1
2016-02-26,106.5793622947276,108.11808493291556,106.35307914760502,106.95046997070312,3757800,0
2016-02-29,106.91426115038358,108.13618873300022,106.35307647360838,106.96856689453124,4569700,1
2016-03-01,107.7198462273974,109.51200513398464,107.03194343118092,108.57971954345705,4595400,0
2016-03-02,108.28101152266947,109.29476253071444,107.25821416057693,108.2991180419922,4292500,1
2016-03-03,107.56596055893272,108.37153496870764,107.03193561138042,108.2629165649414,3404600,1
2016-03-04,108.769798413067,110.634376531079,108.48015621594104,109.58441925048828,4421500,0
2016-03-07,109.3400368517956,111.62096829929918,109.13185328484336,111.24081420898438,4504700,1
2016-03-08,110.40805586293868,111.3041350270572,109.8016118919942,110.74295043945312,5257300,1
2016-03-09,110.7701459636392,111.56666722124312,110.453350875099,111.2046127319336,3380300,0
2016-03-10,111.45803946271285,112.0735299712771,109.91026338359114,111.27701568603516,4111300,1
2016-03-11,112.35410485184316,113.59413897447786,112.10972209331624,112.80667114257812,3260100,0
2016-03-14,112.17308049248052,114.95183722637384,112.10972148834404,114.3544464111328,4283400,1
2016-03-15,113.63939579971648,114.38160422353754,112.42651457701564,114.37255096435548,3717500,0
2016-03-16,114.26393023975317,115.974637098364,113.82041722746833,115.46775817871094,5154700,1
2016-03-17,115.92033770075577,119.11545464600144,115.3319932291487,118.3008270263672,5801000,0
2016-03-18,118.78961730245544,121.90326210468558,118.58142684300972,121.25157928466795,9108400,1
2016-03-21,120.79900829298012,123.80404147797243,120.73564237874784,122.97132110595705,5671400,0
2016-03-22,122.31962782171736,123.18856125724302,121.99377950979876,122.30152130126952,4989000,0
2016-03-23,122.1838573097801,122.19290366393544,120.14730891538116,120.25592041015624,4361200,1
2016-03-24,119.12451552863013,119.68569338458757,117.69440420133076,119.58612823486328,4573100,1
2016-03-28,119.9572158314172,120.0386744462804,118.16505724829352,118.83484649658205,3352200,0
2016-03-29,117.51337594174196,118.50901358978754,116.01989875283088,118.46376800537112,4910200,0
2016-03-30,119.00683717313572,120.13825298771094,115.87508593267933,116.3819580078125,5949000,0
2016-03-31,115.93844192062993,116.20093813269332,113.36786841849036,114.89754486083984,8758300,1
2016-04-01,114.25488363838446,115.0332912701361,113.24113270689188,114.9156265258789,5328000,1
2016-04-04,114.53547706981806,115.82981693056004,113.93808625457706,114.3544464111328,5036500,1
2016-04-05,114.18248962922456,116.39100868549058,113.6665642748394,114.97900390625,4660100,1
2016-04-06,115.096652997266,115.89316021243212,113.8204128466766,115.7936019897461,3998000,0
2016-04-07,114.95184326171876,116.70780276228476,114.55358269731478,114.95184326171876,4596300,1
2016-04-08,115.8931925897404,117.68536539980552,115.50399213207456,115.74837493896484,3939800,0
2016-04-11,116.08324681099548,117.57670995892713,115.5673215458378,115.77550506591795,3611700,1
2016-04-12,115.51301386051854,118.0111815313854,114.66218708802036,117.18750762939452,4239200,1
2016-04-13,118.11075838260932,119.02493733994648,117.49526103049602,118.69908905029295,3514800,1
2016-04-14,119.02493036465064,119.432237250041,118.14695068596004,118.43659973144533,4527600,0
2016-04-15,118.52707906514676,119.11542338233384,118.28268946227756,118.69001007080078,5008700,1
2016-04-18,118.69003984653006,119.70378391834414,117.95688466521972,119.45034790039062,3056000,1
2016-04-19,119.99343573305832,121.15200435926592,119.66758744373573,120.09298706054688,2931000,0
2016-04-20,116.3547948421198,118.89821515853464,116.3004890976198,118.18316650390624,6799000,1
2016-04-21,118.55426675191558,120.0567902164624,117.93878319943772,118.33704376220705,4799600,1
2016-04-22,118.65382160022376,119.32362465325578,118.11979671520952,118.61762237548828,3858100,1
2016-04-25,118.07454205903244,118.57236773926714,117.04269147237645,118.34608459472656,4600100,1
2016-04-26,118.7986499854501,120.62702164665544,118.6266725871034,120.59986877441406,6103400,0
2016-04-27,120.56364309537996,124.80871661953238,119.43222749986924,124.0755615234375,6930800,0
2016-04-28,123.36051000744224,124.65485674464492,121.74032880878552,122.01187133789062,4938800,0
2016-04-29,121.66791654694238,122.4010717076674,120.21065257901267,122.01187133789062,3716700,1
2016-05-02,121.6317224162996,122.192900205056,120.59081164633494,121.29681396484376,3703800,1
2016-05-03,120.11108297385684,120.6632143650325,118.98872748513833,119.92101287841795,4028700,0
2016-05-04,119.10639891370174,119.75809550917252,118.14696054015522,118.47280883789062,3340500,0
2016-05-05,119.23310196586608,120.05677586666856,118.68097058097084,119.5499038696289,4199200,0
2016-05-06,119.57709141999602,120.95289710470664,119.26028942435389,120.61798858642578,2466000,0
2016-05-09,120.20160607856567,121.11578498716776,119.31458004171826,119.5680160522461,3431100,0
2016-05-10,120.54553378001228,122.41011823955353,120.19253267485756,121.93944549560548,3382700,0
2016-05-11,122.10367529694678,123.18045063750009,121.3097914075724,121.36454010009766,3284100,0
2016-05-12,121.81172930176002,123.22611753824722,121.81172930176002,122.66036224365234,4591300,0
2016-05-13,122.03984638563048,123.1348623659774,120.36994109795084,120.56156158447266,3965900,0
2016-05-16,120.11443697008164,122.65122931047576,120.04143404873204,122.40484619140624,3165400,0
2016-05-17,121.93033041239464,122.72422845521376,120.41556509362572,120.96306610107422,4032000,0
2016-05-18,120.862683318217,121.52881577932746,118.9372749267784,119.5304183959961,4060400,0
2016-05-19,118.84605255859384,119.0194188495832,115.97161968207398,116.87501525878906,5061600,1
2016-05-20,117.83315894648122,117.94265637683591,116.0811234794396,116.24537658691406,3297700,0
2016-05-23,116.25449385466868,117.17613659982796,114.8674661840608,116.4187469482422,3977700,1
2016-05-24,116.58298199204408,117.5411190879294,115.26895744689767,116.3457260131836,5102400,1
2016-05-25,116.80198234001806,118.42625879302342,116.22710008948692,117.58674621582033,4656700,0
2016-05-26,117.24001628430914,118.53578694111928,117.09402435066715,117.99740600585938,2586300,1
2016-05-27,117.67802651296893,118.3532791950918,117.55939502064612,117.91527557373048,3043700,0
2016-05-31,118.51753997556938,118.60878318847011,115.01347617368012,115.11385345458984,6894400,1
2016-06-01,114.97696237968056,115.43322016690152,113.86369226495084,115.3510971069336,4679600,1
2016-06-02,115.57009367227688,115.91684706859442,114.35644634225388,115.75259399414062,4802100,1
2016-06-03,115.36021484510258,116.41873623111944,114.93133142014544,116.2362289428711,5485600,1
2016-06-06,116.43700356747014,120.52507702429978,116.30012481815392,120.3608169555664,6996200,1
2016-06-07,120.8261858187238,121.720447147946,120.28780499263266,120.38816833496094,4424000,0
2016-06-08,120.92653663601652,121.84817211590952,120.48851924805632,121.36454010009766,3883700,0
2016-06-09,120.54333296789504,122.11286113044432,120.37907289680338,121.45584869384766,3811200,0
2016-06-10,120.23306025520252,120.56156645496608,118.96466402464844,119.66730499267578,3828600,0
2016-06-13,119.3479155305543,120.00492791132858,118.51753687264232,118.55403137207033,3645000,0
2016-06-14,118.28940595507306,119.17454723294615,117.25825883419576,119.08329010009766,3717000,0
2016-06-15,119.4300531557502,120.23305746238763,118.59966056954148,118.77304077148438,3324800,0
2016-06-16,118.00653989400752,118.52666661531028,115.7982465549146,118.05215454101562,4066100,0
2016-06-17,118.47191158700976,118.61791743653356,117.54114170115078,118.4627914428711,6739600,0
2016-06-20,119.8680404341769,122.18582375109258,119.73116867439366,121.13643646240234,4331900,1
2016-06-21,121.53796814962836,121.62009122078716,119.9866942464627,120.01406860351562,2841100,0
2016-06-22,120.54331932635232,121.510583658578,120.06880730386835,120.2421875,2640800,0
2016-06-23,122.19495358471248,122.778962946027,121.11817805748416,121.86644744873048,4113900,0
2016-06-24,116.92974718397016,118.07039167184402,115.16859181621524,115.45146942138672,9707300,0
2016-06-27,114.68496743104208,114.74884324820952,111.64628863877212,111.96566772460938,6169000,1
2016-06-28,113.60817919870728,113.8454351768994,111.96564852190149,113.05154418945312,4438100,1
2016-06-29,114.51158241440451,116.18148765834933,113.2979419392535,115.88035583496094,4916700,0
2016-06-30,115.96248002634272,118.50839233398438,115.96248002634272,118.50839233398438,4110800,1
2016-07-01,118.20726103842304,118.93727628060226,117.86051458939694,118.34414672851562,3247900,1
2016-07-05,117.19437129585764,117.71451186897512,115.5518474004322,115.8621063232422,4829400,1
2016-07-06,116.11761957781012,116.17236829045756,113.11544217333191,115.85298919677734,3981700,1
2016-07-07,115.8164801661113,116.95712468467592,115.21422348051884,116.04460906982422,3049400,1
2016-07-08,117.34950533367449,119.04678481412328,116.4917384886039,118.70914459228516,3597800,0
2016-07-11,119.39355507300364,121.5927213295902,119.35706057022092,120.4885711669922,3929900,1
2016-07-12,121.1820684989382,121.36456882517705,118.9281539639886,119.36615753173828,4318400,1
2016-07-13,119.79505098070436,119.89542825711742,118.05214278293396,118.72740936279295,3061400,1
2016-07-14,120.11442289570569,120.37904627119276,118.80951845579388,120.04141998291016,3984100,1
2016-07-15,120.26955676918308,121.1364437893017,119.95017074519488,120.80793762207033,2944900,1
2016-07-18,120.7988201331658,122.17671368283604,120.4064311829616,121.75695037841795,3338400,1
2016-07-19,121.28246911427289,123.80100751851433,121.20946618494754,122.8793716430664,3390000,0
2016-07-20,122.77897893555688,123.3538543054804,122.3135870600434,122.9341049194336,2669400,1
2016-07-21,122.97059584293652,123.17135038656085,121.3919477716024,121.84820556640624,2814100,0
2016-07-22,120.2239215699164,121.81170361121718,119.14715992356952,121.79344940185548,4844900,0
2016-07-25,121.5288321943316,121.63834354472743,120.79883078574244,121.3098373413086,3078600,1
2016-07-26,121.27329525658362,123.1622088829364,120.91741479531316,123.0527114868164,4667300,1
2016-07-27,124.22985889856098,127.25028295836856,123.8374839192808,124.06561279296876,5661700,0
2016-07-28,123.55459157534102,123.9743548265656,120.95393078740288,121.3736801147461,5142400,1
2016-07-29,121.41019996460626,122.09458664543958,120.72581328377296,121.96683502197266,3559100,0
2016-08-01,121.55620574951172,122.48696160987632,121.09081389544676,121.55620574951172,3067300,0
2016-08-02,121.31894673170764,121.72957596861146,119.8589301200625,120.0870590209961,3156800,1
2016-08-03,120.24220709457536,120.86271113565454,120.10532137453563,120.3334503173828,2359300,0
2016-08-04,120.45206715820564,120.95395355614164,119.50305699801358,119.73118591308594,3008500,1
2016-08-05,120.6437060348962,120.85358074583664,119.54867606294644,120.2056884765625,3119500,1
2016-08-08,120.5798291919458,121.31896471269847,120.22394861069876,120.62545776367188,2443800,1
2016-08-09,121.11819190936816,121.3554548770844,120.6619341085392,121.01781463623048,3013900,1
2016-08-10,121.5422784831871,122.85798294948763,121.18344871608036,121.7078857421875,2642200,0
2016-08-11,122.23230953338464,122.88555673937684,121.726264067234,122.3703155517578,2275700,0
2016-08-12,122.27832978231837,123.08800271092971,122.029918893172,122.4623565673828,2522600,0
2016-08-15,123.01438615845284,124.2104899809384,122.8763801186271,123.89766693115234,2812600,0
2016-08-16,123.42842329980942,124.4037174979449,122.738364994281,124.2104949951172,2759200,1
2016-08-17,124.0724801910006,124.20129050403516,123.39161765680576,123.95286560058594,2854600,0
2016-08-18,123.95287435086168,125.09377580347332,123.77805733384426,124.2104949951172,2030800,0
2016-08-19,123.75046914760074,124.21050806636504,123.14321440540616,123.6952667236328,1922600,0
2016-08-22,123.56644567556624,124.82694771113582,123.14320372971493,124.20130157470705,2520500,0
2016-08-23,124.50491124173963,125.47098151880714,122.95917352774484,123.4192123413086,3481900,0
2016-08-24,123.29961070975234,123.8884598914013,122.43474944238662,122.63715362548828,2135900,0
2016-08-25,122.64638325728114,122.64638325728114,121.83671023661518,122.3519515991211,1921400,0
2016-08-26,122.83035238999172,123.36399905137964,121.28462885157364,121.66184997558597,1973700,0
2016-08-29,122.1127206849562,122.90398811529714,121.74469519891164,122.27832794189452,2380000,0
2016-08-30,122.54514359334478,122.7751630042372,120.23573972285132,120.35535430908205,3437300,1
2016-08-31,120.37376133962458,120.37376133962458,118.81882785572908,119.1040496826172,3639200,1
2016-09-01,119.6376886156218,119.6376886156218,118.10116071590188,119.51807403564452,2807200,0
2016-09-02,120.42897376303924,121.41346367499192,120.14375191244274,120.67739868164062,2631000,0
2016-09-06,121.1098462694068,122.36115264892578,120.77861769720256,122.36115264892578,4151800,1
2016-09-07,121.89189247167302,122.44394471964024,121.45025909686235,122.0391082763672,2198700,0
2016-09-08,121.74469519891164,122.28753770457269,120.999420424872,122.27832794189452,2618300,0
2016-09-09,121.39505189047452,121.39505189047452,118.24838789546044,118.25758361816406,4892900,1
2016-09-12,116.73944756547849,120.23573835962164,116.21500359537524,119.72049713134766,6381100,0
2016-09-13,118.8924420554732,119.62850702666032,118.00916128219431,118.46920013427734,4552400,0
2016-09-14,118.60723301235171,118.97525851802304,117.16270412208183,117.4663314819336,3955400,1
2016-09-15,117.37432160324094,118.19319728194434,116.79467513143148,117.55833435058594,3462400,1
2016-09-16,117.5031330673104,117.5031330673104,116.24262397492733,116.5738525390625,8035600,1
2016-09-19,117.30991000151477,118.0459749897708,117.09828903600943,117.29151153564452,3168100,1
2016-09-20,117.72392996201012,118.22997546641308,117.37430298964506,117.57672119140624,2639300,1
2016-09-21,117.93555388491806,120.18975550117104,117.93555388491806,120.1253433227539,3227800,1
2016-09-22,120.9442117480613,121.89189066290052,120.68659111330533,121.33064270019533,3253100,1
2016-09-23,120.7601932139262,121.71706780573254,120.53936952076889,121.24783325195312,2330700,1
2016-09-26,120.5945985104642,121.063833113025,120.00573526749348,120.13455963134766,2219900,1
2016-09-27,119.87690735168415,121.21103113676531,119.48128071255056,120.82460021972656,1939000,1
2016-09-28,121.07300090772156,121.7814645491311,120.1529233617291,121.66184997558597,1773000,0
2016-09-29,121.26624115007176,122.1679133463548,120.23574460076271,120.55777740478516,2199400,1
2016-09-30,121.53306309108832,122.02991292362094,120.77860665846691,121.21104431152344,3118900,1
2016-10-03,120.78778997415408,122.11270400578243,120.29095423192864,121.79988098144533,2439400,1
2016-10-04,122.1587269543802,122.5819548579278,121.16504129839952,121.68028259277344,2829200,0
2016-10-05,122.30592239571364,124.11847659487351,121.95630241506458,123.89766693115234,3137500,0
2016-10-06,124.05406930650835,124.21048081986535,122.9959716018879,123.67683410644533,3614900,1
2016-10-07,123.22600627996806,123.89767314553328,121.9470987694404,123.1524124145508,4302000,1
2016-10-10,123.83324796532592,125.9310238913204,123.83324796532592,124.98334503173828,3343300,0
2016-10-11,124.15528363881042,124.84534189466038,122.61875560716368,123.05119323730467,3607300,1
2016-10-12,123.06959345729362,123.54803781312496,122.37033942898027,122.5175552368164,2264200,1
2016-10-13,121.83668234076136,123.22599455651104,120.88900347186076,122.71996307373048,3544200,0
2016-10-14,123.8056634986836,124.44051941146564,122.8119778142342,122.83038330078124,2317400,1
2016-10-17,122.83038164964364,124.56013234072267,122.67397011427812,123.29042053222656,2435100,0
2016-10-18,124.23810093940364,124.89136233748202,124.13689182249776,124.3025131225586,2271000,1
2016-10-19,124.59689634493402,126.00461383045712,124.51409273737828,125.29615020751952,2265900,0
2016-10-20,125.05695292870116,125.82061906551148,124.55090741162556,124.98334503173828,2539700,0
2016-10-21,123.9528717779365,125.30538715183944,123.5204341256398,124.79014587402344,2205000,1
2016-10-24,125.50779370966208,127.78038659396776,125.50779370966208,126.46466827392578,3814200,1
2016-10-25,126.53827423531972,128.2772203793949,126.3726670022032,127.90919494628906,5209100,1
2016-10-26,127.3663290830626,134.50613988845095,125.79300432744546,133.9080810546875,13272000,1
2016-10-27,134.1749383337458,134.5429638135565,130.44862068375613,131.85633850097656,7857100,1
2016-10-28,132.23356835202878,132.49118898524728,130.8074451071805,131.58030700683594,4636100,1
2016-10-31,131.61710377812577,131.89312986658854,130.7890255127375,131.04664611816406,3075900,0
2016-11-01,131.52509502261424,132.39916596739351,130.47620708102497,131.02825927734375,3245000,1
2016-11-02,130.6510432566885,131.45150642351084,129.35373023239032,129.50094604492188,2782100,1
2016-11-03,129.51011784765677,129.63892815001216,128.2128191022453,128.8292694091797,2280800,1
2016-11-04,127.9920076107512,129.5929478404016,127.70678577404097,128.38763427734375,2951500,0
2016-11-07,130.19099138283272,131.6631212827287,130.18179566019418,131.5987091064453,3228200,1
2016-11-08,131.58012279132333,132.86885089680203,130.99601821896474,131.8397216796875,2823800,0
2016-11-09,131.28348992542178,135.22384873992038,131.2278494468436,134.5192108154297,5494400,1
2016-11-10,135.83572760270212,138.45954421761817,135.7244749601312,136.9297637939453,6508300,0
2016-11-11,136.40130135072135,137.77348345545647,135.88210342874908,137.69931030273438,3585200,1
2016-11-14,137.41191143894162,139.1549311813344,137.41191143894162,139.06222534179688,4490900,1
2016-11-15,137.62511172533155,138.5615210796775,136.4661829539273,137.31915283203125,3856600,0
2016-11-16,136.56818717108982,137.5973166210142,135.49269773481032,135.77084350585938,3559700,0
2016-11-17,136.1324137737741,136.40127902969687,134.4357403189951,134.74169921875,3656100,1
2016-11-18,134.60262335326044,135.91917895467,133.93509336193733,135.68739318847656,2214400,1
2016-11-21,136.48479905256866,137.67154158508842,135.8450677825052,136.3086395263672,2825900,1
2016-11-22,137.12449822898327,138.84898545633618,137.10596554755688,138.62648010253906,3770000,1
2016-11-23,138.70991117856744,139.82248032117934,138.17216636110345,138.8304443359375,2857500,1
2016-11-25,139.0714562696449,139.2105220670825,138.1721263873348,139.10853576660156,962300,0
2016-11-28,138.14431123894292,139.15489374465346,137.51386077019578,138.85821533203125,4728800,1
2016-11-29,138.91386829936644,141.02775367799103,138.24632405905524,140.5919952392578,3945600,1
2016-11-30,140.5456393822132,141.92708789318868,139.59068298339844,139.59068298339844,3991000,1
2016-12-01,139.7575728746058,141.56549930865106,139.43306709156164,141.287353515625,2843900,1
2016-12-02,141.34297280081918,141.38006644981817,140.10987069262023,141.1575469970703,2105600,1
2016-12-05,142.07541291957656,142.54825080490713,140.78668458387398,141.0740966796875,2855900,0
2016-12-06,139.850245715649,141.51910593302367,139.08999581761572,141.14825439453125,3476300,1
2016-12-07,140.619806257808,143.06746371923668,140.06352883075925,142.90985107421875,2955800,1
2016-12-08,143.33636487188133,144.60654671041502,142.9098727141887,144.0688018798828,2928400,1
2016-12-09,144.30984247580434,145.45023886925728,144.0966034876079,145.08865356445312,2707900,0
2016-12-12,144.6343644310606,146.48865115453572,143.0582235455237,145.70985412597656,4250600,0
2016-12-13,147.50849333813565,148.4078234016994,143.59594778143716,145.2462615966797,5650400,0
2016-12-14,144.84760278761252,144.977402291785,142.9469560752343,143.21583557128906,3640200,1
2016-12-15,142.7151504021125,143.92971991525002,141.90854032021616,142.5668182373047,2889300,1
2016-12-16,142.6688127771237,144.63435200811588,141.9827216554171,143.24363708496094,5888300,1
2016-12-19,143.85554784040875,145.65420798112373,143.7721083444992,144.8012237548828,3002800,1
2016-12-20,145.52443495190792,146.38667152723627,144.58801105950565,144.99595642089844,2270100,1
2016-12-21,145.27407855786828,146.95220558205432,145.2369849053863,146.0065155029297,2326000,0
2016-12-22,146.95219878792156,147.40650405378034,144.86612656538009,145.98797607421875,3958500,0
2016-12-23,146.73897689218228,146.73897689218228,145.10719559846686,146.31248474121094,2135800,0
2016-12-27,146.8687660845948,146.9336587558133,145.47805120526934,146.0065155029297,1858700,1
2016-12-28,145.6727266044791,145.88597971400478,144.64359714630956,144.72705078125,1810400,1
2016-12-29,144.6343359501338,145.3296933345094,143.85553907493278,144.346923828125,1804000,1
2016-12-30,145.08862902121717,145.36676063395353,143.67010120793765,144.33763122558594,2027700,1
2017-01-03,144.91250706526918,145.6913040766107,143.90192421861764,145.53369140625,3426100,0
2017-01-04,146.3124471550516,147.62898863067605,146.3124471550516,147.0634307861328,3189800,1
2017-01-05,146.8687810462661,148.0647897396079,145.93235721132584,147.1469268798828,2796000,1
2017-01-06,147.3972170863928,148.02768179796638,146.38663442720855,147.50848388671875,2426000,1
2017-01-09,147.41577470734393,147.63829417721058,146.64624412285687,146.7853240966797,2839400,1
2017-01-10,147.37869605048996,148.28729246694417,147.01711075180324,147.48068237304688,2988300,0
2017-01-11,147.91645112083884,148.0647974594469,146.74825553524252,147.78665161132812,2416500,1
2017-01-12,147.55480510624474,147.56408559052122,145.2554943913517,146.75746154785156,3020500,0
2017-01-13,147.17472395531277,147.95352088661215,146.80385816868218,147.25816345214844,2435400,1
2017-01-17,146.6740477157221,147.45284458880366,145.7747177026105,146.1826629638672,2758800,1
2017-01-18,146.07141984288853,147.4621346986182,145.32970242374944,146.7853240966797,2087000,1
2017-01-19,147.29526883173946,148.22241224055676,146.40521908164283,147.41580200195312,3144000,1
2017-01-20,148.1667645125742,148.62106981026926,146.70187644044037,147.90716552734375,3384500,1
2017-01-23,147.3601341171067,147.8793320161381,145.83033943558726,146.34027099609375,3931200,1
2017-01-24,147.02637099455285,149.20514903580087,146.3402799306124,148.85284423828125,3927500,1
2017-01-25,151.6713382603466,156.36268014240667,151.34684665947324,155.1666717529297,7480000,0
2017-01-26,155.06469347354724,157.61433716294786,155.06469347354724,156.79844665527344,5436800,1
2017-01-27,156.88189828365802,157.4289093456291,154.84217204057646,155.48190307617188,4883200,1
2017-01-30,153.8316328183797,153.89653964765083,151.8846401465319,153.50714111328125,5456300,1
2017-01-31,152.94154129327367,153.0713407692769,151.32830710830618,151.51373291015625,5350700,0
2017-02-01,152.2832806219429,153.72962184559515,151.2356042099277,152.023681640625,3138000,1
2017-02-02,151.32832670953607,152.02368416685334,149.10318850495423,150.43826293945312,3791700,0
2017-02-03,151.11509476840604,151.64355910414264,150.4846299545364,150.5680694580078,2981700,1
2017-02-06,150.58660254241013,152.12566370792615,150.54952303772387,152.03294372558594,3110500,0
2017-02-07,152.97862422358884,155.2223090145516,152.8580910834979,154.3693389892578,4243200,1
2017-02-08,154.29455601869395,154.5189896005715,153.06955303876185,153.1817626953125,3041600,1
2017-02-09,153.9859419353705,154.37868994275084,153.4155191527713,153.62124633789062,3451100,0
2017-02-10,154.5283205996228,155.6504598621737,153.79892936552594,155.44473266601562,2689700,0
2017-02-13,155.65048638009404,158.1005067875348,155.55698308240346,157.1279754638672,3765000,0
2017-02-14,156.81934630501053,157.8479822097451,156.37049348693265,157.56744384765625,2580300,1
2017-02-15,157.49262780066016,158.9233577074587,157.4271769371667,158.31553649902344,4033200,1
2017-02-16,158.72700032462558,159.72756958007812,157.80122798369584,159.72756958007812,3070100,1
2017-02-17,159.3535428891613,162.00927593598678,159.34418257238673,161.5043182373047,4982900,1
2017-02-21,162.63579417666972,164.7398106253247,162.41136061872095,164.1693878173828,4231700,1
2017-02-22,163.62699606121575,164.347041147131,162.71993016914368,163.9823455810547,2832100,1
2017-02-23,164.5527854805283,165.51595628804722,164.30029951805244,165.38504028320312,3502600,0
2017-02-24,165.2821951501405,167.19919093208685,164.67437383163906,165.92742919921875,4197200,0
2017-02-27,166.4510870027393,168.2091142854056,166.030286546656,167.78829956054688,2892600,0
2017-02-28,168.6392405428202,170.12607530123591,168.01271295786717,168.536376953125,4785100,0
2017-03-01,170.05128896907243,172.80988543135604,170.02323655820788,171.97763061523438,5461800,0
2017-03-02,172.0617739536256,173.66083258765056,171.09860320832183,171.1173095703125,4909000,0
2017-03-03,171.11730584446866,171.66902222660582,169.6772156467866,170.35984802246094,3917500,0
2017-03-06,169.6304552322494,170.47207027006107,168.72338933269043,169.19094848632812,4244000,1
2017-03-07,168.91978292915175,170.9770405033187,168.90107656636846,170.2102508544922,2452000,0
2017-03-08,170.56559260047237,170.83678493040125,169.7146456900247,169.94842529296875,2321700,0
2017-03-09,169.65852774112443,170.7432685305896,167.92856722896283,168.85433959960938,3100500,0
2017-03-10,170.09802782135307,170.16349295704427,166.37626065968365,167.10565185546875,4595600,0
2017-03-13,165.6655796702575,167.5638688865049,165.58142243850847,167.43295288085938,3499000,0
2017-03-14,166.95600749895948,168.03140205688354,166.17987190136742,167.13368225097656,2346700,0
2017-03-15,167.38618353459665,167.61061707385957,166.42301278201674,167.11500549316406,3569000,0
2017-03-16,168.1529858554388,168.3213003067343,166.11442046529507,166.6287384033203,3100700,0
2017-03-17,166.74097066090172,168.6766727260761,166.61005464698476,168.4148406982422,5037400,0
2017-03-20,168.41481001623936,168.4615545157988,167.51709017808827,167.75086975097656,2062200,0
2017-03-21,168.31198343313588,168.5551091056274,164.11329624431406,164.54345703125,3239600,0
2017-03-22,164.54344290630462,165.60947733075693,164.11328215629507,165.49725341796875,2505700,1
2017-03-23,165.8339206935315,166.3108402873745,165.1325817790817,165.7591094970703,2006400,1
2017-03-24,165.37570750589842,166.01158121794302,163.4306593715891,164.41253662109375,2386800,0
2017-03-27,163.05661212473208,164.99231431439867,162.47684320706637,164.67437744140625,2750700,0
2017-03-28,164.85200139329044,166.1518152797603,163.64570504578452,165.8525848388672,2412600,0
2017-03-29,165.8899692949824,166.4416998982765,165.48787530266782,166.1050567626953,1640600,1
2017-03-30,165.74972539665953,166.90927727244113,165.72167298802373,166.43235778808594,1737200,1
2017-03-31,166.4697810483538,166.61938914762248,165.33828150959286,165.38504028320312,2032700,1
2017-04-03,165.5907832957017,166.1986046043945,164.1132943748319,165.1886749267578,2934800,0
2017-04-04,165.40374382156153,167.18980908526532,165.29151991305866,167.10565185546875,2326500,0
2017-04-05,167.38621564715214,168.48964865547828,165.41311499251566,165.59078979492188,2567200,1
2017-04-06,166.03962852259676,166.65681011973004,165.6281741245079,165.86195373535156,2343600,0
2017-04-07,166.8157956146627,167.4703757382592,165.75910709950057,167.24595642089844,2806900,1
2017-04-10,167.38619990492046,168.29326592858877,165.9648158881245,166.0396270751953,2309300,1
2017-04-11,165.98350163260577,167.01213749107765,165.4785440185752,166.9840850830078,2266300,1
2017-04-12,166.68483613118244,166.68483613118244,164.5247151521214,164.62757873535156,2922700,1
2017-04-13,164.33770303010368,165.4037373722833,164.16937430829978,164.22547912597656,2024100,1
2017-04-17,164.43120817803788,167.46099678608988,164.25353340751997,167.40489196777344,2450200,1
2017-04-18,167.00278472980116,168.29325263447805,165.6281595971081,166.31080627441406,2960200,1
2017-04-19,166.89055362686264,168.227765862595,166.6006692551317,166.82508850097656,2124500,1
2017-04-20,167.14306876454648,168.15299835370448,166.7783731575262,167.66673278808594,2335200,0
2017-04-21,167.77896147006123,169.19098528439588,167.77896147006123,168.6766815185547,3146600,1
2017-04-24,169.9577657314044,170.62170606011506,169.8268497288272,170.24765014648438,3141900,1
2017-04-25,170.6871646009149,171.9215277682306,170.6871646009149,171.60357666015625,3735400,0
2017-04-26,170.4814421467824,171.1266761595684,168.42418441282678,169.92037963867188,4471600,0
2017-04-27,170.74325308604705,171.83733982396865,170.74325308604705,171.33238220214844,3129100,0
2017-04-28,171.51941602662785,172.9314396805446,171.14537437236928,172.8379364013672,2181600,0
2017-05-01,172.27685832284598,172.5199982381363,170.004527466636,170.55624389648438,3516700,1
2017-05-02,170.6964709911028,171.977592635683,170.68712494580345,171.5380859375,1979800,1
2017-05-03,171.54748361040342,171.8280220102978,170.42534427960152,171.4913787841797,2983200,1
2017-05-04,171.435233767194,172.2955408614135,170.35983919784033,171.19210815429688,2289300,1
2017-05-05,171.27628045801092,173.062359931512,171.27628045801092,173.00624084472656,2636900,1
2017-05-08,173.35226936907168,174.29673390245534,172.99691977865325,173.95074462890625,1963400,0
2017-05-09,174.0348919028022,175.0635278852316,173.97878707990148,174.78298950195312,3004000,1
2017-05-10,174.45317737978542,174.93373351275005,167.8949226005826,172.60630798339844,7060100,1
2017-05-11,172.3424725136918,173.6899362172583,171.65461426980517,173.32244873046875,2883800,1
2017-05-12,173.1057255036524,173.36012995839982,172.08806455064197,172.67227172851562,3479200,1
2017-05-15,172.71939884707712,173.48264101324557,171.75827215952785,171.86192321777344,3365000,1
2017-05-16,172.18228937937934,172.5780440335412,171.53211588396792,172.15402221679688,2156100,1
2017-05-17,172.15403668356453,172.15403668356453,168.3660784211165,168.46031188964844,2535700,0
2017-05-18,168.17763426790475,168.196483838155,165.34138501063882,167.15997314453125,3118100,1
2017-05-19,167.47087554933688,170.94787973825748,166.5662977438646,170.3259735107422,4038900,0
2017-05-22,173.1716747320414,174.62278943765222,171.98441082763804,173.06802368164062,2946800,1
2017-05-23,173.37897836385437,173.81243213608704,172.30478309476382,172.89842224121094,2123800,1
2017-05-24,172.8701843578851,174.69819007923024,172.8701843578851,174.55685424804688,2424700,1
2017-05-25,174.91490818356002,176.60157791936467,174.87720904668834,176.27178955078125,2363300,1
2017-05-26,175.95142202042587,176.7806305785501,175.51798254904958,175.8195037841797,1735800,1
2017-05-30,175.9796598948127,176.60156620988857,175.44256944307045,176.09274291992188,2231600,1
2017-05-31,176.55443725413204,177.393063210746,175.94196295406792,176.7994384765625,5186700,1
2017-06-01,176.59215622530917,177.06329477921392,173.8783935538552,176.50735473632812,2870200,1
2017-06-02,176.97852756490033,180.634553674203,176.8183277729008,179.24940490722656,3034300,1
2017-06-05,179.09863416600575,179.72995816415315,177.91135569300434,178.04327392578125,2522100,1
2017-06-06,177.53444416524027,177.9584660140244,175.91372629068044,175.9702606201172,2725000,1
2017-06-07,176.06447847690924,177.6569146675472,175.6310246929793,177.24232482910156,2383500,1
2017-06-08,177.24233555219064,180.04089980455214,176.8654160698813,178.96669006347656,2340300,1
2017-06-09,179.03267643642434,179.96553608446604,178.32596850312265,179.06094360351562,3344900,0
2017-06-12,179.31533982178783,179.53205953476655,177.19521628984396,179.03265380859375,2730100,0
2017-06-13,179.0797610682274,180.50259427610092,178.42016999100147,180.05972290039062,1882700,1
2017-06-14,180.02206862434062,182.21757630727603,179.8053488861309,181.2752990722656,2210000,0
2017-06-15,180.38010225296327,184.2622937659756,180.3235679262217,184.1680603027344,2894100,0
2017-06-16,184.6957349885853,186.52375492040912,184.50728243827527,185.10092163085932,6939100,1
2017-06-19,186.4578018214072,187.9560189972292,185.62859335166567,187.58853149414065,2726400,0
2017-06-20,187.277575338972,189.6238505155279,186.86297111069632,186.8818206787109,3077400,1
2017-06-21,188.0596616390729,188.1821622606224,186.1562579087229,187.6733245849609,3151100,1
2017-06-22,187.74871468191728,188.841759583234,187.68274838259288,187.92774963378903,3339300,1
2017-06-23,187.7581524437477,190.6697999616464,187.2116299343884,190.5567169189453,4310100,0
2017-06-26,191.0655458292256,192.59203024400227,188.39889971217164,188.43658447265625,3077600,0
2017-06-27,188.26697577166823,189.32232156932224,187.4095001220703,187.4095001220703,2296900,0
2017-06-28,187.9842671729794,189.3505659886103,187.7958146428935,188.0973358154297,2096800,1
2017-06-29,188.09734984224207,188.2292680609403,185.1103331647128,186.06204223632807,2428900,0
2017-06-30,187.04201977292144,187.9277626204384,185.99609153055704,186.33531188964844,2225600,1
2017-07-03,186.6368268111554,187.92774180062227,186.3352912462541,187.12680053710932,1511200,0
2017-07-05,187.7958543010712,190.4719181762312,187.38125002052337,190.1609649658203,2716700,0
2017-07-06,190.0007586352305,190.8016999415259,189.1903997337816,189.84999084472656,2737400,1
2017-07-07,190.5661428935004,191.5461048386664,189.64270090089164,190.68862915039065,3090400,1
2017-07-10,190.64152513743963,192.77106637897884,190.5190245036048,192.18685913085932,2701900,0
2017-07-11,192.2245369933713,194.7309976421441,192.2245369933713,194.363510131836,2815800,0
2017-07-12,195.0042530692208,196.568436586956,194.41062824252032,194.5236968994141,2817400,0
2017-07-13,194.86292582274783,195.05137838519937,193.4966267724629,194.3258209228516,1943600,1
2017-07-14,194.8628964282926,196.6814842297348,194.80636210588605,196.47418212890625,3229000,1
2017-07-17,196.68149424414707,197.61435374537368,196.52130886317013,196.9359130859375,2416000,1
2017-07-18,197.0395640700072,197.1149479630291,195.55076453334163,196.21978759765625,1942300,1
2017-07-19,197.3410993310707,198.75451507546632,196.92650945690843,198.70741271972656,2258400,0
2017-07-20,198.91471825567524,199.05605408133425,197.8028237077925,198.1420440673828,2235100,1
2017-07-21,197.86879361715128,199.9512181691844,197.3222711179637,199.89468383789065,2098400,1
2017-07-24,199.76275480337603,200.36581160124703,199.19738276499345,199.932357788086,2392700,1
2017-07-25,200.91232292437965,201.64729790669617,199.7156269903997,200.1961975097656,2889000,0
2017-07-26,210.5800899374487,220.4739998471254,210.1466505073759,219.9745941162109,14140000,1
2017-07-27,223.4421829602515,228.6718095883812,223.03699631321328,227.0887908935547,10860600,0
2017-07-28,226.91917886281368,228.0310589429929,224.78020581300217,227.3432006835937,4602400,0
2017-07-31,227.8897336808218,232.2618990663937,227.8614665166614,228.4645233154297,5777300,0
2017-08-01,229.3314095948638,229.90619921200187,225.35499900640204,225.61883544921875,5018400,0
2017-08-02,225.26077195594368,227.61646481815845,224.14889182642224,224.21484375,5119900,0
2017-08-03,223.3762007991569,225.7601606454661,222.4150741581052,224.4975128173828,5112700,0
2017-08-04,224.8084850187174,225.8920979940937,222.73547815651463,223.9887084960937,5590500,0
2017-08-07,223.88507144059983,227.493980511817,223.5175839028462,226.36325073242188,3674700,0
2017-08-08,226.0617216158549,226.63651127054985,225.1382796276509,225.6753845214844,4871500,0
2017-08-09,225.6090081411482,226.2630595256003,221.90274106885872,222.101791381836,5680400,1
2017-08-10,221.83638338141097,223.8554090715041,219.8268459202472,220.74630737304688,6817700,1
2017-08-11,220.6325531477776,223.13500124621828,218.90738771737256,222.64210510253903,3461700,1
2017-08-14,223.7132057886133,225.1066157850156,223.43832197348712,224.79380798339844,2953500,0
2017-08-15,224.8506868351085,227.15406994159252,223.7131986966466,226.70855712890625,2851100,1
2017-08-16,227.21097078357167,227.74179093603084,225.0402924178876,225.21090698242188,3012700,1
2017-08-17,225.0118534270736,225.22039197879812,222.99282765981508,223.3151092529297,2810900,1
2017-08-18,222.75584811832545,224.8980906422105,222.3482592537368,223.48573303222656,2939500,1
2017-08-21,223.48572762452824,224.59476561650257,222.1397153317792,223.40040588378903,2545400,0
2017-08-22,223.85539918786984,227.39105158289595,223.8080014366068,227.2583465576172,2915700,1
2017-08-23,226.88866314621336,226.88866314621336,224.83172805962292,225.6848297119141,2518300,0
2017-08-24,226.0924410760325,226.4526321717063,224.2724802127814,226.3009796142578,2553100,0
2017-08-25,226.5474484043152,226.6327556876409,223.324603459383,223.5994873046875,2270300,1
2017-08-28,223.9122771562951,225.1729821646541,222.3861620897304,224.8222503662109,2395000,1
2017-08-29,224.85069156481984,228.60435621666204,223.7795631462009,227.9597930908203,3535500,0
2017-08-30,228.43375032325088,228.86030116842232,226.54742969747608,227.93136596679688,2801100,1
2017-08-31,228.44324406714784,228.5380395804824,225.98819358768824,227.17306518554688,3075800,1
2017-09-01,227.1730465974928,229.89350693517443,226.70857176218172,227.80813598632807,3270700,1
2017-09-05,227.77970557428213,227.83657709345857,223.9217569341565,224.65164184570312,3866600,1
2017-09-06,225.15399867679665,225.46680645776945,222.13020459115475,222.39561462402344,4252700,0
2017-09-07,222.5188717665069,224.21560142145853,222.0828326824824,223.99758911132807,2994500,1
2017-09-08,223.46675521190727,226.91710029177176,222.9548971101541,226.33888244628903,3404200,1
2017-09-11,227.02137622622405,229.2489404005879,226.84127344653976,228.05458068847656,3628100,1
2017-09-12,228.0545787453008,229.11623342077183,226.50002795082983,228.04510498046875,2702700,1
2017-09-13,227.4953333698305,230.7940116538392,224.736948981418,229.32476806640625,4529100,1
2017-09-14,230.33901317701583,232.8130253785788,229.86506459023187,232.45281982421875,4995200,0
2017-09-15,234.4718469091856,236.92689713288704,233.3817709382216,236.02639770507807,9033300,1
2017-09-18,236.94588349440176,240.56684357147,235.9411146949604,239.8938446044922,5193000,1
2017-09-19,239.8938440256813,241.8749458585747,238.51939587006788,239.30615234375,4124700,0
2017-09-20,240.064455757789,243.3157508928969,239.1070847285664,242.1498413085937,3853200,1
2017-09-21,242.78492275812656,243.6001004927608,241.1640121266991,242.6996154785156,2809400,1
2017-09-22,242.95552208772125,245.78972537806968,242.7849075391943,243.08824157714844,3475600,1
2017-09-25,243.58115098590173,243.58115098590173,238.39615200974183,241.06922912597656,3479200,1
2017-09-26,241.3346530948617,243.1167046083472,240.3298698292432,240.4815368652344,2173600,1
2017-09-27,241.96974376341112,245.2873697940149,240.7374744013213,241.97921752929688,3840100,1
2017-09-28,240.87016829740577,242.47211694762336,238.0833480968809,241.02183532714844,2586100,0
2017-09-29,240.62370699524195,241.9602310380615,239.42934728137507,240.96495056152344,2531100,1
2017-10-02,241.38202837513072,242.6522216796875,240.3203880859625,242.6522216796875,2685100,1
2017-10-03,242.65222570117007,244.8039565392653,241.41995636581208,242.1498413085937,3163400,1
2017-10-04,242.77544770228647,243.73283321574905,240.8322698414776,242.4342041015625,3031000,1
2017-10-05,241.9792291620149,245.49592015539585,241.505280497178,245.40115356445312,3940200,0
2017-10-06,244.5574559116097,245.41055753044768,243.6664303084275,245.1072235107422,2736400,0
2017-10-09,245.5053884976409,245.5053884976409,243.7138488044715,244.9271850585937,2146100,1
2017-10-10,246.2068235616407,247.4580548798553,243.79918536367057,247.33482360839844,2740700,0
2017-10-11,247.7045247767835,248.0173181518593,245.5243436707687,247.8182678222656,2890300,0
2017-10-12,247.35380540252493,249.27803571305347,246.4532914205536,248.26377868652344,2577900,0
2017-10-13,249.20218568895424,250.0458281417309,247.1547241210937,247.1547241210937,2243900,0
2017-10-16,247.87511340555253,248.3490619971502,246.15942181817127,246.2162933349609,1818900,1
2017-10-17,243.1261615641044,245.55277626148748,242.90816370558832,245.1451873779297,2515900,1
2017-10-18,245.00300530063328,247.14526235937063,243.28731357877805,246.4912109375,2051700,0
2017-10-19,245.4864329242516,245.60017596246715,242.69012454883287,245.54330444335932,2589200,0
2017-10-20,246.79445247963508,251.03155328587889,245.92240342687435,250.9557342529297,3955900,0
2017-10-23,251.3159782271864,252.12169659730645,248.48177498046664,248.6523895263672,3302400,0
2017-10-24,249.52444998547435,253.28760303131523,249.52444998547435,252.14065551757807,4401600,0
2017-10-25,250.98422461321027,252.1406603780604,241.23984235419687,244.9556121826172,7895300,1
2017-10-26,246.1878568060196,247.81824111311343,243.903421130366,245.76129150390625,3419100,1
2017-10-27,244.8039650340457,245.97934842481527,242.47213132075973,243.0977325439453,2899200,1
2017-10-30,242.14032796723453,246.84190427086955,242.0265849358101,245.74234008789065,3025900,1
2017-10-31,245.82763940136172,246.3868952394398,244.0550763881683,244.5385131835937,2742800,1
2017-11-01,244.83238278756664,245.89402305308147,242.8891761162872,245.03143310546875,2929500,1
2017-11-02,244.8513354963129,249.52446198023176,244.55748966401964,248.94625854492188,2529900,1
2017-11-03,248.7471949139142,250.04580944408988,246.5290900189483,248.11209106445312,2610800,1
2017-11-06,248.9367709382572,251.98900123755865,248.85146365713885,250.3112335205078,2911600,0
2017-11-07,250.3112195877292,253.3539614883657,250.3112195877292,252.26388549804688,3205400,1
2017-11-08,252.2734169576344,253.67628653504585,251.4676984171436,251.7331085205078,2841800,1
2017-11-09,252.55268408504395,254.2108825974768,247.3588606049448,250.3512725830078,3215900,1
2017-11-10,249.78897770475425,250.16065892930743,247.39698508536267,248.58822631835932,1740600,1
2017-11-13,249.36966694035897,250.98019819788863,248.2451132062293,250.0844116210937,2604100,0
2017-11-14,249.6841533377667,250.06534470182768,247.9687776579739,249.4554443359375,2358200,1
2017-11-15,249.1314248214794,252.32392787393792,247.92110518595203,250.5037078857422,2510500,1
2017-11-16,251.36140698149487,252.5812366834447,250.96113718229284,251.30422973632807,2710200,0
2017-11-17,250.4655889549853,251.3423260944701,249.71271645681497,249.93191528320312,1724800,1
2017-11-20,250.63713812631784,253.1339749250889,250.4084291319376,252.19052124023435,2447400,1
2017-11-21,253.7248000600025,254.4490839125413,252.26672220315083,254.4395446777344,2267100,1
2017-11-22,254.44907765322523,254.90652466721247,252.09518427341155,252.68603515625,1471400,1
2017-11-24,252.79089346924732,254.03931177991564,252.09519821673152,253.3817443847656,788900,1
2017-11-27,252.90527457207384,254.2966361404877,252.27629573300092,253.09585571289065,1772200,1
2017-11-28,254.4491395885166,255.4116718575776,252.76235239147564,255.39259338378903,2262100,1
2017-11-29,256.8125215080088,257.0031026265708,253.63903905794712,256.6409606933594,3029100,1
2017-11-30,257.222315709278,264.0171597020609,256.7648686499101,263.7884216308594,4820300,1
2017-12-01,264.46511259155875,265.6277652845826,257.87992707680473,258.6232604980469,4592500,1
2017-12-04,263.1784972102945,268.58195014234457,263.02601487113,264.9034118652344,5523000,1
2017-12-05,265.8945635936686,266.3043435688436,261.93961971403087,262.5876770019531,2806100,1
2017-12-06,263.5787706830648,266.0184593300783,261.12006173045984,265.1893310546875,2538100,1
2017-12-07,269.51593417294094,271.4028706860052,264.741430181376,268.7154235839844,4264400,1
2017-12-08,271.61254471107327,273.813956218276,270.2306932254439,272.460693359375,4440500,1
2017-12-11,272.7560733236809,273.02291015627424,266.7426908138177,269.8494567871094,4065200,1
2017-12-12,277.644975390659,279.03633701869177,274.19514540555747,276.310791015625,5517600,0
2017-12-13,276.8444225162091,281.9429400727873,276.0820398705484,278.1214294433594,5003300,1
2017-12-14,279.5604362330402,282.8673223240759,278.84569165212207,280.0655212402344,3913400,0
2017-12-15,281.9620110579615,283.39150044034864,279.2459754148188,280.12274169921875,6933500,1
2017-12-18,282.0858968688517,283.1723227288116,280.6754569146148,282.2193298339844,2901600,1
2017-12-19,282.56235503508725,283.5915744255279,280.3514048386964,283.277099609375,2728400,1
2017-12-20,284.6589876890541,285.25934877961,283.1437034018796,283.8965759277344,2533700,1
2017-12-21,284.0394963317373,284.3635394812834,280.30378079061404,281.1614685058594,5398300,0
2017-12-22,282.4003731024202,282.58144407996167,279.23645877929766,281.22821044921875,2257400,1
2017-12-26,281.6474824271042,283.45816281588253,280.7993049289379,281.4759216308594,1394700,1
2017-12-27,282.4766274128884,282.8482795186496,280.94229372921654,281.7237548828125,1447800,0
2017-12-28,281.90483977951993,283.02936447088445,280.885130351893,282.4194641113281,1436800,1
2017-12-29,282.9817548785619,283.3248184121989,280.97092444628004,281.04718017578125,1824600,1
2018-01-02,281.8475939751532,283.02929562895287,281.51404071005595,282.8863525390625,2978900,1
2018-01-03,282.02874705190794,284.468406773304,281.58083918445425,283.8013000488281,3211200,0
2018-01-04,283.9347168247189,284.39216390251653,281.5808231165554,282.72442626953125,4171700,1
2018-01-05,282.8197245882366,294.37002427797,282.7720865710396,294.3223571777344,6177700,1
2018-01-08,294.1507896430618,296.2473565564132,291.3775768363558,295.5707397460937,4124900,1
2018-01-09,295.99005660694297,304.87195727341367,295.8947515018538,303.4615173339844,5641300,0
2018-01-10,302.5657267658409,307.00667746704806,300.6692800744787,305.2055358886719,4479300,0
2018-01-11,306.9875964459802,312.9628512433409,306.09178082568235,312.6960144042969,4635300,0
2018-01-12,314.8497654641245,321.0442186552089,314.8497654641245,320.4057006835937,6559300,1
2018-01-16,323.9222671802264,331.3842175578264,315.7551113930524,319.40509033203125,12305500,1
2018-01-17,321.8542959937748,335.67269276070783,320.59633841161536,334.5100402832031,9699900,1
2018-01-18,334.2146279614283,334.3384926110129,323.2075423091806,324.1700744628906,9458600,1
2018-01-19,325.6091035104472,327.8295642157214,319.9673726320595,321.85430908203125,7264400,0
2018-01-22,319.5290001467416,325.33272346432085,316.4317731969031,322.1116027832031,6792900,0
2018-01-23,322.43561081782315,323.007412368262,319.07154708043373,319.8148803710937,4537800,1
2018-01-24,320.3962430237291,323.0550724277245,318.4330798635652,318.95721435546875,4205400,1
2018-01-25,320.40579880484114,327.4674810952146,319.53857160254535,326.9814453125,4747500,1
2018-01-26,328.144050894348,329.7165125341111,325.2088453939948,327.08624267578125,5236300,1
2018-01-29,325.18980287479354,328.2870300392162,324.1129161612621,324.799072265625,3324900,1
2018-01-30,323.22662621911985,323.99854816901166,318.45212231324064,321.8352355957031,4983100,1
2018-01-31,343.55394843401604,344.00185627074654,335.0913666320644,337.71209716796875,11409600,0
2018-02-01,336.35888324205246,344.4593235556241,335.49165614204674,340.16131591796875,6067600,0
2018-02-02,337.35951991252057,338.5031231386596,332.30866867698904,332.5087890625,5486100,0
2018-02-05,326.5620674178765,333.5474920987237,302.47040972332434,313.4202880859375,10511300,1
2018-02-06,304.9577121493547,325.60908001550365,302.7181731341511,324.8847961425781,11935100,1
2018-02-07,324.51307819799905,336.96870032208625,323.8936387319958,331.7558288574219,7946700,1
2018-02-08,333.27857708808097,334.2362741486789,315.4654059156404,315.71441650390625,8295900,1
2018-02-09,319.43987882365934,323.51967811348425,305.7448210064153,318.7503356933594,8833000,0
2018-02-12,322.3321545501026,333.03920226266814,320.95306823998834,329.2562866210937,6885000,1
2018-02-13,326.04802037777984,333.1637034927704,325.8947853200227,328.64337158203125,4030200,0
2018-02-14,326.90034495513737,332.7327171499893,326.737552804898,330.2618713378906,4340200,1
2018-02-15,333.72877582740216,341.46695707117647,333.32653010588285,341.3807678222656,5827500,0
2018-02-16,341.5052625687953,344.2921651036694,338.5555678665545,340.0208435058594,5211600,0
2018-02-20,337.1093857593678,342.65446025970897,336.5347616428677,338.4022827148437,4303400,0
2018-02-21,337.6457099165372,345.54671152222414,336.86997755156125,337.4637451171875,5258600,0
2018-02-22,339.6472619175236,342.9225987748257,337.7223106702117,340.8635559082031,3414300,1
2018-02-23,343.0279547569299,343.59299256261187,338.13413639792674,341.572265625,3355400,0
2018-02-26,344.2921147057225,348.64962491191574,343.0566772372397,348.103759765625,4148100,1
2018-02-27,349.1764056081692,354.24263198894414,347.9313817099176,349.2147216796875,4774100,0
2018-02-28,351.28330816629443,355.88027209078456,346.8874816894531,346.8874816894531,5472900,0
2018-03-01,347.0023706374,347.39502994795805,331.7462631453693,334.8970947265625,8978000,0
2018-03-02,327.3600349155607,331.449391075684,321.1158310197493,330.0894775390625,10021300,0
2018-03-05,323.7016636167833,339.76223563619385,322.370450438822,337.82769775390625,8140200,1
2018-03-06,339.2546250518674,340.18359244544644,331.3823534028916,334.1596984863281,4888300,0
2018-03-07,327.07271551396184,333.6712628127708,325.13817781993663,332.3592224121094,4575700,1
2018-03-08,334.7247247412964,337.5882297346197,329.3999311721206,333.97772216796875,4319900,0
2018-03-09,337.73193792183093,339.87719969025824,335.4143268850229,339.5228271484375,3538300,0
2018-03-12,340.17410944087555,340.20283919222953,328.73920077634585,329.6298522949219,6088800,0
2018-03-13,330.71200327229286,333.16370575989254,323.3281368360323,324.34332275390625,5443800,0
2018-03-14,325.415914950798,326.1150151484516,308.6657723263046,316.2890625,13057900,0
2018-03-15,318.2427703678216,318.83656718682664,309.2500087870528,316.0209350585937,8766000,0
2018-03-16,315.86764558992365,316.8348997288202,311.85489264349,316.4901428222656,9329000,0
2018-03-19,313.59794406867,319.2291787712912,312.9562741172178,317.7256164550781,6328900,1
2018-03-20,317.8022454095122,325.3297608378327,316.9977832432169,323.3473205566406,6500500,1
2018-03-21,322.8109919336668,327.4462427267964,320.9913731569594,322.8397216796875,4056300,0
2018-03-22,316.1454205886951,318.60670949992226,305.5150046489797,306.089599609375,7282200,1
2018-03-23,306.6067279676248,317.13183921951554,304.8541550928976,307.4207763671875,7237500,1
2018-03-26,316.49981268841105,317.8980425561716,309.9012642946896,315.0536804199219,5392900,1
2018-03-27,317.4861930300924,320.7136277643928,305.5053922751904,307.53570556640625,5355500,1
2018-03-28,308.23484096294567,309.56602483553087,298.0066421701015,306.48223876953125,5634700,0
2018-03-29,309.7001281836515,316.49978421421014,308.37850135871537,314.009765625,3652100,0
2018-04-02,311.4431191607066,315.98259421596964,303.752812356263,308.79986572265625,5024900,1
2018-04-03,311.02179593979696,317.09359353792354,309.4224285302678,316.825439453125,4783100,1
2018-04-04,299.08879991327325,313.9426916480342,298.68658348838505,313.5883483886719,8235700,1
2018-04-05,316.60512347777734,324.6210446095137,316.2890962518616,322.1693420410156,6220000,0
2018-04-06,316.6242390607029,320.4358842191495,308.57958888850465,312.3241882324219,5713600,1
2018-04-09,318.1948552454451,320.713603245389,308.4263333260529,308.8381652832031,4931700,0
2018-04-10,317.33297341217747,322.44707295857546,315.60910091433374,320.6657409667969,5552000,1
2018-04-11,317.5723744591971,323.28982749986784,312.5061484531702,313.51171875,4573500,1
2018-04-12,317.9363395087982,324.03686623699,316.4806210023987,323.20367431640625,4325000,1
2018-04-13,324.6498191316163,325.3010755494733,312.78396402378246,315.3505859375,4733500,1
2018-04-16,318.281062839223,319.12384099560387,313.7703175097268,317.73516845703125,3901400,1
2018-04-17,320.57002183878365,325.36806534921107,319.53569240696106,322.475830078125,3381800,1
2018-04-18,324.0176732250328,327.915507752096,322.9163273161556,326.5747375488281,3117500,0
2018-04-19,325.7990050483725,327.9250939508111,323.22279730358787,326.22998046875,3006800,0
2018-04-20,326.316176642731,326.9578173981939,320.87643434843267,324.34332275390625,3038000,0
2018-04-23,325.1860297370377,326.8237127764794,321.7862168154884,324.5060729980469,2765600,1
2018-04-24,328.6529221171584,332.9625590075001,309.60431303308224,315.1398010253906,7051800,1
2018-04-25,323.8165731999143,330.31934538365545,316.53806862083457,328.3560485839844,11023600,0
2018-04-26,329.4574237376603,331.0280319507518,324.01768141932115,328.2890319824219,5273600,0
2018-04-27,326.8141516179652,328.4135187141575,323.48135502274755,326.4598083496094,3390400,1
2018-04-30,326.73755348835647,328.0878807668293,319.29622783757463,319.449462890625,3721600,1
2018-05-01,318.4343547038177,319.78471141441565,310.4663060920324,315.5995788574219,4313100,1
2018-05-02,315.56116840367434,316.71997361558005,310.2746913695932,310.4757995605469,3436100,0
2018-05-03,309.30744367625056,318.55880147213594,305.62989019911674,316.70086669921875,6383200,1
2018-05-04,314.16301409606365,321.680943354425,314.16301409606365,320.2826843261719,3655100,1
2018-05-07,321.0488313855483,328.4709844198703,321.0296587372111,326.0288391113281,4192200,0
2018-05-08,325.39677000240624,327.4749858045035,322.3704433164293,324.0559997558594,4014100,0
2018-05-09,325.12859421360736,332.25386330637275,324.25708630497473,329.9266662597656,4347000,1
2018-05-10,331.0816159574138,335.48976591022165,329.5609190697506,331.1586303710937,3920400,1
2018-05-11,330.8698786676051,332.4579852363194,328.2519466123611,329.6090393066406,2332200,1
2018-05-14,331.09126216343674,334.6909077656988,330.98540405626136,331.6591186523437,2520300,1
2018-05-15,330.1287510521304,330.9468602455423,327.49158034084974,329.2817687988281,3009100,1
2018-05-16,329.1662743037733,330.6677321525607,327.530055928161,328.1749267578125,2230100,1
2018-05-17,327.69371858181506,331.8323474909181,327.4819730011581,331.2260131835937,2483300,1
2018-05-18,332.6312507193216,338.839194696721,332.23663258124753,338.04998779296875,4327700,1
2018-05-21,345.0086611122645,351.3032536624321,344.99905633881804,350.2637939453125,6785400,0
2018-05-22,350.3407871974363,351.15889655850305,341.21651656119855,341.69775390625,5389400,1
2018-05-23,339.06055721498313,346.1058784673041,338.4253204424892,345.7304992675781,4497500,1
2018-05-24,344.9990015958688,347.12606204941113,341.07208912675384,345.5283508300781,3932100,0
2018-05-25,344.68137759442493,347.0683250278883,343.6515227871636,346.57745361328125,2463700,0
2018-05-29,344.28677503106223,347.424451572361,337.5013409665111,339.2530517578125,4249600,0
2018-05-30,342.3040855887956,345.4513963288819,340.8122617078696,344.748779296875,2825200,0
2018-05-31,343.43980842144845,343.43980842144845,338.42532383623256,338.945068359375,4406300,0
2018-06-01,342.43885949393854,344.7102855396462,341.1587517775465,343.3339538574219,2657800,0
2018-06-04,345.4995470777802,349.7536982106517,345.38405481241307,347.1935119628906,2950300,0
2018-06-05,346.9720811199756,349.7343784254256,345.3840039602018,346.58709716796875,2567800,0
2018-06-06,348.85854056287025,357.6555726385396,347.4437017045967,357.6170654296875,4488400,0
2018-06-07,358.0405632962131,360.4275109589167,352.3138274837808,354.7007751464844,4517800,0
2018-06-08,354.32538711853294,357.4823023979886,351.74593305842336,355.63433837890625,3292900,0
2018-06-11,357.0781013548212,359.3206544044353,354.9606453390688,357.0203552246094,2468500,0
2018-06-12,357.3090708773314,358.74317804378245,354.18102834177864,356.7123413085937,2440400,0
2018-06-13,356.76043318826146,357.0780368470498,349.657366731452,350.19635009765625,3867600,1
2018-06-14,352.4100799312606,353.8441871033162,345.3647585896614,348.820068359375,4039500,0
2018-06-15,344.7102664992513,348.0885616893757,340.20589249401434,344.4504089355469,9946000,0
2018-06-18,339.9364291924257,344.22905797293464,339.1471929179568,341.4282531738281,3363200,0
2018-06-19,334.14232498112403,334.14232498112403,325.8650374184448,328.3193359375,6857300,0
2018-06-20,333.0162331179972,333.9594688610066,327.6841152651897,329.8304443359375,4540000,1
2018-06-21,328.348223936999,328.348223936999,323.58399199992976,324.9891967773437,4048300,1
2018-06-22,327.6552115176601,328.14608294857743,323.9689468305159,326.1922607421875,3192000,0
2018-06-25,320.0420506228941,321.3221583182531,315.3066919328298,318.7716064453125,5006200,1
2018-06-26,319.91695154775226,321.8515055516971,318.07862150744296,318.8678283691406,3112400,1
2018-06-27,322.2846361123258,328.60810148830245,317.3856437645012,317.4433898925781,4578900,1
2018-06-28,317.6166313645202,324.8736983781498,315.0083333130397,322.0921325683594,3348000,0
2018-06-29,324.53684178081915,327.2413932991765,322.77549665657864,322.9198913574219,3108500,1
2018-07-02,318.2807220972024,323.7090634698895,316.9621366185097,323.46844482421875,2820700,1
2018-07-03,325.4896679039913,326.94301401490765,319.54158165627047,320.4366760253906,1464400,0
2018-07-05,323.5358273164246,324.62342830190886,316.75039321086507,320.6772766113281,2427900,1
2018-07-06,320.350017245942,323.4876935953304,318.0497184057717,322.0824890136719,2105100,1
2018-07-09,324.83517433674564,330.1672917930916,323.88233389119046,329.0893249511719,3128700,1
2018-07-10,329.9170167893878,334.94113498912026,329.9170167893878,334.1326599121094,3278300,0
2018-07-11,328.9064486306814,331.4666345368704,326.46175497445097,327.81884765625,3056900,1
2018-07-12,332.323218534999,333.59369201746256,329.87852490160265,333.0450744628906,2030700,1
2018-07-13,333.97870816317135,338.0595913363732,333.2087401814941,337.6264953613281,2272300,0
2018-07-16,340.6871678590595,342.96822817922765,339.1279635578001,342.7372436523437,2889000,0
2018-07-17,344.19050264778133,345.528356343514,341.7169654281727,343.4879150390625,2730500,0
2018-07-18,345.5283649625377,348.28102808883915,340.9662449747328,346.71221923828125,3090100,0
2018-07-19,344.2675184062396,345.9037368629487,341.9287123380616,341.9960632324219,2711700,0
2018-07-20,339.7920257784558,343.593782654621,339.75351857191146,341.58221435546875,1816700,0
2018-07-23,341.67845821047445,341.67845821047445,339.16641378547786,340.01336669921875,1943700,0
2018-07-24,343.3628242828173,345.9807564515442,341.33201691208745,344.8257751464844,3182000,0
2018-07-25,338.3290833414828,342.9297110608641,332.53499643781544,342.5639953613281,7378100,1
2018-07-26,342.04421264308775,346.6833470555316,341.93832516821175,345.8363647460937,3191200,0
2018-07-27,347.5110731847908,350.8604953327192,345.9807421110733,347.116455078125,2914700,0
2018-07-30,348.4061620790947,348.8489215318117,337.3184655468009,337.8863220214844,3080400,0
2018-07-31,341.08175272047987,345.54761958131496,340.77375379976195,342.9296875,2728400,1
2018-08-01,340.80263079642725,344.4792908524009,337.34735047459867,339.5225524902344,2717800,1
2018-08-02,335.5379305170792,337.5687674398198,333.04512452937183,336.6062927246094,2655900,1
2018-08-03,336.38481405420123,337.8188915590161,332.6985499027229,335.3645935058594,2285200,1
2018-08-06,334.3348178322987,334.3348178322987,330.2443005286729,333.5648498535156,3251100,1
2018-08-07,334.98929822022126,338.906577189075,332.53499955279864,337.5976257324219,2267400,1
2018-08-08,337.3473326076436,338.4252994131123,333.2568157357963,334.7294006347656,2333600,0
2018-08-09,334.729387424305,335.4741441076785,331.8760463139652,332.4563903808594,2301800,1
2018-08-10,329.8255207548931,329.8255207548931,325.4246348509508,328.2876281738281,2745700,1
2018-08-13,328.4714499777597,330.9378756925069,326.2854998265913,327.2720642089844,1877200,1
2018-08-14,328.00715627689493,329.0034023709924,326.5563107310718,328.0265197753906,2017300,1
2018-08-15,325.5407735182211,326.0921019824312,317.2806168581893,320.8883972167969,3798600,1
2018-08-16,327.9491175445912,336.3253358521811,327.2140130387318,334.6423645019531,5867900,1
2018-08-17,334.66169775175126,337.0797736025588,330.47360336586485,335.048583984375,3069200,1
2018-08-20,337.17648044707266,341.0550537857109,335.7256350316528,339.246337890625,3018200,0
2018-08-21,339.4978758809161,342.8348326218003,338.1727749343281,342.1770935058594,2967200,0
2018-08-22,342.7090886213208,344.2082839614711,338.37588572450244,338.5596618652344,2682900,0
2018-08-23,337.70848944504024,338.8014645236916,334.1394068950767,336.0932312011719,1833400,1
2018-08-24,337.34094333230945,339.1400072646261,336.6929154800054,337.93096923828125,1954100,1
2018-08-27,340.5714506417319,343.36676040896697,339.50752091364086,342.1480407714844,2279500,0
2018-08-28,343.3667694925702,344.02447903725084,339.1206141464884,339.7009582519531,2475100,1
2018-08-29,340.71662121625025,340.8036684180837,337.7665505167444,338.7144470214844,1850100,0
2018-08-30,338.8691524951212,339.449496597442,334.41988706736447,335.5321960449219,3257700,1
2018-08-31,333.7428359034311,334.5166379297532,330.38654525292776,331.5569152832031,3462700,0
2018-09-04,330.4058882647419,334.97121662561,328.1619068038431,334.90350341796875,2699400,1
2018-09-05,334.4392442854369,335.87075590162334,331.91478711359684,335.3194274902344,2959000,0
2018-09-06,336.1608743209008,341.7708276940314,335.2226597621417,339.75897216796875,3585900,1
2018-09-07,337.3893412797359,338.54034790606784,333.17220106079407,337.8342590332031,3921900,1
2018-09-10,338.037352021041,339.2560718029921,330.48328475797763,330.6573791503906,3065500,1
2018-09-11,327.90077134114426,335.26138015737746,326.2564679344092,333.936279296875,2731800,1
2018-09-12,333.69447700145906,343.40547816229355,333.31724298947864,341.8288879394531,4003800,0
2018-09-13,344.68220799142125,348.60919053527084,342.68971574723014,343.81170654296875,3166500,1
2018-09-14,344.7595807132935,350.3888683103717,344.4307259436482,348.00946044921875,2835800,1
2018-09-17,347.50649975460493,349.46029432727494,342.9218375946874,344.2952880859375,2554500,0
2018-09-18,345.59141311246594,353.8225533335155,344.4307543329098,351.6656188964844,3003500,1
2018-09-19,351.6655896659353,359.0649252891445,351.28838518713,353.2518615722656,4753400,0
2018-09-20,356.6565107016322,359.5485495272536,353.6871359530582,355.41845703125,4011100,1
2018-09-21,357.2948870939472,360.361020305812,354.0546595024571,360.0321655273437,7144000,0
2018-09-24,358.8424641425289,359.70331333273987,355.2927157278541,355.9310913085937,2800200,1
2018-09-25,356.9853976209154,358.3201803502227,354.8575083645458,355.196044921875,2969200,1
2018-09-26,355.45717552678,356.4824373995501,352.38138990846966,353.068115234375,2368600,0
2018-09-27,356.32765161517017,356.8789799935832,352.4587302523181,355.35076904296875,2355900,1
2018-09-28,356.55014937563504,361.9569638044219,354.21912055448934,359.7129821777344,3600500,0
2018-10-01,362.8661548380488,370.6523476315606,362.71139443432,369.7625122070313,4755700,1
2018-10-02,368.3697001400696,375.88506964824273,367.3250747884717,373.7088012695313,4622600,0
2018-10-03,376.15588069089904,381.3595847448372,374.01830986253447,379.4444580078125,4794300,0
2018-10-04,377.9355973611434,378.2741339049276,372.6642093873266,377.2101745605469,3822300,0
2018-10-05,376.25260305930686,379.5315280872858,370.4782367365388,373.8055114746094,2899700,0
2018-10-08,371.2617009600484,374.0570108923512,364.9843853165085,373.1284484863281,3324000,1
2018-10-09,371.774352020112,374.14407835744674,368.65021665298735,372.8092956542969,2862700,0
2018-10-10,370.4105512971042,371.2230213032356,355.06060934075407,355.4281616210937,6033100,0
2018-10-11,351.5301707496518,357.7301203058664,343.46347386153803,346.37481689453125,6266800,0
2018-10-12,354.0160091622216,355.08962074087844,340.7165911241805,348.309326171875,5509700,0
2018-10-15,347.6806400822545,350.6693785514811,343.85041586662334,347.1196594238281,2979800,0
2018-10-16,348.63820152913866,356.4921074750639,346.8004401970632,356.1825866699219,2822500,0
2018-10-17,355.94078103625174,356.4243962278771,350.8144718120346,353.522705078125,2238200,1
2018-10-18,352.865000722946,355.70866045318195,345.0691260799948,347.5742492675781,3254900,0
2018-10-19,348.0094846024231,348.0771978143362,342.6026702319954,344.58551025390625,3491600,1
2018-10-22,346.12338275940635,347.0035659101134,340.9099970631092,344.3146667480469,2263500,0
2018-10-23,338.046984125628,341.9739367157282,331.5955451461629,338.5789489746094,4389600,0
2018-10-24,349.7408095747505,352.6521822977776,340.16523526349096,343.0282287597656,8442600,0
2018-10-25,345.5914138161942,352.4491034011039,343.3377799477581,351.8493957519531,4003500,1
2018-10-26,348.88004923982584,351.3948248975644,342.51565609146644,347.49688720703125,4073000,0
2018-10-29,348.7348961050885,349.856886869985,317.8609194008058,324.59283447265625,7462000,1
2018-10-30,319.52457865436423,339.5462308574007,318.9635684747955,338.443603515625,5774000,0
2018-10-31,340.9583860120365,351.5011911055921,340.9583860120365,343.2313537597656,4175600,1
2018-11-01,345.75580681465584,352.6231476553615,341.6257441759162,351.1723022460937,3760700,1
2018-11-02,354.9445377485651,359.3647877194253,345.0691237218475,346.02667236328125,4029800,0
2018-11-05,347.97078950027515,351.38511135046406,344.79827523017764,350.1180419921875,2253900,0
2018-11-06,350.53395412905894,356.3663519495977,350.24376731400304,354.4609069824219,2471900,0
2018-11-07,355.59262635488955,360.6318888697966,347.7193561120594,359.8290710449219,4015300,0
2018-11-08,358.876785653581,363.1231258102083,355.2037727355707,360.2760314941406,2751800,0
2018-11-09,357.4192334183214,360.49952542992446,355.75764013518153,358.8865051269531,2590300,0
2018-11-12,359.7318841825314,359.9942613116869,345.9143537261117,346.9249267578125,3088700,1
2018-11-13,339.6566138562857,345.32162296117355,332.3591908535609,339.6177673339844,4960000,0
2018-11-14,342.124687282416,345.7782763608423,334.1567921408187,334.9632873535156,3445800,0
2018-11-15,331.46522089890743,338.13107663290964,326.98571270598705,331.9024963378906,4863000,0
2018-11-16,329.4052222800568,330.5615438692168,321.78712276277747,326.4415588378906,4425200,0
2018-11-19,326.05282888147843,326.5289804481521,308.22221744544856,311.8563537597656,6782800,1
2018-11-20,293.5496226599704,313.0612822502257,288.2149868189535,308.7080993652344,6875900,1
2018-11-21,315.86948689378346,317.63798219230705,306.63836726453377,308.3388366699219,4401000,1
2018-11-23,306.0844869437494,308.02788051164623,303.0430712653777,303.4803466796875,1599400,1
2018-11-26,306.62866022920787,309.5729005428725,301.86735152330533,307.406005859375,3362300,1
2018-11-27,306.356611478771,309.5437762706084,302.1588735615694,309.0287780761719,2946400,1
2018-11-28,316.50105285026257,324.5564268609841,312.6239924753724,324.06085205078125,6117600,0
2018-11-29,326.46099273573475,333.5155213744393,324.60504818891343,332.8644714355469,5331900,1
2018-11-30,332.2620316239802,337.7423865759208,327.9476951290863,336.94561767578125,5374000,1
2018-12-03,353.99885967706285,358.55612005220104,346.2835846944189,349.77197265625,6573400,0
2018-12-04,346.8957240640682,348.178370832989,332.06762284033925,332.8061218261719,5199100,0
2018-12-06,320.6502200895802,324.1872107035131,308.3193852273343,322.50616455078125,9297400,1
2018-12-07,322.94343483681024,328.05453979946674,312.2936462967656,314.07183837890625,4526300,0
2018-12-10,312.1770144737787,317.93919892787784,306.5800611741361,317.1132507324219,4400500,0
2018-12-11,323.8179984863933,325.02289317758004,309.7283931509013,312.9155578613281,3566400,1
2018-12-12,318.114137788138,322.50619712728667,315.4711210180198,317.44366455078125,3424800,1
2018-12-13,319.1052433983236,319.4356167727863,314.994984652472,316.2581787109375,2247700,1
2018-12-14,313.3236531519364,314.74232221367606,306.6286477923685,309.7283630371094,3298400,0
2018-12-17,307.94044798100185,317.9586399919472,305.5403556089481,307.1825256347656,4968400,1
2018-12-18,316.248454041122,322.69080901415697,314.05243928623776,318.7748718261719,5881100,0
2018-12-19,320.0089004949749,324.0414660186735,307.1533705523784,310.5057067871094,4871500,0
2018-12-20,308.027911813798,312.7114979053006,299.2826398695577,304.189697265625,5368600,1
2018-12-21,300.3417793886512,306.0553616793808,295.4055723794899,295.9302673339844,7641700,1
2018-12-24,292.1406224983244,294.424115795824,285.8343200683594,285.8343200683594,3435300,1
2018-12-26,290.1583962234626,305.2002748666915,284.19219269496983,305.0447998046875,4843400,1
2018-12-27,300.29322007931376,308.1639709472656,293.6856633274002,308.1639709472656,4341100,1
2018-12-28,310.69033264756314,312.42967826353095,306.2302477891599,307.4254455566406,3725200,0
2018-12-31,311.4287989416788,314.4799408780974,309.7283296806868,313.3721923828125,3557700,1
2019-01-02,307.2407868562464,314.7811628579974,304.830968326349,314.6451110839844,3292200,1
2019-01-03,310.44739673743936,310.6903209339922,300.6429797230267,302.1005249023437,5705600,1
2019-01-04,307.7266566433448,319.1440938459237,307.133906185601,317.82257080078125,4448800,0
2019-01-07,321.1652181576358,321.3304196626068,314.19816865361446,318.82342529296875,4030300,1
2019-01-08,324.65363024053977,331.5915601953921,323.2349610992613,330.8919372558594,4736500,1
2019-01-09,333.2531087974314,337.3731231785814,331.2222661500944,334.0984802246094,4213900,1
2019-01-10,336.7026779447765,343.46567957633874,333.2920125833411,342.6300048828125,5358100,1
2019-01-11,338.69464352995385,344.3304732630758,338.2379448352681,342.91180419921875,3158900,1
2019-01-14,338.3448559619621,342.8243642189399,337.18853433497554,340.4436950683594,2476400,0
2019-01-15,342.03727954809307,343.3199264633185,338.13106901954325,342.2704772949219,2940900,1
2019-01-16,342.5231300290162,344.9523720859596,341.60973264329886,342.0955810546875,2731100,0
2019-01-17,340.8226871667332,353.5324695520913,340.80326390414314,348.9266357421875,4270400,1
2019-01-18,353.58103421604324,356.92367356037835,351.0934927952124,354.406982421875,4256500,1
2019-01-22,352.5898712872964,353.891971038068,344.2041531770381,347.770263671875,4336500,1
2019-01-23,351.6668225852405,351.94862298446475,343.6600497562653,348.460205078125,2924900,1
2019-01-24,348.7517219987629,352.9008568967576,346.7986018297971,348.1298217773437,2801300,1
2019-01-25,352.23037535652526,356.55443812308687,350.1315066396696,353.8919982910156,3185600,1
2019-01-28,350.44243372330214,352.8911285590352,347.3815948324678,352.69677734375,3128900,1
2019-01-29,352.7939601296682,357.37064370058647,352.1526366907764,354.5818786621094,3202700,1
2019-01-30,376.4353572612338,380.8760190239658,369.7306548646264,376.7463073730469,12705300,1
2019-01-31,376.202140384081,377.9803324980611,371.2659039848924,374.7057189941406,6878500,1
2019-02-01,375.18186108212245,381.6825154599816,373.84094432203705,376.4645080566406,5625700,1
2019-02-04,377.96094690206974,385.8316977753748,377.1349986007892,385.763671875,4256600,1
2019-02-05,389.4074636155734,399.1244308923189,388.24141568083166,398.570556640625,7230400,1
2019-02-06,399.86294559345765,402.1658621838474,394.17851358262095,399.4742431640625,5356000,1
2019-02-07,398.3756033423541,400.73893608738354,392.86771688802776,395.6802673339844,5211400,1
2019-02-08,390.6313575931911,395.47517808256055,388.4828732053055,395.4263610839844,4570900,1
2019-02-11,398.5416555294777,400.23111710687937,393.2583627491029,394.4888610839844,3046900,1
2019-02-12,397.4674079295623,401.5787946397724,395.9048765324226,401.1002807617188,3263300,1
2019-02-13,402.85812656590406,403.0534541746524,398.1217449832496,400.9635620117188,3078700,0
2019-02-14,399.35220541414606,402.56515675490925,398.2486670330968,400.2213745117188,2724300,0
2019-02-15,402.8190750002116,408.2585941169282,401.7936497836626,408.1804809570313,4017300,0
2019-02-19,405.7683194540649,408.1511731005468,404.8308125481267,406.5105285644531,3051500,0
2019-02-20,407.3699509825484,411.9598518388953,407.3406250182045,411.6766357421875,3990100,0
2019-02-21,411.7059354351398,412.5165122492332,405.94412846236656,407.7996215820313,2880500,0
2019-02-22,409.8699801693115,414.52824856477946,409.3230986311655,414.1180725097656,3132300,1
2019-02-25,417.4775136678135,419.85062196062427,416.5302313755384,416.8720397949219,3276100,0
2019-02-26,416.0223983883755,418.9521335882936,414.3133861884232,416.77435302734375,2503700,0
2019-02-27,417.16500982066736,426.110441772065,417.1454591787965,425.2413024902344,4603800,1
2019-02-28,428.42495750298633,431.0812519524104,426.84287545508187,429.6554260253906,5063100,1
2019-03-01,435.5637598939369,435.5637598939369,429.8800662161222,430.2999877929688,5124200,0
2019-03-04,432.8390635578851,434.089082671328,416.6376320801896,422.5556945800781,5971000,0
2019-03-05,420.9443330997268,423.6885158318753,418.6005510605388,420.0458679199219,2844300,1
2019-03-06,419.6357542637783,421.8818726833303,412.1942017529221,414.5184631347656,4159400,0
2019-03-07,413.4442146614212,424.176831479543,406.6863088631579,412.6629638671875,4893600,0
2019-03-08,407.00858645189385,413.51260245048974,405.7683425598436,412.6434631347656,3794900,1
2019-03-11,362.5742597077945,393.238845975542,356.9882299464508,390.6411437988281,34742200,0
2019-03-12,375.6994769884288,380.86558519392247,359.380859875291,366.6173095703125,36922600,1
2019-03-13,369.5665272727784,372.82829529219526,354.82018864878074,368.3067626953125,32662300,0
2019-03-14,366.2071521819085,371.4806997802074,363.38485589140896,364.5567321777344,13514100,1
2019-03-15,362.1933974142755,376.6760417992543,357.8671623068624,370.1134338378906,26697700,0
2019-03-18,361.3340103358745,364.3321131959298,358.5996027193208,363.56060791015625,13119200,1
2019-03-19,362.44731176834216,369.8985797221901,362.3203518113653,364.68365478515625,9856100,1
2019-03-20,365.92393533803374,371.8810396859217,364.9278063045753,367.3497314453125,8737600,1
2019-03-21,365.2794062044128,368.17007002748136,363.5118016211316,363.9707946777344,6951000,1
2019-03-22,360.1523836928672,361.1973000096843,353.062414436271,353.6874389648437,10143900,1
2019-03-25,356.45112380658645,362.515667458619,354.3905576428059,361.7832336425781,7939600,0
2019-03-26,366.78329838588826,366.80284902747337,358.9902219120972,361.7051086425781,6479700,1
2019-03-27,363.1797950853828,367.838063832347,356.98826112773764,365.4454345703125,9600000,0
2019-03-28,367.7794263189254,367.8380186378912,363.6094175347458,365.6700134277344,4921300,1
2019-03-29,367.70131393161824,373.2287516351709,365.9630054512141,372.486572265625,7694700,0
2019-04-01,376.7639266748987,383.697639125952,374.1271829334381,382.3695068359375,7735700,0
2019-04-02,379.4007209880338,385.5824493519004,379.4007209880338,381.5980224609375,6401000,0
2019-04-03,380.5530593904653,382.3695106910718,375.0744689347087,375.728759765625,7350300,0
2019-04-04,376.94949366318406,387.76022389268616,376.08035436946295,386.58831787109375,9388100,0
2019-04-05,388.7465719087598,389.3227495900059,381.7933384501049,382.7503662109375,6857200,0
2019-04-08,367.3888128203212,370.9044712833301,363.1504362591808,365.7481384277344,14482600,0
2019-04-09,361.61726856030725,363.521578792856,359.1367507744133,360.39654541015625,7980100,1
2019-04-10,359.7714699465743,360.1523498208788,354.4198394873331,356.3925170898437,8285000,1
2019-04-11,356.08004226107033,362.38873092635066,355.67964150607554,361.49029541015625,6598400,1
2019-04-12,366.9493559870045,371.0509974361268,363.28718676557736,370.7482604980469,7334600,0
2019-04-15,367.87711524319616,369.0489915053558,364.9278292407212,366.6661376953125,3822100,0
2019-04-16,367.6915453452853,375.6311325580845,366.2461985747447,372.7795104980469,7083800,1
2019-04-17,375.10378987521415,375.19167835967454,368.63884528278106,368.6778869628906,4424400,1
2019-04-18,368.6778894188431,373.2190030992119,368.6778894188431,371.1681823730469,4703100,0
2019-04-22,366.8907751735144,370.0744305867828,366.1192698218774,366.3829650878906,4147700,0
2019-04-23,366.7442754794296,368.0431116906041,363.88287800183446,365.2598571777344,4894500,0
2019-04-24,369.0392459867341,372.2228714782699,364.9083084006684,366.6661376953125,9855100,1
2019-04-25,367.2032821247309,375.7873854667052,364.0294020792256,373.834228515625,6615000,0
2019-04-26,374.8987064557693,375.0061157773367,369.2833805033743,371.8713073730469,4259600,0
2019-04-29,369.6251460725636,376.2756425382437,367.93568452810257,370.1720275878906,5457300,1
2019-04-30,370.61147646448256,372.2130792320209,366.2656909721695,368.8438720703125,3732800,0
2019-05-01,369.6642228166373,372.271700273791,367.5645852043809,367.9747314453125,2765600,0
2019-05-02,366.7052073319499,368.8048450352061,364.5079058233031,366.9981689453125,2438800,0
2019-05-03,367.2715956307488,369.0489754911287,365.4551740919576,367.6427001953125,2953800,1
2019-05-06,359.2636725098833,363.7559391848371,357.0663710734958,362.89654541015625,4747600,0
2019-05-07,357.7499686700181,359.097651692667,346.7048688404776,348.8631286621094,9740300,0
2019-05-08,349.39043027395803,353.0525991359675,345.0544199571143,351.3240661621094,6030000,0
2019-05-09,348.4413851947938,349.315517833258,341.2812188695289,347.8226013183594,6075200,0
2019-05-10,345.60281927820176,349.20746589489164,341.3597558420732,348.3529663085937,4574100,1
2019-05-13,338.3739275324468,340.4561633276864,330.99767886573784,331.361083984375,7757800,1
2019-05-14,333.84602697367893,339.93561061496627,331.22359919301016,336.9301147460937,4747800,1
2019-05-15,333.74778545434333,342.58748579865056,331.62628374885367,339.4837951660156,4810000,0
2019-05-16,342.43037017379777,350.1503609390868,339.66059013894204,347.5082702636719,6036500,0
2019-05-17,345.2393917200587,353.57816572923326,344.90545109735484,348.6966857910156,5282900,0
2019-05-20,346.7126904904862,349.60032832762096,344.2866826470166,346.5064392089844,3219900,1
2019-05-21,351.6531132749201,354.3443014422412,348.5592240358271,352.3602905273437,4022600,0
2019-05-22,350.8575338339893,351.20130595729347,345.48495914106485,346.4966125488281,3841400,0
2019-05-23,339.75879552889165,345.2099319030322,335.073735319372,344.3063049316406,5305400,1
2019-05-24,348.6770823131069,354.96308568957977,346.7127043845824,348.578857421875,5387500,0
2019-05-28,348.96193570313966,352.910324664207,348.5592346191406,348.5592346191406,3504300,0
2019-05-29,346.30999841108235,346.50644819076587,339.8864742829902,342.5874938964844,4160500,1
2019-05-30,343.76614761691263,345.65196367241265,341.7428406888612,343.6384582519531,2183900,1
2019-05-31,339.69004462396305,339.69004462396305,335.2799959824228,335.5255432128906,3217600,1
2019-06-03,332.1763216366201,333.07008722215613,324.78043989163695,332.8540344238281,5148000,1
2019-06-04,336.46845834031416,340.24006011577166,334.0620835480383,338.48193359375,3592300,0
2019-06-05,340.05345430646,346.9582413211946,326.567989436999,342.53839111328125,3188400,0
2019-06-06,341.97853849539064,345.3769338146551,339.4248412524036,344.3947448730469,2582300,0
2019-06-07,346.0251495499244,348.95208336466686,346.0251495499244,347.4002380371094,2470700,1
2019-06-10,349.6592713147349,351.03432987004334,347.2528963624238,347.4984436035156,2560800,1
2019-06-11,349.08962000162904,349.138717460953,341.9294539541061,343.1080627441406,2702700,1
2019-06-12,342.7839429681926,343.04912319359244,336.69435949891727,340.8490295410156,2738300,1
2019-06-13,341.065113514968,342.8428731198164,337.9712243115817,342.6464233398437,2621300,0
2019-06-14,341.8017501983827,342.95092444365633,339.72934592810395,340.9767150878906,2258400,1
2019-06-17,342.410711925269,349.7083687359709,340.8686680576105,348.578857421875,3746400,1
2019-06-18,351.24055266443395,367.9770596521824,351.23075115792483,367.2993469238281,9199200,0
2019-06-19,368.7137130212329,372.5540752791516,361.7892931539895,361.99554443359375,5716000,0
2019-06-20,366.3564525204517,369.0967678904767,362.3884010494869,368.2029724121094,3794500,1
2019-06-21,367.72170162782106,369.4110376917036,365.099244183443,365.2171020507813,4923700,0
2019-06-24,366.3073720023862,368.8021102935425,365.4725054203415,367.3288269042969,2323200,0
2019-06-25,368.0753137860091,368.5664082673781,361.4750027574496,362.7420349121094,3005400,0
2019-06-26,364.41173844754985,372.2299841783195,363.4099164954289,368.2619323730469,4542000,0
2019-06-27,360.9937317259999,363.3411477082232,355.89616872487886,357.5364074707031,8980000,0
2019-06-28,357.4382179190023,359.70707200856987,355.1300678784819,357.526611328125,4737100,0
2019-07-01,358.3810973484541,358.72486946470605,347.0269958494563,350.1110534667969,6392600,1
2019-07-02,349.29586977262426,350.42538109841377,346.40823178987574,347.85205078125,3774700,0
2019-07-03,348.18598912827963,348.529761261858,345.9858954318239,348.1565246582031,2164900,1
2019-07-05,347.6948715441967,350.8869854778652,345.1706388705756,349.521728515625,3208200,1
2019-07-08,344.1688346559421,346.67340449675976,343.17681422161263,344.8661804199219,3262300,1
2019-07-09,342.83303474751284,347.54755960583907,341.7035234704441,346.80108642578125,4828200,0
2019-07-10,348.1761426292686,350.1699849491897,344.99386010215034,346.025146484375,2946700,0
2019-07-11,346.3394346549007,352.86118314132966,344.45364880934875,352.6058044433594,5059200,1
2019-07-12,353.5880054126873,358.9409469286845,351.7611484389212,358.82305908203125,3592800,1
2019-07-15,354.0790962387786,356.3872461341695,352.6254458852071,355.1693115234375,4814600,0
2019-07-16,354.82558007816624,358.842729178204,354.76665114068123,356.2890319824219,2960400,0
2019-07-17,356.28906767524217,363.16439082817584,355.55242590885643,362.9384765625,4010000,1
2019-07-18,361.0526801261142,361.8875467656742,353.34249052975565,354.6782531738281,4582800,0
2019-07-19,364.0680076678154,371.6603094095844,361.9366443618336,370.6388244628906,9504000,0
2019-07-22,370.2263067791666,375.6676419779434,365.26626455026746,366.7690124511719,4265100,0
2019-07-23,367.6038406671867,369.7253723564871,364.0777859993584,366.42523193359375,3354900,0
2019-07-24,363.684932126424,364.7456830298666,353.6174951420198,354.9925537109375,7447900,0
2019-07-25,349.83604146497765,351.3191563221913,339.55252229909803,341.89013671875,9663700,0
2019-07-26,340.0338328434668,342.22409505958035,335.90862718665085,338.8551940917969,4441100,1
2019-07-29,338.845374935994,339.91595735358965,333.07009879598627,334.1505126953125,4116600,0
2019-07-30,333.787087342533,341.30082677406494,330.5655088031429,341.2713623046875,4528000,0
2019-07-31,342.2829779261412,345.0331246518396,334.97549058709427,335.1031799316406,5219700,0
2019-08-01,335.8202433747184,338.1578579821254,327.0689358194233,328.3359680175781,6465300,1
2019-08-02,328.6011401005468,334.4746409442244,326.4010463947808,333.5120849609375,4675400,1
2019-08-05,326.5385106022667,327.4323060907621,321.1364716969172,325.1634521484375,5876100,1
2019-08-06,328.041266390019,329.720831017304,323.2776741277026,326.5287170410156,3653300,1
2019-08-07,322.74729908621845,327.7073413574459,318.7890787661339,325.477783203125,4187600,0
2019-08-08,327.4296620267179,332.4997369644338,325.0181642779366,332.4206848144531,3673000,1
2019-08-09,330.1574394897988,335.1187839522711,329.2778523378545,333.6066589355469,3102900,1
2019-08-12,329.78188264397966,332.0846800527171,327.4988708947069,329.050537109375,2683400,0
2019-08-13,327.943637213326,333.4584375620654,326.63905040874084,328.9714660644531,3689700,1
2019-08-14,324.51417216147473,325.69027281615644,316.66692601761224,316.67681884765625,5110400,1
2019-08-15,319.2266543318586,324.2374328939278,315.8169458047544,324.1682434082031,4721800,0
2019-08-16,326.3623061742369,327.29132732211616,322.66600724186554,326.5896301269531,3866600,1
2019-08-19,330.2760584203092,331.98585919268106,327.52853594929684,329.8807373046875,2335600,1
2019-08-20,328.58604075060066,329.60400694190963,325.03798324572654,327.8744506835937,2039000,1
2019-08-21,331.56086520657925,338.5778974324276,329.31736450558594,336.0181579589844,3265600,0
2019-08-22,338.4296857652399,352.2760289710398,337.02629126021714,350.2697448730469,8320900,1
2019-08-23,351.1987503077568,365.3712245072307,350.2104324682308,351.8510437011719,11518700,0
2019-08-26,360.7755490692011,363.0486680135281,352.72076478778735,354.8456420898437,4661100,1
2019-08-27,355.2212116215283,357.0891166569398,349.4889500480816,350.58599853515625,3740300,1
2019-08-28,349.18257014001347,355.98220163687733,347.07744833612816,355.7647705078125,2402000,0
2019-08-29,359.5994287860741,361.763847128136,355.96242660949207,358.5023803710937,2717500,0
2019-08-30,360.11336719356024,362.09000287717487,358.1663798387572,359.8366394042969,3147000,1
2019-09-03,349.97322628064137,351.16911261866863,346.51411373749704,350.2796325683594,4272200,1
2019-09-04,353.50151920518965,353.84743648280494,350.28948621217216,352.3649597167969,2737100,1
2019-09-05,355.9328075498304,360.4493972345758,354.9345968625714,356.0909118652344,3643300,1
2019-09-06,357.385592648467,360.6470595532567,354.92469092658604,358.7593688964844,3022600,1
2019-09-09,353.79801140117223,356.71353076920263,350.5859786011125,354.5886535644531,4183300,1
2019-09-10,354.8061088513451,365.1735534667969,354.36135375353905,365.1735534667969,4547200,0
2019-09-11,364.4323054718177,379.0198862336827,363.7009599321909,378.4664306640625,8437000,0
2019-09-12,379.2274470430928,379.514067674717,369.9372649603524,371.2418518066406,4495300,1
2019-09-13,372.9812695175012,377.2903206539453,372.6452149233146,375.3235778808594,3628900,0
2019-09-16,373.7224971622006,377.1717165384545,370.61916487764734,374.4241943359375,3055500,0
2019-09-17,373.9893621465285,380.80874929588447,373.3864725728087,379.7117309570313,3269500,0
2019-09-18,378.77281651157256,382.2220361610758,375.363107860153,381.8959045410156,4186400,0
2019-09-19,381.6290659699697,383.98123709852734,378.4268956525087,379.9489135742188,2928800,0
2019-09-20,379.62274746596086,380.2355298562797,373.5050878422204,374.9579162597656,6643000,0
2019-09-23,372.2103510180996,375.6596006388506,370.0459627910404,372.6254577636719,2674900,0
2019-09-24,375.1061616365466,377.428714593985,370.9255663131575,377.1914978027344,3533300,1
2019-09-25,380.4134160581407,386.4322679680336,378.6245632152149,381.6883544921875,4705500,0
2019-09-26,382.5778385924778,383.6946425678044,378.85186106477056,382.3703002929688,2520400,0
2019-09-27,383.6551106783142,385.13758746132805,376.8554790077866,378.3873596191406,2730800,0
2019-09-30,378.5257113422288,379.28670517806654,372.289428536917,376.0252685546875,3183300,0
2019-10-01,377.240944484116,378.37750400674304,370.2535298778747,370.5599060058594,2943800,1
2019-10-02,367.5059879379869,368.63265457068417,359.5203630504826,363.06842041015625,3698300,0
2019-10-03,361.93186107005033,367.90130915871816,358.98669326421947,367.7234191894531,2623900,1
2019-10-04,367.90129620911097,371.73597404842434,367.3774889884459,371.3110046386719,2008400,0
2019-10-07,369.6901657531172,373.73238206588286,368.7018479213095,372.1412048339844,1931800,1
2019-10-08,366.7153183358692,372.9318459245277,364.3334989100436,369.7297058105469,4030200,0
2019-10-09,371.6075098832566,373.445766598452,369.13671526967113,370.5796508789063,2774100,0
2019-10-10,369.3343943442266,370.164577722798,366.0037378387857,366.6659240722656,2723700,0
2019-10-11,368.6425774898764,372.5365524371053,365.7566759448226,370.5401611328125,3935400,0
2019-10-14,369.8779418698923,374.2759682063856,368.32627566333866,368.8204345703125,2124500,0
2019-10-15,368.2274433477458,369.1663573494414,366.2014038633288,366.6263732910156,2836600,0
2019-10-16,365.895019209872,373.0109194748945,364.9264569023628,368.0791931152344,3657100,0
2019-10-17,368.069359968454,369.4332133143302,364.7485961914063,364.7485961914063,2397100,1
2019-10-18,364.6892682452535,365.0351855075095,339.9813232421875,339.9813232421875,13544300,1
2019-10-21,329.0011434378175,330.3353484059528,320.6103043850052,327.1925048828125,15493100,1
2019-10-22,332.1439820037884,337.4907851097691,330.5527746058912,333.0631103515625,7949700,1
2019-10-23,340.9696469748073,346.70187825082684,332.5689455276019,336.522216796875,10960800,0
2019-10-24,337.70819034164884,341.7009723723608,333.82407862606027,340.5248718261719,5382700,1
2019-10-25,338.9139751276224,339.35870006969503,334.9409180120344,335.86004638671875,4058000,1
2019-10-28,337.5105183046379,340.94987500068896,335.5239899362822,336.89776611328125,3234500,1
2019-10-29,336.2158411639569,345.6345087699359,335.2571716733538,344.8537292480469,6113600,1
2019-10-30,342.58059079484497,345.9112168282495,339.2598274295402,342.0172424316406,3997600,1
2019-10-31,340.6731682854974,342.0172660578537,335.4844996746456,335.9391174316406,3868400,1
2019-11-01,336.6111720549116,341.1574401855469,335.5339092204832,341.1574401855469,3538200,0
2019-11-04,342.4125786057095,347.3443049669445,342.0073646859405,346.9884948730469,3703000,0
2019-11-05,351.0801505145064,357.38559287903496,349.063973713978,354.1044006347656,5468900,1
2019-11-06,354.66773466973075,355.20143476209995,349.0046926045575,350.05230712890625,3815700,1
2019-11-07,354.01372162500064,357.2743208351131,352.9500428644524,355.1966857910156,2834500,0
2019-11-08,354.2920668742904,354.8885242429554,348.4766606196995,348.92401123046875,3218200,1
2019-11-11,346.9756163897338,367.5631188955591,343.51618787877885,364.7896118164063,11483400,0
2019-11-12,364.32236805530886,364.9386961823936,357.88071373395235,360.7337341308594,5769700,0
2019-11-13,359.72970884067234,364.4516148844156,358.9841447285023,360.3559875488281,3453700,0
2019-11-14,360.9524571661207,366.3006420996767,359.3420434830672,365.2667846679688,5339600,0
2019-11-15,367.8116331026396,371.2710615461437,367.1157611213965,369.481689453125,5493100,0
2019-11-18,369.471761531621,373.3785101641943,365.7240398782831,367.2748107910156,3823800,0
2019-11-19,371.30088249313815,372.613052288758,359.47124084737914,364.8293762207031,6670200,0
2019-11-20,363.8352842307857,368.79576104836127,363.5867628617756,368.71624755859375,3774800,0
2019-11-21,367.56309497159526,368.5671309835078,364.0937464605269,364.2726745605469,2703800,0
2019-11-22,366.0918574983644,371.34062774401735,364.4416719218983,369.1437072753906,3915700,1
2019-11-25,370.3167182924613,372.0861892630233,367.01637749974975,370.9231262207031,3324400,1
2019-11-26,371.449979555495,372.5533998630044,369.16356477720245,371.3008728027344,2859000,1
2019-11-27,367.7718548525464,369.6307898419985,364.6305411024191,365.8234558105469,4145000,1
2019-11-29,365.32642133260265,366.12167759794966,364.0142211914063,364.0142211914063,1390900,0
2019-12-02,364.9088961865412,365.2071400422189,353.05941387908985,353.07928466796875,4794500,0
2019-12-03,350.00757019206065,353.4570481904535,345.55405610172096,349.99761962890625,4683500,0
2019-12-04,352.6021204144968,353.1886271881577,346.7568931284116,346.7767639160156,3014200,0
2019-12-05,348.14862418278153,348.34745341713415,343.5460034749628,343.6354675292969,4719600,0
2019-12-06,345.6832786096905,352.30389161401826,345.0569998970122,351.9957275390625,2856100,0
2019-12-09,350.5841381022248,351.50863031382863,347.5024670597976,349.1327514648437,2844600,1
2019-12-10,348.07903861044144,349.32164550990547,345.3950259098487,345.84234619140625,2920900,0
2019-12-11,340.0766621081532,347.9597529927109,336.49794817243304,347.929931640625,7369100,0
2019-12-12,346.19028144399283,348.9936098840371,338.98316144264624,344.24188232421875,5970000,1
2019-12-13,344.2517907441467,347.24399775685174,339.08256443305254,339.6492004394531,4526300,0
2019-12-16,326.5868980409919,334.2413682900284,324.49931248788374,325.0659484863281,16488200,0
2019-12-17,320.1551638406385,328.99259822520025,318.7137277752093,325.0659484863281,13526400,1
2019-12-18,326.7757830653986,333.2671600932545,326.1992268302571,328.72418212890625,7029300,1
2019-12-19,330.9310390027003,332.8297458455648,329.0224119345874,331.5274963378906,5492600,1
2019-12-20,332.6408689108496,333.51566896206,326.0600280761719,326.0600280761719,9489400,0
2019-12-23,334.75830206083845,338.57558685368804,332.22339609543354,335.5535583496094,9534800,0
2019-12-24,337.50196256343133,337.7405333647857,330.65269921610394,331.03045654296875,4120100,1
2019-12-26,330.73224533566565,331.3883150439416,327.3523304952682,327.9686889648437,4593400,0
2019-12-27,328.24705115155587,331.6766279965737,327.2231442784637,328.1874084472656,4124000,0
2019-12-30,328.54526970517907,328.67450567881485,323.78359149252714,324.4695129394531,4525500,0
2019-12-31,323.4853769842606,324.6385198431698,321.4077418604176,323.83331298828125,4958800,0
2020-01-02,326.60676473216284,331.37839312756773,325.76181636345586,331.3485717773437,4544400,0
2020-01-03,328.67449366617245,332.90930760335885,328.34642846245924,330.7919006347656,3875900,1
2020-01-06,327.3523407472836,332.8794536620254,325.94075633582884,331.7660827636719,5355000,0
2020-01-07,332.2830289611392,342.15429069593097,328.7540072336429,335.28515625,9898600,0
2020-01-08,330.434002028855,332.05436618843447,327.6505748656441,329.4100952148437,8239200,0
2020-01-09,332.96894496050135,339.7088433277258,330.0860727875837,334.3507080078125,8175600,0
2020-01-10,333.57531519513043,335.70267264556696,327.50146758422983,327.9686889648437,7161700,0
2020-01-13,330.4340057926857,332.12396323486524,328.1277202099949,328.26690673828125,5648500,0
2020-01-14,328.8037156243825,333.366564233772,326.33837276847987,330.3843078613281,6945300,0
2020-01-15,330.38433205642025,331.1398164302177,327.7400609054219,327.8493957519531,4578300,0
2020-01-16,329.0919836191797,330.90122646048485,327.36228460446,330.036376953125,4024100,0
2020-01-17,330.42410400301884,330.53343884956024,321.0896263110014,322.2328186035156,11061700,1
2020-01-21,320.69199121267803,324.66833324795715,303.94164432164825,311.5165710449219,19318000,0
2020-01-22,307.9875817200874,310.98970905581075,300.9295684920027,307.17242431640625,18792600,0
2020-01-23,306.6753683711369,316.2881882418153,305.8801121276974,315.9104309082031,9702100,0
2020-01-24,320.09553509063454,324.27070637882355,310.6616732829415,321.1393127441406,17798200,0
2020-01-27,314.3397701172677,319.3599201369448,312.71940588464,314.7274780273437,7468100,1
2020-01-28,316.16889135804905,317.4711409781684,312.1428570877693,314.6877136230469,5502200,0
2020-01-29,322.4316230593828,325.2448715457745,317.2524463386331,320.1153869628906,12454700,1
2020-01-30,318.6043902270497,323.4257107799609,315.7613203705977,321.3878173828125,6022000,0
2020-01-31,319.84700161692257,320.02592972154304,315.11514504752887,316.3875732421875,4999600,1
2020-02-03,316.8647470353525,318.842967434468,313.017641078221,314.1310119628906,4841800,1
2020-02-04,316.39752521751893,317.5904399278108,313.1667474089832,316.0595397949219,3779800,1
2020-02-05,318.60439905973817,327.73009656313934,317.3419214107104,327.6008605957031,6071800,0
2020-02-06,328.9528451968062,341.40873562969546,323.7338961829629,339.4106140136719,12845500,0
2020-02-07,338.3568855303699,338.72469232094755,333.70457255096903,334.75830078125,5337800,0
2020-02-10,335.22552046340985,343.89394741634914,334.3308495623045,342.6314697265625,5876400,1
2020-02-11,345.5838910312693,346.01134050701995,340.0766489744631,342.3829345703125,5311500,0
2020-02-12,344.371112678484,347.8802332842822,343.804476661893,345.39501953125,4421500,0
2020-02-13,344.32000732421875,347.8900146484375,342.6300048828125,342.82000732421875,3783100,0
2020-02-14,342.29998779296875,344.5,338.0,340.489990234375,4199800,0
2020-02-18,338.7699890136719,339.989990234375,336.1000061035156,338.8800048828125,2904600,0
2020-02-19,338.1199951171875,341.4700012207031,335.8599853515625,338.29998779296875,4935700,0
2020-02-20,338.2900085449219,341.239990234375,335.3900146484375,336.2799987792969,2807500,0
2020-02-21,334.04998779296875,334.6600036621094,330.2300109863281,330.3800048828125,3709900,0
2020-02-24,320.0,321.739990234375,316.3299865722656,317.8999938964844,6073200,0
2020-02-25,318.260009765625,320.6400146484375,303.6300048828125,304.1400146484375,8052500,0
2020-02-26,307.0,315.2200012207031,304.0599975585937,305.5899963378906,6987300,1
2020-02-27,300.3699951171875,301.0,284.2900085449219,287.760009765625,10982400,1
2020-02-28,278.07000732421875,282.8599853515625,269.6000061035156,275.1099853515625,15364300,0
2020-03-02,279.5400085449219,291.7099914550781,274.2900085449219,289.2699890136719,11012300,0
2020-03-03,292.0,297.44000244140625,278.0799865722656,280.6199951171875,7499300,1
2020-03-04,284.54998779296875,285.9100036621094,277.010009765625,283.1199951171875,6986100,0
2020-03-05,275.7900085449219,276.3099975585937,259.6499938964844,260.3699951171875,14669100,0
2020-03-06,253.6999969482422,264.2900085449219,249.8000030517578,262.3299865722656,12861800,0
2020-03-09,238.0,241.47999572753903,224.3699951171875,227.1699981689453,11585500,0
2020-03-10,237.0,237.8300018310547,215.0,231.009994506836,13059600,1
2020-03-11,222.9900054931641,226.9900054931641,187.0,189.0800018310547,28503500,1
2020-03-12,160.52999877929688,189.8500061035156,154.80999755859375,154.83999633789062,31734400,0
2020-03-13,174.97000122070312,178.27999877929688,161.3800048828125,170.1999969482422,21168500,0
2020-03-16,149.4199981689453,151.0,128.75999450683594,129.61000061035156,26844400,0
2020-03-17,132.50999450683594,134.9600067138672,101.25,124.13999938964844,54492200,1
2020-03-18,99.86000061035156,107.8499984741211,89.0,101.88999938964844,61943200,1
2020-03-19,98.8000030517578,103.56999969482422,90.3499984741211,97.70999908447266,40210600,1
2020-03-20,99.8499984741211,107.0,94.27999877929688,95.01000213623048,41370700,0
2020-03-23,98.75,114.48999786376952,93.55999755859376,105.62000274658205,46140100,1
2020-03-24,123.68000030517578,127.95999908447266,116.12999725341795,127.68000030517578,43683100,1
2020-03-25,154.89999389648438,174.77000427246094,141.0,158.72999572753906,77826000,0
2020-03-26,172.2899932861328,186.47999572753903,167.17999267578125,180.5500030517578,63267300,0
2020-03-27,172.0,172.9199981689453,155.5399932861328,162.0,47880200,0
2020-03-30,153.80999755859375,153.80999755859375,140.67999267578125,152.27999877929688,51052500,1
2020-03-31,155.0,160.63999938964844,149.0,149.13999938964844,29954000,1
2020-04-01,138.91000366210938,144.3800048828125,130.0,130.6999969482422,41899700,1
2020-04-02,128.50999450683594,136.67999267578125,120.0199966430664,123.2699966430664,42372400,1
2020-04-03,125.0,131.2899932861328,122.5,124.5199966430664,37347400,0
2020-04-06,133.6999969482422,149.69000244140625,129.2100067138672,148.77000427246094,51085500,0
2020-04-07,162.0,164.8000030517578,140.25999450683594,141.5800018310547,56699100,0
2020-04-08,147.50999450683594,154.0,144.5500030517578,146.8699951171875,41351000,0
2020-04-09,154.7100067138672,157.97999572753906,150.08999633789062,151.83999633789062,37874200,0
2020-04-13,155.5,156.0,146.25999450683594,147.3300018310547,26034100,0
2020-04-14,150.50999450683594,152.39999389648438,140.0,141.0,33970500,0
2020-04-15,139.0,148.69000244140625,132.89999389648438,145.97999572753906,39297600,0
2020-04-16,141.4600067138672,143.24000549316406,134.0,134.24000549316406,41364800,0
2020-04-17,149.41000366210938,154.0,145.0,154.0,52389400,0
2020-04-20,147.2100067138672,151.6300048828125,142.5,143.61000061035156,34983800,0
2020-04-21,139.00999450683594,141.89999389648438,135.4499969482422,136.3300018310547,27043800,0
2020-04-22,140.4199981689453,140.82000732421875,134.52000427246094,134.97000122070312,22734500,0
2020-04-23,136.5,142.3800048828125,136.0500030517578,137.74000549316406,25936400,1
2020-04-24,137.0,137.57000732421875,128.3300018310547,128.97999572753906,35884700,0
2020-04-27,129.97000122070312,131.1999969482422,123.83000183105467,128.67999267578125,34563000,1
2020-04-28,133.8800048828125,137.1999969482422,127.73999786376952,131.3000030517578,37806900,1
2020-04-29,138.0800018310547,147.17999267578125,135.25,139.0,60454400,1
2020-04-30,137.6699981689453,144.64999389648438,132.30999755859375,141.02000427246094,37876600,0
2020-05-01,143.22999572753906,143.7100067138672,132.83999633789062,133.3699951171875,36613100,1
2020-05-04,127.12000274658205,131.5,124.3499984741211,131.4600067138672,30708900,1
2020-05-05,132.8800048828125,133.8000030517578,125.0,125.4000015258789,30621000,1
2020-05-06,125.8000030517578,126.86000061035156,121.37000274658205,121.86000061035156,29627700,1
2020-05-07,122.80999755859376,130.7100067138672,122.36000061035156,128.64999389648438,29525000,1
2020-05-08,132.57000732421875,135.5500030517578,131.55999755859375,133.44000244140625,22695700,0
2020-05-11,130.9199981689453,131.0,127.9499969482422,128.91000366210938,20055400,1
2020-05-12,129.72000122070312,133.1199951171875,125.1999969482422,125.22000122070312,22579000,1
2020-05-13,125.0,125.06999969482422,119.33000183105467,121.5,26002000,1
2020-05-14,118.9800033569336,122.61000061035156,113.88999938964844,122.5199966430664,37499200,0
2020-05-15,118.33000183105467,121.88999938964844,117.77999877929688,120.0,26756800,0
2020-05-18,126.18000030517578,136.1999969482422,125.8000030517578,135.44000244140625,43781800,1
2020-05-19,137.0,137.0399932861328,130.27999877929688,130.44000244140625,32373000,1
2020-05-20,133.27000427246094,135.4499969482422,131.30999755859375,133.32000732421875,21835500,1
2020-05-21,137.0,144.24000549316406,136.14999389648438,139.0,48263900,1
2020-05-22,141.00999450683594,141.0800018310547,135.77999877929688,137.52999877929688,21098800,0
2020-05-26,145.2100067138672,145.91000366210938,142.61000061035156,144.72999572753906,30338300,0
2020-05-27,149.13999938964844,149.64999389648438,141.24000549316406,149.52000427246094,32799900,0
2020-05-28,156.10000610351562,156.6999969482422,149.0500030517578,149.82000732421875,34734300,1
2020-05-29,145.3000030517578,152.0,142.94000244140625,145.85000610351562,33853900,0
2020-06-01,145.4499969482422,153.5500030517578,144.5500030517578,151.38999938964844,27127300,0
2020-06-02,154.0,155.85000610351562,151.80999755859375,153.30999755859375,24780500,1
2020-06-03,157.10000610351562,173.77999877929688,155.49000549316406,173.16000366210938,66486400,0
2020-06-04,181.27999877929688,188.6000061035156,177.39999389648438,184.3000030517578,67155600,1
2020-06-05,205.0,218.7899932861328,197.3600006103516,205.42999267578125,99846000,0
2020-06-08,222.94000244140625,234.1999969482422,218.92999267578125,230.5,80902800,0
2020-06-09,222.13999938964844,227.0,213.0800018310547,216.7400054931641,66688700,0
2020-06-10,211.1699981689453,213.02999877929688,197.3999938964844,203.41000366210932,90384900,0
2020-06-11,179.35000610351562,192.17999267578125,166.00999450683594,170.0,103212800,1
2020-06-12,187.1499938964844,191.3000030517578,176.25999450683594,189.509994506836,89550100,0
2020-06-15,177.17999267578125,193.22999572753903,175.88999938964844,190.94000244140625,78612900,0
2020-06-16,207.1499938964844,208.3000030517578,192.6000061035156,197.7700042724609,76496900,0
2020-06-17,194.5200042724609,196.42999267578125,191.25,192.5399932861328,53085400,0
2020-06-18,188.2400054931641,198.02999877929688,187.1999969482422,192.2899932861328,60849900,1
2020-06-19,197.8999938964844,197.9600067138672,184.57000732421875,187.0200042724609,67262100,0
2020-06-22,184.5599975585937,188.6999969482422,181.8999938964844,188.5200042724609,53901500,1
2020-06-23,189.3000030517578,190.1199951171875,183.5500030517578,187.8800048828125,50281300,1
2020-06-24,183.6100006103516,185.1999969482422,176.07000732421875,176.69000244140625,56534800,1
2020-06-25,169.8699951171875,177.5,169.58999633789062,174.8800048828125,57335700,1
2020-06-26,173.4199981689453,173.85000610351562,167.60000610351562,170.00999450683594,50644400,1
2020-06-29,181.0,194.5,176.27000427246094,194.4900054931641,78499900,1
2020-06-30,188.0200042724609,188.4900054931641,180.3800048828125,183.3000030517578,65493100,0
2020-07-01,185.8800048828125,190.6100006103516,180.0399932861328,180.32000732421875,49036700,1
2020-07-02,185.5800018310547,187.7899932861328,180.42999267578125,180.8099975585937,41792300,0
2020-07-06,184.5200042724609,189.3600006103516,181.6000061035156,187.91000366210932,49471700,0
2020-07-07,185.07000732421875,185.07000732421875,178.64999389648438,178.8800048828125,37105300,0
2020-07-08,179.0500030517578,181.5800018310547,175.50999450683594,180.0800018310547,38116200,1
2020-07-09,179.6699981689453,180.75,172.80999755859375,173.27999877929688,33514500,1
2020-07-10,171.6999969482422,179.3300018310547,169.75,178.44000244140625,40955600,1
2020-07-13,180.1999969482422,183.25,174.36000061035156,175.64999389648438,43364700,0
2020-07-14,177.0,181.3000030517578,173.41000366210938,179.9600067138672,39256200,0
2020-07-15,185.5399932861328,189.52999877929688,181.25,187.94000244140625,48044800,1
2020-07-16,184.32000732421875,184.58999633789065,177.33999633789062,178.6999969482422,35050000,0
2020-07-17,178.41000366210938,181.1000061035156,175.5500030517578,175.66000366210938,26170500,0
2020-07-20,175.1300048828125,176.57000732421875,171.6199951171875,174.4199981689453,25294300,0
2020-07-21,178.42999267578125,182.6499938964844,176.75,178.6300048828125,40740500,0
2020-07-22,176.42999267578125,182.9499969482422,175.38999938964844,179.7899932861328,29790300,0
2020-07-23,178.0,182.5,175.4199981689453,176.4499969482422,29587200,1
2020-07-24,175.67999267578125,181.1000061035156,173.60000610351562,173.75999450683594,28548000,0
2020-07-27,173.19000244140625,174.13999938964844,169.0,170.2100067138672,30243800,1
2020-07-28,168.5,173.74000549316406,168.22999572753906,170.83999633789062,25349100,0
2020-07-29,172.89999389648438,173.00999450683594,162.25,166.00999450683594,51709600,0
2020-07-30,162.8800048828125,164.5500030517578,160.63999938964844,161.9499969482422,29140000,1
2020-07-31,161.5500030517578,163.39999389648438,156.25999450683594,158.0,30263100,1
2020-08-03,156.50999450683594,163.5800018310547,153.41000366210938,162.27000427246094,38520500,0
2020-08-04,164.6300048828125,167.39999389648438,163.00999450683594,165.07000732421875,30853500,1
2020-08-05,167.60000610351562,174.97999572753906,166.39999389648438,174.27999877929688,46189200,0
2020-08-06,172.8000030517578,175.57000732421875,170.60000610351562,172.1999969482422,32921600,1
2020-08-07,171.5,171.86000061035156,168.6999969482422,170.02000427246094,19318000,1
2020-08-10,171.36000061035156,179.7899932861328,171.3300018310547,179.41000366210938,35857700,0
2020-08-11,184.509994506836,189.97000122070312,179.52999877929688,180.1300048828125,61036600,0
2020-08-12,184.009994506836,184.1499938964844,173.19000244140625,175.44000244140625,40674400,0
2020-08-13,173.6199951171875,179.47000122070312,172.42999267578125,174.72999572753906,22958800,0
2020-08-14,173.08999633789062,179.47000122070312,172.35000610351562,178.0800018310547,32414100,0
2020-08-17,178.24000549316406,178.2899932861328,171.41000366210938,172.00999450683594,23352100,0
2020-08-18,172.00999450683594,173.24000549316406,169.00999450683594,170.22999572753906,21488500,1
2020-08-19,170.44000244140625,174.10000610351562,169.08999633789062,169.27000427246094,25601500,1
2020-08-20,168.5399932861328,170.83999633789062,165.86000061035156,169.5800018310547,23213400,0
2020-08-21,168.35000610351562,170.0800018310547,167.27000427246094,167.5,16945900,0
2020-08-24,168.77999877929688,178.27000427246094,167.92999267578125,178.27000427246094,39317100,1
2020-08-25,180.4600067138672,180.6300048828125,172.44000244140625,174.72999572753906,31318500,1
2020-08-26,173.8000030517578,174.42999267578125,171.35000610351562,171.89999389648438,16189800,0
2020-08-27,174.7100067138672,181.3099975585937,173.55999755859375,174.1999969482422,29548100,0
2020-08-28,175.11000061035156,177.27999877929688,172.57000732421875,175.8000030517578,20383900,0
2020-08-31,174.64999389648438,175.27000427246094,171.6999969482422,171.82000732421875,16264300,0
2020-09-01,170.7100067138672,175.49000549316406,169.25,172.10000610351562,18977300,0
2020-09-02,172.74000549316406,175.0,171.4499969482422,174.77999877929688,16552100,0
2020-09-03,175.0,180.8500061035156,168.1199951171875,168.77000427246094,27799400,0
2020-09-04,171.30999755859375,172.8300018310547,164.0,171.0500030517578,18867300,1
2020-09-08,165.8000030517578,166.89999389648438,160.5,161.0800018310547,22622700,0
2020-09-09,161.61000061035156,163.05999755859375,157.0,160.77999877929688,21951400,0
2020-09-10,160.9600067138672,163.77999877929688,157.57000732421875,157.69000244140625,14532600,0
2020-09-11,158.0,161.36000061035156,156.32000732421875,160.22999572753906,14722400,1
2020-09-14,161.75,165.94000244140625,158.89999389648438,165.35000610351562,17228400,0
2020-09-15,166.64999389648438,168.83999633789062,163.3300018310547,163.49000549316406,14881700,1
2020-09-16,161.9499969482422,170.57000732421875,160.30999755859375,167.4600067138672,21851400,0
2020-09-17,164.6300048828125,168.4600067138672,161.0500030517578,167.52999877929688,19717800,0
2020-09-18,165.66000366210938,169.72000122070312,161.02000427246094,161.13999938964844,22057100,1
2020-09-21,157.8300018310547,158.8300018310547,154.1999969482422,156.35000610351562,23125300,1
2020-09-22,156.80999755859375,160.07000732421875,154.9499969482422,156.8000030517578,17768900,1
2020-09-23,157.3300018310547,160.4199981689453,150.88999938964844,151.17999267578125,18247500,0
2020-09-24,150.2899932861328,150.30999755859375,145.02000427246094,146.0500030517578,27098100,1
2020-09-25,146.85000610351562,156.30999755859375,146.4199981689453,156.02999877929688,29123000,0
2020-09-28,160.3300018310547,168.0,159.1999969482422,166.0800018310547,38868200,0
2020-09-29,164.77000427246094,165.5,162.00999450683594,163.60000610351562,19874700,0
2020-09-30,164.5,170.97999572753906,164.11000061035156,165.25999450683594,38436700,1
2020-10-01,170.14999389648438,172.75999450683594,165.57000732421875,167.86000061035156,30677100,0
2020-10-02,161.86000061035156,169.77999877929688,161.8000030517578,168.0800018310547,31773800,1
2020-10-05,169.49000549316406,172.0800018310547,167.50999450683594,171.1999969482422,19082100,1
2020-10-06,173.0399932861328,175.55999755859375,159.3300018310547,159.5399932861328,47132500,1
2020-10-07,163.7100067138672,166.33999633789062,162.3800048828125,164.61000061035156,26019100,1
2020-10-08,166.22000122070312,168.08999633789062,163.5399932861328,168.0,20598600,0
2020-10-09,169.92999267578125,170.0,166.82000732421875,167.3300018310547,17406000,0
2020-10-12,167.75,169.1999969482422,165.9499969482422,167.35000610351562,12176600,0
2020-10-13,165.36000061035156,165.52999877929688,162.08999633789062,162.13999938964844,15182600,0
2020-10-14,162.6999969482422,165.1699981689453,162.49000549316406,163.24000549316406,10505500,0
2020-10-15,161.00999450683594,164.5399932861328,158.72999572753906,164.24000549316406,13226800,0
2020-10-16,171.22000122070312,173.4199981689453,167.27000427246094,167.35000610351562,31780600,1
2020-10-19,169.08999633789062,170.83999633789062,166.11000061035156,167.11000061035156,16519600,0
2020-10-20,168.2899932861328,169.2899932861328,166.17999267578125,167.24000549316406,12319900,1
2020-10-21,166.44000244140625,167.6300048828125,163.82000732421875,163.86000061035156,11450600,1
2020-10-22,164.6999969482422,169.6300048828125,164.10000610351562,169.07000732421875,14238200,1
2020-10-23,169.99000549316406,170.25999450683594,166.0500030517578,167.36000061035156,10024200,0
2020-10-26,164.9499969482422,165.5,159.0500030517578,160.8300018310547,16151100,1
2020-10-27,159.16000366210938,160.25,155.0,155.24000549316406,15491900,1
2020-10-28,153.0,153.9499969482422,148.0,148.13999938964844,20279800,0
2020-10-29,148.02999877929688,150.10000610351562,146.60000610351562,148.2899932861328,14554300,1
2020-10-30,147.1999969482422,149.1699981689453,141.5800018310547,144.38999938964844,15374700,1
2020-11-02,145.75,149.58999633789062,143.3800048828125,148.60000610351562,13854600,1
2020-11-03,151.8300018310547,154.82000732421875,150.63999938964844,153.64999389648438,12249800,1
2020-11-04,153.1699981689453,155.39999389648438,151.1699981689453,151.6300048828125,11344700,1
2020-11-05,152.47999572753906,157.6300048828125,152.10000610351562,157.08999633789062,12328300,1
2020-11-06,156.3300018310547,158.47000122070312,154.52000427246094,157.74000549316406,8995600,1
2020-11-09,179.0,184.4600067138672,172.16000366210938,179.36000061035156,49014400,1
2020-11-10,182.8000030517578,193.9499969482422,180.3800048828125,188.69000244140625,46404300,1
2020-11-11,189.88999938964844,190.0,180.41000366210932,182.1499938964844,29907800,1
2020-11-12,178.9499969482422,184.58999633789065,176.25,176.72000122070312,20288400,0
2020-11-13,179.0,187.2700042724609,178.7100067138672,187.1100006103516,19724500,0
2020-11-16,194.5599975585937,202.94000244140625,191.3500061035156,202.3999938964844,40562800,1
2020-11-17,200.25,211.1999969482422,196.0500030517578,210.0500030517578,38299300,0
2020-11-18,223.0200042724609,223.0200042724609,203.0,203.3000030517578,65990700,0
2020-11-19,200.4499969482422,209.44000244140625,199.8999938964844,205.6699981689453,34236100,1
2020-11-20,204.58999633789065,206.5800018310547,199.1699981689453,199.6199951171875,18230900,1
2020-11-23,203.2400054931641,214.2100067138672,201.8699951171875,211.52999877929688,28372400,1
2020-11-24,219.42999267578125,222.9499969482422,215.759994506836,218.4900054931641,31132000,1
2020-11-25,217.7100067138672,221.0,213.08999633789065,217.6100006103516,19254100,1
2020-11-27,218.25,219.92999267578125,216.0399932861328,216.5,9970200,1
2020-11-30,215.6999969482422,217.77999877929688,208.5200042724609,210.7100067138672,16501900,0
2020-12-01,214.3099975585937,218.08999633789065,213.0,213.009994506836,15754200,1
2020-12-02,213.009994506836,224.9900054931641,210.3000030517578,223.8500061035156,25912300,1
2020-12-03,228.3000030517578,242.0,226.52999877929688,237.1999969482422,45945100,1
2020-12-04,236.3600006103516,238.17999267578125,230.25,232.7100067138672,29378400,0
2020-12-07,238.5,244.0800018310547,237.1100006103516,238.1699981689453,33246700,0
2020-12-08,238.6999969482422,241.6999969482422,234.4600067138672,236.57000732421875,19682000,0
2020-12-09,238.63999938964844,240.83999633789065,228.27999877929688,232.0599975585937,19043600,0
2020-12-10,228.1000061035156,237.009994506836,228.0200042724609,234.42999267578125,16185000,0
2020-12-11,232.82000732421875,236.22000122070312,228.3300018310547,230.3300018310547,17311800,0
2020-12-14,235.0,237.6300048828125,228.3699951171875,228.6199951171875,19231200,1
2020-12-15,230.0,232.5,224.3600006103516,229.5,18993700,0
2020-12-16,229.3300018310547,232.3699951171875,225.3000030517578,225.8699951171875,17858400,1
2020-12-17,227.2400054931641,228.4900054931641,220.52999877929688,221.2400054931641,17465600,0
2020-12-18,222.0500030517578,223.4600067138672,218.6100006103516,219.75,19092800,0
2020-12-21,212.33999633789065,219.42999267578125,211.1000061035156,219.3099975585937,18726500,0
2020-12-22,223.27999877929688,223.88999938964844,217.6999969482422,218.77999877929688,13280000,0
2020-12-23,219.5500030517578,224.3999938964844,219.32000732421875,219.69000244140625,10869000,0
2020-12-24,219.6199951171875,219.8800048828125,216.0500030517578,217.1499938964844,6398500,0
2020-12-28,218.19000244140625,219.1999969482422,215.16000366210932,216.08999633789065,9090600,0
2020-12-29,218.3000030517578,221.67999267578125,215.3999938964844,216.25,14593800,0
2020-12-30,216.3600006103516,218.5500030517578,214.3699951171875,216.6699981689453,10812600,0
2020-12-31,216.2400054931641,216.8999938964844,212.6999969482422,214.0599975585937,10487600,0
2021-01-04,210.0,210.1999969482422,202.4900054931641,202.72000122070312,21225600,1
2021-01-05,204.7400054931641,213.3500061035156,204.6000061035156,211.6300048828125,19338300,1
2021-01-06,210.22000122070312,215.6100006103516,209.33999633789065,211.02999877929688,16202200,0
2021-01-07,213.38999938964844,216.6000061035156,211.77999877929688,212.7100067138672,14474100,0
2021-01-08,213.6100006103516,214.1000061035156,208.16000366210932,209.8999938964844,14144000,0
2021-01-11,203.02999877929688,207.77999877929688,201.009994506836,206.7899932861328,16770300,0
2021-01-12,206.6499938964844,209.0599975585937,204.8099975585937,208.41000366210932,12836200,1
2021-01-13,207.1499938964844,208.7899932861328,204.8500061035156,207.2100067138672,8570500,1
2021-01-14,208.7899932861328,214.19000244140625,208.2100067138672,209.91000366210932,12446800,1
2021-01-15,208.9600067138672,209.25,204.1999969482422,204.32000732421875,11103300,0
2021-01-19,206.9900054931641,211.5200042724609,206.5200042724609,210.7100067138672,11947200,0
2021-01-20,213.2400054931641,215.58999633789065,211.2100067138672,211.4499969482422,9727000,1
2021-01-21,211.72000122070312,211.92999267578125,206.33999633789065,207.41000366210932,11091300,1
2021-01-22,205.5500030517578,206.6999969482422,204.2700042724609,205.83999633789065,7514600,0
2021-01-25,203.2700042724609,203.8000030517578,199.3000030517578,203.3600006103516,14276200,0
2021-01-26,205.33999633789065,208.3500061035156,201.7899932861328,202.0599975585937,11011800,1
2021-01-27,196.8999938964844,199.47000122070312,191.8500061035156,194.02999877929688,20948500,1
2021-01-28,198.0500030517578,200.4199981689453,196.0,197.22999572753903,10403200,1
2021-01-29,198.3000030517578,201.57000732421875,193.1199951171875,194.19000244140625,13683700,1
2021-02-01,196.0,197.3800048828125,192.8600006103516,195.83999633789065,9061900,1
2021-02-02,198.97999572753903,203.02999877929688,198.08999633789065,200.94000244140625,11130600,1
2021-02-03,202.0,208.16000366210932,201.259994506836,207.38999938964844,11836900,1
2021-02-04,209.8699951171875,212.47999572753903,208.0200042724609,210.63999938964844,11869900,1
2021-02-05,212.25,213.1999969482422,206.66000366210932,207.92999267578125,9546100,1
2021-02-08,209.5500030517578,211.9900054931641,208.3000030517578,211.9499969482422,11182100,1
2021-02-09,210.6000061035156,216.72999572753903,208.8999938964844,215.1199951171875,13615700,1
2021-02-10,215.6499938964844,217.4900054931641,211.1199951171875,211.9199981689453,11510700,1
2021-02-11,212.2400054931641,213.9900054931641,208.57000732421875,210.66000366210932,7140200,1
2021-02-12,210.3600006103516,213.16000366210932,209.6699981689453,210.97999572753903,6010800,1
2021-02-16,213.0800018310547,217.3999938964844,212.3300018310547,217.17999267578125,10171100,1
2021-02-17,215.5200042724609,218.7100067138672,212.67999267578125,215.5200042724609,9276000,1
2021-02-18,213.4499969482422,214.33999633789065,208.0800018310547,208.47999572753903,9121300,1
2021-02-19,209.97000122070312,217.63999938964844,209.1499938964844,217.47000122070312,12415300,1
2021-02-22,211.88999938964844,220.38999938964844,210.8000030517578,212.8800048828125,21413700,1
2021-02-23,214.1499938964844,214.75,206.6000061035156,212.1199951171875,15996700,1
2021-02-24,212.1000061035156,229.6100006103516,211.6000061035156,229.33999633789065,30709300,0
2021-02-25,227.8000030517578,228.5,214.7100067138672,216.4499969482422,19283000,1
2021-02-26,218.509994506836,220.66000366210932,211.2899932861328,212.009994506836,12838400,1
2021-03-01,219.6000061035156,226.97999572753903,219.0200042724609,224.38999938964844,18735400,1
2021-03-02,224.7899932861328,227.19000244140625,222.1499938964844,223.13999938964844,11114400,1
2021-03-03,226.3600006103516,235.3999938964844,225.0399932861328,228.5599975585937,30426000,1
2021-03-04,232.72999572753903,237.1000061035156,218.6999969482422,224.7100067138672,26645100,1
2021-03-05,229.009994506836,229.9199981689453,213.8000030517578,223.22000122070312,20026600,1
2021-03-08,226.6699981689453,229.88999938964844,223.7100067138672,224.02999877929688,13836800,1
2021-03-09,226.8099975585937,234.0599975585937,222.5800018310547,230.6100006103516,21001200,1
2021-03-10,233.8099975585937,246.8000030517578,232.8800048828125,245.33999633789065,27753400,1
2021-03-11,248.7700042724609,256.6499938964844,246.5500030517578,252.0,30139200,0
2021-03-12,253.8600006103516,269.7200012207031,253.5,269.19000244140625,35264300,0
2021-03-15,274.1499938964844,278.57000732421875,264.3299865722656,265.6300048828125,34816700,0
2021-03-16,263.2300109863281,264.1700134277344,254.0200042724609,255.2100067138672,28785800,0
2021-03-17,254.6999969482422,263.6099853515625,253.67999267578125,263.5899963378906,23785500,0
2021-03-18,261.32000732421875,267.3699951171875,254.72999572753903,256.0599975585937,24595500,0
2021-03-19,257.75,258.8800048828125,251.3099975585937,255.82000732421875,17330800,0
2021-03-22,255.82000732421875,257.6700134277344,250.16000366210932,251.22999572753903,15230000,0
2021-03-23,249.259994506836,251.3000030517578,239.42999267578125,241.25,21358200,1
2021-03-24,243.75,248.8000030517578,239.0599975585937,239.2400054931641,24055100,1
2021-03-25,234.33999633789065,247.5800018310547,231.6999969482422,247.19000244140625,27553600,1
2021-03-26,249.6199951171875,250.8999938964844,240.3000030517578,244.8699951171875,17157100,1
2021-03-29,251.3000030517578,254.7100067138672,248.02999877929688,250.5200042724609,22198800,0
2021-03-30,251.2400054931641,253.5,248.91000366210932,252.009994506836,12577300,1
2021-03-31,254.6999969482422,257.8800048828125,253.3600006103516,254.72000122070312,14138500,0
2021-04-01,256.6700134277344,257.8800048828125,251.3099975585937,252.9600067138672,10934500,0
2021-04-05,256.5599975585937,260.4800109863281,256.25,259.3599853515625,13750300,0
2021-04-06,257.2099914550781,259.3500061035156,254.66000366210932,255.1699981689453,11180300,1
2021-04-07,255.3099975585937,255.8999938964844,250.8300018310547,252.5800018310547,9925700,0
2021-04-08,251.6999969482422,254.9499969482422,249.3099975585937,254.9499969482422,9899900,0
2021-04-09,250.509994506836,252.83999633789065,249.44000244140625,252.3600006103516,12255900,1
2021-04-12,250.57000732421875,251.5500030517578,246.2899932861328,249.5200042724609,10383600,0
2021-04-13,248.3300018310547,254.4900054931641,246.1000061035156,253.2700042724609,15901400,0
2021-04-14,255.32000732421875,258.3699951171875,251.27999877929688,252.42999267578125,12661800,1
2021-04-15,253.5599975585937,254.1199951171875,249.42999267578125,251.1100006103516,9479000,1
2021-04-16,252.0,253.0500030517578,246.22999572753903,248.17999267578125,14606000,0
2021-04-19,247.0,247.0,242.22000122070312,244.1499938964844,9249300,0
2021-04-20,241.02999877929688,241.08999633789065,232.33999633789065,234.0599975585937,19483600,0
2021-04-21,232.22000122070312,236.759994506836,230.22000122070312,235.9199981689453,12847000,1
2021-04-22,235.9600067138672,239.6499938964844,233.3800048828125,234.3300018310547,13854400,0
2021-04-23,233.88999938964844,238.5800018310547,233.1100006103516,238.3800048828125,11533100,0
2021-04-26,240.2400054931641,244.6499938964844,240.1000061035156,241.44000244140625,10599600,0
2021-04-27,241.8800048828125,243.4900054931641,239.41000366210932,242.47000122070312,10583300,0
2021-04-28,239.0,239.6499938964844,232.8500061035156,235.4600067138672,19054100,0
2021-04-29,237.0,237.67999267578125,231.8000030517578,235.94000244140625,12296100,0
2021-04-30,233.67999267578125,236.7700042724609,232.6999969482422,234.3099975585937,10380400,0
2021-05-03,234.1100006103516,237.1000061035156,233.8099975585937,235.19000244140625,9887800,0
2021-05-04,235.75,236.6499938964844,225.6499938964844,233.6300048828125,17807200,0
2021-05-05,232.4499969482422,233.4900054931641,227.5599975585937,228.17999267578125,14913500,1
2021-05-06,229.3000030517578,231.1699981689453,226.5500030517578,229.8099975585937,11857100,1
2021-05-07,229.8000030517578,235.91000366210932,227.9900054931641,235.47000122070312,12823000,1
2021-05-10,236.83999633789065,241.1000061035156,232.5,232.92999267578125,14813900,1
2021-05-11,226.5599975585937,230.1300048828125,223.8500061035156,228.8800048828125,16273200,1
2021-05-12,227.25,229.7400054931641,220.6300048828125,220.77999877929688,14931200,1
2021-05-13,223.0,229.2700042724609,219.07000732421875,222.63999938964844,16503400,1
2021-05-14,225.9900054931641,228.8099975585937,224.3500061035156,228.47000122070312,10162400,1
2021-05-17,226.2400054931641,228.259994506836,223.5800018310547,227.97999572753903,9559300,0
2021-05-18,227.25,232.2700042724609,226.42999267578125,227.5500030517578,10081100,1
2021-05-19,223.17999267578125,225.1199951171875,220.27999877929688,224.4199981689453,13162700,1
2021-05-20,225.1300048828125,228.44000244140625,223.7700042724609,227.6499938964844,9218900,1
2021-05-21,232.8999938964844,236.3000030517578,231.38999938964844,234.82000732421875,16579000,1
2021-05-24,235.13999938964844,238.5,232.6000061035156,237.44000244140625,10106000,0
2021-05-25,240.0,243.77999877929688,239.22999572753903,240.7400054931641,12908000,1
2021-05-26,241.6999969482422,242.4900054931641,239.8699951171875,241.3699951171875,7240200,0
2021-05-27,248.1100006103516,252.6000061035156,247.19000244140625,250.6999969482422,18404400,1
2021-05-28,247.47999572753903,248.97999572753903,245.3699951171875,247.0200042724609,11197400,1
2021-06-01,253.0,255.63999938964844,251.5200042724609,254.72999572753903,13562800,0
2021-06-02,255.6000061035156,258.3999938964844,254.6199951171875,255.6199951171875,10820400,1
2021-06-03,252.97999572753903,254.8000030517578,249.69000244140625,250.32000732421875,10402000,0
2021-06-04,251.509994506836,251.8000030517578,248.4900054931641,249.9199981689453,8799000,0
2021-06-07,251.5,253.1999969482422,248.8099975585937,252.66000366210932,10606000,0
2021-06-08,256.260009765625,256.3099975585937,250.0,252.759994506836,15113900,1
2021-06-09,251.1999969482422,253.1699981689453,247.91000366210932,248.0599975585937,10693200,1
2021-06-10,251.72000122070312,255.13999938964844,248.1000061035156,248.33999633789065,14519200,0
2021-06-11,250.3500061035156,251.1199951171875,245.77999877929688,247.27999877929688,9934200,1
2021-06-14,246.44000244140625,249.1999969482422,244.3999938964844,245.13999938964844,9344400,0
2021-06-15,245.3600006103516,248.509994506836,244.94000244140625,246.5399932861328,10630900,0
2021-06-16,245.25,246.0599975585937,241.5500030517578,242.2700042724609,10529200,0
2021-06-17,241.9600067138672,243.5,237.3300018310547,239.22000122070312,10774400,0
2021-06-18,237.7899932861328,239.3099975585937,235.8000030517578,237.3500061035156,11965000,0
2021-06-21,238.66000366210932,245.6199951171875,237.25,245.27999877929688,15301800,1
2021-06-22,244.5,244.6300048828125,241.0800018310547,243.77999877929688,10042500,1
2021-06-23,244.8000030517578,246.8699951171875,243.1699981689453,243.57000732421875,9874700,0
2021-06-24,245.1999969482422,250.7400054931641,243.6999969482422,250.57000732421875,13755600,0
2021-06-25,250.75,252.3000030517578,248.25,248.3800048828125,9625800,0
2021-06-28,244.72999572753903,245.0800018310547,238.8800048828125,239.9600067138672,18152000,1
2021-06-29,243.7400054931641,244.3699951171875,235.66000366210932,235.759994506836,16743900,0
2021-06-30,236.2400054931641,241.1699981689453,236.0,239.5599975585937,12089100,0
2021-07-01,240.3600006103516,241.8000030517578,238.6100006103516,239.72999572753903,9516200,0
2021-07-02,239.5500030517578,240.1100006103516,233.47000122070312,236.67999267578125,15706600,0
2021-07-06,236.8500061035156,237.1699981689453,233.47000122070312,236.13999938964844,11045800,1
2021-07-07,235.1699981689453,238.009994506836,230.5200042724609,231.77999877929688,11497000,0
2021-07-08,227.47999572753903,237.47000122070312,226.16000366210932,236.7700042724609,17964300,0
2021-07-09,237.7700042724609,240.3800048828125,236.22000122070312,239.58999633789065,12385400,0
2021-07-12,237.9900054931641,240.7700042724609,236.4600067138672,238.2899932861328,9071500,0
2021-07-13,232.2700042724609,234.4900054931641,228.16000366210932,228.1999969482422,21029500,0
2021-07-14,229.0200042724609,230.5200042724609,224.3000030517578,224.4499969482422,12137000,1
2021-07-15,222.8800048828125,226.6699981689453,220.8000030517578,222.759994506836,12228600,1
2021-07-16,223.1100006103516,224.0,217.02999877929688,217.7400054931641,12413400,1
2021-07-19,211.17999267578125,211.5500030517578,204.8000030517578,206.9900054931641,24123600,1
2021-07-20,208.1000061035156,217.3699951171875,206.6199951171875,217.1499938964844,17027300,1
2021-07-21,219.5,224.08999633789065,218.8999938964844,222.5399932861328,11437600,1
2021-07-22,221.5200042724609,222.25,218.3099975585937,220.8699951171875,9768900,1
2021-07-23,222.97000122070312,224.6300048828125,220.94000244140625,221.5200042724609,9379500,0
2021-07-26,220.0,226.1199951171875,219.88999938964844,225.8500061035156,8933200,1
2021-07-27,223.1699981689453,225.6999969482422,220.4199981689453,222.2700042724609,8784200,0
2021-07-28,234.0500030517578,237.4900054931641,231.3300018310547,231.57000732421875,19330500,0
2021-07-29,233.69000244140625,234.82000732421875,231.1199951171875,231.6300048828125,8667900,0
2021-07-30,229.38999938964844,231.17999267578125,225.3999938964844,226.47999572753903,9940100,0
2021-08-02,227.19000244140625,230.47000122070312,224.8699951171875,225.33999633789065,8889100,0
2021-08-03,225.8999938964844,229.1000061035156,221.3000030517578,229.08999633789065,7326400,0
2021-08-04,226.4199981689453,232.3500061035156,225.3300018310547,226.6300048828125,9756300,1
2021-08-05,226.67999267578125,231.5399932861328,226.4900054931641,229.94000244140625,8362600,0
2021-08-06,231.5500030517578,233.57000732421875,230.4199981689453,231.3300018310547,6061900,0
2021-08-09,229.0,233.57000732421875,226.88999938964844,232.2700042724609,8358600,0
2021-08-10,231.97000122070312,236.8500061035156,231.6199951171875,235.77999877929688,9603500,0
2021-08-11,236.6100006103516,239.58999633789065,234.5800018310547,239.4900054931641,9664000,0
2021-08-12,240.0,241.1499938964844,236.509994506836,238.17999267578125,6810000,0
2021-08-13,238.009994506836,239.69000244140625,234.27999877929688,234.4600067138672,6390300,0
2021-08-16,231.8999938964844,232.02999877929688,227.13999938964844,229.0599975585937,7622000,0
2021-08-17,226.1999969482422,226.2400054931641,219.8000030517578,222.22000122070312,13124000,0
2021-08-18,221.72999572753903,223.6499938964844,218.8999938964844,219.0,9000900,0
2021-08-19,216.3000030517578,218.3000030517578,211.72999572753903,212.16000366210932,11404400,1
2021-08-20,212.3099975585937,214.7400054931641,210.94000244140625,212.6699981689453,9335700,1
2021-08-23,215.8300018310547,220.17999267578125,215.3800048828125,219.3999938964844,10392100,0
2021-08-24,220.1100006103516,223.1000061035156,219.8000030517578,221.42999267578125,8942600,0
2021-08-25,221.5,222.3000030517578,219.1000061035156,221.02999877929688,6528900,0
2021-08-26,221.41000366210932,222.8999938964844,215.91000366210932,216.5,8341400,0
2021-08-27,217.47000122070312,222.42999267578125,216.8600006103516,221.75,7684900,0
2021-08-30,222.3500061035156,222.3699951171875,217.52999877929688,217.66000366210932,7587800,0
2021-08-31,217.3300018310547,221.3300018310547,217.08999633789065,219.5,6764500,0
2021-09-01,220.0,221.759994506836,217.6199951171875,218.1199951171875,7157400,0
2021-09-02,218.9499969482422,223.83999633789065,218.0800018310547,220.8300018310547,8899500,0
2021-09-03,219.4499969482422,221.17999267578125,217.4600067138672,218.1699981689453,6393500,0
2021-09-07,215.91000366210932,216.7100067138672,212.1699981689453,214.2400054931641,13196100,0
2021-09-08,213.6000061035156,216.0800018310547,210.509994506836,211.3800048828125,8877600,1
2021-09-09,211.1499938964844,216.6100006103516,210.72000122070312,213.94000244140625,9242800,1
2021-09-10,215.16000366210932,215.88999938964844,210.1199951171875,210.3000030517578,6959700,0
2021-09-13,211.3500061035156,215.63999938964844,209.8800048828125,214.47999572753903,10175900,1
2021-09-14,215.83999633789065,216.1100006103516,210.7100067138672,211.57000732421875,9947000,1
2021-09-15,211.7899932861328,214.3500061035156,210.32000732421875,214.22000122070312,7916300,0
2021-09-16,213.9600067138672,216.3099975585937,213.3099975585937,213.3600006103516,6370900,1
2021-09-17,213.1199951171875,215.3699951171875,211.91000366210932,213.3600006103516,7932700,0
2021-09-20,210.8099975585937,212.42999267578125,206.52999877929688,209.5,10567400,0
2021-09-21,210.25,211.759994506836,207.72000122070312,208.509994506836,7139000,1
2021-09-22,210.0,217.9900054931641,209.6499938964844,216.97999572753903,10953000,1
2021-09-23,217.8099975585937,222.6199951171875,217.1499938964844,221.1000061035156,9344600,0
2021-09-24,219.1300048828125,222.41000366210932,218.66000366210932,221.38999938964844,6498200,0
2021-09-27,224.0,228.6000061035156,223.8800048828125,224.16000366210932,9749200,0
2021-09-28,222.8999938964844,224.5800018310547,216.4199981689453,218.41000366210932,9639800,0
2021-09-29,227.8000030517578,229.94000244140625,224.8600006103516,225.3600006103516,16808000,0
2021-09-30,226.0800018310547,226.1499938964844,219.4600067138672,219.94000244140625,10366900,1
2021-10-01,222.8500061035156,226.72000122070312,220.6000061035156,226.0,9113600,0
2021-10-04,225.67999267578125,227.97000122070312,222.0,223.7899932861328,6946100,0
2021-10-05,224.2700042724609,226.4499969482422,222.4199981689453,224.4199981689453,5687300,1
2021-10-06,221.0800018310547,225.07000732421875,219.1999969482422,224.9900054931641,7157600,0
2021-10-07,227.33999633789065,229.0,225.8999938964844,226.47999572753903,7748500,0
2021-10-08,226.75,228.7100067138672,225.3999938964844,226.38999938964844,4515000,0
2021-10-11,226.5,232.1000061035156,225.32000732421875,226.4499969482422,7287000,0
2021-10-12,226.0,228.66000366210932,223.1199951171875,223.57000732421875,8486800,0
2021-10-13,224.0,224.3000030517578,219.3600006103516,221.77999877929688,8240200,0
2021-10-14,221.07000732421875,222.17999267578125,217.0399932861328,217.44000244140625,10427300,1
2021-10-15,218.1699981689453,219.6100006103516,216.27999877929688,217.0399932861328,8773400,0
2021-10-18,216.0,217.27999877929688,214.0500030517578,216.97999572753903,6553500,1
2021-10-19,217.47000122070312,217.66000366210932,215.27999877929688,215.97000122070312,5963400,1
2021-10-20,215.4900054931641,218.66000366210932,214.3500061035156,216.1699981689453,8485200,0
2021-10-21,216.5399932861328,218.1100006103516,213.8099975585937,214.33999633789065,8691500,0
2021-10-22,214.6000061035156,216.72000122070312,212.5800018310547,212.97000122070312,7077600,0
2021-10-25,213.25,213.97999572753903,211.6999969482422,212.8699951171875,7239100,1
2021-10-26,213.19000244140625,214.8500061035156,208.17999267578125,209.8099975585937,11014500,1
2021-10-27,212.8500061035156,212.8999938964844,205.63999938964844,206.6100006103516,14761700,1
2021-10-28,206.0,208.7400054931641,204.6000061035156,207.8500061035156,8825500,0
2021-10-29,206.83999633789065,208.2400054931641,205.2899932861328,207.02999877929688,8559500,0
2021-11-01,207.0,214.69000244140625,206.8099975585937,214.5800018310547,9284900,1
2021-11-02,213.8300018310547,215.72000122070312,210.6999969482422,212.7700042724609,6160200,0
2021-11-03,211.47000122070312,213.759994506836,210.8699951171875,213.3800048828125,4636100,0
2021-11-04,213.8000030517578,214.82000732421875,211.8699951171875,213.02999877929688,5849600,1
2021-11-05,217.6999969482422,224.5800018310547,217.6999969482422,224.4600067138672,16936300,0
2021-11-08,225.2400054931641,226.9900054931641,222.1100006103516,222.67999267578125,9456100,1
2021-11-09,222.4900054931641,222.8500061035156,217.5399932861328,220.7899932861328,6863700,1
2021-11-10,219.3600006103516,225.67999267578125,217.2700042724609,218.5,8197600,0
2021-11-11,220.5,222.6499938964844,218.8999938964844,219.3800048828125,6567300,1
2021-11-12,219.72000122070312,223.75,218.8999938964844,220.9600067138672,6419900,0
2021-11-15,227.3699951171875,233.94000244140625,226.9199981689453,233.08999633789065,21921900,0
2021-11-16,232.94000244140625,232.9499969482422,225.509994506836,225.8000030517578,10120200,0
2021-11-17,229.5399932861328,231.32000732421875,224.1999969482422,226.6199951171875,10750900,0
2021-11-18,230.3000030517578,231.5,224.9499969482422,227.25,10983700,0
2021-11-19,225.07000732421875,225.3300018310547,213.22999572753903,214.1300048828125,20844100,0
2021-11-22,215.0,215.0200042724609,208.9499969482422,209.8999938964844,10764300,0
2021-11-23,211.5,212.9900054931641,207.7700042724609,209.1300048828125,8882800,0
2021-11-24,207.5200042724609,211.22000122070312,206.8699951171875,210.6000061035156,5437600,0
2021-11-26,197.57000732421875,199.4199981689453,194.0,199.2100067138672,17636600,1
2021-11-29,201.8699951171875,204.27999877929688,195.3300018310547,198.5,12276200,1
2021-11-30,196.0200042724609,198.82000732421875,193.8500061035156,197.8500061035156,12638900,1
2021-12-01,200.8099975585937,201.6199951171875,188.0,188.19000244140625,13268700,1
2021-12-02,196.8000030517578,202.5399932861328,192.41000366210932,202.3800048828125,20435400,1
2021-12-03,198.6999969482422,199.8999938964844,195.4199981689453,198.4900054931641,10742700,1
2021-12-06,199.7700042724609,206.4199981689453,199.1999969482422,205.8800048828125,11587900,1
2021-12-07,207.0599975585937,211.6499938964844,206.3800048828125,208.8300018310547,10387900,0
2021-12-08,209.17999267578125,212.67999267578125,207.7100067138672,211.02999877929688,6986800,1
2021-12-09,207.52999877929688,208.5500030517578,205.1999969482422,207.5599975585937,7011000,0
2021-12-10,208.8099975585937,209.0,203.47999572753903,205.0599975585937,6040000,0
2021-12-13,202.5,202.8099975585937,195.5500030517578,197.3999938964844,10619600,1
2021-12-14,195.6000061035156,200.5,195.17999267578125,195.5,8445100,1
2021-12-15,195.27999877929688,196.5800018310547,190.32000732421875,195.42999267578125,10535900,1
2021-12-16,197.0,198.32000732421875,190.44000244140625,190.7899932861328,8216800,1
2021-12-17,190.2700042724609,194.7700042724609,187.8800048828125,192.6300048828125,12618300,1
2021-12-20,188.1100006103516,190.3600006103516,185.259994506836,188.47999572753903,10256400,1
2021-12-21,190.27999877929688,199.69000244140625,190.0399932861328,199.5200042724609,12082300,1
2021-12-22,199.4600067138672,202.92999267578125,197.94000244140625,201.69000244140625,8145300,1
2021-12-23,202.1300048828125,205.1300048828125,201.32000732421875,204.22000122070312,7415200,1
2021-12-27,201.9900054931641,203.42999267578125,199.1000061035156,203.1699981689453,7818900,1
2021-12-28,202.22999572753903,208.94000244140625,201.6499938964844,206.1300048828125,8879700,1
2021-12-29,205.3600006103516,205.41000366210932,202.6000061035156,203.66000366210932,6119000,1
2021-12-30,203.0,206.0,202.6000061035156,202.7100067138672,7012600,0
2021-12-31,202.1999969482422,203.69000244140625,200.02999877929688,201.32000732421875,8053000,0
2022-01-03,204.0,210.5500030517578,203.33999633789065,207.8600006103516,9060200,1
2022-01-04,211.3000030517578,214.5599975585937,209.77999877929688,213.6300048828125,11414600,0
2022-01-05,216.63999938964844,218.92999267578125,211.8099975585937,213.07000732421875,11564700,0
2022-01-06,214.63999938964844,216.0,207.8600006103516,211.33999633789065,7142200,1
2022-01-07,212.97999572753903,218.32000732421875,212.3800048828125,215.5,9526400,0
2022-01-10,214.259994506836,215.27999877929688,207.1300048828125,209.3099975585937,8229000,0
2022-01-11,209.0,217.02999877929688,208.41000366210932,216.0200042724609,8098400,0
2022-01-12,217.08999633789065,221.2400054931641,216.3000030517578,217.4499969482422,9134500,1
2022-01-13,222.25,226.88999938964844,220.0500030517578,223.8999938964844,17628000,0
2022-01-14,222.16000366210932,226.1999969482422,220.25,225.9600067138672,8053500,1
2022-01-18,224.5,229.6699981689453,224.259994506836,225.009994506836,8930700,0
2022-01-19,225.1000061035156,225.4199981689453,216.94000244140625,217.0800018310547,9382800,1
2022-01-20,217.3800048828125,221.9499969482422,213.4199981689453,214.19000244140625,7636800,1
2022-01-21,213.7899932861328,213.7899932861328,204.57000732421875,205.44000244140625,11548500,1
2022-01-24,199.8500061035156,204.8000030517578,192.509994506836,204.1999969482422,13796500,1
2022-01-25,200.1000061035156,205.6300048828125,197.5500030517578,204.1000061035156,8824500,1
2022-01-26,206.2100067138672,206.2100067138672,191.9199981689453,194.2700042724609,19974400,0
2022-01-27,196.3800048828125,199.7100067138672,188.63999938964844,189.75,12670100,1
2022-01-28,188.77999877929688,190.72000122070312,183.7700042724609,190.57000732421875,10966700,1
2022-01-31,190.72999572753903,200.33999633789065,190.0,200.2400054931641,15504600,0
2022-02-01,202.47999572753903,208.88999938964844,200.5,208.33999633789065,12265100,0
2022-02-02,205.42999267578125,208.38999938964844,203.2100067138672,207.5200042724609,7843700,1
2022-02-03,206.0599975585937,209.1000061035156,204.259994506836,206.38999938964844,7054700,0
2022-02-04,205.0,208.25,203.1000061035156,206.4499969482422,5952600,0
2022-02-07,205.7899932861328,214.3699951171875,205.4199981689453,211.9199981689453,11816900,1
2022-02-08,212.67999267578125,213.8699951171875,209.69000244140625,213.2700042724609,7356200,0
2022-02-09,214.91000366210932,217.0399932861328,213.3000030517578,215.8600006103516,7587700,0
2022-02-10,213.7100067138672,223.22999572753903,213.6999969482422,218.75,11695900,0
2022-02-11,217.8699951171875,221.4199981689453,210.2700042724609,212.3000030517578,11443700,0
2022-02-14,213.0,215.6300048828125,208.759994506836,210.0399932861328,6481400,0
2022-02-15,214.83999633789065,219.5399932861328,213.69000244140625,217.72999572753903,10448500,0
2022-02-16,216.1000061035156,219.67999267578125,215.27999877929688,218.92999267578125,5698900,0
2022-02-17,218.47000122070312,218.5800018310547,212.6699981689453,213.5800018310547,6176600,0
2022-02-18,212.5599975585937,214.72999572753903,208.6000061035156,209.02999877929688,6973600,0
2022-02-22,205.0,206.8999938964844,197.82000732421875,198.7400054931641,10382100,1
2022-02-23,201.1300048828125,203.25,195.91000366210932,196.4199981689453,7326300,1
2022-02-24,189.2899932861328,198.8600006103516,186.8800048828125,198.42999267578125,12207600,0
2022-02-25,201.08999633789065,204.07000732421875,199.1000061035156,201.47999572753903,8730300,1
2022-02-28,198.5800018310547,207.3099975585937,196.75,205.33999633789065,9859300,0
2022-03-01,203.1100006103516,203.5,192.92999267578125,194.91000366210932,11799500,0
2022-03-02,196.2700042724609,199.8500061035156,194.63999938964844,197.8099975585937,7463400,0
2022-03-03,197.94000244140625,198.5,188.7100067138672,188.8500061035156,12424500,1
2022-03-04,187.3699951171875,188.32000732421875,178.97000122070312,180.83999633789065,13084000,1
2022-03-07,181.02999877929688,182.72000122070312,169.05999755859375,169.1699981689453,12847500,1
2022-03-08,169.72999572753906,180.82000732421875,167.5800018310547,173.8000030517578,13715500,0
2022-03-09,179.8000030517578,182.8699951171875,177.41000366210938,178.55999755859375,10062100,1
2022-03-10,175.75999450683594,182.0200042724609,175.38999938964844,178.38999938964844,8364100,0
2022-03-11,183.58999633789065,184.8600006103516,175.9499969482422,176.22999572753906,9373600,1
2022-03-14,175.8800048828125,178.22999572753906,172.57000732421875,175.52000427246094,8138900,1
2022-03-15,176.3000030517578,180.5,175.60000610351562,179.88999938964844,8051500,1
2022-03-16,183.38999938964844,189.6000061035156,182.3000030517578,188.9900054931641,12077500,1
2022-03-17,186.3600006103516,190.2400054931641,185.2700042724609,190.19000244140625,8126600,0
2022-03-18,192.07000732421875,193.3800048828125,190.1000061035156,192.8300018310547,12849600,0
2022-03-21,184.3999938964844,187.2700042724609,180.6100006103516,185.8999938964844,27369600,1
2022-03-22,185.2400054931641,192.8600006103516,184.5200042724609,191.0399932861328,14378500,0
2022-03-23,189.6699981689453,190.16000366210932,185.02999877929688,186.0399932861328,8297800,0
2022-03-24,186.3500061035156,189.19000244140625,184.72000122070312,189.0500030517578,7094400,0
2022-03-25,187.759994506836,191.6999969482422,186.92999267578125,188.9499969482422,6365600,1
2022-03-28,188.42999267578125,189.259994506836,184.47000122070312,188.16000366210932,6904100,1
2022-03-29,191.6199951171875,196.3600006103516,191.1999969482422,193.8000030517578,8438700,0
2022-03-30,192.32000732421875,197.4499969482422,191.3600006103516,194.91000366210932,9959300,0
2022-03-31,195.0,197.5800018310547,191.4499969482422,191.5,6447900,0
2022-04-01,192.5800018310547,192.6199951171875,188.77999877929688,190.759994506836,4862100,0
2022-04-04,190.0200042724609,191.83999633789065,186.91000366210932,191.17999267578125,7792100,0
2022-04-05,189.6999969482422,192.3500061035156,182.5200042724609,182.6499938964844,9371600,0
2022-04-06,180.3999938964844,180.57000732421875,176.5800018310547,178.72000122070312,8173900,0
2022-04-07,178.1300048828125,178.66000366210938,173.8699951171875,177.97000122070312,7517800,0
2022-04-08,176.5399932861328,178.1300048828125,174.24000549316406,175.1999969482422,6524100,1
2022-04-11,173.83999633789062,179.6699981689453,173.39999389648438,175.02999877929688,6001100,0
2022-04-12,175.5,178.5,174.52999877929688,176.27999877929688,6125100,1
2022-04-13,176.9600067138672,183.4600067138672,176.9600067138672,182.8699951171875,7399900,0
2022-04-14,182.75,185.5399932861328,181.63999938964844,181.94000244140625,5144600,0
2022-04-18,181.4499969482422,182.4600067138672,178.5500030517578,179.85000610351562,5042600,1
2022-04-19,180.3600006103516,187.6100006103516,180.27999877929688,185.97999572753903,7485600,0
2022-04-20,187.2400054931641,187.33999633789065,182.8600006103516,183.5500030517578,6824300,0
2022-04-21,188.72999572753903,189.8500061035156,180.5500030517578,181.0200042724609,7446100,0
2022-04-22,180.77999877929688,182.6699981689453,176.5,176.9199981689453,6372400,1
2022-04-25,174.50999450683594,176.0800018310547,172.4499969482422,175.91000366210938,6293100,1
2022-04-26,174.75999450683594,174.8699951171875,166.85000610351562,167.0399932861328,9277300,0
2022-04-27,161.25,161.25,146.0,154.4600067138672,40371700,1
2022-04-28,156.61000061035156,156.7899932861328,149.0,154.22000122070312,13518800,0
2022-04-29,153.44000244140625,157.02999877929688,148.52000427246094,148.83999633789062,10880300,0
2022-05-02,148.02000427246094,149.4499969482422,143.3800048828125,148.61000061035156,12399200,0
2022-05-03,149.08999633789062,154.4499969482422,147.91000366210938,153.5800018310547,10149500,1
2022-05-04,152.91000366210938,157.13999938964844,150.77000427246094,156.97000122070312,9550600,0
2022-05-05,155.69000244140625,157.99000549316406,149.0500030517578,150.47000122070312,7950800,0
2022-05-06,149.9600067138672,150.89999389648438,145.85000610351562,148.89999389648438,7697900,0
2022-05-09,146.0,146.9499969482422,132.64999389648438,133.30999755859375,12593800,0
2022-05-10,136.75999450683594,137.83999633789062,130.3300018310547,132.9499969482422,11781400,0
2022-05-11,132.9499969482422,138.9600067138672,129.11000061035156,129.38999938964844,11388400,0
2022-05-12,126.88999938964844,128.52999877929688,120.27999877929688,123.13999938964844,15891300,1
2022-05-13,124.9800033569336,130.8000030517578,122.37999725341795,127.1999969482422,20891500,1
2022-05-16,127.0500030517578,131.1199951171875,122.3499984741211,124.0500030517578,10631600,1
2022-05-17,126.91000366210938,132.8300018310547,125.79000091552734,132.0500030517578,12154200,1
2022-05-18,130.33999633789062,132.10000610351562,124.36000061035156,125.5199966430664,9567600,0
2022-05-19,124.4000015258789,128.39999389648438,123.6999969482422,127.13999938964844,8075800,0
2022-05-20,128.77000427246094,128.85000610351562,117.08000183105467,120.6999969482422,18822200,1
2022-05-23,121.6999969482422,124.4800033569336,120.33999633789062,124.06999969482422,9341500,1
2022-05-24,122.44000244140624,122.6999969482422,117.29000091552734,119.4000015258789,9092400,1
2022-05-25,119.16999816894533,122.5999984741211,118.76000213623048,122.05999755859376,7707900,1
2022-05-26,123.0999984741211,128.83999633789062,122.73999786376952,127.7300033569336,8333900,1
2022-05-27,128.77000427246094,132.22999572753906,128.32000732421875,132.22999572753906,7261500,1
2022-05-31,131.02999877929688,132.99000549316406,128.86000061035156,131.39999389648438,7953700,1
2022-06-01,133.0,134.3300018310547,127.01000213623048,130.64999389648438,9991600,0
2022-06-02,132.13999938964844,140.5500030517578,131.8699951171875,140.5,12777000,0
2022-06-03,138.52000427246094,140.6999969482422,137.58999633789062,139.25,10091800,1
2022-06-06,139.99000549316406,141.13999938964844,136.8300018310547,139.24000549316406,6354800,0
2022-06-07,137.49000549316406,141.24000549316406,135.91000366210938,140.82000732421875,5436100,1
2022-06-08,139.1300048828125,142.2100067138672,138.44000244140625,139.6300048828125,5833700,0
2022-06-09,139.35000610351562,139.66000366210938,133.6999969482422,133.72999572753906,6010100,1
2022-06-10,130.27000427246094,132.19000244140625,126.8499984741211,127.0,7770700,1
2022-06-13,123.0,123.25,114.13999938964844,115.86000061035156,16778500,1
2022-06-14,116.6500015258789,122.19000244140624,113.0199966430664,122.16000366210938,17549800,0
2022-06-15,124.3499984741211,134.99000549316406,123.83000183105467,133.72000122070312,25997800,1
2022-06-16,131.6999969482422,135.33999633789062,131.25999450683594,133.36000061035156,19543600,0
2022-06-17,132.25,138.97999572753906,131.5,136.8000030517578,16042500,1
2022-06-21,139.1699981689453,140.94000244140625,135.83999633789062,136.75,10519900,0
2022-06-22,134.02999877929688,138.7899932861328,133.27999877929688,137.16000366210938,7713300,1
2022-06-23,136.4199981689453,137.4199981689453,130.08999633789062,133.97000122070312,10746900,1
2022-06-24,135.00999450683594,141.8699951171875,134.9499969482422,141.52999877929688,13626200,0
2022-06-27,140.27999877929688,140.57000732421875,136.22000122070312,138.72000122070312,8457400,1
2022-06-28,140.88999938964844,147.17999267578125,138.5399932861328,138.6999969482422,12125400,1
2022-06-29,138.61000061035156,138.9199981689453,134.83999633789062,138.4499969482422,7489200,1
2022-06-30,134.3000030517578,137.49000549316406,131.60000610351562,136.72000122070312,8455100,1
2022-07-01,135.8800048828125,141.7899932861328,135.39999389648438,139.83999633789062,7627100,0
2022-07-05,136.25,138.07000732421875,131.2899932861328,137.6999969482422,10065900,1
2022-07-06,137.5399932861328,138.7100067138672,134.4600067138672,136.30999755859375,6608000,0
2022-07-07,137.92999267578125,142.27999877929688,137.89999389648438,139.97000122070312,7674400,0
2022-07-08,139.6999969482422,140.74000549316406,137.3699951171875,139.07000732421875,5655500,0
2022-07-11,137.77000427246094,139.24000549316406,134.88999938964844,136.99000549316406,6176500,1
2022-07-12,136.86000061035156,149.32000732421875,136.80999755859375,147.14999389648438,18598200,1
2022-07-13,142.7899932861328,146.41000366210938,142.17999267578125,143.9499969482422,9038700,0
2022-07-14,141.11000061035156,147.49000549316406,140.61000061035156,147.14999389648438,9456100,1
2022-07-15,149.1699981689453,149.74000549316406,144.64999389648438,147.74000549316406,7910400,1
2022-07-18,153.30999755859375,155.94000244140625,147.1999969482422,147.72000122070312,13948500,0
2022-07-19,149.61000061035156,156.27999877929688,148.97000122070312,156.1300048828125,14183000,1
2022-07-20,156.0,159.39999389648438,154.25999450683594,158.3800048828125,8668600,0
2022-07-21,158.88999938964844,161.66000366210938,156.19000244140625,161.41000366210938,8044100,1
2022-07-22,161.8000030517578,163.33999633789062,157.77000427246094,158.16000366210938,7594900,0
2022-07-25,156.94000244140625,157.30999755859375,152.83999633789062,156.63999938964844,5764700,0
2022-07-26,155.24000549316406,158.17999267578125,154.5,155.9199981689453,6053100,1
2022-07-27,161.1199951171875,162.74000549316406,152.8000030517578,156.08999633789062,16356600,1
2022-07-28,154.02000427246094,160.10000610351562,153.02999877929688,159.08999633789062,8729100,0
2022-07-29,157.9499969482422,159.83999633789062,155.5399932861328,159.30999755859375,5743500,0
2022-08-01,165.9499969482422,171.75999450683594,164.25,169.07000732421875,18321600,0
2022-08-02,167.0,167.3300018310547,163.13999938964844,163.27999877929688,10874300,0
2022-08-03,164.50999450683594,167.52000427246094,162.3300018310547,166.63999938964844,6709100,0
2022-08-04,165.77000427246094,168.1199951171875,164.41000366210938,166.5,5039600,0
2022-08-05,164.39999389648438,167.07000732421875,163.92999267578125,165.0399932861328,4709100,1
2022-08-08,166.41000366210938,171.08999633789062,164.7100067138672,165.88999938964844,11293200,0
2022-08-09,166.50999450683594,166.50999450683594,163.4499969482422,164.85000610351562,6064800,1
2022-08-10,168.35000610351562,171.13999938964844,167.25,169.02000427246094,7181700,1
2022-08-11,170.5,171.75999450683594,167.0500030517578,167.8800048828125,4996800,0
2022-08-12,168.38999938964844,170.11000061035156,167.57000732421875,169.99000549316406,4345200,0
2022-08-15,169.2899932861328,172.5500030517578,168.32000732421875,170.47000122070312,4734700,1
2022-08-16,170.0,173.85000610351562,169.14999389648438,172.0800018310547,5259600,0
2022-08-17,169.61000061035156,169.85000610351562,166.08999633789062,167.1999969482422,6533500,0
2022-08-18,167.1999969482422,169.17999267578125,165.77000427246094,168.69000244140625,4404600,0
2022-08-19,166.3300018310547,166.83999633789062,162.5800018310547,162.9199981689453,5736100,0
2022-08-22,159.39999389648438,160.27000427246094,157.91000366210938,158.97999572753906,5312300,0
2022-08-23,159.13999938964844,161.69000244140625,159.0800018310547,160.07000732421875,3425200,0
2022-08-24,162.27000427246094,164.13999938964844,161.3800048828125,163.60000610351562,4211300,1
2022-08-25,164.55999755859375,169.64999389648438,163.6999969482422,169.3800048828125,4949400,0
2022-08-26,170.0,171.3699951171875,164.27000427246094,164.52999877929688,4957400,0
2022-08-29,162.27999877929688,166.89999389648438,162.1999969482422,165.4199981689453,4727600,0
2022-08-30,167.27000427246094,169.9199981689453,160.72000122070312,162.2100067138672,6248600,1
2022-08-31,163.0,163.5500030517578,160.13999938964844,160.25,4123500,0
2022-09-01,158.0,158.89999389648438,150.82000732421875,153.66000366210938,7652000,0
2022-09-02,155.19000244140625,156.99000549316406,151.47999572753906,151.82000732421875,5262800,0
2022-09-06,152.38999938964844,154.47999572753906,150.4600067138672,152.38999938964844,5210500,0
2022-09-07,151.25999450683594,156.35000610351562,150.8699951171875,155.9499969482422,5298600,0
2022-09-08,155.0,158.3000030517578,153.83999633789062,157.7899932861328,4949100,1
2022-09-09,158.0,159.75,156.9499969482422,157.52000427246094,5775800,0
2022-09-12,158.4600067138672,160.97000122070312,157.4499969482422,158.72000122070312,5363100,0
2022-09-13,153.60000610351562,155.19000244140625,147.1300048828125,147.30999755859375,8724900,0
2022-09-14,146.89999389648438,149.6999969482422,144.3000030517578,149.25999450683594,8478000,0
2022-09-15,147.8800048828125,153.4499969482422,147.27999877929688,149.77999877929688,9792800,1
2022-09-16,145.22999572753906,145.6300048828125,141.35000610351562,144.2899932861328,10310700,0
2022-09-19,142.6199951171875,146.99000549316406,142.35000610351562,144.8800048828125,5150700,1
2022-09-20,145.25999450683594,147.6699981689453,143.89999389648438,145.94000244140625,6737600,0
2022-09-21,146.77000427246094,149.8699951171875,143.2100067138672,143.2899932861328,6244300,0
2022-09-22,143.1300048828125,143.6999969482422,138.2899932861328,138.7100067138672,6311800,0
2022-09-23,135.64999389648438,136.19000244140625,129.5,131.25999450683594,8927900,0
2022-09-26,129.77000427246094,132.4499969482422,126.87999725341795,127.33999633789062,7095100,1
2022-09-27,129.32000732421875,130.4499969482422,125.5999984741211,127.51000213623048,6682300,1
2022-09-28,128.0399932861328,133.88999938964844,127.4000015258789,133.44000244140625,10257200,0
2022-09-29,131.1999969482422,131.61000061035156,123.8000030517578,125.33000183105467,8905400,1
2022-09-30,123.13999938964844,125.4800033569336,120.98999786376952,121.08000183105467,8383000,1
2022-10-03,122.0,127.1500015258789,121.0199966430664,126.0500030517578,7962400,1
2022-10-04,129.39999389648438,133.57000732421875,129.3300018310547,133.50999450683594,7235700,1
2022-10-05,130.27999877929688,133.5500030517578,128.25999450683594,132.11000061035156,6268300,0
2022-10-06,131.1300048828125,133.30999755859375,129.74000549316406,132.1999969482422,4454700,1
2022-10-07,130.36000061035156,130.61000061035156,128.02000427246094,129.7899932861328,5097400,0
2022-10-10,131.4199981689453,135.74000549316406,130.1999969482422,131.89999389648438,6829900,1
2022-10-11,132.9600067138672,135.36000061035156,129.50999450683594,131.57000732421875,8508400,1
2022-10-12,128.42999267578125,131.33999633789062,127.86000061035156,130.4199981689453,6393000,0
2022-10-13,126.5,134.6999969482422,124.16999816894533,132.39999389648438,7842300,0
2022-10-14,135.58999633789062,136.41000366210938,131.3699951171875,133.14999389648438,6093900,0
2022-10-17,136.97999572753906,137.27999877929688,133.25999450683594,136.08999633789062,9073500,1
2022-10-18,139.0,139.4199981689453,135.22000122070312,137.33999633789062,6146300,1
2022-10-19,137.1699981689453,141.1999969482422,136.6300048828125,138.38999938964844,6321900,0
2022-10-20,138.36000061035156,141.8800048828125,138.36000061035156,139.1300048828125,4331700,0
2022-10-21,138.47999572753906,141.3300018310547,136.6199951171875,141.32000732421875,5451300,1
2022-10-24,142.85000610351562,142.8800048828125,139.27999877929688,142.0500030517578,5177800,1
2022-10-25,142.08999633789062,146.8800048828125,141.8800048828125,146.64999389648438,6515600,1
2022-10-26,147.0500030517578,150.13999938964844,132.2100067138672,133.7899932861328,29406500,1
2022-10-27,137.10000610351562,143.10000610351562,136.6199951171875,139.75999450683594,13754900,1
2022-10-28,141.16000366210938,144.72999572753906,139.92999267578125,143.83999633789062,7941100,1
2022-10-31,141.8800048828125,144.4499969482422,139.52000427246094,142.50999450683594,6212200,1
2022-11-01,143.99000549316406,145.25,141.83999633789062,143.3800048828125,5758600,1
2022-11-02,142.1199951171875,153.58999633789062,141.5399932861328,147.41000366210938,20236100,1
2022-11-03,148.7899932861328,158.69000244140625,147.5,156.75,16212600,1
2022-11-04,156.66000366210938,160.97999572753906,154.5,160.00999450683594,9396200,1
2022-11-07,161.39999389648438,166.6999969482422,160.6300048828125,164.91000366210938,10220300,0
2022-11-08,166.0,170.5500030517578,164.91000366210938,169.6199951171875,11274500,1
2022-11-09,169.2899932861328,171.6199951171875,166.86000061035156,168.74000549316406,8893800,0
2022-11-10,172.13999938964844,179.32000732421875,171.75,177.5800018310547,12375000,0
2022-11-11,176.39999389648438,178.02999877929688,172.99000549316406,177.49000549316406,8894300,0
2022-11-14,176.5,178.19000244140625,173.5,173.5500030517578,5598300,0
2022-11-15,175.49000549316406,176.69000244140625,172.75,175.35000610351562,7207900,1
2022-11-16,174.11000061035156,174.7899932861328,171.85000610351562,172.69000244140625,4438600,1
2022-11-17,169.3000030517578,173.14999389648438,168.52000427246094,172.77999877929688,4878600,0
2022-11-18,173.97999572753906,175.19000244140625,171.52999877929688,173.88999938964844,4693200,1
2022-11-21,172.52999877929688,174.72000122070312,171.1199951171875,172.94000244140625,3501800,1
2022-11-22,173.64999389648438,174.99000549316406,171.0,172.5,4370600,0
2022-11-23,172.08999633789062,175.0,171.77000427246094,174.85000610351562,3523500,1
2022-11-25,174.35000610351562,178.4600067138672,174.02999877929688,178.36000061035156,3476900,1
2022-11-28,176.1699981689453,177.13999938964844,171.6999969482422,171.8300018310547,5355500,0
2022-11-29,172.8800048828125,175.9499969482422,172.55999755859375,175.32000732421875,5077800,0
2022-11-30,178.0,179.97999572753906,174.1999969482422,178.8800048828125,6778700,1
2022-12-01,178.8800048828125,179.6999969482422,174.69000244140625,175.77999877929688,4517500,1
2022-12-02,173.1199951171875,183.4499969482422,172.85000610351562,182.8699951171875,10563800,0
2022-12-05,182.0,188.4499969482422,180.8000030517578,185.1000061035156,10456300,0
2022-12-06,184.009994506836,184.7899932861328,177.00999450683594,178.42999267578125,8236900,1
2022-12-07,176.27999877929688,178.42999267578125,174.6199951171875,176.5,5871200,1
2022-12-08,179.32000732421875,184.8800048828125,178.61000061035156,179.0800018310547,6707700,1
2022-12-09,180.75,183.88999938964844,179.25,179.5399932861328,6359000,1
2022-12-12,180.8000030517578,186.69000244140625,180.5,186.2700042724609,8098400,0
2022-12-13,191.1100006103516,191.1100006103516,184.8500061035156,187.1300048828125,10975300,0
2022-12-14,187.3300018310547,189.6699981689453,185.41000366210932,188.25,5814900,1
2022-12-15,186.25,187.97999572753903,181.27999877929688,183.72000122070312,5343200,0
2022-12-16,182.7899932861328,186.6100006103516,181.3000030517578,184.6999969482422,7906800,0
2022-12-19,184.9199981689453,188.0399932861328,184.7100067138672,185.67999267578125,6605400,1
2022-12-20,186.17999267578125,189.91000366210932,185.7400054931641,188.2899932861328,6156800,0
2022-12-21,190.0399932861328,196.3999938964844,189.72000122070312,196.0,9175400,1
2022-12-22,193.82000732421875,194.1699981689453,185.6699981689453,188.25,6924800,0
2022-12-23,188.25,189.42999267578125,184.72000122070312,189.0599975585937,3983600,1
2022-12-27,189.5800018310547,192.44000244140625,187.6199951171875,189.3999938964844,5014800,1
2022-12-28,189.32000732421875,191.32000732421875,187.42999267578125,188.3800048828125,4426300,1
2022-12-29,189.0,190.25,186.19000244140625,188.91000366210932,4518900,1
2022-12-30,187.5,190.6499938964844,187.0399932861328,190.4900054931641,4007400,1
2023-01-03,192.9499969482422,197.17999267578125,192.3999938964844,195.38999938964844,8624600,1
2023-01-04,195.17999267578125,203.759994506836,195.17999267578125,203.63999938964844,9746900,1
2023-01-05,201.72000122070312,204.9900054931641,200.77999877929688,204.9900054931641,6913300,1
2023-01-06,205.3000030517578,213.0399932861328,203.5500030517578,213.0,11256400,0
2023-01-09,212.3600006103516,213.8800048828125,207.91000366210932,208.57000732421875,9005600,1
2023-01-10,203.8999938964844,209.6000061035156,203.4600067138672,206.69000244140625,8183200,1
2023-01-11,209.8699951171875,210.47000122070312,206.69000244140625,208.02999877929688,7190700,0
2023-01-12,209.5800018310547,214.9199981689453,207.3699951171875,214.32000732421875,8208100,1
2023-01-13,212.0,216.63999938964844,211.5800018310547,214.1300048828125,6213200,0
2023-01-17,212.7100067138672,213.33999633789065,209.07000732421875,211.41000366210932,6150700,0
2023-01-18,212.8999938964844,213.4199981689453,209.1999969482422,209.41000366210932,5403100,1
2023-01-19,206.7700042724609,209.6699981689453,204.82000732421875,207.08999633789065,5813500,1
2023-01-20,207.47000122070312,207.9900054931641,204.77999877929688,206.759994506836,5475400,1
2023-01-23,208.3600006103516,211.08999633789065,206.9900054931641,209.97000122070312,5481900,1
2023-01-24,205.0,212.1499938964844,205.0,211.97999572753903,4753700,0
2023-01-25,205.8000030517578,214.75,203.1100006103516,212.67999267578125,16106500,1
2023-01-26,213.47999572753903,213.7899932861328,207.1999969482422,212.72999572753903,7288100,0
2023-01-27,211.32000732421875,212.8800048828125,209.4199981689453,211.1699981689453,5237900,0
2023-01-30,209.19000244140625,211.3600006103516,207.7100067138672,209.6699981689453,6066800,0
2023-01-31,210.1499938964844,213.1100006103516,208.2400054931641,213.0,5163000,0
2023-02-01,212.1100006103516,218.97000122070312,211.8999938964844,214.75,8462100,1
2023-02-02,215.1499938964844,215.2899932861328,208.3000030517578,209.33999633789065,6513400,0
2023-02-03,207.7100067138672,210.75,205.6199951171875,206.009994506836,5400300,1
2023-02-06,205.19000244140625,208.2100067138672,203.69000244140625,206.8099975585937,3903000,1
2023-02-07,208.0399932861328,215.1499938964844,206.9199981689453,214.759994506836,7311200,0
2023-02-08,213.07000732421875,215.7700042724609,211.77999877929688,213.5,4229800,0
2023-02-09,214.4600067138672,215.4499969482422,210.0599975585937,211.9900054931641,5018900,0
2023-02-10,212.009994506836,214.5,210.5,212.88999938964844,4862900,0
2023-02-13,213.6000061035156,216.3600006103516,211.5,215.6499938964844,5193300,0
2023-02-14,214.0200042724609,221.3300018310547,213.1499938964844,218.4499969482422,10033100,0
2023-02-15,217.16000366210932,218.25,214.6000061035156,217.44000244140625,4846800,0
2023-02-16,215.0,216.5200042724609,212.1699981689453,212.2100067138672,4388000,1
2023-02-17,211.2100067138672,211.759994506836,207.6199951171875,211.66000366210932,4985700,0
2023-02-21,208.9900054931641,210.83999633789065,205.0500030517578,205.5200042724609,4663800,0
2023-02-22,205.3099975585937,207.6699981689453,204.6499938964844,205.759994506836,2920000,0
2023-02-23,207.4499969482422,209.69000244140625,205.759994506836,208.1300048828125,4139400,1
2023-02-24,200.0,201.6999969482422,197.3600006103516,198.1499938964844,9658700,1
2023-02-27,199.8699951171875,203.1300048828125,199.0599975585937,200.4600067138672,4318900,1
2023-02-28,201.0,202.3800048828125,199.32000732421875,201.5500030517578,3589900,1
2023-03-01,201.47000122070312,205.44000244140625,200.8500061035156,204.5500030517578,4402300,0
2023-03-02,203.77999877929688,210.3300018310547,203.1499938964844,210.0599975585937,5451500,0
2023-03-03,210.25,216.1199951171875,209.3999938964844,215.1100006103516,7496800,0
2023-03-06,214.1199951171875,214.75,209.6000061035156,211.9199981689453,7004400,0
2023-03-07,211.3099975585937,213.17999267578125,207.77999877929688,207.9199981689453,4619700,0
2023-03-08,208.25,208.8800048828125,205.94000244140625,207.1999969482422,2406900,0
2023-03-09,208.32000732421875,209.0200042724609,200.3000030517578,201.2400054931641,4284000,1
2023-03-10,201.42999267578125,205.0,197.7899932861328,203.07000732421875,8547100,1
2023-03-13,200.1999969482422,207.0800018310547,197.1100006103516,203.3699951171875,6671200,1
2023-03-14,207.52999877929688,213.5599975585937,205.0,207.27999877929688,8245700,1
2023-03-15,201.9199981689453,202.2100067138672,192.41000366210932,198.2100067138672,10894200,0
2023-03-16,196.2100067138672,203.91000366210932,194.42999267578125,203.19000244140625,6747300,1
2023-03-17,201.3500061035156,202.8300018310547,199.0,201.0500030517578,9858900,1
2023-03-20,201.1199951171875,205.8699951171875,200.8699951171875,204.7700042724609,4764000,0
2023-03-21,207.3000030517578,207.8600006103516,203.88999938964844,204.6999969482422,4673300,1
2023-03-22,203.67999267578125,203.8300018310547,196.009994506836,196.16000366210932,7311600,1
2023-03-23,197.8999938964844,201.5,195.13999938964844,197.8999938964844,6266900,1
2023-03-24,195.5,197.57000732421875,193.9199981689453,197.52999877929688,4511600,1
2023-03-27,198.6300048828125,201.5500030517578,198.6300048828125,200.57000732421875,3891700,1
2023-03-28,200.82000732421875,206.3000030517578,200.4900054931641,204.9600067138672,5460600,0
2023-03-29,206.5,208.6499938964844,205.8800048828125,207.97000122070312,3572200,1
2023-03-30,208.97000122070312,212.8699951171875,206.5200042724609,211.0399932861328,6583400,0
2023-03-31,211.75,214.8000030517578,211.38999938964844,212.42999267578125,5147500,0
2023-04-03,212.8000030517578,218.57000732421875,212.52999877929688,215.38999938964844,6085900,1
2023-04-04,212.0,213.9900054931641,209.1199951171875,213.8999938964844,6192300,1
2023-04-05,212.22999572753903,214.22999572753903,208.6699981689453,210.0,4138400,0
2023-04-06,210.0,212.3699951171875,208.22000122070312,211.3699951171875,5618100,0
2023-04-10,211.0,214.1000061035156,209.72999572753903,210.77999877929688,3729300,1
2023-04-11,213.2899932861328,214.5,211.8600006103516,212.32000732421875,5277500,0
2023-04-12,213.66000366210932,214.3000030517578,210.1300048828125,212.33999633789065,4600300,0
2023-04-13,213.0,213.67999267578125,211.5,213.58999633789065,4501600,0
2023-04-14,202.58999633789065,204.27999877929688,198.1499938964844,201.7100067138672,19066500,1
2023-04-17,202.0,206.1000061035156,200.8000030517578,205.02999877929688,6306800,0
2023-04-18,205.5,208.94000244140625,203.72000122070312,208.3699951171875,7445800,0
2023-04-19,207.1199951171875,210.8699951171875,206.94000244140625,208.7100067138672,4757400,1
2023-04-20,207.4199981689453,209.8800048828125,206.0800018310547,207.22999572753903,3322900,0
2023-04-21,208.0,208.3800048828125,204.17999267578125,205.1499938964844,3432300,1
2023-04-24,204.8699951171875,206.5,203.25,205.7700042724609,3058900,1
2023-04-25,204.5399932861328,204.94000244140625,201.1199951171875,202.19000244140625,4699500,1
2023-04-26,208.25,211.6999969482422,202.67999267578125,203.02999877929688,9137200,0
2023-04-27,204.6499938964844,209.08999633789065,203.52999877929688,206.0399932861328,5105200,1
2023-04-28,204.509994506836,206.9499969482422,202.8999938964844,206.77999877929688,3716100,0
2023-05-01,206.25,208.5200042724609,203.6199951171875,203.8699951171875,3776800,0
2023-05-02,203.0,204.19000244140625,200.08999633789065,203.25,3970800,1
2023-05-03,204.3600006103516,206.1000061035156,200.5500030517578,200.92999267578125,4537900,1
2023-05-04,200.6499938964844,201.25,193.2700042724609,197.0500030517578,6934100,0
2023-05-05,198.08999633789065,199.0399932861328,196.759994506836,198.33999633789065,3872200,1
2023-05-08,199.16000366210932,199.66000366210932,196.3999938964844,197.259994506836,4677400,1
2023-05-09,201.2100067138672,204.6100006103516,198.77999877929688,201.8800048828125,9329500,0
2023-05-10,203.13999938964844,203.1999969482422,198.25,200.83999633789065,3923700,1
2023-05-11,199.38999938964844,202.5500030517578,198.07000732421875,201.83999633789065,3322000,1
2023-05-12,201.83999633789065,203.1100006103516,198.82000732421875,200.6999969482422,3169800,0
2023-05-15,200.009994506836,203.32000732421875,198.6499938964844,202.7700042724609,2842700,1
2023-05-16,201.82000732421875,202.3600006103516,199.94000244140625,200.8699951171875,3012100,1
2023-05-17,202.7100067138672,208.5800018310547,202.7100067138672,206.8699951171875,6641900,1
2023-05-18,206.4499969482422,208.1699981689453,204.009994506836,207.2400054931641,4349700,1
2023-05-19,208.1100006103516,208.3699951171875,204.6300048828125,205.4900054931641,3896200,1
2023-05-22,205.509994506836,206.97999572753903,203.8999938964844,205.91000366210932,3094300,1
2023-05-23,204.5800018310547,207.4900054931641,202.4499969482422,202.6000061035156,4011100,1
2023-05-24,201.32000732421875,201.32000732421875,197.5,199.2700042724609,4371600,0
2023-05-25,199.9900054931641,201.75,196.6000061035156,200.8699951171875,3909200,1
2023-05-26,201.6000061035156,204.8000030517578,201.17999267578125,203.6300048828125,3820300,0
2023-05-30,204.08999633789065,207.8000030517578,203.3099975585937,204.69000244140625,3978200,1
2023-05-31,203.5,206.19000244140625,200.91000366210932,205.6999969482422,5461600,1
2023-06-01,206.4600067138672,210.22999572753903,206.0,207.9600067138672,5125100,0
2023-06-02,210.0,215.2400054931641,210.0,213.32000732421875,7486300,0
2023-06-05,213.27999877929688,213.27999877929688,207.5,208.77999877929688,4996800,1
2023-06-06,208.3699951171875,211.67999267578125,200.6100006103516,207.2899932861328,10957200,0
2023-06-07,207.9900054931641,212.3800048828125,207.1999969482422,211.92999267578125,6462400,0
2023-06-08,212.33999633789065,220.0,212.0500030517578,218.1100006103516,9359300,0
2023-06-09,217.9900054931641,219.16000366210932,215.69000244140625,217.3099975585937,5297800,1
2023-06-12,217.16000366210932,223.91000366210932,216.6300048828125,221.5599975585937,8065400,1
2023-06-13,222.3500061035156,223.1199951171875,219.3500061035156,220.3800048828125,5881000,0
2023-06-14,221.3999938964844,221.58999633789065,216.02999877929688,216.8999938964844,5629100,0
2023-06-15,217.1699981689453,220.6100006103516,215.3099975585937,219.41000366210932,5001400,0
2023-06-16,220.72000122070312,223.8699951171875,218.97999572753903,219.9900054931641,7803900,0
2023-06-20,218.88999938964844,219.2899932861328,211.8800048828125,212.3699951171875,8226400,0
2023-06-21,211.8300018310547,212.9900054931641,209.38999938964844,212.0800018310547,5356400,0
2023-06-22,205.6100006103516,208.5,203.6499938964844,205.6100006103516,7057500,1
2023-06-23,204.0200042724609,205.6100006103516,202.5500030517578,205.41000366210932,6338200,1
2023-06-26,206.1100006103516,207.08999633789065,204.66000366210932,205.5800018310547,3444900,1
2023-06-27,206.1499938964844,209.66000366210932,206.0800018310547,209.42999267578125,4465500,1
2023-06-28,211.2100067138672,212.19000244140625,209.4499969482422,210.72000122070312,4276100,1
2023-06-29,211.1199951171875,213.22000122070312,210.22999572753903,211.8300018310547,3443600,1
2023-06-30,213.13999938964844,213.2400054931641,209.3800048828125,211.16000366210932,5488700,1
2023-07-03,210.5,212.1699981689453,210.2400054931641,210.9199981689453,2143000,1
2023-07-05,210.0,214.27999877929688,207.88999938964844,213.3099975585937,4921000,1
2023-07-06,212.47999572753903,213.6100006103516,209.5800018310547,212.6199951171875,4674700,1
2023-07-07,212.94000244140625,215.66000366210932,211.8300018310547,212.1000061035156,4893600,1
2023-07-10,211.83999633789065,213.58999633789065,211.22000122070312,213.3099975585937,3497100,1
2023-07-11,212.9199981689453,218.97999572753903,211.3500061035156,218.759994506836,7451400,1
2023-07-12,219.509994506836,221.5599975585937,216.9199981689453,217.1100006103516,5123200,1
2023-07-13,218.1300048828125,218.8999938964844,216.3000030517578,216.8500061035156,4291700,1
2023-07-14,217.0,217.0200042724609,212.8099975585937,213.1199951171875,4294800,1
2023-07-17,212.5,214.22999572753903,211.7400054931641,211.8699951171875,3621500,1
2023-07-18,211.0,213.0399932861328,209.57000732421875,211.57000732421875,5895800,1
2023-07-19,211.1199951171875,211.8699951171875,208.2400054931641,208.6000061035156,4814100,1
2023-07-20,208.8300018310547,215.1000061035156,208.8000030517578,213.6100006103516,5782200,0
2023-07-21,213.88999938964844,215.6000061035156,211.63999938964844,211.8000030517578,4056800,1
2023-07-24,212.0599975585937,215.94000244140625,211.4600067138672,215.8699951171875,4898300,1
2023-07-25,214.1999969482422,214.82000732421875,210.8099975585937,214.1199951171875,6513300,0
2023-07-26,222.16000366210932,233.08999633789065,221.7700042724609,232.8000030517578,24923800,1
2023-07-27,235.25,238.6699981689453,231.8300018310547,233.75,12018300,0
2023-07-28,236.1199951171875,240.1300048828125,235.6999969482422,238.69000244140625,7054600,0
2023-07-31,238.9900054931641,239.07000732421875,236.2100067138672,238.8500061035156,4894900,0
2023-08-01,237.5500030517578,243.1000061035156,237.3099975585937,238.009994506836,4975200,1
2023-08-02,234.9900054931641,236.67999267578125,230.69000244140625,231.3800048828125,5326700,0
2023-08-03,231.0,233.5800018310547,230.3999938964844,231.3600006103516,3282900,0
2023-08-04,232.2899932861328,234.91000366210932,230.0800018310547,231.3600006103516,3500700,0
2023-08-07,232.7400054931641,238.97999572753903,232.7400054931641,238.25,6068000,0
2023-08-08,236.5200042724609,240.72999572753903,236.0,238.0399932861328,5149200,0
2023-08-09,238.5399932861328,241.2400054931641,236.41000366210932,237.8600006103516,4044400,0
2023-08-10,238.4499969482422,241.5800018310547,237.0399932861328,238.259994506836,3710800,0
2023-08-11,237.6100006103516,238.259994506836,235.1199951171875,235.72000122070312,2652100,0
2023-08-14,237.0,238.6499938964844,235.75,236.7100067138672,2486300,1
2023-08-15,235.0,235.5599975585937,231.5399932861328,232.259994506836,3201900,0
2023-08-16,231.5,234.6699981689453,229.6000061035156,229.9499969482422,2273300,1
2023-08-17,230.57000732421875,231.63999938964844,224.259994506836,224.5399932861328,4359400,0
2023-08-18,222.22999572753903,226.7899932861328,221.67999267578125,226.6499938964844,3583200,0
2023-08-21,226.8000030517578,227.69000244140625,225.1000061035156,227.22000122070312,2734600,0
2023-08-22,228.0800018310547,230.47999572753903,226.92999267578125,230.07000732421875,3011000,0
2023-08-23,230.0,230.5399932861328,227.1100006103516,228.5800018310547,3004500,0
2023-08-24,222.509994506836,224.1999969482422,217.08999633789065,217.3099975585937,9132600,0
2023-08-25,218.41000366210932,223.7700042724609,212.8800048828125,223.41000366210932,12352300,0
2023-08-28,224.2100067138672,227.4499969482422,223.2899932861328,227.0599975585937,4641800,0
2023-08-29,225.8800048828125,229.3999938964844,225.66000366210932,227.25,3716700,1
2023-08-30,227.0800018310547,231.1699981689453,226.6499938964844,228.8500061035156,3328300,0
2023-08-31,229.3300018310547,230.42999267578125,222.92999267578125,224.02999877929688,6953800,1
2023-09-01,226.0,226.22999572753903,221.9499969482422,223.3999938964844,3658400,1
2023-09-05,223.1000061035156,224.08999633789065,221.1999969482422,222.57000732421875,3246500,0
2023-09-06,221.7700042724609,222.7899932861328,216.4199981689453,217.9499969482422,4233500,0
2023-09-07,217.5,220.5500030517578,214.8600006103516,216.0500030517578,4929600,0
2023-09-08,215.8300018310547,216.0,210.509994506836,211.2700042724609,5752000,1
2023-09-11,213.759994506836,214.1999969482422,208.7700042724609,211.009994506836,4522300,0
2023-09-12,209.3500061035156,212.259994506836,208.5800018310547,210.6499938964844,3256500,0
2023-09-13,210.0,212.17999267578125,207.75,208.3999938964844,3538100,0
2023-09-14,209.13999938964844,210.44000244140625,208.1000061035156,209.0500030517578,3974800,0
2023-09-15,209.27999877929688,209.8300018310547,206.8800048828125,208.1100006103516,4670600,0
2023-09-18,207.91000366210932,207.91000366210932,204.97999572753903,205.1199951171875,4299200,0
2023-09-19,205.3999938964844,205.66000366210932,202.38999938964844,204.47999572753903,4039900,0
2023-09-20,205.8699951171875,206.25,202.3099975585937,202.3699951171875,3738800,0
2023-09-21,201.0,203.6000061035156,199.7100067138672,199.9499969482422,4745700,0
2023-09-22,199.9600067138672,200.7400054931641,197.13999938964844,197.7100067138672,4450900,1
2023-09-25,196.83999633789065,198.97999572753903,195.19000244140625,198.77999877929688,3527100,0
2023-09-26,197.7899932861328,199.38999938964844,195.4199981689453,195.63999938964844,3666300,0
2023-09-27,196.009994506836,196.3999938964844,192.7700042724609,195.4600067138672,4015500,0
2023-09-28,193.6999969482422,195.259994506836,190.02999877929688,190.42999267578125,8009500,0
2023-09-29,191.9199981689453,192.9499969482422,190.1699981689453,191.67999267578125,5158400,0
2023-10-02,191.47000122070312,192.44000244140625,186.92999267578125,187.8300018310547,5244700,0
2023-10-03,188.6300048828125,192.4900054931641,188.1999969482422,188.9199981689453,7285500,1
2023-10-04,188.8500061035156,190.6300048828125,184.33999633789065,186.72999572753903,7419800,1
2023-10-05,186.16000366210932,188.1000061035156,184.13999938964844,186.2899932861328,4331700,0
2023-10-06,185.3699951171875,188.63999938964844,182.5500030517578,187.3800048828125,5364300,1
2023-10-09,188.0,189.4900054931641,185.67999267578125,188.4900054931641,4575800,0
2023-10-10,190.009994506836,194.3000030517578,188.759994506836,193.52999877929688,8062400,1
2023-10-11,195.47000122070312,199.6199951171875,194.2700042724609,196.07000732421875,7394000,0
2023-10-12,195.1000061035156,195.6999969482422,189.9600067138672,191.3000030517578,5668300,0
2023-10-13,186.2700042724609,187.2899932861328,183.17999267578125,184.91000366210932,8215700,1
2023-10-16,185.91000366210932,186.22999572753903,182.5,184.92999267578125,4701000,1
2023-10-17,183.75,188.3300018310547,183.3000030517578,185.6000061035156,5121800,0
2023-10-18,187.22000122070312,190.25,185.0500030517578,185.69000244140625,6268100,1
2023-10-19,185.5,187.0500030517578,182.5399932861328,182.7899932861328,4043700,1
2023-10-20,182.67999267578125,183.38999938964844,179.85000610351562,180.0399932861328,4523500,1
2023-10-23,179.44000244140625,183.72000122070312,178.42999267578125,181.02999877929688,4146200,0
2023-10-24,183.2100067138672,184.3500061035156,181.8000030517578,182.3600006103516,4652900,1
2023-10-25,186.0,187.0,176.25,177.72999572753906,13806400,1
2023-10-26,177.11000061035156,182.9499969482422,176.52999877929688,179.08999633789062,6961800,1
2023-10-27,180.0,182.3300018310547,179.00999450683594,179.69000244140625,4606300,1
2023-10-30,179.4199981689453,184.16000366210932,179.4199981689453,182.3500061035156,5507100,1
2023-10-31,183.3800048828125,187.2899932861328,181.32000732421875,186.82000732421875,5043000,1
2023-11-01,189.69000244140625,190.77999877929688,187.5,189.3800048828125,5832200,0
2023-11-02,190.8999938964844,192.94000244140625,190.33999633789065,192.009994506836,4313000,0
2023-11-03,194.0,197.13999938964844,193.7100067138672,195.0500030517578,4485100,1
2023-11-06,195.8800048828125,196.1499938964844,192.4600067138672,192.9499969482422,4222200,1
2023-11-07,192.1699981689453,192.1699981689453,189.57000732421875,191.41000366210932,4012900,0
2023-11-08,191.4499969482422,192.44000244140625,190.13999938964844,191.8300018310547,2984200,1
2023-11-09,193.02999877929688,197.07000732421875,192.5599975585937,193.3300018310547,4576300,1
2023-11-10,195.0,197.259994506836,194.2100067138672,196.6499938964844,4788500,1
2023-11-13,203.4900054931641,206.8500061035156,202.509994506836,204.5399932861328,13040300,0
2023-11-14,207.25,208.5599975585937,205.97999572753903,207.47000122070312,7280100,1
2023-11-15,208.2100067138672,211.08999633789065,207.6000061035156,208.7100067138672,5205900,0
2023-11-16,207.5,207.88999938964844,204.8099975585937,206.6000061035156,4655100,1
2023-11-17,208.3600006103516,209.4199981689453,206.82000732421875,208.0399932861328,3564600,1
2023-11-20,211.009994506836,218.8800048828125,210.94000244140625,217.7100067138672,11568100,1
2023-11-21,216.5,219.3800048828125,216.07000732421875,218.2700042724609,5362100,1
2023-11-22,218.0,221.5,217.6999969482422,219.91000366210932,5384400,1
2023-11-24,220.6100006103516,221.58999633789065,218.9600067138672,220.0,2312100,1
2023-11-27,218.8099975585937,219.52999877929688,217.66000366210932,219.3000030517578,3691200,1
2023-11-28,222.009994506836,224.8000030517578,219.41000366210932,222.3699951171875,7817800,1
2023-11-29,223.3500061035156,224.9900054931641,221.33999633789065,224.42999267578125,5424400,0
2023-11-30,225.0,233.0,225.0,231.6300048828125,8736200,0
2023-12-01,231.7700042724609,235.3800048828125,231.3800048828125,233.8699951171875,6956200,1
2023-12-04,231.3000030517578,234.94000244140625,230.07000732421875,234.8699951171875,5228500,1
2023-12-05,233.5399932861328,234.7400054931641,231.4900054931641,234.16000366210932,3589800,1
2023-12-06,234.77999877929688,239.22999572753903,234.42999267578125,236.88999938964844,4740600,1
2023-12-07,236.8999938964844,238.3000030517578,230.0,237.3300018310547,6363700,1
2023-12-08,237.32000732421875,244.6999969482422,237.32000732421875,244.6999969482422,7171200,1
2023-12-11,243.5,248.0800018310547,243.3099975585937,248.0800018310547,7545000,0
2023-12-12,247.9499969482422,250.57000732421875,247.3999938964844,248.6300048828125,5719200,1
2023-12-13,249.1000061035156,251.8699951171875,247.52999877929688,250.91000366210932,5513400,0
2023-12-14,250.91000366210932,257.1199951171875,249.259994506836,256.239990234375,7883600,0
2023-12-15,255.6999969482422,265.5199890136719,255.6999969482422,264.2699890136719,14995900,0
2023-12-18,260.6300048828125,263.1300048828125,260.25,260.4100036621094,6140100,0
2023-12-19,261.0400085449219,265.3399963378906,260.79998779296875,263.510009765625,6089500,0
2023-12-20,262.25,266.1300048828125,260.1499938964844,260.25,5151700,0
2023-12-21,265.95001220703125,267.5400085449219,260.19000244140625,262.0199890136719,6487200,0
2023-12-22,261.8299865722656,262.8399963378906,259.20001220703125,260.44000244140625,4434000,0
2023-12-26,259.79998779296875,263.760009765625,259.5400085449219,262.7900085449219,3938600,1
2023-12-27,262.6300048828125,264.6600036621094,260.8999938964844,262.1000061035156,3484900,0
2023-12-28,261.5299987792969,262.1000061035156,257.67999267578125,260.3500061035156,5096400,0
2023-12-29,260.6700134277344,262.2200012207031,259.5599975585937,260.6600036621094,3686600,0
2024-01-02,257.2799987792969,258.5899963378906,250.8699951171875,251.759994506836,5815200,1
2024-01-03,248.32000732421875,250.1300048828125,243.0,243.91000366210932,7219900,0
2024-01-04,244.5800018310547,248.27999877929688,244.17999267578125,244.94000244140625,5170700,0
2024-01-05,245.0399932861328,250.19000244140625,245.0399932861328,249.0,3849700,0
2024-01-08,228.0,233.8500061035156,225.7899932861328,229.0,40730400,1
2024-01-09,225.66000366210932,228.7899932861328,223.1999969482422,225.759994506836,20687500,0
2024-01-10,226.8999938964844,231.6100006103516,226.63999938964844,227.83999633789065,12883700,0
2024-01-11,228.07000732421875,228.27999877929688,222.6199951171875,222.66000366210932,11830500,0
2024-01-12,219.97000122070312,222.07000732421875,217.0399932861328,217.6999969482422,11285500,0
2024-01-16,210.07000732421875,210.97999572753903,199.5,200.5200042724609,35290000,1
2024-01-17,202.6300048828125,206.3000030517578,201.6499938964844,203.0599975585937,20140100,0
2024-01-18,205.63999938964844,213.0399932861328,203.32000732421875,211.6100006103516,20046800,0
2024-01-19,210.88999938964844,215.16000366210932,209.22999572753903,215.0200042724609,14345400,1
2024-01-22,213.07000732421875,217.0,212.3600006103516,214.92999267578125,10760800,1
2024-01-23,215.3500061035156,216.8500061035156,211.1300048828125,211.5,9076900,0
2024-01-24,209.8300018310547,217.58999633789065,209.3600006103516,214.1300048828125,15119100,1
2024-01-25,208.1999969482422,208.72999572753903,198.32000732421875,201.8800048828125,22112500,1
2024-01-26,203.0800018310547,206.75,203.0,205.47000122070312,9911200,0
2024-01-29,206.0599975585937,207.0399932861328,203.8500061035156,205.19000244140625,7535400,0
2024-01-30,203.6499938964844,203.97999572753903,199.13999938964844,200.44000244140625,13321200,0
2024-01-31,204.9199981689453,213.7700042724609,203.25,211.0399932861328,22409400,1
2024-02-01,213.83999633789065,214.6300048828125,206.8099975585937,209.8099975585937,10679200,0
2024-02-02,209.0599975585937,209.5399932861328,206.3500061035156,209.3800048828125,6275300,0
2024-02-05,204.63999938964844,207.33999633789065,202.0,206.6300048828125,8682500,1
2024-02-06,206.0200042724609,210.63999938964844,203.88999938964844,208.5800018310547,7556900,0
2024-02-07,208.759994506836,213.7700042724609,207.9900054931641,211.9199981689453,7747700,0
2024-02-08,212.3999938964844,213.1000061035156,208.72000122070312,209.22000122070312,5787700,0
2024-02-09,209.7700042724609,211.44000244140625,207.8999938964844,209.1999969482422,4349700,0
2024-02-12,208.6999969482422,209.8000030517578,207.6000061035156,209.3300018310547,4077400,0
2024-02-13,206.8999938964844,207.8099975585937,202.3300018310547,204.4600067138672,8263600,0
2024-02-14,205.9499969482422,206.5800018310547,202.2100067138672,203.3800048828125,6503000,0
2024-02-15,204.1199951171875,206.5500030517578,203.3999938964844,205.3300018310547,5309100,0
2024-02-16,204.8800048828125,205.0500030517578,202.8099975585937,203.88999938964844,5986500,0
2024-02-20,203.5500030517578,205.5800018310547,202.7100067138672,203.3699951171875,5248400,0
2024-02-21,202.8999938964844,203.6300048828125,201.2100067138672,201.57000732421875,4171600,0
2024-02-22,202.0,204.1000061035156,200.3999938964844,201.5,6513500,0
2024-02-23,200.9900054931641,202.07000732421875,197.1499938964844,200.8300018310547,7433400,1
2024-02-26,201.009994506836,202.75,200.0,200.5399932861328,4807200,0
2024-02-27,200.92999267578125,202.0,200.0399932861328,201.3999938964844,3932900,1
2024-02-28,201.13999938964844,208.1000061035156,200.17999267578125,207.0,9654700,0
2024-02-29,206.44000244140625,206.6199951171875,202.6999969482422,203.72000122070312,6670300,0
2024-03-01,204.0,205.0599975585937,199.009994506836,200.0,11609500,1
2024-03-04,199.5,201.5399932861328,196.9199981689453,200.5399932861328,7213900,0
2024-03-05,199.4900054931641,202.8500061035156,198.6999969482422,201.13999938964844,5034700,1
2024-03-06,201.7700042724609,202.3500061035156,199.8600006103516,201.0,4736600,0
2024-03-07,200.6999969482422,203.72999572753903,200.57000732421875,203.02999877929688,5965300,1
2024-03-08,201.83999633789065,203.8000030517578,198.4600067138672,198.4900054931641,9010200,0
2024-03-11,194.2100067138672,196.07000732421875,189.8000030517578,192.4900054931641,14160600,1
2024-03-12,188.2400054931641,188.5800018310547,183.16000366210932,184.2400054931641,18714800,0
2024-03-13,183.16000366210932,185.97000122070312,182.0800018310547,182.3500061035156,10196100,1
2024-03-14,182.0,184.94000244140625,180.5200042724609,181.1499938964844,10016200,1
2024-03-15,180.9900054931641,184.17999267578125,180.91000366210932,182.52999877929688,10800700,1
2024-03-18,180.259994506836,181.19000244140625,177.52000427246094,179.83999633789062,9497800,1
2024-03-19,180.11000061035156,181.8600006103516,179.74000549316406,181.13999938964844,7648000,0
2024-03-20,178.99000549316406,188.3000030517578,178.60000610351562,187.77999877929688,12770000,0
2024-03-21,189.7899932861328,190.3800048828125,187.5500030517578,187.6999969482422,7436400,0
2024-03-22,188.75,192.94000244140625,188.19000244140625,188.8500061035156,7827000,1
2024-03-25,196.009994506836,196.17999267578125,189.5,191.41000366210932,12953000,0
2024-03-26,192.0200042724609,192.02999877929688,186.8099975585937,187.5,8972200,0
2024-03-27,188.83999633789065,191.9900054931641,188.3300018310547,191.9499969482422,7372800,1
2024-03-28,192.0,193.3800048828125,191.1999969482422,192.9900054931641,4471700,0
2024-04-01,192.2400054931641,192.8699951171875,189.02999877929688,189.5,5107800,0
2024-04-02,189.0,189.22999572753903,187.1300048828125,188.0399932861328,4477200,0
2024-04-03,187.67999267578125,188.77999877929688,184.2700042724609,184.9199981689453,6609300,0
2024-04-04,185.92999267578125,188.0,182.8099975585937,183.2899932861328,6513800,1
2024-04-05,184.16000366210932,184.66000366210932,182.44000244140625,183.13999938964844,4130400,1
2024-04-08,182.13999938964844,184.5500030517578,181.4900054931641,181.5599975585937,6176400,1
2024-04-09,181.509994506836,183.0500030517578,176.57000732421875,178.1199951171875,11427800,0
2024-04-10,176.30999755859375,178.10000610351562,172.44000244140625,174.6300048828125,9727700,0
2024-04-11,174.47000122070312,174.6999969482422,171.3800048828125,173.36000061035156,7625100,0
2024-04-12,172.1999969482422,173.24000549316406,169.3699951171875,169.5500030517578,7568300,1
2024-04-15,170.74000549316406,171.17999267578125,167.52999877929688,167.82000732421875,6490700,1
2024-04-16,168.13999938964844,170.63999938964844,167.75,170.5500030517578,7986700,1
2024-04-17,170.0,170.85000610351562,168.1199951171875,170.2100067138672,8162600,0
2024-04-18,169.47999572753906,172.0399932861328,169.10000610351562,170.22999572753906,5123000,1
2024-04-19,170.0,172.0,169.64999389648438,169.82000732421875,4693900,1
2024-04-22,169.82000732421875,172.14999389648438,168.16000366210938,170.47999572753906,4724900,0
2024-04-23,170.9499969482422,171.17999267578125,168.42999267578125,169.17999267578125,7632100,1
2024-04-24,176.5,177.63999938964844,162.74000549316406,164.3300018310547,20889300,1
2024-04-25,163.58999633789062,168.1300048828125,159.6999969482422,166.80999755859375,12504700,1
2024-04-26,165.97999572753906,168.64999389648438,164.92999267578125,167.22000122070312,7208100,0
2024-04-29,167.89999389648438,173.80999755859375,167.5500030517578,173.49000549316406,7788600,1
2024-04-30,171.49000549316406,174.07000732421875,167.75999450683594,167.83999633789062,8248800,1
2024-05-01,167.5,173.86000061035156,167.5,171.4600067138672,6191900,1
2024-05-02,173.0,178.89999389648438,172.25,178.85000610351562,10223700,0
2024-05-03,179.58999633789062,180.4900054931641,177.89999389648438,179.7899932861328,5416300,0
2024-05-06,180.8800048828125,183.97999572753903,174.7100067138672,178.35000610351562,11913400,1
2024-05-07,177.22000122070312,178.35000610351562,176.1300048828125,176.7100067138672,5097500,1
2024-05-08,175.9499969482422,181.66000366210932,175.9499969482422,180.3500061035156,4956800,1
2024-05-09,179.5500030517578,181.75,179.30999755859375,181.25,5107400,0
2024-05-10,181.25,181.8800048828125,177.9199981689453,178.50999450683594,3715500,1
2024-05-13,179.0399932861328,180.75,178.07000732421875,178.44000244140625,3105200,1
2024-05-14,180.22999572753903,183.66000366210932,179.6300048828125,180.759994506836,4686500,1
2024-05-15,180.13999938964844,180.6699981689453,176.1699981689453,176.99000549316406,5858900,1
2024-05-16,177.60000610351562,183.759994506836,177.25,182.9600067138672,6993200,0
2024-05-17,183.25,185.3800048828125,181.22000122070312,184.9499969482422,5562400,0
2024-05-20,184.6499938964844,188.6300048828125,184.009994506836,186.6100006103516,6228600,0
2024-05-21,185.3000030517578,186.38999938964844,183.1100006103516,184.77999877929688,4349100,0
2024-05-22,184.6000061035156,186.82000732421875,183.41000366210932,186.27999877929688,3785400,0
2024-05-23,185.7899932861328,186.0,171.61000061035156,172.2100067138672,17116000,1
2024-05-24,173.1999969482422,174.86000061035156,169.57000732421875,174.52000427246094,9489400,1
2024-05-28,174.72999572753906,178.49000549316406,173.3800048828125,175.0800018310547,5274400,0
2024-05-29,173.61000061035156,175.8300018310547,171.61000061035156,171.64999389648438,3666400,1
2024-05-30,172.63999938964844,174.67999267578125,171.5500030517578,172.75,3924700,0
2024-05-31,173.1199951171875,177.89999389648438,172.2100067138672,177.61000061035156,5774500,1
2024-06-03,178.08999633789062,186.009994506836,178.02000427246094,184.57000732421875,8951600,1
2024-06-04,185.0500030517578,188.83999633789065,183.25,188.6199951171875,7176800,0
2024-06-05,187.8999938964844,190.33999633789065,186.52999877929688,189.8500061035156,5944000,0
2024-06-06,188.8300018310547,192.1000061035156,187.3500061035156,191.4199981689453,5942200,0
2024-06-07,190.4600067138672,191.97999572753903,189.66000366210932,190.2400054931641,3374500,0
2024-06-10,190.0,192.6300048828125,189.6000061035156,190.1199951171875,4385000,0
2024-06-11,189.32000732421875,189.32000732421875,182.75,185.5,5010100,0
2024-06-12,186.5,187.16000366210932,181.7100067138672,182.6699981689453,5245200,1
2024-06-13,181.7400054931641,183.8699951171875,178.99000549316406,180.6999969482422,4201000,1
2024-06-14,178.89999389648438,180.2899932861328,175.22000122070312,177.27000427246094,5106000,1
2024-06-17,176.75,180.4499969482422,176.32000732421875,178.38999938964844,4790000,0
2024-06-18,177.61000061035156,178.0,173.82000732421875,174.99000549316406,6179900,1
2024-06-20,173.02000427246094,176.64999389648438,172.0500030517578,176.3000030517578,5479300,1
2024-06-21,176.8300018310547,178.41000366210938,175.66000366210938,176.55999755859375,8628200,1
2024-06-24,176.14999389648438,180.6000061035156,175.58999633789062,179.10000610351562,7388300,1
2024-06-25,176.2899932861328,178.75999450683594,173.2899932861328,175.10000610351562,7434000,0
2024-06-26,174.9600067138672,178.82000732421875,173.75999450683594,178.5,6553900,0
2024-06-27,178.91000366210938,183.67999267578125,178.00999450683594,182.509994506836,8199000,1
2024-06-28,182.6000061035156,184.44000244140625,180.6499938964844,182.009994506836,5899900,1
2024-07-01,182.1999969482422,189.47000122070312,182.1999969482422,186.6999969482422,9056700,0
2024-07-02,186.33999633789065,189.22999572753903,184.5200042724609,185.4199981689453,4110500,1
2024-07-03,185.0500030517578,185.4199981689453,182.8500061035156,184.3099975585937,2764800,0
2024-07-05,184.0,185.3800048828125,182.22999572753903,184.8300018310547,3290400,1
2024-07-08,186.94000244140625,191.5,182.27999877929688,185.83999633789065,9878100,0
2024-07-09,185.1100006103516,186.25,183.1499938964844,183.2400054931641,3942900,1
2024-07-10,183.6000061035156,184.8999938964844,182.8000030517578,183.72999572753903,3583200,0
2024-07-11,184.1699981689453,186.1000061035156,183.3999938964844,183.91000366210932,4840600,0
2024-07-12,183.72999572753903,184.4900054931641,180.4499969482422,182.3099975585937,5129300,0
2024-07-15,183.5,183.72000122070312,178.8800048828125,179.11000061035156,5189000,0
2024-07-16,180.0500030517578,187.44000244140625,179.1999969482422,186.0500030517578,8546400,0
2024-07-17,185.32000732421875,188.4499969482422,183.7899932861328,184.83999633789065,4899600,1
2024-07-18,184.2400054931641,187.3699951171875,179.8800048828125,180.22999572753903,5354800,0
2024-07-19,181.3999938964844,181.5,177.38999938964844,179.6699981689453,5121300,0
2024-07-22,181.3600006103516,182.72000122070312,177.22999572753906,178.89999389648438,4883500,0
2024-07-23,179.10000610351562,187.0399932861328,179.0,186.47999572753903,7614300,0
2024-07-24,185.6199951171875,187.0,179.97000122070312,180.07000732421875,5109100,0
2024-07-25,179.4499969482422,188.3500061035156,179.4499969482422,184.3500061035156,6128000,1
2024-07-26,185.8600006103516,189.58999633789065,184.6300048828125,186.88999938964844,6272000,0
2024-07-29,186.6999969482422,187.0800018310547,183.8300018310547,185.42999267578125,3608600,1
2024-07-30,186.1000061035156,188.1300048828125,185.1499938964844,186.8600006103516,4789000,0
2024-07-31,189.8800048828125,196.9499969482422,183.8600006103516,190.6000061035156,15417000,0
2024-08-01,190.0,191.1699981689453,176.69000244140625,178.30999755859375,13887000,0
2024-08-02,175.22000122070312,175.4600067138672,167.25,169.9499969482422,11742800,1
2024-08-05,162.52000427246094,167.67999267578125,162.5,167.02999877929688,9255100,1
2024-08-06,168.88999938964844,169.19000244140625,163.38999938964844,165.0399932861328,5817300,1
2024-08-07,167.0,167.97999572753906,162.99000549316406,163.24000549316406,5186400,1
2024-08-08,164.22999572753906,169.35000610351562,164.0,168.8699951171875,6063800,1
2024-08-09,168.38999938964844,169.85000610351562,166.89999389648438,167.91000366210938,3635600,1
2024-08-12,167.72999572753906,168.0500030517578,163.52000427246094,164.1300048828125,4715600,1
2024-08-13,164.5,168.8800048828125,162.6199951171875,168.75999450683594,6475500,0
2024-08-14,167.88999938964844,169.75,167.3300018310547,168.5,3852700,0
2024-08-15,170.0,176.55999755859375,169.97999572753906,176.41000366210938,5942200,0
2024-08-16,176.3000030517578,180.509994506836,176.3000030517578,179.99000549316406,6731500,0
2024-08-19,180.0399932861328,180.6999969482422,177.6300048828125,179.63999938964844,3894200,0
2024-08-20,176.49000549316406,177.5,170.0399932861328,172.10000610351562,9549100,0
2024-08-21,173.0,174.1999969482422,171.0399932861328,173.42999267578125,4493600,0
2024-08-22,173.0,175.2100067138672,172.3000030517578,172.75999450683594,2788000,0
2024-08-23,173.8800048828125,176.9199981689453,173.1699981689453,174.9600067138672,4405900,0
2024-08-26,173.0,174.9199981689453,172.3000030517578,173.47999572753906,4034300,1
2024-08-27,173.6199951171875,173.92999267578125,171.25,173.0500030517578,3295800,0
2024-08-28,172.3000030517578,174.25,170.14999389648438,170.7100067138672,4550300,0
2024-08-29,171.7100067138672,175.27999877929688,170.6199951171875,172.25999450683594,4119500,0
2024-08-30,173.13999938964844,174.36000061035156,171.49000549316406,173.74000549316406,4146200,1
2024-09-03,167.02999877929688,169.60000610351562,158.3000030517578,161.02000427246094,17925400,0
2024-09-04,160.27999877929688,166.6999969482422,160.27999877929688,163.22000122070312,7316300,0
2024-09-05,164.14999389648438,164.6199951171875,160.10000610351562,162.14999389648438,4717500,0
2024-09-06,162.5,162.85000610351562,156.6999969482422,157.6199951171875,7328600,1
2024-09-09,162.3000030517578,164.5500030517578,161.11000061035156,162.91000366210938,9091500,0
2024-09-10,162.61000061035156,163.89999389648438,157.92999267578125,160.07000732421875,6367100,0
2024-09-11,159.7899932861328,161.8699951171875,156.10000610351562,161.3300018310547,6664800,0
2024-09-12,159.4199981689453,163.5,159.05999755859375,162.77000427246094,4742700,0
2024-09-13,159.77999877929688,162.88999938964844,155.60000610351562,156.77000427246094,19003400,0
2024-09-16,156.25,157.75999450683594,154.02000427246094,155.5500030517578,9955200,1
2024-09-17,156.1699981689453,158.8800048828125,155.13999938964844,156.38999938964844,8123200,1
2024-09-18,157.0,158.4499969482422,154.8000030517578,155.11000061035156,7714400,0
2024-09-19,157.0,157.17999267578125,154.27000427246094,154.58999633789062,9570000,1
2024-09-20,154.00999450683594,154.63999938964844,152.60000610351562,153.2899932861328,13919400,1
2024-09-23,153.0,158.42999267578125,151.64999389648438,156.3000030517578,12476800,0
2024-09-24,155.8000030517578,155.89999389648438,153.69000244140625,155.80999755859375,7414900,1
2024-09-25,156.4199981689453,157.22000122070312,152.0399932861328,152.22000122070312,9587700,1
2024-09-26,153.94000244140625,157.3300018310547,152.66000366210938,154.5800018310547,11414400,0
2024-09-27,155.3699951171875,157.3300018310547,154.38999938964844,156.32000732421875,7637000,0
2024-09-30,154.7899932861328,155.3000030517578,151.24000549316406,152.0399932861328,10902200,0
2024-10-01,151.4600067138672,156.39999389648438,149.49000549316406,154.22000122070312,12588800,1
2024-10-02,153.75999450683594,154.85000610351562,152.83999633789062,152.88999938964844,4357000,0
2024-10-03,152.1199951171875,152.74000549316406,150.50999450683594,150.52000427246094,5704800,1
2024-10-04,152.25999450683594,155.0,150.85000610351562,155.0,6657500,0
2024-10-07,155.0,158.75999450683594,154.67999267578125,155.91000366210938,6267900,1
2024-10-08,155.99000549316406,156.6999969482422,154.13999938964844,154.64999389648438,5336300,0
2024-10-09,152.0500030517578,152.19000244140625,148.8000030517578,149.3699951171875,12488500,1
2024-10-10,149.07000732421875,149.11000061035156,146.25999450683594,146.6199951171875,11275800,1
2024-10-11,146.3000030517578,151.1199951171875,146.3000030517578,151.02000427246094,10688600,1
2024-10-14,148.0,150.08999633789062,146.02000427246094,148.99000549316406,9737000,1
2024-10-15,150.5,153.9499969482422,148.5500030517578,152.35000610351562,11241700,0
2024-10-16,151.91000366210938,154.99000549316406,151.33999633789062,154.89999389648438,8356200,0
2024-10-17,155.0,157.13999938964844,154.25,155.30999755859375,6291800,1
2024-10-18,155.83999633789062,156.3699951171875,153.89999389648438,155.0,6030200,0
2024-10-21,160.25,163.44000244140625,158.36000061035156,159.82000732421875,13277600,0
2024-10-22,160.5,160.66000366210938,158.3699951171875,159.8800048828125,7380800,1
2024-10-23,160.0,161.47000122070312,153.52999877929688,157.05999755859375,15931500,0
2024-10-24,152.61000061035156,155.88999938964844,151.97999572753906,155.1999969482422,9774400,0
2024-10-25,156.1999969482422,157.47999572753906,154.52000427246094,155.00999450683594,8153000,1
2024-10-28,153.5,155.1999969482422,150.61000061035156,150.69000244140625,20992500,0
2024-10-29,147.86000061035156,155.99000549316406,147.5800018310547,152.97999572753906,66387700,0
2024-10-30,152.50999450683594,156.91000366210938,152.50999450683594,154.2899932861328,50738400,0
2024-10-31,154.30999755859375,154.47999572753906,147.8800048828125,149.30999755859375,29388200,0
2024-11-01,152.77999877929688,156.0,151.22999572753906,154.58999633789062,18894500,0
2024-11-04,154.6199951171875,156.72000122070312,152.4600067138672,155.07000732421875,10290400,0
2024-11-05,157.47000122070312,157.66000366210938,150.64999389648438,151.0,23126600,0
2024-11-06,152.3000030517578,153.1999969482422,144.1300048828125,147.16000366210938,28069300,1
2024-11-07,148.8000030517578,152.8000030517578,148.02999877929688,150.97999572753906,14709200,0
2024-11-08,151.1199951171875,152.60000610351562,149.42999267578125,151.67999267578125,12996800,0
2024-11-11,152.0,152.5,148.07000732421875,148.9600067138672,12799100,1
2024-11-12,148.39999389648438,148.5,143.85000610351562,145.1699981689453,16746700,1
2024-11-13,145.5800018310547,145.5800018310547,139.10000610351562,139.97000122070312,21249600,1
2024-11-14,140.8000030517578,141.5500030517578,137.22000122070312,138.13999938964844,15646700,0
2024-11-15,138.13999938964844,140.32000732421875,137.02999877929688,140.19000244140625,12120100,0
2024-11-18,140.25999450683594,144.69000244140625,138.1999969482422,143.8699951171875,12251600,1
2024-11-19,143.0,145.99000549316406,142.69000244140625,145.60000610351562,8247300,1
2024-11-20,146.0399932861328,147.3000030517578,145.02000427246094,146.0800018310547,9232100,1
2024-11-21,146.38999938964844,146.4199981689453,141.33999633789062,143.41000366210938,7845100,1
2024-11-22,143.61000061035156,150.33999633789062,143.49000549316406,149.2899932861328,13353100,0
2024-11-25,150.6999969482422,153.27999877929688,150.25999450683594,153.10000610351562,11479400,1
2024-11-26,152.5,153.13999938964844,149.8000030517578,150.75999450683594,8235000,1
2024-11-27,151.11000061035156,152.91000366210938,150.25,152.39999389648438,5210100,1
2024-11-29,153.0,157.5,152.85000610351562,155.44000244140625,7100100,0
2024-12-02,155.91000366210938,160.35000610351562,155.6999969482422,156.5399932861328,10097900,1
2024-12-03,156.0,156.64999389648438,154.4199981689453,155.0,6130300,0
2024-12-04,155.8800048828125,160.1999969482422,154.2100067138672,158.27999877929688,9269300,1
2024-12-05,158.5,160.02000427246094,156.0500030517578,156.6699981689453,7119800,0
2024-12-06,157.02999877929688,158.9499969482422,153.3699951171875,153.92999267578125,8182700,1
2024-12-09,154.27000427246094,161.9499969482422,154.27000427246094,157.0399932861328,13540000,0
2024-12-10,160.0,166.67999267578125,159.4199981689453,164.10000610351562,17149200,0
2024-12-11,165.52000427246094,169.3000030517578,164.3800048828125,165.9600067138672,13116600,0
2024-12-12,168.22999572753906,168.82000732421875,165.64999389648438,167.75,10617700,0
2024-12-13,168.0,170.42999267578125,166.3300018310547,169.64999389648438,9754900,1
2024-12-16,168.08999633789062,175.1999969482422,166.10000610351562,173.1699981689453,13050700,0
2024-12-17,173.0399932861328,175.7899932861328,171.7100067138672,173.02999877929688,13557100,0
2024-12-18,173.27999877929688,177.94000244140625,171.0,172.6199951171875,15437200,0
2024-12-19,175.0,179.5800018310547,173.72000122070312,177.0399932861328,14777100,1
2024-12-20,176.86000061035156,182.0,175.30999755859375,177.35000610351562,23233700,1
2024-12-23,178.1199951171875,179.64999389648438,174.2899932861328,177.69000244140625,8486400,0
2024-12-24,177.69000244140625,180.9499969482422,177.5,179.33999633789062,4317000,1
2024-12-26,178.97999572753906,182.57000732421875,178.3300018310547,180.3800048828125,5905700,1
2024-12-27,180.00999450683594,181.42999267578125,179.39999389648438,180.72000122070312,6806900,0
2024-12-30,173.72000122070312,178.1699981689453,170.14999389648438,176.5500030517578,18082300,0
2024-12-31,177.5399932861328,179.35000610351562,175.82000732421875,177.0,9748600,1
2025-01-02,178.30999755859375,179.19000244140625,169.82000732421875,171.8699951171875,12450000,0
2025-01-03,171.39999389648438,173.97999572753906,169.8000030517578,169.89999389648438,10513800,1
2025-01-06,173.5,173.94000244140625,170.19000244140625,170.77999877929688,11133400,1
2025-01-07,171.1699981689453,175.02000427246094,170.8000030517578,172.50999450683594,7045000,1
2025-01-08,171.14999389648438,173.77999877929688,169.61000061035156,171.75999450683594,5108700,1
2025-01-10,171.49000549316406,173.5399932861328,167.41000366210938,172.0,7556800,1
2025-01-13,171.17999267578125,172.5,167.91000366210938,170.57000732421875,6049600,1
2025-01-14,171.3699951171875,171.8800048828125,164.6199951171875,167.02000427246094,7966900,0
2025-01-15,169.00999450683594,169.99000549316406,165.97000122070312,166.1999969482422,6451000,0
2025-01-16,166.7899932861328,170.63999938964844,166.57000732421875,168.92999267578125,5812300,1
2025-01-17,169.8000030517578,171.77000427246094,169.4499969482422,171.08999633789062,9557100,0
2025-01-21,172.3800048828125,177.08999633789062,171.92999267578125,175.55999755859375,8755300,1
2025-01-22,175.2899932861328,176.22999572753906,173.8800048828125,174.8000030517578,5134400,1
2025-01-23,174.00999450683594,178.6699981689453,173.75,178.5,7097300,1
2025-01-24,176.0,180.42999267578125,174.3699951171875,176.05999755859375,9304200,1
2025-01-27,175.5500030517578,178.17999267578125,174.39999389648438,175.16000366210938,7148600,1
2025-01-28,181.3099975585937,188.47999572753903,174.02000427246094,177.77999877929688,22768900,0
2025-01-29,179.1300048828125,182.5500030517578,170.64999389648438,173.66000366210938,12263500,1
2025-01-30,174.58999633789062,179.94000244140625,173.72000122070312,179.52999877929688,6996300,0
2025-01-31,180.509994506836,181.77999877929688,175.74000549316406,176.52000427246094,6104000,1
2025-02-03,174.11000061035156,178.1999969482422,173.1300048828125,175.8699951171875,6501700,1
2025-02-04,176.89999389648438,177.4499969482422,174.25,176.22999572753906,4503600,1
2025-02-05,176.0,181.8600006103516,175.50999450683594,181.83999633789065,7430400,0
2025-02-06,182.0,185.8500061035156,182.0,184.8000030517578,6919400,0
2025-02-07,185.259994506836,186.1100006103516,180.92999267578125,181.4900054931641,5392300,0
2025-02-10,183.1199951171875,183.5500030517578,179.89999389648438,180.5500030517578,3989100,0
2025-02-11,179.77999877929688,182.13999938964844,177.60000610351562,180.44000244140625,4366700,1
2025-02-12,178.33999633789062,186.2700042724609,178.25,186.25,7686800,0
2025-02-13,187.0,188.2400054931641,185.08999633789065,185.44000244140625,6846300,1
2025-02-14,186.75,186.82000732421875,183.5800018310547,184.4199981689453,5044700,1
2025-02-18,185.67999267578125,188.66000366210932,184.22000122070312,184.97000122070312,6929600,0
2025-02-19,185.3099975585937,187.22999572753903,181.8300018310547,186.1499938964844,7264800,0
2025-02-20,185.5800018310547,185.8000030517578,180.11000061035156,180.8800048828125,7863000,0
2025-02-21,181.27999877929688,182.1999969482422,174.7100067138672,177.14999389648438,8980300,1
2025-02-24,177.47999572753906,183.0399932861328,176.5500030517578,179.91000366210938,8392900,0
2025-02-25,180.4499969482422,181.8800048828125,176.33999633789062,178.27000427246094,5613900,0
2025-02-26,179.49000549316406,179.49000549316406,171.8300018310547,173.0399932861328,7111700,0
2025-02-27,174.52000427246094,177.14999389648438,173.58999633789062,173.8300018310547,4695200,1
2025-02-28,174.36000061035156,176.3000030517578,173.47999572753906,174.6300048828125,5803300,0
2025-03-03,177.02000427246094,178.39999389648438,169.4600067138672,170.05999755859375,6045600,0
2025-03-04,167.3699951171875,168.3800048828125,156.69000244140625,158.89999389648438,15870200,1
2025-03-05,159.9600067138672,164.3300018310547,158.80999755859375,163.16000366210938,7355800,0
2025-03-06,161.4199981689453,162.69000244140625,157.94000244140625,158.42999267578125,6892600,1
2025-03-07,157.19000244140625,158.36000061035156,149.0500030517578,154.17999267578125,12526700,1
2025-03-10,150.02999877929688,150.38999938964844,146.3000030517578,148.14999389648438,10204000,0
2025-03-11,148.0,155.00999450683594,145.4499969482422,154.05999755859375,10030500,1
2025-03-12,157.0,159.5399932861328,153.61000061035156,158.8000030517578,8706900,0
2025-03-13,159.22000122070312,161.74000549316406,157.25,159.32000732421875,5701600,1
2025-03-14,160.9199981689453,162.32000732421875,159.1999969482422,161.80999755859375,5215100,1
2025-03-17,160.5,162.77000427246094,159.6199951171875,161.85000610351562,5602700,1
2025-03-18,161.44000244140625,162.22999572753906,158.7899932861328,161.57000732421875,4195200,1
2025-03-19,165.32000732421875,174.1999969482422,165.0,172.6199951171875,14114800,1
2025-03-20,171.13999938964844,173.10000610351562,170.30999755859375,172.8300018310547,4934400,0
2025-03-21,172.05999755859375,183.4600067138672,170.77000427246094,178.11000061035156,26802400,0
2025-03-24,182.02999877929688,184.3999938964844,180.44000244140625,180.8999938964844,9986100,1
2025-03-25,182.16000366210932,183.8500061035156,180.3600006103516,182.58999633789065,7174400,0
2025-03-26,182.52999877929688,183.22999572753903,177.27999877929688,178.5500030517578,6615900,0
2025-03-27,178.52999877929688,182.22000122070312,178.02999877929688,179.11000061035156,4788600,0
2025-03-28,177.75,178.5,172.4499969482422,173.30999755859375,8211100,1
2025-03-31,170.64999389648438,172.2100067138672,166.7899932861328,170.5500030517578,7477500,0
2025-04-01,170.0,170.97999572753906,164.22000122070312,168.1699981689453,8252800,1
2025-04-02,166.39999389648438,170.3800048828125,165.5500030517578,168.55999755859375,5826600,1
2025-04-03,160.0,160.2100067138672,150.41000366210938,150.91000366210938,15877400,1
2025-04-04,143.3000030517578,146.0,132.7899932861328,136.58999633789062,22282000,1
2025-04-07,132.0500030517578,143.97000122070312,128.8800048828125,138.86000061035156,18825000,1
2025-04-08,146.85000610351562,147.77000427246094,137.39999389648438,139.38999938964844,14527900,1
2025-04-09,138.85000610351562,162.42999267578125,137.94000244140625,160.82000732421875,16775200,0
2025-04-10,154.97999572753906,157.35000610351562,149.41000366210938,155.52000427246094,10375000,1
2025-04-11,154.6199951171875,157.58999633789062,152.0,156.83999633789062,8810700,1
2025-04-14,159.82000732421875,162.5500030517578,157.60000610351562,159.27999877929688,7288700,1
2025-04-15,155.27999877929688,159.1199951171875,155.27999877929688,155.52000427246094,11541100,1
2025-04-16,154.3699951171875,157.66000366210938,153.5399932861328,156.47000122070312,6809600,1
2025-04-17,157.1300048828125,163.89999389648438,157.0,161.89999389648438,9227300,0
2025-04-21,160.0,160.0,156.47000122070312,159.33999633789062,5703800,0
2025-04-22,162.5,163.08999633789062,158.5,162.52000427246094,9147300,0
2025-04-23,174.0,176.5800018310547,169.91000366210938,172.3699951171875,16264700,1
2025-04-24,171.1999969482422,177.39999389648438,169.0,176.25999450683594,10984200,1
2025-04-25,176.5,180.3300018310547,175.86000061035156,177.9499969482422,7644200,0
2025-04-28,182.75,184.52999877929688,180.75,182.3000030517578,9302600,1
2025-04-29,182.5200042724609,184.25,181.1999969482422,182.0,6795000,1
2025-04-30,178.47000122070312,183.7899932861328,177.6300048828125,183.2400054931641,6266800,1
2025-05-01,182.8500061035156,184.75,182.02999877929688,182.88999938964844,7322900,1
2025-05-02,185.0,187.5800018310547,184.0800018310547,185.4600067138672,8695900,1
2025-05-05,184.38999938964844,187.5800018310547,184.38999938964844,186.4600067138672,5413700,1
2025-05-06,184.7100067138672,186.1999969482422,183.6300048828125,185.9600067138672,4948000,1
2025-05-07,185.0,186.72000122070312,183.5,185.5599975585937,6094800,1
2025-05-08,186.759994506836,194.75,186.22000122070312,191.6999969482422,15344100,1
2025-05-09,193.5500030517578,195.3000030517578,192.17999267578125,194.8500061035156,7669900,1
2025-05-12,198.16000366210932,198.77999877929688,193.0599975585937,198.52999877929688,9340700,0
2025-05-13,200.3000030517578,205.72999572753903,199.6699981689453,203.4199981689453,13509500,0
2025-05-14,205.8000030517578,209.66000366210932,204.0500030517578,204.72000122070312,16872300,0
2025-05-15,207.3500061035156,208.6000061035156,205.4199981689453,206.2400054931641,9583900,0
2025-05-16,205.69000244140625,206.2400054931641,203.0200042724609,205.82000732421875,8496800,0
2025-05-19,203.0,205.6000061035156,202.3000030517578,205.25,5740200,1
2025-05-20,205.0,208.6199951171875,205.0,207.6699981689453,5876000,0
2025-05-21,206.6000061035156,207.1199951171875,202.42999267578125,203.2100067138672,6616300,0
2025-05-22,202.52999877929688,204.72999572753903,201.8500061035156,203.41000366210932,3634500,1
2025-05-23,199.9499969482422,203.1999969482422,198.75,202.3600006103516,5255200,1
2025-05-27,204.27999877929688,205.0,200.8800048828125,201.02999877929688,5857900,1
2025-05-28,201.9499969482422,202.4499969482422,200.22000122070312,201.5,5481500,1
2025-05-29,201.77999877929688,212.27999877929688,201.5,208.17999267578125,16334000,1
2025-05-30,206.7700042724609,207.6999969482422,204.3500061035156,207.32000732421875,7485100,0
2025-06-02,210.97999572753903,212.33999633789065,207.8999938964844,211.47000122070312,7561800,0
2025-06-03,212.0,215.8000030517578,211.7700042724609,213.42999267578125,8106100,0
2025-06-04,214.7700042724609,214.9900054931641,211.02999877929688,211.97999572753903,5705300,1
2025-06-05,212.5,212.9900054931641,208.22000122070312,209.0200042724609,4733800,1
2025-06-06,210.2400054931641,211.1100006103516,208.0399932861328,210.8000030517578,6079700,0
2025-06-09,211.22999572753903,218.8000030517578,211.08999633789065,217.509994506836,9419200,0
2025-06-10,217.5800018310547,217.8999938964844,213.25,215.72999572753903,8190100,0
2025-06-11,215.5,216.2100067138672,212.2100067138672,214.0,5398800,1
2025-06-12,202.1699981689453,206.33999633789065,201.27999877929688,203.75,30586600,1
2025-06-13,200.67999267578125,202.22999572753903,195.27999877929688,200.32000732421875,16093500,0
2025-06-16,200.57000732421875,204.0,199.0800018310547,201.6999969482422,6902700,1
2025-06-17,201.3099975585937,205.3099975585937,198.8699951171875,200.259994506836,10844600,0
2025-06-18,199.0,201.0599975585937,196.8000030517578,197.67999267578125,7928300,1
2025-06-20,198.66000366210932,200.67999267578125,197.4499969482422,198.75,8934700,1
2025-06-23,197.8300018310547,202.1999969482422,197.47000122070312,201.3099975585937,5875200,1
2025-06-24,203.0,203.509994506836,200.17999267578125,200.94000244140625,5900900,0
2025-06-25,201.0,201.1300048828125,198.3000030517578,198.8999938964844,4690900,0
2025-06-26,200.41000366210932,204.38999938964844,199.759994506836,202.5800018310547,6931700,1
2025-06-27,205.1100006103516,214.8099975585937,204.3800048828125,214.5500030517578,14805400,1
2025-06-30,213.8800048828125,214.7100067138672,208.0200042724609,209.52999877929688,9087100,1
2025-07-01,209.5,211.8600006103516,206.7700042724609,209.7899932861328,5978900,1
2025-07-02,210.3999938964844,214.3999938964844,208.25,212.02999877929688,5870900,1
2025-07-03,211.7899932861328,217.67999267578125,211.6699981689453,215.9199981689453,4476100,1
2025-07-07,215.6000061035156,218.6300048828125,214.5,218.6300048828125,5807400,0
2025-07-08,219.0,220.0,214.72000122070312,218.5200042724609,6769600,1
2025-07-09,220.1199951171875,230.1999969482422,220.009994506836,226.6000061035156,16462300,1
2025-07-10,226.6499938964844,228.5,223.92999267578125,226.08999633789065,6116600,1
2025-07-11,225.42999267578125,228.7400054931641,225.42999267578125,226.83999633789065,6632000,1
2025-07-14,231.3999938964844,233.0399932861328,227.2700042724609,230.509994506836,8750200,0
2025-07-15,230.1199951171875,233.6100006103516,228.4199981689453,230.0,9156800,1
2025-07-16,232.1300048828125,233.57000732421875,227.3000030517578,229.8999938964844,7474300,0
2025-07-17,230.1100006103516,232.58999633789065,227.75,231.0,7892600,0
2025-07-18,231.42999267578125,232.25,227.5200042724609,229.33999633789065,5974500,0
2025-07-21,229.3999938964844,232.5,228.0200042724609,229.32000732421875,4183300,1
2025-07-22,228.3000030517578,230.3099975585937,225.5500030517578,228.47999572753903,4737700,1
2025-07-23,230.32000732421875,235.2700042724609,229.3099975585937,233.8800048828125,7302900,0
2025-07-24,233.91000366210932,235.22999572753903,231.0500030517578,231.2700042724609,6160200,0
2025-07-25,232.0200042724609,233.3099975585937,228.83999633789065,233.0599975585937,4628500,0
2025-07-28,233.2400054931641,236.6300048828125,232.91000366210932,236.41000366210932,7923800,0
2025-07-29,239.5,242.69000244140625,225.259994506836,226.0800018310547,20163600,1
2025-07-30,227.83999633789065,231.72000122070312,224.3500061035156,225.83999633789065,9354600,1
2025-07-31,224.0200042724609,225.0,221.1499938964844,221.83999633789065,7825000,1
2025-08-01,219.4499969482422,222.4600067138672,215.8999938964844,221.8999938964844,8572200,0
2025-08-04,220.1499938964844,222.8500061035156,218.02999877929688,222.33999633789065,5997300,1
2025-08-05,222.3699951171875,226.02999877929688,221.07000732421875,224.8600006103516,5687400,1
2025-08-06,225.6999969482422,226.57000732421875,224.0399932861328,225.0399932861328,3898800,0
2025-08-07,226.1499938964844,230.38999938964844,224.5800018310547,227.3300018310547,4563100,1
2025-08-08,227.5,230.8999938964844,227.3800048828125,229.1199951171875,4724200,1
2025-08-11,229.0,229.32000732421875,225.1699981689453,225.9600067138672,4872700,1
2025-08-12,226.9499969482422,232.6100006103516,226.4600067138672,232.6100006103516,7396400,0
2025-08-13,233.25,235.6000061035156,229.3300018310547,233.3699951171875,6670400,1
2025-08-14,231.6499938964844,233.97000122070312,230.8600006103516,233.19000244140625,5320800,1
2025-08-15,233.3600006103516,236.4499969482422,231.42999267578125,235.259994506836,6291400,0
2025-08-18,234.47000122070312,235.16000366210932,229.1100006103516,232.41000366210932,8456000,1
2025-08-19,232.0,232.42999267578125,223.75,225.0,9061100,1
2025-08-20,224.4900054931641,226.3699951171875,223.6000061035156,225.6199951171875,5016000,0
2025-08-21,227.1300048828125,227.5800018310547,223.7100067138672,224.4600067138672,6101100,1
2025-08-22,225.41000366210932,233.6999969482422,225.2400054931641,230.1199951171875,8678400,0
2025-08-25,229.6000061035156,230.25,226.6000061035156,226.8699951171875,4757600,0
2025-08-26,228.0,234.8300018310547,227.97999572753903,234.8300018310547,7380200,0
2025-08-27,235.3600006103516,236.33999633789065,232.3999938964844,235.6199951171875,4757400,1
2025-08-28,235.8500061035156,237.3500061035156,234.5,236.16000366210932,4039600,0
2025-08-29,236.1300048828125,238.0500030517578,233.1699981689453,234.67999267578125,5008600,0
2025-09-02,231.27999877929688,238.3300018310547,230.8000030517578,237.3800048828125,6339100,0
2025-09-03,237.0599975585937,237.0599975585937,230.759994506836,232.3800048828125,5999000,0
2025-09-04,233.009994506836,233.1000061035156,229.2100067138672,230.75,4093200,0
2025-09-05,231.8000030517578,232.22999572753903,225.5,229.6100006103516,8203600,0
2025-09-08,231.6999969482422,232.1999969482422,228.08999633789065,230.9499969482422,5955000,0
2025-09-09,231.009994506836,232.27999877929688,228.4499969482422,229.5200042724609,5510400,1
2025-09-10,229.6000061035156,230.1000061035156,226.58999633789065,227.5200042724609,4949500,0
2025-09-11,228.0,229.69000244140625,219.6499938964844,219.9900054931641,12010800,0
2025-09-12,219.88999938964844,220.0,215.6999969482422,215.94000244140625,11094900,0
2025-09-15,216.25,217.259994506836,214.07000732421875,215.75,6896200,1
2025-09-16,216.8600006103516,217.1300048828125,213.75,215.0200042724609,6330600,0
2025-09-17,215.58999633789065,218.0500030517578,213.1300048828125,214.6300048828125,6019500,1
2025-09-18,215.22999572753903,217.3999938964844,213.6999969482422,215.66000366210932,6414000,0
2025-09-19,217.72999572753903,217.72999572753903,213.6199951171875,215.6499938964844,10513700,0
2025-09-22,215.1699981689453,215.8999938964844,211.42999267578125,212.08999633789065,7467700,1
2025-09-23,217.1199951171875,219.82000732421875,214.009994506836,216.33999633789065,12760900,1
2025-09-24,217.5599975585937,218.17999267578125,214.7700042724609,215.1000061035156,7354800,1
2025-09-25,214.8699951171875,216.8600006103516,211.97999572753903,213.52999877929688,6649300,1
2025-09-26,223.3600006103516,224.1000061035156,219.1100006103516,221.259994506836,17281700,0
2025-09-29,222.3699951171875,222.8099975585937,215.1199951171875,217.0800018310547,11290600,1
2025-09-30,217.1000061035156,217.67999267578125,212.8300018310547,215.8300018310547,9289300,1
2025-10-01,214.009994506836,215.6300048828125,213.6999969482422,215.1999969482422,7178000,1
2025-10-02,215.4499969482422,218.8600006103516,215.3099975585937,217.42999267578125,8281100,1
2025-10-03,216.75,218.8300018310547,215.25,216.3000030517578,6634100,0
2025-10-06,217.8699951171875,221.8000030517578,215.8999938964844,219.72999572753903,7665300,0
2025-10-07,220.1100006103516,223.9499969482422,219.1999969482422,221.82000732421875,7610600,0
2025-10-08,222.72999572753903,226.19000244140625,221.47000122070312,225.32000732421875,6189700,0
2025-10-09,225.6999969482422,225.6999969482422,215.8999938964844,216.0,12974800,0
2025-10-10,217.0,217.8999938964844,210.72999572753903,210.72999572753903,10647900,1
2025-10-13,212.08999633789065,215.8000030517578,212.0599975585937,215.5599975585937,5657300,1
2025-10-14,213.5399932861328,217.9499969482422,212.2400054931641,214.3000030517578,5975700,0
2025-10-15,215.0399932861328,215.92999267578125,212.47999572753903,214.0,5055600,0
2025-10-16,214.66000366210932,214.9600067138672,210.66000366210932,211.88999938964844,5555200,1
2025-10-17,210.91000366210932,214.67999267578125,210.75,212.94000244140625,6482700,0
2025-10-20,215.1300048828125,217.3800048828125,214.5599975585937,216.82000732421875,5865100,0
2025-10-21,217.2100067138672,217.6999969482422,215.5500030517578,217.259994506836,4209500,1
2025-10-22,216.67999267578125,217.3999938964844,213.8000030517578,216.58999633789065,6310300,0
2025-10-23,216.3999938964844,219.3000030517578,216.25,217.7700042724609,5356200,0
2025-10-24,219.0399932861328,221.7400054931641,218.509994506836,221.3500061035156,5238100,0
2025-10-27,222.77999877929688,223.5800018310547,221.82000732421875,223.0,6084300,0
2025-10-28,224.3600006103516,225.5599975585937,222.6000061035156,223.3300018310547,7027200,0
2025-10-29,221.3600006103516,221.8999938964844,212.5,213.5800018310547,20940100,1
2025-10-30,210.009994506836,210.27999877929688,200.0200042724609,200.0800018310547,19417000,0
2025-10-31,201.25,202.6000061035156,198.3000030517578,201.0200042724609,10696600,0
2025-11-03,202.0399932861328,205.66000366210932,201.5800018310547,204.5500030517578,8103900,0
2025-11-04,201.8000030517578,202.22000122070312,197.57000732421875,198.0500030517578,8619600,0
2025-11-05,197.75,198.509994506836,195.3099975585937,197.6199951171875,9885700,0
2025-11-06,198.1000061035156,201.2700042724609,195.4499969482422,196.5,7740500,1
2025-11-07,195.5,195.8500061035156,191.4900054931641,194.6100006103516,7869500,0
2025-11-10,195.88999938964844,196.44000244140625,193.19000244140625,194.8099975585937,7447400,0
2025-11-11,194.7400054931641,196.3999938964844,194.3500061035156,195.2100067138672,5783400,0
2025-11-12,195.75,196.66000366210932,193.8000030517578,195.5,8288300,1
2025-11-13,195.6300048828125,196.1999969482422,193.1100006103516,194.5800018310547,6739300,1
2025-11-14,192.8800048828125,197.02999877929688,192.1499938964844,194.5200042724609,6189800,1
2025-11-17,194.83999633789065,194.83999633789065,190.22999572753903,191.8099975585937,5877800,1
2025-11-18,190.0,191.16000366210932,187.8500061035156,189.6300048828125,8195800,1
2025-11-19,189.2100067138672,189.2100067138672,183.009994506836,185.6999969482422,12550400,1
2025-11-20,187.7400054931641,188.1000061035156,178.4199981689453,179.3800048828125,13706400,1
2025-11-21,180.5599975585937,181.42999267578125,176.77000427246094,179.6999969482422,10134000,1
2025-11-24,180.3099975585937,180.3099975585937,177.3000030517578,179.1199951171875,9386000,0
2025-11-25,179.49000549316406,183.47999572753903,177.52000427246094,182.44000244140625,9676200,1
2025-11-26,184.0,188.17999267578125,183.02999877929688,186.9199981689453,7644500,1
2025-11-28,187.8699951171875,189.75,186.91000366210932,189.0,3757000,0
2025-12-01,188.9600067138672,189.9499969482422,186.41000366210932,186.4600067138672,6763700,0
2025-12-02,198.3000030517578,205.77999877929688,195.509994506836,205.3800048828125,22624000,1
2025-12-03,204.6000061035156,205.8500061035156,197.3999938964844,202.5399932861328,14139900,1
2025-12-04,202.8500061035156,202.88999938964844,198.52999877929688,201.8699951171875,9513300,0
2025-12-05,201.3999938964844,202.9499969482422,200.5599975585937,201.88999938964844,6857200,0
2025-12-08,203.6100006103516,206.8600006103516,202.5599975585937,206.2700042724609,8823900,1
2025-12-09,205.3500061035156,207.1000061035156,200.0200042724609,200.3699951171875,9101900,1
2025-12-10,200.3699951171875,201.3500061035156,198.3500061035156,198.72000122070312,15159600,1
2025-12-11,198.72999572753903,201.8600006103516,198.0500030517578,200.7100067138672,7917800,0
2025-12-12,202.1999969482422,206.1199951171875,201.5800018310547,204.3800048828125,7069700,1
2025-12-15,204.3800048828125,206.6300048828125,203.1699981689453,205.5,6721600,1
2025-12-16,205.0,208.6499938964844,204.38999938964844,206.7100067138672,6120200,0
2025-12-17,206.77999877929688,210.66000366210932,205.82000732421875,206.3300018310547,7301100,1
2025-12-18,207.9900054931641,210.5500030517578,207.66000366210932,208.2700042724609,5652100,1
2025-12-19,209.759994506836,215.97999572753903,209.2700042724609,214.0800018310547,14793700,0
2025-12-22,215.33999633789065,217.1499938964844,214.22000122070312,216.83999633789065,5458900,1
2025-12-23,216.8999938964844,217.5599975585937,215.32000732421875,216.8500061035156,4496300,1
2025-12-24,217.0,219.2700042724609,216.19000244140625,218.16000366210932,2943500,1
2025-12-26,218.0500030517578,218.6699981689453,216.13999938964844,216.44000244140625,2801500,1
2025-12-29,215.8999938964844,218.13999938964844,215.1100006103516,217.25,5292000,0
2025-12-30,219.13999938964844,221.8800048828125,218.3999938964844,218.5,5653500,1
2025-12-31,218.92999267578125,219.32000732421875,216.13999938964844,217.1199951171875,5563000,0
2026-01-02,218.1499938964844,227.7700042724609,215.2400054931641,227.7700042724609,11261000,1
2026-01-05,228.7899932861328,230.9600067138672,227.5,228.1300048828125,8278800,0
2026-01-06,229.22999572753903,231.63999938964844,228.6000061035156,229.83999633789065,6714300,0
2026-01-07,232.1499938964844,233.57000732421875,227.3099975585937,228.1199951171875,9693100,0
2026-01-08,231.7899932861328,233.1100006103516,225.1000061035156,227.3800048828125,7126800,0
2026-01-09,228.33999633789065,235.13999938964844,228.3000030517578,234.52999877929688,8621600,1
2026-01-12,234.2899932861328,239.9499969482422,234.0,239.8099975585937,7894000,1
2026-01-13,241.1199951171875,247.3999938964844,240.1000061035156,244.5500030517578,11460500,0
2026-01-14,244.44000244140625,244.88999938964844,239.6000061035156,242.6100006103516,7748600,0
2026-01-15,244.3800048828125,248.75,243.97000122070312,247.7400054931641,6517200,0
2026-01-16,247.75,248.19000244140625,244.9600067138672,247.67999267578125,5944200,0
2026-01-20,244.3999938964844,249.5200042724609,243.6999969482422,249.0,11293200,0
2026-01-21,248.88999938964844,251.3099975585937,244.67999267578125,250.07000732421875,8160700,1
2026-01-22,252.0,254.13999938964844,249.77999877929688,251.41000366210932,9742600,0
2026-01-23,252.7400054931641,253.7700042724609,249.0200042724609,252.1499938964844,7078700,0
2026-01-26,251.4900054931641,251.58999633789065,247.41000366210932,248.42999267578125,8469200,0
2026-01-27,242.5,254.3500061035156,238.75,244.5599975585937,20509200,0
2026-01-28,244.08999633789065,245.8600006103516,237.1000061035156,241.58999633789065,9999200,1
2026-01-29,242.0800018310547,243.7700042724609,233.3500061035156,234.0399932861328,9142500,1
2026-01-30,233.5,234.6499938964844,229.94000244140625,233.72000122070312,6916100,0
2026-02-02,232.63999938964844,236.2899932861328,230.3300018310547,233.0200042724609,6105300,1
2026-02-03,236.4199981689453,238.8500061035156,228.9600067138672,233.1499938964844,7655200,1
2026-02-04,233.2400054931641,236.57000732421875,229.91000366210932,235.9499969482422,7053400,0
2026-02-05,234.1100006103516,240.3300018310547,232.6000061035156,236.9499969482422,7377300,0
2026-02-06,239.3999938964844,246.3000030517578,239.3999938964844,243.02999877929688,6701200,1
2026-02-09,242.0,245.83999633789065,240.5,244.7100067138672,4707200,1
2026-02-10,245.0,247.8600006103516,240.8600006103516,242.58999633789065,5184400,0
2026-02-11,244.47999572753903,244.6999969482422,235.5,236.259994506836,5791000,1
2026-02-12,239.259994506836,245.6699981689453,235.97000122070312,239.3500061035156,6980800,0
2026-02-13,241.2400054931641,246.509994506836,240.72000122070312,242.9600067138672,6835400,0
2026-02-17,243.6100006103516,245.4199981689453,238.92999267578125,244.0399932861328,4864700,0
2026-02-18,244.5500030517578,245.0800018310547,238.6000061035156,238.92999267578125,4923000,0
2026-02-19,238.91000366210932,240.0,233.4199981689453,233.7100067138672,5827500,1
2026-02-20,232.6300048828125,236.0800018310547,231.13999938964844,232.02999877929688,5460900,0
2026-02-23,231.5,233.5,227.4600067138672,230.44000244140625,5380000,0
2026-02-24,229.2700042724609,236.1300048828125,228.38999938964844,233.38999938964844,4408900,0
2026-02-25,234.1000061035156,234.16000366210932,229.19000244140625,230.3600006103516,4442600,0
2026-02-26,230.3800048828125,230.66000366210932,225.6699981689453,229.41000366210932,4613300,0
2026-02-27,227.47000122070312,228.8000030517578,224.91000366210932,227.52999877929688,6278100,1
2026-03-02,226.0,230.22999572753903,223.6199951171875,229.7400054931641,4709000,0
2026-03-03,225.75,226.5,221.1100006103516,224.1199951171875,6211600,1
2026-03-04,226.3800048828125,227.52999877929688,221.7899932861328,227.3099975585937,5068700,0
2026-03-05,226.1199951171875,227.67999267578125,218.1300048828125,222.0599975585937,7199300,0
2026-03-06,219.47999572753903,231.9600067138672,218.63999938964844,231.1100006103516,10684700,0
2026-03-09,226.75,227.58999633789065,220.4499969482422,225.0,8400100,1
2026-03-10,224.1000061035156,226.1100006103516,217.02999877929688,217.759994506836,9285300,0
2026-03-11,217.94000244140625,217.94000244140625,213.52999877929688,214.1000061035156,7937400,0
2026-03-12,212.2100067138672,212.6100006103516,204.3000030517578,204.759994506836,10758600,1
2026-03-13,205.0,210.83999633789065,204.9199981689453,209.88999938964844,8926600,0
2026-03-16,210.75,216.1499938964844,210.75,213.47000122070312,7347100,0
2026-03-17,214.67999267578125,217.1499938964844,206.6699981689453,210.82000732421875,7308100,1
2026-03-18,209.0,210.5,205.75,205.9900054931641,5881900,0
2026-03-19,203.0500030517578,203.0500030517578,197.4600067138672,201.17999267578125,9967600,0
2026-03-20,201.0500030517578,201.9900054931641,192.5399932861328,195.1199951171875,12925400,1
2026-03-23,198.91000366210932,201.69000244140625,197.19000244140625,198.41000366210932,6247900,0
2026-03-24,196.1100006103516,197.6199951171875,194.3600006103516,196.4199981689453,5691800,0
2026-03-25,198.19000244140625,200.75,198.0,199.6100006103516,5055900,1
2026-03-26,197.3000030517578,198.2400054931641,194.2700042724609,194.3600006103516,5772600,0
2026-03-27,192.92999267578125,193.63999938964844,189.27999877929688,190.5200042724609,6000100,1
2026-03-30,191.47999572753903,192.5,187.72000122070312,189.2100067138672,6606100,0
