<DATE>,<OPEN>,<HIGH>,<LOW>,<CLOSE>,<VOLUME>,<DES>
2005-01-03,22.341865941447345,22.460705137179744,22.07589065302233,22.155118942260746,14957900,0
2005-01-04,22.25214627807696,22.297816172075137,21.875378363233622,21.926755905151367,11360900,0
2005-01-05,22.03522977440217,22.21790508740555,21.91534950855523,21.972436904907227,9770200,0
2005-01-06,22.132284446615014,22.252164751391923,22.05807189608836,22.098031997680664,9115900,0
2005-01-07,22.086620107170543,22.18937530232963,21.915362174459656,21.921072006225582,9971200,0
2005-01-10,21.846843719482425,21.983849096019306,21.721253642939285,21.846843719482425,9284500,0
2005-01-11,21.74980584759307,21.83543587896761,21.63563537597656,21.63563537597656,8966300,0
2005-01-12,21.692713647387635,21.70983877709969,21.447243292427963,21.68700599670409,9075900,0
2005-01-13,21.69270477788554,21.90963243540936,21.52715466615262,21.5614070892334,9646600,1
2005-01-14,21.567118378500624,21.681290963717046,21.492908049121745,21.58424568176269,7346500,1
2005-01-18,21.527176365561505,21.972449603805128,21.41871351629925,21.921072006225582,9729100,0
2005-01-19,21.698422799146403,21.949602999827466,21.59566983610424,21.601377487182617,15845900,0
2005-01-20,21.578537514407483,21.595664818986823,21.184644351660232,21.26456451416016,15240300,0
2005-01-21,21.264573464033045,21.401581070026293,21.03622817993164,21.03622817993164,14174400,1
2005-01-24,21.041936782000576,21.24744709016839,20.98484937547513,21.053354263305664,12870700,1
2005-01-25,21.116139843989444,21.241727726653394,21.02480221220616,21.041927337646484,9986100,0
2005-01-26,21.007679669336152,21.12185227935141,20.98484471180081,21.02480697631836,14555600,0
2005-01-27,20.90492299562229,21.064765508914267,20.842127955864147,20.979135513305664,9791100,1
2005-01-28,21.053346375554856,21.1218490600586,20.91063117920311,21.1218490600586,15282000,0
2005-01-31,21.281695002933144,21.35019988318789,21.25886222050988,21.31023979187012,14111800,0
2005-02-01,21.40728187561035,21.48720204618682,21.29310927007484,21.40728187561035,14015400,0
2005-02-02,21.40728559891814,21.43012055952913,21.33878289474688,21.41870307922364,13147400,0
2005-02-03,21.3901580600031,21.42440831940329,21.3216531858798,21.3444881439209,10737700,0
2005-02-04,21.37303373647236,21.544293768028297,21.35020095290509,21.515748977661133,10662400,0
2005-02-07,21.52146726946852,21.732685299737746,21.46437984394804,21.675600051879883,9438000,0
2005-02-08,21.647049424805896,21.68701170074721,21.51575164793654,21.55571174621582,7579200,0
2005-02-09,21.47007691753796,21.54428943778524,21.378739268641805,21.40728187561035,7084500,1
2005-02-10,21.44153535565725,21.49862057237676,21.344487874040382,21.378740310668945,8872600,0
2005-02-11,21.293105562672217,21.45294805365585,21.20176792967912,21.39586067199707,10676700,0
2005-02-14,21.447241960898587,21.447241960898587,21.27598414142597,21.40728187561035,6686000,0
2005-02-15,21.504333783254392,21.55000371056779,21.378745838466536,21.43583106994629,8145300,0
2005-02-16,21.31594744306052,21.36732501442076,21.2246097803825,21.31023979187012,9579800,0
2005-02-17,21.28169782464697,21.3330754028193,20.996267318725582,20.996267318725582,12155800,0
2005-02-18,20.92205301686066,20.98484588710758,20.72225039372817,20.842130661010746,17789700,0
2005-02-22,20.84213222890913,20.91063711050535,20.493908880272613,20.51103401184082,14882000,0
2005-02-23,20.653750533017227,20.882095797214124,20.550995381894808,20.825008392333984,12550200,0
2005-02-24,20.8478427068357,21.05906065417805,20.807882613491515,20.939180374145508,9123400,0
2005-02-25,20.93917472616913,21.167519921682413,20.92204959868705,21.104724884033203,8776200,0
2005-02-28,21.104726219723467,21.13326882655376,20.84783840292823,20.86496353149414,11403900,1
2005-03-01,21.12185736158918,21.315950192018366,21.0533546501618,21.1732349395752,10170900,1
2005-03-02,21.121848015001383,21.36160848773224,21.047635506825227,21.116140365600582,9392100,1
2005-03-03,21.2074839267888,21.224609057438347,20.95059607873761,21.127561569213864,8372400,0
2005-03-04,21.26456391174188,21.57282925350376,21.190351401096745,21.412986755371094,12698300,0
2005-03-07,21.412993804946243,21.435828766148774,21.29882335425711,21.315948486328125,11265600,0
2005-03-08,21.253147045792414,21.28168964988833,21.07047176638521,21.087596893310547,9934400,1
2005-03-09,20.96772066686013,21.019098235141005,20.74508526353019,20.819297790527344,17648000,1
2005-03-10,20.8250086753117,20.89351138443688,20.71654587105835,20.756505966186523,11903100,1
2005-03-11,20.69942026848996,20.7679251609295,20.5509973568617,20.6137924194336,9297300,1
2005-03-14,20.613783827888007,20.83071154154328,20.471068627947115,20.807876586914062,13097500,0
2005-03-15,20.84212745927165,20.933465102836006,20.65945217214296,20.693704605102536,8607000,0
2005-03-16,20.693704605102536,20.77933459867089,20.5795320062318,20.693704605102536,13404700,0
2005-03-17,20.676579651162385,20.710829906748515,20.493904362498988,20.636619567871094,9034600,0
2005-03-18,20.6423297576308,20.693707324992413,20.448236967338204,20.556699752807617,18106400,0
2005-03-21,20.48250133079688,20.52246144227153,20.26557345588968,20.43112373352051,11448100,0
2005-03-22,20.55099567838121,20.55099567838121,19.95729972503357,20.014387130737305,14833000,1
2005-03-23,20.01438855399313,20.14568632995572,19.91163339408119,19.94017601013184,17485800,0
2005-03-24,20.03722134023644,20.0657661339491,19.90592356427385,19.94017601013184,11987900,0
2005-03-28,19.940176383132723,20.02580641054848,19.826003739132403,19.894506454467773,8804800,0
2005-03-29,19.780333705589825,20.0372194028698,19.591948538078583,19.740373611450195,14720400,1
2005-03-30,19.70612298236532,19.96871853306598,19.677580366447767,19.95159339904785,11279800,1
2005-03-31,19.923049129633306,19.940174262230144,19.711828998517063,19.75178909301757,13312200,0
2005-04-01,19.86025599152254,20.04293134907281,19.317937571068043,19.551990509033203,20140200,0
2005-04-04,19.413602199126544,19.575047380894908,19.22909530524471,19.47126197814941,15639300,1
2005-04-05,19.603884636853635,20.042088149193027,19.586587795424744,19.938304901123047,15200900,1
2005-04-06,20.0363171716154,20.12857063032501,19.96136054907135,19.99595642089844,10676000,1
2005-04-07,20.03631669979132,20.23812044862396,19.990188871774777,20.06514549255371,8304500,0
2005-04-08,20.099748482386097,20.15164120753584,19.89217758178711,19.89217758178711,6360800,1
2005-04-11,19.9901916354932,20.0709153456825,19.93253404199704,19.96136283874512,7172800,1
2005-04-12,19.96136074439421,20.295780910173843,19.74802503144621,20.203527450561523,14425600,1
2005-04-13,20.209289793570928,20.232353705453857,19.892168703415617,19.93252944946289,11500600,1
2005-04-14,19.932531281347348,19.955595195349947,19.713428497314453,19.713428497314453,11012300,1
2005-04-15,19.748031223291218,20.0074948471462,19.540460324207228,19.56352424621582,15012100,1
2005-04-18,19.74802509022464,20.13433576615856,19.72496117537892,19.97289276123047,16011300,1
2005-04-19,20.024792469209604,20.27272414172144,19.995963665323828,20.151641845703125,10932200,1
2005-04-20,20.54371793646208,20.687864142753146,20.02479071401561,20.04208755493164,25470000,1
2005-04-21,20.19199549317299,20.27848187434305,19.788385782558105,20.203527450561523,16555800,1
2005-04-22,20.04785311332816,20.28425278572361,19.926770837112624,20.10551071166992,13476600,1
2005-04-25,20.16893213814629,20.295781473444684,20.117039428205683,20.27848243713379,9174600,1
2005-04-26,20.284254435306057,20.42840064237929,20.20353291126449,20.226596832275387,8410100,1
2005-04-27,20.226587447582933,20.61289804754123,20.163162793978906,20.46875190734864,11456900,1
2005-04-28,20.353446316589515,20.4745286164401,20.180471288303423,20.19200325012207,12987700,1
2005-04-29,20.19775543630283,20.46875086996913,20.134330785913235,20.46298599243164,14205800,0
2005-05-02,20.51488611293361,20.526415872181406,20.24965546081336,20.50911903381348,10170400,0
2005-05-03,20.514879727968125,20.653258790835512,20.33613772231091,20.46875190734864,12748700,0
2005-05-04,20.47452174118948,20.85506755543207,20.439928066846747,20.814706802368164,12880000,0
2005-05-05,20.84354233992441,20.86660406134728,20.480293283681444,20.69939613342285,8286700,0
2005-05-06,20.75705231566368,20.785881115091705,20.46875992239057,20.53218460083008,7313800,0
2005-05-09,20.503349561451262,20.7570459985034,20.49181760529039,20.73398208618164,6858100,0
2005-05-10,20.526415041623554,20.537946999900967,20.180465091285683,20.261186599731445,13667900,1
2005-05-11,20.2611820702579,20.43415700675755,20.09973908945765,20.353435516357425,9091900,0
2005-05-12,20.382271109635514,20.40533502873324,19.96713156335833,20.082448959350582,11278100,1
2005-05-13,20.08245961714191,20.08245961714191,19.66731765105188,19.869121551513672,13913000,1
2005-05-16,19.944059534005422,20.13433129044668,19.909463669427247,20.030548095703125,10447100,1
2005-05-17,19.897936380069936,20.330374890962027,19.892171501036284,20.30154609680176,11668100,1
2005-05-18,20.52641556600197,20.81470793181378,20.44569405549406,20.78587913513184,14821100,0
2005-05-19,20.659027610120656,20.9300208808758,20.647495653993413,20.866596221923828,10298500,1
2005-05-20,20.866605219999983,20.906965984101795,20.705162163592743,20.791650772094727,7475100,0
2005-05-23,20.699391447117527,20.75704903686595,20.59560602597352,20.705156326293945,7940900,1
2005-05-24,20.739756151341453,20.7570529916623,20.561014069872297,20.693628311157227,6290700,0
2005-05-25,20.635966778696623,20.75704903686595,20.58407406812461,20.705156326293945,5064800,0
2005-05-26,20.780115775470925,20.80894457426143,20.595608823816058,20.722455978393555,5880200,1
2005-05-27,20.72821984466789,20.780112554245207,20.589838552629715,20.641731262207028,6003700,0
2005-05-31,20.659039074472,20.75705745670345,20.549486530216903,20.612911224365234,7597500,0
2005-06-01,20.503352423823163,21.04534124207445,20.503352423823163,20.618667602539062,12206800,0
2005-06-02,20.324612096859152,20.630201305398664,20.186230791400064,20.607139587402344,15578700,0
2005-06-03,20.53794987119361,20.6705641106797,20.41686759159716,20.497589111328125,8616400,0
2005-06-06,20.451459920683828,20.52064946851316,20.29578178844579,20.47452163696289,5933100,0
2005-06-07,20.48029162596176,20.722456177524705,20.43993086736793,20.45722770690918,8578500,0
2005-06-08,20.49758292198826,20.64749615579003,20.45722217430989,20.5667724609375,7721800,1
2005-06-09,20.480283862503505,20.58406925940182,20.359201632620657,20.46875190734864,7090400,1
2005-06-10,20.52641265233134,20.54947656620152,20.31884402598748,20.42839431762696,6504700,0
2005-06-13,20.347669677465785,20.61866292537089,20.33613772231091,20.46875190734864,7127600,0
2005-06-14,20.43992088684873,20.60136384239376,20.40532502516252,20.52640724182129,5900100,1
2005-06-15,20.60714088160534,20.69939435787317,20.53218424479511,20.589841842651367,9128200,0
2005-06-16,20.561014807402863,20.785882537625856,20.53218600600187,20.69939613342285,9775400,0
2005-06-17,20.866597435679537,20.87236451382648,20.68785760404977,20.80317497253418,15436700,0
2005-06-20,20.699392745086016,20.86660064563975,20.641732952225937,20.78587913513184,8378700,0
2005-06-21,20.78587619158774,20.837768898065047,20.699389813789487,20.78011131286621,5783400,0
2005-06-22,20.872369668946405,21.004983905633377,20.79164815091924,20.906963348388672,9192700,0
2005-06-23,20.9992076233632,21.004974700407143,20.710915357038083,20.71668243408203,10695500,0
2005-06-24,20.69939305384564,20.77434748643749,20.41110068373356,20.50911903381348,12273900,0
2005-06-27,20.51488789087258,20.62443820919079,20.48029201164221,20.520652770996097,8561800,0
2005-06-28,20.624430154111867,20.710916519165043,20.537941589563125,20.710916519165043,5892400,0
2005-06-29,20.74551404234252,20.814703579812058,20.68785646103386,20.73398208618164,6204900,0
2005-06-30,20.589844624247515,20.75705475991492,20.36497688293457,20.36497688293457,10788500,1
2005-07-01,20.504700688451223,20.551274661313965,20.382439290326825,20.411550521850582,10686600,0
2005-07-05,20.376612983104067,20.53962517628904,20.26599788356777,20.35914802551269,7921200,1
2005-07-06,20.37661427301018,20.46394350824439,20.044766732519705,20.14373779296875,10760500,1
2005-07-07,20.14374290833869,20.14374290833869,19.96908661439217,20.062236785888672,10625900,1
2005-07-08,20.149560602185154,20.3940789035064,20.08551946016064,20.265998840332035,9587000,1
2005-07-11,20.26599978048006,20.568738325356243,20.231067641153075,20.35332679748535,8455100,0
2005-07-12,20.35332425540158,20.58037758048158,20.295106251336016,20.522159576416016,14462200,1
2005-07-13,20.52216178851573,20.7084620866564,20.4755856035432,20.6618881225586,11108900,0
2005-07-14,20.75504016081482,20.87729932618401,20.65606686917671,20.7783260345459,8773400,0
2005-07-15,20.77832696637449,20.929697367227057,20.725929861598605,20.87730026245117,7631300,0
2005-07-18,20.766680730525337,20.778324777123693,20.59784760703616,20.67353057861328,8386100,1
2005-07-19,20.67352707725459,20.78996530264288,20.43482971460209,20.49887084960937,12573900,0
2005-07-20,20.50470066944096,20.67353381939641,20.283468191141367,20.46976852416992,13308600,0
2005-07-21,20.784151449929624,20.784151449929624,20.376618633092733,20.609495162963867,9322000,0
2005-07-22,20.60948374396349,20.725919723510746,20.56290757544544,20.725919723510746,6976600,0
2005-07-25,20.696821228838896,20.72593023849372,20.51634403645396,20.63278007507324,5979400,1
2005-07-26,20.749215142491,20.75503827605117,20.5570939316252,20.592023849487305,6473500,1
2005-07-27,20.67935468373037,20.685175596865573,20.41736917514797,20.580381393432617,8414600,1
2005-07-28,20.586206418277577,20.66189162123635,20.48141220521931,20.64442443847656,7518400,0
2005-07-29,20.63859780471699,20.63859780471699,20.44065348167653,20.458118438720703,8494900,0
2005-08-01,20.562921210495087,20.63278328872301,20.463950118078483,20.55127716064453,7263000,1
2005-08-02,20.65024343541895,20.749214494101835,20.5512701558614,20.69681739807129,6646600,0
2005-08-03,20.70264338734729,20.755040490605943,20.621135054931088,20.731752395629883,9788200,0
2005-08-04,20.621136342046924,20.679356583121024,20.58038328373261,20.64442443847656,9565300,0
2005-08-05,20.58037758048158,20.66770680745443,20.49887148643999,20.522159576416016,9288400,1
2005-08-08,20.557096525299013,20.62695859071241,20.34168497388893,20.37079620361328,5770300,1
2005-08-09,20.417363481473178,20.562910698889368,20.324213351161788,20.39407539367676,5923500,0
2005-08-10,20.52798789573732,20.586208141685425,20.161210340203127,20.26018142700196,9726700,0
2005-08-11,20.26017570694362,20.359148986674604,20.06223136835633,20.265998840332035,9605300,1
2005-08-12,20.167032002653084,20.20196415151809,19.963266686462312,19.974910736083984,8664400,0
2005-08-15,19.951611554925723,20.25435001431008,19.939967511771616,20.17284393310547,7604000,0
2005-08-16,20.17867503422152,20.370798511973,20.097168911857345,20.13210105895996,8645900,1
2005-08-17,20.17285414139252,20.20778406765665,20.027306859624527,20.062236785888672,11000800,1
2005-08-18,20.06222884497988,20.24270820245104,20.01565488810388,20.178667068481445,6676300,1
2005-08-19,20.260174757996307,20.260174757996307,20.09716256475065,20.108806610107425,6186900,0
2005-08-22,20.13792485086412,20.2485400011837,20.033130615455843,20.09134864807129,6593100,0
2005-08-23,20.091343903557647,20.17867315273385,19.9749078658228,19.998193740844727,7900100,1
2005-08-24,19.97491245179872,20.137924718753023,19.689638763753106,19.707103729248047,13530100,1
2005-08-25,19.78860345799032,19.899218559368453,19.71291827237653,19.86428642272949,6982000,0
2005-08-26,19.87593145215989,19.90504045702932,19.57901604909213,19.590660095214844,9644200,1
2005-08-29,19.462576852129143,19.84682147179381,19.43346784869046,19.742027282714844,7483200,1
2005-08-30,19.63141761958037,19.63723853353078,19.39272017185996,19.54991149902344,8907800,1
2005-08-31,19.555728571082973,19.74784978595544,19.421825367777974,19.73038482666016,10076800,1
2005-09-01,19.64887587674474,19.95743529094416,19.63141091997857,19.829355239868164,9768700,1
2005-09-02,19.95743816581514,20.0389442702975,19.8351790090916,19.85846710205078,7100200,0
2005-09-06,19.93997002201865,20.14373525068221,19.93997002201865,20.126270294189453,7289600,0
2005-09-07,20.31839942833448,20.32422034184859,20.161208112952803,20.312576293945312,10212300,1
2005-09-08,20.34168277486529,20.34168277486529,20.09134132824901,20.16702651977539,9160300,0
2005-09-09,20.161199271056265,20.31839051750014,20.1495552282596,20.27181434631348,9107300,1
2005-09-12,20.25435256413479,20.312570566360257,20.085517248456743,20.126270294189453,9714100,0
2005-09-13,20.02730692580362,20.07970403624825,19.881759643554688,19.881759643554688,13029900,0
2005-09-14,20.027300839295776,20.079697933816377,19.89921855916218,19.93415069580078,8136800,0
2005-09-15,19.99819729595233,20.04477349602624,19.82354098742609,19.8701171875,8574400,0
2005-09-16,19.92833127395341,20.376617117033145,19.92251036053355,20.37079620361328,19557400,0
2005-09-19,20.30674997594349,20.34750302232132,20.03894138719342,20.137914657592773,10208200,1
2005-09-20,20.097162562491,20.347503985447,20.056409514184168,20.102983474731445,12550200,0
2005-09-21,19.963261624879333,19.99819154401266,19.747850092808005,19.80024719238281,10551200,1
2005-09-22,19.736206675730102,20.02147802306733,19.6721655346494,19.939971923828125,8108600,0
2005-09-23,19.92250186337441,19.95743177074562,19.742022532084896,19.83517265319824,9615200,0
2005-09-26,19.939975785892905,19.939975785892905,19.73038736389825,19.747852325439453,9849000,1
2005-09-27,19.823540411647947,19.875937524771484,19.64306319379219,19.72456932067871,8734600,0
2005-09-28,19.73038736389825,19.94579669944828,19.65470216242795,19.747852325439453,8838600,1
2005-09-29,19.707099204757466,20.015660923205004,19.50333391784641,19.998193740844727,10701100,0
2005-09-30,19.92832404200955,19.969077083784427,19.66633861568947,19.7536678314209,10533700,1
2005-10-03,19.90503947170432,20.04476579738556,19.648877132309067,19.86428642272949,14619200,1
2005-10-04,20.064225682000554,20.15831340615233,19.73491976908347,19.758440017700195,14992300,1
2005-10-05,19.834879948751084,19.90544515599137,19.66434530829519,19.67022705078125,11652000,0
2005-10-06,19.705513937047776,19.981897585776387,19.652589456296088,19.79372215270996,12637200,1
2005-10-07,19.923095168901035,20.03482364005053,19.84076869087212,19.93485641479492,9923000,0
2005-10-10,19.99366421127778,20.023066210001563,19.70551924003579,19.711400985717773,6499600,1
2005-10-11,19.69376251542821,19.799609274443867,19.470303261441902,19.5879135131836,10166000,1
2005-10-12,19.493824931741468,19.71140243011541,19.41149618876185,19.56439018249512,15446600,1
2005-10-13,19.3938512752281,19.864289918017608,19.35856753580824,19.846649169921875,13003500,1
2005-10-14,19.981896597880745,20.10538629912004,19.852525152833103,20.04070281982422,11165800,1
2005-10-17,20.1171477684158,20.1877152355369,19.8642866193019,19.9936580657959,8469300,0
2005-10-18,19.981901520602538,20.081871000920827,19.84077103962543,19.85841178894043,8777600,1
2005-10-19,20.081872083761187,20.434700548457474,19.94073935194547,20.42293930053711,19372600,0
2005-10-20,20.51702841729338,20.64051816389995,20.25828767537073,20.434701919555664,18561300,1
2005-10-21,20.44645750955967,20.693436934419463,20.44645750955967,20.658155441284176,15313700,1
2005-10-24,20.73459918820397,21.046266569891444,20.72871968736976,21.028623580932617,14340400,1
2005-10-25,20.99334853847781,21.11683828298428,20.881617799252066,21.005109786987305,10839200,1
2005-10-26,20.9992151746283,21.39320890699039,20.95217245264281,21.228553771972656,16107000,0
2005-10-27,21.22856023866064,21.35205218834917,21.13447252280105,21.187397003173825,10161100,1
2005-10-28,21.29913758392121,21.45202935187508,21.16976607341701,21.42850685119629,12044700,0
2005-10-31,21.46377279716592,21.64018691945608,21.40496883747829,21.534337997436523,14962500,1
2005-11-01,21.63432184573228,21.75193208675289,21.51083210211356,21.66960334777832,19177200,1
2005-11-02,21.587272785293948,22.045952414542715,21.58139328380348,21.875417709350582,12955100,1
2005-11-03,21.910702947527422,22.04595618042394,21.74604995892816,21.81073570251465,10366900,1
2005-11-04,21.81660587696072,21.957738552008443,21.79308563380924,21.94009780883789,11269800,1
2005-11-07,22.028310944815484,22.187084414762687,21.98126819995808,22.15768241882324,8644600,1
2005-11-08,22.01654284993171,22.098871553475146,21.90481440282161,21.957738876342773,7807400,1
2005-11-09,21.9636052612204,22.18706426523369,21.881278850064568,22.18118476867676,11315500,1
2005-11-10,22.19884326173343,22.586955398567056,22.15768002322292,22.53403091430664,16843700,0
2005-11-11,22.445816679819785,22.56930860549752,22.339969982882327,22.498741149902344,8195900,1
2005-11-14,22.33409212551904,22.475224818035155,22.33409212551904,22.42230033874512,8725900,1
2005-11-15,22.35762275731848,22.49287375515548,22.14004526020929,22.187088012695312,10030500,1
2005-11-16,22.292929117926704,22.316451607456973,22.02242721801282,22.2341251373291,10959700,0
2005-11-17,22.169449837881924,22.34586410586132,22.169449837881924,22.30470085144044,9583900,1
2005-11-18,22.34584840956308,22.422295361173195,22.12238929736374,22.363489151000977,14886200,0
2005-11-21,22.3458544568918,22.38113819254377,22.21060350173484,22.240005493164062,10634100,1
2005-11-22,22.151789822222188,22.49873858809657,22.06358387761321,22.463457107543945,11501000,1
2005-11-23,22.46934159109208,22.928021129074963,22.428178359164217,22.80452919006348,11983100,1
2005-11-25,22.92214490311007,22.92802664807436,22.78689393090117,22.85157966613769,3775300,0
2005-11-28,22.933903164747257,23.022111381902928,22.78689096497324,22.87509918212891,11353900,1
2005-11-29,22.851573527964533,23.03974893816393,22.816289797341707,22.910377502441406,14807000,1
2005-11-30,22.94565852237709,22.99858299044518,22.47522005245388,22.492860794067383,12823600,1
2005-12-01,22.651639726588467,22.80453142541764,22.58107449968486,22.681041717529293,12194100,1
2005-12-02,22.575199290921795,22.97507276451633,22.575199290921795,22.92803001403809,9823600,0
2005-12-05,22.83394030611603,22.863342303039936,22.681046332946007,22.84569931030273,6495100,1
2005-12-06,23.02211577830331,23.098560521659746,22.810417811285475,22.84569931030273,12369500,1
2005-12-07,22.84569316290705,22.869215651408098,22.534028041566128,22.62223625183105,9663000,0
2005-12-08,22.62224130757245,22.869220762345805,22.592837068760744,22.728090286254883,8597600,1
2005-12-09,22.733963232618763,23.110314051309725,22.728083732488887,23.00446510314941,8492400,1
2005-12-12,23.016241589539007,23.09856810524633,22.8692293134247,23.022123336791992,8013600,1
2005-12-13,22.945670044753346,23.28085776309291,22.933908796695803,23.175008773803714,10624800,1
2005-12-14,23.174995864087503,23.357291742587805,23.086787674406967,23.257322311401367,8511200,1
2005-12-15,23.26321548306244,23.374943967419902,23.175007250044903,23.27497673034668,8737000,1
2005-12-16,23.36318046443476,23.451388688935843,23.31025597837978,23.39846420288086,12066400,1
2005-12-19,23.35140979668108,23.46901996748751,23.22204062769869,23.28672409057617,15601200,0
2005-12-20,23.33964855527769,23.392573019979217,23.180875161173127,23.28672409057617,7655500,0
2005-12-21,23.322019958548854,23.51019543253103,23.28673621596647,23.42198944091797,11624300,0
2005-12-22,23.48667343547744,23.586642919966263,23.43963068759872,23.551359176635746,10147300,0
2005-12-23,23.592517625269625,23.768931819595373,23.527831897263606,23.639562606811523,7005900,0
2005-12-27,23.75716397627116,23.851251661112283,23.504302902655507,23.58074760437012,7752400,1
2005-12-28,23.586642520143787,23.657207762380025,23.416107795113327,23.469032287597656,9526900,1
2005-12-29,23.439640045166016,23.55136857880728,23.40435628774952,23.439640045166016,7390000,0
2005-12-30,23.351412350477723,23.39845732123628,23.21616142438839,23.33965110778809,8567500,0
2006-01-03,23.421980880494115,23.733645974762275,23.11031354299818,23.633676528930668,12838600,0
2006-01-04,23.59217061391598,23.80567478890726,23.378666438924697,23.49728012084961,13491500,0
2006-01-05,23.4913516910706,23.609965379237654,23.42611404946032,23.56845092773437,8109400,0
2006-01-06,23.6752005396849,23.86498379641906,23.455766689142905,23.734508514404297,7966900,1
2006-01-09,23.651465306569232,24.149640681051093,23.651465306569232,24.11998558044434,16575200,0
2006-01-10,24.019171804207595,24.16743829682616,23.76415325591429,24.155576705932617,16614800,0
2006-01-11,24.155566668906776,24.23859550829461,24.0843994154838,24.13777542114257,12332300,0
2006-01-12,23.870910635060667,23.971730786589053,23.66333840405068,23.692991256713867,12230000,0
2006-01-13,23.59216300740527,23.74042949641585,23.51506606202407,23.67519187927246,10961200,1
2006-01-17,23.414250427236627,23.615893000952337,23.372735979327604,23.550655364990234,9941100,0
2006-01-18,23.194809377037068,23.55064803764983,23.09991891671586,23.29562950134277,17813100,0
2006-01-19,23.331228510867327,23.40832776391992,23.01097216345048,23.165170669555664,12091800,0
2006-01-20,23.016899397841296,23.02282906423485,22.46534766615484,22.5661678314209,20902400,0
2006-01-23,22.619533184380938,22.951650904600225,22.518713066780563,22.696632385253903,13172300,1
2006-01-24,22.69664565168668,22.85084188119509,22.589893545731545,22.60175514221192,9781500,0
2006-01-25,22.63140317981516,22.9397978354859,22.57209747241867,22.8211841583252,14248700,1
2006-01-26,22.957587675639463,23.60996172849965,22.957587675639463,23.4794864654541,16187900,1
2006-01-27,23.277838365086968,23.746361005084832,23.230392003502203,23.574371337890625,12929400,0
2006-01-30,23.437977296763027,23.70485754836052,23.37866931731465,23.63368797302246,8701700,1
2006-01-31,23.74042907870322,23.835319539505708,23.56844167387605,23.574371337890625,15582100,0
2006-02-01,23.651466369628903,23.85310884603873,23.5269208236356,23.651466369628903,11429800,0
2006-02-02,23.65147532248496,23.817533096845462,23.479485620544427,23.71671295166016,10309100,1
2006-02-03,23.39645314578682,23.7819446717798,23.36680029953615,23.443897247314457,10440700,0
2006-02-06,23.36680870445582,23.485420132122407,23.31343265705868,23.39052963256836,6591800,0
2006-02-07,23.24818900074402,23.485414057081456,23.159228190637872,23.28377151489257,8590500,1
2006-02-08,23.29563165943268,23.49727418909113,23.277840403463976,23.48541259765625,10065200,1
2006-02-09,23.44390010705556,23.74043313046832,23.39052407234656,23.58623695373535,8496300,0
2006-02-10,23.497272544933185,23.710776651087148,23.30156195587011,23.67519187927246,8790500,1
2006-02-13,23.58623695373535,23.90649316198932,23.491346476737966,23.58623695373535,7791600,1
2006-02-14,23.52099417851702,23.9183495193512,23.51506451478827,23.781942367553707,12904100,1
2006-02-15,23.70484052038943,24.019164667388104,23.70484052038943,23.912412643432617,12685700,1
2006-02-16,23.98952574180461,24.208959579467773,23.864982395755334,24.208959579467773,11572000,1
2006-02-17,24.114070577008103,24.20896107448192,23.959874367001124,24.185237884521484,11518600,1
2006-02-21,24.09626100144866,24.28604185215406,24.04881465758921,24.13777542114257,7324500,0
2006-02-22,24.250468098231263,24.64189156322052,24.161509556677974,24.55886268615723,13151400,1
2006-02-23,24.469911411278435,24.65376275520461,24.315715188452167,24.380952835083008,8739500,1
2006-02-24,24.280118422765927,24.807949002224152,24.23860398854753,24.70712661743164,9294300,1
2006-02-27,24.641885898727605,24.879113146405462,24.641885898727605,24.6596794128418,8541700,0
2006-02-28,24.665611344278307,24.671541007950545,24.29791111269305,24.39873123168945,11716200,0
2006-03-01,24.410595048996505,24.87318577811976,24.392803793989337,24.6893367767334,10527700,0
2006-03-02,24.6893353634429,24.81387866609807,24.53513695431717,24.70712661743164,10939800,0
2006-03-03,24.61224285762374,24.96215194296177,24.57072841210632,24.66561889648438,12290600,0
2006-03-06,24.60038688299477,24.796099824307017,24.39874427484038,24.57073402404785,9777800,0
2006-03-07,24.3275738710934,24.707135847089923,24.3275738710934,24.60038375854492,9441300,0
2006-03-08,24.60632488663531,24.754591480339776,24.434335094969647,24.671560287475582,9147100,0
2006-03-09,24.612239965185427,24.75457680620885,24.291983769658227,24.345359802246094,9767500,1
2006-03-10,24.35129256477315,24.552935110092715,24.23860856857352,24.39280700683593,11175700,0
2006-03-13,24.582585117428096,24.60037637272148,24.30384338520695,24.351289749145508,10626100,1
2006-03-14,24.46990899872362,24.61224587391827,24.463979332509123,24.541078567504883,16221500,1
2006-03-15,24.41059747505849,24.51734954044535,24.309777336841663,24.44618225097656,14011200,1
2006-03-16,24.564789314357817,24.630026927520312,24.46989885767608,24.505483627319336,10045600,1
2006-03-17,24.52327572500232,24.612236520988848,24.46397003592265,24.552930831909176,13042300,1
2006-03-20,24.49956121178457,24.64189580773355,24.404670727029384,24.58259010314941,9418000,1
2006-03-21,24.475838711372965,24.73678698617553,24.33943377711019,24.434324264526367,13473600,1
2006-03-22,24.42838420099947,25.027382041501205,24.31570249170949,24.938421249389645,13516100,1
2006-03-23,24.938424781730262,25.027385586442456,24.80201987357422,24.9324951171875,12986800,0
2006-03-24,24.902845153635845,25.163793408714515,24.855398782330177,24.968080520629886,7212800,1
2006-03-27,24.82574965058448,25.027392234106568,24.778303272170884,24.974016189575195,7836200,0
2006-03-28,24.86725711635385,25.02738520497477,24.612238559924297,24.64782333374024,15562700,1
2006-03-29,24.74865081111924,24.95622532643384,24.49956410758318,24.718997955322266,7822900,1
2006-03-30,24.635967328555253,24.93250039049058,24.386878380098363,24.630035400390625,9323500,1
2006-03-31,24.77828794272724,24.873178378481253,24.612230245749323,24.69525909423828,10371300,1
2006-04-03,24.87912920491934,25.18159199168825,24.83761474913475,24.86726760864257,10872900,0
2006-04-04,24.87322863992616,25.38743519272345,24.81343813507782,25.27383232116699,14008500,0
2006-04-05,25.214038525130025,25.507017461214936,25.13631132811403,25.43526840209961,9494600,0
2006-04-06,25.34559146246342,25.39342571005381,25.124363769514005,25.28580093383789,6226600,1
2006-04-07,25.261870020367923,25.375472875089123,24.891163927349226,24.93301773071289,10753900,1
2006-04-10,25.07054848962424,25.26785903601952,24.92704804426769,25.04065322875976,7409300,0
2006-04-11,25.112409161434027,25.32167832543418,24.80149334573178,24.879222869873047,8828400,1
2006-04-12,25.010758482443737,25.10044426688227,24.933028977907213,25.0526123046875,5873900,1
2006-04-13,25.08848173378038,25.36352174522353,25.05858647703428,25.22600173950196,6554700,1
2006-04-17,25.27981532542201,25.33960812264143,25.01075572095163,25.112400054931644,7986200,1
2006-04-18,25.24395498431152,25.560848990457348,25.15426688252605,25.471160888671875,11079200,1
2006-04-19,25.35157081425746,25.704340392334608,25.29177800729213,25.48311042785645,9448100,1
2006-04-20,25.411370341390345,25.680432365883583,25.339621228479874,25.471160888671875,8435900,1
2006-04-21,25.63857172664704,25.63857172664704,25.35157307026093,25.411363601684567,13733100,1
2006-04-24,25.41733531882735,25.578772449906698,25.208066230870045,25.51898193359375,9475900,1
2006-04-25,25.42930576053016,25.60270153206656,25.17818273763997,25.243953704833988,11649000,1
2006-04-26,25.345587625132403,25.55485900536292,25.208067605424294,25.50702476501465,10647800,1
2006-04-27,25.507036637225603,26.34411798604168,25.429307100911625,26.27834701538086,17465000,1
2006-04-28,26.36802040473442,27.44426799746816,26.36802040473442,27.13335227966309,28234900,0
2006-05-01,27.13335478839839,27.258916258872635,26.7447095349926,26.77460479736328,16235100,0
2006-05-02,26.906136313637536,27.21107152161306,26.8523239497758,27.205093383789062,12964500,0
2006-05-03,27.25891235705561,27.324683293374104,27.03768471014413,27.181182861328125,15589600,0
2006-05-04,27.211076044791817,27.39045214138879,27.205097905974096,27.31870079040528,10550700,0
2006-05-05,27.45024265434003,27.982385962753508,27.31870079172571,27.892700195312504,17297800,0
2006-05-08,27.86280564741212,27.89270318729464,27.52797509700367,27.5638484954834,10283900,0
2006-05-09,27.4681760561714,27.71332077381124,27.414363689818188,27.516010284423828,7931000,0
2006-05-10,27.348613361704075,27.575819255470577,27.21109100381505,27.45623588562012,7213600,0
2006-05-11,27.45623028181763,27.480147407078864,26.882232960723645,26.995838165283203,10532900,1
2006-05-12,26.87624408450032,26.882222222996447,26.46368182155537,26.499557495117188,18204900,0
2006-05-15,26.50555534830448,26.756678385826387,26.45772108542609,26.63111686706543,11229400,0
2006-05-16,26.66697274334894,26.786556041026632,26.38595461679732,26.499557495117188,8263600,0
2006-05-17,26.188656698065007,26.338135334790103,25.76413791717284,25.859804153442383,13005200,1
2006-05-18,25.88370965086826,25.95545872561141,25.52495971542854,25.55485725402832,10905200,0
2006-05-19,25.6505325071402,25.740218312030915,25.41136579903943,25.56084442138672,13351300,0
2006-05-22,25.560848101418703,25.68043147268568,25.3157032167098,25.49507713317871,14742200,0
2006-05-23,25.55486168163852,25.644547470390844,25.184153122702675,25.21404838562012,13249400,0
2006-05-24,25.17218414888517,25.39939215862535,24.86724894388397,25.202081680297848,12944000,0
2006-05-25,25.50104921300185,25.650527807964668,25.303736372837,25.620630264282223,9902400,0
2006-05-26,25.770104139636324,25.93752168631976,25.680418367601344,25.84783363342285,7918100,0
2006-05-30,25.650524875952048,25.70433725522207,25.3754825592041,25.3754825592041,8680900,0
2006-05-31,25.50703569839172,25.692390037898686,25.214056552830783,25.49507713317871,11348000,0
2006-06-01,25.56083605940914,26.11689653510033,25.554857920050555,26.05710601806641,9034900,0
2006-06-02,26.188651155051605,26.42781783553564,26.027213987854257,26.19463157653809,9637700,1
2006-06-05,26.10493518053673,26.266372296278128,25.65649950820901,25.69237518310547,7867200,1
2006-06-06,25.69237868094423,25.81794013888349,25.11837920876376,25.339609146118164,12679200,1
2006-06-07,25.333633782351548,25.57280046690325,25.19013559631056,25.26188468933105,9958000,0
2006-06-08,25.112405215803783,25.411362420753825,24.66396940837872,25.321674346923828,14402700,1
2006-06-09,25.32167211653027,25.46517256584591,25.12436156469131,25.17219352722168,8106100,1
2006-06-12,25.17218901281933,25.249918503961155,24.86725374889656,24.873231887817383,9059600,0
2006-06-13,24.72375472499297,25.04065084642142,24.11986230188032,24.233465194702152,16522300,1
2006-06-14,24.29923929920835,24.42480076778247,23.51597294498305,23.898637771606445,16879100,0
2006-06-15,23.976374201508424,24.406873437169537,23.91658365471689,24.275331497192383,18481200,1
2006-06-16,24.275326725602152,24.33511954150388,23.922557094801416,24.012245178222656,15754500,1
2006-06-19,24.01822021930769,24.19161594174816,23.76709726752142,23.886680603027347,9087100,0
2006-06-20,24.000292721377942,24.382957717058712,23.94050217112656,24.20956420898437,11176100,1
2006-06-21,23.9943138348286,24.78953907666232,23.976374845618693,24.640060424804688,15242300,1
2006-06-22,24.58623834104452,24.9150907895128,24.51448925503708,24.55634307861328,10466300,0
2006-06-23,24.412847012588472,24.693865240719127,23.82688887024897,24.4367618560791,9954700,1
2006-06-26,24.31717042160481,24.813440322875977,24.28129702787748,24.813440322875977,11183300,1
2006-06-27,24.329140874342954,24.85530628791696,24.329140874342954,24.4188289642334,14116000,1
2006-06-28,24.61613530598452,24.69984523978881,24.47861526459976,24.675928115844727,8540100,1
2006-06-29,24.92106764701632,25.62660668764665,24.87921382942486,25.51898193359375,17320000,0
2006-06-30,25.66846052433123,25.70433620266288,25.112400054931644,25.112400054931644,16247700,0
2006-07-03,25.347490653603828,25.841781616210938,25.31735140944036,25.841781616210938,6828300,1
2006-07-05,25.84178943275233,25.84178943275233,25.341471389768707,25.56450462341309,10451000,1
2006-07-06,25.55847616600072,25.721228583886862,25.48011227257138,25.58861541748047,10831500,1
2006-07-07,25.58861694582805,25.769454764985056,25.492169955645814,25.56450462341309,6736400,1
2006-07-10,25.642860798860426,25.7332785314697,25.57655308192746,25.666973114013672,5332100,0
2006-07-11,25.53435764658044,25.914118561575588,25.407771441407704,25.841781616210938,8814500,0
2006-07-12,25.847810919140155,26.05878792836874,25.449966916397003,25.46805000305176,7025300,1
2006-07-13,25.28720763418061,25.2932345621426,24.841139082268604,24.949642181396484,11099000,1
2006-07-14,24.86525682550013,25.021982280994,24.47946896630566,24.648250579833984,10439300,1
2006-07-17,24.60002439876352,24.67838596451311,24.352878946413,24.55179977416992,10806600,1
2006-07-18,24.68442075239867,24.78086772383352,24.42521908551556,24.53974914550781,10760800,1
2006-07-19,25.257073138258363,25.95631418645643,25.160626176419903,25.950284957885746,27046400,1
2006-07-20,25.95028217429427,26.143176077280167,25.769444427679577,25.9080867767334,16362600,1
2006-07-21,26.02262820299072,26.20346832823473,25.79356803010966,26.010574340820312,15203300,1
2006-07-24,26.161260814161523,26.733913281023803,26.131119274241065,26.643495559692383,12629200,1
2006-07-25,26.61336897601442,27.041352372495787,26.528975843368823,26.902709960937504,12536000,1
2006-07-26,26.824340544378213,27.029290653999745,26.74597665848482,26.91476058959961,14170000,1
2006-07-27,26.93285197904636,27.10766289395992,26.643510964436665,26.944908142089844,13841100,0
2006-07-28,27.053397880915565,27.45124186595211,27.005173252679946,27.41507339477539,14184400,0
2006-07-31,27.18601462296858,27.55371941396881,27.149848446461768,27.499467849731445,14621600,0
2006-08-01,27.601952384006537,27.601952384006537,27.27644290028317,27.433168411254886,13402300,0
2006-08-02,27.668255692082752,27.674282622528853,27.24629927705427,27.42111015319825,11051900,0
2006-08-03,27.21614523289643,27.60795988429639,27.18600369861656,27.523569107055664,9045400,1
2006-08-04,27.70442545918711,27.78881629321907,26.59528385588612,27.19807815551757,14113100,0
2006-08-07,27.12574698167454,27.32467022995629,27.029299973274373,27.28850173950196,5925500,0
2006-08-08,27.41507492379171,27.55974651709049,27.089565563477183,27.119707107543945,11025900,1
2006-08-09,27.19807090662349,27.35479867046376,26.721865284437182,26.73391914367676,10452800,1
2006-08-10,26.67365038086787,26.73392889696564,26.324028548962424,26.553091049194336,10392300,1
2006-08-11,26.55309335247961,26.61337417328429,26.221556886227543,26.48075866699219,6868600,1
2006-08-14,26.70378195286365,26.82434124983704,26.34813329150469,26.456636428833008,6985600,1
2006-08-15,26.613362514971207,27.19204434432824,26.613362514971207,27.14984893798828,11078300,1
2006-08-16,27.39095697578198,27.51754545619121,27.198063090700707,27.40904235839844,8814800,0
2006-08-17,27.294513930780827,27.535632471301355,27.27643084505868,27.403017044067383,6163700,1
2006-08-18,27.535635479197044,27.55371856689453,27.28848998293077,27.55371856689453,9213600,0
2006-08-21,27.37287780137152,27.48740784340652,27.32465547295351,27.403017044067383,5649000,1
2006-08-22,27.28849145460726,27.48138539870684,27.19204448255748,27.33671379089356,6252400,1
2006-08-23,27.24628839159949,27.5115169153355,27.22217608049352,27.43918228149414,8730200,0
2006-08-24,27.54769496895279,27.71044967634402,27.505499559571064,27.5356388092041,8682800,0
2006-08-25,27.535629226441465,27.54165615447968,27.306566869887863,27.43918228149414,4450900,0
2006-08-28,27.36684609472493,27.752633852622765,27.31259454755328,27.740577697753903,7324900,0
2006-08-29,27.656193843286623,27.74058464903901,27.378906810772616,27.71044540405273,8050800,1
2006-08-30,27.66220848696977,27.77071156031289,27.54767848709692,27.56576156616211,8596400,1
2006-08-31,27.54768141468908,27.65015527291675,27.47534679126506,27.523569107055664,6245400,0
2006-09-01,27.638096181898863,27.66823771297549,27.318616187875225,27.56576156616211,6703300,0
2006-09-05,27.511537525645924,27.692375395462555,27.39097817927541,27.60798454284668,6134000,1
2006-09-06,27.51755611171604,27.75867241169598,27.415079902129584,27.65619850158692,7126400,0
2006-09-07,27.66223274527563,27.67428890838369,27.204110044559,27.24630546569824,7278400,1
2006-09-08,27.12574139436377,27.390970037963395,26.932847417295392,27.28246688842773,7728200,1
2006-09-11,27.481385783931064,27.481385783931064,27.198071793542145,27.36082649230957,7173200,0
2006-09-12,27.360832017546265,27.74059305802574,27.300553509301512,27.73456382751465,11555700,0
2006-09-13,27.73453969869502,28.1685519387988,27.56575818286608,27.969631195068363,11745700,1
2006-09-14,27.975689967067456,28.066110053177614,27.788822862196348,28.02994155883789,7622400,1
2006-09-15,28.24693785018861,28.542305733764053,28.186657047791343,28.30118942260742,15421000,1
2006-09-18,28.15049209147538,28.301190654813603,28.011849689141528,28.07815742492676,11125300,1
2006-09-19,28.16856662297224,28.24090126753876,27.86114265895684,28.210762023925785,6768700,1
2006-09-20,28.301188767953693,28.62669819493693,28.301188767953693,28.463943481445312,9084200,1
2006-09-21,28.37955158231393,28.542303990150508,28.132403756799285,28.216796875,7782700,1
2006-09-22,28.150504656633075,28.29517405430443,28.03597222570809,28.22283935546875,6046700,1
2006-09-25,28.39763602488639,28.51216609868402,28.18062973813091,28.277076721191406,15329800,0
2006-09-26,28.277080245380017,28.30119256901964,27.96362693649818,28.271053314208984,12381400,1
2006-09-27,28.20473738662864,28.45790981292018,28.102261190646058,28.23487663269044,8884200,1
2006-09-28,28.331338566304936,28.52423260237257,28.27106004233816,28.421758651733395,6165100,1
2006-09-29,28.42173752988616,28.60860219500014,28.234870565295594,28.307205200195312,10115300,0
2006-10-02,28.30722132376649,28.53025688258452,28.174608134161016,28.25296974182129,7382800,1
2006-10-03,28.30118570431088,28.885894464139938,28.295156475124543,28.78342056274414,11801200,0
2006-10-04,28.564856308142875,28.86234467717834,28.50414553044636,28.83198928833008,20650500,0
2006-10-05,28.71057286944992,28.81378168151773,28.534508326073663,28.783426284790043,12915100,0
2006-10-06,28.595219313357354,28.65593242319259,28.400941993821267,28.449512481689457,10748900,1
2006-10-09,28.4495085620726,28.66199862729938,28.34629744755673,28.601287841796875,7252800,1
2006-10-10,28.71056874870431,28.935201431410324,28.58914486325285,28.85627555847168,14164900,0
2006-10-11,28.71664712331358,28.959494963751844,28.63772122777585,28.923067092895508,10288100,1
2006-10-12,28.959486799881827,29.48767804057051,28.868418306398127,29.29947090148925,14979300,0
2006-10-13,29.153756362243392,29.420886987826748,28.983764356505564,29.23875236511231,7298000,0
2006-10-16,29.129470887392024,29.202324272681835,28.838055030265423,28.97769165039063,7330200,1
2006-10-17,28.56485801066844,29.26911372737468,28.534502620010937,29.13554954528809,8880100,1
2006-10-18,29.044483183776617,29.14162183057314,28.297729402284343,28.661998748779297,21532700,0
2006-10-19,28.662003520693,28.662003520693,28.152024961113334,28.45558357238769,11986700,1
2006-10-20,28.46164452558615,28.61342376981138,28.255224660801137,28.607351303100582,10979200,1
2006-10-23,28.43129429485925,28.81984885997051,28.425221827047444,28.771278381347653,8838300,0
2006-10-24,28.577012622686063,28.66200867858346,28.382735261786635,28.61951065063477,13431500,1
2006-10-25,28.716638064667382,28.838061946583423,28.4859329206237,28.69842529296875,9021700,0
2006-10-26,28.746995151270333,29.11126681849836,28.72271222622957,29.001985549926754,7644300,0
2006-10-27,28.88055951687127,28.96555553812429,28.63164160492977,28.710567474365234,7112500,1
2006-10-30,28.74092548431648,28.94127293610208,28.583076047029884,28.80770874023437,10222600,0
2006-10-31,29.008042211385927,29.19017911827731,28.795552241301948,28.80162239074708,12564200,0
2006-11-01,28.989842149323813,29.032340161961613,28.35843979589366,28.492006301879883,11490200,1
2006-11-02,28.492013436022493,28.58308195217365,28.34630427337436,28.473800659179688,7059000,1
2006-11-03,28.62557369029448,28.68628447708627,28.23094662824364,28.46772193908692,7984100,1
2006-11-06,28.64379233207696,28.971636206249205,28.564866440301746,28.92913818359375,8633700,0
2006-11-07,28.838059439712644,29.14161796013068,28.81984666959724,28.83198928833008,8535500,1
2006-11-08,28.832000889707647,29.080918883970973,28.65593632118834,28.923067092895508,7511200,0
2006-11-09,28.92914147568937,28.989852281829243,28.643795591700616,28.68022346496582,6836700,0
2006-11-10,28.80771324854281,28.90485191345215,28.72271720624321,28.90485191345215,5849900,0
2006-11-13,28.777346522992943,29.074832553948525,28.75306128733237,28.93519592285156,7664600,0
2006-11-14,28.83198824062876,29.0262655013592,28.57092773727829,28.98983764648438,8276800,0
2006-11-15,28.880562148522948,28.94127293610208,28.52843541182144,28.80770874023437,11340700,1
2006-11-16,28.838056628923617,29.12947250220506,28.75913077283672,29.050546646118164,8192500,0
2006-11-17,29.13554564309995,29.13554564309995,28.89269791842933,28.93519592285156,12991600,0
2006-11-20,28.9351949140422,29.171970163558857,28.86841167628776,29.080904006958004,8614500,0
2006-11-21,29.008050415937973,29.10518904630319,28.77734761630034,28.98983764648438,7423800,0
2006-11-22,28.898781793218348,29.074846361418167,28.765217565591453,28.892711639404297,5916100,1
2006-11-24,28.66806990148172,28.85627471828206,28.643784661904927,28.69842529296875,2926400,1
2006-11-27,28.619498454480784,28.6923518547795,28.20058850780336,28.30986976623535,11109800,1
2006-11-28,28.20665271618308,28.2855785675244,27.79381300819862,28.04880332946777,13415600,0
2006-11-29,28.05488459414808,28.45558184405397,28.05488459414808,28.334157943725582,9414400,1
2006-11-30,28.36451270053221,28.376655320896752,27.957743024208003,28.09737968444825,13058500,0
2006-12-01,28.230950598383497,28.2370207515291,27.629903534359563,27.93346214294433,14731400,0
2006-12-04,28.09737628967299,28.613427170959888,28.024522892256016,28.43736267089844,13148100,1
2006-12-05,28.47379488602435,28.686284959335897,28.39486900909373,28.65592956542969,10747700,1
2006-12-06,28.57700795583846,28.686289242994008,28.38880077996648,28.43130111694336,14162400,1
2006-12-07,28.58307291231534,28.58307291231534,28.26737175639711,28.30986976623535,7394600,0
2006-12-08,28.32807745324148,28.61949331810341,28.13987036061574,28.3887882232666,9120100,1
2006-12-11,28.352371002755483,29.044484174279827,28.352371002755483,28.8684196472168,11221600,1
2006-12-12,28.874496074347263,29.12341404412748,28.746999696874727,28.91699409484864,15958400,1
2006-12-13,29.0080563718022,29.080912096510403,28.83806431275261,28.898775100708008,11353700,1
2006-12-14,28.90483202068769,29.16589243720968,28.716624973716744,29.111251831054684,10052600,0
2006-12-15,29.26306161168628,29.53626492792623,29.14163765824972,29.32377243041992,16172100,0
2006-12-18,29.323755641370088,29.505890309260742,29.15983374547811,29.28125762939453,8538200,1
2006-12-19,29.15983666838596,29.433039855591105,29.111268499531807,29.30554580688476,9291400,1
2006-12-20,29.341948759810425,29.36623166563773,29.22659511427427,29.27516555786133,6036400,0
2006-12-21,29.39662537012701,29.7305418153226,29.34198702378873,29.536264419555664,10782200,0
2006-12-22,29.53017454315444,29.62731318378451,28.91091484064982,29.074836730957035,8342000,1
2006-12-26,29.129461456549656,29.36623661905964,29.11124869511554,29.329811096191406,4101200,1
2006-12-27,29.46946964271858,29.74874300077097,29.032344514658607,29.71838760375977,7716200,0
2006-12-28,29.627311397832937,29.74873527029299,29.530172763058445,29.700164794921875,6525200,0
2006-12-29,29.59697574665987,29.694114446215263,29.30555964799369,29.32377243041992,9601100,1
2007-01-03,29.348220519500348,29.574445732936468,29.09753789585843,29.391019821166992,14244700,0
2007-01-04,29.378779786610018,29.684490299129138,29.19535394557577,29.4643783569336,9471500,0
2007-01-05,29.452152634223552,29.50106744071734,29.121987019935883,29.21981430053711,10760500,1
2007-01-08,29.085288295211395,29.38488552402733,28.932433089820385,29.31762886047363,8239200,0
2007-01-09,29.2870551566188,29.415452955655766,28.956887388479387,29.19534111022949,9276700,0
2007-01-10,29.02414647541699,29.421568600820137,29.00580226517188,29.40933990478516,15597000,1
2007-01-11,29.348208888741844,29.60500459697301,29.311522787971924,29.537750244140625,8049200,1
2007-01-12,29.409356418159103,29.507183708983767,29.28707405391821,29.34210205078125,10646700,1
2007-01-16,29.44603574010595,29.62946157657767,29.409349639857183,29.58666229248047,8696500,0
2007-01-17,29.74563934297809,29.89237911019015,29.421584553310588,29.61112594604492,16291400,0
2007-01-18,29.37879215652418,29.702847022260016,29.29930673673384,29.4399356842041,12654200,1
2007-01-19,29.531637867820564,29.855692628111964,29.43381058775189,29.812891006469727,14649200,1
2007-01-22,29.88014365863524,30.485451475729903,29.77620320803545,30.36316680908203,18325500,1
2007-01-23,30.30813891335801,30.4854515638909,30.130826262825124,30.467109680175785,12845300,0
2007-01-24,30.375412951070857,30.81563707083307,30.271470108399285,30.791179656982425,13857500,1
2007-01-25,30.7178013901697,30.98682587216901,30.528259982978334,30.6994571685791,14855900,1
2007-01-26,30.57105249645068,30.72390775893293,30.265341971486173,30.38762664794921,13990300,1
2007-01-29,30.308144734348385,30.357059543498,30.026891578897576,30.24700355529785,12085000,0
2007-01-30,30.38763042883357,30.723911581658008,30.185860337707023,30.681112289428707,12325700,1
2007-01-31,30.613848899102667,31.280297874031938,30.479335534427733,31.1396713256836,18460500,0
2007-02-01,31.158023455314936,31.329222975486765,31.09688226893077,31.31087875366211,13420400,0
2007-02-02,31.31698397323037,31.38424065556784,31.017386660741472,31.1396713256836,15443400,0
2007-02-05,31.06629303619229,31.274176210511552,30.90120913314006,31.15800476074219,8079900,1
2007-02-06,31.090744830263656,31.37811333491032,31.035716868360787,31.18245887756348,9849200,0
2007-02-07,31.084653565176584,31.31699427173258,31.060196157668216,31.31087875366211,7537400,0
2007-02-08,31.21915670775387,31.21915670775387,30.88898881212594,31.1396713256836,10312300,0
2007-02-09,31.19469474622964,31.29863518017881,30.619959937155365,30.827840805053714,9489000,0
2007-02-12,30.93179627463517,30.968482383534912,30.72391298897648,30.8400821685791,7889000,0
2007-02-13,30.78505854525005,31.194711989479487,30.772832172933,31.151912689208984,8374100,0
2007-02-14,31.237494700639765,31.51874776230737,31.18246672488865,31.43926239013672,10745900,0
2007-02-15,31.21305145601539,31.469849570079752,31.11522415836867,31.31087875366211,13339600,0
2007-02-16,31.280304875561725,31.39647405044681,31.188590773230096,31.3353328704834,11291900,0
2007-02-20,31.27418898540864,31.641040698230707,31.255844767097123,31.567670822143555,9171500,0
2007-02-21,31.457631254828065,31.702198413516832,31.34757521708248,31.57991600036621,9337100,0
2007-02-22,31.67160732649732,31.763321409431377,31.414811626099567,31.573780059814457,9111600,1
2007-02-23,31.518744790380687,31.64102942856237,31.01126669064709,31.2008056640625,10042600,0
2007-02-26,31.28641670563869,31.43927198131381,30.83396639577672,31.066307067871094,13342800,0
2007-02-27,30.944023629736577,30.944023629736577,29.10364473019508,30.09414863586425,21228500,1
2007-02-28,30.002435022254296,30.50380016827501,29.892379030943744,30.19808959960937,19180400,0
2007-03-01,29.94741292276509,30.228666141538955,29.531646280931103,30.081926345825195,22648000,0
2007-03-02,29.92905964209888,29.959630226873564,29.41546588777131,29.4643783569336,16922400,1
2007-03-05,29.103648883299467,29.446045603149955,28.85908179688069,29.06696510314941,20199600,0
2007-03-06,29.32987369107962,29.763982153419573,28.999705706037982,29.666154861450195,17751900,1
2007-03-07,29.77008127256652,29.88013721557964,29.50717011230024,29.568313598632816,13664500,0
2007-03-08,29.83123167109317,30.173625944349684,29.72728888643597,29.800661087036133,11979500,0
2007-03-09,30.03299896952536,30.173625520119423,29.67226048499763,29.849573135375977,9452900,0
2007-03-12,29.739524081534743,29.947407363864,29.715066675993288,29.86180877685547,10445700,0
2007-03-13,29.623344712267816,29.653915292483944,28.46775952044346,28.55335807800293,25294400,1
2007-03-14,28.56560202532782,29.073080458495568,28.07034996486454,28.920225143432617,25043400,1
2007-03-15,28.82237932290451,29.464370767349987,28.82237932290451,29.16477584838867,15828300,1
2007-03-16,29.11586348092513,29.24426364640132,28.724554466333736,28.755125045776367,24746900,1
2007-03-19,28.85907474740124,29.225926453611013,28.834617345017577,29.09141540527344,14448200,1
2007-03-20,29.04859910248361,29.274826461607887,28.93854551215556,29.19534111022949,14507400,1
2007-03-21,29.232044874642988,30.357059839814,29.232044874642988,29.990205764770508,20747600,1
2007-03-22,29.996320518679934,30.02077559048452,29.568325274882746,29.635581970214844,18906700,1
2007-03-23,29.70895415591264,29.89238003680689,29.61112686394325,29.666154861450195,11748200,1
2007-03-26,29.68449857996584,29.82512517506773,29.311531277467164,29.77621269226074,11851000,0
2007-03-27,29.708950732274925,29.84957730250104,29.562208645037995,29.69672203063965,11183500,1
2007-03-28,29.525527929529176,29.64169710851265,29.21981735415377,29.34210205078125,13176700,1
2007-03-29,29.4949488852372,29.73951587601284,29.36043552425975,29.65391731262207,10837100,1
2007-03-30,29.721181542360508,29.971864112701404,29.31764368931452,29.580554962158203,12674800,0
2007-04-02,29.58055746995341,29.647814173227417,29.164790879156563,29.49495887756348,13834500,1
2007-04-03,29.710465192734507,29.919824005148744,29.611943536830253,29.90135192871093,13572200,1
2007-04-04,29.90135192871093,29.993714659841547,29.72278069334024,29.90135192871093,9163600,1
2007-04-05,29.772043600865672,30.10455510673868,29.765887024360683,30.030664443969727,7991000,1
2007-04-09,30.03682072346493,30.252338482077533,29.962930061426626,30.17228889465332,7509000,1
2007-04-10,30.17845836841145,30.38166071203626,30.159986282242944,30.32008552551269,8200100,1
2007-04-11,30.23385470328037,30.38163833058808,30.15996406409705,30.26464462280273,11971300,1
2007-04-12,30.492485919189136,30.492485919189136,30.006034150809004,30.29544258117676,9472400,1
2007-04-13,30.44938700407032,30.44938700407032,29.96293516909906,30.227712631225582,11266300,1
2007-04-16,30.461700311852898,30.94199318576148,30.36933521351262,30.769580841064457,15765000,1
2007-04-17,30.769572687972072,31.04666321168747,30.60947353979641,30.898881912231445,12238500,1
2007-04-18,31.75479119422416,32.43212728238369,31.668585039252022,32.06267166137695,39198500,1
2007-04-19,32.03804662498906,32.161199304566615,31.619328923790547,32.07499313354492,20708700,1
2007-04-20,32.419823025410324,32.456767188282,32.08115253947198,32.352088928222656,21166800,0
2007-04-23,32.235085348614824,32.45060309419504,32.05035753021868,32.19198226928711,12675600,0
2007-04-24,32.05652023420562,32.19198606422993,31.804058304549763,32.11809539794922,10315700,1
2007-04-25,32.16736157644935,32.59839247639282,32.13041506405038,32.52450180053711,18088100,0
2007-04-26,32.49371422482252,32.63533899898277,32.3644049547991,32.598392486572266,14440500,0
2007-04-27,32.49371021475686,32.51218229421135,32.10578010361903,32.35824203491211,14428600,0
2007-04-30,32.30282056970674,32.6722785684746,32.013414505288246,32.081146240234375,29900000,0
2007-05-01,32.26587311363659,32.327448265995216,31.77326249900156,32.179664611816406,13859000,0
2007-05-02,32.01957393424217,32.49371021475686,32.01957393424217,32.35824203491211,12968600,0
2007-05-03,32.53066836508498,32.586084623281494,32.24741640140479,32.450618743896484,9700300,0
2007-05-04,32.512187114448544,32.66612739657088,32.382877841211936,32.407508850097656,11974600,0
2007-05-07,32.518336252209785,32.60454240841705,32.35823709158921,32.46907424926758,7375400,0
2007-05-08,32.31512963638634,32.419810203988696,32.16118942145561,32.29665756225586,9028200,0
2007-05-09,32.358238318927704,32.7892714652546,32.28434766065333,32.75848388671875,12561700,0
2007-05-10,32.506024983824034,32.653806314008904,31.98878563029324,32.01957321166992,13478400,0
2007-05-11,32.09346404848412,32.25356323080657,31.847161047210832,32.1119384765625,12419400,0
2007-05-14,32.01957808846211,32.11809977323815,31.742485115985048,31.914899826049805,9328300,1
2007-05-15,32.07500575771652,32.45677710061781,32.019587147541905,32.03805923461914,11105000,0
2007-05-16,32.24740178472502,32.678434939441765,32.142723545877296,32.623016357421875,12924700,1
2007-05-17,32.499868609476195,32.635336796898365,32.327456261078574,32.364402770996094,9049900,0
2007-05-18,32.40134859503229,32.592235382657336,32.296670334972944,32.352088928222656,11115100,0
2007-05-21,32.2535655901856,32.51834303890599,32.2104625030862,32.364402770996094,10408300,0
2007-05-22,32.364398755961616,32.438289417687926,32.07499033653272,32.198143005371094,9665800,0
2007-05-23,32.222771290264845,32.413655679364545,31.9764659733691,32.01341247558594,11246900,1
2007-05-24,32.01956697899269,32.167350629353045,31.680898951887787,31.767105102539062,13105800,1
2007-05-25,31.730159447158027,31.92720275358818,31.56390371693105,31.79789352416992,10761300,0
2007-05-29,31.80404942694082,31.97030279242988,31.68089678488785,31.908727645874023,9552300,0
2007-05-30,31.668588466389995,32.0565185546875,31.619326458822528,32.0565185546875,10243400,0
2007-05-31,32.173518367733564,32.21046488037792,31.81637579233152,31.914899826049805,10976300,0
2007-06-01,31.97030379690732,32.06882779279825,31.81020700146725,31.9579906463623,12104800,0
2007-06-04,31.748636590922985,31.896417908930548,31.73632108959874,31.75479316711425,11095500,0
2007-06-05,31.551591623729465,31.70553185884946,31.5208016975522,31.539276123046875,13615700,0
2007-06-06,31.54542643380334,31.54542643380334,30.94813768850162,31.132867813110355,13877400,1
2007-06-07,30.97278060073725,31.18829837938047,30.62795591321532,30.677215576171875,17409400,0
2007-06-08,30.683379466080822,31.08362280726892,30.504808167472305,31.04051971435547,13508100,0
2007-06-11,31.040512333044543,31.305289754516945,30.80652249219739,31.05282783508301,11252000,0
2007-06-12,30.923513903980325,31.03435105659929,30.38164364105885,30.387800216674805,15388300,0
2007-06-13,30.56021923097813,31.028196559637745,30.49248514482989,30.96662139892578,14507600,0
2007-06-14,30.74495711337249,31.29914313672504,30.74495711337249,30.98510360717773,12440700,1
2007-06-15,31.182127457115868,31.397645152845687,31.04665932545376,31.132867813110355,18351900,1
2007-06-18,31.299133177968628,31.31144633106526,30.991252673832523,31.05282783508301,9290300,1
2007-06-19,31.058992785448982,31.32992920545873,30.966630018671324,31.31145477294922,12251900,0
2007-06-20,31.348401511608767,31.39766353339393,30.430916321871088,30.455547332763672,14920700,1
2007-06-21,30.59717003092762,30.71416615020048,29.97525231651875,30.68953514099121,19429500,1
2007-06-22,30.51711922556924,30.634112982294543,29.91367366377096,29.999879837036133,25110400,1
2007-06-25,29.99986101826068,30.30158243542033,29.59345906427175,29.778186798095703,17240200,1
2007-06-26,29.83362068903456,30.203076346600213,29.74125560017225,29.92598342895508,18963800,0
2007-06-27,29.71663742265631,30.357029697849715,29.605802556702447,30.32008552551269,16354200,0
2007-06-28,30.32623248188291,30.467857245102923,29.90135819222288,30.14766120910644,14430900,0
2007-06-29,30.313912886091693,30.35701596695063,29.61810231817472,29.833620071411133,21764700,0
2007-07-02,30.110704420955194,30.326219763965323,29.90750222702473,30.26464462280273,15717900,0
2007-07-03,30.52528719454578,30.76730712038049,30.4322047928346,30.618371963500977,7444000,1
2007-07-05,30.469440834443105,30.62458055838069,30.19019122515092,30.277069091796875,11613000,0
2007-07-06,30.17155886514343,30.50666108167968,30.066065038035664,30.38875579833984,10792400,0
2007-07-09,30.537702691734733,30.58114162505771,30.11572245324497,30.277069091796875,10577700,0
2007-07-10,29.97299005982277,30.140541222649468,29.45172056455437,29.482748031616207,21881800,0
2007-07-11,29.488957116962343,30.059870128123304,29.24073262770025,29.86749839782715,27232500,0
2007-07-12,30.21499963955178,30.798326282175417,29.86748831262029,30.736268997192383,19172800,0
2007-07-13,30.82935013675492,31.16445233475604,30.57492121617846,31.05895614624024,16393800,0
2007-07-16,30.972094500153105,31.313401420556445,30.8603937091492,30.92245101928711,12263900,1
2007-07-17,30.99691656340235,31.32581201264445,30.92245016054917,30.97829818725586,18302200,0
2007-07-18,30.28948114029877,30.58734913195745,29.681333694756766,30.33292007446289,35535600,0
2007-07-19,30.717666144309952,30.835571485383163,29.68753844506933,30.171573638916016,26199400,0
2007-07-20,30.289469390942017,30.289469390942017,29.40207030768034,29.513771057128903,30677800,0
2007-07-23,29.631699627591708,29.706166063303563,29.20351466319189,29.259365081787102,20520200,0
2007-07-24,28.936664339885315,29.135243013397847,27.999619004956333,28.13614273071289,35706200,0
2007-07-25,28.34093078827216,28.67603324472399,27.48456100033294,28.092708587646488,40175100,0
2007-07-26,27.4907368612898,27.64587646250164,26.9942906108604,27.35421562194824,51202000,1
2007-07-27,27.36043926484346,28.074082875512403,27.118421696758336,27.44731712341308,40020600,1
2007-07-30,27.77001190185547,28.012029503917,27.06257510590809,27.77001190185547,32316300,0
2007-07-31,27.96858613151948,28.52709002247765,27.26735399448178,27.31079292297364,34080900,0
2007-08-01,27.118425022426266,27.577637293250945,26.808145565344145,27.5404052734375,44504500,1
2007-08-02,27.55901456533124,27.776209185445808,27.304585567235385,27.67071533203125,28297400,1
2007-08-03,27.676925676157587,27.89412270901694,26.926049983894945,27.0873966217041,36628500,1
2007-08-06,27.155656092648915,27.993412017822266,26.85778810833538,27.993412017822266,34200000,0
2007-08-07,27.91894804632248,28.576739014616034,27.39767843654096,28.13614273071289,30556500,1
2007-08-08,28.39057970892653,29.309006921451893,28.09271161572197,28.862203598022464,27447200,0
2007-08-09,27.949971684565902,28.50847323945883,27.41008377075196,27.41008377075196,39278200,0
2007-08-10,26.90742565379649,27.801029331018093,26.379949337606664,27.459722518920906,32549000,0
2007-08-13,28.067869812917905,28.191982026791056,27.10600429807721,27.19908905029297,21357600,1
2007-08-14,27.26735457494792,27.31700041842064,26.764703429629208,26.87019729614257,25217200,1
2007-08-15,26.76470958545864,27.56522887399918,26.566130900383264,26.68403625488281,27726700,1
2007-08-16,26.528882310090665,28.4836430061526,26.162752611589152,28.2168025970459,51414800,0
2007-08-17,29.83647608322584,29.96679289734295,28.6387970950191,29.172475814819336,57869900,1
2007-08-20,29.27176466847889,29.48275480712918,27.96859181444416,28.84978675842285,32691300,1
2007-08-21,28.62016732256496,29.21590548910242,28.39056126044532,28.66981315612793,23582300,0
2007-08-22,28.961461653342,29.06075327764848,27.94374617662676,28.54568862915039,30844900,0
2007-08-23,28.82495309251791,28.90562638915623,28.01822722786568,28.34091567993164,21476600,0
2007-08-24,28.235430783087185,28.545710242241988,27.943767333963457,28.514682769775387,13248000,0
2007-08-27,28.39057042677807,28.483655211140675,27.856889379887185,27.86930084228516,13527200,1
2007-08-28,27.60245454720124,27.60245454720124,26.96948430072424,27.05636215209961,23516300,0
2007-08-29,27.23012182981621,27.44731647107825,26.77711417286677,27.38526153564453,21605200,1
2007-08-30,27.08118515138411,27.52798823662221,26.89501798828287,27.28597068786621,15581500,0
2007-08-31,27.925149162630262,28.00582247859513,27.47214147139468,27.627281188964844,16937800,0
2007-09-04,27.55281511143309,28.30989533235414,27.46593488008677,28.111316680908203,15416800,1
2007-09-05,27.819654891815304,27.906532753649035,27.348028831511915,27.41008377075196,15556800,0
2007-09-06,27.45351865503109,27.64589034207852,27.19908967599769,27.43490028381348,18994400,1
2007-09-07,26.85158368012632,27.298386842201023,26.808144746840643,27.006723403930664,21526200,0
2007-09-10,27.14945147771107,27.58384317480331,26.901226974445706,27.26115226745605,17181500,1
2007-09-11,27.27976891246815,27.82586141203301,27.09980626176863,27.639694213867188,15148000,1
2007-09-12,27.614876083675945,27.76381128841156,27.397681375983144,27.59626007080078,13896800,0
2007-09-13,27.565225648319288,28.409186144751764,27.54040509102285,28.297485351562504,20262100,1
2007-09-14,28.067860844367544,28.32228973625,27.93133721600624,28.260234832763672,12482300,1
2007-09-17,28.167168928098032,28.31610411010517,27.85688946889053,28.105113983154293,17958300,1
2007-09-18,28.34713315638921,29.699951863020985,27.9996192905751,29.67512893676757,27267800,0
2007-09-19,29.768203923227585,29.824054305282647,29.27175503062984,29.51997947692871,31807800,0
2007-09-20,29.55101393618728,29.63168725541788,28.998716898039103,29.14144515991212,19553500,1
2007-09-21,29.47654096809131,29.50136388651874,28.936655512135584,29.24693489074707,20535000,1
2007-09-24,29.29037185324217,29.29037185324217,28.651194766372704,28.756690979003903,17346800,1
2007-09-25,28.70084232821325,28.70084232821325,28.32850802328529,28.60775756835937,16405200,1
2007-09-26,28.707049955199697,28.97389043702665,28.38436145215893,28.626379013061523,17485400,1
2007-09-27,28.66981321564404,28.719456682066426,28.347122398545764,28.676017761230472,12840300,1
2007-09-28,28.57673590274524,28.67602522868937,28.285074839359257,28.434007644653324,15587900,1
2007-10-01,28.21680260131805,29.19107949341574,28.185772774992223,29.0483512878418,17276200,1
2007-10-02,29.160060562917305,29.383459753995563,29.054564330489946,29.265554428100582,16003200,0
2007-10-03,29.22175093332152,29.690950540034347,29.184216492126964,29.403175354003903,12675700,1
2007-10-04,29.528304158521927,29.67219179262569,29.390671470912547,29.55958366394044,11132400,1
2007-10-05,29.684700743762185,29.953708755851384,29.578347573495904,29.76602935791016,13435600,1
2007-10-08,29.59713289663025,29.766045160393016,29.43447558198123,29.678459167480465,8305500,0
2007-10-09,29.77229507372312,29.84111143470601,29.396936142055928,29.75978279113769,12967500,0
2007-10-10,29.69721469776603,29.69721469776603,29.121661806929183,29.34687805175781,18858500,0
2007-10-11,29.409434355951053,29.79105047055974,29.109146852604777,29.190475463867188,27920400,0
2007-10-12,29.19674933654386,29.465757513476007,29.11542305903376,29.290590286254883,12507000,1
2007-10-15,29.259283302201936,29.290562793921623,28.64619619590149,28.946483612060547,16575300,0
2007-10-16,28.77758370262579,29.0278245154988,27.901743244043526,28.22080039978028,22510200,0
2007-10-17,29.4282091120651,29.47825584480527,28.62118496329721,29.00905609130859,34659600,0
2007-10-18,28.84013722221836,28.858906830818214,28.433498961804315,28.71501922607422,19397900,0
2007-10-19,28.646211346807565,29.152945585504785,28.1269624410368,28.16449928283692,29500400,0
2007-10-22,28.089428840792223,28.73379579923179,27.93928385549465,28.38345909118652,18094100,0
2007-10-23,28.727533268767864,28.77132743751565,28.233311385029328,28.74004554748535,13519100,0
2007-10-24,28.60865937395452,29.052834361201946,27.989317323899023,28.946483612060547,27352800,0
2007-10-25,28.84014982826008,29.121670215582665,28.24583192738044,28.80887031555176,20076400,0
2007-10-26,29.37816201686796,29.68470692698689,28.73379507467683,29.60337829589844,18851700,0
2007-10-29,29.64716790705137,29.715984252419023,29.09663953058349,29.196735382080075,18861900,0
2007-10-30,29.02782430363286,29.334366791368,28.8088629973488,29.12792015075684,13131400,0
2007-10-31,29.37189585751757,29.74725458829879,28.80260043016491,29.403175354003903,23899100,0
2007-11-01,28.558630411833462,28.977781111591213,27.65151026941268,27.726581573486328,31730100,0
2007-11-02,27.80790610115723,27.82667332778307,26.312723255973136,26.994626998901367,39570300,1
2007-11-05,26.706845952012035,27.025903083088693,26.0687340763318,26.75689506530762,28852800,1
2007-11-06,26.706859806351,27.73910063205913,26.706859806351,27.595212936401367,28756400,0
2007-11-07,26.856999844488502,27.40752834161202,26.36903275980736,26.425336837768555,28980700,1
2007-11-08,26.594243633189404,26.85073942858267,25.44939736132752,26.65680503845215,37342800,1
2007-11-09,25.899845012728104,27.08222881615493,25.755954890084908,26.469141006469727,43587300,0
2007-11-12,26.34400550445504,27.32619690799244,26.187605569032225,26.51917266845703,27691800,0
2007-11-13,27.08846439027438,28.40222508825292,26.66931376993233,28.183263778686523,35927500,0
2007-11-14,28.715014850563243,28.79008611410514,27.80163786716832,28.24581527709961,25367400,0
2007-11-15,27.901736857834013,28.27084065978013,26.95082771409854,27.232345581054684,23434200,1
2007-11-16,27.36372338098825,27.59519452947566,26.575466668775128,26.95708274841308,29021800,1
2007-11-19,26.713108416448023,26.8006919950685,25.76845150653054,25.881059646606445,29656500,1
2007-11-20,25.881051588923683,26.49413883486489,25.19914801364176,26.04370880126953,33277800,1
2007-11-21,25.530732416879392,26.27519542821477,25.1178365841807,25.449403762817383,26759300,0
2007-11-23,25.96239135956081,26.400311691113227,25.624566899236907,26.243911743164062,10808400,1
2007-11-26,26.193853340038856,26.58172679188229,25.230431815504023,25.31175804138184,27132300,1
2007-11-27,25.59953858490397,26.57547497627884,25.380579644438523,26.4941463470459,28501100,1
2007-11-28,26.73188378318318,27.60772460899648,26.62553294432796,27.501371383667,32246500,1
2007-11-29,27.13851994261445,27.58269522704896,26.90704629877633,27.307432174682617,23553600,0
2007-11-30,28.38972096359839,28.83389627030088,28.15824730815572,28.53986358642578,40113500,0
2007-12-03,28.715026748727343,28.727536642440807,28.12070656545377,28.283361434936523,21417200,0
2007-12-04,27.726580532307214,28.208292622765352,27.526388804645865,27.620229721069336,19315200,1
2007-12-05,27.86420788633509,28.27084621093587,27.48259173302913,28.089424133300778,20627900,0
2007-12-06,28.07691401753992,28.93398490210319,27.857952699910257,28.908960342407227,19130200,0
2007-12-07,28.90895531451292,29.284316485248883,28.683739089365933,28.82762908935547,15286600,0
2007-12-10,29.27807567957528,29.947467400790902,29.12167570010482,29.66594696044921,23388400,0
2007-12-11,29.47199834038305,30.041293896426524,28.464782575120022,28.74004554748535,38455700,0
2007-12-12,29.42194189957096,29.897398826556163,28.26458385082172,28.87141609191894,44364000,1
2007-12-13,28.671222209222105,28.94022776093782,27.983061423856533,28.62742805480957,41261000,0
2007-12-14,28.30213179980766,28.64621116142472,27.95179510469433,28.27710723876953,27651800,0
2007-12-17,28.03937851198565,28.46478650116266,27.75160322121104,27.85795402526856,19965700,1
2007-12-18,28.00809235561272,28.12070046639793,26.98210946754562,27.46382141113281,25224900,0
2007-12-19,27.463817800372137,28.21453525827697,27.313672876907614,27.51386451721192,21293700,0
2007-12-20,27.73282877322845,27.86420410396744,26.93205973866324,27.10722923278808,27147500,0
2007-12-21,27.47634742389872,27.63900474001572,27.10724576099899,27.595212936401367,26363000,0
2007-12-24,27.61397178831929,28.220804292023697,27.61397178831929,28.04563713073731,7679700,0
2007-12-26,27.976812547572028,28.14572471189272,27.676525050937315,28.114442825317383,14578700,0
2007-12-27,27.90174938308637,27.96431079330624,27.219845523769425,27.30117416381836,16530000,0
2007-12-28,27.6452443026368,27.69529341403976,26.788173554881343,27.06343650817871,16852200,1
2007-12-31,26.944583145838312,27.613974739697028,26.76941596583008,27.307432174682617,16361200,0
2008-01-02,27.48414201487612,27.635605627513257,26.50594683920159,26.613231658935543,22122300,1
2008-01-03,26.72050305428156,26.916142936473378,26.35446761161899,26.430200576782227,17150700,1
2008-01-04,26.133605716208965,26.379732021840223,25.64135310494645,25.83068084716797,25873800,0
2008-01-07,25.9379434587158,26.24087047561037,25.344716399444728,26.08940696716309,25644100,1
2008-01-08,26.16514432834176,26.24087730599376,24.87771259743483,25.054420471191406,33646000,0
2008-01-09,24.985005197247,25.458325576780023,24.32235714738716,25.407836914062504,33546300,0
2008-01-10,25.098596163776342,26.5942875244825,24.80198136118318,26.08310317993164,41863600,1
2008-01-11,25.79911928296942,26.569052203225816,25.48988221297629,25.78649711608887,37520500,1
2008-01-14,26.04523318740861,26.348157826825293,25.622399223113977,26.102031707763672,22817000,1
2008-01-15,25.704447268513714,25.704447268513714,24.51799038505596,24.719940185546875,45240000,1
2008-01-16,25.534048115173995,26.916144728534423,25.376274705059327,26.146209716796875,63183100,1
2008-01-17,26.23456798873429,26.30398868905317,25.11753172002647,25.26899528503418,39647200,1
2008-01-18,25.395210554946377,25.66657862050572,24.30972866298377,24.984998703002933,51919100,0
2008-01-22,23.76699615641156,26.505943776255226,23.76699615641156,25.78649711608887,57178600,1
2008-01-23,25.49618860201885,29.12497768430885,25.243750137669515,28.85360717773437,77137000,0
2008-01-24,28.92302907540156,29.0366237408954,27.93220962656613,28.37397575378418,52062600,0
2008-01-25,28.822055274854968,28.929342482339752,27.269564965429563,27.54093551635742,38410900,1
2008-01-28,27.63560105776419,28.78419170494045,27.389474834431,28.758947372436523,29739100,1
2008-01-29,28.992443592097143,30.16627825445893,28.24144295886084,29.945396423339844,56112700,1
2008-01-30,29.72450695314906,31.106603447966584,29.23225472618993,29.882280349731445,68343800,0
2008-01-31,29.28905744816771,30.41240342265389,28.935644122434034,29.9138412475586,55500600,0
2008-02-01,29.825485904031968,30.734262333217007,29.59829420416702,30.450269699096683,48834500,0
2008-02-04,30.18521253864981,30.380850043027657,29.04924196353998,29.169151306152344,28310200,1
2008-02-05,28.430762616597377,28.70213302300262,27.67344991052299,27.698694229125973,39045100,0
2008-02-06,27.938529953920995,28.235144886092087,27.30743599265989,27.59142875671387,27274800,0
2008-02-07,27.383157356219293,28.76525420588734,27.294804616637727,28.468639373779297,36818000,0
2008-02-08,28.373980017925422,28.373980017925422,27.30111994985748,27.65453338623047,26058300,0
2008-02-11,27.69870325347789,27.76812394853828,27.02343315914205,27.35791206359864,25874000,0
2008-02-12,27.553553976264062,28.0521186336932,26.97925874031143,27.332672119140625,27193400,0
2008-02-13,27.484132890195813,27.87541034907576,27.143341680478613,27.831233978271484,26533400,0
2008-02-14,27.799683467581985,27.83123767843278,26.80255644159126,26.89090919494629,31180000,0
2008-02-15,26.764688534440737,27.29480743408203,26.51225004606609,27.29480743408203,29031400,0
2008-02-19,27.47781524709737,27.799671915924904,26.61321530297629,27.02973937988281,25811900,0
2008-02-20,26.739442305877425,27.35160403189775,26.41127325725992,27.231697082519528,30149700,0
2008-02-21,27.22537065368597,27.57247156467511,26.64476584365765,27.18119430541992,32878200,0
2008-02-22,27.174894788915203,27.78074414530145,26.4491360923018,27.72394561767578,30452700,0
2008-02-25,27.408396934116908,28.05842261190305,26.98556294412652,27.787052154541016,27917200,0
2008-02-26,27.59773863705622,28.10892561235338,27.39578876204726,27.59142875671387,24989300,0
2008-02-27,27.18121063449728,28.07736511075169,26.89721793401412,28.02687644958496,38566000,0
2008-02-28,27.76813201441639,27.78075418149663,26.752070435063366,26.78362464904785,36606500,0
2008-02-29,26.430210113621687,26.487008654273275,25.48356937438312,25.65396499633789,36856600,0
2008-03-03,25.590847933249314,25.6413365826062,24.88402369427203,25.1301498413086,31481900,1
2008-03-04,24.84616775001674,24.9786993070989,24.12041116329218,24.73257064819336,56449300,1
2008-03-05,24.83985928669232,24.978700731825043,24.050991816497223,24.448581695556644,36325600,1
2008-03-06,24.095155841332428,24.12671004246632,23.445130149735565,23.583969116210938,44356900,1
2008-03-07,23.281044404595903,24.6631410413028,23.104338952660537,23.70387840270996,43258700,1
2008-03-10,23.81116991499684,24.145648874490377,22.91501783203985,23.02230262756348,41281300,1
2008-03-11,24.284494033406634,24.77674652631814,23.451450241972264,24.511688232421875,58401200,0
2008-03-12,24.51800020880398,25.388910577017693,24.23400984318498,24.366539001464844,44572400,1
2008-03-13,23.88058782592482,24.581102280349786,23.11696495886567,24.05098342895508,45537900,1
2008-03-14,24.486430095723225,24.486430095723225,22.725678453238405,23.06015968322754,77776000,1
2008-03-17,23.35047423470656,25.931648374786267,23.35047423470656,25.43939590454102,125296300,1
2008-03-18,26.625850433813792,27.06130676000145,26.032623042076,26.95401954650879,76994300,1
2008-03-19,27.301115425431394,28.32979894440508,26.78361872673016,26.802553176879883,70593300,1
2008-03-20,27.08023514197816,29.314307794884023,27.0423686469108,29.011383056640625,72777200,1
2008-03-24,28.66426689825661,30.39346422497388,28.411830931408826,29.377403259277344,66011200,0
2008-03-25,29.04293766118829,29.4405274388013,28.342423141204563,29.06818199157715,54485500,0
2008-03-26,28.569623828176784,28.63273226113774,27.749202162522323,27.837554931640625,41122700,0
2008-03-27,27.906971199443568,28.07736683016824,27.048683166503903,27.048683166503903,32154500,1
2008-03-28,27.2632566128242,27.66715631846969,26.916155453749614,26.95401954650879,29011900,1
2008-03-31,26.95399954700483,27.92588399723424,26.89089116761034,27.1054630279541,28920400,1
2008-04-01,28.481251794952303,29.661396026611328,28.184637064308344,29.661396026611328,54562600,0
2008-04-02,29.95408142657693,30.25947532661248,29.22876818355566,29.419641494750977,36597900,0
2008-04-03,28.866109206540973,29.92226389039229,28.83429780095993,29.44508552551269,30314400,0
2008-04-04,29.1714967570184,29.54687708658531,28.707043540275297,28.993350982666016,29875900,0
2008-04-07,29.54052695199513,29.73776158181782,28.929739128554303,28.97427558898925,24069200,0
2008-04-08,28.78339892568707,29.0188062303598,28.26804543778287,28.541627883911136,29187700,1
2008-04-09,28.74522123434706,28.74522123434706,28.04536069245962,28.18533134460449,28476400,0
2008-04-10,28.121712653025227,28.50981811878033,27.72724587685573,27.905391693115234,30230100,0
2008-04-11,27.561815269917425,27.93083427814362,26.99556414017053,27.05918693542481,41959900,1
2008-04-14,26.976484639873075,27.23097831259357,26.19390998253352,26.403869628906246,33774900,0
2008-04-15,26.83651117160812,27.16735512592416,26.263896168550616,26.79833602905273,37271800,1
2008-04-16,27.69543105115441,28.60525131225586,27.42184859909987,28.60525131225586,52568400,0
2008-04-17,28.2107780932788,28.834290712187304,28.10261642842869,28.7070426940918,30302500,1
2008-04-18,29.476896493974188,29.81410172906647,28.89791780420527,29.114238739013672,31398100,1
2008-04-21,28.8152175399234,28.936101877530668,28.376211798031644,28.777042388916016,23513400,1
2008-04-22,28.60525621556449,29.13969616385596,28.47164683525539,29.04426193237305,23703800,0
2008-04-23,28.891550245260508,29.292380625687304,28.433458381915592,28.72612953186035,23260300,1
2008-04-24,28.866108481188085,30.11949773143392,28.847022123730003,29.884090423583988,37769300,0
2008-04-25,30.087686682084566,30.456703350609576,29.610508323558587,30.40580558776855,24266600,0
2008-04-28,30.329456430028426,30.596677582801856,29.782293930644204,30.11949920654297,27175000,1
2008-04-29,30.11949177329637,30.373987815315445,29.661399868483706,29.954071044921875,20738700,1
2008-04-30,30.062226856876887,30.946596740105072,29.73138301080342,30.316722869873047,36280800,1
2008-05-01,30.33582348096643,31.481051223664565,30.33582348096643,31.334716796875,31723700,0
2008-05-02,31.748273326880504,31.780084737617848,30.558506663452373,30.959337234497067,27942900,0
2008-05-05,30.743011267729347,30.94660717596162,30.44397871567677,30.53941535949707,19276100,0
2008-05-06,30.11948608404522,30.98476955100224,30.06222460675972,30.666650772094727,25441400,1
2008-05-07,30.679394091525555,30.813003475770657,29.515077502105083,29.629600524902347,27636400,0
2008-05-08,29.89044542859269,29.90317047323205,28.82792968527446,29.29874420166016,26106000,0
2008-05-09,29.10788561085042,29.85864657049688,28.96155117662172,29.629600524902347,21730400,0
2008-05-12,29.788641398163293,30.08767381831455,29.591406887225755,30.05586242675781,20295600,0
2008-05-13,29.92862610629054,30.055874149200587,28.77067352721274,28.93609428405762,27485300,0
2008-05-14,29.266942062716748,29.50234939538497,28.821575067655736,29.209680557250977,24138200,0
2008-05-15,29.29874601497764,29.928622414811684,28.99971594213495,29.91589736938477,27289500,0
2008-05-16,30.106779330593,30.106779330593,29.29875685007246,29.60415077209473,20871400,0
2008-05-19,29.61687363945444,30.043154292793908,29.18423167504496,29.260581970214844,19402200,1
2008-05-20,29.050622188274087,29.050622188274087,27.676348432172546,27.80359649658203,48996100,0
2008-05-21,27.867223035355035,28.026282530336577,26.931954855261164,26.989213943481445,40611900,1
2008-05-22,26.97649192600197,27.82268719625369,26.78561858608992,27.390045166015625,28883300,0
2008-05-23,27.18008474687053,27.29460776675213,26.798340538246865,26.92558860778809,21440900,0
2008-05-27,26.97649603109512,27.61273412213929,26.91287076575728,27.36459922790528,28457800,0
2008-05-28,27.606362727767934,27.63181282684662,26.658369594109715,27.26915740966797,31688700,0
2008-05-29,27.16099056976387,28.03263809558938,26.9064969082313,27.72088050842285,22789000,0
2008-05-30,27.969006712627625,27.988095492661625,27.275507572058626,27.35821914672852,21391600,0
2008-06-02,27.12281670392777,27.21188960303536,26.50566529289028,26.81742286682129,30620500,0
2008-06-03,27.05919028485749,27.16098822609749,26.206631616827043,26.65199851989746,28503100,0
2008-06-04,26.55656452790665,26.9446675133928,26.18754547104701,26.4865779876709,30800100,0
2008-06-05,26.65836268332913,26.925581373217792,26.34024380847821,26.785608291625977,27755300,1
2008-06-06,26.588391636633457,26.588391636633457,25.41771339789969,25.506786346435547,39887900,0
2008-06-09,25.65311139382062,25.659475131837446,23.17178266523224,23.86528205871582,74856700,1
2008-06-10,23.68714190430534,24.95961798249776,23.64260543573304,24.361555099487305,54412400,0
2008-06-11,24.495163384208634,24.654222886703494,23.585342835773595,23.623517990112305,50965800,1
2008-06-12,23.99252265720377,24.65421043591223,23.94162490417845,24.183393478393555,53247700,0
2008-06-13,24.42516101345209,25.188646616918,24.049780733326163,25.18228530883789,40465600,0
2008-06-16,25.118660551305005,25.86305981706565,24.87688957993232,25.41132926940918,34860200,0
2008-06-17,25.67855980468009,25.92669217582549,24.781464540586484,24.83872604370117,32510200,0
2008-06-18,24.51424775755433,24.97233986420505,24.1325059533822,24.64785957336425,35513700,0
2008-06-19,24.679656675457423,24.83235233776416,23.426267847675177,24.59058380126953,59944400,0
2008-06-20,23.97980521550842,24.934162051111294,23.508990535761768,24.08796691894532,55374100,0
2008-06-23,24.17067603240834,24.17067603240834,23.22904191588249,23.45808792114257,37741100,0
2008-06-24,23.419904331663133,24.342446807678243,23.06361044144905,23.99888038635254,43526200,0
2008-06-25,24.13885449469484,25.016863092257264,23.85891081487307,24.119768142700195,42317900,0
2008-06-26,23.64259213887451,23.90981322707565,23.03180454734925,23.108152389526367,45708400,1
2008-06-27,23.190868559789795,23.47081232124153,21.75933349347011,22.30013465881348,69316700,1
2008-06-30,22.179255105917267,22.586447001560234,21.60663998575988,21.82932472229004,50792600,1
2008-07-01,21.67491119846865,22.093098373493493,20.79993907090557,21.887222290039062,74620100,1
2008-07-02,22.105966323681216,23.00024103705968,22.02232839636022,22.260372161865234,51750200,1
2008-07-03,22.594912980848942,23.218976017286177,22.189595966268133,22.717153549194336,33028500,1
2008-07-07,22.83939121960709,23.128905120280216,21.591267625215348,21.90008163452148,48883600,1
2008-07-08,22.06736787783684,23.19325401909624,21.50120730247432,23.013113021850582,62285100,0
2008-07-09,22.993809202810432,23.63717260860076,21.93225860156174,22.05449676513672,50971000,1
2008-07-10,21.874358390770265,23.032412167669545,21.58484433298622,22.20247268676757,47807900,0
2008-07-11,21.47546786738745,22.16386640929947,20.645528612629004,21.333927154541016,71316700,1
2008-07-14,21.99659269599881,22.09953073683853,20.38175172015637,20.38818550109864,50370200,0
2008-07-15,19.7705620388368,21.115191986556937,18.81195047516736,19.95713806152344,88717800,1
2008-07-16,20.78063794026548,23.12248039245605,20.26594769597689,23.12248039245605,79957800,1
2008-07-17,24.479983422910472,26.37147389523725,24.319142529916004,26.249233245849613,132114600,0
2008-07-18,26.50657312265384,26.58377604507478,25.21984629586712,25.747404098510746,65409900,0
2008-07-21,25.95327265428102,26.345724615110186,24.672978753726525,24.8659896850586,41354400,1
2008-07-22,24.550753930976065,26.403641714701788,24.19690445547053,26.2878360748291,50104200,0
2008-07-23,26.31999619850126,27.664625782372063,25.32921598844139,26.99552726745605,59345600,1
2008-07-24,27.0598663613526,27.20140464504232,25.11690853610148,25.18124389648437,47454600,1
2008-07-25,25.2005358955245,26.01760747120253,24.756616161720984,25.425714492797848,35188000,0
2008-07-28,25.35494687135947,26.15271842171858,24.06822030604463,24.229061126708984,41673200,1
2008-07-29,24.40920794545352,26.217060089111328,23.920252812612784,26.217060089111328,50527400,0
2008-07-30,26.641673711992787,27.06629338476532,25.715231458917145,26.744611740112305,47954900,0
2008-07-31,26.13985252380371,26.99552446794789,25.92754144899244,26.13985252380371,37394100,0
2008-08-01,26.44867225981785,26.86042448195314,25.586565124383306,26.2234935760498,30773300,0
2008-08-04,25.82460594177246,26.30712848165382,25.03326927087542,25.82460594177246,27748000,0
2008-08-05,26.551604473537044,27.02125940196765,25.869638471771843,26.950489044189453,35763100,0
2008-08-06,26.60307766291264,27.19497331282892,25.95328165859173,26.628812789916992,33009400,0
2008-08-07,26.172020562854545,26.731745974952258,25.39998407299501,25.612295150756832,42712200,1
2008-08-08,25.41928399644947,26.79608357922567,25.348516091964083,26.42293167114257,37174200,1
2008-08-11,26.24279037488005,27.56811724150343,25.972576504657507,26.950489044189453,34643900,0
2008-08-12,26.371469411940065,26.38433452146369,23.81731568005241,24.39634132385254,65248300,0
2008-08-13,24.216208614699703,24.22264362589729,23.257598102223906,23.746553421020508,48575900,0
2008-08-14,23.540655851264383,24.724444049616768,23.43128284841461,24.325559616088867,41142300,0
2008-08-15,24.47998178488856,24.904601615812,24.042494388878097,24.49284934997559,36656900,1
2008-08-18,24.396339262812084,24.467109630397463,23.57926989406264,23.63717269897461,32193100,0
2008-08-19,23.16751119246041,23.41842493927865,22.517715343830933,22.890867233276364,41424300,1
2008-08-20,22.852271412672494,23.84948432929004,22.530589668328968,23.8044490814209,39065000,1
2008-08-21,23.276889896561165,23.54710136844716,23.025978542885085,23.328357696533203,30564500,1
2008-08-22,23.945984973247388,24.60864844671839,23.714373771659265,24.235496520996097,36022700,1
2008-08-25,24.061788327268143,24.0939560013214,23.21254897023385,23.24471664428711,27081000,1
2008-08-26,23.27045209833394,23.88164779549999,23.09674614679253,23.55353355407715,28810800,0
2008-08-27,23.51493712282829,23.945991974986818,23.07744971507209,23.89452171325684,23812300,0
2008-08-28,24.22906899111769,25.013973236083984,23.95242249344061,25.013973236083984,34724300,1
2008-08-29,24.775924725020573,25.05257119755012,24.505713261193605,24.763059616088867,23327100,0
2008-09-02,25.451462427142207,25.74740906537665,24.76949619386371,25.08474540710449,33267600,1
2008-09-03,25.03326630920795,25.573691588107213,24.730884767967808,25.547956466674805,28787600,1
2008-09-04,25.28417471394248,25.59298877308045,24.3384324247812,24.38990020751953,41510300,1
2008-09-05,24.12613145273889,25.57369933990322,24.02962594523313,25.477193832397464,42100300,1
2008-09-08,27.272171985185985,28.089243733336417,25.734533972978355,26.73174667358398,85629900,1
2008-09-09,26.25565584247665,26.98265456804159,25.38068140558975,25.3935489654541,56435300,1
2008-09-10,25.72810867494565,26.017620300397844,24.95607194718656,25.34852409362793,46100400,1
2008-09-11,24.608652420001725,26.82182184562172,24.39634129952097,26.79608917236328,57012300,1
2008-09-12,26.274959814519782,26.99552609311008,25.85677264732991,26.487268447875977,51417100,1
2008-09-15,24.698723938017988,26.92476101985832,23.8044490814209,23.8044490814209,92112900,1
2008-09-16,22.89087481108893,26.345736164641924,22.53059036279377,26.21063041687012,90368100,1
2008-09-17,25.142647121129407,26.17202775430033,22.83940457983355,23.013113021850582,104396300,1
2008-09-18,23.502063410794342,26.410066173591755,21.90008997409608,25.92754364013672,132982000,1
2008-09-19,30.238071206332155,30.88143442348816,27.37510439914076,30.270238876342773,88523900,0
2008-09-22,29.39528072014343,29.5303889354791,26.21706555809817,26.249233245849613,44934200,0
2008-09-23,26.08839073493534,27.13707397940967,25.773143978589665,26.094825744628903,32404400,0
2008-09-24,26.69957862665624,27.34294196705759,25.876074336298142,26.056215286254883,27186400,0
2008-09-25,27.18209849696009,28.951347511555127,26.57090289198004,27.960567474365234,36831300,0
2008-09-26,26.08837975308622,31.524799801547186,26.04334452113718,31.035844802856445,148081400,1
2008-09-29,29.9678724225108,30.55976565291241,26.37790298461914,26.37790298461914,79528000,0
2008-09-30,28.71331227974072,30.488994372528307,28.160019304280013,30.045074462890625,66987800,0
2008-10-01,30.180187775858947,32.16818149011772,29.787735569001512,31.930137634277344,59424300,1
2008-10-02,31.93012306588721,32.31911849975586,30.2898556064051,32.31911849975586,53944700,0
2008-10-03,32.61736454733227,32.82482919484186,29.323858940063648,29.75823974609376,68639000,0
2008-10-06,28.195755681264764,29.271978912402123,27.035249207694346,28.52640151977539,63065300,1
2008-10-07,29.45351189884596,29.65449426898795,25.485749183672564,25.492231369018555,62396200,0
2008-10-08,25.239369662841906,28.234639633807497,24.96058886211267,25.47924995422364,75686800,0
2008-10-09,26.60087238061363,27.67709576366498,23.780649185180668,23.780649185180668,88790300,1
2008-10-10,22.710897311002203,27.22973794751695,22.704415128257818,26.99633979797364,112976400,0
2008-10-13,28.46803996847491,28.57825685032129,25.71265007354306,27.223253250122067,81628900,0
2008-10-14,28.092029417944904,28.23465977428518,25.712666405444104,26.39340972900391,95288900,0
2008-10-15,25.498717654533024,27.09360245405137,24.63644103131412,24.95412254333496,84755700,0
2008-10-16,25.29773978019599,26.581427955408085,23.54077281865619,26.250782012939453,75112400,0
2008-10-17,25.69321406848653,26.834269138296047,25.323667669713565,25.49871635437012,60991200,1
2008-10-20,25.93958050208983,26.38692803086648,25.155104871601207,26.36099433898925,44732100,1
2008-10-21,25.88121916654236,26.75646232072221,25.67375467218236,25.764522552490234,41780700,0
2008-10-22,25.38202204923172,25.965515302338503,23.34627166708479,24.098331451416016,60825200,0
2008-10-23,24.22152067508272,25.12269568591485,23.22309553039049,24.53919982910156,63917000,1
2008-10-24,22.76925536726,24.461390111371443,22.37377529625494,22.9702377319336,61968800,0
2008-10-27,22.75629394001076,23.274957911239383,21.60875645757615,22.04313468933105,62712700,0
2008-10-28,22.659046927821528,24.454914424028,21.08361088354009,24.37711334228516,73082500,0
2008-10-29,24.05944083216218,24.88281729047085,23.02211505027008,23.15178108215332,61823300,0
2008-10-30,23.916798856704936,24.63644271053616,23.359236862811454,24.390077590942383,47372000,0
2008-10-31,24.176138166803867,26.74351501464844,24.16965350545943,26.74351501464844,86948900,0
2008-11-03,26.743502581453345,26.743502581453345,26.062759374014487,26.406372070312504,45059900,0
2008-11-04,26.74351325039721,27.50205534819429,26.50363273312465,27.33997344970703,48917100,0
2008-11-05,27.054701221647708,27.553913600124808,25.03840267778977,25.42740058898925,53524900,1
2008-11-06,25.258835716335923,25.77749715824956,24.54567654285128,24.80500602722168,56467100,1
2008-11-07,24.785552506410443,24.973568017913887,23.64449754088889,24.47435569763184,50210800,0
2008-11-10,24.817967882806244,24.947633835508743,23.112868889895704,23.6055965423584,41558500,0
2008-11-11,23.22308161276639,24.2798557098138,22.866502124267345,23.566694259643555,61577400,0
2008-11-12,22.963762876331533,23.5342918685333,22.244121303022776,22.41268539428711,56726100,0
2008-11-13,22.46454772085104,24.312280012534448,21.71897014453077,24.111297607421875,74523600,1
2008-11-14,23.553744424253,23.92977317061488,22.146872154867385,22.34785461425781,55941000,1
2008-11-17,21.92643464224027,22.60717798504206,21.07064258731693,21.24569129943848,57560400,1
2008-11-18,21.23920441978068,21.45963583350344,19.6832201521842,20.837242126464844,67807700,0
2008-11-19,20.545494970261,20.7594429556958,18.33469870857265,18.4578800201416,90226200,1
2008-11-20,17.984605401211155,18.61348265550333,14.470670165055536,15.157896995544435,160729900,1
2008-11-21,15.39129086306944,15.83215365097348,12.76556563755179,14.72999668121338,194075000,1
2008-11-24,15.507995786352538,18.37360374371942,14.587370571906524,17.880874633789062,137382200,1
2008-11-25,19.2099382887636,19.910131757338977,18.47732894824685,19.300704956054688,105430800,1
2008-11-26,18.645896292325794,19.93606767823416,18.263383024938456,19.85178565979004,55644900,0
2008-11-28,19.68322157139833,20.70109545937567,19.53410531965557,20.526046752929688,22787500,0
2008-12-01,19.884202098285886,19.90365236613273,16.86947983086485,16.93431282043457,70984500,0
2008-12-02,17.206612620340387,18.736664695181105,15.955340334631105,18.49678421020508,81316000,1
2008-12-03,17.790104469194215,19.929584426663705,17.530773752620096,19.61190414428711,64914200,0
2008-12-04,19.34608541374773,21.329967707017065,19.287735861793568,20.15001106262207,80719600,0
2008-12-05,19.715641035613267,22.04313707906501,19.274778096178096,21.621723175048828,73599200,0
2008-12-08,22.02368516574076,24.441946356043704,21.783802218777083,23.657470703125,84589300,0
2008-12-09,23.12583785590022,23.14528936023388,21.822700831495297,22.01719856262207,65827700,1
2008-12-10,22.30247019770948,22.665532067108867,21.446677972448803,21.73194122314453,47919600,0
2008-12-11,21.135470502654083,21.239202779147664,19.281255132891644,19.41092109680176,70746400,0
2008-12-12,18.43843665575037,20.24078653031331,18.15965559948976,20.059255599975582,59939000,0
2008-12-15,19.021922274703428,19.307186620856942,18.26337931639,18.56160926818848,51629100,1
2008-12-16,18.80797818245449,21.232722530699764,18.697762474053057,20.97339057922364,75822100,0
2008-12-17,20.422310087706904,21.32348464507591,20.130562306105183,20.65570831298828,46719900,0
2008-12-18,20.850198682036776,21.128979522795177,19.527612088955472,19.5859603881836,57491500,0
2008-12-19,19.5211337476866,20.260226411469453,19.307185806244924,19.65728187561035,55696800,0
2008-12-22,19.864748546807657,20.221329312205324,19.13213922455304,19.333120346069336,36378400,1
2008-12-23,19.59893633442888,19.709152038120106,18.87281036376953,18.87281036376953,26931700,0
2008-12-24,18.57457634844825,19.37201860708788,18.57457634844825,19.352569580078125,12339700,0
2008-12-26,19.482230254617008,19.6183795983852,18.9635690321332,19.32014846801757,12630500,0
2008-12-29,19.44334194008714,19.46279221062192,18.671831854420144,19.30719375610352,22318000,1
2008-12-30,19.37850240390008,20.13056196531259,19.37201898257577,20.10462951660156,29842400,0
2008-12-31,19.903645671900765,20.70757125705476,19.73508045034793,20.44175720214844,25891700,0
2009-01-02,20.46801746963676,20.76332315350464,19.995526372773217,20.57301521301269,32494900,0
2009-01-05,20.16613537801253,20.19238542323821,19.08334604587416,19.19490623474121,44069400,0
2009-01-06,19.549282999797622,19.96271138197139,19.365536356791733,19.60834312438965,44216300,0
2009-01-07,19.12928779733246,19.293346871497697,18.374616306506645,18.433677673339844,42156500,0
2009-01-08,18.30898796565641,18.341800523497763,17.62650303428057,17.862747192382812,52075800,0
2009-01-09,18.07930894142719,18.07930894142719,16.937457968969074,17.042455673217773,42597500,0
2009-01-12,17.009640450146048,17.16057445885063,16.077785100383508,16.34684181213379,59360000,0
2009-01-13,16.543721511462707,17.44932857951219,15.926860104632706,17.291831970214844,73422800,0
2009-01-14,16.7930925129791,17.245896058635303,16.248416255790733,17.003087997436523,73907300,0
2009-01-15,17.416516194592017,17.751195686671505,15.592178390910508,15.972795486450195,136759300,0
2009-01-16,16.294348389768746,16.405908618441003,13.47253260806549,14.97531318664551,156843400,1
2009-01-20,13.780964787329047,13.958148920710189,11.61538510713171,11.87131690979004,142090400,0
2009-01-21,12.6587923476544,14.988429519423944,12.389734450849824,14.850619316101074,136421400,1
2009-01-22,14.67345309700996,15.638120600961557,13.91877988632758,15.15906810760498,110240800,1
2009-01-23,14.384698438789364,16.13028673801706,14.312512051814792,15.93341636657715,74369200,0
2009-01-26,16.405897724385166,16.89807465611672,15.579040328875674,16.07777976989746,74278400,0
2009-01-27,16.484664710854954,16.51747604171504,15.78905298123841,16.445289611816406,50766500,0
2009-01-28,17.843068135956283,18.223685199371698,17.285266943449656,18.151498794555664,91373900,0
2009-01-29,17.547764593236614,17.836509015773256,16.56997231756882,16.688095092773438,58624200,0
2009-01-30,16.937465332023596,17.70526216041342,16.143419691996396,16.7405948638916,74937200,0
2009-02-02,16.405909283776985,16.852150216563167,15.979355892733096,16.53715705871582,51532900,0
2009-02-03,16.42559366499258,16.701212937993677,15.552799509100986,15.78248119354248,66166300,0
2009-02-04,15.913726038735362,16.734021195371206,15.579045464627407,15.775917053222656,55330300,0
2009-02-05,15.579048485477834,16.615901714449393,14.758753169782889,16.10403823852539,79815500,0
2009-02-06,16.740588916917748,18.243369460708813,16.602778636843937,18.13180923461914,76845200,1
2009-02-09,17.48869861491215,18.35493040346742,17.259015640268792,17.902128219604492,54360000,0
2009-02-10,17.626511310731438,18.11868864441153,15.946545110566433,16.15654182434082,91948700,0
2009-02-11,16.569969501429743,17.469013941945807,16.49778309514602,17.12120819091797,64712000,0
2009-02-12,16.635597419767898,17.206522538847675,15.861238061317684,17.18683624267578,80536400,0
2009-02-13,16.569960719743282,16.989951402798106,16.182781339425507,16.202468872070312,58580600,0
2009-02-17,14.962186210705566,15.224681715750949,14.207514762878418,14.207514762878418,91424800,0
2009-02-18,14.555331722905471,14.63407943417442,13.780972135951128,14.115653038024902,82868300,1
2009-02-19,14.48312969582011,14.63406368975982,13.479089321492433,13.518463134765623,66502700,1
2009-02-20,12.93441964523407,13.78096525452897,12.304433262972294,13.059104919433594,135941600,1
2009-02-23,13.715342335774224,14.14845831730707,12.78348647363682,12.803174018859863,101615400,0
2009-02-24,13.210038074888269,13.846588178832157,12.442241443004226,13.794089317321776,186379900,1
2009-02-25,13.669402112864784,15.237806473223191,13.203474939510487,14.260014533996584,135790100,1
2009-02-26,15.303434415901972,15.867798185643863,14.962191148073304,15.126250267028809,125043400,0
2009-02-27,14.194391691622853,15.487178101451091,14.141892833719826,14.995000839233398,109872500,1
2009-03-02,14.240329774305906,14.719382025506356,13.826900158973917,13.885961532592772,94984900,1
2009-03-03,14.227203559670285,14.371575098878004,13.51846838703626,13.787525177001951,85590100,0
2009-03-04,14.266574196176752,14.266574196176752,12.337239504478411,12.66535758972168,145009700,1
2009-03-05,12.140374105743636,12.468492324817788,10.52603306870121,10.893525123596191,153808900,1
2009-03-06,11.280699869667602,11.595692924078389,9.81729291666968,10.453842163085938,155154800,1
2009-03-09,10.086350448922785,11.346324645067558,9.856668151463316,10.434155464172363,132882900,1
2009-03-10,11.385703557266076,12.796611785888672,11.241330725791228,12.796611785888672,149090800,1
2009-03-11,13.35441192209272,13.721903981265172,12.547241394176345,13.38722324371338,155421000,1
2009-03-12,13.223162979158689,15.30999489504836,13.124727771208937,15.224684715270996,151894700,1
2009-03-13,15.48061648253183,15.966231259121177,15.03437553872768,15.585614204406738,120464600,1
2009-03-16,15.953103172964164,16.583090635124695,15.06718396925131,15.152495384216309,125001900,1
2009-03-17,15.290304978596426,16.55027869905765,14.614382404402466,16.497779846191406,99884700,1
2009-03-18,16.287787340095726,17.934940863636836,15.867796442248997,17.790569305419922,142105800,1
2009-03-19,17.882441564420297,17.987439286316192,16.136852873311526,16.373098373413086,124920200,1
2009-03-20,16.18278464374645,16.26153353873425,15.19186782836914,15.19186782836914,108922700,1
2009-03-23,16.602781307111833,19.142416861646204,16.491221063079646,18.938983917236328,146776000,0
2009-03-24,18.40742600337163,19.227721302125648,17.19338996255272,17.324636459350586,133143000,1
2009-03-25,17.843066224454105,18.84054449820986,17.0162082956135,18.74210929870605,149452500,1
2009-03-26,19.063664940947177,19.42459567449356,18.14493432662529,19.09647750854492,133663400,1
2009-03-27,18.551799199582497,19.162099116023896,17.902125458372034,17.980873107910156,108610200,1
2009-03-30,16.845581851643182,17.304947652705213,16.261532084534657,16.30746841430664,104860500,1
2009-03-31,16.884957526599223,17.78400169268593,16.30747020761983,17.442758560180664,84307400,1
2009-04-01,16.59621212373666,18.558357978027008,16.59621212373666,18.46648406982422,106016900,0
2009-04-02,19.44602472370196,19.50519122799118,18.01945693320549,18.512510299682617,131840800,0
2009-04-03,18.394175672686444,19.2488021850586,18.07862184684108,19.2488021850586,80949500,1
2009-04-06,18.58482694053537,18.99899125556687,18.19695815549176,18.53880882263184,72188000,0
2009-04-07,17.93399489440484,18.44019539749363,17.756495381606403,17.91427230834961,73652600,1
2009-04-08,18.04575069869183,18.295563810907275,17.42779023155979,18.032602310180664,66538300,1
2009-04-09,20.011389317892416,21.75351064273744,19.85361242000185,21.529993057250977,147913000,1
2009-04-13,21.04352173771836,22.450369794912472,20.9120415600917,22.15453720092773,110196200,0
2009-04-14,21.720644294120884,21.85869863097104,20.14944675791972,20.18231773376465,109541400,1
2009-04-15,20.129723522225994,21.674624131617865,19.89963172867412,21.405088424682617,108069400,0
2009-04-16,22.35832243934336,22.35832243934336,21.27360668893357,21.852123260498047,132956000,0
2009-04-17,21.92443520214428,22.338600666226448,21.385363807916107,21.86526870727539,104962100,1
2009-04-20,20.892310522943124,21.31304764834313,19.48546437283742,19.518335342407227,109372200,1
2009-04-21,19.110747593230908,21.635180838654755,18.97926745259604,21.385366439819336,115629300,1
2009-04-22,20.80027942533525,22.44379078963544,20.58991017132877,20.97120475769043,124080300,1
2009-04-23,21.188145212826097,22.187400282018817,20.813424875353693,21.83240127563477,89366500,1
2009-04-24,22.128236745068342,22.68045665970353,21.201296442766346,21.944164276123047,117098100,1
2009-04-27,21.38536962347486,22.200552384705656,21.299908835934065,21.54972076416016,67832500,0
2009-04-28,21.26703391153888,22.16767985418921,21.22101579859168,21.556293487548828,65809900,1
2009-04-29,21.98360006746212,22.71989472854063,21.85869414657488,22.66730117797852,84731300,1
2009-04-30,23.01572116094537,23.14720250948801,21.529988693468496,21.694339752197266,94556900,1
2009-05-01,21.595735227544072,22.20054862694841,21.07638761681301,21.359071731567383,68254100,1
2009-05-04,21.73379151910024,23.65341126513216,21.62860690983545,23.528505325317383,100918400,0
2009-05-05,23.30498693922627,23.63368914568137,22.65415546701369,22.89082145690918,63488200,1
2009-05-06,23.548219053245173,24.554046711342178,23.377295058797884,24.46858596801757,102644800,0
2009-05-07,25.31007038354268,25.45470015965856,22.83165539829628,23.166933059692383,113228400,1
2009-05-08,24.19247302405841,25.59931755065918,23.79803152404249,25.59931755065918,110026400,1
2009-05-11,24.55405247982777,25.099699316525527,23.554800033569336,23.554800033569336,86808000,1
2009-05-12,23.82434541782851,23.837491303853515,22.39120309233189,23.24582862854004,94148900,0
2009-05-13,22.81192678032067,23.186646982546787,22.14137417954812,22.38461303710937,82160700,1
2009-05-14,22.430633696767668,23.41674013282941,22.23341291111499,23.36414909362793,68764300,0
2009-05-15,23.304982514240283,23.45618519956447,22.614708513308702,22.94998359680176,68301000,1
2009-05-18,23.47591009827272,24.55405289355913,23.14063496375753,24.49488639831543,71730900,1
2009-05-19,24.521181853213083,24.770996209413138,23.515353996116072,23.541650772094727,59860600,0
2009-05-20,24.06757566257665,24.166184818623947,22.52267380651463,22.71332168579102,77073900,1
2009-05-21,22.476653787094804,23.24581817939767,22.1348032247156,22.94341278076172,65068100,0
2009-05-22,23.180077201517104,23.20637397843694,22.62128448486328,22.62128448486328,39227200,1
2009-05-26,22.43064049892596,24.03470905968256,22.43064049892596,24.021560668945312,65462400,1
2009-05-27,23.99526313321801,24.13989291898241,22.7856388092041,22.7856388092041,76374100,0
2009-05-28,23.10119734494784,24.1070255849016,22.74619825750549,24.09387969970703,66107300,1
2009-05-29,23.896650044309435,24.3699820367404,23.456190279640865,24.258224487304688,61932300,0
2009-06-01,24.586926754385665,24.803868912841413,23.51535682828316,23.738874435424805,90184500,0
2009-06-02,23.05517266321197,23.35100515190393,22.64758262756905,22.68045234680176,159381700,0
2009-06-03,22.61471515958711,22.9894355133,22.121661798617616,22.338603973388672,72136300,1
2009-06-04,22.61470486497425,23.29840330835972,22.50294484997411,23.23923683166504,70954200,0
2009-06-05,23.482486143513547,23.50878041378022,22.68045196710859,22.71332168579102,61583800,0
2009-06-08,22.71331756184601,23.48905481933873,22.71331756184601,23.26553726196289,61615100,0
2009-06-09,23.482484510243,23.52192716679905,23.068319061814115,23.180076599121094,58992300,0
2009-06-10,23.38387760446234,23.449617050611984,22.59499171167105,22.903972625732425,60176100,0
2009-06-11,23.055172672641344,23.58109570397614,22.706749134594325,22.969709396362305,66560900,0
2009-06-12,22.917120243004696,23.298413531841305,22.877675071966824,23.09461975097656,41157300,0
2009-06-15,22.93027381655659,23.03545845530136,22.305738926847184,22.351757049560547,55388500,0
2009-06-16,22.529250112820048,22.6081379422216,21.944160571477354,22.023048400878903,56344000,1
2009-06-17,21.97702344009092,22.03618992064669,21.15526815892628,21.5168399810791,65456600,1
2009-06-18,21.59573677578195,22.55554924966048,21.589163834227605,22.463510513305664,63861500,1
2009-06-19,22.779060947272228,23.08803927584377,22.21369282446685,23.009151458740234,77009100,0
2009-06-22,22.80535473967777,23.009150979734287,21.60230614964972,21.60887908935547,70388300,1
2009-06-23,21.76665591510461,22.41091180273964,21.648322945151413,22.069061279296875,59046500,1
2009-06-24,22.20712870613776,22.30574040867434,21.74037199743748,21.99675941467285,50429500,1
2009-06-25,22.009909154194723,22.47009294782733,21.56944920695489,22.44379615783692,57205700,1
2009-06-26,22.272864560901088,22.83823281688616,22.009901764880425,22.647584915161133,46722500,1
2009-06-29,22.71331559286936,22.81192723026253,22.378040539769152,22.74618530273437,34914800,0
2009-06-30,22.746189455283933,22.871097886491683,22.26628458180836,22.42406272888184,39470600,1
2009-07-01,22.56232573436049,22.759836105419925,22.154137299306925,22.23314094543457,36463700,1
2009-07-02,21.96320735761273,22.23313875750928,21.24558448791504,21.24558448791504,38352200,0
2009-07-06,21.08757630587145,21.462846755981445,20.79789460219304,21.462846755981445,60664000,0
2009-07-07,21.482599919347216,21.98954479309456,21.15341513209419,21.60110664367676,56704900,1
2009-07-08,21.680112817875507,22.048800726730647,20.929571817242635,21.53527069091797,71784600,1
2009-07-09,21.653774672394825,22.21997290225967,21.64060697966767,22.13438415527344,41655600,1
2009-07-10,21.930289067707708,22.167299979345724,21.206081106903792,21.29166984558105,51037400,1
2009-07-13,21.64060139802336,22.852001190185547,21.35091976718368,22.852001190185547,70454200,0
2009-07-14,22.733500518882817,23.102188383358484,22.42406852783062,22.84542465209961,52924000,0
2009-07-15,23.11536055935263,24.20825416044497,23.049522082490988,23.87248420715332,84050100,1
2009-07-16,23.372120302223685,23.97123652500456,23.18777762182362,23.78689384460449,71465100,1
2009-07-17,23.97781416624104,24.491344045106462,23.819806904651788,24.287248611450195,61742300,0
2009-07-20,24.37284532285216,24.649359376904208,24.08974616571449,24.34650993347168,43554400,1
2009-07-21,24.4913430909348,24.56376412945844,24.09631992939131,24.32016563415528,43509400,1
2009-07-22,23.964655904494613,24.57693987071278,23.83956406552649,24.24775505065918,40137700,1
2009-07-23,24.326754468031208,25.32747644810757,24.07657334514201,25.116798400878903,56528800,1
2009-07-24,25.05096083013184,25.18263524219104,24.62302213029011,24.96537208557129,35328600,0
2009-07-27,24.99828344762177,25.9858374103798,24.734934719627784,25.10362243652344,30479300,1
2009-07-28,24.84686352070816,25.149712857306472,24.787610171245007,25.070709228515625,29035900,1
2009-07-29,24.87978680296444,25.176053613545665,24.64935594518765,24.866619110107425,29931400,1
2009-07-30,25.103630761877763,25.860754210863163,24.95220607208068,25.327476501464844,38531000,0
2009-07-31,25.26821812634256,25.44597816467285,24.971951395792072,25.44597816467285,39085700,1
2009-08-03,25.755409391207102,26.17018280299727,25.66982318024268,26.07142639160156,42957800,1
2009-08-04,25.854165688572685,26.66395971941435,25.788327244105968,26.473031997680664,43363800,1
2009-08-05,26.55862090200947,27.783188351215696,26.50595014607464,27.50667190551757,63334100,1
2009-08-06,27.835864510084363,27.954371233152205,26.47962480838885,26.828559875488285,54175600,1
2009-08-07,27.17749236751397,28.39547745886675,27.11165642159452,27.888532638549805,65696000,0
2009-08-10,27.671269230524533,28.454730541433587,27.658101539171067,28.10579299926757,43700600,1
2009-08-11,27.835863613258944,27.98728830752685,26.95364832077773,27.151161193847656,50698800,1
2009-08-12,27.1182386604873,27.947785632622068,27.01289964149181,27.789775848388675,43077100,1
2009-08-13,28.13213256425659,28.309892656734704,27.526433740832537,28.24405670166016,40385300,0
2009-08-14,28.06630070618917,28.21114033079243,27.51985265567548,27.947793960571293,38413900,0
2009-08-17,27.13140283449968,27.375001324924565,26.80221812887902,26.815385818481445,39162800,0
2009-08-18,27.058977383822096,27.57250714863461,27.03264452039241,27.45400047302246,29053600,1
2009-08-19,27.0919056338438,27.585682753453494,26.993149205329743,27.263080596923828,29394100,0
2009-08-20,27.342083490528168,28.066291419848817,27.309165519077283,27.92803192138672,29634300,1
2009-08-21,28.21772013027868,28.84317172314922,28.000456966989507,28.744415283203125,42863600,0
2009-08-24,28.876088626980835,29.126269757134608,28.276972441875053,28.31647300720215,40385200,0
2009-08-25,28.566646341980498,29.06042336566944,28.50739299867864,28.69173812866211,34835700,0
2009-08-26,28.56664622636283,28.82340987580511,28.25721182242993,28.50739288330078,31908400,0
2009-08-27,28.342800920458785,28.72465636116534,28.00703364628564,28.60614967346192,28975700,0
2009-08-28,28.84316836508381,28.876086337406505,27.987286015812007,28.25721740722657,27263600,1
2009-08-31,27.94119860664494,28.70490706962829,27.69102002343808,28.612735748291016,32251100,0
2009-09-01,28.36255308155048,28.8497449988978,27.36183135836276,27.434249877929688,51475400,1
2009-09-02,27.328916755163064,27.72393996082573,26.82855704176673,26.900978088378903,35898500,1
2009-09-03,27.144574035575264,27.816111223290324,27.065570399220643,27.723939895629883,35019600,1
2009-09-04,27.86876836545344,27.974107332926973,27.513248408425618,27.87535095214844,21880200,1
2009-09-08,28.17162856692468,28.33622092474292,27.552759694180864,28.007036209106445,28089300,0
2009-09-09,28.046540642182183,28.355975121301547,27.908283645270284,28.21771812438965,29031600,0
2009-09-10,28.132138882754106,28.408655481430547,27.78320372182268,28.32306671142578,25112100,1
2009-09-11,28.395469093735176,28.56664400958689,27.967528036886467,27.98069572448731,27289900,0
2009-09-14,27.70418748480733,28.86949919377221,27.658099313039568,28.80366325378418,28945000,1
2009-09-15,28.71149113593773,29.09992919863312,28.01361863863485,28.43497467041016,49985400,1
2009-09-16,28.540310384479007,29.41594282753173,28.448139077100777,29.39619255065918,38721900,0
2009-09-17,29.159183966076142,29.699046721985983,29.09993061425774,29.60029029846192,35705700,0
2009-09-18,29.7846319471708,29.85046788077982,29.429111878130385,29.59370422363281,39492000,1
2009-09-21,29.323770195036328,29.494945113649248,29.113092212983663,29.330352783203125,24070000,1
2009-09-22,29.501537673397163,30.607598614604896,29.284274536758367,30.59443092346192,41148100,0
2009-09-23,30.54833349684614,30.6141694157291,29.613447877536352,29.66611862182617,34427200,1
2009-09-24,29.764893206455856,30.15333142563739,29.139441496047485,29.21186256408692,42231400,0
2009-09-25,29.06702745735422,29.15261372244792,28.53374701920648,28.737842559814453,31056100,1
2009-09-28,28.9484975009936,29.514695472984847,28.764152398253533,29.501527786254883,25826100,1
2009-09-29,29.55420336257572,29.75829879036566,29.251354027001025,29.54762077331543,23930600,0
2009-09-30,29.49494256016957,29.55419589445959,28.592977370625377,28.849740982055668,40904000,1
2009-10-01,28.57324164486761,28.678580680409404,27.230167058099305,27.23674964904785,50562700,1
2009-10-02,26.907158121895407,27.948641694137155,26.715999362759547,27.59269142150879,43061100,1
2009-10-05,28.001374302667948,28.95716560539272,27.91568200965316,28.87147331237793,34430200,0
2009-10-06,29.24061233039139,29.662478285912368,29.049453533508625,29.60315322875977,41695700,1
2009-10-07,29.3988038754356,30.202987235129086,29.30652103373677,30.12388801574708,36148700,0
2009-10-08,30.34801748213101,30.6116824971258,29.695441729568053,29.86023330688477,36627700,1
2009-10-09,29.965684916356853,30.2820842857436,29.71520365383318,30.22275924682617,26034200,0
2009-10-12,30.565530643175084,30.59848844450595,29.893180935045365,30.37437438964844,24220600,0
2009-10-13,30.09094552978337,30.34142693771028,29.35267739146793,30.097536087036133,45701900,0
2009-10-14,31.106062640219942,31.29063094879532,30.73693105210992,31.08628845214844,70368700,0
2009-10-15,30.55895581590528,31.19175497939707,30.55895581590528,31.08628845214844,36096800,0
2009-10-16,30.78306442359601,30.901714549933697,30.32164754500717,30.36119842529297,37459000,1
2009-10-19,30.598482817554984,30.60507588532015,29.95909354285658,30.308450698852543,30415400,0
2009-10-20,30.19641006131303,30.710558986894693,30.17004280499604,30.3414249420166,30614800,0
2009-10-21,30.3348292341483,30.598494208986395,29.431772232055664,29.431772232055664,32991600,0
2009-10-22,29.609745522497203,30.23595393708841,29.55042297638142,30.1304874420166,32388900,1
2009-10-23,30.1238958326028,30.453478932490096,29.63611173838102,29.814086914062504,27638200,0
2009-10-26,29.741580147581768,29.800905209967706,28.70668934836466,28.88466453552246,42085500,1
2009-10-27,28.996716327603423,29.43835638451733,28.7857808732869,28.93739128112793,38075200,1
2009-10-28,28.82533312764372,28.878067622386745,28.01455912986292,28.13320922851563,45679500,1
2009-10-29,28.489160513253147,29.26697673607494,28.18594218699507,29.23401641845703,35898600,0
2009-10-30,28.97035341034336,28.98353703536551,27.507003721635368,27.533370971679688,58853300,1
2009-11-02,27.8036370633197,28.24527731433124,27.36858736947129,28.06730461120605,44598100,1
2009-11-03,27.744308621497616,28.31778257680954,27.67179992890833,28.14640045166016,29387800,0
2009-11-04,28.48256855044424,28.79896799861828,27.764077351095068,27.82340240478516,42548800,1
2009-11-05,28.08047464791036,28.957166761439268,27.9486434404941,28.91761589050293,32893300,1
2009-11-06,28.43642117647563,28.798961977891285,28.284813296411585,28.66053771972656,27140000,0
2009-11-09,28.9571678550048,29.26038366674368,28.54189249530725,29.23401641845703,38845500,1
2009-11-10,29.09560323964622,29.214253387693976,28.70669497982749,29.11537742614746,30980200,1
2009-11-11,29.22743037605667,29.655889426047167,28.85829638661071,29.21424674987793,32669300,0
2009-11-12,29.05604041465732,29.43176485842281,28.344139880458133,28.541889190673828,34649600,0
2009-11-13,28.449616608610707,28.535308929270204,27.922284086321127,28.278234481811523,36650700,0
2009-11-16,28.5089382148458,28.74623844970868,28.18594566972255,28.370513916015625,43516700,0
2009-11-17,28.2914106773683,28.46938584417985,28.04092934439149,28.44961166381836,25859700,0
2009-11-18,28.43642260942876,28.67372278653692,28.304588898311017,28.594623565673828,20422300,0
2009-11-19,28.41006250195476,28.462797005458267,27.85636278776561,28.047521591186523,26878000,0
2009-11-20,27.99478658144917,28.172761739789944,27.78385361923475,27.988193511962887,25328200,0
2009-11-23,28.31117832421088,28.76600192880263,28.146386835146227,28.52870178222656,29810700,1
2009-11-24,28.515531713343417,28.528715340476328,27.84318433120341,28.00138282775879,31881800,1
2009-11-25,28.126618964455023,28.126618964455023,27.64542796727212,27.79044532775879,26123800,0
2009-11-27,27.01262797471607,27.61906212790644,26.861020065048294,27.243337631225582,26230100,1
2009-11-30,27.39494422389128,28.113435378787354,27.34880279771146,28.00796890258789,38240600,0
2009-12-01,28.08707050935508,28.152986119616408,27.43449490388274,27.82999610900879,39211100,0
2009-12-02,27.78385134221606,27.78385134221606,27.335618205615443,27.638833999633786,32519700,0
2009-12-03,27.882734094979952,28.40347607747957,27.230160863586143,27.289485931396484,53314400,0
2009-12-04,27.849771134166843,28.021153234757783,27.17083077270201,27.51359748840332,61485000,0
2009-12-07,27.44108709331803,27.658610611817814,27.065362594939,27.190603256225582,32949600,1
2009-12-08,27.032406133797704,27.289483077100574,26.78192477548152,27.16423988342285,41878900,1
2009-12-09,27.190607168963865,27.361989283519,26.762148110796584,27.15105628967285,42492800,1
2009-12-10,27.263113814556373,27.394947554463325,26.801696982141767,27.20378875732422,36380900,1
2009-12-11,27.019212112237,27.19059414470033,26.86101118537064,26.999435424804688,46616100,1
2009-12-14,27.03240327891508,27.6388374573376,26.82806337737001,27.533370971679688,35340800,1
2009-12-15,27.35540645103949,27.487240238044954,26.77533929692766,26.93354034423828,40244400,1
2009-12-16,27.1378679424603,27.487227695792125,26.946711678772164,27.26311111450196,43562800,1
2009-12-17,27.06535847364956,27.10490682670782,26.49188220911588,26.54461669921875,44272800,0
2009-12-18,26.71600963737689,27.1510592997306,26.39301955484455,26.992860794067383,48126800,1
2009-12-21,27.3883489818936,27.84317516746755,27.355391182168265,27.619058609008786,35991900,0
2009-12-22,27.68499003894648,27.7509056760882,27.48064754057453,27.64543914794921,24754800,1
2009-12-23,27.579512775774827,27.6454283872596,27.322438370657068,27.39494705200196,24503600,1
2009-12-24,27.474059618282453,27.612483978271484,27.362000006967087,27.612483978271484,7956500,1
2009-12-28,27.58610177449573,27.770670002373244,27.394945506168646,27.500411987304688,13039900,0
2009-12-29,27.507006777375604,27.55314821281931,27.329031591584314,27.348808288574222,15593000,1
2009-12-30,27.20379713626925,27.434504366276148,27.17742987726269,27.375179290771484,15501800,1
2009-12-31,27.434493292386325,27.77066942272252,27.3224362586204,27.46745109558106,20143100,1
2010-01-04,27.579653164508247,28.37160349027908,27.500456369652685,28.27920722961425,35460500,1
2010-01-05,28.23961059508347,28.932566167537427,28.233009603584897,28.826972961425785,41208300,1
2010-01-06,28.675176816008864,29.09754955106208,28.58278309490849,28.985355377197266,27729000,0
2010-01-07,28.899572016295057,29.77731516887905,28.78077933135273,29.55953025817871,44864700,0
2010-01-08,29.28232965205343,29.5001169550813,29.090943785272536,29.48691749572754,33110100,1
2010-01-11,29.777311047954505,29.82350791708984,29.242746557234064,29.38793563842773,31878700,0
2010-01-12,29.03155911106902,29.13715231067512,28.3386010637673,28.701580047607425,47109600,0
2010-01-13,28.74117856079533,29.387937282410707,28.292406791912708,29.203149795532227,39622000,1
2010-01-14,29.170146514486067,29.55952186737041,29.10414919850725,29.4935245513916,37938300,0
2010-01-15,29.23614632041583,29.321941587112985,28.60258708374596,28.826972961425785,69738500,0
2010-01-19,28.64217933495168,28.873163637031897,28.312200321957025,28.5629825592041,41731500,0
2010-01-20,28.38478240162837,28.82695541387033,28.18679557538023,28.642168045043945,39934400,0
2010-01-21,28.404594816973383,28.47719060461726,26.609508131743496,26.75469970703125,137547700,0
2010-01-22,26.827298512198304,27.190274973704984,25.619573947457045,25.84395980834961,106634900,0
2010-01-25,26.239929529195777,26.32572477592788,25.632769364728667,25.876953125000004,56572200,0
2010-01-26,25.73835552205732,26.292720203233973,25.26318507603752,25.36877822875977,52975300,1
2010-01-27,25.30939270153671,26.06174706732021,25.12460523496204,25.956153869628903,66314300,0
2010-01-28,26.18713546904317,26.424720768431005,25.553576349035712,26.05514335632324,65047400,0
2010-01-29,26.16733497387904,26.299324556149067,25.606369179071773,25.69876289367676,53649000,1
2010-02-01,25.80435531842673,26.352121635544503,25.7053631346075,26.15413475036621,37408200,0
2010-02-02,26.266330582681626,26.84709438698604,26.2003357829485,26.761299133300778,45968500,0
2010-02-03,26.78111019930788,27.12428631495247,26.51052486757761,26.5897216796875,37373300,1
2010-02-04,26.25973027644803,26.34552300660357,25.309389114379883,25.309389114379883,57211800,1
2010-02-05,25.500783586221505,25.659174656604165,24.4382505172055,25.27639770507812,75224100,0
2010-02-08,25.26979799876143,25.26979799876143,24.629637791928424,24.88042259216309,58321000,1
2010-02-09,25.203802307669697,25.54038239356298,24.97281794875525,25.33579444885254,45173500,0
2010-02-10,25.50077876704201,26.068343095471363,25.42158450558728,25.652568817138672,39331800,0
2010-02-11,25.632769474098968,25.98254641740224,25.31598992812883,25.75156211853028,33830600,1
2010-02-12,25.520572384435106,25.857152344357072,25.315987033835235,25.70536231994629,38051100,1
2010-02-16,25.95614774820212,26.490712084020213,25.57337092338141,26.444515228271484,46425300,0
2010-02-17,26.56991365799936,26.695307316058035,26.23993458738688,26.42472457885742,34644100,1
2010-02-18,26.35873358839451,26.734909617887173,26.24654188584528,26.668914794921875,31809500,1
2010-02-19,26.47091728195132,26.86029262470467,26.33232669831202,26.418119430541992,40290200,1
2010-02-22,26.662308509540765,27.25626929486485,26.56331378654989,26.959287643432617,43898900,1
2010-02-23,26.9922757765532,27.223260005951616,26.23992174892844,26.31911849975586,52233100,1
2010-02-24,26.431321661742185,27.038484428841468,26.39832425992536,26.959287643432617,44645000,0
2010-02-25,26.50391064739585,26.85368754836908,26.20033060060626,26.820690155029297,46718100,1
2010-02-26,26.8536888256516,27.92282254699951,26.794292507798936,27.698436737060547,67699100,1
2010-03-01,27.73802860786332,27.8370232958694,27.328855431347897,27.60603904724121,34606800,1
2010-03-02,27.70504214854765,27.98222587380196,27.29586881059561,27.46745681762696,33891600,0
2010-03-03,27.487251122752035,27.75783379629898,27.282663240786324,27.40805435180664,27562500,1
2010-03-04,27.6588468537648,27.771041051987787,27.49385731096793,27.66544532775879,25450700,0
2010-03-05,27.92943457738928,28.29241113267917,27.84363929494368,28.25281524658203,34790800,1
2010-03-08,28.279192914046067,28.397985528653216,28.02841074324379,28.10760498046875,28524900,0
2010-03-09,27.97562442520841,28.25940661944124,27.75123856273456,27.99542236328125,37107100,0
2010-03-10,28.292396627040027,28.701572368892137,28.25280076124387,28.331995010375977,40903700,0
2010-03-11,28.31879363778829,28.51018203468393,28.246197865342378,28.49698257446289,30119600,1
2010-03-12,28.60258305290412,28.734575171327737,28.279202488643275,28.47719192504883,31367300,1
2010-03-15,28.32539418535384,28.51678259627808,28.11420784141669,28.424388885498047,29142000,0
2010-03-16,28.609176206750128,28.628976657233427,28.17360405921445,28.536582946777344,28553800,0
2010-03-17,28.58277762300204,29.11074344074441,28.55637870273002,28.89955711364746,32918800,0
2010-03-18,28.873163412052698,28.89956233709619,28.477189606560568,28.80056762695313,26012000,1
2010-03-19,28.675170898437496,28.96555146447697,28.463984574492507,28.675170898437496,37014400,0
2010-03-22,28.424396265806983,28.89956692181212,28.404598327653588,28.86656951904297,23257200,1
2010-03-23,28.93916677847414,29.526531705730346,28.89296990473523,29.42093849182129,33735700,1
2010-03-24,29.32852745151287,29.678306841874683,29.17013896921353,29.658506393432614,35849200,1
2010-03-25,29.684905312995685,30.39106004730078,29.625509002748547,29.658506393432614,45019400,0
2010-03-26,29.724508895075257,30.28547218750944,29.55951939523697,29.711309432983395,39727000,1
2010-03-29,29.863092230466897,29.948887454493075,29.34172493317305,29.60570907592773,30628400,0
2010-03-30,29.632124919639395,29.73111714156243,29.275746878618545,29.42093849182129,30296300,1
2010-03-31,29.24274048933518,29.698110612411075,29.20314210220422,29.53312110900879,39043000,1
2010-04-01,29.75115052323479,29.936147182054285,29.72472458942296,29.850255966186523,23894600,0
2010-04-05,29.91632426862524,29.995609630300542,29.59258452969739,29.95596694946289,21342400,1
2010-04-06,29.88330021581175,30.352394091756523,29.83044581024745,30.28632545471192,28192100,0
2010-04-07,30.2797151121038,30.425066596134183,29.74455015806172,29.942758560180664,28890100,0
2010-04-08,29.83704272841744,30.37220760146041,29.60580004767084,30.23345947265625,28869900,1
2010-04-09,30.31273465810671,30.5373714098324,30.02863516267848,30.378803253173828,22881200,1
2010-04-12,30.41184107593597,30.70254897678192,30.325952396463894,30.48451805114746,24645900,0
2010-04-13,30.41845293218762,30.643089735679588,30.292919044134035,30.306133270263672,27988900,1
2010-04-14,31.317005710698066,31.66717394410712,30.90737218896163,31.5350341796875,72533100,0
2010-04-15,31.4821755171727,31.845557929784945,31.37646422404266,31.58788681030273,45412100,0
2010-04-16,31.49539252561653,31.54824944125781,29.82383163398647,30.09471702575684,121203900,0
2010-04-19,29.88329663102465,30.19382473266877,29.46045135580682,29.9890079498291,72136600,0
2010-04-20,30.24005954000044,30.491124753243604,30.101313969664275,30.31273651123047,39310700,0
2010-04-21,30.41845796817677,30.64970066283945,29.73133321781291,29.962575912475582,46320600,0
2010-04-22,29.67187796436179,29.810623616293903,29.09046437294919,29.55956077575684,63176900,0
2010-04-23,29.552937234816188,29.777574017111927,29.23580339869674,29.69168281555176,32483800,0
2010-04-26,29.585976473047992,29.60579907385725,28.892245933270623,28.99795722961425,42889300,0
2010-04-27,28.72708086767711,29.31510029517913,27.947458867963427,28.0201358795166,66296100,1
2010-04-28,28.3042266924322,28.87903170883117,28.26458401116616,28.71385765075684,48578900,1
2010-04-29,28.9979654618781,29.2886734996196,28.80636289524972,29.07064247131348,36520300,1
2010-04-30,29.0838518833113,29.10367196610725,27.90120488292929,28.13245010375977,54121100,0
2010-05-03,28.39012251796978,28.89225062708846,28.337265601032804,28.76011085510254,31230900,1
2010-05-04,28.390124498990087,28.64779568614646,27.914422294789592,28.05977630615234,48982200,0
2010-05-05,27.82190979789045,28.65438567390772,27.49816763922216,28.16547203063965,43062100,1
2010-05-06,28.165477579296866,28.264580489580208,25.95875233755336,26.963010787963867,78226200,0
2010-05-07,27.108369542767523,27.64353447600173,26.28249913241895,26.929981231689453,72976300,0
2010-05-10,27.960662480839314,28.60814444278267,27.36603490336279,27.716205596923828,66578300,0
2010-05-11,27.39246252177273,28.1126214457432,27.187648322710185,27.45192527770996,50771200,0
2010-05-12,27.577464703027616,27.61049901399476,26.963016941684543,27.5444278717041,47700000,1
2010-05-13,27.37924754779435,27.48495883097673,26.94318818962256,26.963010787963867,35320800,0
2010-05-14,26.49392255389149,26.49392255389149,25.905903207267983,26.35517692565918,60719400,0
2010-05-17,26.38160059399461,26.454277582354525,25.61519307008697,26.3221378326416,56506200,0
2010-05-18,26.83747984516135,26.83747984516135,25.46983886657609,25.780366897583008,61735000,0
2010-05-19,25.463239644097275,26.203218900097365,25.45002541376697,26.018224716186523,64600500,0
2010-05-20,25.46983438549324,25.93232216382364,24.65057262534739,24.9941349029541,76564100,1
2010-05-21,24.45897351640952,26.53355917181965,24.45897351640952,26.46088218688965,89588800,0
2010-05-24,26.533553382635656,26.593016128208603,25.4367980356778,25.51608085632324,49141600,0
2010-05-25,24.8884167066896,25.773749433149053,24.67699419174601,25.727500915527344,66813700,0
2010-05-26,25.892692537569506,26.097509340991845,25.416992815323223,25.621807098388672,50719600,0
2010-05-27,26.15035517065741,26.751588574249613,26.03142966046503,26.705337524414062,44843000,0
2010-05-28,26.645880376493828,26.65909208328499,26.005004221809248,26.15035820007324,41252400,0
2010-06-01,25.97858205141832,26.40142734098805,25.43681120911252,25.463239669799805,37848600,1
2010-06-02,25.879462299104755,26.17677601683408,25.549114283928915,26.13052749633789,39618500,0
2010-06-03,26.33535197884408,26.388206366353423,25.516087549422576,25.833221435546875,30950400,1
2010-06-04,25.43020977097689,25.56895543314818,24.776119117322427,24.85540199279785,52868900,1
2010-06-07,24.967709802377872,25.192346609388125,24.221122396673795,24.2607650756836,44528300,1
2010-06-08,24.35325665742193,24.97431003329841,24.14843997584572,24.961095809936523,51017900,0
2010-06-09,25.20555840150778,25.21216425386013,24.452362695197003,24.52503967285157,42586000,1
2010-06-10,24.89504374138062,25.35092340842652,24.7166553880956,25.29806900024414,44302600,0
2010-06-11,24.967708102032383,25.218770824262048,24.7893198391708,25.165916442871094,31147600,0
2010-06-14,25.086644603732964,25.28485303142786,24.59772812975244,24.663799285888672,48662200,1
2010-06-15,24.80913775033139,25.291445595044884,24.61753527876758,25.271625518798825,45355600,0
2010-06-16,25.119686772359547,25.687886290927885,25.09986667950269,25.450035095214844,37217100,1
2010-06-17,25.502876607453235,25.701087517123824,25.05360291415101,25.39716529846192,34755100,0
2010-06-18,25.50286159207172,25.94552917058745,25.3575102030103,25.88606643676757,37270800,0
2010-06-21,26.130536629264647,26.282496466914623,25.542517359988924,25.681262969970703,33665100,1
2010-06-22,25.72090054129872,26.150354033920475,25.25180689390652,25.32448387145996,42245700,1
2010-06-23,25.29806409031636,25.839834900911736,25.119675771653505,25.694480895996094,45046000,0
2010-06-24,25.46984414756847,25.56894960960853,24.723256555841303,25.12628173828125,73843400,1
2010-06-25,25.62180186820398,26.163572635973843,25.291453716131805,26.057861328125,70734200,1
2010-06-28,26.130541919835142,26.190004696203182,25.41699112377541,25.463239669799805,39962900,1
2010-06-29,25.04700360075947,25.04700360075947,24.366487028940288,24.48541259765625,56694200,0
2010-06-30,24.45897279536036,24.769500805322952,24.12201633341032,24.188087463378903,35332500,1
2010-07-01,24.174860705292456,24.27409917499889,23.261852145934046,23.870525360107425,56642900,1
2010-07-02,24.022697326075864,24.27410351330655,23.380944507305223,23.70512962341309,36796000,1
2010-07-06,24.274094896398204,24.399800469193867,23.72496839416345,24.035921096801754,35953600,1
2010-07-07,24.2410206271216,25.299582011749937,24.08885294861573,25.24003791809082,44602900,1
2010-07-08,25.65683996625876,25.683304564518025,24.5784340871252,25.24664878845215,41498200,1
2010-07-09,24.97539662543128,25.729620119715232,24.929084833593024,25.703155517578125,30422300,1
2010-07-12,25.709772028124977,26.027339671219995,25.53775464407145,25.928098678588867,24998900,1
2010-07-13,26.33830147646748,26.92050776030187,26.29198967033984,26.781572341918945,48564800,0
2010-07-14,26.56324246710465,26.715410172597984,26.358145547281204,26.695560455322266,37320600,0
2010-07-15,26.94034507698173,27.019736347535066,26.007489445620383,26.76832771301269,81876200,0
2010-07-16,26.649239920908045,26.69555170636718,25.70976938867646,25.802392959594723,58507400,1
2010-07-19,25.82223428980554,26.04056339213897,25.220178691586376,25.8288516998291,35404900,1
2010-07-20,25.352499820475742,26.225811205981287,25.32603522726588,26.21919631958008,43538200,0
2010-07-21,26.62939586292984,26.62939586292984,25.365740160200083,25.41866683959961,41115600,1
2010-07-22,25.77591973681337,26.19934307579806,25.623752132103387,26.03394317626953,35494400,1
2010-07-23,25.914862259196184,26.437526692884138,25.782544321789054,26.35152053833008,28241000,0
2010-07-26,26.331681344394013,26.70217827898167,26.13320183521644,26.68233108520508,27209400,1
2010-07-27,26.953583726328485,27.284383709340943,26.86757502408025,26.92050170898437,44872200,0
2010-07-28,26.75510196810226,27.059439873415275,26.56323989424852,26.675710678100582,23945400,1
2010-07-29,26.93372614061896,27.013119930480165,26.404446827225133,26.60292625427246,28994300,0
2010-07-30,26.27875372546296,26.920504031691035,26.27875372546296,26.64924812316895,26406500,0
2010-08-02,27.112361158770007,27.588713851510743,26.9469611986576,27.54901695251465,35566700,0
2010-08-03,27.456400533351857,27.55564154480114,27.03959181859014,27.178529739379886,29967900,0
2010-08-04,27.27113970121234,27.39022784588333,27.032963411870355,27.317451477050785,23078100,1
2010-08-05,27.105744579294143,27.41007988119607,27.08589486913328,27.304224014282227,19830500,0
2010-08-06,26.95358416970809,27.09251955914592,26.444151884632447,26.755102157592773,34906600,0
2010-08-09,26.82785984522613,26.834477253709306,26.23903668031709,26.34489250183105,37790900,0
2010-08-10,26.245673152969747,26.285370065115263,25.908258233046663,25.914873123168945,34166500,0
2010-08-11,25.570842858254927,25.65684904733437,24.97540180568395,24.98863410949707,46201600,0
2010-08-12,24.71735166214874,25.13415995159558,24.624728158671928,25.015071868896484,35387300,0
2010-08-13,25.008471266479656,25.16725632470683,24.80999183654785,24.80999183654785,24564100,0
2010-08-16,24.690911982425444,25.021711984895028,24.664447376514985,24.93570327758789,28334100,1
2010-08-17,25.120957169943143,25.18711617191036,24.743845306360885,24.796772003173828,33883800,1
2010-08-18,24.737214269617624,25.26649356530481,24.737214269617624,25.06801414489746,27041700,0
2010-08-19,24.915850997427544,25.12094786564879,24.479195184281675,24.5255069732666,35384700,0
2010-08-20,24.55197592811891,24.71737592491432,24.353496436725152,24.571823120117188,30862000,0
2010-08-23,24.618131724042115,24.750452209075583,24.373340467202365,24.399805068969727,29282800,1
2010-08-24,24.207934408618776,24.280710783289283,23.76466127371782,23.956525802612305,48709200,1
2010-08-25,23.784515647571723,24.10869816803825,23.59926596921623,23.969762802124023,36058000,0
2010-08-26,24.055767194872992,24.22778201854931,23.56618227182036,23.572799682617188,31873200,1
2010-08-27,23.731586238731783,24.27409792127764,23.51987448572868,24.21455383300781,38448800,1
2010-08-30,24.082244885841604,24.21456288809677,23.70513302704532,23.718362808227543,27306500,0
2010-08-31,23.777899510837667,24.241019945859456,23.63896413747213,24.05577278137207,34784400,1
2010-09-01,24.30718249608592,25.008476805423008,24.254253290353,24.96878242492676,36770500,0
2010-09-02,25.034937049984023,25.27311338671141,24.80337812472296,25.24664878845215,31282900,1
2010-09-03,25.45175510049097,25.914873123168945,25.45175510049097,25.914873123168945,34135600,1
2010-09-07,25.623756831763835,25.696533204712672,25.28634208531326,25.32603645324707,31885500,1
2010-09-08,25.36573925268708,26.086883215803816,25.36573925268708,25.881786346435547,30781000,1
2010-09-09,26.417682510193828,26.67570605079386,25.88178571708388,26.530153274536133,33438800,0
2010-09-10,26.41106599335394,26.62939516513965,26.24566602338413,26.3052101135254,21928600,0
2010-09-13,26.887415160064013,27.43654419919645,26.887415160064013,27.204982757568363,41643200,0
2010-09-14,27.10574955903449,27.277764427945133,26.768332186143365,26.940349578857425,42754100,0
2010-09-15,26.80142047957724,27.21822927317731,26.68894966754465,27.112373352050778,25399500,1
2010-09-16,26.940342451480515,27.19174853769883,26.827869182338432,27.118974685668945,25207500,1
2010-09-17,27.14543499296345,27.17851699713905,26.457373220275848,26.5036849975586,45938300,0
2010-09-20,26.622779156672248,27.330690796453705,26.48384126965289,27.251296997070312,33337500,0
2010-09-21,27.330692327379992,27.456395397740224,26.77494831958204,26.85433959960937,33548900,0
2010-09-22,26.74847658034091,27.019732361534714,26.298588573902027,26.424291610717773,34546000,0
2010-09-23,26.219204731999987,26.26551652307512,25.795781199996902,25.868555068969727,33471100,0
2010-09-24,26.139804658097614,26.331669188712457,26.00086931819144,26.298589706420906,28855100,0
2010-09-27,26.159659121994725,26.245665286827013,25.80900947931313,25.855323791503903,25684900,0
2010-09-28,26.04056578600436,26.06703038092656,25.54436598832532,25.7693099975586,31442600,0
2010-09-29,25.66345311928628,25.722997193587737,25.18048563830889,25.412044525146484,40207000,0
2010-09-30,25.46497283651129,25.76930808411066,25.11432328933572,25.180484771728512,54885200,1
2010-10-01,25.365732665815468,25.86193244212344,25.332653185488788,25.67668533325196,38973800,1
2010-10-04,25.82242596463052,26.193400674012704,25.643563293699387,25.802553176879883,38886100,0
2010-10-05,26.07415557974956,26.378883412805745,25.882043565713133,26.259641647338867,42379500,0
2010-10-06,26.206648676288417,26.54449868574117,26.11390310848064,26.431882858276367,31559900,0
2010-10-07,26.570998478061693,26.71011304472857,25.96816616211345,26.18015098571777,26923900,1
2010-10-08,26.279527262886187,26.35239754703284,25.92180431889441,26.041046142578125,28178500,0
2010-10-11,26.18015649172212,26.438512891884216,26.10066279791662,26.319271087646484,24601000,1
2010-10-12,26.14703314426002,26.82273582861459,26.14703314426002,26.76311492919922,38798100,0
2010-10-13,26.93534509598499,26.97509319490018,26.2198970049192,26.392133712768555,69607700,0
2010-10-14,26.001297497018783,26.08741715171928,25.239475030868388,25.65019798278809,76504900,0
2010-10-15,25.749567724392826,25.79593926882537,24.206052330295865,24.61014938354492,142280400,1
2010-10-18,24.61014012893539,25.34546114001778,24.5173945478875,25.30571556091309,55058700,1
2010-10-19,25.106984027475008,25.603824060786053,24.84200166555215,24.967866897583008,70595100,0
2010-10-20,25.17322140483792,25.37195685788549,24.815496073117263,25.23946571350098,43497200,1
2010-10-21,25.29908604046324,25.43820312886059,23.987429046998944,24.97448539733887,38250300,0
2010-10-22,24.84199425589576,25.03410628463536,24.72275248130279,24.97448539733887,24876900,0
2010-10-25,25.153345344256486,25.21958964429868,24.510765020203383,24.55713653564453,37893500,1
2010-10-26,24.4975299151535,24.68301608489229,24.36503871088599,24.64327049255371,39188100,0
2010-10-27,24.55051679723329,24.928114923613418,24.510768695013844,24.86849403381348,30777500,1
2010-10-28,24.97448527463976,25.14672198872877,24.72937830676213,24.848617553710938,30614600,0
2010-10-29,24.808885450070445,25.00099758217094,24.72276578273924,24.92812728881836,19803300,1
2010-11-01,24.91487112716873,25.173227531717444,24.5770185004058,24.789003372192383,36941900,1
2010-11-02,24.86186628753304,24.888365020428505,24.39815109715369,24.48426818847656,39913100,1
2010-11-03,24.4975248735518,25.060611744040287,24.484275503145817,24.98774147033692,35299600,1
2010-11-04,25.26597923822177,26.39877425807148,25.08049304373688,26.365652084350582,77569400,0
2010-11-05,26.425260822309195,27.385818579629333,26.3523905574902,27.12083625793457,75684800,1
2010-11-08,27.06783383887624,27.29306799203261,26.637238316734987,26.835973739624023,32967000,1
2010-11-09,26.782982234558805,26.948595529342345,26.319264503753228,26.431882858276367,32800100,0
2010-11-10,26.41201166173472,26.922100992430217,26.22652555132135,26.90885162353516,35587900,0
2010-11-11,26.67700023070877,26.789616102092506,26.398768472894847,26.51138687133789,25499700,0
2010-11-12,26.405386103827915,26.67036587910809,26.08740885725659,26.23977279663086,33504800,0
2010-11-15,26.37889670126821,26.92210833890293,26.30602641599,26.551136016845703,28772500,0
2010-11-16,26.32589242394972,26.478256363323982,25.86217465838625,26.23977279663086,46023000,0
2010-11-17,26.219900212112023,26.286144524682047,25.82242675551625,25.95491790771484,32027500,0
2010-11-18,26.21328443446416,26.49813963773457,26.07416980786034,26.272905349731445,30987600,0
2010-11-19,26.107273101806644,26.25963699131954,26.007904139183683,26.107273101806644,26542000,0
2010-11-22,25.87542151356469,25.90191771957882,25.31233480753837,25.511070251464844,33249500,1
2010-11-23,25.17985781323312,25.31897497647881,24.908251964320577,24.92812728881836,35340400,1
2010-11-24,25.06061039145381,25.332216152469552,24.9016204822222,25.27921867370605,24248300,1
2010-11-26,24.981109806103632,25.1599724750733,24.84199523925781,24.84199523925781,12819100,1
2010-11-29,24.82212317501073,25.23284346735798,24.5836396094354,25.113601684570312,30911400,0
2010-11-30,24.835381563684603,25.03411709816425,24.66976819710833,24.77576065063477,33716700,1
2010-12-01,25.140107080949736,25.299094482084584,24.94137156600159,25.27259826660156,33157200,1
2010-12-02,25.458086396464324,26.087417682115195,25.39184206199976,26.041046142578125,41526000,1
2010-12-03,25.882047446591173,26.2795183730407,25.63694045951592,26.23977279663086,30070200,1
2010-12-06,26.153651208969688,26.53124931891149,26.03440943456087,26.431882858276367,25364500,0
2010-12-07,26.72998299077376,26.80285323996491,25.99466213353303,26.00128555297852,40908200,1
2010-12-08,26.0741636178548,26.716744160180305,25.875428123163488,26.670370101928707,38115900,0
2010-12-09,26.9419795869613,27.22683476193102,26.87573525527222,27.034725189208984,43001900,1
2010-12-10,27.087713023055013,27.4918099104048,27.00821934052905,27.44543838500977,28449000,0
2010-12-13,27.53817835241698,27.816410000692848,27.26657265106057,27.498430252075195,35730400,1
2010-12-14,27.452066095007915,27.49181420601085,26.80948805967718,27.021472930908203,34010800,0
2010-12-15,26.981721179257622,27.1605838640484,26.537878704711336,26.637245178222656,30264000,1
2010-12-16,26.77635691416239,26.94859615992021,26.378886008204688,26.504751205444336,37123200,1
2010-12-17,26.5378750808833,26.54449850072281,26.18677317998976,26.279516220092773,52004800,1
2010-12-20,26.385512198122367,26.676990696703182,26.29276662729089,26.46500587463379,22978200,1
2010-12-21,26.60413200132568,27.319582982008484,26.48489017121188,27.16059303283692,30757800,1
2010-12-22,27.27320334761981,28.180766261297894,27.266579925991493,27.92903327941894,47280400,1
2010-12-23,27.922411039542656,28.001904737741818,27.70380021067108,27.876039505004883,18927900,1
2010-12-27,27.70380323980625,28.273513614487143,27.69055386748119,28.26688766479492,17203200,1
2010-12-28,28.286759423710148,28.564988626311617,28.134395451753285,28.22713851928711,20386600,1
2010-12-29,28.207258226861786,28.333123424040352,28.021769614054268,28.061517715454105,13637400,1
2010-12-30,28.028390754732992,28.13438314656485,27.856151538595004,27.97539329528809,12901900,1
2010-12-31,27.895911748764792,28.12114599511213,27.84954021513967,28.10127067565918,12199700,1
2011-01-03,28.485481217299785,29.17443299742138,28.45898248874329,28.869705200195312,43278500,1
2011-01-04,29.03552020973116,29.380391937037064,28.74370683891617,29.287542343139645,40036800,1
2011-01-05,29.12835935933222,29.81147153942606,29.11509730492644,29.64566802978516,50032500,0
2011-01-06,29.44671909873573,29.7120033292878,29.34723593105243,29.499774932861328,31606200,0
2011-01-07,29.539572473850694,29.5727326906542,28.286097556956594,28.94267845153809,69579400,1
2011-01-10,28.69727450033349,29.02888155137045,28.51820638917821,28.783493041992188,30098100,1
2011-01-11,28.98246445578952,29.19469282236136,28.7967627375679,28.91614151000977,28067100,1
2011-01-12,29.47323936531912,29.778319832802016,29.347229572854577,29.65230751037598,44296900,1
2011-01-13,29.804853005191287,29.82475115675105,29.29417763449965,29.479879379272464,42133000,1
2011-01-14,29.519673010504363,30.46806984280189,29.47988176408997,29.784959793090817,86983800,1
2011-01-18,29.857895374102824,30.123179463150016,29.513023781376845,29.6788272857666,46237700,0
2011-01-19,29.546191898492363,29.82474317613476,28.916137906882568,28.989091873168945,44989200,0
2011-01-20,29.06867160399343,29.83799976316348,28.92276371054302,29.6788272857666,46977700,0
2011-01-21,29.87779762577475,30.202773679791576,29.74515428678908,30.036970138549805,44767400,1
2011-01-24,29.983910394194464,30.16297851398918,29.7517864592538,29.85790061950684,27826800,1
2011-01-25,29.725256929204047,30.12981795091609,29.35385610780456,29.7584171295166,36022400,0
2011-01-26,29.977284975806644,30.16298415850981,29.75842305622509,29.831377029418945,25639400,1
2011-01-27,29.831383759969068,30.09667053508036,29.6390509745115,29.91096878051757,26740900,0
2011-01-28,29.8778061548937,30.4282752833384,29.446718342580635,29.53956794738769,38593900,1
2011-01-31,29.45332989278924,29.91094658380158,29.44669886681528,29.804832458496094,23574500,0
2011-02-01,29.977276006533103,30.50784674833812,29.95074683695264,30.46142196655273,28255500,1
2011-02-02,30.36858609228901,30.494595909656628,30.0701391248794,30.14309310913086,24104900,1
2011-02-03,30.16298001051888,30.342048139198024,29.7385233484474,30.149715423583988,23322400,1
2011-02-04,29.84464112886977,29.95738633653062,29.38039064976171,29.572723388671875,38172900,0
2011-02-07,29.67883598411476,30.342050196050288,29.612515574905785,30.176246643066406,36790900,1
2011-02-08,30.169618944582048,30.38847834310092,30.050240170858405,30.335422515869137,28649500,0
2011-02-09,30.08339847043539,30.1762480596713,29.61251696504668,29.917594909667965,33491000,1
2011-02-10,29.910974998402825,30.202791017680305,29.81149433452772,30.196157455444336,22688600,1
2011-02-11,30.10992769476416,31.098115501715675,30.10992769476416,30.885887145996094,40812800,0
2011-02-14,30.90577900834634,31.10474528137327,30.81956298866001,30.86598777770996,28699200,0
2011-02-15,30.87925835983411,31.39656469823298,30.86599377039289,31.051692962646484,35972900,1
2011-02-16,31.27055722175748,32.07304596798814,31.2373944807044,31.79449462890625,44327800,1
2011-02-17,31.68174076840768,31.82764869338692,31.50267264137713,31.714900970458984,22932600,0
2011-02-18,31.714903161784605,31.92050047664634,31.53583502238144,31.83428192138672,23844300,0
2011-02-22,31.303724624025094,31.35014943620992,30.40838353911233,30.514497756958008,44561900,0
2011-02-23,30.53437968053795,30.839457578424152,30.03696907443433,30.481321334838867,36264800,0
2011-02-24,30.262459131636994,30.547641387989525,29.98390790289132,30.44815826416016,31926900,0
2011-02-25,30.673653325250665,31.078214346874777,30.587434780487875,30.95883560180664,26782100,0
2011-02-28,31.04505497180468,31.29044349654046,30.78639933064077,30.965467453002933,25985300,1
2011-03-01,30.819574967221588,30.965480419532422,30.23594556809152,30.242576599121097,33682600,1
2011-03-02,30.10328643538638,30.48795181296005,29.89105813395295,29.98390769958496,28600000,1
2011-03-03,30.32215366469968,30.726714726571764,30.315520106002,30.560911178588867,23043600,0
2011-03-04,30.49458826681081,30.53438202914593,29.91095906903587,30.189510345458984,27716900,0
2011-03-07,30.25583396200156,30.275732110260428,29.68546929117227,29.97065162658692,28110800,1
2011-03-08,30.096670491762296,30.965479745575006,30.043612124831533,30.773149490356445,32941500,1
2011-03-09,30.726712530455984,31.23738519537824,30.521115234865658,30.87925148010254,25174700,0
2011-03-10,30.560927479541192,30.67367273792552,30.017089224513896,30.196157455444336,33783700,1
2011-03-11,30.030342021929982,30.401742932399287,30.01044640296329,30.335422515869137,20337600,1
2011-03-14,30.12318698333239,30.20277450688001,29.599249701431184,30.043601989746094,24508900,1
2011-03-15,29.546189517065265,29.838005358690367,29.081939111720835,29.585983276367188,35606000,1
2011-03-16,29.605894259236194,29.698743882510392,28.95594436635433,29.05542755126953,41962900,0
2011-03-17,29.486489667686023,29.585972765617765,28.783484546164043,29.552812576293945,46741800,1
2011-03-18,30.00381537329496,30.6272358905482,29.678839260389104,30.335422515869137,77421000,0
2011-03-21,30.693558037027685,30.72008721711967,30.056872894591244,30.262470245361325,28985300,1
2011-03-22,30.282358963904592,30.315519166481216,30.076761659991465,30.156349182128903,19756600,1
2011-03-23,30.036981747695112,30.30226599823624,29.692109945025628,30.242576599121097,26688900,0
2011-03-24,30.30888551409834,30.401735085259386,29.90432449978718,30.328781127929688,21748100,1
2011-03-25,30.308890555538444,30.75987643044502,30.288992408436265,30.41500473022461,20710400,0
2011-03-28,30.57417090985109,30.839457578424152,30.47469030660707,30.481321334838867,19039400,0
2011-03-29,30.39510077739858,30.534375119111186,30.18950351346988,30.52111053466797,17913300,0
2011-03-30,30.859351207221124,31.0715795164378,30.653756455770537,30.80629539489746,26829100,0
2011-03-31,30.541024201992872,30.733356995184163,30.481334801690828,30.574184417724613,23340500,0
2011-04-01,30.872616396582146,31.09147826784529,30.627227883618875,30.739973068237305,25387300,0
2011-04-04,30.75330808323136,31.02003337473201,30.70663153877088,30.900007247924805,15708000,0
2011-04-05,30.78664850859749,31.18673645104471,30.70663193758043,31.060043334960938,21058400,0
2011-04-06,31.21342627729712,31.8268912245126,31.093400084375425,31.766878128051754,31203300,0
2011-04-07,31.76687717165356,31.87356683507384,31.31344546619683,31.60684394836425,29972000,0
2011-04-08,31.686843246646923,31.78019633317223,31.093382159152466,31.23341178894043,23808000,0
2011-04-11,31.340114447428977,31.520153708007097,31.173411711006484,31.24676132202148,25641600,1
2011-04-12,31.040029294404626,31.413444102498136,30.83998664651464,31.10004234313965,27231300,0
2011-04-13,31.50013813324779,31.58682169154824,30.59327518732832,30.839994430541992,55383900,0
2011-04-14,30.45992155473712,30.506598113383284,29.94647686594767,29.986486434936523,45214600,0
2011-04-15,30.166530900372585,30.25321449932708,29.893138490840634,29.93314552307129,32475000,0
2011-04-18,29.51971197191564,29.57305550877529,29.026270901637915,29.3129997253418,50958800,1
2011-04-19,29.51304536113472,29.81311073467351,29.179639955798585,29.77310371398925,26705000,0
2011-04-20,29.939793222631582,29.98646975531447,29.29965319328864,29.71307754516601,35542800,0
2011-04-21,29.793092727661133,29.899782303708616,29.41967793965487,29.793092727661133,24368100,1
2011-04-25,29.77310057611001,30.01981983782546,29.59306137096162,29.746427536010746,17358900,0
2011-04-26,29.90647044073672,30.293222017239422,29.746437235321896,30.086509704589844,25900000,0
2011-04-27,30.206528764831354,30.42657755004293,30.0398260646461,30.33989143371582,20857200,0
2011-04-28,30.413241442533344,30.626620698178808,30.279878771834586,30.57327461242676,19859000,0
2011-04-29,30.5466104178076,30.68664010628568,30.273218031105763,30.42658424377441,23363000,0
2011-05-02,30.633287622637745,30.666630198003347,30.07983597437162,30.12651252746582,25904000,0
2011-05-03,29.973150224727465,30.719977714541308,29.913137142458748,30.61995506286621,30025500,1
2011-05-04,30.659960312829742,30.69996987659949,30.19319224357477,30.33989143371582,22727400,0
2011-05-05,30.166515894437023,30.479915180303287,29.99981322658105,30.119836807250977,26154500,0
2011-05-06,30.319886179956,30.479919338468683,29.84644860545976,30.03315734863281,26332300,0
2011-05-09,29.8397905598798,30.07984291327242,29.553061642625508,29.979820251464844,22469500,0
2011-05-10,30.04650199107985,30.33989789011593,29.99315589470136,30.11318206787109,20534200,1
2011-05-11,30.01982120421144,30.033157724868094,29.41302350458013,29.493040084838867,31519600,0
2011-05-12,29.40634807846004,29.55971676343114,29.0396027367934,29.3996810913086,29567900,0
2011-05-13,29.37968203887105,29.406352535199645,28.659525220695823,28.772884368896488,32872500,0
2011-05-16,28.65286663191625,28.992939088845844,28.486163898509584,28.59285354614257,34951100,0
2011-05-17,28.45949826562671,29.35302525123664,28.439494746384305,29.212995529174805,36277100,0
2011-05-18,29.152960773158465,29.49970259667036,28.946248567695427,29.39301300048828,24372100,0
2011-05-19,29.553057082161104,29.573060593963007,29.1729750958356,29.339677810668945,19518000,0
2011-05-20,29.22631427988788,29.399683943130483,28.732873241352685,28.759546279907227,29946700,1
2011-05-23,28.27278452815438,28.60618999408223,28.206101908759702,28.37280464172364,32299500,1
2011-05-24,28.519488222679133,28.6195082814046,27.799331590189663,28.232759475708008,39341400,0
2011-05-25,28.07941035265473,28.506168966449888,28.072740818493063,28.18610000610352,26505300,0
2011-05-26,28.086069233949218,28.399471113328563,28.07273271315848,28.30611801147461,21648100,0
2011-05-27,28.47282573908468,28.77289115071696,28.366136097580053,28.532838821411133,24747300,0
2011-05-31,28.832904815673828,28.92625793591656,28.5195028745603,28.832904815673828,28746300,1
2011-06-01,28.58617039896356,28.66618950434278,27.8260067036254,27.846010208129883,38628700,0
2011-06-02,27.959369951524582,28.139409127073165,27.22587927515396,27.74599075317383,45964000,1
2011-06-03,27.399266552526136,28.172767280248387,27.3525899818286,27.71933555603028,31833100,0
2011-06-06,27.40592657800865,27.4992822393574,26.919154933257715,27.02584457397461,40895900,0
2011-06-07,27.285896516295512,27.54595486309369,27.10585984004639,27.15253639221192,36312000,0
2011-06-08,27.059192747862635,27.38592872724926,26.80580384489184,26.932497024536133,38890700,1
2011-06-09,27.06585094401064,27.49927898901389,27.032510912167627,27.32590675354004,30082300,0
2011-06-10,27.06585102551269,27.67264876413564,26.739112607632,27.372583389282227,48545700,0
2011-06-13,27.532611185901214,27.88602000149404,27.15252933495178,27.785997390747067,31767100,0
2011-06-14,28.09273258641398,28.299442253995885,27.659304658943626,27.74599075317383,32103500,0
2011-06-15,27.352581729991822,27.60597056853677,26.83913706353459,27.125865936279297,37336400,0
2011-06-16,27.092533950001616,27.145877511830783,26.47239946368334,26.912494659423828,50316600,0
2011-06-17,27.239224970620384,27.379257196535782,27.03251521408936,27.20588493347168,31999600,1
2011-06-20,27.005844459298224,27.21255677705788,26.75245557683188,26.992507934570312,21565400,0
2011-06-21,27.125873419965085,27.492618984705988,26.83914446811548,27.279239654541016,34241100,0
2011-06-22,27.11919178490867,27.69264943273987,26.99249865905245,27.13252830505371,27306300,0
2011-06-23,26.75244288365708,26.839128981417748,26.419037554695368,26.71910285949707,48307500,1
2011-06-24,26.705773664189746,26.792459785720947,26.299018644329674,26.33236122131348,36136800,1
2011-06-27,26.2723440995507,26.745779113135143,26.22566755137652,26.5924129486084,30632700,1
2011-06-28,26.71910674685675,26.71910674685675,26.16565514297272,26.365697860717773,41558700,1
2011-06-29,26.699111272067213,27.045853274212725,26.619092125946143,26.97250366210937,44775900,1
2011-06-30,27.152537737760984,27.385920510153927,26.9191524216866,27.299234390258786,28000100,0
2011-07-01,27.379751486216843,27.990277554244503,27.35291455679992,27.896350860595703,32136800,0
2011-07-05,27.84937915804513,27.84937915804513,27.487090923563063,27.527343750000004,23805800,1
2011-07-06,27.232147288737004,27.27240267747425,26.957075197307745,27.21202087402344,23865700,0
2011-07-07,27.634686040821904,28.037232178915687,27.57430424807332,27.721904754638675,28550800,1
2011-07-08,27.305945821240574,27.487091220090747,27.212019146127883,27.33278274536133,20680000,0
2011-07-11,26.96378244225356,26.98391141574956,26.359966982884504,26.453893661499023,38328000,0
2011-07-12,26.326422633977824,26.916819642623576,26.326422633977824,26.427057266235348,33808300,0
2011-07-13,26.6149085527831,27.084544477976973,26.44047366821332,26.58136367797852,34020600,0
2011-07-14,27.627971871044263,27.66822724358489,27.030864587891497,27.071117401123047,65327400,0
2011-07-15,27.24556189228664,27.33948856005863,26.50085394165192,26.82288932800293,46544900,0
2011-07-18,26.69541878376207,26.83630879067877,26.118437735272902,26.72225570678712,47603200,1
2011-07-19,26.782639645214804,27.16505946716504,26.64174961357068,27.09796714782715,34837400,0
2011-07-20,27.299224242463783,27.74873358165428,27.25226092394806,27.480369567871097,31250900,0
2011-07-21,27.88963016291484,28.54711933764293,27.661521464800227,28.37268447875977,45552200,0
2011-07-22,28.35926924328316,28.392814116961965,28.017104877553823,28.305595397949222,19986100,1
2011-07-25,27.85609117835145,28.11774480161188,27.701782696923765,27.970144271850582,22522300,0
2011-07-26,27.84267314367426,28.03723701602111,27.70178312272383,27.80241775512696,24350600,0
2011-07-27,27.64140096260974,27.775583030057906,27.23214680858236,27.285818099975582,32361100,0
2011-07-28,27.299232288401168,27.66823355593649,27.252268956043885,27.292524337768555,23370200,1
2011-07-29,26.99732981577858,27.33949165269752,26.769221071395943,27.138219833374023,37793400,0
2011-08-01,27.614570026792435,27.7554600764822,26.8094800067914,27.131515502929688,34039300,1
2011-08-02,26.903396814442004,27.09125270426601,26.72896194458008,26.72896194458008,42119000,0
2011-08-03,26.67528541502141,26.84972282662228,26.400213397628743,26.76921463012696,41110100,1
2011-08-04,26.37337670878655,26.56123000378578,25.37372333330667,25.440813064575195,59931100,0
2011-08-05,25.69576933871747,25.997678373628105,24.635736299743773,25.226133346557617,85507800,1
2011-08-08,24.306988654789016,25.30664237688988,22.6028822728692,22.851119995117188,107650300,1
2011-08-09,23.736715322348363,24.5485130312612,22.60287966280436,24.42104148864746,78985700,1
2011-08-10,23.83064020956212,24.052038404841817,22.80415231652709,23.059095382690423,83975700,1
2011-08-11,23.23353247450845,25.02485465908051,23.23353247450845,24.6156005859375,69583500,0
2011-08-12,24.91080682609257,25.3938586919785,23.87090026901565,24.09229850769043,44072800,1
2011-08-15,24.50826465436011,24.917518880951825,24.4143379582854,24.743083953857425,34827900,0
2011-08-16,24.33381901454985,24.53509078314647,23.99836521378568,24.17280006408692,42266600,0
2011-08-17,24.46130066069011,24.9980264521725,24.3673739670945,24.53510093688965,30131400,0
2011-08-18,23.662903860964587,23.79708585030772,23.14630486554411,23.609230041503903,57130300,0
2011-08-19,23.320753084563275,23.817225963130586,22.98529919775861,23.04568099975586,52960800,0
2011-08-22,23.562275236151383,23.602530615280862,22.374768424581458,22.415023803710938,50971400,1
2011-08-23,22.33451285395076,23.34758212382864,21.67702376500531,23.334163665771484,55807900,0
2011-08-24,23.36100375474684,24.15938292276344,23.267077094898948,24.03862190246582,41959800,1
2011-08-25,25.3536034579138,25.8769106626994,23.76355031223319,23.96482467651367,55387600,0
2011-08-26,23.669617704963887,24.474707282265964,23.36100084411268,24.293561935424805,35114200,1
2011-08-29,24.70282740417775,25.25297164916992,24.468010674965385,25.25297164916992,27943900,0
2011-08-30,25.091948821868574,25.30663907956781,24.65585779630526,24.86384010314941,28818700,0
2011-08-31,25.10536581273091,25.51461993400915,24.97118631533005,25.199295043945312,30051100,0
2011-09-01,25.239552467787902,25.373734548945,24.347246362817337,24.353954315185547,36862300,0
2011-09-02,23.52202243765333,23.649493966047984,23.15302119357236,23.233531951904297,41677300,0
2011-09-06,22.213751960208512,22.4754055254934,21.992351214623152,22.43515014648437,57071200,0
2011-09-07,22.877957026437475,23.468356660467908,22.723648525591752,23.36101150512696,36145900,0
2011-09-08,23.10605912683598,23.42138654926013,22.435151459931586,22.48211479187012,44815300,0
2011-09-09,22.193631973405044,22.274140195413427,21.422086954618177,21.522724151611328,67187400,0
2011-09-12,21.03295614463782,21.750825881958008,20.93902819873348,21.750825881958008,53377600,0
2011-09-13,22.01248462141756,22.41502825542106,21.58310150335447,21.797794342041016,50137600,1
2011-09-14,21.95880830358518,22.267425225584365,21.37511933209807,22.00577163696289,44442500,0
2011-09-15,22.388196175582664,22.690105246074843,22.227179710860543,22.68339729309082,35847800,1
2011-09-16,22.84440983841688,22.99201037184725,22.153375630647588,22.428447723388672,52683800,0
2011-09-19,21.931973847168845,22.06615591160668,21.556267137914908,21.797794342041016,33154800,0
2011-09-20,21.985642509923235,22.00576891908228,21.630062298463205,21.63677024841309,34085100,0
2011-09-21,21.623350099731542,21.77095058019069,20.30166268260727,20.355335235595703,57389200,0
2011-09-22,19.691138989313327,19.878992304758388,19.14099494324468,19.637466430664062,86285600,1
2011-09-23,19.42948692070416,19.993049506824764,19.3623971725533,19.85215950012207,51731300,1
2011-09-26,20.167486616132408,21.34157517918173,20.10039558517002,21.234230041503903,58696100,1
2011-09-27,21.88501578192865,22.22718025665864,20.96587264191411,21.18056297302246,58242900,1
2011-09-28,21.214103209956125,21.46904758700361,20.409013413581505,20.44255828857422,38725900,0
2011-09-29,21.18727013851569,21.542851764503208,20.422435588655755,21.059797286987305,51014100,0
2011-09-30,20.62369895397075,20.76459021186291,20.201027739603592,20.20773696899414,42420600,1
2011-10-03,20.14735949845599,20.59686772664228,19.214796887947163,19.22150611877441,51002700,1
2011-10-04,19.1199872139568,20.5954413010854,18.849261989465244,20.480382919311523,69800000,1
2011-10-05,20.46007757667373,21.09628280790645,19.898322264572823,20.872934341430664,51117200,1
2011-10-06,20.78494407314066,21.96936781825197,20.588668809514605,21.915224075317383,53214000,0
2011-10-07,22.050591553108216,22.07089513788999,20.74433961654737,20.778181076049805,49320600,1
2011-10-10,21.387307661731967,21.87461293530969,21.373771081402747,21.86107635498047,37324800,1
2011-10-11,21.64449623339037,22.118266217558222,21.258712730443087,21.86107635498047,38161700,1
2011-10-12,22.172418934307327,22.92368266480253,22.125042174892293,22.470218658447266,55462500,1
2011-10-13,21.96259792921832,21.98967108804336,20.92707284070737,21.387306213378903,78830000,1
2011-10-14,21.57004663564844,21.87461193359262,21.25194346707564,21.58358192443848,51899600,1
2011-10-17,21.414378303746908,21.71894488909624,20.96091321607084,21.00829124450684,40865400,1
2011-10-18,21.22487682653134,22.61911131610833,21.07597699489138,22.246864318847656,64392400,0
2011-10-19,22.17917951826564,23.018426843216307,21.678336373887696,21.82723617553711,50119300,0
2011-10-20,21.87461633348687,22.46344346916813,21.434687731800047,22.422836303710938,41657100,1
2011-10-21,22.659712211290376,23.03872864289736,22.341609088658835,22.619102478027344,48445300,0
2011-10-24,22.747705249759644,23.47866258687011,22.72063208642693,23.397445678710938,45697200,0
2011-10-25,23.1334929962685,23.18086974979392,22.578505956251245,22.666492462158203,38679100,1
2011-10-26,23.086112862176748,23.289156430673337,22.673256143191548,23.13348960876465,36350900,0
2011-10-27,24.744296218764,25.40757297085581,24.1622363431754,25.05562973022461,76438300,0
2011-10-28,24.77814309629349,25.02856337290841,24.493880078595527,24.8322868347168,39891200,0
2011-10-31,24.31790644740746,24.365283180377794,23.505729825027203,23.52603340148925,46429800,0
2011-11-01,21.97613697799728,22.768007598819864,21.54974371502576,22.13857078552246,74052400,0
2011-11-02,22.81538784275887,22.835694008195123,22.375460513174765,22.76801109313965,34325900,1
2011-11-03,23.09287546663992,23.363601894329094,22.226555028976268,23.268848419189453,40084700,1
2011-11-04,23.00489247609628,23.052269215527595,22.639412558907274,22.991355895996094,30858700,1
2011-11-07,23.03195856667334,23.241771644586063,22.815378490948405,23.174091339111328,25925900,1
2011-11-08,23.37037697098821,23.810306922581947,23.025203109124416,23.702016830444336,30193100,0
2011-11-09,22.903376853503293,23.004899946302167,21.915229421864176,22.02351951599121,52990400,0
2011-11-10,22.280698563050013,22.49051167169545,21.8475383481523,22.15887451171875,30427400,0
2011-11-11,22.524354934692383,22.91013846563632,22.34838454131961,22.524354934692383,29983400,1
2011-11-14,22.301007526152503,22.32131110695325,21.80693393256974,22.03028106689453,27596300,0
2011-11-15,21.718941220331185,22.40929116989619,21.712174222616973,22.131797790527344,31260500,0
2011-11-16,21.8881504896253,21.9896735556927,21.2519453859548,21.2993221282959,40761800,1
2011-11-17,21.251943732951627,21.31962534142573,20.534521781332487,20.636043548583984,55130100,1
2011-11-18,20.757873519925926,20.87970017656408,20.527756788702632,20.72403335571289,39029900,1
2011-11-21,20.3179458549213,20.433004225767515,20.033684073472983,20.24349594116211,39658100,1
2011-11-22,20.23672306471451,20.37208627889425,19.884779740582605,19.90508460998535,36466200,1
2011-11-23,19.702042625046072,19.729114495453945,19.174127597439025,19.20796775817871,44468500,0
2011-11-25,19.140284298035592,19.742647838677,19.140284298035592,19.2756462097168,21423200,1
2011-11-28,20.10813454871477,20.351787895521905,19.50577076457457,19.73588752746582,45280100,0
2011-11-29,19.61405372705012,19.715575487690657,19.27564699763551,19.32979202270508,45104700,1
2011-11-30,20.40592586552751,20.981217573301898,20.169040892806382,20.960912704467773,61412600,1
2011-12-01,20.886472068490136,20.96092070077792,20.32471672563637,20.6157455444336,33189700,0
2011-12-02,20.90000059304156,22.51758575761864,20.85262385395156,21.88138198852539,90515100,1
2011-12-05,22.76800968657625,23.079343331080192,22.48374920642197,22.68002319335937,52207600,0
2011-12-06,22.510812609069983,22.727395272948808,22.11826217856075,22.490509033203125,38782900,0
2011-12-07,22.213019464051552,23.140253261207416,22.145339144957045,23.011659622192383,44722800,0
2011-12-08,22.7070950748274,22.80861814448336,21.712180868657978,21.806934356689453,47788900,1
2011-12-09,21.9016913724918,22.544664892921084,21.9016913724918,22.45667839050293,39104600,1
2011-12-12,22.03028004424986,22.064120204626533,21.49559802296609,21.68510627746582,35977900,1
2011-12-13,21.90845519886296,22.084428178201023,20.89323610415788,21.17749786376953,49475100,1
2011-12-14,20.90000925384188,21.6174328002458,20.86616908073144,21.32640266418457,41291500,1
2011-12-15,21.72572096267509,21.84754764770121,21.36701049112024,21.49560546875,33457300,1
2011-12-16,21.76632187775656,22.06411888584608,21.529436896520448,21.58358192443848,52596800,1
2011-12-19,21.570053155531145,21.59035674031292,20.588672775595235,20.778181076049805,47388000,0
2011-12-20,21.25194652838657,21.9558319927146,21.14365645695149,21.8001651763916,49091600,1
2011-12-21,21.658030799431668,21.93552421577585,21.5903491949996,21.874610900878903,30893000,0
2011-12-22,22.125035952216308,22.7070960691418,22.02351545995381,22.6394157409668,35543200,1
2011-12-23,22.754472717042056,22.808619044819626,22.422835495841003,22.720632553100582,21958800,1
2011-12-27,22.48375028337661,22.801850943285228,22.355154037475582,22.355154037475582,16891600,0
2011-12-28,22.328081969498864,22.39576229727702,22.043818912784783,22.09796524047852,19242700,1
2011-12-29,22.138565586020107,22.686785366799064,22.138565586020107,22.619102478027344,19792000,1
2011-12-30,22.40929582244734,22.619106359043705,22.375455663174247,22.50404930114746,18196900,1
2012-01-03,23.05226910399184,23.817066512161933,23.018426362985792,23.674936294555664,44102800,0
2012-01-04,23.47724438314863,23.96124299642468,23.402261173046625,23.82490539550781,36571200,1
2012-01-05,23.661298910565204,24.486137596084657,23.449978107082,24.322534561157227,38381400,1
2012-01-06,24.32935743145467,24.383893526097268,23.95443088227124,24.10440254211425,33160600,0
2012-01-09,24.15892735218431,24.322532976878435,23.852171031570503,24.063491821289062,23001800,1
2012-01-10,24.58840209195871,24.779273248844166,24.377078596532325,24.57476806640625,35972800,1
2012-01-11,24.404335498347425,25.045121404443087,24.308899963505084,24.99058532714844,29852900,0
2012-01-12,25.09965982530355,25.25644717777381,24.656563211487388,25.12010955810547,39420700,1
2012-01-13,24.03623076414348,24.486143112182617,23.947613517104337,24.486143112182617,61571500,1
2012-01-17,23.756737782117305,24.322537975012168,23.518148905850627,23.79763984680176,55115100,1
2012-01-18,23.54542309607156,25.00422997849859,23.53860478329887,24.90879440307617,55502100,1
2012-01-19,25.11329838235207,25.32462186102066,25.02467852350082,25.174650192260746,37000400,0
2012-01-20,25.072392678999066,25.495039575146127,24.96332309944393,25.467771530151367,34716500,1
2012-01-23,25.433694219500065,25.863154335093306,25.406426167595065,25.672283172607425,27499200,0
2012-01-24,25.345074351021093,25.82907057042433,25.08603305877271,25.672283172607425,25403800,0
2012-01-25,25.46777887223961,25.781353678807896,25.30417315552917,25.63138198852539,29860700,0
2012-01-26,25.822249620772908,25.972218674986784,25.39278699185238,25.55639266967773,33284600,1
2012-01-27,25.37915640967956,25.67228144689278,25.32462290995991,25.365522384643555,27674600,1
2012-01-30,24.99059427449399,25.338252790237515,24.78608911226696,25.229183197021484,24423600,1
2012-01-31,25.583659628710382,25.59047794091937,25.174649310593143,25.42687225341797,29649500,1
2012-02-01,25.829071471093304,25.92450705566412,25.56321445681042,25.63138198852539,41957800,1
2012-02-02,25.692727507581893,26.01312054901859,25.50867209657085,25.597291946411133,26784200,1
2012-02-03,26.088103494134284,26.24489084165697,25.938131857189227,26.09491920471192,41074400,1
2012-02-06,25.94495914051262,26.12219628148432,25.77453771247557,25.99949264526367,23106200,1
2012-02-07,25.80861206970133,25.985849146062844,25.69954249953493,25.815427780151367,21091900,0
2012-02-08,25.93813156555372,26.142636686091624,25.88359808027467,26.10855293273925,23258700,1
2012-02-09,26.313056680451265,26.367592763308707,25.794976895423336,25.80861091613769,28608400,0
2012-02-10,25.372338078145447,25.747264626446043,25.297352248400504,25.6381950378418,22618800,0
2012-02-13,25.9585838979041,26.13582097559063,25.7540761769425,26.10855293273925,24828000,1
2012-02-14,26.060833611796063,26.081283342509483,25.5223014993387,25.849510192871094,27031900,1
2012-02-15,25.958593106824203,26.1767323261736,25.43369479763203,25.495046615600582,26534900,1
2012-02-16,25.324624745381268,25.98585810479256,25.256454615260544,25.904056549072266,22139600,0
2012-02-17,26.31306451074512,26.34033256028832,26.06084155353133,26.22444725036621,28009300,1
2012-02-21,26.3471427447698,26.565281872970644,26.183537098407403,26.21762084960937,22804200,1
2012-02-22,26.10855815961906,26.16990996810531,25.83588547778791,25.951770782470703,23416900,1
2012-02-23,25.9449484060192,26.258523079766693,25.73362498653359,26.23807334899902,31361400,0
2012-02-24,26.35396041386509,26.367594435444072,26.033567407818364,26.09491920471192,17586400,1
2012-02-27,25.951761140470367,26.74251604470836,25.76089007406152,26.62663078308105,34030400,1
2012-02-28,26.67436168458929,26.96066842518484,26.48348792376773,26.72889518737793,37900900,1
2012-02-29,26.810699503038187,27.22652559062281,26.5993760024562,26.74934768676757,41187700,1
2012-03-01,26.933395685541928,27.574181784638565,26.906130239105707,27.51964569091797,44376700,1
2012-03-02,27.560546527498985,27.86730553988552,27.42420889972453,27.69688415527344,34897900,0
2012-03-05,27.744591813057305,27.75140752176872,27.26741159014516,27.54008674621582,30806900,1
2012-03-06,26.892500557921416,27.178807294911355,26.667543035636896,26.80388069152832,33927500,1
2012-03-07,26.899295277328743,27.30830792579454,26.844761817786782,27.233322143554688,22875100,0
2012-03-08,27.58781989209591,27.778691047525907,27.417398474626427,27.567367553710938,22052300,0
2012-03-09,27.77868379552256,28.24904584879111,27.608262422543888,27.969554901123047,33494200,1
2012-03-12,27.85367346603212,27.93547500825099,27.40376108319209,27.635534286499023,30763800,1
2012-03-13,27.96274262929093,29.81010991547,27.82640499405624,29.57833671569824,77277600,0
2012-03-14,29.73511494088552,29.99415610811961,29.36018850961868,29.70784950256348,68028700,0
2012-03-15,29.74876383794925,30.62132071078913,29.26476761007242,30.47135162353516,57117700,0
2012-03-16,30.587227986734884,30.621311742017685,30.14413396721084,30.38272285461425,48844500,0
2012-03-19,30.29410130112503,30.91443497379401,30.13731395533217,30.675846099853512,41509300,0
2012-03-20,30.355456473812204,31.08485979861826,30.24638689067552,30.934890747070312,34796200,0
2012-03-21,31.037145187918288,31.132580757855408,30.58041707452658,30.75765419006348,27267900,1
2012-03-22,30.48497554235958,30.744014152833675,30.2736521070977,30.43725776672364,27457200,1
2012-03-23,30.30091422919945,30.84626198734409,30.29409591948457,30.784910202026367,30639300,0
2012-03-26,31.003066511334747,31.47342872619629,30.94853300546695,31.47342872619629,33529400,1
2012-03-27,31.303004364197754,31.691567584094088,31.241655150999023,31.282554626464844,33026400,0
2012-03-28,31.193939978884,31.56886923618388,30.92126722862256,31.54160118103028,29755800,1
2012-03-29,31.302993530664533,31.37116363355556,30.85989956377876,31.132572174072266,32262300,0
2012-03-30,31.41206697150538,31.44615072412389,31.016688159944497,31.343896865844727,25945800,0
2012-04-02,31.18711809096775,31.59612843559759,30.989428630879445,31.44615936279297,27669300,1
2012-04-03,31.38439317776577,31.55593008214973,30.85605919816972,31.16482353210449,31036400,0
2012-04-04,30.65709254766088,30.78059939584104,30.16306515494021,30.471832275390625,41342900,0
2012-04-05,30.27970338179384,30.69139101800924,30.06013629348613,30.42379379272461,28832300,0
2012-04-09,29.63472061436628,30.38262177247335,29.552383616600583,30.11502456665039,29376400,0
2012-04-10,30.10816309478632,30.19736041503494,29.271062027451595,29.47690582275391,38841000,0
2012-04-11,29.90918397528001,30.33459489643868,29.89546070460441,30.197364807128903,32142200,1
2012-04-12,30.27284131950725,30.869791812082617,30.19050431335577,30.7668685913086,33631100,0
2012-04-13,30.84235136229018,30.84235136229018,29.545532135134305,29.648452758789062,58183900,0
2012-04-16,29.765084598115784,30.0532653432034,29.394564253764173,29.73077774047852,40387600,0
2012-04-17,29.9778036817056,30.190510493371555,29.61414609743659,30.121896743774418,26887000,0
2012-04-18,29.929781409044708,30.128764999661254,29.68963060481609,29.70335388183593,20242900,0
2012-04-19,29.806258500904267,29.977795445213573,29.346540746529435,29.6553077697754,25961800,0
2012-04-20,29.85429159436266,29.90232435157949,29.30537384166642,29.312236785888672,26178100,1
2012-04-23,28.763312511167097,29.47690680152595,28.68097551380137,29.401430130004886,25536300,0
2012-04-24,29.490634060031653,29.71706410522536,29.373990182771603,29.69647789001465,21420400,1
2012-04-25,29.950343492511976,30.115017449123524,29.490623243960265,29.6141300201416,31694000,0
2012-04-26,29.655313542171083,30.115031386029823,29.54552998114164,30.05327796936035,28100300,0
2012-04-27,30.149331806965765,30.183641289121525,29.662167522727568,29.73764419555664,26242900,1
2012-04-30,29.73078247274413,29.75822639275493,29.188725136481136,29.490629196166992,23518000,0
2012-05-01,29.504363511807263,30.355188169405764,29.47691696407416,30.046421051025387,26359700,0
2012-05-02,29.81997782848721,29.868007957148784,29.39456699572226,29.641580581665043,22462200,0
2012-05-03,29.765080233537983,29.77194055708129,29.27791350372039,29.511203765869144,19536400,1
2012-05-04,29.044638284502977,29.284788972933075,28.619224754360808,28.646671295166016,31279900,1
2012-05-07,28.42710281754208,29.09266700366216,28.38593300834166,28.66725349426269,25910100,0
2012-05-08,28.47513064969049,28.708420981397843,28.097749923605456,28.392793655395508,28049700,1
2012-05-09,27.93993526308585,28.145779050197163,27.52824507141746,27.88504219055176,38769900,0
2012-05-10,28.28987383273784,28.406520321264644,27.81643278711369,27.95366287231445,35827100,0
2012-05-11,25.483526485662257,26.066753631487508,25.12672934899697,25.36001968383789,217294200,1
2012-05-14,24.769934135145373,25.023810701628605,24.53664378219484,24.55722999572754,96488500,0
2012-05-15,24.83168973536384,25.5727306693246,24.78365959528635,24.86599922180176,89903700,0
2012-05-16,25.24338084378532,25.373747997208973,24.33080291748047,24.33080291748047,68729600,0
2012-05-17,24.042622810364865,24.08379000879873,23.246691358803417,23.28099822998047,95429200,0
2012-05-18,23.32216749012424,23.32216749012424,22.622296341514136,22.979093551635746,82650100,0
2012-05-21,22.99967031401486,23.130037429609875,22.13512278022916,22.306659698486328,99554800,1
2012-05-22,22.8624430835732,23.726990724287145,22.63601568454067,23.33588409423828,84721000,1
2012-05-23,23.068285466962784,23.61720311598636,22.78696500824784,23.50741958618164,52512900,0
2012-05-24,23.63093077587599,23.65837731778918,23.068289753887008,23.308443069458008,37843800,0
2012-05-25,23.32902822921525,23.41822818768256,22.841863856145267,22.98595428466797,28796400,1
2012-05-29,23.31530020135,23.329023470426115,22.88988932977415,23.07514953613281,35855200,1
2012-05-30,22.848721188319185,22.94478146140928,22.608570505593946,22.61543083190918,34203600,1
2012-05-31,22.61543595382578,22.965372876417145,22.58112907958756,22.745805740356445,42124900,1
2012-06-01,22.238053531163786,22.402730180298043,21.798919290067804,21.9087028503418,50472200,1
2012-06-04,22.06651553605316,22.07337586312074,21.153938915448137,21.270584106445312,60492400,0
2012-06-05,21.19510443142512,22.045928827331505,21.174520835679708,21.94986724853516,46502800,1
2012-06-06,22.44389668205329,22.85558698337241,22.1419925550431,22.69091033935547,47980500,1
2012-06-07,23.171209597492023,23.21237940435661,22.505645449133592,22.512508392333984,53888800,1
2012-06-08,22.48506450815381,23.109458923339844,22.334111149280407,23.109458923339844,34238200,1
2012-06-11,23.582897622866685,23.630927756354414,22.49192258696009,22.51936912536621,46404900,1
2012-06-12,22.5605419838594,23.17807347683069,22.30666539543976,23.17121315002441,43334400,1
2012-06-13,23.116315803940587,24.06320039285941,23.075148615800096,23.53486633300781,72456600,1
2012-06-14,23.61034588172337,23.939696514258205,23.377055523163765,23.775022506713867,44428000,0
2012-06-15,23.939691090561304,24.06319787696135,23.610340532643043,24.03575134277344,40917100,1
2012-06-18,23.81618798832404,24.22101526915964,23.67209758771628,23.75443458557129,31084400,0
2012-06-19,24.00831031951046,24.447444449659216,23.829910443233857,24.27590751647949,32489000,0
2012-06-20,24.721906413680337,25.34630085793196,24.58467893643973,25.01008987426757,61149700,0
2012-06-21,25.03753371222989,25.40805152518242,24.310216121163705,24.365106582641605,95637000,0
2012-06-22,24.715041602174363,25.03753187355488,24.67387179600476,24.6944580078125,44193500,0
2012-06-25,24.193561878204672,24.337654855445884,23.768151122759047,24.234731674194336,33115800,1
2012-06-26,24.74248979462605,24.78365698610341,24.41313917557687,24.502336502075195,35053600,0
2012-06-27,24.454305129965007,25.2639596757112,24.358244864782563,25.236513137817383,34156800,1
2012-06-28,24.23473675033111,24.65328726950277,23.912246491143943,24.618980407714844,69904800,1
2012-06-29,25.181618182558925,25.25023189759456,24.18670360986953,24.516054153442383,56063200,0
2012-07-02,24.88657801373844,24.948331412976334,24.41999735670675,24.8934383392334,34274900,0
2012-07-03,24.87961077141373,25.00414741339165,24.58902703297928,24.824262619018555,26705900,0
2012-07-05,24.63745956990607,24.67205249774913,23.675761923804306,23.786460876464844,58519800,1
2012-07-06,23.468184568988992,23.606558834082524,23.33673046874841,23.454349517822266,32057200,0
2012-07-09,23.392082329224333,23.60655994288725,23.20527745846424,23.4958610534668,30545000,1
2012-07-10,23.67574937504472,23.83487887019704,23.392083294248,23.69650459289551,33175500,0
2012-07-11,23.668823287914336,24.077025852227862,23.606555010670945,23.931734085083008,35144300,0
2012-07-12,23.75186449482792,23.91791158003796,23.48203336263764,23.55122184753418,39301500,1
2012-07-13,24.25692492714384,25.04565506201366,24.11855061733307,24.955711364746094,83001000,0
2012-07-16,24.741234220108502,24.80350253553182,24.02860999636337,24.27768325805664,52368300,0
2012-07-17,24.51982342334618,24.547498802113363,23.71033838892643,24.208484649658207,43998300,0
2012-07-18,24.04245036092318,24.3745472002752,23.97326450911816,24.187742233276367,28944900,1
2012-07-19,24.2292482080571,24.333026955268817,23.73802194248555,23.841800689697266,34384700,1
2012-07-20,23.558128237190225,23.61347899893547,23.454349517822266,23.454349517822266,36301200,0
2012-07-23,22.99772050388817,23.86947404693208,22.90085665308768,23.82796096801757,41248300,1
2012-07-24,23.924825764961064,24.13930341632597,23.67575256016424,24.02860450744629,29920400,1
2012-07-25,24.20157844198472,24.526757731851227,24.07012427593721,24.333032608032223,32127700,1
2012-07-26,24.755067639420027,24.865766554459547,24.45064628287892,24.77582550048828,28900500,1
2012-07-27,24.9141991844738,25.737524906138063,24.568264717023744,25.523044586181644,63636200,0
2012-07-30,25.253212146148297,25.267049839379148,24.865764653494807,25.004138946533203,30698200,1
2012-07-31,24.983380228695754,25.13559219365561,24.84500595502949,24.90727424621582,19681600,1
2012-08-01,25.03872835460041,25.18402279354834,24.782737663843164,24.90727424621582,22180200,0
2012-08-02,24.644374200535168,24.79658623226348,24.04936641025641,24.333032608032223,36675000,1
2012-08-03,24.78273857659223,25.10791773579384,24.561340786280027,24.96954345703125,24516300,0
2012-08-06,25.073334823187928,25.46077979108184,24.98339111023932,25.114845275878903,18979200,1
2012-08-07,25.30165382043484,26.20108315971347,25.30165382043484,25.606075286865234,37225800,0
2012-08-08,25.495373767556444,25.931252013707194,25.42618791736725,25.70985412597656,18672400,0
2012-08-09,25.40542488145868,25.779032052626448,25.315481192441347,25.54379653930664,23406700,1
2012-08-10,25.43309566908656,25.599145340683304,25.18402512059644,25.57839012145996,15492700,1
2012-08-13,25.50921318692758,25.66142523474099,25.35700377838536,25.59223937988281,14453500,0
2012-08-14,25.889732796300628,26.04194479783917,25.58531143249392,25.6683349609375,18065100,0
2012-08-15,25.6475772857666,25.88281279325132,25.56455376526321,25.6475772857666,17521300,1
2012-08-16,25.723685739413472,25.841302184769344,25.46077482019336,25.6683349609375,15894100,1
2012-08-17,25.73752197521086,25.73752197521086,25.46077337705807,25.5853099822998,17079800,1
2012-08-20,25.54379160804716,25.945076728294225,25.46076810151213,25.855133056640625,17922100,1
2012-08-21,26.035027022199056,26.886025438634107,25.98659641112904,26.318693161010746,36880600,1
2012-08-22,26.20799379489577,26.415553930103226,25.98659596543845,26.173400878906254,16899400,1
2012-08-23,26.159561170252346,26.214909303719462,25.737520765576367,25.758275985717773,16429500,1
2012-08-24,25.55763303225913,25.90356743916758,25.37082813581616,25.71676254272461,20019300,1
2012-08-27,25.813626758455,25.90356780524783,25.529960646351984,25.758275985717773,17618200,1
2012-08-28,25.66833286888792,25.93816393306064,25.52996121251647,25.68909072875977,18050500,1
2012-08-29,25.820556526038224,25.93817565422891,25.64067170790533,25.806718826293945,13681900,1
2012-08-30,25.640659538467737,25.689090144951148,25.398503866780587,25.52996063232422,13700700,1
2012-08-31,25.696008682250977,25.87589606135105,25.502286248700333,25.696008682250977,16771600,1
2012-09-04,25.585320057575128,25.76520750899362,25.44694570400812,25.606075286865234,13631400,0
2012-09-05,25.65449769392471,25.799789515993016,25.55763383994235,25.67525291442871,13537500,0
2012-09-06,26.000435530069485,26.892944439592537,25.94508474908825,26.76840782165528,41346800,1
2012-09-07,27.010562103486937,27.34957638165153,26.98288671445748,27.19044685363769,28082400,1
2012-09-10,27.14201074581175,27.52253803045812,26.796076370811445,26.81683158874512,20853500,0
2012-09-11,26.844500653257395,27.418752847434508,26.796070063298988,27.397994995117184,22378900,1
2012-09-12,27.591723468591137,27.84771413907286,27.529455182336715,27.6193962097168,29882200,1
2012-09-13,27.564057056234617,28.767910102407043,27.391089831393607,28.643373489379883,47018600,1
2012-09-14,29.030812817508053,29.120756496175243,28.525748934525947,28.760984420776367,43471600,0
2012-09-17,28.36662325931857,28.671044607573968,28.33203034417345,28.498077392578125,19740100,0
2012-09-18,28.40122265080579,28.59494777048012,28.13139415616641,28.5465145111084,25186600,0
2012-09-19,28.5949387049842,28.89243986017052,28.39429612002155,28.601856231689453,22887200,1
2012-09-20,28.338948230211496,28.56034605706704,28.055282099598447,28.53959083557129,20997400,1
2012-09-21,28.73330721779801,28.850926273112613,28.207488149666705,28.283594131469727,28287400,1
2012-09-24,28.096793184757843,28.691800791865685,28.08295549165416,28.5257511138916,20499500,1
2012-09-25,28.74715342806229,28.74715342806229,28.041446804850803,28.055284500122067,21988200,1
2012-09-26,27.77854626399295,28.110643125362007,27.4672046316872,27.8408145904541,23782700,1
2012-09-27,27.95151634759952,28.35971927550245,27.820059512291017,28.14523887634277,20843400,1
2012-09-28,27.96534192350548,28.11063641005314,27.785457156296363,28.006855010986328,21380700,1
2012-10-01,28.283598855948654,28.712556796808947,28.228248082020787,28.34586715698242,21956400,0
2012-10-02,28.46348365685515,28.53267212442099,28.06220110205395,28.311271667480465,26946100,1
2012-10-03,28.457645259086263,28.576130377126606,28.17188140290244,28.478553771972656,22419100,1
2012-10-04,28.687638285886862,29.266131784288024,28.51339364064733,29.14764404296875,24326500,1
2012-10-05,29.300988157247488,29.579778070259373,28.896739194050195,29.07098388671875,22774400,1
2012-10-08,28.80612932962353,29.1615872768075,28.652793173429902,29.03613090515137,18631300,1
2012-10-09,29.11279988317305,29.23825625870724,28.78521905163792,28.840978622436523,19947500,0
2012-10-10,28.959460638839925,29.27310154428113,28.80612715299497,29.112796783447266,25797600,0
2012-10-11,29.53098469518175,29.719169249982645,29.168555477649942,29.342800140380856,27755000,0
2012-10-12,28.994313204315425,29.572806808461245,28.680674912563163,29.00825309753418,44564000,0
2012-10-15,29.21037919048324,29.558868564103303,29.08492280327898,29.53796005249023,26268000,0
2012-10-16,29.82371323705972,30.04674616368256,29.46128406660705,29.85159301757813,28588100,1
2012-10-17,29.921293983314413,30.34645138985023,29.809777504449496,30.193115234375,26177500,0
2012-10-18,30.032817993440982,30.21403132000297,29.795845084082547,29.97705841064453,23630400,1
2012-10-19,29.830681280488385,29.844621170480146,29.31491864460412,29.496131896972656,29747500,0
2012-10-22,29.447341419301207,29.63552593203812,28.924607547952665,29.335824966430664,27993000,1
2012-10-23,28.90371369834965,29.09189830649788,28.6109811994202,28.806137084960938,22896400,1
2012-10-24,29.050075374402688,29.18947166029013,28.81310248602293,29.07098388671875,18918900,1
2012-10-25,29.440372917475543,29.468250036728968,28.85491087296216,29.043092727661133,17311700,0
2012-10-26,28.868867858823748,29.036143982624942,28.48552995445225,28.68765449523925,21892700,0
2012-10-31,28.889749866880145,29.126722585388453,28.680656917316604,29.0500545501709,19423500,0
2012-11-01,29.06401102697841,29.900385961471247,28.980374331157915,29.858566284179688,23325400,0
2012-11-02,29.997960801942536,30.01886930998881,29.50310661392271,29.565832138061523,17029200,0
2012-11-05,29.50310812915124,29.524016638271327,29.17552730620252,29.46128845214844,13252500,0
2012-11-06,29.670389229359444,30.00493875602524,29.55887272047085,29.886453628540043,17190900,0
2012-11-07,29.280072013340696,29.280072013340696,28.095210431437778,28.213695526123047,47631200,0
2012-11-08,28.771271443220943,28.92460756303362,28.15793228149414,28.15793228149414,27830900,1
2012-11-09,28.095209990267712,28.736429064110432,27.78156906990442,28.31127166748047,27553200,0
2012-11-12,28.47157958885508,28.513399269122093,28.088241825410623,28.283397674560547,12816000,1
2012-11-13,28.00460479228119,28.241577660131384,27.879148411727392,27.907028198242188,19793500,1
2012-11-14,28.02550975119419,28.13702622435843,27.27277422202619,27.38429069519043,30986600,1
2012-11-15,27.223991236116635,27.683997109902187,27.161263041565743,27.45399284362793,24858700,1
2012-11-16,27.481866466303384,27.649139841734897,27.063680368962235,27.551563262939453,32458000,0
2012-11-19,27.941877756914284,28.36703521316803,27.941877756914284,28.290367126464844,26781200,1
2012-11-20,28.10914974581416,28.70158052458952,28.053390178570005,28.36703109741211,19375900,1
2012-11-21,28.534311996941035,28.56219178790605,28.12309438587833,28.38794708251953,13030200,0
2012-11-23,28.64582550544806,28.729464869593723,28.55522018243464,28.638856887817383,8316700,1
2012-11-26,28.429753061643986,28.492481231689453,27.941867590041667,28.492481231689453,20376600,1
2012-11-27,28.4855207845744,28.71552504841406,28.325215991032938,28.40188407897949,19875000,1
2012-11-28,28.22066873717572,28.492490004815288,27.7955113047086,28.457641601562504,26106900,1
2012-11-29,28.68067908798077,28.820072722936104,28.51340300376595,28.72946739196777,18915000,1
2012-11-30,28.569155437673235,28.813096896581904,28.47157619534727,28.63188362121582,20066600,1
2012-12-03,28.764312272850425,28.83400908177999,28.40188301713847,28.443702697753903,18955500,1
2012-12-04,28.42279887655342,28.5203754977876,28.018552494474168,28.27643394470215,24031100,1
2012-12-05,28.36005084032279,28.91763570112376,28.22762589820148,28.715511322021488,25515600,1
2012-12-06,28.75037892857695,28.959472061759367,28.65280231034272,28.903715133666992,20541700,1
2012-12-07,29.16159036897753,29.67038452630548,29.08492228275117,29.66341590881348,34552900,1
2012-12-10,29.64947294043549,29.740078252250143,29.280072441357124,29.48916816711425,22394500,0
2012-12-11,29.691287926655907,30.0328086177597,29.565831563292264,29.719167709350582,21955000,1
2012-12-12,29.970088742326347,30.23494143380524,29.76099563169065,29.809783935546875,23110600,1
2012-12-13,29.72615185729776,29.9143338250729,29.62160395629952,29.81675720214844,18457000,0
2012-12-14,29.80978004902872,30.046752919190133,29.76796036884866,29.83765983581543,16208600,1
2012-12-17,29.970090290235472,30.325548330798696,29.83766526703805,30.30463981628418,23879800,1
2012-12-18,30.54858275268985,30.62524818901651,30.186153449659912,30.576459884643555,33858600,1
2012-12-19,30.66009549751546,30.93888539421192,30.262815175418943,30.3394832611084,34348500,1
2012-12-20,30.451008014879687,31.04344169130582,30.255854768358105,31.036470413208008,25014900,1
2012-12-21,30.541600682227,30.80645328291212,30.207051288143703,30.66705703735352,38973500,0
2012-12-24,30.47189262804612,30.680985589733314,30.464921356025165,30.61128616333008,8621200,1
2012-12-26,30.632220148026725,30.79252496007281,30.47191533598064,30.63918876647949,11498900,1
2012-12-27,30.6391716539234,30.68099131757266,29.90037620745204,30.40917015075684,19567000,1
2012-12-28,30.039786073043143,30.451003683119044,30.03281745470021,30.137365341186523,15401200,1
2012-12-31,30.039767930858947,30.66704955341062,30.004919542664208,30.646141052246094,24209600,1
2013-01-02,31.5654655488754,31.57950120398713,31.03212403976682,31.34090042114257,31413000,0
2013-01-03,31.39704411989761,31.40406060918071,31.018089449948253,31.27774238586425,24227700,0
2013-01-04,31.19353981459272,31.88127106800857,31.186520646327683,31.8321475982666,24487700,1
2013-01-07,31.64266051778984,31.92336826778211,31.593537063095315,31.867225646972653,24456900,1
2013-01-08,31.860209988785144,31.93038558959961,31.551430920335328,31.93038558959961,19624200,1
2013-01-09,31.97248182900057,32.42161194838863,31.677738515010493,31.90932273864746,25920600,1
2013-01-10,32.20407858889052,32.39355594945939,31.951442108132024,32.38653945922852,23413600,1
2013-01-11,32.2602213426814,32.38653958354552,31.90933793517615,32.379520416259766,19723900,1
2013-01-14,32.20407230551227,32.40758528386315,31.91634807568177,32.19705581665039,19079500,1
2013-01-15,31.92337260744661,32.61110374368762,31.82512300767401,32.52688980102539,29898000,1
2013-01-16,32.21811605737682,32.86374295305376,31.979515220696136,32.85672378540039,43453600,1
2013-01-17,32.56197348292606,32.89180198654951,32.48477872345227,32.59004211425781,41086800,1
2013-01-18,32.54794787257504,32.702334762136864,32.40759396449581,32.604087829589844,28679100,1
2013-01-22,32.456708125337805,32.66723758858317,32.37249687544513,32.66022109985352,24257300,1
2013-01-23,32.44268035888672,32.59005075128702,32.22513167699007,32.44268035888672,19105100,0
2013-01-24,32.449703928480965,32.8426916948612,32.33742132708255,32.54093170166016,20008200,0
2013-01-25,32.80057332747956,33.095314025878906,32.709342916391904,33.095314025878906,26009100,1
2013-01-28,32.87075013677096,32.98303269418069,32.61811371334222,32.73039627075195,19706800,1
2013-01-29,32.47777634705298,33.095332065057875,32.456724193414544,33.0672607421875,19907400,1
2013-01-30,33.01110922521537,33.22865520878508,32.954966599114954,33.07426834106445,18631300,1
2013-01-31,32.99004850398008,33.13742153263255,32.89882076841816,33.01811981201172,19536000,1
2013-02-01,33.26373977719401,33.68479869000821,33.13040240241527,33.579532623291016,24520000,1
2013-02-04,33.36199629558802,33.551473664082906,33.24971370800157,33.460243225097656,20822600,0
2013-02-05,33.64270474102084,34.2462247126513,33.63568824980509,34.23920822143555,28067500,0
2013-02-06,33.97952051789386,34.2672472501512,33.90934496374989,34.11285781860352,28282600,1
2013-02-07,34.14095391069623,34.21112951581502,33.61462884122216,33.84621047973633,21429600,1
2013-02-08,33.916393088183106,34.16902690505278,33.867266945900255,34.126922607421875,15218300,1
2013-02-11,34.04271362284285,34.316404982498874,33.951485846652645,34.147979736328125,13935900,1
2013-02-12,34.24620912731448,34.604111588088735,34.10585527361922,34.48480987548828,16388000,1
2013-02-13,34.63217722475306,34.702355484050365,34.03567674437375,34.16199493408203,21635600,1
2013-02-14,33.96551366628707,34.59008568031744,33.94445884223325,34.54096221923828,18017800,0
2013-02-15,34.63217754270759,34.7093722901299,34.08480050029754,34.30234909057617,20016200,1
2013-02-19,34.47078156575829,34.86377190441868,34.47078156575829,34.70236587524414,20445900,0
2013-02-20,34.6321633441308,34.76550064484046,33.937416256217794,34.11285781860352,24786700,0
2013-02-21,33.97253114813692,34.00060246300967,33.5655077905937,33.86024856567383,24437700,1
2013-02-22,34.126923795713246,34.32341766357422,33.97253422694924,34.32341766357422,23584100,0
2013-02-25,34.45674157444086,34.52691984592254,33.43918206971619,33.47426986694336,32775500,1
2013-02-26,33.83918812415054,33.867256755115825,32.87776590310986,33.404090881347656,39401400,0
2013-02-27,33.57953464924721,34.66727514752726,33.51637554081177,34.58306121826172,31921200,0
2013-02-28,34.49884661288737,34.77253516383047,34.21112240843088,34.330421447753906,24711500,1
2013-03-01,34.10586896913659,34.681317591039296,33.94446290953248,34.32341766357422,25923400,0
2013-03-04,34.1970959948156,34.48482027701386,33.91639087978417,34.456748962402344,17695200,0
2013-03-05,34.73043441772461,35.16552901284668,34.60411620026539,34.73043441772461,25561100,0
2013-03-06,35.004123047407795,35.221669006771215,34.82166220991158,35.1093864440918,19607900,1
2013-03-07,35.12341916996552,35.69185110195407,35.09534786237978,35.53044509887695,24245400,0
2013-03-08,35.50237970304084,35.68483787867603,34.81464861483485,35.22869110107422,32711900,1
2013-03-11,35.24973687346854,35.6286914893802,35.02517177004545,35.42517852783203,19473000,0
2013-03-12,35.3339439999751,35.558509077226084,35.12341457468066,35.284820556640625,18003400,1
2013-03-13,35.2918529921037,35.39009991571693,35.165534754021586,35.20062255859375,16680200,1
2013-03-14,35.26377509622013,35.79010009765625,35.22166813237538,35.79010009765625,26378700,0
2013-03-15,35.06729484831793,35.29186005495481,34.491846171682354,35.10238265991211,60880800,1
2013-03-18,34.51990355557313,34.84973476644176,34.351481044043126,34.744468688964844,28011400,1
2013-03-19,34.842719701613895,35.08132050022517,34.16200510736426,34.52692413330078,24411500,1
2013-03-20,34.786571118464906,34.8356945676734,34.41463566673572,34.47077560424805,19385300,0
2013-03-21,34.23919129388215,34.54796761825685,33.93041229248047,33.93041229248047,23535900,0
2013-03-22,34.126910535806914,34.386563428454174,33.923397579151995,34.232173919677734,22791500,1
2013-03-25,34.414647482267185,34.611141346563095,33.79709189544387,34.04972839355469,23581400,0
2013-03-26,34.204119946736526,34.36552601278969,33.909376456140286,34.133941650390625,16417500,0
2013-03-27,33.82516313118531,33.902357913981504,33.3760327698563,33.52340316772461,26530100,1
2013-03-28,33.5725231106063,33.635682228354575,33.17953274716946,33.305850982666016,27506700,0
2013-04-01,33.369009464954935,33.67778855785647,33.32690517194312,33.56550598144531,17442200,1
2013-04-02,33.691824513509715,33.95148016948101,33.60059675257409,33.88130187988281,17273700,0
2013-04-03,33.91661009976585,33.94485693487007,32.85737802725582,33.08334732055664,33467400,0
2013-04-04,33.16101837645657,33.57058932519925,33.118650825735564,33.535282135009766,21514000,1
2013-04-05,33.040959907909375,33.92365277127243,33.012713089778195,33.83185195922852,22961500,1
2013-04-08,33.81067638438608,34.312045405747725,33.60589094396552,34.30498504638672,18672300,1
2013-04-09,34.41796914430758,34.573321291845204,34.22024406616762,34.3755989074707,20066700,0
2013-04-10,34.55920163071378,34.99701937758701,34.51683408304368,34.77811050415039,20388900,0
2013-04-11,34.7498708923508,35.02527078445637,34.48153405550073,34.82048797607422,22584700,0
2013-04-12,34.53096401345204,35.011149398614755,34.21319387712874,34.608638763427734,37805900,1
2013-04-15,34.17082353882619,34.84167100403816,33.82480926421448,33.84599304199219,31527300,1
2013-04-16,34.199058141075376,34.262612145445885,33.60588833153905,34.24142837524414,23865500,0
2013-04-17,33.9730974995965,34.022528105022296,32.75145039136499,33.04097366333008,43466300,1
2013-04-18,33.048035595525434,33.4222993749609,32.51841963183507,32.93505096435547,26106800,1
2013-04-19,33.295178364816046,33.44347013040862,32.977408371571215,33.35166931152344,19746100,1
2013-04-22,33.47173032696252,33.5352843510096,33.0974665436781,33.43642044067383,15230100,1
2013-04-23,33.6694543233531,34.06490190175821,33.464668825941544,34.01546859741211,20568500,0
2013-04-24,34.1213952245262,34.54508697119216,34.008410579164185,34.40385818481445,16459300,1
2013-04-25,34.61571644002106,35.046471396344714,34.52391554102567,34.601593017578125,19058800,1
2013-04-26,34.50270321887646,34.665118401994086,34.32616462499664,34.51682662963867,13929000,1
2013-04-29,34.658065588281985,34.67218630835299,34.35441892520599,34.54507827758789,13496300,1
2013-04-30,34.57333156911764,34.77811706738891,34.40385595892272,34.608638763427734,13802600,1
2013-05-01,34.43210865069467,34.5380329537017,33.78950785707709,33.90249252319336,17686400,1
2013-05-02,34.071960734484705,34.071960734484705,33.690636589605255,33.9519157409668,15529300,0
2013-05-03,34.340298829905294,34.3897294362279,33.17514266655016,33.591773986816406,43257900,1
2013-05-06,33.69064362561486,34.17082908750146,33.5917823882441,34.02253723144531,20829500,1
2013-05-07,34.29792397278488,34.876970449365054,34.07901510724237,34.70043182373047,24291600,1
2013-05-08,34.75693081562084,35.30067018934583,34.67925337740783,35.13825225830078,23559300,1
2013-05-09,35.0958836994943,35.17356113548039,34.54508128694112,34.62982177734375,18103100,1
2013-05-10,34.63687248465171,34.76398049106451,34.34734929088151,34.57331848144531,16199600,1
2013-05-13,34.4885887050387,35.09588205564951,34.32617348002328,35.0746955871582,23979500,1
2013-05-14,35.14531948081674,35.60431841614254,35.067642033391934,35.470149993896484,24188400,1
2013-05-15,35.44896119615045,36.31753102446424,35.413654005165206,36.07743835449219,27467000,0
2013-05-16,35.92207398297543,36.47993661183435,35.90089021273898,35.99269104003906,21389500,1
2013-05-17,36.19747960176109,36.953067418342165,36.1904192418001,36.93188095092773,26080300,1
2013-05-20,36.91776452062083,37.16492026625928,36.65648805238931,36.9248275756836,22020000,1
2013-05-21,37.0942945460766,37.89931023472407,37.03780358756103,37.440311431884766,37112600,1
2013-05-22,37.72983940712974,38.81025505201574,37.63097819697886,37.871070861816406,46968300,0
2013-05-23,37.29909772118712,37.98406876491512,37.186113056694886,37.67335891723633,25294200,1
2013-05-24,37.35558135189594,37.89225769042969,37.228473301812606,37.89225769042969,18342300,0
2013-05-28,38.52778614388527,38.59134014946712,38.15352246934096,38.5560302734375,27162300,0
2013-05-29,38.19590050332924,38.81025422021832,38.06879246621207,38.60546875,20482600,1
2013-05-30,38.5560470798581,39.47405038147522,38.50661646438844,39.27632522583008,24890800,0
2013-05-31,39.33986923800919,39.42460972331383,38.54897689819336,38.54897689819336,24990100,0
2013-06-03,38.55602248610729,38.73962410682326,37.45442353687066,38.47834777832031,28279600,0
2013-06-04,38.51366838750701,39.11389865543256,38.04054345564373,38.16059112548828,22022600,1
2013-06-05,37.9769960511328,38.32301301339695,37.21435043318187,37.44738006591797,24326000,0
2013-06-06,37.31320825531653,37.79339358702418,36.91070035870364,37.77927017211914,23940900,0
2013-06-07,37.96993975904652,38.47130896560959,37.71572362789722,38.32301712036133,21691000,0
2013-06-10,38.58428859673243,38.72552006164867,38.146473479881614,38.386566162109375,16007000,1
2013-06-11,37.75102269860119,38.167654003014974,37.50386967639212,37.77220916748047,17600800,1
2013-06-12,38.061750416749376,38.20297924258625,37.40502614029261,37.55331802368164,18479100,1
2013-06-13,37.42618852788032,38.30182129378949,37.405004754869545,38.25238800048828,17090200,0
2013-06-14,38.16059449282933,38.22414851335142,37.36263905599996,37.51799392700195,17185300,1
2013-06-17,37.920491421236704,38.31593615708154,37.80750682617172,38.02641296386719,16856600,0
2013-06-18,38.15353212641923,38.32301041545606,37.93462592471393,38.21002578735352,13259100,1
2013-06-19,38.12529260996721,38.49249067547522,37.79339904617251,37.81458282470703,20840000,1
2013-06-20,37.48269254159944,37.55330693366445,36.91070626831378,37.05899810791016,31857100,1
2013-06-21,37.397950006465685,37.41207342286452,36.501133268386106,36.69179534912109,44412200,1
2013-06-24,35.929138072273304,36.33164588097159,35.38539883913792,35.95738220214844,30736500,1
2013-06-25,36.37402441013009,37.11548893895698,36.37402441013009,36.77653503417969,20951400,0
2013-06-26,37.17904439502883,37.28496597910389,36.6353049767248,37.0731201171875,19332000,1
2013-06-27,37.44737544957968,37.772208594396496,37.34145388185394,37.5321159362793,17093600,1
2013-06-28,37.51093030501158,37.51799335927714,37.12960888141519,37.27790069580078,18256000,1
2013-07-01,37.58154008539829,37.87106329748216,37.02367743238425,37.06604766845703,23511100,1
2013-07-02,37.39325843609485,38.07610975952057,37.07317103029843,37.55685806274414,23935300,1
2013-07-03,37.2083118401699,37.56396382701125,37.13717981475603,37.5355110168457,10442300,0
2013-07-05,37.955194074008986,38.41042834618854,37.77736801685071,38.403316497802734,17070200,1
2013-07-08,38.79452047951922,39.05770219751434,38.44598032859915,38.908329010009766,21786900,1
2013-07-09,39.17151104173984,39.24264035633759,38.54556276232376,39.04347610473633,20508700,1
2013-07-10,38.95811805747354,39.22841432093652,38.72338644918507,39.00079727172852,16915000,1
2013-07-11,39.71922310021657,39.740561356025495,38.80164011269324,39.221309661865234,21322600,1
2013-07-12,39.48448202393057,39.72632548130611,38.94389220277839,39.100379943847656,32569200,1
2013-07-15,39.47026013255114,39.47737197864715,38.83719729362964,39.04347610473633,28292000,0
2013-07-16,39.050600220306336,39.41336415498186,38.96524176580967,39.12884140014648,19222700,0
2013-07-17,39.1572825543029,39.5342754991742,39.007909373543534,39.31377029418945,19166600,0
2013-07-18,39.484492289477245,40.21002285023408,39.47026859423593,40.0962142944336,24563100,0
2013-07-19,40.19579756845581,40.23136494778621,39.76901615059185,39.94684219360352,17762600,0
2013-07-22,39.95395808412249,40.3096102061321,39.79747299555731,40.23136901855469,15999700,1
2013-07-23,40.34516820473437,40.466088595654455,40.16734218509208,40.309600830078125,10577100,0
2013-07-24,40.48741927045525,40.494533829418536,40.103317202123385,40.28114318847656,16665000,0
2013-07-25,40.153117893032416,40.18868255615234,39.75478661122353,40.18868255615234,13870200,0
2013-07-26,39.87570205319815,39.98951058134068,39.5485001605552,39.86858749389648,16762300,0
2013-07-29,39.818793284742,39.83301968881139,39.39201201629696,39.61251449584961,10049100,0
2013-07-30,39.74055890450779,39.82591734929782,39.17863073339392,39.3564567565918,14207400,0
2013-07-31,39.53428577289513,40.02508465725171,39.48449198629289,39.6409797668457,19404900,0
2013-08-01,40.08909001421976,40.38783636301884,39.97528149371405,40.21712493896485,15979400,0
2013-08-02,40.025076582073744,40.20290258285775,39.84013602174909,40.18156433105469,11007300,0
2013-08-05,40.06775038823495,40.24557636500487,39.84013064163311,39.90414810180664,9370200,0
2013-08-06,39.825920322458295,39.90416149924216,39.34223328617815,39.47026824951172,10588600,1
2013-08-07,39.16439827431092,39.45603279875617,38.96523131398559,39.33510971069336,12828400,1
2013-08-08,39.42046400156075,39.64096920509756,38.50288395905752,39.00079727172852,18587100,0
2013-08-09,38.901212882642206,39.22841476884782,38.64514573441636,38.78029251098633,12652500,0
2013-08-12,38.43886161886768,38.63802583331077,38.18279179263577,38.47442626953125,15133000,1
2013-08-13,38.56691195991856,38.90833762700543,38.12590143236426,38.61670303344727,15078100,0
2013-08-14,38.64514766916116,39.01502336180806,38.41041604644082,38.5171127319336,15785800,0
2013-08-15,38.06898746015088,38.18279598280896,37.62086521506817,37.90538787841797,16933200,0
2013-08-16,37.74890014223466,38.2539252919418,37.74890014223466,37.90538787841797,17139000,0
2013-08-19,37.62086661199388,37.66354582710386,36.845545174656365,36.866886138916016,22793300,0
2013-08-20,36.831329990465775,37.24388772198876,36.03467005957157,37.07317352294922,18701500,0
2013-08-21,36.93090072235279,37.14429408351622,36.475666616901485,36.72462463378906,17136200,1
2013-08-22,36.98781094240194,37.45727151121143,36.93801987551379,37.137184143066406,14658500,1
2013-08-23,37.17986655018315,37.286560539770406,36.91668478644275,37.215431213378906,11126800,1
2013-08-26,37.10162043821873,37.37191674643524,36.83843869026065,36.845550537109375,16548400,0
2013-08-27,36.29071905982911,36.66770919367746,35.956405416056526,35.99197006225586,23596800,0
2013-08-28,35.79992670994827,36.3120636745541,35.65766538678757,35.977752685546875,18748100,0
2013-08-29,35.98487029032739,36.40453976844781,35.885288162198734,36.063114166259766,13576000,1
2013-08-30,36.1484670627438,36.15558162185941,35.77147683189461,35.94218826293945,15863100,1
2013-09-03,36.4543284950419,36.78864222953131,36.15558212981168,36.36897277832031,15277200,0
2013-09-04,36.39031474630104,37.058939570168405,36.226715141952944,36.89533996582031,19923800,1
2013-09-05,37.00915728784031,37.357697545675165,36.92380154214186,37.066062927246094,13913200,1
2013-09-06,37.2794460353208,37.49283671269529,36.47567168002024,37.38614273071289,22339900,0
2013-09-09,37.54262745376462,37.8342620101021,37.35768959189119,37.59953308105469,19936400,0
2013-09-10,38.2894971319282,38.360626449368574,37.91250415194755,38.17568588256836,20233200,0
2013-09-11,37.9622961557767,38.23970429942875,37.74179363821204,37.88405227661133,16028600,0
2013-09-12,38.00497047316934,38.20413471196629,37.04471122078776,37.15851974487305,21976700,0
2013-09-13,37.1940990490819,37.5568630145409,37.151419818211885,37.40748977661133,11942900,0
2013-09-16,38.01920750415284,38.047660321478986,37.68489368409566,37.79870223999024,17055300,0
2013-09-17,37.83426332586215,37.92673361671952,37.61376079596885,37.76313400268555,13207000,0
2013-09-18,37.478602046175695,38.31794087716271,37.386134491517645,37.99074172973633,20844500,0
2013-09-19,38.14724980401961,38.23260555900104,37.36481345755653,37.52130126953125,22452200,0
2013-09-20,37.663554769146266,38.03343324768769,37.55685806274414,37.55685806274414,30792200,0
2013-09-23,37.04471683172404,37.258107507528784,36.55391529262249,36.60370635986328,28189500,0
2013-09-24,36.28361493292977,36.46855548778455,35.77858975685829,35.792816162109375,34906900,0
2013-09-25,35.72168085651472,36.91667156303817,35.60787234700815,36.774410247802734,39175500,1
2013-09-26,36.93802160143225,37.38614393777366,36.66061344054796,36.90956878662109,22298700,1
2013-09-27,36.632153625097786,37.27232826895834,36.55390975602492,37.15851974487305,23026000,1
2013-09-30,36.79575627854417,37.05182615745085,36.58947746349051,36.76730346679688,21350600,1
2013-10-01,36.731744924969696,37.05183232690036,36.59659811678116,36.9593620300293,19188000,1
2013-10-02,36.77304778302062,37.58274348683523,36.75155233190846,37.32478713989258,23841200,1
2013-10-03,37.26030550335093,37.403614917351454,36.90203333504948,37.21731185913086,18614500,1
2013-10-04,37.3104463913535,37.7475386749065,37.2674527667193,37.74037170410156,17407200,0
2013-10-07,37.468110005122576,37.51826789802902,37.13850021362305,37.13850021362305,16159300,1
2013-10-08,37.13850355626956,37.231652375251,36.42912328311622,36.45061874389648,19536000,1
2013-10-09,36.66557517028047,36.7873891381013,36.00635564268516,36.364627838134766,24721200,1
2013-10-10,37.14564998244934,37.66156266093029,36.816040319375,37.63290023803711,24328700,1
2013-10-11,37.94819707563741,38.227649000743206,37.37496200703572,37.62575149536133,32498800,1
2013-10-14,37.21732241850346,37.86221359777577,37.088344182649,37.76906204223633,18881600,0
2013-10-15,37.912366522659774,38.005518065977405,37.3892894051687,37.48244094848633,17566500,0
2013-10-16,37.69740496182931,38.72922801344976,37.675909502441456,38.69340133666992,24864000,1
2013-10-17,38.54292472812835,38.90119693552854,38.41394651479228,38.8438720703125,17791000,0
2013-10-18,38.8796894724207,39.10898614520261,38.5500797762332,38.90835189819336,24796600,0
2013-10-21,38.886863708496094,39.30245802622311,38.61457607959916,38.886863708496094,19471700,0
2013-10-22,39.15914302763324,39.180638479716336,38.42110061645508,38.42110061645508,24820900,0
2013-10-23,38.198991616574055,38.234818298024265,37.77623021530023,37.79772567749024,21034400,1
2013-10-24,37.86220445630277,37.898031127967776,37.33912739647416,37.604248046875,17759000,1
2013-10-25,37.37495355586371,37.91236182367237,37.31046445439068,37.81204605102539,20889600,0
2013-10-28,37.89803225927477,38.0413416836126,37.61858038518594,37.74755859375,14836800,1
2013-10-29,37.85504995502947,37.96969697389484,37.439452803267166,37.78339385986328,23363100,1
2013-10-30,37.97685399731695,38.14882585962345,37.61858178979509,37.69023513793945,16157200,0
2013-10-31,37.72605920554215,37.769050114983685,36.930694580078125,36.930694580078125,23738000,1
2013-11-01,36.86621605448924,37.76906094586185,36.758733283263744,37.62575149536133,25794400,1
2013-11-04,37.79055257011538,37.804881052614,37.26030851546851,37.288970947265625,18891300,1
2013-11-05,37.15281598526368,37.35345022164178,37.01667357015648,37.22447204589844,14532200,1
2013-11-06,37.4466019286363,37.50392678162682,37.13849041071026,37.33195495605469,14013000,1
2013-11-07,37.35346248817119,37.5039361648195,36.959363592158894,37.009521484375,17348900,1
2013-11-08,37.138510989812126,38.67191612280269,37.11701279132844,38.66474914550781,31183100,1
2013-11-11,38.62891033694128,38.80088220383889,38.47843666178093,38.76505279541016,12062800,1
2013-11-12,38.64322402371112,38.750706733439216,38.40676315566886,38.6718864440918,15964800,1
2013-11-13,38.34945586205293,38.83670626314552,38.084335204617226,38.7937126159668,22121900,1
2013-11-14,38.87970390298146,39.05167578804701,38.47844072682915,38.98002243041992,17634000,1
2013-11-15,38.88686974904794,39.3812844624721,38.82954487789136,39.31679534912109,20530100,0
2013-11-18,39.76104565158264,40.126482053300776,39.62490048095459,39.94018173217773,22318800,1
2013-11-19,40.104973414303046,40.58505664044463,39.96882828843102,40.23395156860352,22979900,1
2013-11-20,40.43459247716183,40.441756717007024,39.96167337879617,40.1981315612793,17682800,0
2013-11-21,40.3271141502323,41.1296457705173,40.3271141502323,41.00066757202149,22843600,0
2013-11-22,41.02217188258699,41.21563922209369,40.886029414075,41.172645568847656,16730600,0
2013-11-25,41.20130173480384,41.65988969937768,41.13681263144815,41.30878448486328,18649600,0
2013-11-26,41.29445241978427,41.53091063829078,40.964839935302734,40.964839935302734,16263300,0
2013-11-27,41.25862201225971,41.43775808685257,41.079485937666846,41.18696594238281,11238900,0
2013-11-29,41.25862396901312,41.452088533357134,40.986336357366426,41.00066757202149,7128800,0
2013-12-02,40.91466647130306,41.3804212234547,40.7713598399322,40.82868194580078,12465300,0
2013-12-03,40.764201751538224,41.00066266494681,40.22679356659075,40.742706298828125,20426800,1
2013-12-04,40.44176347258845,41.17980603630232,40.27695859462512,40.97917175292969,20287200,0
2013-12-05,40.63522146775232,40.6567196527504,39.94733968259696,39.99749755859375,21324900,1
2013-12-06,40.53491195585308,40.67105439260275,39.85419430530539,40.16947555541992,18661200,1
2013-12-09,40.32711559684592,40.50625168636055,40.19097315283873,40.491920471191406,12714000,1
2013-12-10,40.47759715292739,40.89319151224853,40.37727863394628,40.62807083129883,14543700,1
2013-12-11,40.51342779992428,40.67823271144752,40.09783066646536,40.17665100097656,17836100,1
2013-12-12,40.1623106754329,40.55640952522327,40.06199490276624,40.34861373901367,15325300,1
2013-12-13,40.39160807529238,40.52775326408161,40.1551498387322,40.24829864501953,11461300,0
2013-12-16,40.370103265731,40.80002872355755,40.36293902590696,40.42742538452149,26379200,1
2013-12-17,40.599396704337565,40.599396704337565,39.88285246124413,39.92584609985352,18338500,0
2013-12-18,40.01182505205719,41.03648339515768,39.69654661317972,41.01498794555664,27685900,1
2013-12-19,40.914664821343685,41.22994595780237,40.714033358796286,41.00781631469727,16790000,0
2013-12-20,40.99350794777899,41.55957872784674,40.98634370586683,41.3446159362793,22001700,1
2013-12-23,41.53808098752026,41.839028332507205,41.4162670145017,41.73154830932617,13990600,1
2013-12-24,41.6097302940862,41.76737092618426,41.5882348382182,41.73870849609375,4532600,0
2013-12-26,41.81037234321205,41.88919267906552,41.502257975821486,41.7028923034668,6677000,0
2013-12-27,41.68138467759661,41.81036288282753,41.60256709297758,41.659889221191406,8943700,0
2013-12-30,41.65988510857413,41.753036632800615,41.35177084131694,41.52374267578125,8815800,0
2013-12-31,41.70288331107787,41.953672749806216,41.59540056110864,41.90351486206055,11017400,0
2014-01-02,42.05497386030106,42.19200673787872,41.80975524955118,41.98284912109375,15627600,0
2014-01-03,42.04055269824657,42.51656501477018,41.98285290168481,42.30740737915039,14214100,0
2014-01-06,42.66801675944539,42.89159931227076,42.430012010817286,42.55261993408203,17550700,0
2014-01-07,42.76178594844781,42.862757846586064,41.910733162314095,42.06219100952149,17851200,0
2014-01-08,42.22085374508257,42.48770838369943,42.04775713410467,42.45885848999024,14687400,0
2014-01-09,42.53819972994959,42.55262467863804,42.069401278324406,42.3795280456543,13242500,0
2014-01-10,42.31461823329344,42.37952912841105,41.96121661086912,42.18479919433594,12694900,1
2014-01-13,42.19920824533873,42.31460505056614,41.49240246941124,41.615013122558594,20711600,0
2014-01-14,42.04776268218168,42.24970921351503,41.51405333452661,41.64387512207031,30272400,0
2014-01-15,41.63666078450132,43.02142558499311,41.63666078450132,42.906028747558594,35186600,0
2014-01-16,42.40115582872318,43.14402260988063,42.36509484200933,42.54540252685547,21689400,0
2014-01-17,42.70406969121815,42.71849463557556,41.85301723306839,41.91071701049805,20997900,0
2014-01-21,41.896305335943886,42.14873506395859,41.52847876779708,41.95400238037109,19548300,0
2014-01-22,42.06939855472916,42.06939855472916,41.41307581264481,41.53568649291992,15433500,0
2014-01-23,41.17507146792388,41.18228256623512,40.54038751671265,40.727909088134766,26234600,1
2014-01-24,40.38892490004336,40.64856842889085,39.73260498046875,39.73260498046875,26833100,1
2014-01-27,39.72539388301284,40.24467818943064,39.44411155924329,39.73260498046875,23935000,1
2014-01-28,39.9489797312407,40.63414964713754,39.84079674532704,40.20141220092773,18041000,0
2014-01-29,39.63884826696177,40.29516825377775,39.55951243043279,40.049949645996094,25459000,0
2014-01-30,40.43941339893926,40.67020705003545,40.12207281650132,40.3889274597168,17031100,1
2014-01-31,40.02830569423493,40.4682568817092,39.79751207970366,39.92733383178711,18174000,1
2014-02-03,40.02830366928072,40.33121924130026,39.09070431376914,39.170040130615234,28549900,1
2014-02-04,39.46573960537489,39.92011290582884,39.3791899518134,39.631622314453125,20709300,1
2014-02-05,39.73982080888286,39.99225327032609,39.3647831684302,39.81915664672852,19491600,1
2014-02-06,39.92012721934114,40.78560480634138,39.811944240514485,40.7351188659668,20881600,1
2014-02-07,40.85773651776607,41.05968031373546,40.57645412173715,40.83609771728516,23388500,1
2014-02-10,40.94426635021728,41.05244930228741,40.67019791934148,40.922630310058594,14715200,0
2014-02-11,40.8288902875834,41.52127143708912,40.80725423643576,41.4202995300293,18774100,0
2014-02-12,41.35539241206905,41.62224715534463,41.22557059073966,41.48521423339844,13437900,0
2014-02-13,41.1606426034023,41.90350946625992,41.081306773140376,41.853023529052734,16605500,0
2014-02-14,41.75205363284914,41.99727223287844,41.65108175365073,41.9395751953125,13067300,1
2014-02-18,41.8458197696909,42.30019603551416,41.759272826626656,42.18479919433594,14983800,0
2014-02-19,42.09102776165853,42.220849519078406,41.268825132184006,41.29767227172852,18669900,0
2014-02-20,41.49241678030062,41.80976016758656,41.30489793885896,41.52848052978516,12457000,0
2014-02-21,41.53569254282014,41.71600028909887,41.377020845685934,41.55011749267578,16790100,0
2014-02-24,41.5573190034347,41.997270243049215,41.52847186165719,41.853023529052734,16151400,0
2014-02-25,41.759278407001794,41.816975459662224,41.052469565145465,41.13180541992188,17991800,1
2014-02-26,41.37700618455819,41.38422003256886,40.54759249632915,40.92984390258789,23661700,1
2014-02-27,40.95149613697413,41.03083198880087,40.48990872773998,40.8865852355957,16277500,1
2014-02-28,40.80002752943723,41.434711425472685,40.67020576090095,40.9803352355957,18599000,1
2014-03-03,40.60531237097451,40.69185933686074,40.16536093819536,40.54040145874024,19151000,0
2014-03-04,41.07409249605419,41.36979699878235,40.850509969102845,41.29767227172852,17157000,1
2014-03-05,41.45635155861705,42.04054957464941,41.369804621482544,41.9467887878418,17761500,1
2014-03-06,42.19922828602323,42.61754362318126,42.11989518016603,42.48051071166992,19420600,1
2014-03-07,42.80504267731358,43.12959705570747,42.603098953547104,42.84110641479492,18602200,0
2014-03-10,42.65358262047808,42.89880116544008,42.45885000377796,42.69685745239258,16945200,0
2014-03-11,42.85553554641442,42.87717434266185,41.92514984609496,41.96842193603516,19420000,1
2014-03-12,41.61502795522073,41.80254679882297,41.4130814106362,41.77369689941406,17932100,1
2014-03-13,41.83139741759205,42.07661606422904,41.247199325265626,41.413082122802734,17192500,1
2014-03-14,41.189494419933695,41.49241005732242,40.836090091702815,40.965911865234375,18635800,1
2014-03-17,41.2616230902442,41.61502747573686,41.14622624521599,41.52848052978516,13581400,1
2014-03-18,41.7015714903243,41.94679011268161,41.55732475635924,41.87466812133789,12554800,1
2014-03-19,41.82418399083531,42.50214009320956,41.75205924508631,42.04776382446289,21450700,0
2014-03-20,42.09103355236016,43.62725605899082,41.92515078423045,43.35318756103516,33736500,0
2014-03-21,43.96622682270838,44.13932341706167,43.27384594784928,43.39645385742188,35144100,0
2014-03-24,43.54069311477089,44.13210202148349,43.52626817176856,44.045555114746094,25810500,1
2014-03-25,44.07442476025486,44.34127944724315,43.67774827932031,43.944602966308594,24053500,0
2014-03-26,44.16817826549609,44.2835750909249,43.19451497161798,43.20172882080078,22745200,0
2014-03-27,43.230573322671866,43.67052455251603,42.56704230481175,43.21614837646485,24632600,0
2014-03-28,43.42530413870204,43.6993726025262,43.04305270980203,43.302696228027344,14708700,1
2014-03-31,43.87247650685853,44.00950938595948,43.70659098047645,43.785926818847656,15216700,0
2014-04-01,43.95901894882952,44.20423753723196,43.54070375338178,43.75707244873047,14584400,0
2014-04-02,43.81514168398868,44.10545349184493,43.691760965251845,43.89497756958008,14012200,1
2014-04-03,44.018366771273136,44.12723163688782,43.74982734512858,44.0256233215332,11925200,0
2014-04-04,44.28689972455509,44.31593146040498,43.4014511614645,43.40871047973633,16966900,0
2014-04-07,43.32160471735194,43.54659646244372,42.70469570824787,42.82081985473633,18685700,0
2014-04-08,42.67565630993798,42.83532802089569,42.27647980116125,42.711944580078125,16956500,0
2014-04-09,42.89339738746258,43.14742086713122,42.45793252034221,43.01678085327149,15308400,0
2014-04-10,43.07485429625705,43.10388603429169,41.64507580578737,41.65959167480469,29977200,0
2014-04-11,40.0483522260301,40.6797770804646,39.591112201761966,40.13544464111328,47241300,1
2014-04-14,40.53461245385759,40.59993244321495,39.540299521299865,39.888671875,31081500,0
2014-04-15,39.9830475185918,40.38222423976936,39.44597142144124,39.7725715637207,26691400,0
2014-04-16,39.91772548219922,40.17174626418384,39.69273366914221,40.10642623901367,27049400,0
2014-04-17,40.16448118896247,40.33140949149499,39.924973557969096,40.07738876342773,17955400,0
2014-04-21,40.10642341287116,40.2152910366896,39.91046611978786,39.93949508666992,12384800,0
2014-04-22,39.94674404156688,40.701552357055945,39.87416472164411,40.505592346191406,16257600,0
2014-04-23,40.49833109980445,40.73057937525282,40.3241462775271,40.67977523803711,11379000,0
2014-04-24,40.69429871636274,40.832195290521405,40.360442104009095,40.78139114379883,15360600,1
2014-04-25,40.8684748308586,40.89750378608354,40.382203146658114,40.42575073242188,15937700,0
2014-04-28,40.37495423130187,40.42575837332,39.68546588711836,40.273345947265625,21394100,0
2014-04-29,40.447539266160405,40.86849112384434,40.33141509311288,40.7160758972168,13453400,0
2014-04-30,40.81769371611114,40.89752684877069,40.44028939918769,40.62899017333984,14388100,0
2014-05-01,40.585422562514665,40.78138255946074,40.28059774634372,40.44026947021485,12744600,0
2014-05-02,40.52012448710008,40.91204189764433,40.23706917862495,40.338680267333984,15153800,0
2014-05-05,39.10485549308328,39.72902399577588,38.97421544514209,39.35161972045898,25232300,0
2014-05-06,39.22096141463765,39.23547727638699,38.69840146613152,38.71291732788086,25327400,1
2014-05-07,38.86533361905492,39.27902603021691,38.640344660931824,39.22822189331055,18502600,1
2014-05-08,39.33711142443202,39.57661637935021,39.235503093944345,39.4532356262207,16090800,1
2014-05-09,39.35161106329641,39.41693107289692,38.95969100569335,39.199195861816406,12366500,1
2014-05-12,39.38790037809432,39.69998456899082,39.21371275837277,39.6636962890625,12825500,1
2014-05-13,39.72901719319749,39.79433720598371,39.55482956956148,39.64192199707031,12310700,1
2014-05-14,39.65645228719606,39.69999990109908,39.40968801231769,39.4532356262207,10325800,0
2014-05-15,39.33709132477224,39.33709132477224,38.72017956848355,38.8363037109375,19763000,1
2014-05-16,38.770995231538535,38.836315254122354,38.44439788723823,38.691162109375,19992400,1
2014-05-19,38.524229022490026,39.1266222509631,38.50971315608341,39.06856155395508,12068900,0
2014-05-20,38.98872375488281,39.220972068725736,38.763731989576975,38.98872375488281,16888200,1
2014-05-21,39.2282257043494,39.627402291087215,39.17742156250739,39.279029846191406,13210200,1
2014-05-22,39.315314365413535,39.627398503250944,39.20644954413725,39.59111022949219,11800900,1
2014-05-23,39.5911149860648,39.62014671600687,39.3080625406749,39.57659912109375,10876500,1
2014-05-27,39.73626900949316,40.22979732096352,39.69272141661588,40.01932144165039,14503700,1
2014-05-28,39.98303985204704,40.35318476324434,39.91771983611593,40.24431991577149,11374900,1
2014-05-29,40.462041880336265,40.585422562514665,40.200761884408166,40.44026947021485,11741000,1
2014-05-30,40.33867640226201,40.55640889139534,40.14271633145636,40.33141708374024,11991900,0
2014-06-02,40.38946905192837,40.38946905192837,39.93222901696648,40.17173385620117,9440000,1
2014-06-03,39.983027505348936,40.3967198889589,39.983027505348936,40.353172302246094,9131500,1
2014-06-04,40.29512689481796,40.44753935315463,40.09916683326279,40.411251068115234,9727800,1
2014-06-05,40.57817837437656,41.12251094214334,40.27335346536409,41.10073852539063,16803400,1
2014-06-06,41.19507703365501,41.46361635886369,41.11524393632535,41.34749221801758,15399800,0
2014-06-09,41.30395026948932,41.8555393217063,41.29669372096546,41.674095153808594,11999700,1
2014-06-10,41.71038439017948,42.05149752834711,41.652320930038,42.02246856689453,11609200,0
2014-06-11,41.71763993482261,41.94263168453117,41.35475162352253,41.56522750854492,14232200,0
2014-06-12,41.42007258412002,41.67409330043241,41.27491670253373,41.39830017089844,11670200,0
2014-06-13,41.39104085407914,41.855537460260734,41.28217601935304,41.39830017089844,12040800,1
2014-06-16,41.260401737202095,41.332981063886926,40.88300031291388,41.27491760253906,11199100,1
2014-06-17,41.21685784411154,41.79747862766055,41.13702196725762,41.674095153808594,11200500,1
2014-06-18,41.5797537595362,41.95715802979516,41.33298953546761,41.93538284301758,13729400,1
2014-06-19,41.87005425316311,41.87005425316311,41.52168179080663,41.58700180053711,11624400,0
2014-06-20,41.87006381735773,41.92812729198944,41.62329958741068,41.76845550537109,17124800,0
2014-06-23,41.761179986120766,42.25470822183895,41.543447592390415,42.2329330444336,16007700,1
2014-06-24,42.00795452689027,42.18213937764583,41.58700272843082,41.674095153808594,12322900,0
2014-06-25,41.528943946245626,41.906348165081546,41.27492043832344,41.75393295288086,14836600,1
2014-06-26,41.6160325835965,41.72490018687439,41.07895665264012,41.652320861816406,11854400,1
2014-06-27,41.608779826774935,41.877316432413,41.543459812579904,41.75393295288086,10178600,0
2014-06-30,41.68859677762511,41.93536087241005,41.64505196412134,41.81923675537109,11549000,1
2014-07-01,41.768094574941216,42.38200892103915,41.71693527843077,42.07505035400391,14472200,0
2014-07-02,41.85579781049541,42.00927570729687,41.52691461165463,41.63654327392578,19189900,1
2014-07-03,41.82656059578812,42.133519158774185,41.65846536833226,41.69500732421875,12599800,1
2014-07-07,41.578073880277216,41.651160584395605,41.21995878800153,41.41728591918945,13916100,1
2014-07-08,41.18342203388033,41.27112609584198,40.65721160197667,40.752220153808594,18343400,1
2014-07-09,40.83991924879926,41.01532177544353,40.64258931534479,40.94223785400391,10914300,0
2014-07-10,40.24061582904161,40.78875351736396,40.16752913114849,40.60604095458984,12436600,0
2014-07-11,40.40870835836044,40.86183470319996,40.3356216653397,40.78144073486328,10230000,1
2014-07-14,41.31496319588681,41.54152777407115,41.07378406631082,41.13956069946289,14004400,0
2014-07-15,42.35277516227713,42.893602819432914,42.21391182189373,42.586647033691406,36178000,0
2014-07-16,42.762066781723256,43.1055674510747,42.61589889414488,42.90823745727539,20507500,0
2014-07-17,42.798586794008514,43.01784128656952,42.213904429883016,42.286991119384766,17013500,0
2014-07-18,42.63049789415721,42.74012376266272,42.3162320527575,42.557411193847656,12803300,1
2014-07-21,42.47701992254916,42.68896718498544,42.31623474757399,42.56472396850586,9141400,0
2014-07-22,42.69628137798826,42.97400532589501,42.65973941357313,42.87899398803711,10375200,1
2014-07-23,42.944757684424985,43.2590235019452,42.76935519295512,43.12016296386719,11122100,1
2014-07-24,43.17131231975432,43.375949442026624,43.11284576537866,43.2443962097168,9844100,0
2014-07-25,43.06169528996474,43.31749454964344,43.00322871984864,43.127471923828125,10500600,0
2014-07-28,43.0763244058038,43.31019632614958,42.878994450267065,43.259037017822266,12382800,1
2014-07-29,43.2151888782565,43.2151888782565,42.71090027191131,42.85707092285156,13498800,0
2014-07-30,43.13478775244054,43.32480761567913,42.83513922212055,43.05439376831055,11815700,1
2014-07-31,42.86436413877875,42.88628875201056,42.14082123443494,42.14812850952149,15955900,0
2014-08-01,41.943489197541375,42.01657588451456,40.90568333427055,41.27841567993164,23915400,1
2014-08-04,41.59268017416659,41.64383945947531,41.176095829240175,41.40266036987305,13543900,1
2014-08-05,41.24188371649748,41.36612693247734,40.63527661361398,40.97146987915039,16863300,1
2014-08-06,40.847221548615565,41.43190121280944,40.80337231628387,41.09571075439453,12190600,0
2014-08-07,41.38806011906394,41.43190936001819,40.69375166156626,40.861846923828125,11743800,1
2014-08-08,40.84721095809534,41.19071139148734,40.66449843615863,41.17609405517578,12213200,1
2014-08-11,41.322283192422006,41.35151787817743,41.05186653114392,41.16149520874024,9066800,0
2014-08-12,41.09570939479679,41.32958125273699,41.02262548468015,41.18341064453125,11289600,1
2014-08-13,41.431903313743845,41.54153197607725,41.30035003413283,41.45383071899414,7012600,1
2014-08-14,41.49036292896589,41.65845812720322,41.43920364202287,41.64384078979492,8275900,0
2014-08-15,41.83386010858656,42.02387990405381,41.21263586330876,41.47574234008789,12727400,1
2014-08-18,41.55615473261765,41.97273924301858,41.48306801887964,41.826568603515625,8881400,1
2014-08-19,42.09697710253218,42.18468114782611,41.9069572470074,42.06774520874024,9040500,0
2014-08-20,41.9654251070761,42.27969097573357,41.94350048906788,42.12621307373047,8121400,1
2014-08-21,42.14081979799258,42.95206391558317,42.096967785051554,42.75473403930664,12745500,1
2014-08-22,42.71089558842708,43.17864217773954,42.630504387799895,42.747440338134766,10228600,0
2014-08-25,43.105545817398,43.72677017972297,43.017844571271446,43.36865234375,13996800,1
2014-08-26,43.53674949023733,43.81447336791586,43.40519622123026,43.66099548339844,10281100,0
2014-08-27,43.74139622397141,43.81448293825761,43.50752431420172,43.55137634277344,11410900,1
2014-08-28,43.302875324847335,43.39057657018946,42.981302233278,43.237098693847656,9096100,0
2014-08-29,43.36866073186376,43.595225348481534,43.28826674570993,43.44905471801758,8897900,1
2014-09-02,43.45635868266801,43.63907125982821,43.22979687129188,43.60983657836914,8671100,1
2014-09-03,43.865635331164064,44.12143182092024,43.45635815958155,43.63176345825195,11791800,1
2014-09-04,43.58059441295617,43.95332675580215,43.43442382808581,43.63906097412109,9811900,1
2014-09-05,43.57328153428232,43.78522872924805,43.28094317140682,43.78522872924805,9600900,1
2014-09-08,43.73407648597554,44.01180034518889,43.660992580485214,43.7706184387207,8090000,1
2014-09-09,43.58060114266035,43.61714309752773,42.959376758025066,43.16401672363281,14868700,0
2014-09-10,43.22978934925076,43.52943781213534,43.0616913540967,43.280948638916016,9153800,0
2014-09-11,43.2517141169048,43.73407512687885,43.09823624736128,43.67560577392578,11467000,1
2014-09-12,43.70485623906108,44.150675458480606,43.66831427425049,43.87295150756836,14359100,0
2014-09-15,43.69023111387232,43.84371179949746,43.449051958700295,43.807167053222656,10685600,0
2014-09-16,43.63906047725822,43.99717826671455,43.57328385421408,43.84370040893555,10947900,1
2014-09-17,43.81447296271014,44.28221667575505,43.71946164975651,44.077579498291016,15091800,0
2014-09-18,44.24567258897236,44.87420421858079,44.24567258897236,44.81573486328125,16973700,0
2014-09-19,45.1226907212151,45.2030818980162,44.56724303076661,44.662254333496094,18739300,0
2014-09-22,44.5380188258665,44.910754061451314,44.43570022408959,44.51609420776367,13225200,1
2014-09-23,44.450308401251775,44.87420285033159,44.41376644928992,44.53800964355469,14328800,0
2014-09-24,44.71342558529635,45.049616084320135,44.59648963833273,45.04230880737305,13728200,0
2014-09-25,44.939975418045776,44.947282692588935,43.960636138916016,43.960636138916016,16340100,1
2014-09-26,44.09219303041335,44.494160074852765,44.08488296729375,44.26028823852539,11948900,1
2014-09-29,43.872943906089,44.21644444933428,43.65368936724057,44.09220123291016,10686500,0
2014-09-30,44.14336417221555,44.39185341352567,43.946034234589305,44.02642822265625,14384800,0
2014-10-01,44.02641520388095,44.14335111886186,43.65368005814845,43.68291473388672,18995800,0
2014-10-02,43.52105217034065,43.77121555152379,43.12373336373986,43.29296112060547,24559100,1
2014-10-03,43.594643826519714,44.43342639789817,43.44748834929815,44.36720657348633,18321100,1
2014-10-06,44.720355923724966,44.73507174484693,44.14645293374813,44.27889251708984,11578000,0
2014-10-07,44.0875845389568,44.0875845389568,43.55046976066525,43.60933303833008,14542000,0
2014-10-08,43.67555949484583,44.462837709978,43.543119906622096,44.440765380859375,15834100,0
2014-10-09,44.38926515266296,44.38926515266296,43.32974835750249,43.46954727172852,19189500,0
2014-10-10,43.43275016865941,44.014012460827125,43.05014724748912,43.0575065612793,16689400,0
2014-10-13,43.04280026721246,43.5210547262174,42.75584871451208,42.79263687133789,17169300,0
2014-10-14,41.71104411133712,43.05751242934811,41.24750832259294,42.66755294799805,29096800,1
2014-10-15,41.9538605838312,42.21873984190786,39.92312147641466,40.8575553894043,37866900,0
2014-10-16,40.28364423669074,41.188646318348106,39.93782940626855,40.52645111083984,31965100,1
2014-10-17,41.0046986621978,41.77726106422285,40.88697489433451,41.35051345825195,20183500,1
2014-10-20,41.27692699858132,41.75518129915936,41.25485467314881,41.66688919067383,10807600,1
2014-10-21,42.10835534758867,42.68225830114503,41.99799090631168,42.62339782714844,14020400,1
2014-10-22,42.70434009389241,42.86620852769071,42.26287383967741,42.27023315429688,13750700,1
2014-10-23,42.763211291625936,43.116382699433295,42.63077166285357,42.71906661987305,12641900,1
2014-10-24,42.67490526088561,43.24880826105976,42.67490526088561,43.21937942504883,13758000,0
2014-10-27,43.00601305188287,43.25617645323406,42.8588576146016,43.145809173583984,11087100,0
2014-10-28,43.31503176825947,43.91836646293766,43.27088710707962,43.87422180175781,13625000,1
2014-10-29,43.86686182285675,43.98458559548083,43.23409549246876,43.62405776977539,16712100,0
2014-10-30,43.36653665108059,43.91101087332037,43.35182082812749,43.697635650634766,14709800,1
2014-10-31,44.234750773432,44.54377744343952,44.05080719575683,44.499629974365234,18347600,0
2014-11-03,44.727714078453566,44.99259323827211,44.41133094942095,44.7939338684082,11841200,0
2014-11-04,44.32304205204345,44.41869068367279,43.719704584867785,44.33039855957031,15295800,1
2014-11-05,44.73506542012152,45.05144851262303,44.43339814666141,44.99258804321289,14063800,0
2014-11-06,44.94111102605192,45.11033883636165,44.61001191598627,45.05147552490234,10421600,0
2014-11-07,44.933735579101466,45.286906900809605,44.77922365212093,45.22804641723633,12384600,0
2014-11-10,45.066178652749706,45.566505432128906,45.02939049683343,45.566505432128906,10801000,0
2014-11-11,45.40463191359052,45.53707151368925,45.09560805119766,45.15446853637695,12539800,1
2014-11-12,44.4554685801755,44.764495153384345,44.31567251536398,44.55847930908203,17219600,0
2014-11-13,44.51434849967379,44.60999995176324,44.139104813409695,44.31568908691406,12240400,1
2014-11-14,44.33039806885694,44.60263375243375,44.27889409647094,44.35247039794922,6803400,0
2014-11-17,44.14646845151282,44.53642802467231,44.06553281027061,44.426063537597656,9017600,1
2014-11-18,44.403971705283496,44.74978647633937,44.29360725968996,44.53641128540039,8897800,1
2014-11-19,44.47755287715576,44.72771622825765,44.25682116894961,44.58791732788086,9210100,0
2014-11-20,44.2936121298587,44.33040028243481,43.96251314316149,44.23474884033203,10917300,1
2014-11-21,44.93373357396084,44.93373357396084,44.36718706022452,44.47755432128906,12340500,1
2014-11-24,44.66150218666513,45.11032497497912,44.66150218666513,44.85280227661133,8335000,0
2014-11-25,44.99997316080896,44.99997316080896,44.10968659341655,44.36720657348633,14802600,1
2014-11-26,44.56584945754805,44.56584945754805,44.29361375041729,44.39662170410156,7626600,1
2014-11-28,44.4407662865521,44.5584900555106,44.16852779034628,44.26417922973633,6759600,1
2014-12-01,44.131738035992015,44.300965772301424,43.81535489214002,44.14645385742188,12771600,1
2014-12-02,44.153816147080754,45.02203007785061,44.14645963878041,44.94109725952149,12546600,1
2014-12-03,44.85279822687297,45.33840912632068,44.7424337718998,45.27954864501953,12115500,0
2014-12-04,44.95581976775495,45.30163467276684,44.76451963723669,45.16183853149414,11515200,0
2014-12-05,45.62536672238579,46.39793204399198,45.52971807667315,46.13305282592773,20071100,0
2014-12-08,46.05947700332224,46.47151168389159,45.80931359132596,46.11098098754883,15528200,0
2014-12-09,45.50764561348946,46.24342001504471,45.29427317017345,45.94911193847656,19676400,0
2014-12-10,45.73572357188239,45.79458685436861,44.41868709718904,44.64677810668945,29620600,0
2014-12-11,45.00731708402158,45.66215863417416,44.963172417931546,44.98524475097656,16886200,0
2014-12-12,44.53641588381184,45.04410192893076,44.11702477239123,44.17588806152344,17405400,1
2014-12-15,44.69092497397683,44.74242894208916,43.25616476015517,43.52840042114258,19209900,1
2014-12-16,42.9839279175763,44.04344457424479,42.75583970924251,42.99128723144531,20709700,1
2014-12-17,43.09429287798019,44.02136990322379,42.92506515582588,43.97722244262695,17856400,1
2014-12-18,44.61735818824555,45.23540878295898,44.470202750122056,45.23540878295898,18173400,0
2014-12-19,45.176545927254914,45.87552930993327,45.15447078830004,45.566505432128906,22756400,0
2014-12-22,45.735735244548366,45.86081834837737,45.331059897819706,45.5738639831543,17073400,1
2014-12-23,45.65479677461263,46.33171062009025,45.56650464059601,45.9711799621582,13552600,0
2014-12-24,46.16248286040993,46.258131502779456,45.81666802594004,45.9711799621582,7412500,0
2014-12-26,46.110974320598906,46.272845565767845,45.91967423638162,46.022682189941406,6086500,0
2014-12-29,45.92702209702905,46.603935789299626,45.80194183604484,46.3243408203125,10601200,0
2014-12-30,46.14776250393259,46.55979429337452,46.03739524218575,46.46414566040039,7518100,0
2014-12-31,46.57452501540668,46.71432396591097,46.044769287109375,46.044769287109375,18529400,1
2015-01-02,46.044745151305285,46.62233995405192,45.9632888945464,46.2743034362793,12600000,0
2015-01-05,45.95589836068709,46.11880809652817,44.60076822393504,44.83773040771485,20100600,0
2015-01-06,44.90436726518737,44.98582352930904,43.20860467970804,43.67512512207031,29074100,0
2015-01-07,44.34901074323328,44.34901074323328,43.445590342580005,43.74179458618164,23843200,0
2015-01-08,44.408234127420286,45.09690630434465,44.408234127420286,44.71924591064453,16971100,0
2015-01-09,44.963616383227865,45.01545168233432,43.90469043037562,43.94171524047852,15396200,0
2015-01-12,43.89728634645133,43.9861492856812,43.14937496921185,43.56406021118164,15455200,0
2015-01-13,43.8824763549748,44.20830148622737,43.22342508466792,43.57146453857422,21644700,1
2015-01-14,43.57146286100739,43.57146286100739,40.92785122413693,42.06823348999024,49602300,0
2015-01-15,41.26849027436323,41.92013778592332,40.35766621975721,40.720516204833984,42458100,1
2015-01-16,40.476135438417145,41.46841549357735,40.46132495104919,41.41658020019531,29368900,1
2015-01-20,41.4980500672953,41.75722661913812,41.03893328287011,41.25368118286133,23477700,0
2015-01-21,41.06113304477898,41.779423252048325,40.86859955224887,41.38695526123047,21842400,0
2015-01-22,41.74982229371831,42.74950649598097,41.438807610357415,42.64583587646485,31423500,0
2015-01-23,42.74210204564361,42.85317649717428,41.9571629273562,41.97197341918945,15458300,0
2015-01-26,41.77203678682852,42.20153258347416,41.61653085693098,42.03861999511719,12577700,0
2015-01-27,41.50543126521073,41.920116346815256,41.29068348233637,41.61650848388672,15220500,1
2015-01-28,41.927533879251,41.97196534620471,40.54278564453125,40.54278564453125,24354400,1
2015-01-29,40.92786626418456,41.38698030720882,40.49096655112198,41.22406768798828,20393300,0
2015-01-30,40.720504999706414,41.098162547768766,40.26138835720026,40.26879501342773,26943700,0
2015-02-02,40.379879286922815,41.209249848456274,40.18734855020291,41.075958251953125,20308900,1
2015-02-03,41.401771053196505,42.04601173809584,41.37215007750162,42.001583099365234,18812500,1
2015-02-04,41.70537399222376,42.26075450826879,41.67575302007995,41.74980545043945,14934100,1
2015-02-05,42.10526579718936,42.238557401333686,41.80906160468805,42.03861999511719,11293900,1
2015-02-06,42.76431415907044,43.490011272489305,42.60880824008333,42.86798477172852,25214000,1
2015-02-09,42.519938908648975,43.02348423006932,42.37924350185667,42.81614303588867,14372400,1
2015-02-10,43.26045622506029,43.47520412483114,42.98646918127725,43.290077209472656,16367300,1
2015-02-11,42.99386368717462,43.43816702852352,42.83095114376787,43.223419189453125,13061900,1
2015-02-12,43.63809815016714,44.215692976430496,43.35670456758261,44.11202239990234,23211300,1
2015-02-13,44.03057123513224,44.59335846542815,43.94171113422666,44.18607711791992,16479100,0
2015-02-17,43.95652358572917,44.534118504638656,43.92690260916668,44.50449752807617,15308800,0
2015-02-18,44.50450220477087,44.50450220477087,43.778805151601865,43.96393203735352,14278100,0
2015-02-19,43.80101706760506,44.045383058710286,43.5418377636193,43.86025619506836,11256500,1
2015-02-20,43.66031092667986,44.348982960539765,43.20860100932968,44.2823371887207,15379000,0
2015-02-23,44.06020064858211,44.08241497185997,43.54184478187164,43.94912338256836,16814000,0
2015-02-24,44.61558104701335,45.35608861625839,44.48969611615156,45.03767013549805,22937700,1
2015-02-25,44.99323404716323,45.37089445061716,44.98583021514793,45.27462768554688,18307900,0
2015-02-26,45.19319372899518,45.68933546340797,45.10433357686652,45.6004753112793,15444800,0
2015-02-27,45.26722528053239,45.85222407178704,45.26722528053239,45.378299713134766,15225900,0
2015-03-02,45.3783037586428,45.78558518893026,45.1931768629893,45.741153717041016,13047300,0
2015-03-03,45.65228193965241,45.904054566437374,45.5412047007017,45.88924407958984,13706900,0
2015-03-04,45.644878683895904,46.037346727749934,45.43013084582751,46.00772857666016,16625500,1
2015-03-05,46.05956675512824,46.08178107603899,45.615260563229846,45.91146469116211,10931300,0
2015-03-06,46.02995695741018,46.55571672861838,45.02286606760638,45.08951187133789,22719200,0
2015-03-09,45.0524678015762,45.63746929271274,45.02284682928315,45.541202545166016,13001500,0
2015-03-10,44.993215426165406,45.178342222861765,44.40081024169922,44.40081024169922,16357700,0
2015-03-11,44.526713285062016,44.91177749393697,44.40082555100111,44.60816955566406,13015600,1
2015-03-12,44.9117752488722,45.50418060798504,44.9117752488722,45.44493865966797,18159600,0
2015-03-13,45.46714825666945,45.807780928524274,44.74885528900119,45.17094421386719,16506200,0
2015-03-16,45.541211837761445,45.85222363586568,45.35608496037217,45.80038833618164,15182900,0
2015-03-17,45.42271665665509,45.659678760210014,45.11170213023232,45.62265396118164,11718300,0
2015-03-18,45.45975428492657,45.948489114536336,45.23760260325156,45.72633743286133,15697900,1
2015-03-19,45.59304827371394,45.65229023186468,44.993236159091886,45.31906127929688,11523800,0
2015-03-20,45.40791898669613,45.98551392401352,45.28203406951132,45.72633743286133,18368300,0
2015-03-23,45.7263377084014,45.97070653708475,45.259817196704375,45.27462768554688,15112900,1
2015-03-24,45.14874809449673,45.34868548024229,44.76368381359554,44.771087646484375,12128700,0
2015-03-25,44.82291280288624,44.90436907028235,44.12683685163047,44.14164733886719,14950900,1
2015-03-26,44.0305712818808,44.2749400906452,43.59367178348129,44.08981323242188,14039600,1
2015-03-27,44.05279654292842,44.26754159117962,43.68994659103466,44.09722518920898,11755800,0
2015-03-30,45.082095405202935,45.51158826738273,44.8821580500322,45.141334533691406,20656500,0
2015-03-31,44.96361398257039,45.12652370328762,44.74145948419017,44.85994338989258,17346700,0
2015-04-01,45.03139634096152,45.15066494817071,44.5245040494255,44.6884994506836,18100600,1
2015-04-02,44.777951832257216,45.247573234382266,44.725771992419766,45.11339569091797,12697800,1
2015-04-06,44.66613378853124,45.28484163171385,44.46487032808092,45.07612228393555,12025200,1
2015-04-07,45.583017581319794,45.843916783301744,45.3593864440918,45.3593864440918,11505500,0
2015-04-08,45.5159130690808,45.88862771078887,45.426459507688186,45.50845718383789,11734000,1
2015-04-09,45.67247341245963,45.903557619635706,45.34448540152861,45.82155990600586,11728500,1
2015-04-10,45.73209421021093,46.05262909131632,45.62028150231057,45.99299621582031,9869700,1
2015-04-13,45.94828292633124,46.41790439953507,45.84392323086115,46.26881790161133,15468700,1
2015-04-14,46.93223135230604,47.41676156888008,46.76823882839064,46.99186706542969,33775400,1
2015-04-15,47.021691870526055,48.06529425570759,46.96950919203802,47.8640251159668,28732200,1
2015-04-16,47.76711557609476,47.90874328965428,47.45403376083923,47.56584930419922,16640500,0
2015-04-17,47.14839931138765,47.26021483454111,46.5818743415911,46.8427734375,20221200,0
2015-04-20,47.1260441358233,47.34967237077181,47.06640842325714,47.14095306396485,12755300,0
2015-04-21,47.20804647862921,47.40930991943812,46.31353060695182,46.44770812988281,14985100,1
2015-04-22,46.70114791037001,47.07386256937189,46.23897968582492,46.91732025146485,14484700,1
2015-04-23,46.80551616439187,47.11859517058636,46.66388274803823,46.81296920776367,12851300,0
2015-04-24,46.68624421021482,46.842783702062334,46.47006900132778,46.66387939453125,9597500,1
2015-04-27,46.73841341968222,47.073857142832345,46.44769647414772,46.47005844116211,11146400,1
2015-04-28,46.58188627573794,46.79805864905083,46.04517617683676,46.78314971923828,12307800,1
2015-04-29,46.63406496113816,47.62548459878984,46.559520313909154,47.40930938720703,17601200,1
2015-04-30,47.39440475041472,47.618033011764,46.902418594423615,47.15586471557617,16840900,1
2015-05-01,47.483848243497256,47.6105698629508,47.20804019135522,47.4167594909668,11640100,0
2015-05-04,47.4689504878908,48.35601340718842,47.4391326256179,48.24419784545898,14972500,1
2015-05-05,48.087654889628375,48.691450917674416,47.92365950246147,48.00565719604492,17692400,1
2015-05-06,48.10257016743642,48.50510282544055,47.27514287384621,47.647857666015625,18087900,0
2015-05-07,47.46148861265586,48.15473818330522,47.14840962905292,48.080196380615234,15039900,0
2015-05-08,48.43054407940284,48.937436247096514,48.154733182201696,48.81816482543945,16802600,1
2015-05-11,48.6467138337815,48.92997489782587,48.512536342987055,48.7883415222168,13798800,1
2015-05-12,48.683993954054415,48.85544522425729,48.274011182380455,48.72126770019531,12762200,1
2015-05-13,48.76599621281481,48.92253572435135,48.49764113955911,48.84053802490234,11874100,1
2015-05-14,49.07160799058562,49.33250708585606,48.98215443484701,49.23560333251953,11855500,1
2015-05-15,49.29524023917506,49.31760789661634,48.78089786151613,49.108882904052734,11152100,1
2015-05-18,49.049247261144224,49.60086331751735,49.049247261144224,49.51140975952149,10510900,1
2015-05-19,49.77232573351742,50.085410449047465,49.62324210682753,49.95123291015625,14282700,0
2015-05-20,49.90650324972684,49.96613897524601,49.496520432928094,49.55615615844727,12446000,1
2015-05-21,49.30269838404168,49.70523092881091,49.205794612720766,49.68286895751953,12934500,1
2015-05-22,49.66795653695411,49.817045822242086,49.43687525372613,49.54869079589844,9296900,1
2015-05-26,49.34742883163104,49.41452044152403,48.68399705571708,48.9970817565918,15571300,1
2015-05-27,49.1610643413244,49.682868309070265,49.06416057126825,49.54869079589844,10963700,1
2015-05-28,49.46669116230185,49.49650901818492,49.00452292687588,49.34741973876953,11797400,1
2015-05-29,49.33252428478473,49.36234214709308,48.72127232540286,49.03435134887695,14310700,1
2015-06-01,49.190900166092,49.69034234526705,49.17599407570589,49.25799179077149,11899300,1
2015-06-02,49.071629087430026,49.48906781932773,48.885271698236245,49.2132568359375,12784200,0
2015-06-03,49.51887131553477,50.04066957900055,49.39959989121429,49.72013473510742,12927300,1
2015-06-04,49.429416536843306,49.98103833005536,49.20579115248045,49.44432830810547,13863300,1
2015-06-05,50.21958313680454,50.56993019440036,49.95122808494479,50.25685119628906,20801100,0
2015-06-08,50.28666514777433,50.35375674911237,49.80213491473229,49.86177062988281,14558700,1
2015-06-09,49.90649825202147,50.145035443034914,49.54869530908893,50.07794952392578,13263500,0
2015-06-10,50.38358019119863,51.06192380664974,50.29413228563661,50.88302230834961,17478900,0
2015-06-11,50.95756604332994,51.19610327910026,50.80102651552845,51.07683181762695,13739900,0
2015-06-12,50.92026943610061,51.09172066322471,50.59228443860583,50.87554550170898,11804700,1
2015-06-15,50.37611673160471,50.84573517373074,50.16739742399314,50.681739807128906,14082300,0
2015-06-16,50.51774561280781,51.07681763710135,50.40593575768888,50.96500778198242,11692800,0
2015-06-17,50.99481766607966,51.19608106100112,50.71900679650139,50.793548583984375,14521900,0
2015-06-18,50.9501064067472,51.3004591900789,50.61466539859075,51.2706413269043,16759600,0
2015-06-19,51.03209765088389,51.18863714735952,50.62956507972865,50.748836517333984,21606400,1
2015-06-22,51.33773356095412,51.6508125973053,51.248279970349806,51.4048194885254,14306700,0
2015-06-23,51.69554040847367,52.045893222193726,51.576274632606456,51.99371337890625,15736900,0
2015-06-24,51.81479219193752,52.008599715009474,51.3675357497476,51.44952774047852,16995000,0
2015-06-25,51.67315756717019,51.78497309683234,51.166265428252665,51.17372131347656,13314300,0
2015-06-26,51.38989629855961,51.65079540869562,51.26316899891579,51.39734649658203,14489200,0
2015-06-29,50.4506698453974,50.88302032938562,50.06304899962663,50.0928611755371,19934400,1
2015-06-30,50.607195816936496,50.77119117643249,50.0630356009809,50.510292053222656,20677400,1
2015-07-01,51.11054593337021,51.3131248422208,50.855440418296986,51.073028564453125,13964400,0
2015-07-02,50.982984487295305,51.11803898587719,50.412759470479486,50.66035461425781,12822900,1
2015-07-06,50.18016785954634,50.61534415195686,49.92506806876232,50.51780700683594,13527100,0
2015-07-07,50.337733956552114,50.43527683270774,48.99469906700511,50.12015151977539,22421500,1
2015-07-08,49.51989571878213,49.63994669851364,48.92715688613582,49.09222412109375,17707200,1
2015-07-09,49.887540921449904,50.04510353622937,49.51239020311432,49.6024284362793,14984700,1
2015-07-10,50.43527007136416,50.5703245765651,50.14265293081986,50.30772018432617,12356100,1
2015-07-13,50.93796233225285,51.12553768499332,50.780399722872325,51.08802032470703,16175600,1
2015-07-14,51.005490322013216,51.84582420388235,50.84042310254742,51.80080795288086,20185100,1
2015-07-15,51.9433847921642,52.09344282966337,51.65826650682969,51.91337203979492,16891600,0
2015-07-16,52.24351134409002,52.48360768684601,52.078449759478325,52.19099044799804,18035700,0
2015-07-17,52.03341319221938,52.13845495499539,51.71078328530826,51.92837142944336,14040700,0
2015-07-20,52.14595592532183,52.34853481811788,51.90585966658197,51.96588516235352,11512900,0
2015-07-21,51.89087007957945,52.175982674483954,51.67328189227817,51.845848083496094,11659900,0
2015-07-22,51.98088371499026,52.73868978485666,51.92085822494533,52.58112716674805,15493000,0
2015-07-23,52.66367528230866,52.97880060527705,52.11595255247062,52.251007080078125,14331800,0
2015-07-24,52.10093261123101,52.19096511835164,51.530701927302864,51.70327377319336,12413900,0
2015-07-27,51.13304161610786,51.18556248519695,50.69786542974378,51.02799987792969,16801600,0
2015-07-28,51.43317999688452,51.47069164448415,50.84793990598828,51.05802917480469,14932400,0
2015-07-29,51.260614239385454,51.84584867602667,51.14056893860292,51.72580337524414,13059200,1
2015-07-30,51.71827434314796,52.10842854196646,51.42565726294778,51.80080795288086,10197200,0
2015-07-31,51.77831439664288,51.800822528476914,51.32062996819472,51.41816711425781,11911800,1
2015-08-03,51.46318337792587,51.650758775671946,51.02050818693164,51.41816711425781,9980600,0
2015-08-04,51.37312808952311,51.73326948799927,51.25307714046818,51.36562347412109,10964000,0
2015-08-05,51.80831445251102,52.08592230957042,51.440662641485424,51.56821823120117,11302900,0
2015-08-06,51.58321184989733,51.72577092170906,51.02048590244391,51.20806121826171,10803400,0
2015-08-07,51.26811271927383,51.57573341671872,50.68287835272485,51.05802917480469,11453300,0
2015-08-10,51.1855699309626,51.77830881081735,51.1855699309626,51.688270568847656,12661400,0
2015-08-11,51.19308090209961,51.320630800793,50.90796262931799,51.19308090209961,14800300,0
2015-08-12,50.57782721283145,50.68286896561095,49.57242021921111,50.45027160644531,21069000,1
2015-08-13,50.45776102523698,50.870429018526885,50.2476775829601,50.68285369873047,11930600,0
2015-08-14,50.58533415769366,50.95298607528488,50.57033064391409,50.9379768371582,11248800,0
2015-08-17,50.73539514158655,51.200578459816334,50.570327877306255,51.073028564453125,10326500,0
2015-08-18,51.00550391064927,51.2906164501924,50.90045642308415,51.17807006835938,10617500,0
2015-08-19,50.96798740448054,51.25309994884878,50.54031572575474,50.72038650512695,15198200,0
2015-08-20,50.127654286742285,50.30022619487693,49.47489547729492,49.47489547729492,20972300,0
2015-08-21,48.837124948348034,49.09973506928495,47.696669115578366,47.71917724609375,28235500,1
2015-08-24,44.4853843397314,47.208977196485385,37.56760239366372,45.20567321777344,36339100,1
2015-08-25,47.34402623053429,47.50909348593193,44.815510831386376,44.950565338134766,31772500,1
2015-08-26,46.36864175491504,47.25399793771212,45.43076468518709,47.20147705078125,33576800,0
2015-08-27,48.004282933056416,48.56701184176533,47.37402964644894,48.37943649291992,29045700,0
2015-08-28,48.23688754405466,48.36443743426052,47.71917764053531,48.11683654785156,16687300,0
2015-08-31,47.72667609381487,48.2818975686673,47.62163434787916,48.09432220458984,14223400,0
2015-09-01,47.156446031755145,47.156446031755145,45.76088770808033,46.10602569580078,23637300,1
2015-09-02,46.98387985959437,47.20146798490127,46.17355571531687,46.94636535644531,17757900,1
2015-09-03,47.17897250558147,47.76420692571087,46.85634254008094,47.02891159057617,17065400,0
2015-09-04,46.36862929251397,46.4586646656006,45.5808133381169,46.14353942871094,20189000,1
2015-09-08,47.09643236034309,47.41906228132365,46.76630068262569,47.3890495300293,13385100,1
2015-09-09,47.97428870894073,48.27440766563911,46.518704470410455,46.65375900268555,13889500,0
2015-09-10,46.41364495190454,47.26898808792895,46.1060214931208,47.01388549804688,15751100,0
2015-09-11,46.80381115461618,47.01389467121349,46.51119401016327,46.93886566162109,12766700,1
2015-09-14,46.99888725755929,47.03640176152592,46.60873011952533,46.803810119628906,10202800,0
2015-09-15,47.08892037051672,47.93676185774029,46.901344997548776,47.70417022705078,14023500,0
2015-09-16,47.93675327390166,48.23687496177802,47.42654812181536,48.12432861328125,12235900,1
2015-09-17,48.124345049008745,48.49949585589179,46.811317224918106,47.00639724731445,21249200,0
2015-09-18,46.391155778632665,46.391155778632665,45.60333669890444,45.72338485717773,31008000,1
2015-09-21,46.15854656948985,46.45116368352123,45.82841495456241,46.10602569580078,13136400,0
2015-09-22,45.46827219137376,45.835921205428974,45.33321768516353,45.70086669921875,14811900,1
2015-09-23,45.61832386455163,45.88093106792339,45.25817954140456,45.49827575683594,11712200,1
2015-09-24,45.02558577579193,45.30319935468666,44.61292057803264,45.18315124511719,17293400,1
2015-09-25,45.9709794515552,46.41365751077488,45.67085766618903,46.12104034423828,18384300,1
2015-09-28,45.708368508314,45.77589576149748,44.78549795625519,45.00308609008789,17452200,1
2015-09-29,45.00309016820011,45.11563655442912,44.06521315687007,44.898048400878906,19334900,1
2015-09-30,45.54329839285788,45.76838825446164,45.10062042476223,45.745880126953125,18743800,1
2015-10-01,45.858421501367054,46.42114756038344,45.42324817072421,46.08351135253906,16863200,0
2015-10-02,45.03307403543722,45.99283279517984,44.23201479397309,45.95504760742188,20435100,1
2015-10-05,46.280004075646815,47.03571934029743,46.2648894244148,46.86946105957031,13471100,1
2015-10-06,46.93747957770543,47.12640841008529,46.56717779779781,46.89213562011719,12134800,0
2015-10-07,47.26998229382989,47.63272522171651,46.67296663044741,46.95258331298828,12773100,1
2015-10-08,46.740981109602686,47.04326832425381,46.42358212876108,46.95258331298828,13964600,0
2015-10-09,47.14907716860692,47.26999150145512,46.53694961979889,46.80144882202149,12112000,1
2015-10-12,46.73342717202317,46.861897369762175,46.400913528324,46.64274215698242,10857400,0
2015-10-13,46.39336026848751,46.97526137614502,46.33290454555978,46.51427459716797,15621900,1
2015-10-14,45.91727130766126,46.075973749447925,44.99530038215581,45.33537292480469,28989400,1
2015-10-15,45.69809932517569,46.824113365167605,45.41848262395915,46.77121353149414,18147900,1
2015-10-16,47.1793098449707,47.34556814558077,46.922366508948464,47.1793098449707,17456600,0
2015-10-19,46.8543449045406,47.43624598558437,46.786330417591984,47.02060317993164,14510400,1
2015-10-20,47.126411551746,47.47403993462138,46.91481216787844,47.2473258972168,11545100,1
2015-10-21,47.51937498540371,47.57983070539103,46.892129953939175,46.899688720703125,12113400,1
2015-10-22,47.171741978812605,48.04837438907635,47.171741978812605,47.75364303588867,15295700,1
2015-10-23,48.08617370358447,48.5093753829541,47.98792989031864,48.26754379272461,16985200,1
2015-10-26,48.24486295515983,48.35822139879698,47.919905158413314,48.29020690917969,13880200,1
2015-10-27,48.01058653308818,48.25997393699746,47.84433114664008,48.09371566772461,8831900,1
2015-10-28,48.139064555852194,49.6807215567065,48.13150578856918,49.49935150146485,17962000,1
2015-10-29,49.31797758196429,49.748735032943,49.03080210421206,49.28018951416016,12753700,1
2015-10-30,49.348209921025095,49.37843345834943,48.464018664563326,48.55470657348633,15731400,1
2015-11-02,48.70584277431158,49.68827484945798,48.66050170690926,49.52957534790039,15253300,1
2015-11-03,49.34065765316141,49.95278526348537,49.24996973229273,49.71095657348633,11519500,1
2015-11-04,49.884764556865086,49.99056422910724,49.59758907593663,49.76384735107422,11388400,1
2015-11-05,49.71850079247015,50.3835280539473,49.688271494359945,50.209716796875,12715900,1
2015-11-06,51.66824024380303,52.1670091805934,51.46419395075147,51.73625183105469,23262700,0
2015-11-09,51.91763947719099,51.93275701215118,50.69338436532664,50.92765426635742,17143800,0
2015-11-10,50.77651733832669,51.27528648225695,50.58002972858414,51.14681625366211,13239700,0
2015-11-11,51.46421310587444,51.517112948642406,50.82185622493472,50.89742660522461,8513900,0
2015-11-12,50.5271127215502,50.55734201783145,49.83940920386125,49.877197265625,13576900,1
2015-11-13,49.75630384664659,50.00569133585058,49.29532271370334,49.54470443725586,11837000,1
2015-11-16,49.46913828778807,50.31554176362483,49.24998009050037,50.26264190673828,11041100,0
2015-11-17,50.38353939093495,50.43643923311872,49.79408235927283,49.9754524230957,12354800,1
2015-11-18,50.23995298484284,51.048568081823845,50.15682384505181,50.972991943359375,12911400,0
2015-11-19,51.07124000224706,51.25261005505117,50.66315305920029,51.13169860839844,12839500,0
2015-11-20,51.38108522753315,51.47177314551226,50.92009840102785,51.041015625,11209600,1
2015-11-23,50.86720181066735,51.0712481977595,50.46667357052838,50.54224395751953,11339000,0
2015-11-24,50.00569171727382,50.73873665229127,49.90745078092206,50.466678619384766,10910000,1
2015-11-25,50.580022334873696,50.7236100785789,50.29285261311313,50.527122497558594,7772000,1
2015-11-27,50.63290906538381,50.88229641916294,50.36085118228809,50.76137924194336,4052500,0
2015-11-30,50.84452606361853,51.02589612695149,50.39109802246094,50.39109802246094,15147500,0
2015-12-01,50.889863864218114,51.26016850033238,50.62536467102935,51.09391021728516,12708800,0
2015-12-02,51.26016581917389,51.29794812156752,50.23995140415089,50.37598037719727,13440900,0
2015-12-03,50.5044485129818,50.65558924765941,49.55980450712317,49.7260627746582,14626900,1
2015-12-04,49.95278781819725,51.38864826097228,49.89988796973111,51.30551910400391,17786000,1
2015-12-07,51.1316941200144,51.19970572172706,50.17949133649044,50.63291931152344,11686000,0
2015-12-08,50.06614301136,50.60270022949045,49.65049725368466,49.84698486328125,13084500,0
2015-12-09,49.5824822907403,50.31552706897676,49.15172479170912,49.46912384033203,16770200,1
2015-12-10,49.529573922552615,50.255059808359285,49.18194562929,49.58247375488281,12839000,0
2015-12-11,48.97034912279465,49.2424070663607,47.99547290313309,48.41867446899414,17889300,1
2015-12-14,48.53960449009233,48.940132744533486,48.06350008031038,48.56982803344727,17638200,0
2015-12-15,49.174395817370616,50.368427410990456,49.174395817370616,49.952781677246094,18126600,0
2015-12-16,50.56491130459334,51.19215059458367,49.80919603726287,51.033451080322266,21720000,0
2015-12-17,51.313070848364056,51.388641226449366,49.93766921087039,50.088809967041016,18122100,0
2015-12-18,49.85452903498575,49.85452903498575,48.66805648803711,48.66805648803711,23819600,0
2015-12-21,49.13660021158204,49.54468711515134,48.99301824292486,49.52957534790039,18869300,1
2015-12-22,49.816757501241696,49.87721611665447,49.10638894991984,49.6353874206543,12149500,0
2015-12-23,49.96789582205753,50.51956474143162,49.91499598368399,50.42888259887695,12524500,0
2015-12-24,50.34574115720786,50.54978169375428,50.119024324913134,50.33062362670898,4468200,0
2015-12-28,50.09637132047792,50.21728277852571,49.6580550330472,50.16438293457031,6610600,0
2015-12-29,50.5120158938478,50.859650060742034,50.43644550499514,50.68583297729492,9820800,0
2015-12-30,50.6631534937988,50.67071226104507,50.21727847667011,50.32307815551758,7190700,0
2015-12-31,50.0208081407669,50.4666774946396,49.87722035836317,49.8998908996582,14654300,0
2016-01-04,48.65219106634259,48.73587496086976,47.93705145982942,48.40113067626953,25393200,0
2016-01-05,48.46199488837527,48.789129699584144,47.95987701006242,48.48481750488281,16566700,1
2016-01-06,47.71642990812284,48.02835160137248,47.427330833205296,47.7849006652832,22961500,1
2016-01-07,46.75784157603504,47.168666138925744,45.70796045153332,45.85250854492188,27630900,0
2016-01-08,46.50677212512324,46.61328152473508,44.772180938621815,44.82543563842773,22373300,0
2016-01-11,44.75697708129883,45.05368272809351,44.15595631349396,44.75697708129883,20925500,0
2016-01-12,45.228658953454,45.3123457495249,44.201597686443705,44.85587310791016,22971600,1
2016-01-13,45.2362646456788,45.4036382345677,43.29626393747037,43.6234016418457,28808100,1
2016-01-14,44.24725497658336,45.17541359463392,43.58537284677842,44.27768707275391,31296300,1
2016-01-15,42.9463013540592,43.79837949391507,42.7713212031526,43.395164489746094,38131700,1
2016-01-19,43.92010329026311,44.10269290730245,42.99194496612652,43.372337341308594,22818900,0
2016-01-20,42.32245164468871,42.74088262919667,41.58448959237397,42.23115539550781,34646100,0
2016-01-21,42.40614919910551,42.99956045877473,41.88881526425811,42.03336334228516,31301100,0
2016-01-22,42.93868505828936,43.48645094081235,42.832175670501705,43.32668685913086,22732200,1
2016-01-25,42.96913844921964,43.25062809969903,42.29964680549136,42.34529495239258,21114400,1
2016-01-26,42.48983774369872,43.47886048755962,42.45940855173954,43.42560577392578,17535700,1
2016-01-27,43.42559657742471,44.33092941963634,43.02998814409359,43.395164489746094,20560000,0
2016-01-28,43.76034844472039,44.10270223522636,43.083250338033096,43.5777587890625,15497900,0
2016-01-29,43.99619508490158,45.29713665386867,43.75274123072584,45.26670455932617,26992200,0
2016-02-01,45.00802764008081,45.38081346065218,44.460261667702845,44.77979278564453,16807900,0
2016-02-02,44.034226831049125,44.11030415328388,43.17453915941007,43.38755798339844,22448200,0
2016-02-03,43.64623416357652,43.97337194219831,41.858390593850885,43.676666259765625,31543200,0
2016-02-04,43.41038073386802,44.521125819789525,43.41038073386802,44.429832458496094,21651300,0
2016-02-05,44.56678231831064,44.99282001910502,43.68426901886131,43.93532943725586,22001300,0
2016-02-08,43.12889795358959,43.30387814457181,42.25399699867853,43.0147819519043,28267600,1
2016-02-09,42.06379326238036,43.12889026574127,41.94206780764872,42.756107330322266,26300000,1
2016-02-10,43.03760070940849,43.67666012885245,42.20073849682987,42.23877716064453,22389600,1
2016-02-11,41.0062962883317,41.01390285834228,39.94119655272699,40.37484359741211,44334700,0
2016-02-12,42.33768158346695,43.7983872238764,41.972502271200455,43.737525939941406,37011400,1
2016-02-16,44.30050654689568,44.5819961610664,43.851643317840846,44.39179992675781,23730700,0
2016-02-17,44.772184058945015,45.076499138042,44.42222374949807,44.71132278442383,21580100,0
2016-02-18,44.7645875055463,44.77980355312263,43.554939293789424,43.9809799194336,17037800,1
2016-02-19,43.74512029491529,44.254844651400255,43.425592113625605,43.98857116699219,15658200,1
2016-02-22,44.51352163213847,44.795014124642414,44.44505087749751,44.55916976928711,14882800,0
2016-02-23,44.04944674164548,44.19399482744238,42.57352218259013,42.69524765014648,31772500,1
2016-02-24,41.99532020368685,42.76371155027629,41.33343826136094,42.71045684814453,25560100,1
2016-02-25,42.70284885054586,43.3875533845755,42.63437810692655,43.372337341308594,14473300,1
2016-02-26,43.85165107678733,44.2092209892471,43.47125854086494,43.77557373046875,20947500,1
2016-02-29,43.67665932365976,43.828816878277344,42.8245810808308,42.83218765258789,19554100,1
2016-03-01,43.182143048122064,45.03845977783203,43.11367230149893,45.03845977783203,23958100,0
2016-03-02,45.038470335263874,45.571020389149126,44.85588066741361,45.46450805664063,20943100,1
2016-03-03,45.32756111411018,45.61665725708008,44.96238184543408,45.61665725708008,15790600,1
2016-03-04,45.72317737198702,46.065531202665895,45.2895301538486,45.68513870239258,18459000,0
2016-03-07,45.297139614954126,45.68513868815967,45.12976598619338,45.6014518737793,12832400,0
2016-03-08,45.04607082717384,45.266699132912414,44.64285578039665,44.71893310546875,14132900,0
2016-03-09,45.00042561692116,45.29713124788958,44.64285580413156,44.97760009765625,13238800,0
2016-03-10,45.335187791249616,45.396049094911376,43.98099113541835,44.58961868286133,21139200,1
2016-03-11,45.18301241748912,45.274305788177045,44.62003324572233,45.14497375488281,21055000,0
2016-03-14,45.00042561692116,45.12215107839958,44.581991622310376,44.97760009765625,13436100,1
2016-03-15,44.536341936650274,45.04606634871743,44.45265514609271,45.03845977783203,10910500,0
2016-03-16,44.87108376776002,45.45688836778862,44.48308482600781,44.82543563842773,17423900,1
2016-03-17,44.711333448923575,44.985216505004416,44.11792209552467,44.69611740112305,19405700,1
2016-03-18,45.68512655627553,46.38505007981816,45.38842094929256,46.01226425170898,29570200,0
2016-03-21,45.81447209971382,46.27094192361415,45.61666638110314,45.9970588684082,12684400,0
2016-03-22,45.63948518084887,46.08834836583522,45.35799269215028,45.829681396484375,12042700,0
2016-03-23,45.90576703476893,46.03509909178263,45.54059058288005,45.6014518737793,11658700,1
2016-03-24,45.11454621101744,45.27431035136488,44.78740845573597,45.2514877319336,12921200,1
2016-03-28,45.289524184537854,45.45689779129034,45.02325063030806,45.19062423706055,11159700,1
2016-03-29,45.137375548092855,45.137375548092855,44.52874522494474,44.90913772583008,15933400,1
2016-03-30,45.23626406379109,45.82206871520309,45.17540278817313,45.42646026611328,13307100,1
2016-03-31,45.22866441929364,45.59384083541835,44.96999742843478,45.05368423461914,14904700,1
2016-04-01,44.901517546478814,45.69273440508123,44.55155724823052,45.54818344116211,15417500,1
2016-04-04,45.555844801499696,45.65547987249423,45.187964835885374,45.37190628051758,12305000,1
2016-04-05,44.9044022030285,45.08834369255244,44.61316272947009,44.728126525878906,12886600,1
2016-04-06,44.59017324574955,45.12666611491253,44.41389756027402,45.07301712036133,12167900,1
2016-04-07,44.65150398302634,44.78179654170177,43.73946776690697,43.93107223510742,19226800,1
2016-04-08,44.22996187280162,44.8967473332247,44.2146331689659,44.25295639038086,13547700,0
2016-04-11,44.38323369430158,45.12665954433892,44.38323369430158,44.60549545288086,17627800,1
2016-04-12,44.71278864783451,45.51752628657778,44.60549068582209,45.43321990966797,17779200,1
2016-04-13,46.35292944403999,47.6405110611231,46.2762888645008,47.35693740844727,37516800,1
2016-04-14,47.28029298817778,48.21532324340305,47.21898111046582,47.97006988525391,24249900,1
2016-04-15,48.19233436830877,48.20766306951254,47.09635708327084,47.418251037597656,19290700,0
2016-04-18,47.24197910462546,47.96241350006558,47.15767270314621,47.72482299804688,13813100,1
2016-04-19,47.93941444361078,48.65218295849976,47.93941444361078,48.52955627441406,19255600,0
2016-04-20,48.65217751952281,49.28830245846213,48.39926129096755,49.23465347290039,14594400,0
2016-04-21,49.24999042827206,49.55655859923269,48.54488480452292,48.7441520690918,15395800,1
2016-04-22,48.77482503292679,49.34197252941104,48.77482503292679,49.02774429321289,12444700,0
2016-04-25,48.7441520690918,49.01239994959504,48.399266531324535,48.7441520690918,10687200,0
2016-04-26,48.905097224892415,49.10436447013984,48.53721720960069,48.997066497802734,12048000,0
2016-04-27,48.943420654750085,49.54122535253348,48.74415047305519,49.13502502441406,15284100,0
2016-04-28,48.774809470918015,49.372614188275406,48.5525476931541,48.7441520690918,12852500,0
2016-04-29,48.353273727130194,48.75181112468397,48.05437140987745,48.43758010864258,16376400,0
2016-05-02,48.81313081628787,49.05072130009952,48.3916017648453,48.889774322509766,10247300,1
2016-05-03,48.20765309468397,48.215315981874895,47.364592244822205,47.94707107543945,19120300,1
2016-05-04,47.32629083234749,47.717162555244485,46.95841070384109,47.18833541870117,17030200,1
2016-05-05,47.21130971907716,47.51787784235895,46.797446553392135,46.93540191650391,14033900,1
2016-05-06,46.52153366577316,47.27262231690256,46.43722728960503,47.211307525634766,11057900,1
2016-05-09,47.03504505870638,47.43358254260969,46.78979167225065,46.91241836547852,11197100,1
2016-05-10,47.17298859515555,47.71714422682992,47.01970453624229,47.54853439331055,11897200,1
2016-05-11,47.49488389114185,47.977724714337256,47.372257232666016,47.372257232666016,11254000,0
2016-05-12,47.72481486434992,47.94707662606971,47.03503799130594,47.34160614013672,11071700,1
2016-05-13,47.28795956775929,47.82445239378797,46.76679544232008,46.90475082397461,15122300,1
2016-05-16,46.91242045624583,47.51022817056906,46.751473462395815,47.25730895996094,10951300,1
2016-05-17,47.08103326331791,47.64051775883304,46.86643727151789,47.25730895996094,12180900,1
2016-05-18,47.28796548903933,49.18101493229605,47.28029967595936,49.08138275146485,24007100,0
2016-05-19,48.6904965156436,49.2193263930971,48.20765565838218,48.58319854736328,16076200,0
2016-05-20,48.94342643121148,49.19634563237059,48.56788053594066,48.67517852783203,11862000,0
2016-05-23,48.62918174786768,48.95107563353872,48.40692001329471,48.636844635009766,9347500,1
2016-05-24,49.00473967160663,49.64086475126147,48.90510748989573,49.46459197998047,13839400,0
2016-05-25,49.771146275716745,50.7368279595589,49.75581465370624,50.21566390991211,18935200,0
2016-05-26,50.253999856679854,50.26166566962833,49.7481673008185,49.84013366699219,9428400,0
2016-05-27,49.97808520999331,50.16968958781753,49.85546144878263,50.14669799804688,10116000,0
2016-05-31,50.37662795713175,50.44560272968426,49.78648317121832,50.024070739746094,15139400,1
2016-06-01,49.63320160658291,50.52224291379994,49.24999283597344,50.345970153808594,14031000,0
2016-06-02,50.215665498315296,50.43792724609375,49.93976061370488,50.43792724609375,10637600,0
2016-06-03,49.24231929228867,49.709834386816645,48.70582651293442,49.54122161865234,20261700,0
2016-06-06,49.54122394721384,50.39961360398727,49.51056654726109,50.03173065185547,13193500,1
2016-06-07,50.16202339205187,50.38428517030532,49.84779525541874,49.86312103271485,9924100,1
2016-06-08,49.76348611711519,50.18501806077574,49.75582030523921,50.00873947143555,9428000,0
2016-06-09,49.65618382576174,49.740490207169024,49.25764350505442,49.625526428222656,10817800,0
2016-06-10,48.99707446805605,49.1043724578471,48.72882949357841,48.92809677124024,16678400,0
2016-06-13,48.65217313848128,49.31128960512324,48.48356038552743,48.49122619628906,14314900,0
2016-06-14,48.03903852956791,48.6445089225902,47.27262119874985,47.57918930053711,19509300,0
2016-06-15,47.83211475868635,48.26897248792698,47.448906019096285,47.49489212036133,16982100,1
2016-06-16,47.09634738680967,47.747800973765656,46.67481842327049,47.68648910522461,16791200,0
2016-06-17,47.74780397977457,48.06203500041197,47.46423035716286,47.73247528076172,15751500,0
2016-06-20,48.62919259733989,48.93575785347317,47.77846867590726,47.80146026611328,12213200,0
2016-06-21,48.07737033501659,48.284303414775145,47.62518388450361,48.2459831237793,11611600,0
2016-06-22,48.24597606993147,48.828452009399065,48.03904302042775,48.0620346069336,12643500,1
2016-06-23,48.82079099353936,49.165679422601706,48.6904985098267,49.08903884887695,16583600,0
2016-06-24,46.35292640658854,47.28795661867886,45.47921099303223,45.6784782409668,44108700,1
2016-06-27,44.99637853948435,45.02703594648591,43.72412538543181,44.1533203125,37300700,0
2016-06-28,45.36424166951853,45.64015238193732,44.651473303653376,45.61716079711914,29088700,0
2016-06-29,46.260960017470325,46.912413712444,45.98504925416125,46.90475082397461,21483000,1
2016-06-30,47.23430768247441,47.66349957807112,46.766792575927546,47.62517929077149,21343600,1
2016-07-01,47.62517395682264,47.89550704563044,47.23898214629167,47.316219329833984,14217800,1
2016-07-05,46.69059170721888,46.806447485571375,45.64787202358783,45.99544525146485,23357700,1
2016-07-06,45.5783672952412,46.56702057480989,45.38527134289558,46.48978042602539,20429800,1
2016-07-07,46.74465628904397,47.22353330079736,46.46659771886148,46.79100036621094,13771400,1
2016-07-08,47.37029692405197,48.01909644717292,47.37029692405197,47.75648880004883,16998800,0
2016-07-11,48.21219215915592,48.621557549352445,47.99592565246278,48.096336364746094,13151400,1
2016-07-12,48.68333331196511,49.09269858944148,48.57520008839339,48.814640045166016,16588100,1
2016-07-13,48.72195947012184,48.99229255470868,48.3821087964588,48.78374862670898,18526900,1
2016-07-14,50.00412364746085,50.189499995194126,49.4711828529841,49.52524948120117,28985900,0
2016-07-15,50.01184893525488,50.050470480750064,49.13133191191309,49.571590423583984,17607100,0
2016-07-18,49.53297238404856,49.74151931597082,49.3553274049661,49.401668548583984,10824400,1
2016-07-19,49.131336413519705,49.50980284420307,49.0154776592392,49.32443237304688,9737400,1
2016-07-20,49.5175159250368,49.61020408380067,49.208561288643466,49.37848663330078,10411100,1
2016-07-21,49.43256673429384,49.57159606394689,49.14678553285617,49.1931266784668,9808700,1
2016-07-22,49.3553257548522,49.50207466900946,49.123608258868096,49.46345901489258,8195700,1
2016-07-25,49.41711601118367,49.56386787497268,49.185401456523486,49.3321533203125,8168300,1
2016-07-26,49.41711462758569,49.63338409276904,49.208570650307294,49.5329704284668,8067800,1
2016-07-27,49.49435826214768,49.9655128795971,49.47890728524905,49.68745422363281,11806800,1
2016-07-28,49.43255513904006,49.57930992281142,49.216288653157925,49.50979232788086,10013400,1
2016-07-29,49.278097944280674,49.65656739558315,49.23947933408518,49.40940475463867,13210400,1
2016-08-01,49.54840454537492,49.67198284570297,49.131316732732735,49.27806854248047,11422600,1
2016-08-02,49.11589497749057,49.44029776518402,48.9536950568493,49.16223907470703,13550000,1
2016-08-03,49.19312089538118,49.9500566309463,49.16222778407604,49.94233703613281,13122300,1
2016-08-04,49.81103422530111,50.06592231718477,49.64110883071201,49.8651008605957,9873000,1
2016-08-05,50.31307367615934,51.26310821867052,50.25900705294781,51.20904159545898,20752700,0
2016-08-08,51.03140248563799,51.355802299497206,50.85375160119814,51.05457305908203,11359200,0
2016-08-09,51.116355865092665,51.19359306009975,50.73788948458376,50.87691879272461,10097000,1
2016-08-10,50.91554408510462,51.03140284596421,50.32853657763973,50.42121887207031,11556100,1
2016-08-11,50.41348309120499,50.73788873394778,50.22038716013388,50.56023788452149,9604500,1
2016-08-12,50.18175816399935,50.47526177975622,50.09679550549788,50.452091217041016,7685400,0
2016-08-15,50.63745555709059,50.84600238222959,50.56021839300195,50.76103973388672,8371600,1
2016-08-16,50.48300091925053,50.94642997735563,50.39031275050143,50.75333404541016,10128900,0
2016-08-17,50.82284898394901,50.96187828338259,50.62202757525164,50.89236068725586,11868100,1
2016-08-18,50.683815696717176,50.9695938671424,50.61429810606008,50.938697814941406,9313600,0
2016-08-19,50.76106839082242,50.90782321041314,50.374876459538406,50.86920166015625,9084900,1
2016-08-22,50.784223920168245,50.88463167114292,50.52161631324087,50.822845458984375,9055600,0
2016-08-23,51.0313962944611,51.2399373229784,50.79195920749299,50.79967880249024,8949600,0
2016-08-24,50.9695938671424,51.15497018034837,50.79966852644664,50.938697814941406,10167200,1
2016-08-25,50.90780520436998,51.08545012994789,50.81511705222989,51.0313835144043,9978700,0
2016-08-26,51.23222527328981,51.65703288070649,50.86147841009821,51.14726257324219,14038600,1
2016-08-29,51.355798055888165,51.82695265305583,51.332627484358746,51.71109390258789,14583100,0
2016-08-30,51.71108142379671,52.21313195945695,51.71108142379671,52.13589477539063,13791200,0
2016-08-31,52.10499872320021,52.344435761651646,51.64156972598285,52.13589477539063,14952300,0
2016-09-01,52.24404009729287,52.305832215968096,51.479381780354366,51.91191482543945,12226500,0
2016-09-02,52.05867736270032,52.19770670394946,51.734277530726224,52.12818908691406,13720700,0
2016-09-06,52.13590260123428,52.17452414547443,51.525718737725846,52.08956146240234,16649400,0
2016-09-07,51.87329864501953,52.20541802068532,51.71881834989748,51.87329864501953,10070400,0
2016-09-08,51.91963567466867,52.27493148607585,51.74971030990431,51.94280624389648,12253000,0
2016-09-09,51.77288144806014,52.08183612440676,51.471652259147774,51.47937774658203,19686900,0
2016-09-12,51.08546317074231,51.98143119168984,50.79195945327017,51.79605484008789,16453000,0
2016-09-13,51.0622884825079,51.64157627570578,50.83829649533297,51.38668823242188,18876100,1
2016-09-14,51.18585650626376,51.94279499645016,51.139515377842606,51.28627014160156,12648600,1
2016-09-15,51.20132364347541,51.69564881210489,51.04684334526568,51.4716567993164,12531300,0
2016-09-16,51.04684748045248,51.178157217773055,50.544802675858655,50.83830642700195,25161500,1
2016-09-19,51.0931846018118,51.47165097717954,50.86146712711798,51.12408065795898,13466900,0
2016-09-20,51.55661835061121,51.63385555159854,51.16270096490887,51.33262634277344,10092200,1
2016-09-21,51.62612533569336,51.85011732301777,51.21676290441157,51.62612533569336,14116800,1
2016-09-22,51.74198678262988,52.07411203739071,51.6261280392816,52.05094146728515,12781700,1
2016-09-23,52.05093949550649,52.4448568508402,51.888739618091485,51.94280624389648,13967400,1
2016-09-26,51.44075415934464,51.59523443779317,50.6220293084377,50.80739974975586,16408100,1
2016-09-27,50.52161662368504,51.29400026219798,50.28989917500335,51.25537872314453,13711400,1
2016-09-28,51.42530330945672,51.572052191496674,50.969593905176254,51.52571105957031,11278000,1
2016-09-29,51.51797698179868,51.91189421593855,50.47526043761049,50.70697784423828,18727200,1
2016-09-30,51.03911393427539,51.79604662505905,51.03911393427539,51.43302536010742,21680100,1
2016-10-03,51.2476697168279,51.687928296644415,51.17815799556175,51.37125396728516,14901700,1
2016-10-04,51.51127075040564,52.26593011000048,51.4256904558749,51.81468963623047,17226900,1
2016-10-05,52.04031855983799,52.95835701614506,51.97030154480163,52.6627197265625,16280000,1
2016-10-06,52.69382653388068,52.88054446057748,52.164787461859866,52.8027458190918,17485000,1
2016-10-07,52.740519778820094,53.04393872329115,52.43710083434904,52.989479064941406,18497000,0
2016-10-10,53.16840400013396,53.72856375773272,53.08282964306511,53.40180587768555,13027500,0
2016-10-11,53.29290984514707,53.54186918655936,52.8494508327671,53.14508819580078,15657100,0
2016-10-12,53.10616753777119,53.36290247494394,52.94278860114991,53.00502395629883,11899800,1
2016-10-13,52.48377575929386,52.80275797919714,51.98585721633135,52.70161437988281,17890000,1
2016-10-14,53.526303504175225,53.70523984968175,52.35930565977307,52.530460357666016,24163800,1
2016-10-17,52.45264012473796,52.74050161151818,51.92360108200885,52.25814056396485,14963400,1
2016-10-18,52.78720268359735,53.06728264840523,52.546025022213165,52.670501708984375,11870300,1
2016-10-19,52.75608092824515,53.29290183887946,52.75608092824515,53.17620086669922,12705800,1
2016-10-20,52.96614592814718,53.43294389939029,52.85722659937906,53.10618591308593,14122000,1
2016-10-21,52.756067530310204,53.31622730599074,52.67048723482254,53.28510665893555,12175700,1
2016-10-24,53.65857108247152,53.72081240279047,53.29291074517147,53.58077239990234,10197100,1
2016-10-25,53.58853771022487,53.62744001178698,53.19953843723517,53.52630233764648,9945100,1
2016-10-26,53.19175313426973,53.87638959444574,53.19175313426973,53.78302764892578,9801300,1
2016-10-27,54.06311901314495,54.28095766322432,53.75970004544038,53.86084365844727,14210700,1
2016-10-28,54.09423306339605,54.10979635687749,53.26955657859976,53.76747512817383,12766500,1
2016-10-31,54.01644030708007,54.13314127831721,53.86084296920253,53.88418197631836,14336300,1
2016-11-01,54.05532726305077,54.28872320360589,53.160627985115454,53.65854644775391,15564500,0
2016-11-02,53.409590990536685,53.56518829523512,52.91167249271363,53.43292999267578,12449800,0
2016-11-03,53.572958054725376,53.829698892604746,53.07503966737743,53.19951629638672,10369700,0
2016-11-04,53.28511390768884,53.33957356352985,52.62381639086029,52.71717834472656,13571300,0
2016-11-07,53.7441361525957,54.43655432145988,53.68189484995105,54.36653137207031,16515100,1
2016-11-08,54.22648208390992,54.88778542338829,53.86860355873159,54.48322296142578,17531700,1
2016-11-09,55.59577380614744,57.68859173486894,55.48685448765301,56.9883918762207,50948400,1
2016-11-10,57.74305026983311,60.10038480166909,57.74305026983311,59.63358688354492,56192300,0
2016-11-11,59.36128824206608,59.68804618925764,58.9489440489062,59.66470718383789,27574300,1
2016-11-14,60.10039081334948,62.58220820395213,60.10039081334948,61.85866928100586,46130700,1
2016-11-15,60.9717455673955,61.78086473275315,60.512723358433874,61.74196243286133,28126300,1
2016-11-16,60.85504148751635,60.95617915213607,59.81252044750145,60.21708297729492,26054900,0
2016-11-17,60.62942298696751,61.041761239844845,60.372682058914926,60.699440002441406,19306700,1
2016-11-18,60.652759197417225,61.01063777655011,60.333782915526754,60.45825958251953,19770000,0
2016-11-21,60.68388365002732,60.81614197188623,60.13150542138931,60.722785949707024,11983500,1
2016-11-22,60.95620479059056,61.11958382630528,60.4971883477244,61.09624481201172,14410100,1
2016-11-23,61.36072888019538,61.648584456233415,60.598287924288485,61.35294723510742,13373700,1
2016-11-25,61.539673507223455,61.811971765642326,61.04953664206949,61.32961654663086,6185700,1
2016-11-28,60.82394578681147,61.36076685262161,60.69946313099358,60.93286514282226,13007200,1
2016-11-29,60.98726677978945,61.58632860338674,60.98726677978945,61.39960479736328,14144100,1
2016-11-30,62.177639350003226,62.65221891485186,62.00647872849617,62.37213897705077,25351900,1
2016-12-01,62.74558185643436,64.01371730783026,62.74558185643436,63.63249969482422,23823600,1
2016-12-02,63.64027962235156,63.66361862762732,62.94007978579121,63.484676361083984,16931500,1
2016-12-05,64.0292757537153,64.79949256859224,64.02149410711651,64.77615356445312,18529800,1
2016-12-06,65.04067193530275,65.20405090431228,64.13041513553938,65.1106948852539,16130000,1
2016-12-07,65.00176973118073,65.42188365050451,64.4571672810991,65.40632629394531,18996900,0
2016-12-08,65.53082542644677,66.51888104786576,65.30520511763115,66.2232437133789,20844900,1
2016-12-09,66.1454404656988,66.51888241727497,65.460803812744,66.51110076904297,14567200,1
2016-12-12,66.40995197827007,66.74449156839634,65.5774938264197,65.91981506347656,14511300,0
2016-12-13,66.11432164728947,66.65113662886456,65.21184044937038,65.94316101074219,16669000,1
2016-12-14,65.25851159449716,67.00123249618899,65.16515557395981,65.91981506347656,22622600,1
2016-12-15,66.4410695436676,67.28908501432527,66.05207031441387,66.90786743164062,19438900,0
2016-12-16,67.1335031503798,67.1335031503798,66.04430387061463,66.08320617675781,23008500,1
2016-12-19,65.9742719800787,66.47219052111907,65.49969244320314,66.46440887451172,21685100,0
2016-12-20,66.74448849096382,67.32798733504836,66.55777052284077,67.32020568847656,14587300,0
2016-12-21,67.24239666498755,67.53803389691761,66.9311961423128,67.4913558959961,11400500,0
2016-12-22,67.2501610849846,67.8180964029137,67.07121890119237,67.60025787353516,13924200,0
2016-12-23,67.68588254431403,67.80258352893595,67.21908454148496,67.72478485107422,10759400,0
2016-12-27,67.72475957641386,67.81033987082108,67.49135769427484,67.78699493408203,6946400,0
2016-12-28,67.81036458296614,67.98930094691364,67.18018164579566,67.29688262939453,9455600,0
2016-12-29,67.35911705079096,67.42913407238846,66.1609985507504,66.82229614257812,14689000,0
2016-12-30,66.98567751377232,67.23463682552473,66.64336216989913,67.13349914550781,13617800,0
2017-01-03,67.95038149725332,68.27714535602246,66.89230907036537,67.86480712890625,20550700,0
2017-01-04,68.0290789212772,68.20118656345245,67.59099108192143,67.9899673461914,15266600,0
2017-01-05,67.91173026652658,68.14642358415234,66.69916404145742,67.36412048339844,14300800,0
2017-01-06,67.58317511614791,67.7631074840003,67.23114105237146,67.37195587158203,12893300,0
2017-01-09,67.06685784425893,67.8804479428112,66.90256891536866,67.41889190673828,12806600,0
2017-01-10,67.33283418503859,67.98214725418973,67.05902926687233,67.61446380615234,13989000,0
2017-01-11,67.61447225889114,68.12297058105469,67.20767718226051,68.12297058105469,14713100,0
2017-01-12,67.8726366335715,68.27160702309779,67.29372788866961,67.46583557128906,21337400,0
2017-01-13,68.14643076373099,68.97567022797512,67.35630287754577,67.82568359375,28296000,0
2017-01-17,66.44099569616846,66.66786428808183,65.15019452007438,65.36141967773438,30024600,1
2017-01-18,65.42404677108078,65.89343369764481,64.95466581301945,65.66656494140625,21270100,1
2017-01-19,65.76040151010041,66.2376069136595,65.02504060062364,65.16585540771484,16555600,1
2017-01-20,65.26757873342137,65.58050131508617,65.15805672511397,65.45532989501953,18436800,1
2017-01-23,65.16587674600872,65.7134867481763,65.09546633515781,65.48661804199219,12179200,0
2017-01-24,65.65091107267003,66.49580032095328,65.36928132324228,66.2767562866211,15175300,0
2017-01-25,67.15291228220399,67.41107380316389,66.6287705046191,67.30155181884766,17551000,1
2017-01-26,67.23893190359412,68.02123480401289,67.23893190359412,67.86477661132812,15962800,0
2017-01-27,67.79440360898523,68.04474041430377,67.48929984551867,68.00562286376953,12535400,1
2017-01-30,67.42672321149506,67.66923532412379,66.74611719310091,67.30155181884766,13661900,1
2017-01-31,66.9651568216765,67.3954259953903,65.78387724625325,66.2063217163086,15655100,1
2017-02-01,66.9182194218256,67.35630732339891,66.24543816240941,66.45665740966797,15430900,1
2017-02-02,65.97943492294797,66.42535338141248,65.83862610679937,66.17501068115234,11081400,0
2017-02-03,67.42673887704989,68.30291495514561,67.1764020020937,68.20121765136719,17885200,0
2017-02-06,67.89611205667325,68.41242919138305,67.75529720747944,67.88046264648438,11828400,0
2017-02-07,68.16989737907546,68.37329787332973,67.65358039335246,67.8413314819336,9392800,1
2017-02-08,67.41888804945076,67.52058531382633,66.78522438584224,67.24678039550781,13970900,0
2017-02-09,67.24678074834037,68.31853825538143,67.24678074834037,68.21683502197266,13749100,1
2017-02-10,68.43591020839094,68.43591020839094,67.97434805729026,68.0604019165039,10992500,1
2017-02-13,68.40459503557163,69.42158563406169,68.39677033224098,68.96002960205078,18739100,1
2017-02-14,69.07738199868606,70.17260181568419,68.9287424655933,70.06307983398438,17932100,1
2017-02-15,70.46989550858038,71.08791594416282,69.89881136961128,70.86886596679688,17381800,1
2017-02-16,70.7202021586796,71.22087567033228,70.2273473807878,70.8218994140625,17672700,1
2017-02-17,70.26647966123484,70.77497798179957,70.16478238452203,70.58722686767578,15776600,1
2017-02-21,70.80628936263946,71.3069631103558,70.76717180139525,71.19744110107422,14068300,1
2017-02-22,70.8141048033783,71.42430650047051,70.73587565303364,71.2365493774414,11839000,0
2017-02-23,71.33040783159939,71.4555732431676,70.81408484156823,71.29129028320312,11067000,1
2017-02-24,70.54812722368754,70.8297569506086,70.19609304928713,70.66547393798828,15062300,0
2017-02-27,70.65765188702453,70.97839918693168,70.42295844960456,70.74370574951172,12361000,0
2017-02-28,70.28994191418793,71.04877697949462,70.08654140930682,70.89231872558594,15183500,0
2017-03-01,72.5899157153083,73.52085844696458,72.44910089849053,73.22357940673828,24451400,0
2017-03-02,73.43482369087795,73.47393528051443,71.99538230412438,72.08143615722656,16862500,0
2017-03-03,72.08140961545233,72.84024460329852,72.08140961545233,72.59773254394531,12817500,1
2017-03-06,72.1674708780726,72.22223186384714,71.2678209959197,71.90930938720703,15059200,0
2017-03-07,71.69025657326218,72.04229058560976,71.353865996986,71.51033020019531,11156800,1
2017-03-08,72.5038841233859,72.63687427769982,71.26784323758187,71.35389709472656,17378400,1
2017-03-09,71.65896618603512,72.08141059641504,71.30693216163482,71.635498046875,13726200,1
2017-03-10,71.93277973303678,71.9718972820031,70.8219105769937,71.40863800048828,13729900,0
2017-03-13,71.43209675061046,71.79978017595089,71.13482371045184,71.4712142944336,10004300,1
2017-03-14,71.20524435288722,71.69809925597067,71.00966852620344,71.58857727050781,10237700,0
2017-03-15,71.81543450695835,72.40216189355606,71.29128683887136,71.76067352294922,16601400,1
2017-03-16,71.99535193700865,72.6055473881744,71.63549323423139,71.69025421142578,14492000,0
2017-03-17,71.83891236498046,72.00319533923012,70.91579424645826,70.93926239013672,21734700,0
2017-03-20,70.61852201011801,71.32259623109896,70.24301973792885,70.43077087402344,14623600,0
2017-03-21,70.68890427691665,70.90794817658106,68.1073018171606,68.36546325683594,33089200,0
2017-03-22,67.97433247477579,68.89745059685869,67.28590772738364,68.47500610351562,21741000,1
2017-03-23,68.22464846869472,69.23382012229031,68.13076995376771,68.36546325683594,16090100,0
2017-03-24,68.67839830215335,68.91308567988459,67.88044569976786,68.28724670410156,16093200,0
2017-03-27,66.91037805734845,68.37328689083215,66.67569072644368,68.24811553955078,16689300,0
2017-03-28,68.07603957285075,69.640646380458,68.04475268897976,69.31208038330078,16264400,0
2017-03-29,69.31207847975787,69.48418617882822,68.90528334709252,69.05391693115234,10207600,0
2017-03-30,68.99912455551257,69.9848280401623,68.93654484944628,69.6484375,11631000,1
2017-03-31,69.39812000853081,69.42158815087372,68.6471096110572,68.71751403808594,16987600,0
2017-04-03,68.83487717076949,68.97569202698371,67.74747587997696,68.46719360351562,19831800,1
2017-04-04,68.36490442803493,68.97860614716474,68.23115015649017,68.69535827636719,14280800,0
2017-04-05,69.56871263770819,69.66313060610432,67.76694359301753,67.81415557861328,17635500,0
2017-04-06,67.64892109784415,68.38064376369043,67.07455569232827,68.04232025146484,14379600,0
2017-04-07,67.60955963416889,68.30193978745143,67.43646309515,67.80625915527344,13097100,0
2017-04-10,67.72759946857701,68.20754691437938,67.1925763815905,67.57023620605469,15081600,1
2017-04-11,67.30274635003113,67.4994459807001,66.72051712403395,67.45223999023438,14690500,1
2017-04-12,67.60959102405354,67.62532435181768,66.9014712187516,67.19258880615234,14730600,1
2017-04-13,67.27124616846662,68.44357380687748,66.40576934814453,66.40576934814453,30529800,1
2017-04-17,66.43724471495503,67.72759333684259,66.38216907875717,67.55449676513672,19071700,1
2017-04-18,67.16110329141702,67.37353619094444,66.67328618496883,67.00374603271484,14127000,1
2017-04-19,67.27125867215834,67.6017125372455,66.37430903675316,66.45298767089844,17588500,1
2017-04-20,66.86211788922715,67.49155288720226,66.52379440180262,67.31059265136719,15635800,1
2017-04-21,67.27126344024144,67.41288739285903,66.49233470224243,66.50019836425781,19820600,1
2017-04-24,68.09738513078408,69.27758240512838,67.99509752521956,68.84484100341797,25468300,0
2017-04-25,69.67098225445093,70.12732064337149,69.44281005859375,69.44281005859375,18253800,1
2017-04-26,69.5136385486294,70.06440103909485,69.34841160232843,69.57658386230469,12832200,0
2017-04-27,69.5293648466225,69.5293648466225,68.4593187258825,68.931396484375,13329000,0
2017-04-28,68.92354732028532,69.12024694505942,68.41212709531344,68.45146942138672,10755600,0
2017-05-01,68.73467614769467,69.03365723707441,68.10523532471434,68.4986343383789,15712300,0
2017-05-02,68.22328663141617,68.35704091499625,67.68039382973852,68.05805969238281,14414200,0
2017-05-03,67.71187691134134,68.53014807073713,67.68040425104194,68.45146942138672,11540500,0
2017-05-04,68.99432722006286,69.02579986435705,68.11311118820468,68.53011322021484,11540100,0
2017-05-05,68.64816904616082,68.71897802973734,67.99512485123974,68.45146942138672,9436000,1
2017-05-08,68.4829072551701,68.70320976243637,68.17605647679308,68.53011322021484,8162200,0
2017-05-09,68.65599123304052,69.11232948481167,68.05802310646783,68.25472259521484,10273900,0
2017-05-10,68.08163729822213,68.82909908024853,68.03443133404113,68.78975677490234,8334900,0
2017-05-11,68.5222651547879,68.82912203267095,67.94003605882534,68.57734680175781,10907400,1
2017-05-12,68.19965890808541,68.49077636335892,67.93214443514351,68.38848876953125,8738800,0
2017-05-15,68.53011848677411,68.83696928873272,68.34128860929042,68.71894836425781,8835600,0
2017-05-16,68.7346969181036,69.30905629005125,68.71895759123703,68.931396484375,9795000,0
2017-05-17,68.9313991120749,68.9313991120749,66.06745379821173,66.3034896850586,24679700,0
2017-05-18,66.1461185870733,66.72048386353308,65.58749263478686,66.0595703125,23350100,1
2017-05-19,66.25628290776487,67.1453628094563,66.20907693152475,66.70475769042969,13412900,0
2017-05-22,67.01948101971163,67.10602931498283,66.25628569020822,66.64181518554688,11636000,1
2017-05-23,66.68113188327987,67.71970502471306,66.49230204014451,67.47579956054688,11753000,0
2017-05-24,67.57022427917717,67.64103923551127,67.06667393357722,67.43647003173828,9833800,1
2017-05-25,67.65677915446426,67.72759411770319,66.94079587563729,67.15322875976562,12238500,0
2017-05-26,66.96439511601555,67.31845190401923,66.89358015673851,67.16109466552734,8113500,0
2017-05-30,66.98014885371664,66.99588818403936,65.91797216316952,66.01239013671875,12603200,1
2017-05-31,65.87861779052265,65.94942674918434,64.23420638455974,64.6354751586914,28327900,0
2017-06-01,64.87938554969342,65.36720264506056,64.2420808627933,65.3514633178711,17123500,1
2017-06-02,64.7456331467395,65.29638955833863,64.50172759343054,65.02101135253906,14998500,0
2017-06-05,65.02103236045352,65.70554926699987,64.97382636786296,65.13905334472656,9080200,1
2017-06-06,64.7456279911171,65.47735059557237,64.61973739117916,65.27278137207031,12196800,0
2017-06-07,65.54815705473224,66.17759802481515,65.38293015071412,66.0202407836914,13711100,0
2017-06-08,66.02024371246118,67.45221628027026,66.0045043859742,66.83850860595703,17951000,0
2017-06-09,67.27910521200029,68.49077497032019,67.18468728180122,68.41996002197266,19120200,1
2017-06-12,68.41998302268682,69.03368476830629,68.36490737892083,68.43572235107422,16053400,1
2017-06-13,68.88420325064129,69.12023917214911,68.43572839670139,68.66389465332031,12557200,0
2017-06-14,68.27048735181458,68.6953591634977,67.52303135148738,68.52226257324219,16175700,1
2017-06-15,67.86134584476486,68.51438980197055,67.85347618185561,68.11312103271484,12509700,1
2017-06-16,68.33341243116332,68.41996070067276,67.68036858042588,67.80625915527344,16936600,1
2017-06-19,68.42782778367247,69.41919501346288,68.33340985609483,69.29330444335938,15972300,1
2017-06-20,69.04155433315542,69.17530861028105,68.74257312496958,68.86058807373047,11197800,1
2017-06-21,68.82912344023552,68.88419908553672,68.2626276583973,68.5458755493164,10005900,0
2017-06-22,68.39639225090276,68.73471583812884,68.17608963648505,68.46720123291016,12180600,1
2017-06-23,68.9707574061457,69.23826600710379,68.14461660380617,68.34131622314453,18812000,0
2017-06-26,68.45928338428791,68.97856684971514,68.15243269953746,68.64024353027344,10082400,1
2017-06-27,69.01008856567282,69.97785326164906,68.84486161812478,69.27760314941406,15415200,1
2017-06-28,69.7103095329089,70.86690368498328,69.7103095329089,70.67020416259766,17466200,1
2017-06-29,72.65296854052845,72.8968801504867,71.0557685914415,71.71668243408203,27697800,0
2017-06-30,72.35394266237981,72.38541530241159,71.72450787012117,71.91333770751953,16892700,1
2017-07-03,72.4354959772222,73.95446251272136,72.31683190366269,73.37693786621094,13208100,0
2017-07-05,73.66965751532146,74.19971050271685,73.26618155312214,74.11268615722656,17535400,0
2017-07-06,74.00194930668704,74.76934272617953,73.47980309044151,73.8753662109375,16596100,0
2017-07-07,74.33418619400193,74.50032190279144,73.75666768761147,74.24716186523438,12817800,0
2017-07-10,73.97027610400667,74.11267901601371,73.645911568286,73.72502899169922,13987200,0
2017-07-11,73.83580201147568,73.83580201147568,73.00511717358856,73.44023895263672,13262300,1
2017-07-12,73.2661688766535,73.4402175375203,72.8389601733836,73.18705749511719,13540100,0
2017-07-13,73.32947295135601,73.87534580248658,73.05257401485223,73.6538314819336,12820100,1
2017-07-14,71.84217575825447,73.2662054806024,71.66022009339667,72.98139953613281,22235200,1
2017-07-17,72.64119457902751,72.77568456061626,72.19025296631429,72.30101013183594,14374200,0
2017-07-18,71.55733606715354,72.45131220739829,71.45449187185788,72.04783630371094,14719400,1
2017-07-19,72.2614300453662,72.48295034671435,71.99245016173145,72.15067291259766,11651200,1
2017-07-20,72.11112024278663,72.56206172214745,71.91333878629835,72.15067291259766,11561700,0
2017-07-21,72.0399388985515,72.27727913682797,71.61273009114163,71.90544891357422,10971300,0
2017-07-24,71.96082154524346,72.41967608218866,71.92126886601112,72.21398162841797,10725100,1
2017-07-25,73.07630425645682,73.98609424642919,72.9971868348837,73.41648864746094,16447700,0
2017-07-26,73.653818656302,73.72502312454493,72.53042134865487,72.72820281982422,11815500,0
2017-07-27,72.64911138870838,72.83106701209661,72.1190583490113,72.42759704589844,12332400,1
2017-07-28,72.34847160227045,72.5858118209145,71.92126886601112,72.21398162841797,9351900,0
2017-07-31,72.39594656142074,73.0684024970916,72.38803361088925,72.62537384033203,11520300,1
2017-08-01,73.17121819383374,73.68545113333997,73.00508251229672,73.59842681884766,12523700,0
2017-08-02,73.47188983143168,73.74086983295871,73.18708392639502,73.66175842285156,10165600,1
2017-08-03,73.33741445414144,73.6775990456651,72.9734970364814,73.17919158935547,11078800,0
2017-08-04,73.9702949706603,74.68230971229995,73.94656215190791,74.09687805175781,14324000,0
2017-08-07,74.27880864017744,74.51614881930034,74.136405739866,74.38165283203125,7978300,0
2017-08-08,74.32628752791294,75.33102095827816,74.04939462672225,74.11268615722656,13745400,0
2017-08-09,73.55888009470777,74.11266574456135,73.44021001665031,73.9939956665039,11214400,0
2017-08-10,73.4956129688931,73.63010295193949,72.83897688346015,72.93391418457031,13252300,0
2017-08-11,72.88645166242598,73.31366051731162,72.18234985598863,72.32475280761719,10679500,1
2017-08-14,73.07630288405343,73.49559865294427,73.04465712318088,73.17123413085938,10994800,0
2017-08-15,73.81997833561704,74.01775987100199,73.29783822082378,73.36112976074219,8812700,1
2017-08-16,73.60635533996114,73.75667119421728,72.6886463878041,72.85478210449219,11085400,0
2017-08-17,72.5937265522671,72.75194934470369,71.59690605964124,71.715576171875,13837500,0
2017-08-18,71.44658925010654,72.41967691475928,71.35165799020753,71.78677368164062,13040700,0
2017-08-21,71.87379385902759,71.94499833563515,71.32792103882655,71.69974517822266,11502100,1
2017-08-22,72.04785101403455,72.55417121639516,71.99247243052051,72.43550109863281,9211800,0
2017-08-23,71.88963233076556,73.05258265115313,71.86589347720343,72.52252960205078,8811300,0
2017-08-24,72.72820362482564,72.87851947603781,72.31682081599702,72.40383911132812,8623200,0
2017-08-25,72.68867365679637,73.16335420919387,72.62538814751547,72.69658660888672,11794600,1
2017-08-28,72.91019788902632,72.93393071072828,72.09533278376882,72.4671630859375,7292900,0
2017-08-29,71.55735343596743,72.2377223658336,71.4465962646695,72.07158660888672,10886100,1
2017-08-30,72.1902357951716,72.68864292146807,72.14277017432757,72.23770141601562,9165300,1
2017-08-31,72.63328345842969,72.66492922592076,71.83425046357907,71.90544891357422,13217400,1
2017-09-01,72.19024511573134,73.06839542959317,71.95290490924516,72.54624938964844,9815800,1
2017-09-05,72.00830161993322,72.07950611413547,70.42604927373038,70.81370544433594,16897300,1
2017-09-06,71.20132863733139,71.61271143592339,70.91652283991715,71.2883529663086,11845700,0
2017-09-07,71.28838730325612,71.30420717259389,69.68240197173424,70.03840637207031,14592300,1
2017-09-08,69.86434588299687,70.74249636103855,69.80896729590475,69.95137023925781,14242200,1
2017-09-11,70.71875802458105,71.399126919085,70.37066062670102,71.03520965576172,13219000,1
2017-09-12,71.33583717036107,72.1902547851808,71.28045858620496,71.90544891357422,14003800,1
2017-09-13,71.68395137082538,72.38805326397043,71.45452402962545,72.11116027832031,12485400,1
2017-09-14,72.15069799377228,72.41177105568622,71.78678071162551,71.96874237060547,10562800,0
2017-09-15,72.05576239823732,72.55416963902802,71.80260230256086,72.48297119140625,18171800,1
2017-09-18,72.72821575787404,73.68547752432922,72.66492422724579,73.51142883300781,11318700,1
2017-09-19,73.34529457646987,74.6506537519882,73.19497869713854,74.3183822631836,12626100,1
2017-09-20,74.44495974299872,75.38640166947145,74.13642106783438,74.84052276611328,15311600,1
2017-09-21,74.7297606345328,75.44968818593121,74.51615927200857,75.18070220947266,10851500,1
2017-09-22,74.91963357755814,75.14115393885228,74.70603220250466,75.0224838256836,8358300,0
2017-09-25,74.7693312452491,75.06204404654859,73.93073345421176,74.4607925415039,10463400,1
2017-09-26,74.19181632679377,74.38959788280924,73.84371885674604,74.12852478027344,9358100,1
2017-09-27,75.13322647060811,75.72657088598832,74.82468785747533,75.29936218261719,15090200,1
2017-09-28,75.62373156115783,75.85315882581435,75.08577167469582,75.45759582519531,10270400,0
2017-09-29,75.39432717857594,75.56836986765435,75.1728067786499,75.56046295166016,11438400,1
2017-10-02,75.76616596678745,76.64431667593463,75.52091873595326,76.6126708984375,13797200,1
2017-10-03,76.60473801425776,77.07941244418491,76.55726634619604,77.01612091064453,9633500,1
2017-10-04,76.9765474973476,77.0873046333072,76.169595751572,76.2328872680664,12166600,1
2017-10-05,76.39206461214951,77.5061167686292,76.0339792377184,77.25942993164062,14236200,1
2017-10-06,77.62547226359686,77.69708690236881,76.7660601717624,77.1241455078125,10231900,1
2017-10-09,77.15597429396664,77.24350734207663,76.50345907147991,76.71831512451172,7765100,0
2017-10-10,76.75810070133795,77.33104209391892,76.58303460126098,77.29125213623047,10631500,0
2017-10-11,77.05255559078665,77.19579098538175,76.50348556632258,77.06050872802734,14283600,0
2017-10-12,77.42653932942562,77.58568702822478,76.08967801778778,76.38410186767578,18251600,1
2017-10-13,75.97825665896524,76.95702632581408,75.5644630195882,76.2806396484375,13190600,1
2017-10-16,76.66261336474443,77.94377237450287,76.66261336474443,77.85623931884766,12434000,1
2017-10-17,78.03926057107235,78.12679362216765,77.44244762511093,77.6811752319336,10335700,1
2017-10-18,78.10293949273543,78.42124101578212,77.68914569144576,77.97561645507812,10158600,1
2017-10-19,77.33901672982533,78.14272060984435,77.25943679857116,78.07110595703125,9133900,1
2017-10-20,79.00210198749745,79.48751023713454,78.56444289216655,79.18512725830078,15326600,0
2017-10-23,79.18514794559017,79.5671048532626,78.97029187281579,79.04986572265625,9238600,0
2017-10-24,79.47954021099497,80.52197726424353,79.38405405757199,80.30712127685547,13000800,0
2017-10-25,80.56975934327087,80.72890705674507,79.72626553388467,80.38673400878906,14632700,1
2017-10-26,80.64932114645396,81.50077403558765,80.62544960011019,80.95966339111328,13054400,0
2017-10-27,80.7129606654239,81.34956339296478,80.41057770894344,80.98351287841797,10400400,0
2017-10-30,80.4742443957362,81.11084721243724,80.26735364073862,80.69705963134766,8839500,0
2017-10-31,80.66525812785495,80.92785126918254,80.02865508035931,80.06048583984375,8690200,1
2017-11-01,80.45035657808312,80.92780555847754,80.15593284357135,80.30712127685547,8418200,0
2017-11-02,80.26734344852102,80.9835139375035,79.70236140420921,80.84027862548828,8731800,0
2017-11-03,80.45037285255144,80.79254580408673,80.1559490584801,80.69705963134766,7103500,0
2017-11-06,80.64135044115801,80.9198679650391,80.10024594494053,80.19573211669922,8121500,0
2017-11-07,80.02066684804291,80.17186138297939,78.18248517000222,78.58036041259766,18822600,1
2017-11-08,78.19839549732004,78.277975400668,77.30715886232748,77.69707489013672,18524700,0
2017-11-09,77.28330423577836,78.1586287243517,77.03661740937369,77.68913269042969,13697800,1
2017-11-10,77.83235707443723,78.25410388221665,77.58567635390844,77.59363555908203,9314000,1
2017-11-13,76.9411274904944,78.02334879265663,76.88542519131377,77.87215423583984,9303100,1
2017-11-14,77.45836648803994,77.80849872190372,77.06845036375256,77.40266418457031,11043800,1
2017-11-15,76.70240440212862,78.5724172089321,76.35227217459081,78.13475799560547,15384100,1
2017-11-16,78.40530992935348,78.82705679901528,78.23024381641561,78.3575668334961,9808000,0
2017-11-17,77.84031552111485,78.30981148426619,77.64137789137665,78.09495544433594,9017900,1
2017-11-20,78.34164512236136,78.89867419199226,77.79258132983213,78.78726959228516,9483200,1
2017-11-21,79.17716451968323,79.21695446797986,78.70767469947039,78.72358703613281,13389400,1
2017-11-22,78.80316291705452,79.193078921938,78.45303079041163,78.4928207397461,7342200,1
2017-11-24,78.64403182518811,78.69973412333154,78.19045423427869,78.23819732666016,3680000,1
2017-11-27,78.23023182850389,78.8827470133117,77.92784881591797,77.92784881591797,13076200,1
2017-11-28,78.15067919006816,80.92784756363551,77.95970071300268,80.65729522705078,16773000,0
2017-11-29,81.49282986765144,82.9331366524262,81.13473841980803,82.54322052001953,21105500,1
2017-11-30,83.34691057409762,84.87475623802554,82.78988761976105,83.17184448242188,23945900,1
2017-12-01,83.47423654015739,83.80845032462835,81.32570634478314,83.38670349121094,19683500,1
2017-12-04,85.72619733819535,86.25934867447569,84.96227157532036,85.10550689697266,23576600,1
2017-12-05,84.01535016195656,85.47157522320542,82.85355500955274,84.12675476074219,17193900,1
2017-12-06,83.99146777678659,84.15857465340119,83.17979886626485,83.49810028076172,15476200,1
2017-12-07,82.71825404055885,83.70498893624436,82.54319404722166,83.25141143798828,13371800,1
2017-12-08,83.35489807055473,84.30184348541991,83.0286373214981,84.29388427734375,13506900,1
2017-12-11,84.12672347472926,84.39727566513677,83.8004629345511,84.04714965820312,10591200,1
2017-12-12,85.07369673355912,85.43974126886587,83.98351626218597,85.02594757080078,15508800,1
2017-12-13,84.90659494048715,85.23285563269434,83.93578421274668,83.95965576171875,15020300,1
2017-12-14,84.44503614828047,84.70762917095934,83.26732286387463,83.28324127197266,13034200,1
2017-12-15,84.18245652239315,84.76335105933677,83.71296051242827,84.46096801757812,29350600,1
2017-12-18,85.29652785269853,85.64665406673902,84.7315455287433,85.1135025024414,12713100,1
2017-12-19,85.42383691841219,85.53524153136046,84.69970693424852,84.75540924072266,12149900,1
2017-12-20,85.62276316256062,85.72621462584023,84.42117805922516,84.46096801757812,13091500,0
2017-12-21,84.81905104662886,85.99676457129203,84.7951795007058,85.8057861328125,12323700,0
2017-12-22,86.10020031678106,86.30709714343202,84.99410762487292,85.50338745117188,14573400,1
2017-12-26,85.30446735464582,85.93311109743696,84.66787047653393,85.1612319946289,7403700,1
2017-12-27,84.88270831143686,85.37607582989374,84.88270831143686,85.32037353515625,9496500,0
2017-12-28,85.46359885273755,85.81372491956068,85.27262044618911,85.77394104003906,7440600,1
2017-12-29,86.01267296146413,86.16386750682676,85.09756469726562,85.09756469726562,8925700,0
2018-01-02,85.64663568325813,85.95697793443617,84.99412042807667,85.90127563476562,13578800,0
2018-01-03,85.82965998705873,86.33098067821082,85.52727694540918,85.98880767822266,11901000,1
2018-01-04,86.67673542644341,88.01256034926544,86.54874913067192,87.22066497802734,12953700,1
2018-01-05,87.39662970780994,87.6286002563522,86.21278106399457,86.66072082519531,14155000,1
2018-01-08,86.508741577974,86.93268542252277,86.148784766449,86.78870391845703,12466500,1
2018-01-09,86.96468583452591,87.69258795195748,86.7807070868067,87.22865295410156,13292300,0
2018-01-10,87.56460451780313,88.54847305018218,87.5006113816116,88.18852233886719,15834500,1
2018-01-11,88.5244653477551,88.73243996128983,88.02853386519143,88.66044616699219,13676800,1
2018-01-12,89.30837646352086,90.26824908102236,88.66045664912217,90.124267578125,18884200,0
2018-01-16,89.19638956715812,90.7321881624828,88.84443343387578,89.80430603027344,22703300,1
2018-01-17,89.50037218262737,90.62822858825832,89.03643099012432,90.38025665283205,14940300,0
2018-01-18,90.19625873568944,90.9641580277142,89.80430537096763,90.59620666503906,14572900,0
2018-01-19,91.14012830471508,91.4600817386764,90.22824759194008,90.39622497558594,18785500,1
2018-01-22,90.1162779297034,91.50009446380976,89.98829165226937,91.4521026611328,12475700,0
2018-01-23,90.92416510264636,91.70006509879042,90.66819865984102,91.35610961914062,12320800,0
2018-01-24,91.87603500365977,92.78791575649733,91.71605827965068,92.5239486694336,15904500,0
2018-01-25,92.8199185168611,92.92390278413508,92.05201920546864,92.5479507446289,13510000,0
2018-01-26,92.54795424609344,93.04389190673828,91.95603298209387,93.04389190673828,13883900,1
2018-01-29,92.80390974458386,93.86777264288284,92.80390974458386,92.94789123535156,11679900,0
2018-01-30,92.411974106841,93.2678624919982,91.97203501511288,92.07601928710938,14279100,1
2018-01-31,92.50795343812102,93.31584993062476,92.1160061923942,92.5239486694336,13141400,0
2018-02-01,92.60392785121408,93.57980163800106,92.3719634552128,93.48381805419922,13800600,1
2018-02-02,93.17986316122736,93.52381861088254,91.26011195623838,91.41209411621094,16477300,1
2018-02-05,90.3882155589997,91.6600468132234,83.17315891373474,87.02865600585938,30097600,1
2018-02-06,85.46891274661647,89.97233252166373,85.27693935615488,89.6763687133789,33114800,1
2018-02-07,89.22838605585048,91.54807917889822,88.90842648975801,90.28424835205078,21878300,1
2018-02-08,90.47621276954882,90.47621276954882,86.26075856321252,86.29275512695312,27425800,1
2018-02-09,87.26864185726049,88.82844253082479,84.97294451980056,88.02054595947266,28188000,1
2018-02-12,88.92441546872502,90.17225707846598,88.04453130088456,89.38035583496094,18043300,0
2018-02-13,89.04441181105376,90.42823441051128,88.62846862606898,89.93229675292969,16358200,1
2018-02-14,90.09227255514293,92.20399723202868,90.01228418609993,92.01202392578124,15186900,0
2018-02-15,92.57994583725272,92.7799198037855,91.36410680593072,92.3959732055664,12130200,0
2018-02-16,91.6280637805419,92.84390267750088,91.588066550567,91.73204803466795,13214300,0
2018-02-20,91.70808118905052,92.30000254332091,91.16415164377648,91.75607299804688,13461500,1
2018-02-21,91.98801723439055,93.94775950829585,91.72405015506502,92.13999938964844,14212500,0
2018-02-22,92.38797381056791,93.13187722042422,91.79605257024052,91.97203063964844,17070400,1
2018-02-23,92.23600063127674,93.89978568256625,92.23600063127674,93.8357925415039,12162500,0
2018-02-26,94.49967661436736,95.10759904936866,93.84376239069114,95.00360870361328,16511200,0
2018-02-27,95.1156192167892,95.4515740118346,93.86777753091604,93.8757781982422,17563300,0
2018-02-28,94.24374364973328,94.77967248900866,92.25999894402356,92.3879852294922,17735600,0
2018-03-01,92.3719975784876,93.29987381342154,90.10829031587777,90.73220825195312,18690000,0
2018-03-02,89.90031488814289,90.83619178446772,88.88444960886012,90.64421844482422,18353700,0
2018-03-05,89.62831386759507,92.73190692572392,89.50032762880059,92.03599548339844,13933000,0
2018-03-06,92.49997450093704,92.64395602745726,91.44411200736272,92.11602783203124,10674400,1
2018-03-07,90.98816349978864,92.06802180209893,90.476230584579,91.77206420898438,13006500,0
2018-03-08,92.07600820564892,92.17199790090042,90.55620492913118,91.78004455566406,11173700,0
2018-03-09,93.2278651267245,94.4517048187492,92.523952862653,94.41970825195312,15366600,0
2018-03-12,94.38770719518152,94.9876290629475,93.78778532741552,94.1157455444336,12339300,0
2018-03-13,94.54769436775716,94.76366968154508,92.65194496184948,92.98789978027344,13312300,0
2018-03-14,93.2358536776094,93.25984957547844,91.66805862205206,91.9480209350586,12905100,0
2018-03-15,92.683915606395,92.7878998489017,91.85202335818192,92.1799774169922,8748000,0
2018-03-16,92.26000185558726,93.26787252593232,92.26000185558726,92.33999633789062,19888900,0
2018-03-19,92.06801622134564,92.34797856383057,90.62820727311396,91.61207580566406,13214900,0
2018-03-20,91.88405199994266,92.347987023106,91.54809105546462,91.7000732421875,9921200,0
2018-03-21,91.83603701888056,93.29184716523064,91.35610074806463,91.78004455566406,13633000,1
2018-03-22,90.54822461802546,90.86818423807206,87.62060843599612,87.94856262207031,22550400,1
2018-03-23,88.20451119632938,88.72444471054358,85.39688120447038,85.59685516357422,23081500,1
2018-03-26,87.34066197193836,88.91645835305914,86.90871732157608,88.23654174804688,20217500,0
2018-03-27,88.844410230866,89.3403477343588,85.82880629419661,86.52471160888672,18039900,1
2018-03-28,86.6127256702705,87.32463252150208,85.30889757140486,86.38875579833984,19189300,0
2018-03-29,86.78869834635633,88.6124598789504,86.21277236706958,87.96454620361328,13274600,1
2018-04-02,87.9565335262022,88.57245665433899,84.85294029827153,86.26875305175781,18822500,0
2018-04-03,86.67671388774546,87.58859465899125,85.79682968249156,87.4526138305664,14050700,1
2018-04-04,85.66885418671953,88.95642699728886,85.60486104669208,88.78044891357422,15302600,0
2018-04-05,89.74517133640104,90.70991754328296,89.55222454849178,89.94615936279297,16627000,1
2018-04-06,88.87690810619895,89.68086021522411,86.6821161497464,87.70313262939453,18906000,0
2018-04-09,88.44279150086658,90.8305307392922,88.34631501973404,88.75633239746094,15974300,0
2018-04-10,90.1471766702216,90.74210583782364,89.57637122590326,90.4526824951172,13951400,0
2018-04-11,89.76930806855245,89.88989599493883,88.85279689233522,88.93319702148438,14503300,0
2018-04-12,89.68892317555178,91.96410982279802,89.64068799680315,91.14408111572266,16435500,0
2018-04-13,92.47059118485986,92.57510890978986,87.67100108861541,88.67594146728516,39152800,0
2018-04-16,89.19047218089487,89.61656592833059,88.26592578784731,88.60358428955078,16580500,0
2018-04-17,89.53617192321111,89.97834201820295,88.42671379808627,88.60358428955078,15501400,1
2018-04-18,88.86084302980693,89.29497798973253,87.54236180351539,87.8880615234375,16081400,0
2018-04-19,88.056870744946,89.9381218102828,88.03275316382219,89.8175277709961,17911000,0
2018-04-20,90.28383606983738,90.6375708730407,89.14221926456939,89.6165542602539,15584400,1
2018-04-23,89.69694774650213,90.00244737791628,88.94123070698409,89.18241882324219,11285800,0
2018-04-24,89.84163599752897,90.76618202423693,88.10509673341657,88.76434326171875,16453100,1
2018-04-25,88.65181005063327,88.86083934867952,87.30921129335333,88.42670440673828,13548200,1
2018-04-26,88.41062514001408,89.09398328888128,87.90413132431492,88.51513671875,10299500,1
2018-04-27,88.0729637436356,88.56337506396852,87.73529916655818,87.9523696899414,9384000,1
2018-04-30,88.23375306459275,88.675929223623,87.42980087266024,87.45391845703125,13744900,1
2018-05-01,87.1886127616131,87.60667133627234,86.4570194564621,87.45391845703125,10503400,0
2018-05-02,86.9152803598231,88.02473228378437,86.60978070548657,86.76252746582031,12162100,0
2018-05-03,86.49720997122917,86.64192160541101,84.55968845466647,86.21582794189453,15379100,1
2018-05-04,85.56465679629336,87.42178493436158,85.20288065868822,87.17256164550781,11967900,0
2018-05-07,87.43784943438146,88.17748404081873,87.11626730394427,87.92826080322266,9356700,0
2018-05-08,88.05688992308083,89.51204154870344,87.85590185838517,89.23065948486328,12543200,0
2018-05-09,89.5924219143427,91.36111403996262,89.26279861680693,91.17620849609376,11368100,0
2018-05-10,90.99935887404489,92.00429920569157,90.64561791453116,91.88370513916016,9159700,0
2018-05-11,92.04447437112869,92.23742729170394,91.3852338933326,91.5379867553711,10253000,0
2018-05-14,91.73897385687266,92.2133026477577,91.4415093742322,91.57014465332033,8710700,0
2018-05-15,91.57818642262988,91.57818642262988,90.50088742185804,90.8707046508789,11536200,0
2018-05-16,90.75816566573133,91.40132989548668,90.54913637101052,91.11994171142578,7571100,1
2018-05-17,91.00738467272625,91.17622002880408,90.20343248963266,90.81443786621094,8617200,0
2018-05-18,90.645620862677,90.68582093071794,89.11006904181765,89.34321594238281,11806300,0
2018-05-21,90.08282166607106,90.47675641820416,89.97830398329413,90.16321563720705,9441900,0
2018-05-22,90.32401059589112,91.88367951848568,90.27577543619596,90.85462188720705,11507600,1
2018-05-23,90.45268984433568,90.66171306041905,89.33519645451732,90.43660736083984,11453900,0
2018-05-24,90.15520019296828,90.1632414324825,88.53121943020767,89.4236068725586,14084800,0
2018-05-25,88.80456841208468,89.30302103548566,88.59553910115277,88.96536254882812,8283500,0
2018-05-29,87.7755033997013,87.79157974524583,84.38282405862044,85.16265869140625,30643800,0
2018-05-30,86.53739487552144,87.30918807808754,85.74148409376065,87.10820007324219,17490800,0
2018-05-31,86.78662509541265,86.97957801199361,85.55657938713031,86.03091430664062,19808200,1
2018-06-01,87.10015806139963,87.5825341756744,86.66602937241966,87.14839935302734,13594200,0
2018-06-04,87.62274881691184,87.83981934640124,87.04390224983146,87.18861389160156,9415400,0
2018-06-05,87.01979381139638,87.07607022612923,86.07917110786053,86.69821166992188,10415200,0
2018-06-06,87.35743553539068,89.02965119213351,87.21272391634231,88.72415161132812,15453600,0
2018-06-07,89.38338805586064,89.64065246332348,88.4588419830929,89.07788848876953,13444400,0
2018-06-08,88.93319070586938,89.35124313288097,88.4829733225474,89.3271255493164,10383200,0
2018-06-11,89.33517477782169,89.97029778105114,89.05378658795472,89.1020278930664,12642900,1
2018-06-12,89.3512768052147,89.66481777704944,88.04887159889847,88.5875244140625,15294100,1
2018-06-13,88.80455649128648,89.60046742690166,88.09708078559169,88.4106216430664,14979700,0
2018-06-14,88.6598367469053,88.72415438708734,86.64995649372493,86.85094451904297,20487300,0
2018-06-15,86.66603546321927,87.1323230014989,85.43598364577231,86.74642944335938,26028600,0
2018-06-18,86.2319154295254,87.14842045469796,85.77366291693912,86.97154998779297,9786800,1
2018-06-19,85.94249482492353,86.73036457740508,85.70130670186334,86.4650650024414,12707200,0
2018-06-20,86.97152953313342,87.34134672529065,86.37660675737328,86.45700073242188,8876900,1
2018-06-21,86.1032685410869,86.99565586130676,85.64501609019031,86.43289184570312,11048700,1
2018-06-22,86.95548767007747,87.12431692472168,84.82501275137169,85.01795959472656,19478900,0
2018-06-25,84.94558004680344,84.9777327325008,83.57885782529591,84.24613952636719,16907600,1
2018-06-26,84.18184275951164,84.58381890073765,82.89552033432223,84.30243682861328,17086800,1
2018-06-27,84.15770054005091,85.15459936107871,82.99197252516362,83.00000762939453,16276800,1
2018-06-28,83.35376337493265,84.7847972929541,83.21709297459766,84.35870361328125,14491300,1
2018-06-29,85.76561649030506,85.94248694651286,83.73161851125192,83.77181243896484,18972400,1
2018-07-02,83.38591840299429,84.48732892854196,83.11257148109824,84.47929382324219,11130000,0
2018-07-03,84.74458619631024,85.04204452105537,83.225111220763,83.29747009277344,8311700,1
2018-07-05,84.17045867710051,84.37253891549776,83.68546733834701,83.83905029296875,10723400,1
2018-07-06,83.35407396194489,84.46955485861791,82.61041386382897,84.1138916015625,12173700,1
2018-07-09,84.63930500069532,86.86218811393209,84.63930500069532,86.71669006347656,13900800,1
2018-07-10,87.31484934589429,87.62201533482794,86.1104525393416,86.1832046508789,14575900,1
2018-07-11,85.93262438916916,86.53886528628098,85.85179350295452,85.9972915649414,10186500,0
2018-07-12,86.82985289737516,86.94301736038118,85.65778974466967,86.36911010742188,12456800,1
2018-07-13,86.73286926844739,87.13702987796113,84.98689247518736,85.9730453491211,21289100,1
2018-07-16,86.53076041035992,89.537709172631,86.474178190379,89.3841323852539,24662600,1
2018-07-17,89.47306387731173,89.66705921313113,88.71324007543504,89.3194808959961,14821900,1
2018-07-18,89.25480178647481,90.62895116275816,89.07697018284993,90.15203857421876,14244900,1
2018-07-19,89.77212720597771,89.79637584896585,88.69706497583803,88.8263931274414,16775300,0
2018-07-20,88.9153315454625,90.32180869951218,88.73749989565137,89.94998168945312,13578100,1
2018-07-23,89.77212837229379,92.34258940142864,89.66704886231338,91.62318420410156,18140000,1
2018-07-24,91.78485268504473,92.7790840687634,91.67976700739976,92.26984405517578,14000400,1
2018-07-25,92.05161981048138,93.37726613947976,91.64745919390867,93.1024398803711,13329100,0
2018-07-26,93.29642855312304,93.43384167281442,92.61744172617658,92.83568572998048,11897800,0
2018-07-27,93.10243323912022,94.00775517578458,92.80335218407008,93.7895050048828,12802700,0
2018-07-30,93.99157559986942,95.06664413241054,93.81374397289264,94.3553237915039,13411600,0
2018-07-31,94.63824726220976,94.63824726220976,92.81143962950804,92.91651916503906,15843800,1
2018-08-01,93.5631786869315,94.3230025866416,93.18326673707644,93.4904327392578,13531600,0
2018-08-02,92.60935619829934,93.96733601055122,92.41536084426367,93.88650512695312,11058100,0
2018-08-03,93.7652192384028,94.67861958500218,93.71672196051216,94.6462860107422,11016100,1
2018-08-06,94.40383814365411,95.00199413312512,93.91076169502207,94.67058563232422,9857400,1
2018-08-07,95.17171950743771,95.61629855550852,94.840311080967,95.01814270019533,10562100,0
2018-08-08,94.84032357861908,95.60014127862884,94.79990505365,95.21215057373048,8997100,0
2018-08-09,94.98580871051529,95.15555539168696,94.33106446370996,94.4765625,9694200,0
2018-08-10,93.36106528837864,93.72480723179343,92.6982423875567,93.54698181152344,12630600,0
2018-08-13,93.40957943948172,93.66824193122449,92.003102526068,92.05968475341795,10336300,1
2018-08-14,92.36685288334424,92.989263607448,91.8656977292356,92.67401885986328,10597600,1
2018-08-15,92.00309051708216,92.41533592939392,91.31601894122886,91.90608978271484,10152100,1
2018-08-16,92.4315103639514,93.20749782796436,92.39109801185708,92.77100372314452,10118600,1
2018-08-17,92.66592420729908,93.01350250371117,92.39109801185708,92.77100372314452,8505100,0
2018-08-20,92.62551782920694,92.9973509860143,92.2375271298442,92.64977264404295,8618700,0
2018-08-21,93.25600995351591,94.08049478348768,92.85992816397,93.21559143066406,10976700,1
2018-08-22,93.20752739345694,93.2883644572875,92.77911808996431,92.93270111083984,8314700,0
2018-08-23,92.92459601358712,93.07817900114698,92.49618680302626,92.73868560791016,9265400,0
2018-08-24,92.9407562259587,93.13475154949433,92.51234089294232,92.69825744628906,8845700,0
2018-08-27,93.1347603633546,94.79989989586704,93.09434184058458,94.3391571044922,13768000,0
2018-08-28,94.57356696596965,94.59781561180496,93.74099723495512,93.87841033935548,8302600,0
2018-08-29,94.04817273405943,94.0643426119838,93.24793645284578,93.5712661743164,7221700,1
2018-08-30,93.43381232650002,93.7975604412596,92.9407422381801,93.11048889160156,8991800,0
2018-08-31,92.8195042663604,92.8275830363256,92.00309830887548,92.61742401123048,13065700,1
2018-09-04,92.42342652783697,93.15091671120376,91.84951931845876,93.0781707763672,10174200,0
2018-09-05,92.95694109140491,93.52276348342156,92.3507001712436,92.62552642822266,11462400,0
2018-09-06,92.55276846392069,92.71443022151152,91.74444734196506,92.22943878173828,9877600,0
2018-09-07,92.55277039052795,92.7710143845187,91.8495287796674,92.4072723388672,10955600,1
2018-09-10,92.83565464930224,92.9326553779628,91.87375696649752,91.91416931152344,8276900,1
2018-09-11,91.77678757483751,92.61744234260524,91.4857914564948,92.4961929321289,9333800,1
2018-09-12,92.35069493406324,92.85993505799934,91.219044047204,91.40496063232422,10800800,1
2018-09-13,91.63935401257406,92.25367353248473,91.07352561223551,91.7605972290039,12470800,1
2018-09-14,91.99503102117023,92.54468966725577,91.5262094262453,91.74445343017578,10337900,1
2018-09-17,91.9788747475286,92.49619984837528,91.58279906622448,92.019287109375,9561300,0
2018-09-18,92.41535429851729,92.68210174579838,91.79294358819467,92.39110565185548,7944200,0
2018-09-19,92.5042685769891,95.43038700956389,92.5042685769891,95.0747299194336,16052800,0
2018-09-20,95.78604139758576,96.3841972289204,95.44654804739582,95.89112091064452,15590000,0
2018-09-21,96.29530847944989,96.37614553820828,95.17174243312728,95.26065826416016,24788200,0
2018-09-24,95.18792207881094,95.7537445461679,94.11285322383034,94.3472671508789,12492500,0
2018-09-25,94.60590772029047,95.35764663316696,94.02391550812791,94.08049774169922,9308300,0
2018-09-26,94.37146612331826,94.46846685251543,92.68207838371136,92.97306823730467,14023600,0
2018-09-27,93.29642181808748,93.57125420463132,92.27794165119153,92.56893157958984,13283000,0
2018-09-28,91.8657124317346,92.34261901497028,90.95230546106008,91.21096801757812,15815100,0
2018-10-01,91.63937389746869,92.64169042844772,91.37262642944164,91.74445343017578,10146300,1
2018-10-02,91.6312675766566,92.24559325351623,91.18668856702138,92.12434387207033,13753100,1
2018-10-03,92.90842693787464,93.49041910237786,92.5365999809977,92.9892578125,17142000,1
2018-10-04,93.24159805083188,95.0811920603429,92.96484106777908,93.8276596069336,16357400,0
2018-10-05,94.2834933787719,94.50326568565636,92.81018241046036,93.29857635498048,13777600,1
2018-10-08,92.99740232082584,94.24279323573738,92.2648176031758,93.8683624267578,14370900,1
2018-10-09,93.33926919817598,93.63230307292676,92.52528759279863,93.21717071533205,14069500,0
2018-10-10,93.36369246033398,93.56718787215702,90.73453521728516,90.73453521728516,23086400,1
2018-10-11,90.32751855171531,90.73450925892487,87.40532204465444,88.01580810546875,33705600,1
2018-10-12,89.83913437364508,90.21356509334508,85.9564394009864,87.05531311035156,32075700,1
2018-10-15,87.25881672036203,88.60188747440785,86.54251521629115,86.55879211425781,18903200,1
2018-10-16,87.22629071301105,88.54493722492248,86.87627829845187,88.41470336914062,19302800,1
2018-10-17,88.21932769608003,90.1891679799007,88.09723541852233,89.39960479736328,18794500,0
2018-10-18,88.74026418410756,89.40772879418115,87.75534727230301,87.98326110839844,17582500,1
2018-10-19,87.62513212104045,88.90308315437967,87.3158150974352,87.8367691040039,15234500,1
2018-10-22,88.03210863702662,88.18676091345294,86.37158547769626,86.57508087158203,16199100,1
2018-10-23,84.81687904277267,86.41228842129378,84.40988824849798,85.67156219482422,21407500,1
2018-10-24,85.27271051070585,85.49248280083165,83.76684585709663,84.07615661621094,23168900,1
2018-10-25,84.80059540374923,86.20064461841173,84.42616464799771,85.3541030883789,17464700,0
2018-10-26,84.6540717965727,85.10989942667943,83.62031807538472,84.18196105957031,19174900,1
2018-10-29,85.0285406273073,86.79487969572087,84.40991270194176,85.34599304199219,18445200,1
2018-10-30,86.04598952733508,87.07974958101288,85.35410644687049,86.8518295288086,18019700,1
2018-10-31,87.97513403035938,89.92869113930824,87.73907861788516,88.74027252197266,20860000,0
2018-11-01,89.2286502766144,89.71703791274336,88.17047188984688,88.70770263671875,13065000,1
2018-11-02,89.4566009042972,90.19732111169316,87.49490178886593,88.21934509277344,19009200,0
2018-11-05,88.40653355827163,88.96004124137009,88.25187508190722,88.7972412109375,10276400,0
2018-11-06,88.45538390640648,89.26936555172581,87.7146638384632,89.21238708496094,10825000,0
2018-11-07,89.83914811238263,90.946163544346,89.00888343331684,90.74266815185548,12679600,1
2018-11-08,90.36008435057346,91.92292727607794,90.35194279705505,91.47523498535156,11662500,1
2018-11-09,91.35314969008522,91.45896505313944,90.21357430797272,90.58800506591795,10432200,0
2018-11-12,90.69382402323164,91.11709791259568,88.3983962699467,88.68328857421875,13279700,0
2018-11-13,88.80540484449158,90.44965140464208,88.80540484449158,89.20425415039062,13746100,1
2018-11-14,89.72520263711678,90.1159103628431,86.26578052340275,87.36465454101562,18361400,1
2018-11-15,88.10535260448599,89.60308173910171,86.9413588535751,89.59494018554688,19100000,0
2018-11-16,89.09028773257737,90.15660790053714,88.35770922704052,89.52983856201172,13798600,0
2018-11-19,89.50540351217664,90.51473881660556,89.15539122456694,90.21356964111328,13987000,1
2018-11-20,89.35889549831184,89.93682166609072,87.89373240273041,88.27629852294922,18936200,0
2018-11-21,88.7484154668385,89.22052629918075,87.61698150634766,87.61698150634766,10619600,0
2018-11-23,86.88439733348768,87.41348663433172,86.33088957740556,86.81114196777344,6488400,0
2018-11-26,87.68210591882091,89.52170621997311,87.46232739163776,88.93563842773438,13948300,1
2018-11-27,88.52864459669058,89.56239854340518,88.4228230093397,89.31006622314453,9238200,0
2018-11-28,89.37518491833985,90.67755427643748,88.6181817586039,90.3031234741211,13977300,0
2018-11-29,89.7577196991037,90.18913502619434,89.24491369017153,89.58678436279297,11144300,1
2018-11-30,89.41588366615731,90.6124376940617,89.19611135152805,90.50662231445312,18652700,0
2018-12-03,91.47523926247588,91.89037156872476,90.954291596283,91.3612823486328,16034500,1
2018-12-04,90.84036036691866,90.84036036691866,86.8762732927326,87.28326416015625,23555900,0
2018-12-06,85.47621712044837,85.76110946362715,83.74243218446958,85.62273406982422,27213900,0
2018-12-07,85.59830437882889,87.0797505791115,83.76684585709663,84.07615661621094,19248600,0
2018-12-10,83.73430212958165,84.23896682361627,80.81210451300737,82.50518798828125,23636400,1
2018-12-11,83.94590219569861,84.37731756786985,81.56907792312957,81.6993179321289,16860700,0
2018-12-12,82.74938572267348,83.75872132987453,81.44700998542181,82.22843170166016,22621500,1
2018-12-13,82.6598344208612,83.0017052043056,81.94352663438329,82.30982208251953,17250900,0
2018-12-14,81.39000412868411,82.97727169559654,81.2841887749642,81.63420104980469,19879500,0
2018-12-17,81.21093718563277,81.8539833606969,80.12834643488141,80.59231567382812,25113500,0
2018-12-18,80.92604118662575,82.12259501404445,79.86786893727786,80.2097396850586,20837200,1
2018-12-19,80.10393769071369,81.87027639252888,78.63062667147727,79.19227600097656,28767900,1
2018-12-20,78.6387315010456,79.99807874030913,77.88987021823766,78.50849151611328,31825200,0
2018-12-21,78.69574456443958,80.12021242287003,76.26194121945935,76.65264892578125,41313900,1
2018-12-24,75.61073786943483,76.69333470950922,75.00025177001953,75.00025177001953,17009300,1
2018-12-26,75.4479702212787,78.10968780517578,74.16187756879077,78.10968780517578,22542900,1
2018-12-27,77.18174442522715,79.07832327371443,76.1479904003218,78.98878479003906,20304700,1
2018-12-28,79.72948056713511,80.03065593939151,78.50037304860327,78.81782531738281,17963300,1
2018-12-31,79.43644417617686,80.42950250694784,78.7689796569975,79.46086883544922,13237200,1
2019-01-02,78.10152369448305,81.21907437996549,78.0933883506864,80.83650207519531,15670900,1
2019-01-03,80.94318776111764,81.14833574434445,79.34303599619643,79.68768310546875,16286400,0
2019-01-04,81.3288600818049,82.82233702275678,80.6477673326395,82.62539672851562,16935200,1
2019-01-07,82.41203401632515,83.26545023226667,81.82120692370268,82.68283081054688,15430700,1
2019-01-08,83.3967649319057,83.55267941946524,81.68993828442444,82.52693939208984,13578800,1
2019-01-09,82.72387536882844,83.28187816476574,82.00175668140017,82.38743591308594,14230300,1
2019-01-10,82.07560540436401,82.65823120757986,81.46016143196572,82.37922668457031,14376100,1
2019-01-11,81.9689285883179,82.19869333038655,81.19757015941336,81.98534393310547,15439900,1
2019-01-14,81.13193358126229,83.17520591552768,80.95961001192619,82.83055877685547,21258500,1
2019-01-15,81.14834504004016,84.08606599891813,80.91037260096252,83.43779754638672,26504900,1
2019-01-16,83.90555445973466,84.89026261907208,83.53629046513859,84.11070251464844,18533000,0
2019-01-17,83.79063721801559,84.93125942832913,83.63472275769588,84.45531463623047,14247600,0
2019-01-18,85.15283649261441,86.08010954007305,84.3814842027376,85.82572174072266,16428700,1
2019-01-22,84.58660781987085,85.0051051479047,83.80704182056729,84.47172546386719,17083700,0
2019-01-23,84.8820363619768,85.09538576899817,83.67576515042543,84.25838470458984,12146700,1
2019-01-24,83.80703283300173,84.59480015852527,83.65112465835588,84.3075942993164,11296800,1
2019-01-25,84.93948434660483,85.59595422635374,84.30762496589071,84.84101104736328,14369400,0
2019-01-28,84.43071862101493,85.53851667703073,84.18453849273556,85.24310302734375,12283100,1
2019-01-29,85.24308381251623,86.25241459820141,85.12000003674184,85.4810562133789,9743300,0
2019-01-30,85.45643808972419,86.35908790779077,85.16102451135778,85.6780014038086,12526300,0
2019-01-31,84.85740126877943,85.17743157078107,84.29939859287065,84.9312515258789,17520600,0
2019-02-01,85.34157633077965,86.03907834674361,84.94768937765677,85.24310302734375,13000800,0
2019-02-04,85.1692204321701,85.54669189453125,84.5291598542265,85.54669189453125,9871500,0
2019-02-05,85.76828686799034,85.79290989086807,84.75896205174264,85.16925811767578,12763000,0
2019-02-06,85.10358758971033,85.8503292447961,84.9066472811484,85.12820434570312,8745000,0
2019-02-07,84.72609355092584,84.93124147719926,83.24082456810393,84.01217651367188,13177500,1
2019-02-08,83.76603631143541,83.97938573257314,82.10843689724005,83.17520904541016,12892600,0
2019-02-11,83.50343593503663,83.70858391602637,82.69104542267121,82.78131103515625,10978500,1
2019-02-12,83.65934015796635,84.45531528798665,83.61010664827248,84.1927261352539,12852300,0
2019-02-13,84.43890229216076,85.21846204241304,84.43890229216076,84.59481048583984,10754100,1
2019-02-14,84.08605315645559,84.60302380062711,83.1669879728646,84.0450210571289,11518500,0
2019-02-15,85.25950920498151,86.73657103393329,85.06256887991195,86.61348724365234,14716900,0
2019-02-19,86.08831077086818,86.46578234417915,85.18565455140693,86.30986785888672,12764900,0
2019-02-20,86.33448375099945,86.81863628754408,86.06368688787892,86.7283706665039,10030300,0
2019-02-21,86.53140570242596,86.97452604053382,86.1293174599391,86.54782104492188,8400100,0
2019-02-22,86.73655165428119,87.05658195874699,85.98160869300898,86.16213989257812,10647300,0
2019-02-25,86.77758294018462,88.0248797228087,86.7283494355314,87.06478881835938,11230700,1
2019-02-26,85.75185523120746,86.54783039151204,85.29232576159635,86.4001235961914,15465400,0
2019-02-27,86.30985085475463,86.4739667201673,85.76005581894131,86.29344177246094,9968800,0
2019-02-28,86.17037185683027,86.3344877605506,85.48927896121214,85.6369857788086,15156900,0
2019-03-01,86.24420730102426,86.9088909961907,85.50567334007229,85.69441223144531,13813300,1
2019-03-04,86.09651863542014,86.9171107068838,84.74254046538093,85.49748992919922,12466300,0
2019-03-05,85.44823281389624,85.79288617206726,84.73432186334206,85.43182373046875,10856600,0
2019-03-06,85.22667588409202,85.809295386256,84.97229439655237,85.1117935180664,9070800,0
2019-03-07,84.72611789114853,84.90664911983124,83.83167568073651,84.49635314941406,12705700,0
2019-03-08,83.69215999270561,84.70969838175765,83.69215999270561,84.52916717529297,10582400,1
2019-03-11,85.32516150786242,85.79289871165301,85.06257231030665,85.62877655029297,9763200,1
2019-03-12,85.82568846817496,85.98981057519754,85.13639440053485,85.3743667602539,10219100,0
2019-03-13,85.4974670805917,86.14573539507725,85.30052052842615,85.66158294677734,13022200,1
2019-03-14,85.75183752966946,86.87605047646471,85.71901310852746,86.44113159179688,10926500,0
2019-03-15,86.49860763148223,87.63923003577135,86.35090081780204,87.43408203125,24811700,0
2019-03-18,87.43408823461172,88.45162065625688,87.39305612654816,87.95926666259766,12935500,0
2019-03-19,88.78802943348302,88.95215154833423,87.43405798451708,87.63920593261719,12889300,0
2019-03-20,87.33560611247451,87.516137352731,85.67801304039416,85.76827239990234,14920700,1
2019-03-21,84.92305435529974,84.92305435529974,83.93013890316301,84.41429138183594,19751000,0
2019-03-22,83.55266083812677,83.96295675783091,81.66529710324016,81.86224365234375,31115200,1
2019-03-25,81.72274739200822,82.52693023895078,80.49185949567668,81.18115997314453,21032300,1
2019-03-26,81.91149521171936,82.3874400860178,81.09090319146145,81.9935531616211,15987100,0
2019-03-27,81.96072002718046,82.42845717863965,81.30425023704838,81.71454620361328,12753200,1
2019-03-28,82.05918807211464,82.71566408093923,81.84583243015375,82.64180755615234,12454100,1
2019-03-29,83.32288576869787,83.69214954628873,82.5433198617799,83.0685043334961,14523400,1
2019-04-01,83.82345780533188,85.89955416124046,83.79884105180236,85.86672973632812,17499300,0
2019-04-02,85.83389539185706,86.52319571411793,85.6123383750771,86.27701568603516,10295400,1
2019-04-03,86.82682760473624,87.27815565746215,85.98982661495837,86.44935607910156,11499200,0
2019-04-04,86.44934984733939,87.4250577021886,86.36665771556191,87.28448486328125,11952100,1
2019-04-05,87.48295300327003,87.73928099067393,86.81318321357996,87.0777816772461,9933700,1
2019-04-08,86.91242893695457,87.35894012451172,86.747057226834,87.35894012451172,8056300,1
2019-04-09,86.8876008825966,86.9868213590752,86.20129648050445,86.71395874023438,9092200,1
2019-04-10,86.928927464045,87.41678453068222,86.38319600058718,87.10256958007812,10882300,1
2019-04-11,87.40853215562952,88.25194410360461,87.28450024463022,87.83850860595703,11183800,1
2019-04-12,90.49277035289197,92.48552631665947,90.02971827191101,91.95632934570312,25834100,0
2019-04-15,91.71652661325624,91.78267780499952,90.228162650182,90.90619659423828,15163800,1
2019-04-16,90.87314406893384,92.10518036244424,90.84006846466508,91.86538696289062,11583200,0
2019-04-17,92.3614904682937,94.80903424052502,91.7909537539344,94.51136016845705,17791900,1
2019-04-18,94.701531781466,95.04881607700833,93.70928913462366,93.81678009033205,12501900,1
2019-04-22,93.29585302265464,94.20540982759393,93.1552864718556,93.93254089355467,7975900,1
2019-04-23,93.43642652944578,94.56924211330552,93.31239461305562,94.04830932617188,9193100,0
2019-04-24,93.65139626647698,94.38731083423968,93.27930059080064,93.89118957519533,9245700,0
2019-04-25,93.44468983824738,94.38732223686527,93.0229838782789,93.94081115722656,9311800,0
2019-04-26,94.22194008690816,94.74287281102028,93.9325365226928,94.65191650390624,7889300,1
2019-04-29,94.75940331702242,96.8761970982809,94.6353714210522,96.01625061035156,14242200,0
2019-04-30,96.27259801476228,96.51239137979962,95.30516038613013,95.95838928222656,11389100,0
2019-05-01,95.68551124730092,96.7439050971191,95.18111944253994,95.22246551513672,10412900,0
2019-05-02,95.2307379938014,95.73512984258164,94.74288709891346,95.42919158935548,8613300,0
2019-05-03,95.91702383187054,96.4792962928811,95.64415492244096,96.01625061035156,8185400,1
2019-05-06,94.41211682371257,95.47878101020709,94.03175697797816,95.16456604003906,9387000,1
2019-05-07,94.28810327241716,94.28810327241716,92.84934943545164,93.61006927490234,15017700,0
2019-05-08,93.15527581569928,93.99041085740254,92.98989785556688,93.11392974853516,9575800,1
2019-05-09,91.89844057780516,93.22143288935894,91.4353948458926,93.03952026367188,12205900,0
2019-05-10,92.40284906106776,93.30413556744114,91.4023357477205,93.0312728881836,13189000,0
2019-05-13,91.02194739797164,91.32788558414494,90.11239069753694,90.50101470947266,13783700,0
2019-05-14,90.58371012838498,92.37801847744088,90.54236405974248,91.22039794921876,10503600,0
2019-05-15,90.30257258495658,91.69998646109624,89.8064512937342,90.87311553955078,10142000,0
2019-05-16,91.46846481129607,92.75011097137524,91.44365338416394,92.03900146484376,9672700,0
2019-05-17,90.95579572617518,92.4028197490916,90.81522919228053,91.5924835205078,9570100,0
2019-05-20,91.435394639588,92.45244241396196,91.26175249051256,92.07208251953124,8518200,1
2019-05-21,92.14648295872789,92.5433774055958,91.964570375362,92.3862762451172,7967900,1
2019-05-22,92.113436823785,92.43591603067578,91.57596937612524,91.63385009765624,7918900,0
2019-05-23,90.65813164199398,90.78216354782516,88.88862829047487,89.83126068115234,14558000,0
2019-05-24,90.55891878070636,90.92274407814936,90.28605611614984,90.71602630615234,8537300,0
2019-05-28,90.2942899201784,90.815222567885,89.66587264677398,89.73201751708984,11665500,1
2019-05-29,88.84728408548706,89.63281529990357,88.52480490866631,89.48397827148438,9966400,1
2019-05-30,89.83953901416777,90.27777965237672,88.09484062952535,88.52481079101562,10367800,0
2019-05-31,87.28450757558113,88.1361837629027,86.68915939960182,87.6152572631836,10952800,0
2019-06-03,87.48295494002402,88.35943618747376,87.06951943710996,88.0286865234375,11680700,0
2019-06-04,89.17802115595123,90.8731089455286,88.5826731262748,90.74080657958984,12858600,0
2019-06-05,90.84004108117408,91.2700111900016,89.83125753491481,91.06329345703124,8340500,0
2019-06-06,91.07985949128624,91.6752077355601,90.07107566721399,91.26177215576172,8726700,0
2019-06-07,90.70775820463903,90.97235670738438,90.09587534988904,90.2612533569336,10618900,1
2019-06-10,91.57594328194244,91.95630310198229,91.13770275686444,91.23692321777344,11380600,0
2019-06-11,91.63384309926,92.25399634338292,91.26175367619626,91.51808166503906,9847700,1
2019-06-12,91.53462930819526,91.7000073152288,90.03799461856579,90.35220336914062,9670500,1
2019-06-13,90.50930351449756,91.08811702910364,90.1702896676576,90.57545471191406,8406900,1
2019-06-14,90.6002509487051,91.20386952601449,89.82299022660047,90.80696868896484,9077400,1
2019-06-17,90.70772361108756,91.26173183774512,90.17852680741868,90.31082916259766,8128600,1
2019-06-18,90.13721420571152,92.12170597153896,90.11240908377404,91.54289245605467,11057300,1
2019-06-19,91.63385044476529,92.27053838401832,90.70775258823537,90.88140106201172,13126500,1
2019-06-20,91.68345172380072,91.85709387207106,90.15374167696936,91.1129150390625,13638000,1
2019-06-21,91.11291292338,92.33667840901876,90.20334982233462,90.49275970458984,27089500,1
2019-06-24,90.36047251019215,90.76563758151156,89.7485896645326,89.84781646728516,13039600,1
2019-06-25,89.8643268680171,90.11239065370778,89.02918551861752,89.10360717773438,18660100,1
2019-06-26,89.55012995075192,90.38526510114964,89.43436851785471,89.69896697998047,10324600,1
2019-06-27,89.99663543701172,90.58371939084948,89.6658920881496,89.99663543701172,10906600,0
2019-06-28,91.81575960265064,92.96510982559307,91.69999816354314,92.44418334960938,21634700,1
2019-07-01,93.62661354676776,94.6932716700388,93.50258162520524,93.99870300292967,12724500,1
2019-07-02,93.85812992935092,94.42866663534664,93.61833657989322,94.0979232788086,10174900,1
2019-07-03,94.38104274286448,94.8223923028518,93.48170462567364,93.94802856445312,6849400,1
2019-07-05,94.52262424566842,95.15549072304026,94.03131315190052,94.50596618652344,7929400,0
2019-07-08,94.0645967267378,94.49761719930916,93.68154406450088,93.98965454101562,6917200,1
2019-07-09,93.49834320360284,94.5059394888366,93.39009126249364,94.3893585205078,8947300,1
2019-07-10,94.4060447374188,94.78909751236642,93.88142387025222,94.11458587646484,9242300,0
2019-07-11,94.40603793734952,95.23043392941663,94.19785668205668,95.01392364501952,11595200,0
2019-07-12,95.03889818346644,96.0548236595764,94.87235573136432,96.01319122314452,10783400,0
2019-07-15,96.21304238491554,96.23802311713916,94.53926344087432,94.84737396240234,12946600,0
2019-07-16,94.49762812785454,96.17972969596612,94.03129784552507,95.86329650878906,16945000,0
2019-07-17,95.2887108656791,95.71340234492877,94.7058059750908,94.92230987548828,13120900,0
2019-07-18,94.8723564656204,95.82166242696168,94.55592326290244,95.4885711669922,9397200,0
2019-07-19,95.67178502203456,95.86331458801764,94.43102641760294,94.547607421875,10402800,0
2019-07-22,94.02298685661216,95.30537782114214,93.90639950664888,95.15548706054688,9061100,1
2019-07-23,95.66343079088077,96.97080858282315,95.61346933169398,96.89586639404295,12752200,1
2019-07-24,96.24634817916149,97.3288867677573,96.19638036358629,97.2872543334961,10011000,1
2019-07-25,97.33722235848656,97.62867483071297,96.02984439462465,96.35460662841795,10138400,1
2019-07-26,96.4045668271874,97.02078787829592,96.20471461359976,96.779296875,12800400,0
2019-07-29,96.97914650245158,97.57870948041337,96.42122231308772,96.47118377685548,8500400,0
2019-07-30,95.92159191136942,96.662716630927,95.5635199179617,96.25467681884766,7121100,0
2019-07-31,96.67937108275184,96.74599060741582,95.6467938632102,96.59609985351562,13648000,1
2019-08-01,96.03817829744072,97.26228509610486,93.76483619232334,94.04796600341795,15664500,0
2019-08-02,93.59826109580486,94.45596655278204,92.76553636426422,94.03960418701172,11025500,0
2019-08-05,92.25758639984691,92.41580615351933,90.15911623129976,91.24166107177734,15855300,0
2019-08-06,91.6413534691716,92.0160770334637,90.21738867721736,91.9577865600586,10203500,1
2019-08-07,89.9343088148428,90.167470821186,88.21889717972805,89.95928955078125,17320900,0
2019-08-08,90.80867948093407,91.666385362616,90.53387865868976,91.48318481445312,10903300,0
2019-08-09,91.0584546974175,91.97445069760666,90.1757684512771,91.38321685791016,9980800,1
2019-08-12,90.30070422214192,90.35899472007306,89.27644964056613,89.66783142089844,9393700,1
2019-08-13,89.89266830651005,91.874558029037,89.12656277078456,91.05015563964844,12124700,0
2019-08-14,88.51867218602632,89.02663495658894,86.9781258161498,87.26958465576172,19491800,0
2019-08-15,87.28622794281011,88.58527681598393,86.88651717627127,87.6026611328125,13365600,1
2019-08-16,88.57694123485153,89.91762870094983,88.16057882558339,89.70111846923828,11830600,1
2019-08-19,91.29162238988997,91.39155165834914,90.28402609070874,90.50886535644533,8265400,0
2019-08-20,89.80939825597162,90.30070935490714,89.30143545090404,89.35972595214844,8374000,1
2019-08-21,90.10917660441358,90.29237713132652,89.47630378958375,89.60954284667969,8189300,0
2019-08-22,90.24239918084967,90.99184650398756,89.87599819393834,90.53385162353516,9343400,0
2019-08-23,89.93429005646342,90.5838144681391,87.52771558080005,88.28549194335938,14762300,1
2019-08-26,88.7851354153311,89.09323957717945,88.2771726935309,88.99331665039062,8209500,1
2019-08-27,89.3930253731511,89.5678968566484,87.30288389350494,88.05233764648438,14331800,1
2019-08-28,87.50272511852371,89.27642668800695,87.46941536352861,88.93501281738281,10585500,1
2019-08-29,90.05085864035443,91.508127028648,89.95092937801022,90.95020294189452,10002200,1
2019-08-30,91.46652675378996,92.06608987389076,91.15842251659664,91.48318481445312,10170300,0
2019-09-03,90.75036881800273,90.75869149329704,89.36804233667327,90.40061950683594,9868800,0
2019-09-04,91.1417287146119,91.78293038173403,90.40060413545028,91.4914779663086,6929200,1
2019-09-05,92.64064145506136,94.69747289309032,92.59900267043616,93.57329559326172,13224700,1
2019-09-06,93.81478636754446,94.081258070294,93.23187514996408,93.7731475830078,7836600,1
2019-09-09,94.68915126678856,96.6460535865878,94.59755101600253,96.0964584350586,13985100,0
2019-09-10,96.84589613253743,97.65363384645042,96.37124325384444,97.32054901123048,14333100,0
2019-09-11,97.33720850381826,97.59535117773451,96.07979218468964,97.58702850341795,9919200,0
2019-09-12,97.05407823345868,98.6529083288484,96.52945754205643,98.18658447265624,12283500,0
2019-09-13,99.09427572058686,100.26009199970188,98.88609446907304,100.1185302734375,16257200,0
2019-09-16,99.01099066529268,99.8187348248876,98.57797016482333,99.22750091552734,11993900,0
2019-09-17,98.61128079069498,98.76950055416516,97.62866515798076,98.73619079589844,10735400,1
2019-09-18,98.52800129111796,99.99359876574736,98.05334839378504,99.72712707519533,10665600,0
2019-09-19,99.67717730518493,100.21012078274224,99.16921456045256,99.41070556640624,9382600,0
2019-09-20,99.7105028885449,100.21013668388736,98.98603610891426,99.01101684570312,21862800,0
2019-09-23,98.07835038090847,99.1942051947761,97.99507915078404,98.99434661865234,9135100,0
2019-09-24,98.886088827011,99.3107803347605,97.46212991028452,97.70362091064452,11696500,1
2019-09-25,97.65365885232944,98.56133241433122,97.52875518373123,98.26155090332033,9389400,0
2019-09-26,98.16161129819488,98.30317936303966,97.3871768683432,97.45379638671876,9899200,1
2019-09-27,98.22824120011651,98.79449445979252,97.66198794044054,98.02838897705078,10207800,1
2019-09-30,98.56132690916192,98.90274083957326,97.61202096171368,98.00340270996094,9755000,1
2019-10-01,98.59463944718914,99.0942731673112,96.10479352212984,96.22137451171876,11250300,1
2019-10-02,95.60513233527064,95.68008087099032,94.03961199710288,94.30608367919922,12548700,0
2019-10-03,94.23894549001456,94.77616459025708,92.77000312305395,94.17179870605467,12735200,1
2019-10-04,94.29771259138688,96.48014659777355,94.23895514685069,96.21154022216795,9453100,1
2019-10-07,95.85058700044708,96.95019320305482,95.74985722152046,96.00167846679688,6771600,0
2019-10-08,94.9020624121872,94.9020624121872,93.72691372113948,93.86121368408205,10806300,1
2019-10-09,94.57469139631012,94.9859998107205,94.07105536675084,94.5411148071289,7273700,1
2019-10-10,94.96923268642192,96.86626883548806,94.85171779616913,95.8673858642578,10994100,1
2019-10-11,97.39507746404117,99.04029219014632,97.26077748848188,97.48741149902344,15076500,1
2019-10-14,97.24399870634248,98.10018597831564,97.08451786476432,97.74763488769533,8779000,1
2019-10-15,99.7621713813637,102.0621136613753,98.939567233455,100.69390106201172,23379000,1
2019-10-16,100.69392262915083,101.24792694887913,100.20707151255606,100.45889282226562,11087700,1
2019-10-17,101.35701500172904,102.04531911245132,100.6267385509062,101.02125549316406,10818500,1
2019-10-18,100.72748075564928,101.58366152427676,100.6099658737608,101.19754028320312,10417400,1
2019-10-21,102.44823539815012,103.89199044870072,102.39786730744612,103.70732879638672,12714600,1
2019-10-22,103.62338315258816,105.0083871586246,103.34638747464496,104.74817657470705,12549100,0
2019-10-23,104.2529357765562,105.0503654758586,104.22775493204529,105.02518463134766,8828300,1
2019-10-24,105.16787538622664,105.47845406338168,104.14381173060852,104.94963073730467,8020500,1
2019-10-25,104.9244554938058,106.30945958714014,104.7146065828182,105.78903198242188,9055700,1
2019-10-28,106.2423172608865,106.7795300156131,106.099621523805,106.19195556640624,9522200,1
2019-10-29,105.8142076982762,106.95578623104298,105.71348432449577,106.12478637695312,9797300,0
2019-10-30,105.80583783164352,105.98211017229062,104.85731652672352,105.5372314453125,8513700,1
2019-10-31,105.3357780467864,105.53723765144257,103.96756518659257,104.8573226928711,11589100,0
2019-11-01,105.931726871628,107.43424583096974,105.7806354007422,107.27476501464844,11682600,1
2019-11-04,108.3491968248306,108.63458828447786,107.91270748126549,108.1309585571289,9159900,1
2019-11-05,108.60940115524284,109.37325426025092,108.1477309924269,108.36598205566406,13747600,1
2019-11-06,108.02180461792712,108.98710428100236,107.92947060429884,108.5338363647461,11231100,1
2019-11-07,109.48236340821649,110.20424414609128,109.05427625749188,109.12142944335938,13528900,1
2019-11-08,109.02070138241108,109.45717785954707,108.4918780715363,109.44039916992188,9293400,0
2019-11-11,108.78567557922035,109.20537338190536,108.57582667787784,109.05427551269533,8679000,1
2019-11-12,108.81085300636028,109.64184643236295,108.29041903782198,108.41633605957033,9099000,0
2019-11-13,107.55176974175096,108.13095479498844,106.95579318907086,107.84555053710938,8023300,1
2019-11-14,107.20762434615662,108.14774347115944,107.09849880194648,107.94629669189452,8483400,1
2019-11-15,108.4751074283857,108.72692871093749,107.77840743019613,108.72692871093749,10163600,1
2019-11-18,108.75210357955436,109.66704180796864,108.27365469635568,109.64186096191406,8749300,1
2019-11-19,109.95243928227627,110.17067753731702,109.2725180563336,109.60828399658205,8824500,0
2019-11-20,109.3732532156307,109.64185315714668,108.23167464582583,108.81085968017578,11782800,1
2019-11-21,109.12143168858304,109.725797565665,108.60939984294863,109.06266784667967,7705500,0
2019-11-22,109.24734081388284,110.14550032447993,109.20538127710918,109.78455352783205,8167900,1
2019-11-25,110.17070225588462,110.85901298170673,109.85172774312184,110.37216186523438,10068500,1
2019-11-26,110.64914090955313,110.64914090955313,109.42361762298368,110.52322387695314,10490700,1
2019-11-27,111.04365863337534,111.16117352657952,110.50644586327584,110.85060119628906,6607900,1
2019-11-29,110.69108890716312,111.14436968421522,110.33854430732252,110.5987548828125,5712000,0
2019-12-02,111.06041291442848,111.42135962783696,110.2546004334171,110.3553237915039,8615600,0
2019-12-03,108.9283706036678,109.08785781698134,107.93787713537544,108.93675994873048,10361300,1
2019-12-04,109.44042379949188,111.19475787214148,109.11305996388664,111.08563232421876,10318200,1
2019-12-05,111.37101272545948,111.89983610271324,110.95131488526737,111.6899871826172,9587400,1
2019-12-06,113.05820132623076,113.9731395041234,113.02461832790456,113.35198211669922,10170600,1
2019-12-09,113.0078339505735,113.70453383693348,112.82316589355467,112.82316589355467,8498200,1
2019-12-10,111.84947517990622,113.12536020914428,111.53890287464132,112.89871978759766,7532900,1
2019-12-11,112.72245337162028,113.3352215113268,112.48742357847588,112.63011932373048,9011900,0
2019-12-12,112.89036504592455,116.23115731458086,112.655335206411,115.85343170166016,13717400,1
2019-12-13,115.7946256636148,116.53329792343122,114.34247479662204,114.83771514892578,10592100,1
2019-12-16,116.15556371421502,116.5416785059696,115.2658064544258,115.28258514404295,11372000,1
2019-12-17,115.60996067183817,116.39899464158712,115.1902628418152,115.98768615722656,11546800,0
2019-12-18,115.96250462764824,116.69278755712764,115.60157064387624,115.87017059326172,10381500,0
2019-12-19,115.63513520444585,116.02126282257916,115.0811438332606,115.2909927368164,9350400,1
2019-12-20,115.8533970489996,116.57527785677554,114.91326516398053,115.19866943359376,29992600,1
2019-12-23,115.500858447707,115.76106907667555,114.89649249286798,115.16509246826172,9738400,1
2019-12-24,115.27421326936658,115.52603454154811,115.047572843587,115.48406219482422,3324300,1
2019-12-26,115.74427191205312,116.75994633895264,115.65193787324408,116.7095718383789,6770900,0
2019-12-27,116.92781681520998,117.32233379606662,116.39899345615508,116.79351043701172,7868200,0
2019-12-30,117.43145608157072,117.58255397138528,116.23112635012536,116.3654327392578,6963000,0
2019-12-31,116.26470280778858,117.07891772455169,116.08003471482192,117.0117645263672,7201600,0
2020-01-02,117.33911147002148,118.43873052280593,116.8942328032374,118.43032836914062,10803700,1
2020-01-03,116.1578615745209,117.61933505993176,115.80305365328525,116.8674774169922,10386800,0
2020-01-06,115.36377043840189,116.8083576199596,115.31308543034524,116.7745590209961,10259000,0
2020-01-07,115.97198421037191,116.46196063658972,114.73860638781083,114.78929138183594,10531300,0
2020-01-08,114.63722390250686,116.2254224694603,114.55275320897036,115.68476104736328,9695300,0
2020-01-09,116.62251975809312,116.774574802813,115.7692790391972,116.1072006225586,9469000,0
2020-01-10,115.91288288242792,115.94666858948106,114.73017688935886,114.9498291015625,10190900,0
2020-01-13,115.05119890151266,115.90442657470705,114.68793487682214,115.90442657470705,12355200,0
2020-01-14,116.52958067144336,118.91186635409665,116.31838453796324,117.25609588623048,24906000,0
2020-01-15,116.45351167540214,117.0870998501532,115.01736816699216,115.4989013671875,16293400,0
2020-01-16,116.1156324916112,116.49578295668624,115.60031340638844,115.9466781616211,10783800,0
2020-01-17,116.19164572120128,116.82523404855864,116.00580500433298,116.74920654296876,14697700,0
2020-01-21,115.89597572131316,116.63939012992964,115.4735835146696,115.6002960205078,8474200,0
2020-01-22,115.93821613129674,116.07337183910948,115.21170102895692,115.46512603759766,7549100,1
2020-01-23,114.6456802960131,115.5158070730718,113.80933921838064,115.34683990478516,9345700,0
2020-01-24,115.20326233502942,115.2539473444129,111.78189529775628,112.4830551147461,15166400,1
2020-01-27,110.05007968251488,112.30565273546456,109.57700242816584,111.53689575195312,12860500,1
2020-01-28,112.221172538009,114.02056769045168,111.91704959520727,113.56437683105467,13062800,0
2020-01-29,113.88537747648242,114.5020664497974,112.93922311847736,113.39540100097656,9326000,0
2020-01-30,112.09445975954948,115.00052056402674,112.09445975954948,114.79776763916016,9048900,0
2020-01-31,113.6150843923833,113.9023080599034,111.06383131582328,111.81568908691406,12785200,0
2020-02-03,112.06909460936174,113.40385542497604,112.06909460936174,112.66888427734376,10021100,1
2020-02-04,114.51052285047751,115.39754900868036,114.11347316909516,114.2908706665039,9157100,0
2020-02-05,115.37220073489922,116.35214074910974,114.89911068791824,116.23387145996094,10150700,0
2020-02-06,116.78299647867824,116.82522538506043,115.82838601132762,116.2507781982422,8992300,0
2020-02-07,115.50737450475758,116.30147395204536,115.14412337780853,115.87908172607422,6379800,1
2020-02-10,115.693231635352,116.45354539946504,115.5242773179007,116.3606185913086,5960700,0
2020-02-11,116.7998852728262,117.27297535976663,116.39439237440692,116.58024597167967,6578600,0
2020-02-12,117.0871217624939,117.67001216442736,116.41129167153724,116.58024597167967,7958000,0
2020-02-13,116.3690709790414,116.86749076649237,115.22860668806392,116.47889709472656,7447500,0
2020-02-14,116.44507852017765,116.74075821612388,115.68477771686868,116.1240692138672,6627600,0
2020-02-18,116.02270183266596,116.33528086770032,114.08815097115198,114.5865707397461,8996400,0
2020-02-19,115.65944515130452,116.9097225605136,115.17791181489451,116.14942169189452,7071200,1
2020-02-20,115.8790844734774,116.88438005758552,115.3384229270312,116.14942169189452,7422800,0
2020-02-21,115.35530865044852,115.66787474337016,113.97830599826035,114.73016357421876,9772800,0
2020-02-24,111.03849020007046,112.52530645972928,110.49782857015904,111.64673614501952,13618400,0
2020-02-25,110.6667516659918,111.70583282423452,106.09646516380276,106.6624755859375,20797200,1
2020-02-26,107.22848587298913,108.93494755252716,106.73005971747872,106.9834976196289,24825600,0
2020-02-27,103.83245528048528,106.1218202659605,102.47235186013675,102.53148651123048,23005500,0
2020-02-28,99.27906384295936,100.09850577513043,95.17341742349755,98.08792114257812,45931400,0
2020-03-02,98.52720769633696,102.70889457453276,96.69402699388196,102.658203125,27355400,0
2020-03-03,102.1935481361214,103.86621728260192,98.1977159391876,98.80596160888672,32547700,0
2020-03-04,99.963336592364,101.5346360447213,96.8967651876699,101.24740600585938,25795900,1
2020-03-05,97.71620591511244,98.35824383691954,95.10582532195936,96.2800750732422,25025600,0
2020-03-06,89.76679106917574,93.19661362946896,88.71925378523345,91.3042984008789,38159400,0
2020-03-09,81.58083376465324,83.82796348669613,78.56495354757038,78.93666076660156,40352000,1
2020-03-10,83.633662677713,85.55977024148383,79.89971686056471,85.06979370117188,31102700,0
2020-03-11,82.53544449085052,84.52069325613581,79.87437842625756,81.06552124023438,38127000,0
2020-03-12,75.68424035286937,81.91030444567157,72.92179787041285,74.3832778930664,49725200,1
2020-03-13,81.09085039449987,87.84912539807557,77.72016254112062,87.78154754638672,38543300,0
2020-03-16,71.97563482087564,79.3928479386275,71.4265300672971,74.64515686035156,38589700,1
2020-03-17,76.78245937249375,82.31580018653916,73.91864055682211,79.20699310302734,35239800,1
2020-03-18,74.06224128235037,76.69797073421668,67.8868698409747,70.86895751953125,41525600,1
2020-03-19,68.90060640364366,74.43394622366525,64.97236451017322,72.06010437011719,32175100,0
2020-03-20,72.90488838751293,75.57440345035587,69.6778125874754,70.53948974609375,30150800,1
2020-03-23,69.84676980819185,70.75068879831484,65.96920631837187,66.7633056640625,32536600,0
2020-03-24,71.72220409530665,76.11508084105223,70.0326351246054,74.70429229736328,34363200,1
2020-03-25,75.38854791594954,80.38122614241617,71.41806434782717,77.4920654296875,38111700,1
2020-03-26,79.4773066351437,83.27038624892575,79.02112235037194,82.8902359008789,29826300,0
2020-03-27,78.72545919699249,80.11934828133542,76.49522892781172,76.98519897460938,30041500,1
2020-03-30,76.5797011429459,79.48575486829455,75.43924358142988,78.98733520507812,21656900,0
2020-03-31,77.76240682294613,79.55334563120124,75.4730354205556,76.05593872070312,23379300,1
2020-04-01,71.89115276449763,73.12453724275669,70.32830287845948,71.2660140991211,28029600,1
2020-04-02,70.54794822034278,74.26500093111576,70.08331421454855,73.92708587646484,24018000,1
2020-04-03,73.40640353531879,74.66967939174546,70.64939272323156,71.74195861816406,21199400,0
2020-04-06,75.9585731692519,77.66569925066914,74.8574760652775,76.35974884033203,26820800,0
2020-04-07,80.61900808470259,80.66168883180872,77.14500756693045,77.36693572998047,22563800,1
2020-04-08,78.61313236406896,80.96896750907784,77.29011393496243,80.49097442626953,22903300,1
2020-04-09,82.72733122649537,89.10344840481203,82.70172537632854,87.71214294433594,42055900,0
2020-04-13,88.01086809165741,88.01086809165741,83.0516698983164,83.81134033203125,26911900,0
2020-04-14,86.2269232380082,87.06341776423429,79.92763123827065,81.5152587890625,46151300,0
2020-04-15,77.80226303679781,78.55339607723606,76.93162519394345,77.49497985839844,30118600,1
2020-04-16,77.01699831759599,77.30720663422129,74.30266750698034,74.54166412353516,32449600,0
2020-04-17,78.52779586888889,81.68597635874839,77.64008956891074,81.24212646484375,30191900,0
2020-04-20,78.92896015825816,80.84093917642718,77.21329695468691,78.2802505493164,23679400,0
2020-04-21,75.64275615903512,77.99858537377659,75.39522210510532,76.0097885131836,23035000,1
2020-04-22,77.40963186866213,78.41683648625582,76.12074989336377,76.25731658935547,16662400,1
2020-04-23,76.59871818967565,77.91320558602476,76.18901172275744,76.29997253417969,16638800,1
2020-04-24,77.36694000599896,77.75957815483896,75.53177848585804,77.42668914794922,15809200,0
2020-04-27,78.4765732315435,81.62621582888193,78.13514677728197,80.76412200927734,22870200,0
2020-04-28,83.48698171839504,83.95644389888082,81.11407799630588,81.33600616455078,20238900,0
2020-04-29,84.57102627963272,84.8868404318403,83.02607277245939,83.52967834472656,20462600,0
2020-04-30,81.60063228148123,82.65904871794875,80.70439492034049,81.7372055053711,19127600,0
2020-05-01,79.80814019988114,80.0129934957035,78.3912224993684,79.5947494506836,18547700,0
2020-05-04,78.54485556855504,79.09967275864398,77.50351429579248,78.64728546142578,15725900,0
2020-05-05,79.93617409876606,80.41416728199377,78.44243888901079,78.52779388427734,18064100,1
2020-05-06,78.66437232735956,79.17650884524811,76.7609238964736,77.05113220214844,20978000,1
2020-05-07,77.96444595968116,79.30454620155712,77.31574272962328,77.85348510742188,16771900,0
2020-05-08,79.21063615408957,80.30319557489061,78.62167569574582,79.12527465820312,20487800,1
2020-05-11,77.76812044043447,77.76812044043447,76.24877944027145,76.79505920410156,31907600,1
2020-05-12,76.94868647449502,77.49496613666217,74.17460741948447,74.28556823730469,27962900,0
2020-05-13,73.73077107993988,74.14048419354238,71.18715693554735,71.72489929199219,35451600,1
2020-05-14,70.60674305237465,75.20744779537839,70.33360311166057,74.70384216308594,35152500,1
2020-05-15,74.13195010836017,74.49898248291306,72.80893127891184,73.3210678100586,26099000,1
2020-05-18,75.70250671509278,77.80227097357779,75.01111623707973,77.20477294921875,30504400,1
2020-05-19,76.8633458371116,77.84493801457373,75.61713820613598,75.6854248046875,19597300,1
2020-05-20,77.42670590646026,78.86069213581163,77.13649758622186,77.95591735839844,20552400,1
2020-05-21,77.0511295341305,78.32294309932097,76.53899303397549,76.96577453613281,14621400,1
2020-05-22,76.82920327983956,77.12794901117712,75.72810628819383,76.36827850341797,13557900,1
2020-05-26,79.28744433411791,83.22236918259661,79.04844780302743,81.78838348388672,41233900,1
2020-05-27,87.12318737978904,87.55850639430602,84.3320388433244,86.52569580078125,39402000,0
2020-05-28,87.86578459801883,87.87431553996544,84.84417054572111,85.23680877685547,24713900,1
2020-05-29,84.21252640996023,84.65637629250527,82.60782384592106,83.06021118164062,26526400,0
2020-06-01,83.435781060051,84.93805372402795,83.11996041395957,84.16130828857422,15176800,1
2020-06-02,85.5952865171273,85.71478480207998,83.58941500580121,84.44297790527344,21195000,1
2020-06-03,86.70492714321215,89.55582430717408,86.26107075666795,89.00100708007812,25941100,0
2020-06-04,88.61690373071006,90.99834510295663,87.73773494881833,90.85324096679688,26784700,0
2020-06-05,98.09996729557704,98.81695688103484,93.49072713479951,94.94178771972656,42231000,0
2020-06-08,96.80257128367238,97.46834930144782,95.54783278301802,96.83670806884766,24881800,1
2020-06-09,94.44672904175644,95.28321697365504,93.04688651263956,94.35283660888672,17031100,0
2020-06-10,94.2845552447402,94.3272359937438,90.34962983438794,90.52887725830078,24913300,1
2020-06-11,85.38189292131918,86.70491797588205,82.4029603257339,82.97484588623047,36259200,0
2020-06-12,85.96230514739752,86.32079994521736,83.07726535058474,85.24531555175781,24856800,0
2020-06-15,82.30052316762094,86.57687459588166,81.83106753746232,86.42323303222656,22153600,1
2020-06-16,89.93992941511169,90.20453184286178,84.76733356566766,87.11463165283203,22193600,0
2020-06-17,87.51580815662689,87.52434560952774,84.68197942521599,84.91244506835938,15639800,1
2020-06-18,84.22103435137039,85.80012412465848,83.76010968834842,84.45149993896484,16591900,0
2020-06-19,85.80869988219163,85.86844904043248,82.56516391570733,83.48700714111328,40371200,0
2020-06-22,83.0090111626519,83.60650272553579,82.40298214539264,82.58222961425781,16216900,0
2020-06-23,84.47713042714464,85.33069341982119,83.52113753096614,83.58942413330078,15381400,1
2020-06-24,82.58221460133554,82.65903214024011,80.49951893989892,80.79827117919922,22919800,1
2020-06-25,80.53367286400454,83.82842677429926,80.45685531496525,83.61503601074219,25743600,0
2020-06-26,81.18236952593689,81.40429770767952,78.52778833410405,79.03138732910156,41896300,1
2020-06-29,79.72278943431178,80.65317002435651,78.68144148100613,79.38136291503906,18499700,1
2020-06-30,79.23626151049635,80.79828349466084,79.01433328844224,80.28614044189453,19137000,1
2020-07-01,80.99458431799813,81.69450564638227,79.40695677836636,79.60327911376953,18755700,0
2020-07-02,81.65457669284092,81.84419150130074,79.2326939999067,79.86186981201172,27845600,0
2020-07-06,81.38739039974385,82.05103560988056,80.56860640890112,81.878662109375,18625300,1
2020-07-07,80.86162253861724,81.10294800948085,79.29300040237784,79.56880187988281,25757200,0
2020-07-08,79.54293592090652,80.44790631607135,79.12061640316293,80.41343688964844,18762200,0
2020-07-09,80.6030732238101,81.12020685974237,78.24152215052023,78.6724624633789,25600800,1
2020-07-10,79.29300909845152,83.46450772515624,79.18096699629886,82.97323608398438,28954200,0
2020-07-13,85.09346836188656,85.55887806559187,82.93876701810528,84.16263580322266,32079200,0
2020-07-14,84.78317531832177,86.14494132077255,83.29211936816543,84.64527130126953,42731700,1
2020-07-15,86.95512311443092,87.29987662953829,85.02451263570664,85.9553451538086,22508400,0
2020-07-16,85.13653955422818,87.23952970337095,84.93831075693204,86.1966552734375,16886900,0
2020-07-17,86.18804498171464,86.25699699585024,84.58494681900467,84.60218811035156,16137700,1
2020-07-20,83.97301927315466,84.80042378275263,83.82650116299833,83.86097717285156,14458100,1
2020-07-21,84.21433426635295,86.23113784973216,84.15400290053877,85.67953491210938,17798100,0
2020-07-22,85.88639498723498,86.3000939537814,84.05920592071317,85.05899047851562,14271200,1
2020-07-23,84.89521634358388,85.62781334208364,84.43842080012963,85.30892181396484,12870200,0
2020-07-24,85.84328641676485,86.01566644192312,84.412568373892,84.70560455322266,12744200,0
2020-07-27,84.04196003587307,84.14538147595347,82.8870368751787,83.5162124633789,11959100,1
2020-07-28,83.171455081234,84.36946826049916,83.171455081234,83.8781967163086,11754300,0
2020-07-29,83.66272326089803,85.93808680307875,83.60239190090176,85.9122314453125,12743500,1
2020-07-30,84.06781804218629,84.24019149816337,82.78361804096727,83.61963653564453,14834800,0
2020-07-31,83.15422444160977,83.54206799395435,82.0941086492419,83.29212188720703,14535000,1
2020-08-03,83.61964203263317,84.09367893117114,82.61124344006286,82.82671356201172,12962800,1
2020-08-04,82.66296152559846,82.69743095888643,81.90450248073653,82.3526840209961,13366200,1
2020-08-05,82.62847726686233,84.86936501754565,82.49919389024825,83.78339385986328,15260900,0
2020-08-06,84.10228498285922,84.55045986546496,83.20592864202258,83.80924224853516,10482100,1
2020-08-07,83.54206692772127,85.74847863412278,83.22316881443253,85.65367126464844,14743700,0
2020-08-10,86.28285891996855,87.9462885776621,86.21390690058841,86.73965454101562,14989900,1
2020-08-11,89.51490661108382,91.497234332761,89.21324976012238,89.48043060302734,31518600,1
2020-08-12,91.49724125328942,91.72994610573888,87.66186890614628,88.72198486328125,19240800,0
2020-08-13,87.91182232670666,89.08398048377958,87.60154478067986,88.23072052001953,13598600,1
2020-08-14,87.48084542270614,89.04084657185703,87.41189342451867,88.2651596069336,12134400,0
2020-08-17,87.48086181935237,87.91180202535904,85.78295635558601,85.93809509277344,14988000,1
2020-08-18,86.11049056613153,86.11049056613153,84.56772356282754,84.74009704589844,13246500,1
2020-08-19,85.25720788592186,86.69654658077009,84.75731567403574,84.93831634521484,13533000,0
2020-08-20,83.82650303949264,84.49014816105037,83.43003878074524,83.92131042480469,13672600,1
2020-08-21,83.83510006788165,84.95554717072872,83.55068454539,83.8781967163086,12228300,1
2020-08-24,84.85211819813472,86.36902946194014,83.9643824858545,86.23974609375,17898300,1
2020-08-25,87.2826407997277,87.89458177954512,86.01568190902773,86.6189956665039,13648900,1
2020-08-26,86.13634365193366,86.42075923391255,85.36927049399857,85.40373992919922,12052400,1
2020-08-27,85.32617201403869,88.4720372468533,85.32617201403869,88.21347045898438,22163900,1
2020-08-28,88.89433754544655,88.98914490868742,87.74803511762529,88.575439453125,13756700,0
2020-08-31,88.01525176823576,88.06696250152092,86.20529719572723,86.35182189941406,14219400,0
2020-09-01,85.8002094634881,86.93789150101426,85.36064855164514,86.3087158203125,11595600,0
2020-09-02,86.1449599204183,87.86010698079092,85.80882702581052,87.61016082763672,14475700,0
2020-09-03,89.04948312013441,90.48882181734118,86.73964337330308,87.33434295654297,23281200,1
2020-09-04,89.67865729422999,90.67843512824652,87.36881758382903,89.22185516357422,26325500,1
2020-09-08,88.75646141714671,89.26496778239456,85.73987950965449,86.11910247802734,22108600,0
2020-09-09,86.8775501025625,87.64462316034533,85.80881363333344,86.93788146972656,13434000,1
2020-09-10,87.39467883622238,88.27379400085148,85.87776740493734,86.0415267944336,15922800,0
2020-09-11,86.16220034151809,87.36021378978315,85.83468152143364,87.11026763916016,13784300,0
2020-09-14,87.48949761094545,89.17016207508001,87.36883485842435,88.31690216064453,19017400,0
2020-09-15,88.54097321348534,88.6443946493801,85.44681926900144,85.5674819946289,23683000,0
2020-09-16,85.69679188673018,87.16198633744371,85.11933343885359,85.92949676513672,19270600,0
2020-09-17,85.0675850210916,85.61918790027828,84.21432534479115,84.9469223022461,18290100,0
2020-09-18,84.3694736019241,85.74848095576165,83.98163004402863,84.76593780517578,20121600,1
2020-09-21,82.0510284867291,82.78363223934657,80.86163565499018,82.14583587646484,28378800,1
2020-09-22,81.84416554840345,82.44748579997355,80.73233899505551,81.24946594238281,19257000,1
2020-09-23,81.68900733636775,82.18027880557982,79.86182545293835,79.93077087402344,19952700,1
2020-09-24,79.56882695103891,81.27535365154928,78.75865697875716,79.86186981201172,18366500,1
2020-09-25,79.33609837519175,80.77543715439134,79.1809596305362,80.55996704101562,13293100,1
2020-09-28,81.93036694553035,83.54208601928879,81.31843251447822,82.8784408569336,20894100,1
2020-09-29,82.76639217578172,82.76639217578172,81.30119780001985,82.18031311035156,12848200,0
2020-09-30,82.18030757115025,83.77478524333074,82.10274147941993,82.97323608398438,16400600,1
2020-10-01,83.70582909397667,84.26604610872715,82.76637601307631,83.57654571533203,15778700,1
2020-10-02,82.09409762008717,84.97277463230267,81.95619361739134,84.36946105957031,15149600,1
2020-10-05,85.52641951870035,86.33540646438654,84.83921498319113,86.1527328491211,13871900,1
2020-10-06,87.04870230621317,87.73590681033123,84.82181646567903,85.26544952392578,19220400,1
2020-10-07,86.08313509961602,87.2922651153242,85.83086965679762,86.75294494628906,16358500,0
2020-10-08,87.43145155717716,88.6579762533266,86.90082537390921,88.53619384765625,15659000,0
2020-10-09,88.72757481895643,88.82326195018288,87.08350558118374,88.03166961669922,13689100,1
2020-10-12,87.94468838630522,89.59745836304954,87.7272188271716,89.1103286743164,16058000,1
2020-10-13,89.59745139762212,89.78882565664509,87.21398707307183,87.66632080078125,21697300,1
2020-10-14,87.883767712827,88.66665919057824,87.07478095859102,87.17916870117188,15204100,1
2020-10-15,86.20491815450858,88.536191721804,86.15272759237254,88.48400115966797,17171200,1
2020-10-16,88.21433645912036,89.01462267434944,87.61411847937713,88.30132293701172,13275000,1
2020-10-19,88.37961947495636,88.61449029400256,86.6050672372534,86.8138427734375,11725700,1
2020-10-20,87.25746466955785,88.5274858203065,87.0921923537368,87.30966186523438,11257100,1
2020-10-21,87.30098939164735,87.84901034823288,86.40501577708032,86.43981170654297,10730500,0
2020-10-22,86.39631541023361,89.80623686867463,86.38761476867904,89.49308013916016,14837200,1
2020-10-23,90.03238002278896,90.85876153259215,89.53654978957846,90.30204010009766,15087600,1
2020-10-26,89.29299099953676,89.33648092386936,87.20528216891242,88.06645965576172,12410700,0
2020-10-27,87.43145526826079,87.78810186096393,86.25712108565517,86.40499877929688,10391700,1
2020-10-28,84.8131171766404,85.50902233120866,83.56919119258394,83.97803497314453,16389500,1
2020-10-29,83.61269389547788,85.23066785755474,82.84719684189248,84.52606201171875,14208800,1
2020-10-30,85.16978564434775,85.6134187890968,83.70838986738454,85.28286743164062,15194500,0
2020-11-02,86.45718081836866,87.75329728398886,85.12626843356256,87.20527648925781,15011600,0
2020-11-03,89.61484298249152,91.11103444381573,89.32778824039745,89.9541015625,17482600,0
2020-11-04,87.85768504154652,88.78845431067937,86.0570377026954,87.20527648925781,18886500,1
2020-11-05,87.90988206520728,91.42419052164102,87.85769150091285,90.77178192138672,17837400,1
2020-11-06,91.36330007403208,91.42419127842744,89.06682231305874,89.56265258789062,12552800,1
2020-11-09,98.43542375546778,103.42852294060704,95.99106141468334,101.6887664794922,47792400,1
2020-11-10,102.0801928536013,102.16717933554489,99.76632057801515,101.35819244384766,20539300,1
2020-11-11,101.68005553295497,101.74094673745648,99.13131231028854,99.84461212158205,14443400,1
2020-11-12,97.887386675102,99.13131268893582,97.47854288475442,98.61808776855467,22063000,1
2020-11-13,99.77502272872827,99.91420642051902,98.7920627928701,99.23570251464844,11847900,0
2020-11-16,102.462943432978,103.17624321812774,100.67099664906011,102.03670501708984,19858600,1
2020-11-17,100.37523546054484,101.28861013869684,99.6706363090034,101.00154876708984,14553200,1
2020-11-18,102.0714982514514,103.17624721106912,100.20995955385668,100.25345611572266,12571200,1
2020-11-19,99.32268760552972,100.74928724308398,98.78336076239826,100.52311706542967,10202500,0
2020-11-20,99.5401591156267,100.60141154336574,99.24439708719666,99.66194152832033,12718900,1
2020-11-23,100.9493764320016,102.793514126884,100.53183194002855,102.53255462646484,13209200,0
2020-11-24,104.44625753444876,107.42993952102472,104.13310090450868,107.27336120605467,20121600,0
2020-11-25,105.57710614083052,106.455678233084,104.79421453273666,106.1512222290039,11715600,0
2020-11-27,106.12515165010672,106.42960772505268,105.3248652140646,105.44664764404295,5983600,0
2020-11-30,104.3853809975906,105.01169434543915,102.4455497472621,102.5412368774414,14411800,0
2020-12-01,104.6811281120627,105.75978174210854,104.06351545307238,104.1592025756836,12668900,1
2020-12-02,104.12440910083669,106.39479154222629,103.75036124092765,106.15992736816406,10811300,0
2020-12-03,105.99466128685644,106.02945721254852,104.69854457888673,105.46403503417967,12904400,0
2020-12-04,106.54268749422808,107.2472867299486,105.85548290281491,106.4208984375,13583700,1
2020-12-07,105.38573700398209,106.27300977837145,104.56804943629368,106.02074432373048,9724300,1
2020-12-08,105.29004750830326,106.41219106955802,105.04648269872423,106.12512969970705,9592100,0
2020-12-09,107.1428737201496,107.25596210976764,104.768110451167,105.29873657226562,13073900,0
2020-12-10,104.3766668328468,105.06387129843284,104.00261900060738,104.62023162841795,13668400,1
2020-12-11,103.46330433198764,104.40276764516686,102.96747407568854,104.00262451171876,9981600,1
2020-12-14,105.5510328513354,105.62062471018388,102.74132957593908,102.90660858154295,12112400,1
2020-12-15,103.76776860434704,105.16827300124214,103.18495181813806,104.66374206542967,12590200,1
2020-12-16,104.64634239140504,105.32484627546611,104.26359388792709,104.96819305419922,11169400,1
2020-12-17,105.48142203115228,105.64669436000332,104.02002653320709,104.09831237792967,11618000,1
2020-12-18,103.63727356870967,104.28098148746604,102.8804772524854,103.5850830078125,28954800,0
2020-12-21,107.14289175759708,108.73477038888484,105.33354358553154,107.47344970703124,28323600,1
2020-12-22,107.33425748457314,107.44733924759828,105.78587553916157,105.83806610107422,11788200,1
2020-12-23,106.80363264057728,110.0569748941198,106.42958479006472,108.795654296875,14973200,1
2020-12-24,108.81304520304482,109.21319495774246,107.49083344932714,108.31721496582033,4164900,1
2020-12-28,109.44806964374848,110.17007010814244,108.55209620230126,109.03052520751952,8072600,1
2020-12-29,109.77862742444188,109.84821927402191,108.63908909330569,108.74347686767578,8389200,1
2020-12-30,109.16100962928545,109.47416630122832,108.6477846948836,109.04792785644533,7398000,1
2020-12-31,108.81304649121424,110.7615781804298,108.57818232833507,110.53540802001952,8580200,1
2021-01-04,110.90946084299868,111.22261749866333,108.54339128315176,109.49156188964844,16819900,1
2021-01-05,109.50909145634375,110.65684311960928,108.44019612441132,110.08734893798828,13731200,1
2021-01-06,113.79340474695054,116.32545631687024,112.0411128689665,115.25656127929688,24909100,1
2021-01-07,118.88381987650152,121.07417689871173,118.20918617037484,119.04151916503906,21940400,0
2021-01-08,119.12912567644378,119.4620641852017,117.50825631092712,119.17293548583984,12035100,1
2021-01-11,117.91132095065234,121.08295418215074,117.49953269067672,120.9515380859375,15937900,0
2021-01-12,122.16933197762432,124.11436970979716,121.63488443195745,122.85272216796876,18033500,0
2021-01-13,121.42463950859651,123.3521511863444,120.99533805002184,122.96665954589844,14816800,0
2021-01-14,123.08929559038866,125.06937332551352,122.65998084463672,123.68506622314452,18565600,0
2021-01-15,120.40830608787016,124.10563000370816,120.04032769321203,121.46844482421876,27881000,0
2021-01-19,122.53734310331886,123.27329991021465,120.75001751958924,120.94275665283205,19843800,0
2021-01-20,120.75001235920251,121.05665433119808,118.66478812656624,119.12914276123048,16028800,0
2021-01-21,118.88381627434238,119.29560445155104,117.68350494058149,118.13033294677734,13411700,0
2021-01-22,116.2553976090111,117.75359440500486,115.82608279711678,117.21914672851562,12933200,1
2021-01-25,115.77350804444508,116.67593405104029,113.95112943212206,115.7559814453125,14212800,1
2021-01-26,116.307952869616,116.67593122923192,115.07258835376965,115.28286743164062,11307800,1
2021-01-27,113.5393361960568,113.76714186800528,111.5767783002309,112.02361297607422,17603900,1
2021-01-28,113.81093822166868,115.7997860134696,113.01365847710416,113.99493408203124,13761800,1
2021-01-29,114.94118298751462,115.40553762994654,112.31275442935105,112.7332992553711,14808100,1
2021-02-01,113.3728603289545,113.95988770410122,112.56681064711164,113.56561279296876,11080700,1
2021-02-02,115.59829771710116,117.74484517343204,114.96747375221244,117.06145477294922,12253600,1
2021-02-03,117.09647424068524,118.94513599452884,116.97381478933968,118.40193176269533,10600800,1
2021-02-04,118.6910412117694,121.48593829471658,118.6910412117694,121.12671661376952,12419500,1
2021-02-05,122.12555478654032,122.21317442157417,120.36451242094672,120.89019012451172,10051300,1
2021-02-08,121.08293460502276,122.92283986780916,121.06540800540124,122.78265380859376,10136400,1
2021-02-09,122.1605551480208,122.64243624724794,121.38078877613502,122.29198455810548,8614800,1
2021-02-10,122.65998401793208,123.4222239262885,121.81888110236024,122.36209869384768,10323200,1
2021-02-11,122.36211143034132,123.14187801800786,121.10046361009915,122.02041625976562,9201000,1
2021-02-12,121.82764618741268,124.0705693802508,121.78383637824945,123.75515747070312,8324600,1
2021-02-16,125.77029790577562,127.32107435934104,124.76272569415428,126.73404693603516,12130600,1
2021-02-17,126.12074659951288,127.37363768790992,125.39354651037902,127.1283187866211,10810100,0
2021-02-18,126.16457608988884,127.7328659798103,125.63888500862912,127.55764007568358,10587800,1
2021-02-19,127.7941590412204,130.4050602228584,127.7941590412204,129.68663024902344,11969800,1
2021-02-22,128.67908510388062,131.58788553434144,128.60899207760568,130.9044952392578,11488400,1
2021-02-23,132.74441012799014,133.44532714374114,131.06221731151578,131.9558868408203,16234400,0
2021-02-24,131.51775944906512,134.7156744268583,131.51775944906512,134.27760314941406,15061400,0
2021-02-25,135.16255262531052,135.71451349490434,131.938340190342,132.45526123046875,18127700,1
2021-02-26,131.6842249280922,132.18361921835992,128.36363725294078,128.94189453125,19829200,0
2021-03-01,131.0008808326756,132.630507045509,130.08968479491995,131.8594970703125,14845500,0
2021-03-02,131.49151219392232,132.98095227069587,131.28123311046045,131.43017578125,14221700,1
2021-03-03,132.49906624896064,135.784601608816,132.1398578766301,133.9709930419922,14324100,0
2021-03-04,133.7081590909672,135.25893565808195,130.21234435326892,131.9120635986328,20093900,1
2021-03-05,134.24260730823255,134.47916961883655,129.64285738816145,132.21871948242188,18465100,1
2021-03-08,133.5854880874154,136.20515976046934,132.0785214661849,133.9709930419922,17133300,1
2021-03-09,132.73565150747245,135.1450445216345,131.26373782861037,133.0247802734375,16238800,0
2021-03-10,133.0948800060841,136.81848757892067,132.74441480142997,135.9160614013672,14342200,1
2021-03-11,135.0223639976695,136.80968938175965,134.36525691443552,135.20635986328125,11771500,0
2021-03-12,137.43175965089253,138.10639334776394,135.86346992681175,136.8096923828125,12849500,1
2021-03-15,136.98491117655144,137.4843055443555,134.890930739568,136.12628173828125,12101100,0
2021-03-16,135.00483800155266,135.45167937622847,133.34017206414595,134.49667358398438,12805600,0
2021-03-17,136.10000185838342,137.44926908361168,134.0936409864517,135.88096618652344,13952400,0
2021-03-18,138.08012017804987,141.66354126937128,137.65080536355958,138.12391662597656,21898500,1
2021-03-19,136.24897327224215,136.62572165918615,132.46404301534375,135.9248046875,54418800,0
2021-03-22,133.87462901689184,134.89971453842116,131.95587405266556,132.2712860107422,19944800,1
2021-03-23,131.71057384354137,133.27886387228492,130.51026225670057,130.94833374023438,17076300,1
2021-03-24,131.42141064885618,134.20753813755087,131.29875120033898,131.96461486816406,13079800,1
2021-03-25,131.42141193658384,134.0235569624384,130.83439790086572,133.65557861328125,15608300,1
2021-03-26,135.18881934575157,136.19637808875686,133.6555696427317,135.88096618652344,16754400,0
2021-03-29,133.27881720531232,134.68940742313467,132.3325815279337,133.7694549560547,17570300,0
2021-03-30,135.32899861353877,136.5643495806763,134.82083427598278,135.3465118408203,13184300,1
2021-03-31,134.29518159342555,135.3553203764512,133.2788526288336,133.37522888183594,16736700,1
2021-04-01,133.08607593927394,134.74198517168213,132.77943400371817,134.67190551757812,16561500,0
2021-04-05,136.07317268453153,136.54908381723237,134.48683810250495,135.38575744628906,13508000,1
2021-04-06,134.65425515359982,135.96740122777396,133.83464996636016,134.43392944335938,13071600,1
2021-04-07,134.9274802024861,136.80464624670302,134.5308831369443,136.54025268554688,16903500,0
2021-04-08,135.72064768407145,137.0514102325595,134.23124361955638,136.70770263671875,12335500,0
2021-04-09,137.3158127759061,138.3998116571358,136.5755215129988,137.7300262451172,12122400,0
2021-04-12,137.11310071150297,138.58487487548112,137.10429252403523,137.43917846679688,12273400,0
2021-04-13,136.38162040243435,136.7782040081043,134.33699127014054,135.79995727539062,16113600,1
2021-04-14,133.49092891831967,135.57080395089855,133.01501790158696,133.2617950439453,19939600,1
2021-04-15,133.29706730322334,134.13430239180315,131.59615911414338,134.1078643798828,17694100,1
2021-04-16,135.60609550954618,136.17012892160042,134.5661643691657,135.103759765625,13773400,0
2021-04-19,135.20950613063405,135.61491143203594,134.15194520854732,134.53089904785156,11900200,1
2021-04-20,133.72888181903556,133.737690005243,131.0056461483314,131.55206298828125,13716700,1
2021-04-21,130.2478027560279,132.73308440174986,129.36649949685625,132.67138671875,12236700,1
2021-04-22,132.39815174033916,132.4598494079052,129.78068063955575,129.87762451171875,15256100,1
2021-04-23,129.7101840956057,133.19134210654929,129.27835418210762,132.3629150390625,14041900,1
2021-04-26,132.8828525610243,134.3634484522448,132.5303367737703,132.68896484375,10799100,1
2021-04-27,132.63611132408963,133.57911205879174,132.29240366653653,133.29708862304688,12821200,1
2021-04-28,134.33702453132142,134.74242987262318,133.42928341782584,134.1607666015625,8943700,0
2021-04-29,135.31523612348565,136.8487079514079,135.01559637648464,136.76939392089844,12976900,1
2021-04-30,135.80880807648273,136.15251573489212,134.8481775127489,135.55322265625,11705100,0
2021-05-03,136.46979321561554,137.0250050356331,134.95395077668758,135.15664672851562,11801100,1
2021-05-04,134.72476240206123,137.16597506236067,134.08141508677002,137.02496337890625,12977700,0
2021-05-05,137.48324608836128,139.4926155323051,136.27586547402703,138.8228302001953,10506700,1
2021-05-06,139.3075676580866,141.73115083837945,138.50557872372548,141.6165771484375,13542400,1
2021-05-07,138.55847609030027,142.33045232693212,138.38221815774725,142.101318359375,14257800,0
2021-05-10,142.3304124075287,144.29571402714274,141.99551301627437,142.08364868164062,14014300,1
2021-05-11,141.9603193899926,143.11482441671296,139.28115016302644,139.7218017578125,15451700,0
2021-05-12,140.66474093933135,141.6958636052347,138.3909780936418,138.76112365722656,14381700,1
2021-05-13,139.40452666399025,143.16769490281882,138.9638750862976,142.33045959472656,15395000,1
2021-05-14,143.11477410677102,144.93025588746397,142.76225833391183,144.54248046875,10584000,1
2021-05-17,143.97846419783855,145.28280229648755,143.67882441069608,145.12416076660156,9886800,0
2021-05-18,145.1329836530124,145.85565862795906,142.98261545020628,143.07955932617188,11098100,0
2021-05-19,141.88978098698632,142.04840906987988,139.8099053985892,141.98672485351562,13278900,0
2021-05-20,141.7399444580078,142.64768535278634,140.58543983150005,141.7399444580078,10426000,0
2021-05-21,142.18939597254155,143.84624960326002,141.83688021808038,143.35272216796875,10249000,0
2021-05-24,143.96965256117778,144.7363818356846,142.8768320460102,144.12828063964844,9440300,0
2021-05-25,144.40153771118102,146.0319405966185,142.3833458104157,142.63893127441406,12609100,0
2021-05-26,144.15473360936176,144.30455350091327,142.1629802858294,142.6212615966797,13058300,0
2021-05-27,144.48961857221286,145.19466363446793,143.2734296236293,144.84214782714844,15707500,1
2021-05-28,145.13298606170358,145.36213347103492,143.88153729058948,144.74522399902344,10291300,0
2021-06-01,146.1817210196348,147.09828364968973,145.8380133952683,146.34036254882812,9445400,0
2021-06-02,147.4067123598128,147.56535386827346,145.88206216868394,146.34915161132812,10498600,0
2021-06-03,145.77632057277856,147.3979147331475,145.11534337666578,146.44610595703125,13354400,0
2021-06-04,146.48137085705082,146.88676268787103,145.44142637178516,146.68406677246094,8510800,1
2021-06-07,147.17761650093482,147.26575218926402,145.53839221038496,145.99667358398438,7267200,1
2021-06-08,144.96553360257215,146.08477871709673,143.79339901267298,145.4149932861328,10370700,0
2021-06-09,144.65706339730087,144.7275692459046,143.01783939820774,143.59950256347656,12377400,0
2021-06-10,144.8509425094125,145.62649335034044,141.2816631407425,141.36097717285156,12119400,0
2021-06-11,141.38743522803742,142.06604231005542,140.1800544093801,141.26405334472656,13683800,0
2021-06-14,141.14069364524994,141.29933520450797,138.06495426799324,138.866943359375,19917900,0
2021-06-15,138.10017389080085,138.29406162166867,135.83523223128665,136.76058959960938,24485500,0
2021-06-16,136.3640077894381,138.9109728909911,134.93630124979595,137.72122192382812,25321200,0
2021-06-17,138.45268862252004,138.7699581990475,133.2970613658527,133.74652099609375,29722400,1
2021-06-18,131.57853762087572,131.93105343387572,130.04506559433165,130.36233520507812,43595700,1
2021-06-21,131.3846357699513,133.252993583774,131.33175974844534,132.5743865966797,18664800,1
2021-06-22,132.7242312985075,133.05030909082285,131.0145014026409,132.38052368164062,14251200,0
2021-06-23,132.3717283632035,133.99332290632773,132.27478448032005,133.18252563476562,12733300,1
2021-06-24,133.88753573410224,134.9450965307389,133.2706263900321,134.40750122070312,13733200,1
2021-06-25,134.47801648290576,136.16130837700075,133.66721936712557,135.7647247314453,15484900,0
2021-06-28,135.45624949367627,136.1436646618677,134.06378933442278,136.011474609375,14125800,1
2021-06-29,136.60196101277418,137.75646575745708,135.37695041643522,135.8440399169922,14528700,0
2021-06-30,135.50032403100457,137.553761449546,135.46507783113424,137.07785034179688,12531000,1
2021-07-01,137.71241413248353,138.48796514439132,136.97212277436307,138.43508911132812,10479400,0
2021-07-02,138.23116611744783,138.55913640759007,137.4954679883585,138.3020782470703,11424000,0
2021-07-06,138.0805173169613,138.0805173169613,135.0402350806245,135.97979736328125,15083400,0
2021-07-07,134.7388587460548,136.75094871429897,134.33113079440767,136.13934326171875,12271800,0
2021-07-08,134.3842944909461,135.19976381598372,132.99266909841674,133.79042053222656,17834600,1
2021-07-09,135.6606814277344,138.4084557631137,135.2440810709811,138.07164001464844,13694500,1
2021-07-12,136.81302151444098,141.07651534953,136.44960176952983,140.04830932617188,19940400,0
2021-07-13,138.31984699870512,139.50759505901357,136.05957128535965,137.9652862548828,22671700,0
2021-07-14,138.23121229085044,139.4101014800356,135.57206740474837,137.49551391601562,14622800,0
2021-07-15,136.4141235939525,138.7453115430436,136.23684997798162,137.79689025878906,11539300,0
2021-07-16,138.2400863803639,138.52372147180876,133.86135891934174,134.65023803710938,14002700,0
2021-07-19,131.67195328323973,132.79766139362414,129.15463347546418,130.27146911621094,22172900,0
2021-07-20,129.87265077759676,133.94999849215455,129.70423609018138,132.70021057128906,15385200,1
2021-07-21,134.77434254478607,136.19254517449795,134.16273699708233,135.4923095703125,12356700,1
2021-07-22,135.50997903320032,136.006350402902,132.93060617445892,133.78152465820312,9913300,0
2021-07-23,134.26904746858398,135.47452668471124,133.17880215973048,133.5244903564453,9666100,0
2021-07-26,133.1256596764838,134.6945589545398,133.10792825678593,134.41976928710938,8208000,1
2021-07-27,133.31180442947158,135.16435249156564,132.77998351592345,134.2425079345703,11218700,0
2021-07-28,134.9870733245473,135.41254631072258,133.73728531235562,134.464111328125,9217300,1
2021-07-29,135.74044111616806,136.38749572282865,134.6501958288977,135.61634826660156,9063500,1
2021-07-30,135.24408099766993,136.2102335159539,134.02087028913337,134.53497314453125,9805200,1
2021-08-02,134.7565818636977,136.90162352640857,133.9056631756532,133.99429321289062,10203200,0
2021-08-03,134.68567429807973,135.90002622298712,132.5317736159463,135.5188751220703,10394800,0
2021-08-04,134.06520965448289,135.9443342154893,133.76384317302131,134.0563507080078,10155000,0
2021-08-05,134.97816582274766,136.22796691048418,134.73883904475167,135.7493133544922,9151500,1
2021-08-06,137.5575481641801,139.88873585441874,137.4866360206438,139.60508728027344,13328800,1
2021-08-09,139.62283666900805,140.53580865625037,138.18688924650905,139.4544219970703,9516900,1
2021-08-10,138.93142865705656,141.8032958021439,138.5502776133536,141.16510009765625,8667000,0
2021-08-11,141.8210676948265,143.1506402044655,141.00559817859457,142.84927368164062,9156500,0
2021-08-12,143.4874384209373,143.92175669040265,142.30854942861646,143.40765380859375,8844200,0
2021-08-13,143.40764719219374,143.73561752198822,141.43989283896403,141.8032989501953,8980900,1
2021-08-16,140.88146158137766,140.96123266118295,138.96687451541055,140.87258911132812,8755800,0
2021-08-17,139.66714613325257,140.81057237194346,137.62846588063442,139.17076110839844,9347200,1
2021-08-18,138.55029876699618,140.0571447062244,137.69050757620948,137.9032440185547,8065500,1
2021-08-19,135.75818787737498,137.88549797474397,135.62522254309707,136.7509307861328,9517700,1
2021-08-20,136.8129886107794,137.30048761097405,135.75819247197182,137.1409454345703,6974100,1
2021-08-23,137.6816424862262,139.24166908515377,137.60187139582214,138.89598083496094,7934600,1
2021-08-24,139.1618938473314,140.53578786103688,139.04665992566524,139.75576782226562,7670900,0
2021-08-25,140.50033755954504,143.3988090756872,139.87101421994598,142.6365203857422,11335000,0
2021-08-26,143.8242420307152,145.2158673298207,142.84035812930955,143.3721923828125,11027500,0
2021-08-27,143.37222210264332,144.62202338987353,142.93789025474575,144.52452087402344,8780200,0
2021-08-30,144.6663247549273,144.91451048294925,141.7146728554796,142.21104431152344,7937600,1
2021-08-31,142.21104994344134,143.0353782459223,141.24489735501476,141.77671813964844,12340800,0
2021-09-01,142.01605148798308,142.49469156876154,140.90807456245898,141.57286071777344,8729900,0
2021-09-02,141.83879545188688,143.24813902967688,141.31581999918535,142.2288055419922,8813300,0
2021-09-03,142.16671061938024,142.60990131443725,141.06759282660047,141.3689727783203,7959700,0
2021-09-07,141.8121649838632,143.04423458824056,140.89919322432996,141.12078857421875,9285600,1
2021-09-08,140.83718917994358,141.4487947230756,140.083759317367,140.4915008544922,7852700,1
2021-09-09,140.28763410450676,142.55676907078993,140.11921941909944,141.1031036376953,7904300,1
2021-09-10,142.3174522324594,142.45927655910066,139.35694042066226,139.4810333251953,8311600,1
2021-09-13,140.518071320401,141.86537511406553,140.11034336613898,141.69696044921875,10052800,0
2021-09-14,142.21996037933735,143.0088396584954,138.50601838781242,139.2239990234375,11685600,1
2021-09-15,138.913732776238,140.65990570254004,138.69213736452565,140.19012451171875,11691500,1
2021-09-16,141.29809724669397,142.57448894311835,139.3569193354744,140.12806701660156,10880900,1
2021-09-17,139.49871431000017,140.9435068493016,139.16188503728958,139.76461791992188,25581600,1
2021-09-20,136.40523029256192,136.99910419530448,133.39153900474162,135.58090209960938,15819900,1
2021-09-21,136.08617595086974,136.99028903623685,135.24411607410832,135.59866333007812,8999900,1
2021-09-22,137.5664181337603,139.38350307279964,137.47778809106907,138.1957550048828,11236200,1
2021-09-23,140.04821220907667,143.33669200376508,139.75570482638722,142.8668975830078,12336100,1
2021-09-24,143.09743791055868,145.00315281056876,142.54788568406644,144.51564025878906,10102400,1
2021-09-27,146.25297890443574,148.38028955118304,145.90729058621153,148.0080108642578,13220900,1
2021-09-28,148.64621546644216,150.06443166405015,146.83800266334842,147.2102813720703,13387900,0
2021-09-29,147.32549962276576,147.937091598617,146.28842119280665,147.09503173828125,7777100,1
2021-09-30,147.95477435085948,148.01682753784317,144.29401502179454,145.09176635742188,13161200,1
2021-10-01,145.36658196561464,149.17802553924722,145.01203473671805,148.14096069335938,11285000,0
2021-10-04,147.99911569384176,151.07486048851172,146.8999977978,147.98138427734375,14120000,1
2021-10-05,149.10495406486655,151.71769496428143,148.62341620198617,150.39794921875,12292900,0
2021-10-06,149.80049039724824,150.79030306666132,148.02595745468383,150.71896362304688,8692600,0
2021-10-07,152.66293906274976,152.93937095083857,151.18267596444397,151.67312622070312,10195400,0
2021-10-08,151.61069017208573,152.7877570055906,150.9686487695893,151.78903198242188,8190100,0
2021-10-11,152.30623398262847,152.74316938047684,148.43616088009924,148.59666442871094,12154700,1
2021-10-12,147.80303252744548,148.6412540141607,146.9291481208439,147.45526123046875,13032600,1
2021-10-13,146.30494746923307,147.49985260162964,143.21066866354056,143.56735229492188,22753500,1
2021-10-14,144.23617876408196,146.2514676153576,142.72916488927265,145.7699432373047,15176800,1
2021-10-15,147.4463652401446,149.06929360366405,146.3673747031609,148.56993103027344,14267400,1
2021-10-18,148.45400658921304,150.35338049012066,147.94573167325507,148.5164337158203,12672900,1
2021-10-19,149.27437570608612,150.3890290898132,148.5431701617977,150.3177032470703,8053900,0
2021-10-20,150.07694903421293,152.36866954061844,149.3279051524266,152.3419189453125,8185600,0
2021-10-21,152.27058429072767,152.77887283078914,150.4157991869029,151.1470184326172,8415200,1
2021-10-22,151.6196303252835,153.45657716141443,151.32536016125133,153.18014526367188,8817900,0
2021-10-25,154.0094444092062,154.23237509999177,152.0208928506401,152.43109130859375,10159200,1
2021-10-26,152.48457918590708,153.81325088537966,152.07438076376243,152.8412628173828,8015100,0
2021-10-27,151.87824703634362,152.21709247731883,149.22090306446952,149.65785217285156,9847000,1
2021-10-28,150.07694788775842,152.04764762882826,149.77376540553382,151.9138946533203,7212900,1
2021-10-29,152.64511326006627,153.59035092503674,151.04893532112914,151.4947967529297,8140100,0
2021-11-01,153.41198590418654,153.67059313821292,150.71006688442648,151.41453552246094,7435500,0
2021-11-02,151.41452554022447,153.0998809920009,150.62980516678888,152.01197814941406,7173800,1
2021-11-03,151.7087765929071,152.60049922994227,150.83487861185515,152.06546020507812,8402700,0
2021-11-04,151.59286023922454,151.7712020593607,148.46291843501731,150.06800842285156,9574200,0
2021-11-05,150.61196004461854,151.6731122449432,149.28330191699246,149.85400390625,7975600,0
2021-11-08,150.74569582740995,152.41321259786503,150.4692640212496,150.75460815429688,6413700,0
2021-11-09,149.2298164584749,150.2285416432765,148.56102435652167,149.61325073242188,7990300,0
2021-11-10,149.31900504498444,150.6565894680926,148.997984239174,149.47059631347656,6999200,0
2021-11-11,149.3814181296251,150.4158063118274,148.8285407009222,149.461669921875,5815300,1
2021-11-12,149.4973169398305,149.57758233014954,147.77629852499552,148.79286193847656,8113400,0
2021-11-15,149.1049575043401,149.62214469253712,148.0259670587511,148.52532958984375,6492500,0
2021-11-16,148.97118704789017,148.98011298281784,147.24124289132612,147.45526123046875,9706100,0
2021-11-17,147.32154671638074,147.6336415683045,145.6986045025751,146.6616668701172,9909600,0
2021-11-18,146.59032163656786,147.00052014250582,144.95846715633294,145.39541625976562,8122500,0
2021-11-19,143.83489173619805,144.5571850340446,142.18519909778507,143.49603271484375,12193600,1
2021-11-22,146.38521222139497,148.00814057663277,145.34189822018288,146.5546417236328,14549900,1
2021-11-23,147.58009422583407,150.3087632773633,147.46416593063597,150.05908203125,12354400,0
2021-11-24,150.2196184085635,151.09350288182597,148.4183346682146,148.8820343017578,9629800,0
2021-11-26,144.583935256684,145.0387089894779,141.62342261546195,144.39666748046875,13619300,0
2021-11-29,145.62726142030473,146.93809514301478,142.51515727595626,143.77247619628906,12104400,0
2021-11-30,141.92660964580276,143.2374433014271,141.15080152706733,141.63233947753906,18922600,1
2021-12-01,143.56738718677275,145.59160198366732,140.71387662239525,140.79412841796875,12253400,1
2021-12-02,142.5240871092684,145.57377810194907,141.60561351819558,143.75466918945312,12969900,0
2021-12-03,144.01325448902335,144.30752469136095,140.1699308032473,141.15081787109375,12681800,0
2021-12-06,143.57631576331104,145.00307801024616,142.19415599444582,142.818359375,11186500,0
2021-12-07,144.3520858229234,145.69858230221814,143.71004434239103,144.96737670898438,9851600,0
2021-12-08,145.04764903420445,145.59160054317354,142.8272541323578,143.3087921142578,11705700,0
2021-12-09,142.36353905237672,143.50494314363883,141.47181625566503,143.08584594726562,11189600,0
2021-12-10,143.85270544440084,144.1915508012989,141.89983065006132,142.51512145996094,10405400,0
2021-12-13,142.2298008733802,142.48839452442272,140.2501749701873,140.8208770751953,12069000,1
2021-12-14,140.40175515575305,143.4692838307284,140.2680021755229,141.8998565673828,12563600,1
2021-12-15,142.54189313181374,142.54189313181374,140.31258616138567,140.8386993408203,14014200,1
2021-12-16,143.023436756392,144.29860759104164,141.51642286390228,143.04127502441406,19542800,0
2021-12-17,142.06925940628457,142.1227605883317,138.37751456574014,139.78643798828125,28082000,1
2021-12-20,137.7800950261686,137.94952454764203,135.39919660848918,137.27182006835938,15148000,1
2021-12-21,138.5826456384304,140.1609852207324,138.29728780708814,139.1890106201172,11291300,0
2021-12-22,138.8857916862676,140.05394608775956,138.43101806933305,139.73292541503906,7273000,1
2021-12-23,140.5444387620308,141.89093536551516,140.18775506510846,140.23233032226562,8055200,0
2021-12-27,140.53551899986942,141.0705445169588,139.41193956142254,141.03488159179688,6188100,1
2021-12-28,141.0705456707484,142.8094024270783,140.9635432877774,141.46290588378906,6342300,0
2021-12-29,141.65016300099873,142.34570565118904,141.02594619634814,141.3915557861328,6398900,0
2021-12-30,141.8820412860412,142.88969258904922,141.22216139458092,141.32025146484375,6948200,0
2021-12-31,141.2934487674872,142.04249251515856,140.85651338464936,141.20428466796875,5805900,1
2022-01-03,142.55079232444794,145.02978035858226,142.2386839347066,144.19155883789062,13120900,0
2022-01-04,146.51898383400675,150.32664433101783,146.44764437100898,149.65785217285156,20195800,0
2022-01-05,150.54596115953973,151.03037186584788,146.87694256757743,146.9217987060547,17539400,0
2022-01-06,149.7296358702714,150.14227951990978,147.00254125349144,148.4827117919922,14047500,0
2022-01-07,148.6172517115506,150.28579871431185,148.0700396921458,149.95388793945312,13913300,0
2022-01-10,151.66729639993684,151.8825839638644,148.4916679502889,150.09742736816406,12922500,0
2022-01-11,150.9406408791439,151.1738872950451,149.19136120073472,150.24990844726562,11854100,0
2022-01-12,151.1200722668103,152.13374973824253,149.971812702351,151.1021270751953,12568000,0
2022-01-13,151.0124048217435,152.3310957107685,150.6087270102025,150.91372680664062,13623400,0
2022-01-14,144.2126111500501,144.4548232829424,140.74992897736615,141.63803100585938,40158400,0
2022-01-18,139.74526555447147,139.74526555447147,135.04462384894322,135.69949340820312,32324800,0
2022-01-19,135.96856806694217,136.56062239038292,133.2594195768705,133.6002960205078,22380000,1
2022-01-20,133.6541462152785,135.10739177724707,132.19192121422608,132.46104431152344,14860800,1
2022-01-21,132.31749350518086,132.3264592549663,129.41996849704248,130.14659118652344,20705400,1
2022-01-24,127.63482895550824,130.5054437056573,125.2037824359175,130.02999877929688,28471400,1
2022-01-25,128.8637823085376,131.73441018150982,126.29816788658216,131.4473419189453,18915900,1
2022-01-26,133.41196260354067,135.07154398514834,130.93605969263675,132.69430541992188,20709100,1
2022-01-27,134.03991682879746,134.90110824667147,129.2944324974671,130.35296630859375,17536800,1
2022-01-28,129.34823169494967,131.65368924058268,127.53615057812438,131.51913452148438,14117000,1
2022-01-31,130.64896385719052,133.47472216848456,129.77880692944967,133.30429077148438,13985700,1
2022-02-01,133.3850326915344,135.87888044168872,133.03517674638815,135.59181213378906,14584900,1
2022-02-02,135.00873406395868,135.4034461742531,132.82886539324826,134.50637817382812,12441100,0
2022-02-03,134.5601882279928,136.04034482323263,133.0261960593988,133.3939971923828,12474900,0
2022-02-04,133.75284189376575,137.6999355482182,133.45680781645615,136.856689453125,16654400,0
2022-02-07,137.49358929406347,137.80755481973785,135.3226868013496,137.31417846679688,12572300,0
2022-02-08,139.04552383242864,142.16731627675307,138.866112990924,139.89773559570312,20411400,0
2022-02-09,140.47184026392864,141.22537391331863,139.78110792940515,140.48081970214844,9131100,0
2022-02-10,140.53465982443993,142.66070635701823,139.24287986453473,139.89773559570312,16455600,0
2022-02-11,139.59272220121784,141.90715878928052,137.22446373476254,138.07667541503906,16830000,0
2022-02-14,137.00915652268097,137.86136816557251,134.8472336024617,136.7938690185547,17026500,0
2022-02-15,138.60595176538595,139.88876593825424,138.01389737377,138.79434204101562,9500000,0
2022-02-16,137.91523153749446,140.03231244666443,137.91523153749446,139.0455322265625,9076500,0
2022-02-17,137.25137483278107,137.90623050093004,135.16120519438138,135.8429718017578,11367500,0
2022-02-18,136.47092316612597,138.27402444202514,135.57385540312123,136.47988891601562,11733300,0
2022-02-22,135.09843500652676,137.46669378146026,134.9279899106364,136.23770141601562,11333500,1
2022-02-23,137.35902915525605,137.52050849121017,132.73913505693665,133.38502502441406,11799000,1
2022-02-24,128.22687808004906,130.06586987305138,125.39214044612532,129.67115783691406,25655100,1
2022-02-25,130.29909502708057,134.6767901730923,129.99409526708283,132.73912048339844,18367700,0
2022-02-28,128.77409236741448,130.12865989067305,126.37892285491633,127.2042236328125,31315300,0
2022-03-01,125.62539323134126,126.02010533055902,119.8303417765962,122.40492248535156,36840400,0
2022-03-02,123.15844868627477,125.62538546571928,122.54844907113376,124.94361877441406,19405600,0
2022-03-03,125.44597714532254,126.46863404695728,122.95212937312256,124.05551910400388,16640800,1
2022-03-04,121.05035761091736,121.48094641645368,118.77179723493776,120.56593322753906,21016000,1
2022-03-07,118.56548533430744,119.03196456404488,115.67692504983413,115.91017150878906,27560100,1
2022-03-08,116.29587099273915,118.22456131978252,114.1698178072518,115.09380340576172,19207800,0
2022-03-09,119.22031810161904,121.3194673847629,118.80767453414713,119.70474243164062,17536200,1
2022-03-10,118.2873764038086,119.71371111054437,116.90589783067844,118.2873764038086,15604200,0
2022-03-11,118.85252720475629,120.27886183506436,115.2014543979835,115.62307739257812,20061800,1
2022-03-14,116.13444398017448,119.23829198707104,115.92810845861383,116.77135467529295,15786900,1
2022-03-15,118.23355203367144,119.80342085968104,117.63251818286528,118.8435516357422,15096600,1
2022-03-16,120.98756382238544,124.2349594793706,120.59285168930212,124.15421295166016,20354900,1
2022-03-17,122.77270525537784,125.75994280821052,121.92945929480916,125.72405242919922,17050500,0
2022-03-18,125.7599167637634,126.35198470131368,124.20799355306288,125.67918395996094,23656500,0
2022-03-21,125.90348644062438,126.27127388012174,124.45022712081358,125.27552795410156,12676100,0
2022-03-22,127.6258613949576,129.11498379263227,127.13247128360273,127.93982696533205,13548600,0
2022-03-23,126.46862962910136,127.01584159960797,124.8718498505418,125.39215087890624,12093200,0
2022-03-24,125.8586096966564,126.22641076409178,124.79109687019006,126.20846557617188,10017600,0
2022-03-25,126.56731397680672,128.4421827100561,126.30717029369798,127.31188201904295,8383500,0
2022-03-28,125.5895122386606,126.45966923993925,123.70566407981248,126.36995697021484,10818100,0
2022-03-29,128.59469017882293,128.81895715598296,125.8048084354255,126.6480407714844,11316500,1
2022-03-30,127.29393413927096,127.49129017946342,125.50877771412613,126.07392120361328,8771000,1
2022-03-31,125.43700288101368,125.90348200973192,122.23446398986556,122.28829956054688,17353900,0
2022-04-01,123.257100941341,123.26608037909097,120.02766531799836,121.38223266601562,15721300,1
2022-04-04,120.31473497192228,122.8444728647384,119.21134535543628,121.92049407958984,17416400,0
2022-04-05,121.16138677504424,122.36331866647916,120.20343483995678,120.5016632080078,12110300,1
2022-04-06,118.91112708700985,119.7967662029885,118.35082675909324,118.82979583740234,12914700,1
2022-04-07,118.34177999283212,119.21838689415644,116.33552644440245,118.46829986572266,12994200,0
2022-04-08,118.99245025388448,121.00773588740516,118.82978776571856,120.63722229003906,13126900,1
2022-04-11,120.19440460205078,121.9114620090844,119.80581277010512,120.19440460205078,10466400,0
2022-04-12,119.41719772278182,121.62227003499122,118.11584266707588,118.87496185302734,12989900,0
2022-04-13,114.7178665093217,116.80545108839034,113.87740921602654,115.04320526123048,30838000,0
2022-04-14,114.32023962420212,115.94693353883648,112.98273497274542,113.9768295288086,18835200,1
2022-04-18,113.57015086957828,116.79642823350372,113.45267010329816,116.0915298461914,11834400,1
2022-04-19,116.0824761116992,118.67615395385494,115.88365721677071,118.49539947509766,15015400,1
2022-04-20,119.76062165997892,120.6552929706008,118.69422806465955,118.91112518310548,13430200,0
2022-04-21,119.48953138466834,120.02272141100592,117.44713475737602,117.9893569946289,12174200,0
2022-04-22,117.73629551729816,117.95319264604936,114.49195353307734,114.60039520263672,14318800,0
2022-04-25,113.87742689939034,114.8805537244096,111.2566451664104,114.56424713134766,17149000,1
2022-04-26,112.63932512452811,114.23890862656472,111.03974851730746,111.17530059814452,17209500,0
2022-04-27,110.55174861207772,111.66331712699215,109.5486217699453,109.72936248779295,17215200,0
2022-04-28,110.98552371343575,111.74464986019775,109.47631741862703,111.46449279785156,13015600,0
2022-04-29,111.20241774955868,111.7084972368,107.45198953422596,107.8676986694336,14874800,0
2022-05-02,108.33763406882994,109.08772112846822,106.83746684436964,108.85275268554688,18545000,0
2022-05-03,109.82876544268754,112.21457862994092,109.15097744869928,111.18434143066406,15720900,1
2022-05-04,110.97649210909836,115.13359049410413,110.9222643802238,114.86247253417967,17128500,0
2022-05-05,113.1905854273637,113.95874370998352,110.398102437709,111.98863983154295,15055400,1
2022-05-06,111.88021377863988,112.32303336182432,109.5124717740967,111.80791473388672,14417900,1
2022-05-09,110.35293588817838,111.45547225554238,108.89795027482975,110.12700653076172,14312300,0
2022-05-10,111.25665123132596,111.86214024309116,106.24101683281312,107.44296264648438,16382400,1
2022-05-11,107.81348267241836,111.05782465119682,106.58442652415488,106.76516723632812,14630300,1
2022-05-12,105.73492262246668,106.92782916600444,104.26186592618475,106.67478942871094,16318800,0
2022-05-13,107.91289154313873,108.67201080389952,106.60249725518328,107.62369537353516,10443200,1
2022-05-16,107.12665884232258,107.95807717553484,105.9427912831874,106.87361907958984,10269000,1
2022-05-17,109.3859613851943,111.13013634602156,109.17810333719608,110.41619873046876,11160200,1
2022-05-18,109.62091646705116,110.2264054321231,108.02133290879706,108.52741241455078,12664900,0
2022-05-19,106.81033581679398,108.12976207352874,106.3042495070164,106.91877746582033,12765800,1
2022-05-20,107.95805051440482,108.14783028958668,103.94554413966031,106.04216766357422,13150100,1
2022-05-23,108.8617832949212,114.3834964563956,108.8527441915252,112.6031723022461,24376700,0
2022-05-24,112.3862908750424,115.21492371545938,111.25664418073296,114.1937255859375,19324900,0
2022-05-25,114.12142297694744,115.54929800869556,113.11829619215872,114.9889907836914,12780400,0
2022-05-26,116.0101811276588,117.65495317227511,115.86559684508896,116.97716522216795,15990900,0
2022-05-27,117.62785462635097,118.6309814453125,116.7060590600973,118.6309814453125,11177800,0
2022-05-31,117.64591192652784,120.32995342054404,117.22117748043097,119.49853515625,17015000,0
2022-06-01,120.07693537095258,120.07693537095258,116.28132476927026,117.40193939208984,10768000,0
2022-06-02,117.39287565216584,119.29971977006768,116.2813071973532,119.29068756103516,8374800,0
2022-06-03,118.57675167649164,119.08283115250003,117.47421547963128,117.62784576416016,8596000,0
2022-06-06,118.46829093530316,119.6431261176573,116.99524119546945,117.2392349243164,11323500,0
2022-06-07,116.42590199657988,117.77244574458804,116.2361152951919,117.54651641845705,6722200,0
2022-06-08,116.5795367360115,116.98620678065254,114.68173170299316,115.67581939697266,8422100,0
2022-06-09,115.1064820824074,115.76619878581484,113.20867011950584,113.24481964111328,13560100,0
2022-06-10,110.78670816689691,111.51872391904678,107.83155542504012,108.03941345214844,12945200,0
2022-06-13,105.6084029666021,106.5934515023102,103.9817090881296,104.8221664428711,16805600,0
2022-06-14,104.42452361307636,106.02409999877464,102.31886091468166,103.0779800415039,13357900,0
2022-06-15,104.4878068626398,105.6897457483886,102.27369512557486,104.29802703857422,14083500,0
2022-06-16,102.89725809937562,103.25874641860864,101.09886250208206,102.50865936279295,16724900,0
2022-06-17,102.60804580833904,103.5930941901196,101.36091862626829,102.14714813232422,30919900,1
2022-06-21,104.71373130830838,105.7620398438149,103.96364425676538,104.67758178710938,11680500,0
2022-06-22,103.81904622285296,105.01195284374018,103.3762266538764,104.09016418457033,9842700,0
2022-06-23,103.93652482790742,104.09015510857078,100.7464039779636,102.95146942138672,11851500,1
2022-06-24,102.3279085951846,106.47596751765342,101.96642031147374,106.02410888671876,14841100,1
2022-06-27,106.69286698952862,107.09050482560198,104.50587268075743,105.17462158203124,11280500,0
2022-06-28,106.34040888598204,107.80443333697768,104.4697144237843,104.66853332519533,11590900,1
2022-06-29,104.8312154319951,105.57226340322173,103.68349740020884,104.19861602783205,9338400,0
2022-06-30,102.2736881388474,103.09607421510096,100.24936325895432,101.76760864257812,15172600,1
2022-07-01,101.80375648256306,103.40333308961966,100.45721961946424,103.06896209716795,10573600,1
2022-07-05,100.99025424622354,102.75897633463552,99.65004452314356,102.67692565917967,12514200,1
2022-07-06,101.86550523822852,103.01425645258416,101.00849440190804,102.0113754272461,10656200,1
2022-07-07,103.47923330970208,104.7556305302339,103.3880635701938,104.59152221679688,10347400,1
2022-07-08,104.99266212672636,105.43939865431904,103.57950702483792,104.26329040527344,8807800,0
2022-07-11,103.52484273809571,104.14480683112257,102.31226478388328,102.89575958251952,7939500,1
2022-07-12,102.64044303428535,105.01089063538537,102.34869574423928,102.99600982666016,11250900,0
2022-07-13,101.88374777785626,102.54930015275389,100.63470067013604,102.02962493896484,12979900,0
2022-07-14,98.45570180114818,98.6745175223542,96.69609870566312,98.4648208618164,26204800,1
2022-07-15,99.52240367673576,103.8256749463104,98.16394890212584,102.977783203125,18863900,1
2022-07-18,104.63709203129324,105.6126227432874,101.46434093029362,101.92019653320312,13977900,0
2022-07-19,103.14187810507408,104.79207998787663,102.72249181805026,104.44562530517578,11862300,1
2022-07-20,104.02626633957092,104.60976106222712,103.46100973963846,104.42742156982422,11667500,1
2022-07-21,104.33624634213706,105.33000834839368,103.36071550184064,105.1385498046875,11595900,0
2022-07-22,105.06560059004582,105.98643088341088,103.63421423183108,104.62798309326172,7645500,1
2022-07-25,105.6126351020783,106.17789861992284,104.63710427592753,105.04737854003906,9394000,1
2022-07-26,104.46388424156076,105.37559555742884,103.05072891964303,103.4062957763672,10675100,1
2022-07-27,103.94419664495764,105.52145313762384,103.2968825227635,105.06559753417967,9337400,0
2022-07-28,105.07472391040734,105.7402761983333,103.5065794124382,104.67356872558594,10384800,0
2022-07-29,105.38469272944356,106.21435324810756,104.65532795358294,105.1750030517578,12944500,1
2022-08-01,104.39094588393792,104.9470903442382,103.08719842130373,104.12654876708984,14740400,0
2022-08-02,103.86214039559214,104.29976484125145,102.35781549313182,102.50369262695312,14942900,0
2022-08-03,103.43364403265252,104.0262577678394,101.84726832088568,103.57952117919922,14394500,0
2022-08-04,102.88660928971976,103.31511467398224,101.21817609577184,102.43987274169922,18033900,0
2022-08-05,102.59485793934842,105.93172419585716,102.1572404683401,105.53968811035156,14174600,0
2022-08-08,105.98642593252252,106.3966931860686,104.09918404576268,104.2541732788086,10332500,1
2022-08-09,104.61884656882552,105.74936636190073,104.27239886205508,105.19322204589844,10233800,1
2022-08-10,107.54547146536184,108.8309878250292,107.12608507338824,107.93750762939452,12847300,1
2022-08-11,109.31417313445912,110.49939350865196,108.77625991503427,109.5329818725586,11684900,1
2022-08-12,110.01619247768107,111.45669789077505,108.89479155979754,111.3472900390625,9906700,0
2022-08-15,110.44471177405394,111.885217368511,109.95238681306968,111.6481704711914,8456200,0
2022-08-16,111.49316927609388,113.27100342615174,111.11025222158985,112.71485900878906,9555000,0
2022-08-17,111.50229532862932,112.28636760700564,110.9461508763902,111.76668548583984,8149300,0
2022-08-18,111.44759151026273,111.6572881776178,109.90680408589245,110.90056610107422,9531800,0
2022-08-19,109.9706138068486,110.3079425186389,107.68221661490286,108.15630340576172,13464500,1
2022-08-22,106.44230808969556,106.81611310999664,105.30266881678664,106.36936950683594,8967600,0
2022-08-23,106.38759219568678,106.93461757615913,105.19324568100646,105.32088470458984,7607000,0
2022-08-24,105.11118956614705,106.1323086577918,104.34534850846224,105.57616424560548,9771300,0
2022-08-25,105.90438464092033,108.25659443508276,105.46676017002672,108.0833740234375,10758900,0
2022-08-26,108.91303469165574,109.39624058382452,104.48211706957878,104.54593658447266,11276200,0
2022-08-29,103.9350977895098,104.7191701363162,103.44277280738912,104.29066467285156,8117300,0
2022-08-30,104.8467899461908,105.37558412139948,103.3515841069008,104.3088836669922,10745400,1
2022-08-31,104.3727024754996,104.8741394679692,103.33334529582191,103.6889190673828,10738300,1
2022-09-01,103.28778121394107,104.50947110234289,102.02962203629968,104.40007019042967,9979800,0
2022-09-02,105.6399844420633,107.08048292247652,103.19659802769776,103.67068481445312,10666600,0
2022-09-06,104.23594178233412,104.61885881186028,102.17547255004828,103.69802856445312,9751900,0
2022-09-07,103.14191378782654,105.85881696815429,102.80458500319496,105.6673583984375,10647900,0
2022-09-08,105.1020858095489,108.3021946716254,104.50947202682278,108.12896728515624,11435000,0
2022-09-09,108.62126275528324,109.45092321689678,108.192757414081,108.64861297607422,9299700,0
2022-09-12,109.97061235072864,110.81850408276097,109.21389035159989,109.93414306640624,8614600,0
2022-09-13,107.64574992677623,108.42070311911873,105.55793027299376,106.11407470703124,12904600,0
2022-09-14,106.3967071957654,107.43605753368846,104.73739288822108,105.867919921875,9345700,0
2022-09-15,105.86792222450472,108.84009615439363,105.53970558898976,107.46341705322266,10821400,0
2022-09-16,107.02579234861582,107.0349114095308,105.1841385246974,106.7431640625,14844100,0
2022-09-19,105.758498936043,108.24747356638484,105.31176239678322,107.72779846191406,8201300,1
2022-09-20,107.04402880105884,107.29930685625396,104.51858456400991,105.60352325439452,9619000,0
2022-09-21,106.25082868811154,106.3055291366251,102.49457587720812,102.5583953857422,12606300,0
2022-09-22,103.36983819653808,103.570415821675,101.26378704421248,101.39142608642578,11684500,0
2022-09-23,100.33383392188416,100.59822408455982,97.69898875373856,99.5041732788086,18138600,0
2022-09-26,98.46481837518832,99.93267409446804,96.6960962637023,97.36164855957033,15753600,1
2022-09-27,98.23689151433284,98.61980858680523,95.41058790600958,96.504638671875,12793600,1
2022-09-28,96.59579683285271,99.13035975859935,96.31316859263455,98.4556884765625,12762600,1
2022-09-29,97.50750767216194,97.80837403019432,95.18264834252216,96.78726196289062,12713900,1
2022-09-30,96.69610168109314,98.1183760894761,95.18266448644368,95.27383422851562,15973400,1
2022-10-03,96.29495458578576,98.79304171886318,95.2373660887453,98.21866607666016,12248100,1
2022-10-04,100.84439720407715,103.01426780387744,100.16061366293522,102.81369018554688,16013600,1
2022-10-05,100.9555505694297,102.05938977299624,100.10927337882612,101.54426574707033,10943500,1
2022-10-06,100.68878182704552,101.36028876432012,99.29058511910068,99.47455596923828,11521400,1
2022-10-07,98.90423131228088,99.0790085258361,96.83452774642812,97.48764038085938,11681100,1
2022-10-10,98.1775411355368,98.7110593853342,96.14462613285576,96.57696533203124,8931700,1
2022-10-11,96.00665802917216,96.1630339575234,93.688585958161,93.7897720336914,12739700,0
2022-10-12,93.64260425327332,96.3378188978156,93.1642687637222,95.30756378173828,13181000,0
2022-10-13,93.80816211305934,101.09351657188562,93.6057899861968,100.60598754882812,22398700,1
2022-10-14,102.98846218515487,106.00562932530556,101.84782736783814,102.28016662597656,33387100,1
2022-10-17,106.16201266050514,107.6338006587426,105.15935248111792,106.5759506225586,22276300,1
2022-10-18,110.07143736874389,110.51297019545406,107.58778890085765,109.317138671875,21539700,0
2022-10-19,108.53524435712768,109.30793727602676,106.40115046489,107.17384338378906,17072000,1
2022-10-20,107.771772913242,109.1975645610236,106.38276982142176,106.82430267333984,12207400,1
2022-10-21,107.12786454967812,112.5826840110078,107.00828419362908,112.43550872802734,20593300,0
2022-10-24,112.28832938493728,113.23579266407968,111.60762876988989,112.573486328125,12624200,1
2022-10-25,112.08597208788292,113.3921836358712,111.202899195523,112.86785888671876,11289100,0
2022-10-26,113.14380157648334,115.16750904136777,113.0334148533296,114.16485595703124,11667000,1
2022-10-27,115.16751255306444,116.087380886613,114.2568448679021,114.61559295654295,10727600,0
2022-10-28,115.25028541046773,116.16095294595698,114.1096508293876,115.97698211669922,11859500,1
2022-10-31,115.62743795815352,117.21881314254274,115.52625188768748,115.7930145263672,13295200,1
2022-11-01,116.70369547392043,118.00070614672758,116.2069657424076,117.88111877441406,13386900,1
2022-11-02,117.42118789912875,119.91403010751542,116.4921189668985,116.7956771850586,16546100,0
2022-11-03,116.18856567845296,117.90871495160084,115.82062396353768,117.00724792480467,12474400,1
2022-11-04,119.11375017573266,120.34637031826811,118.16628695792504,120.20838165283205,14953200,1
2022-11-07,120.5027623090125,121.6893863879368,120.02442680333289,120.84310913085938,12011200,1
2022-11-08,120.72351490886513,121.47779957964111,119.71165421335084,120.91667938232422,9884100,1
2022-11-09,120.79712081751882,120.89829286335986,118.86539163037672,119.3437271118164,9494000,1
2022-11-10,122.00213903547468,124.4121895277581,121.91014658960025,124.2558135986328,16351600,1
2022-11-11,124.35699721454468,125.25846421475916,123.05997954818709,124.45818328857422,10704700,1
2022-11-14,123.99825532210671,124.85372614294144,123.17957305908205,123.17957305908205,11085600,0
2022-11-15,123.88785431886616,124.835331568913,121.05467234292504,122.28729248046874,14038300,0
2022-11-16,122.34247064929636,122.85759459573194,121.45019737205082,122.45285034179688,7893400,1
2022-11-17,121.42261931967256,122.2413015703091,120.7603130004973,121.91934204101562,8820200,1
2022-11-18,123.7866949945706,123.87867341119204,121.68018853802984,123.11518096923828,9468500,1
2022-11-21,123.02317718026616,123.77746179973948,122.11250261624288,122.38846588134766,7800500,0
2022-11-22,123.26234497000614,124.43058157258422,122.97718805950431,124.21900177001952,9185700,0
2022-11-23,124.12705646534565,125.562049066042,124.05346530171002,125.54364776611328,7316200,0
2022-11-25,125.5436468661524,126.15076343473466,125.15730378689436,125.78282165527344,3220500,1
2022-11-28,125.16649477413172,125.75520996446024,123.43713776175792,123.58432006835938,9906900,0
2022-11-29,123.86945121971168,125.6907862673703,123.63948417706528,125.61719512939452,7925300,0
2022-11-30,125.18487003351966,127.10739135742188,122.51725765348816,127.10739135742188,14761200,0
2022-12-01,127.1074243598552,127.5489713519712,124.57778594968566,125.32289123535156,8858500,0
2022-12-02,123.71308145892138,124.5041686863552,122.65522458856768,124.3293914794922,8931900,0
2022-12-05,123.48314102521589,123.78669928635422,120.13482055761467,120.84310913085938,10154500,1
2022-12-06,122.70123700651064,124.28341167026856,119.46329652764835,121.04547119140624,13966700,1
2022-12-07,120.78788454886596,122.4160551047112,119.88641769183134,120.96266174316406,11739400,1
2022-12-08,121.72615588398664,122.32406457643954,120.89826611435072,122.23208618164064,8907300,0
2022-12-09,121.60660515113852,123.0415976740122,121.42263427006624,121.56981658935548,7957800,1
2022-12-12,121.79055487914437,123.8602585129098,121.0546714826664,123.45552825927734,8841600,0
2022-12-13,125.92078063323768,126.10475150005928,122.41608438860364,123.33595275878906,10025400,0
2022-12-14,123.05998944459526,124.83534269787218,122.12171977687336,122.71964263916016,9966100,1
2022-12-15,120.6407161626169,121.49620093947502,118.70900124661992,119.67486572265624,12087800,1
2022-12-16,118.80096755386936,119.49086867563648,118.13866135408698,118.92974853515624,21133700,1
2022-12-19,119.26091978022608,120.80630582686874,118.745795776704,119.63806915283205,9017200,0
2022-12-20,120.47514468731762,121.46860407226198,119.76684221140744,120.21758270263672,8549900,1
2022-12-21,121.58820385220774,122.32410141257536,121.21106845863704,121.56981658935548,8051700,1
2022-12-22,120.59473910764676,120.77870995946004,118.1202911479405,120.18999481201172,8648200,1
2022-12-23,120.11639473111916,120.90748196755251,119.25171635221814,120.7602996826172,5091900,1
2022-12-27,121.02708811180806,121.624996937549,120.08881844482124,121.18346405029295,5411000,1
2022-12-28,121.28465911057272,122.7196516274394,120.51195895557814,121.84577941894533,8827700,1
2022-12-29,122.27809116221148,122.59085706385729,121.7077772854592,122.54486083984376,6585200,1
2022-12-30,122.16770168093652,123.5659053698556,121.82735491540012,123.35433959960938,9292500,0
2023-01-03,124.40302682635108,125.7828296410512,123.16119867868896,124.29263305664062,11054800,1
2023-01-04,125.09291203233433,126.64747787858346,124.706568978585,125.45166015625,11687600,1
2023-01-05,125.71107606550706,125.75741203243427,123.89481079612403,125.42381286621097,8381300,1
2023-01-06,126.14664805302212,128.23163995736851,124.626921186111,127.82390594482422,10029100,0
2023-01-09,128.4355058180764,128.69497034378918,126.8416442231229,127.2957000732422,8482300,0
2023-01-10,127.68489216994938,128.54669613706488,127.24009787646544,128.4355010986328,9048700,1
2023-01-11,128.71350982996952,129.5011791875501,127.97219059902068,129.38998413085938,8703700,0
2023-01-12,129.73283172987885,130.5297625475241,129.01003565570718,129.26023864746094,11001700,1
2023-01-13,125.65550245322048,132.96687260835924,124.9141692606836,132.52206420898438,20200000,0
2023-01-17,130.81702769124448,131.15988851237177,129.0192990209161,130.4741668701172,14292900,0
2023-01-18,128.73200101332094,130.40925850409369,126.40608235757436,126.55435180664062,13392600,1
2023-01-19,125.39605600519904,125.93350815389596,123.79291868041716,124.86785125732422,13303400,0
2023-01-20,125.24777975943064,125.5535802591071,123.7558517008759,125.17364501953124,13092500,1
2023-01-23,125.21069201168812,127.84242550925876,124.93270444130596,127.2030258178711,10487100,1
2023-01-24,126.41539878280346,130.00158103315718,125.09953866546374,128.29652404785156,6945000,1
2023-01-25,127.92583629217025,128.9173583984375,127.18450302762814,128.9173583984375,8967000,1
2023-01-26,129.19538056708268,129.788444444534,128.21311984565625,129.7143096923828,7487600,1
2023-01-27,130.29808395652097,130.90040924581558,129.50115321728592,130.02935791015625,7489900,0
2023-01-30,129.01927829434825,129.81620899523966,128.72275350365263,128.92662048339844,6729300,1
2023-01-31,129.6216202707968,129.79768849678177,128.11115511077284,129.6957550048828,9188700,1
2023-02-01,128.07411974583752,130.54830865112146,127.99070931640648,129.3529052734375,8841800,1
2023-02-02,129.73284050688963,130.1591117757627,127.87951421393406,128.75057983398438,11822100,1
2023-02-03,128.04631141594143,131.89197209651468,127.99998956875125,130.74290466308594,11501200,0
2023-02-06,129.94594596554768,131.8085476082206,129.76061619715742,131.5120086669922,8406200,1
2023-02-07,131.01164287579172,133.7545579276728,130.82629893086755,133.1151580810547,10447900,0
2023-02-08,132.18849127741632,133.47655247654606,131.8456304403067,132.17922973632812,6958000,0
2023-02-09,132.6240119576392,132.82787896099774,129.61235702773652,130.1220245361328,6443100,1
2023-02-10,129.52894300362496,130.91893739625775,128.4262118564423,130.696533203125,6582900,0
2023-02-13,130.9374834079669,132.26260469752583,130.41855439555908,132.11434936523438,7134600,0
2023-02-14,132.04948930472878,133.2634156808884,131.21549818607522,132.69815063476562,9249400,0
2023-02-15,131.2247560339507,133.3375466721923,130.93749274871482,133.254150390625,6728300,1
2023-02-16,132.42937047768064,132.87416461665683,131.28956517066243,131.4193115234375,8165300,1
2023-02-17,130.64095868762428,132.3552910628949,129.7977060205286,131.80856323242188,7948800,0
2023-02-21,130.37224483764874,130.97457024773416,128.5745160091061,129.38998413085938,9996300,0
2023-02-22,128.73199088791628,129.20458381242128,127.36053394130724,128.3983917236328,11107500,1
2023-02-23,128.55595174504143,129.89034870367567,127.82389420955032,129.42701721191406,8068000,0
2023-02-24,128.90811537691317,130.9931075293499,128.74130865204407,130.59463500976562,9126900,0
2023-02-27,131.6881000499729,132.80009299558597,131.3267019891547,131.73443603515625,10014700,0
2023-02-28,132.45719251640682,133.2170487149337,131.49345521613714,132.83712768554688,11019800,0
2023-03-01,131.67881442565394,132.9390766374571,131.400812705156,132.09580993652344,7139200,0
2023-03-02,131.80854393721583,131.98459802144257,129.30654264448808,130.72434997558594,11106800,0
2023-03-03,131.13208607962235,133.19855490846228,130.7336277461975,133.12442016601562,9513100,0
2023-03-06,132.92055012572462,133.4765394717512,132.1977540780608,132.3460235595703,9261300,1
2023-03-07,131.59541238871836,131.87341412691322,127.70343047325758,128.4540252685547,11747600,0
2023-03-08,127.87949022800817,128.42621798834037,126.8508937627579,127.69416046142578,10002500,1
2023-03-09,126.73043266860088,127.27717461017774,119.7433995459709,120.78125762939452,25888100,1
2023-03-10,119.50248764664268,125.3404542580564,118.44608513720004,123.84852600097656,37599700,0
2023-03-13,121.5874514223848,124.06163979257856,119.91945529086247,121.62451171875,42901100,0
2023-03-14,125.35897649591112,125.5906422588234,121.661585829519,124.74737548828124,29648100,0
2023-03-15,121.37430696184848,121.38358264061787,117.43599656788254,118.8537826538086,34280600,0
2023-03-16,118.62211706005856,122.27317128142602,116.7780598014456,121.1611785888672,24558500,0
2023-03-17,118.96501175812324,119.05766958306614,116.249881557702,116.58348083496094,38396000,1
2023-03-20,117.67693998398852,119.97506748303012,116.7688141445197,117.8159408569336,22875500,0
2023-03-21,121.01292089516592,122.0693161768008,120.64226134151548,120.97586059570312,17807800,1
2023-03-22,120.98512295227204,121.077794911188,117.76033956652832,117.8530044555664,17250200,0
2023-03-23,118.52020864551586,120.03066691183282,116.77807754068986,117.5379409790039,16677600,1
2023-03-24,116.41668031012708,116.46301629212412,114.08149245696907,115.7494888305664,22311100,0
2023-03-27,117.49160135325894,119.89166217375193,117.028269858248,119.06693267822266,18853900,0
2023-03-28,119.27079845783766,119.85458652059852,118.37192716557276,119.42832946777344,10820500,0
2023-03-29,120.55885312460752,120.67004815174047,118.3997197261222,119.66925048828124,14595300,1
2023-03-30,120.41986950190864,120.57740053538848,118.28854856985596,119.30787658691406,12134700,1
2023-03-31,120.151138398757,120.7812625063488,119.40054356599062,120.7534637451172,13105200,1
2023-04-03,120.38279804783063,121.800591357579,119.91946653118724,120.61446380615234,11775400,1
2023-04-04,120.92953616583767,121.01293245241038,118.06615054211927,119.0020751953125,11579900,1
2023-04-05,118.42301895348228,119.68382327165588,118.1054771924964,119.17950439453124,9614700,1
2023-04-06,118.6098238374196,119.61847601793528,118.47907342054128,119.04877471923828,8760200,0
2023-04-10,118.18019048329045,119.75853651896531,117.88133142990569,119.44100189208984,9477300,1
2023-04-11,119.82393672065469,120.42165491662038,119.11414369093428,120.02940368652344,10516300,1
2023-04-12,120.64577329938268,121.8131925993878,119.59977016680972,120.01070404052734,11821000,1
2023-04-13,119.9733609656406,120.51503101665216,118.45104153577316,120.46834564208984,12450200,1
2023-04-14,126.22138924982342,129.92911468105393,125.98790535239443,129.56488037109375,43931300,0
2023-04-17,130.70426129549892,130.80699476339154,128.56555541938278,130.59219360351562,16050500,0
2023-04-18,131.00314941057005,132.41338702348074,129.84506414684276,132.05848693847656,13760100,0
2023-04-19,131.8996845649713,132.15185109790454,131.1245165198227,131.89035034179688,9158100,0
2023-04-20,130.66691009806405,132.08648169838483,130.6015277772831,131.5074462890625,10586200,0
2023-04-21,130.50814259486725,131.7876295784063,129.61155830847594,131.25527954101562,11842500,0
2023-04-24,131.18061739172592,131.77833568199654,130.78835184901348,131.43276977539062,7567500,0
2023-04-25,130.3774084165032,130.71362578436776,128.53755424384534,128.5749053955078,10629300,1
2023-04-26,128.52820989622674,128.70565993645573,125.14736765851995,126.29610443115234,14416100,1
2023-04-27,127.01519944589607,128.79901927005207,126.69766486745452,127.99583435058594,9041100,0
2023-04-28,127.53824998593628,129.18198584913924,126.70704782810373,129.10726928710938,9887300,1
2023-05-01,132.86165818584794,133.8983271537462,131.52613727038226,131.87168884277344,20415800,0
2023-05-02,132.05846547051718,133.00174938505765,129.2846760746085,129.7423095703125,14113400,0
2023-05-03,129.29404699382314,129.50884819203463,126.79109217061148,126.99655914306642,12930900,0
2023-05-04,126.04396964649476,126.75375565557688,123.1020636106182,125.25945281982422,17089200,0
2023-05-05,127.426168718749,128.77103819082956,126.93118401732012,127.70635223388672,11261400,0
2023-05-08,128.40680811856598,128.85509320709122,127.46352406161004,128.01455688476562,7484900,0
2023-05-09,126.94983306821416,127.90245117381971,126.277412685654,127.39813232421876,7343600,1
2023-05-10,128.83638717158186,128.93912063688003,125.95986439395668,127.4635009765625,8133400,1
2023-05-11,126.08130780997632,127.77172899012716,125.987908548345,127.06194305419922,7057300,0
2023-05-12,127.78105102734064,127.93981833868187,124.33482704681552,125.2407455444336,9988600,1
2023-05-15,125.39953425519936,126.70703836626664,125.11001650565774,126.29610443115234,7639500,1
2023-05-16,126.51090627413572,126.95919131391835,125.11000305543114,125.44622039794922,6477200,1
2023-05-17,126.92183671945286,129.4341256523218,126.510917044259,129.30337524414062,12711500,1
2023-05-18,129.135290205709,130.49882831537636,128.65897388939536,130.28402709960938,10999600,0
2023-05-19,130.55483917276476,131.20860543284945,129.00451705077612,129.98513793945312,13492200,1
2023-05-22,131.68492275092876,132.28264097920177,128.56558119246412,128.9111328125,11402500,1
2023-05-23,128.45349726906264,129.84506645540733,127.44485935294364,127.5662612915039,9514900,1
2023-05-24,126.45485281598428,127.34210288414432,126.15600088570184,126.39881896972656,8578000,1
2023-05-25,125.91320976560064,127.2674135928148,125.68906008184496,126.70704650878903,8472500,1
2023-05-26,127.1179668628587,128.50953594710057,126.6696817940613,127.89313507080078,8579900,1
2023-05-30,127.7623681244016,128.62158699949254,127.03389963789574,128.37876892089844,7399900,0
2023-05-31,127.69699634013618,127.7997298146948,125.52092492501237,126.74439239501952,14219900,1
2023-06-01,127.50087540035872,129.09789708675177,126.50155759891469,128.4908447265625,12248100,1
2023-06-02,130.34005654774538,132.13321127897007,130.13458956545355,131.18994140625,12922500,1
2023-06-05,130.85371078269984,130.85371078269984,129.0045223796328,129.90109252929688,8511900,0
2023-06-06,129.5181816060298,130.84438269291823,129.07924498660134,130.13458251953125,9329500,1
2023-06-07,130.33069985868914,131.93707003389363,129.65826516903496,131.3953857421875,9281400,1
2023-06-08,131.37673591235404,131.5822029106403,130.2653501263677,131.43276977539062,7368100,1
2023-06-09,131.07784257613426,132.43204609200288,130.94709218668604,131.69422912597656,7249100,1
2023-06-12,131.7502730650933,131.98375691393562,130.52680572655206,131.6848907470703,7596600,1
2023-06-13,131.19924368125277,133.43134876280965,130.8817090589414,132.63751220703125,7701600,1
2023-06-14,133.55278517375058,134.1224864357795,131.40473053409755,132.14254760742188,9068700,0
2023-06-15,131.30198684145745,133.92634328269568,130.7789852482786,133.63682556152344,9343100,0
2023-06-16,133.59947478908592,134.45869373040634,133.0858074190779,133.79559326171875,13813500,1
2023-06-20,133.1885471192388,133.55278140759413,131.72226149001006,133.11383056640625,8428600,1
2023-06-21,133.45937940871084,134.50539687612533,132.3293254158356,132.91770935058594,9926500,1
2023-06-22,132.90834324104495,133.17919248489687,129.7703197565961,130.35870361328125,10075200,0
2023-06-23,129.3873937376386,129.98511177599062,128.52817494817768,129.6769256591797,9919500,1
2023-06-26,129.69562536058743,130.76031131831627,128.59358825115126,129.99449157714844,8429700,1
2023-06-27,129.81704569009904,130.6015481575484,129.3874290527476,130.0038299560547,8154000,0
2023-06-28,129.9664779252572,130.0131775541122,128.84575808636748,129.4341278076172,7558600,0
2023-06-29,130.8163662865002,134.075792408893,130.61089931451409,133.95437622070312,15423200,1
2023-06-30,135.0470863028697,136.35459037328218,134.1691846052818,135.8315887451172,14212800,0
2023-07-03,136.5320498990697,137.73682057264804,136.35459985202274,136.92430114746094,8021600,0
2023-07-05,136.29425370521392,136.75501575980255,135.74884929387335,136.01214599609375,8934900,1
2023-07-06,134.48876602280728,134.83669068550142,133.00301235042232,134.6674346923828,9709500,1
2023-07-07,135.32568289850678,137.1405503169834,134.46996151791234,135.7300262451172,8981500,1
2023-07-10,135.88049308545027,137.28161890628877,135.88049308545027,136.49171447753906,9100100,1
2023-07-11,137.61073314225018,139.00246063974816,137.0183227540901,138.62631225585938,11260900,1
2023-07-12,138.654517681909,140.93016153305126,138.23136331698382,139.31275939941406,11323200,1
2023-07-13,139.82994945668568,140.45998181729362,138.9366204184682,139.98980712890625,11234900,0
2023-07-14,142.5099721147579,143.7700370233772,139.5572752064884,140.83615112304688,27028400,1
2023-07-17,141.38153177647354,144.57871385563266,141.38153177647354,144.2307891845703,17262400,1
2023-07-18,144.2307981597808,145.18994423405886,143.70420478207672,144.4940948486328,13491700,0
2023-07-19,143.6383953372702,145.9516615690135,143.14001121819382,145.04891967773438,12510000,1
2023-07-20,145.3122096636025,147.24932737217384,145.1993723131521,146.8355712890625,9935900,0
2023-07-21,146.50645614114134,146.82617153003497,145.46266761385175,145.7071533203125,10636400,0
2023-07-24,145.72595293417018,149.3180803107643,145.50026390451757,148.57521057128906,14381400,0
2023-07-25,147.9169857104419,148.31193079594107,146.65692076881191,147.4656219482422,9944700,1
2023-07-26,147.36217757743256,148.81030950504783,146.95781982809268,148.3495330810547,8728600,0
2023-07-27,148.3589293263149,149.3086770578347,146.27135250380405,146.71331787109375,10778400,0
2023-07-28,147.89815662979652,148.19907533355618,147.10826655531773,147.55023193359375,9103800,0
2023-07-31,147.8041422898382,149.87292287540654,147.77593294990737,148.53762817382812,8892700,0
2023-08-01,148.03921029249162,148.57521637814307,146.83556411782206,147.8041229248047,6853900,1
2023-08-02,146.28075415135822,146.40300416806969,144.75739267551066,146.1302947998047,8299400,1
2023-08-03,145.75415842243157,147.5596275662202,145.14293704590386,147.0236358642578,6084000,0
2023-08-04,147.0706408871841,148.38713866051694,146.4123991748143,146.71331787109375,6209400,0
2023-08-07,147.25871943203992,148.29309514639542,147.25871943203992,147.40916442871094,7251800,0
2023-08-08,145.11475252328108,146.67572190447902,143.48793743626442,146.58169555664062,8623400,1
2023-08-09,146.05506543061432,146.2431324276784,144.31541342343934,144.61631774902344,6277800,0
2023-08-10,145.1711636851966,146.1679318819675,143.95810476754525,144.4000701904297,5995100,0
2023-08-11,143.90168962180442,145.30281560835894,143.5255555435083,145.2369842529297,5180700,0
2023-08-14,144.44707877373204,145.6789342505091,143.79823536111664,145.5378875732422,5044300,0
2023-08-15,143.73242626004551,144.1273713266908,141.268700822504,141.83291625976562,10300300,1
2023-08-16,141.61664110081486,141.95516749633964,140.7515069300112,141.23109436035156,6978200,0
2023-08-17,141.87991569368114,142.23723869259535,139.54783895539543,139.76412963867188,9953900,0
2023-08-18,138.84259411154915,140.5822463780734,138.64512875720078,140.0838623046875,8517500,1
2023-08-21,140.72328846968446,141.14645719810247,139.19052863393927,140.5634307861328,8327000,0
2023-08-22,140.35652682813597,140.7138641421666,137.14994672342922,137.64833068847656,9673300,0
2023-08-23,137.62015377672074,138.78617796270962,136.7832433034955,138.5792999267578,7858000,0
2023-08-24,138.7015454667466,140.49761638052095,138.2219724072368,138.44764709472656,6534000,0
2023-08-25,138.49467297346612,139.75473785763214,137.14998007810868,138.2783966064453,6695500,1
2023-08-28,138.76739302548728,139.74535026556242,138.3536369186339,138.7579803466797,5094100,0
2023-08-29,138.8990275844994,139.9710254145166,138.4006291608985,139.88638305664062,6337000,1
2023-08-30,139.7547267719963,140.25311081871706,138.41003398330267,139.32217407226562,6277300,0
2023-08-31,139.41620112815974,139.5008434816706,137.2534089211085,137.60133361816406,10933900,1
2023-09-01,137.3756682568864,139.2469691078084,137.0089324904701,138.0621337890625,7903500,0
2023-09-05,138.38183336553914,139.36920319243367,136.36007336787995,136.5387420654297,7854700,1
2023-09-06,136.06854930010627,136.8584393175543,135.51374662227437,136.31304931640625,8629200,1
2023-09-07,135.5325498322872,136.6045474653403,134.8366861815507,135.14700317382812,8373700,1
2023-09-08,134.81792114038134,135.52318335910877,134.1408682625153,135.25048828125,7107900,1
2023-09-11,136.11557526086284,136.39768294977495,135.1188071954874,135.84288024902344,6854200,1
2023-09-12,135.88050858043627,138.5323011715463,135.45735415699824,137.61074829101562,8363200,0
2023-09-13,138.55109286085687,138.88961925718172,137.12177194179168,137.67657470703125,8325900,0
2023-09-14,139.0212263380594,140.95834345076938,138.72032204655216,140.3471221923828,10034900,1
2023-09-15,140.0368496663175,140.79853048647297,139.46323588161104,139.93341064453125,19863400,0
2023-09-18,139.32218705503516,140.24372555861612,138.9366403116919,140.22491455078125,6512400,0
2023-09-19,140.58220956046736,140.78908753847702,138.42881614211828,140.04620361328125,7943400,0
2023-09-20,140.72329005809854,141.28750546996196,139.30336754798745,139.45382690429688,7332000,0
2023-09-21,138.77677791737364,139.9710257740391,137.88344878149712,138.36302185058594,8052400,0
2023-09-22,138.50405209324057,138.7109301020789,136.52932702968312,137.037109375,7071700,0
2023-09-25,136.67979659035282,137.78000371128437,135.12821140806955,137.71417236328125,7044700,0
2023-09-26,135.97454835476495,137.14057259381482,135.62660927014298,136.28485107421875,7468400,0
2023-09-27,136.52933425011622,137.37564298659942,135.88988918481877,137.08413696289062,6717800,0
2023-09-28,137.55430792225792,139.98980940402407,137.3004095687964,138.78616333007812,8868100,0
2023-09-29,139.73591331381226,139.8863582985992,136.21900172619158,136.3694610595703,11917800,0
2023-10-02,136.1908141533554,136.93368391413614,134.12204820895175,135.1940460205078,9170600,0
2023-10-03,134.6580429468487,135.02477867086904,133.85875449633997,134.19728088378906,9431100,1
2023-10-04,134.64864342376092,134.91194012848763,133.46379390389643,134.79910278320312,8128700,0
2023-10-05,134.55280899031126,135.55694661975534,133.40659836773634,135.3674774169922,8576200,0
2023-10-06,135.37694433963748,138.1903911218125,134.64752846347048,137.45150756835938,10270600,0
2023-10-09,136.08741039936837,137.73568242415,135.9358408359839,137.13890075683594,6964900,0
2023-10-10,137.75463145002604,139.03347614529983,137.62201169643586,137.97250366210938,11288800,0
2023-10-11,138.78719132814007,139.46924000004523,137.3757411371047,138.4461669921875,8698200,0
2023-10-12,138.58824556518886,139.21345915158898,137.47992027355335,138.1240692138672,10484400,0
2023-10-13,140.67229827674657,145.03929747482982,140.04708459311027,140.1986541748047,29427000,0
2023-10-16,141.57220133475337,141.63851843881218,138.98610891137227,140.05654907226562,12663500,0
2023-10-17,139.79133285173438,141.4396051424437,139.05243472464048,139.75343322753906,11482700,1
2023-10-18,138.86294467928195,139.70603042248965,137.70725216102403,138.2187957763672,9620300,1
2023-10-19,137.8114720413774,139.2703038448197,137.24310784044647,137.63148498535156,11143600,0
2023-10-20,136.94945735914212,137.48940409847202,134.6285897844194,135.4148406982422,13332900,0
2023-10-23,135.40535277788072,136.1063366664098,133.31183988001058,133.56761169433594,10133400,0
2023-10-24,133.747618023399,134.25914727136302,132.96136711370946,133.72866821289062,8881400,1
2023-10-25,133.1602887497328,133.7381205866468,132.15615127028062,132.99923706054688,8242600,1
2023-10-26,132.39298287304953,134.2023066571367,132.08037605790858,133.34027099609375,9109400,1
2023-10-27,131.62564403609548,131.76774588645773,128.06384691911668,128.53749084472656,17434700,1
2023-10-30,129.24800741422763,130.76365989782184,128.8690834524757,130.1763458251953,9855500,1
2023-10-31,130.45107368627572,131.90042357929167,130.22371929845036,131.7299041748047,9672500,0
2023-11-01,131.90986793580896,133.12239554755078,131.17098437410596,131.6162109375,9432000,1
2023-11-02,132.7055745657376,134.02230432854245,131.89090629457627,133.96546936035156,10186200,1
2023-11-03,134.6949028990368,136.19161989432564,134.3728284006059,135.4622039794922,9538700,1
2023-11-06,135.62325476509008,136.58949281129168,135.2632806106388,136.48529052734375,7625100,1
2023-11-07,135.9452860871207,136.65575203700607,135.29166955497826,136.41893005371094,6297900,1
2023-11-08,136.51369114592342,137.20520742421806,136.049514764893,137.09153747558594,7618200,1
2023-11-09,137.77359417303023,137.97251659482677,136.1253075486498,136.6842041015625,7992500,1
2023-11-10,137.29996029086482,138.75877782551825,136.4852918234821,138.71141052246094,7983300,1
2023-11-13,138.01984206565726,138.54085329372344,137.508312967307,138.0956268310547,6676300,1
2023-11-14,138.94821168974792,141.3827490469939,138.79665657901384,140.61544799804688,9927700,1
2023-11-15,140.63439622904392,142.244783091467,140.63439622904392,141.846923828125,8365300,0
2023-11-16,142.1784692062087,143.5425663996781,142.1784692062087,143.46678161621094,8126200,1
2023-11-17,144.1772437015897,144.80245730700287,143.5520300961765,144.7645721435547,7812400,0
2023-11-20,144.06356739386794,145.64553669201902,143.91199783783145,145.20977783203125,7019000,0
2023-11-21,145.124549485046,145.5318909277524,144.52776774752715,144.90667724609375,7083500,0
2023-11-22,145.32348071050913,145.7687073039535,144.84035449600086,145.24769592285156,5174500,1
2023-11-24,145.4939767932843,146.29917746551416,145.20031979301464,145.4466094970703,3496900,1
2023-11-27,145.34240642173663,145.43714101363966,144.66037228701836,145.1150665283203,6259100,1
2023-11-28,145.1434848193456,145.75921630671945,144.66984076614435,145.4466094970703,6582700,1
2023-11-29,146.04339921623102,147.4264461508105,145.88236197975067,146.1855010986328,9126100,1
2023-11-30,146.74441201649734,147.90010472554917,146.24235044914354,147.8527374267578,9869800,1
2023-12-01,147.606408578201,149.53886954814033,147.606408578201,148.5726318359375,8916000,0
2023-12-04,147.79590474217898,149.7188985762758,147.66328497618852,149.6620635986328,9607500,1
2023-12-05,148.97053122729264,150.1451737523716,148.69582402014166,149.6431121826172,9135600,1
2023-12-06,150.46725568883625,150.8272298337835,147.77696064362786,148.07061767578125,9366000,1
2023-12-07,148.43059418130548,149.01790825495266,147.91905044566917,148.5253143310547,8130900,1
2023-12-08,148.97050092478986,150.41038268611402,148.70526144960743,150.16409301757812,7369400,1
2023-12-11,150.16408749853352,150.902970931452,149.8135811335576,150.71351623535156,8093900,1
2023-12-12,150.83669073201253,152.18183819415106,150.50514854635935,152.05870056152344,10223000,0
2023-12-13,152.0586765193189,153.48907622122266,151.3482105066473,152.57020568847656,12379100,1
2023-12-14,153.299648728851,156.1509809623848,153.18597877206992,155.34579467773438,13643000,1
2023-12-15,154.48375252838963,156.5677835579425,153.83012139517064,156.52041625976562,20309300,1
2023-12-18,157.17404014465845,158.32026510801109,156.89933295505307,157.4676971435547,8469600,1
2023-12-19,157.2498107031462,159.58961325972516,156.823533986712,159.57066345214844,10345700,0
2023-12-20,159.13492535722085,160.4800726590447,157.6760936599054,157.7708282470703,10734700,1
2023-12-21,158.04553227748778,159.22964232114157,156.94667468790465,158.67074584960938,7601700,1
2023-12-22,158.67076914508667,159.36228546485532,158.4149972908548,158.57603454589844,6576300,0
2023-12-26,158.63286874261556,159.87381381865765,158.36761478125825,159.5138397216797,4683600,1
2023-12-27,158.99285944556456,160.53694394796682,158.74656969947347,160.4706268310547,6428600,1
2023-12-28,160.4232450918324,161.6641901868301,160.09168847592298,161.3231658935547,6320100,0
2023-12-29,161.03896292625708,161.69259397084912,160.6884709853179,161.13369750976562,6435100,1
2024-01-02,160.1769417494101,163.0945908390409,160.00643682914077,163.00933837890625,9977400,0
2024-01-03,162.80092013818626,162.97142504410533,161.38945578093865,162.29885864257812,9852300,0
2024-01-04,162.64200181002505,165.2249889082347,162.54668305166135,163.37591552734375,11972500,0
2024-01-05,163.43311119195872,165.25359196797962,163.43311119195872,164.19561767578125,10066000,0
2024-01-08,163.9573516845703,164.28141224589146,161.54593505094616,163.9573516845703,11229900,1
2024-01-09,163.57606788439452,163.7380981420264,162.1273216242973,162.66107177734375,9923600,1
2024-01-10,162.03201526200067,163.0613968688974,161.03122637666203,163.00421142578125,9670200,0
2024-01-11,162.34650958460253,162.3751022990879,160.7357187984679,162.3179168701172,11919500,0
2024-01-12,165.6538904699053,168.04623999703182,160.98354774460927,161.12652587890625,19436500,1
2024-01-16,157.14242238539558,160.21149988215635,156.59914624931994,160.11619567871094,17206400,1
2024-01-17,159.4966746905354,161.14559906926118,158.68652340442242,159.25839233398438,11107500,0
2024-01-18,159.2869952568206,159.67778183706136,157.49512171042235,159.57293701171875,9382300,1
2024-01-19,159.69685192528067,162.57530711076893,159.2488798931695,162.32748413085938,13115700,0
2024-01-22,162.47045721383148,163.91920354895163,161.7556101053545,162.13685607910156,12837500,1
2024-01-23,161.71747224218575,161.79372434351498,160.54512708940132,161.06935119628906,8360800,0
2024-01-24,161.42197810648736,162.99463562700143,160.94541345862262,162.508544921875,9967100,1
2024-01-25,164.2337218321671,164.8818573759675,162.8993465119901,164.83419799804688,8873500,1
2024-01-26,164.51967362135542,164.9485789616812,163.72857443899406,164.20513916015625,7443000,1
2024-01-29,164.16700911633845,164.73887801633018,163.27106517505794,164.634033203125,6971200,1
2024-01-30,164.72935032471554,168.47514175793654,164.72935032471554,168.00811767578125,10822100,1
2024-01-31,167.94140729707823,169.94298497281716,166.1685859265556,166.18765258789062,11521800,1
2024-02-01,165.5013800519336,166.6451323652847,163.3949577854356,165.587158203125,9354800,1
2024-02-02,165.1773455145213,167.57923593044956,165.13921219004516,166.54031372070312,8607600,1
2024-02-05,165.71107322302376,166.88341827855515,164.81512928623064,166.32107543945312,7820200,0
2024-02-06,166.4259057485911,167.62684341714058,165.61574003543072,166.8929443359375,6764800,1
2024-02-07,167.45529669210487,167.6268529930128,165.80638700000247,167.2074737548828,7225500,1
2024-02-08,166.79764812133146,167.09311591388456,165.43468003475408,166.60702514648438,6060300,1
2024-02-09,166.7976486241064,166.89296738361762,165.52998474933108,166.8071746826172,6296700,0
2024-02-12,166.58795793021326,168.52280947847834,165.55857641715193,167.5506134033203,8539300,1
2024-02-13,167.1026603553617,167.96999709238426,164.52919923319496,166.0923309326172,8397600,1
2024-02-14,166.86436188079088,167.8460839454223,166.24481907863344,167.77935791015625,7056700,1
2024-02-15,167.89374931915643,171.7634671608431,167.89374931915643,171.43939208984375,8723400,1
2024-02-16,171.19156494301498,171.54421815228707,169.80953027964074,170.6387481689453,8152600,1
2024-02-20,170.7912400437692,172.00171831598985,170.04780036000503,171.30592346191406,9668000,1
2024-02-21,171.51565716846585,172.50692003075088,170.15268891232714,172.42112731933594,7024000,0
2024-02-22,173.2979986219762,174.8229969721862,172.7451818115598,174.48941040039062,9296500,1
2024-02-23,175.19473161702368,176.51958104443122,174.60379597912453,175.36630249023438,7105800,1
2024-02-26,175.1375279912981,175.81425626734668,173.92704957596644,174.76580810546875,7145400,1
2024-02-27,174.71817072474573,174.9373864430662,173.69832969669645,174.8516082763672,5717100,0
2024-02-28,174.83252201060458,176.51956515120406,174.38456456464726,175.73800659179688,6131600,0
2024-02-29,176.9580179517879,177.69191716010636,175.23285596671522,177.33926391601562,9643000,1
2024-03-01,176.9961332386516,177.70145425651842,176.4242643035929,176.6053466796875,6311800,1
2024-03-04,176.0525394849614,178.79754229244386,175.6331602181459,177.93019104003906,7063600,1
2024-03-05,177.62519917623598,180.4274019961709,177.62519917623598,179.71255493164062,6617800,0
2024-03-06,180.37974662423545,181.1613197464156,178.83568158449552,180.6466217041016,7572900,1
2024-03-07,181.00879937810365,181.5711422073369,177.882536255817,179.0644073486328,7618300,0
2024-03-08,179.60773043095472,181.5330561480904,179.11209900460642,179.39804077148438,6172200,0
2024-03-11,178.50208143397947,179.6077150814977,177.49176654847534,179.46473693847656,5762600,1
2024-03-12,180.09380825926033,181.24710130313005,179.10256002169075,180.9420928955078,5708400,1
2024-03-13,181.4377312112628,182.7435139651818,180.94209980175992,182.4099273681641,7795500,1
2024-03-14,182.0763025517596,182.6481859917152,178.3305111052107,179.15972900390625,10310900,1
2024-03-15,177.73956247395188,181.99052590228584,177.73956247395188,181.38052368164065,17214200,1
2024-03-18,181.69507691341752,183.66804736877484,180.9897558645121,183.6299285888672,9013800,1
2024-03-19,183.6775727454706,184.84037723128355,183.3630382987997,184.7069396972656,8478700,1
2024-03-20,185.0882028103485,187.34711486243472,184.53538600625475,187.12789916992188,9367000,0
2024-03-21,187.3090074968124,190.0826032010821,187.1279105705553,189.72994995117188,11203800,0
2024-03-22,189.68227554589657,191.08337691916773,187.32804477821512,187.404296875,8108800,0
2024-03-25,187.38524407916947,187.70930458163005,185.2502290077344,185.6886749267578,8620000,0
2024-03-26,185.4694632408453,187.4424482583321,184.9643057766157,186.5560302734375,5961500,1
2024-03-27,187.28992589560684,190.2446328340464,187.17555502229447,190.1683807373047,8725800,0
2024-03-28,190.1397869801665,191.31213205601443,189.234302426056,190.9118194580078,8628300,0
2024-04-01,190.6163281943205,191.52179809329465,189.26288637436772,189.61553955078125,7309000,0
2024-04-02,189.0913651197731,190.4162145724315,188.79589729519208,189.53933715820312,7014700,1
2024-04-03,189.7109065619284,190.2065380192849,188.4337164060512,189.005599975586,9353400,0
2024-04-04,190.92294758736315,191.4310516911156,187.47167525782456,187.56753540039065,9243800,0
2024-04-05,188.056464564436,189.9354870804296,187.0498380452217,189.2931671142578,6532300,0
2024-04-08,189.45613591686737,190.75995368251904,189.45613591686737,190.28060913085932,8001000,1
2024-04-09,189.8875917228308,190.66412769503867,186.858130102975,189.00558471679688,7351500,0
2024-04-10,187.4716553790757,188.9288668988633,186.1582413721076,187.3949584960937,7681400,1
2024-04-11,187.90305769185724,188.44951748332383,185.2570811252899,187.35659790039065,10137700,0
2024-04-12,180.5403492930208,181.12513563622184,174.99911250049018,175.23878479003906,31532300,1
2024-04-15,176.8781304650247,179.71585650140818,174.67314271511265,175.3346405029297,14766600,1
2024-04-16,175.3442474381056,175.5935159903281,172.22850756281414,173.3310089111328,16451800,1
2024-04-17,173.8774496601014,174.88407621184723,171.79709592165912,172.6407470703125,9017100,1
2024-04-18,173.61860787689943,175.78524005173225,172.5352844752654,173.7624053955078,9557700,0
2024-04-19,174.86486876991842,178.20111704187556,173.91577601657252,178.12442016601562,13402300,1
2024-04-22,178.30659681566635,182.27556923453253,178.29700056215378,181.58531188964844,11529700,1
2024-04-23,183.2342439680416,184.2887931526597,182.6494430587006,184.2025146484375,9144400,1
2024-04-24,182.6590234692553,185.24748097776123,182.31389482622563,185.1036834716797,6964900,0
2024-04-25,184.30798671411355,185.92817369729963,183.28218231517408,185.3817138671875,9802300,1
2024-04-26,185.5734620225752,186.8197461895444,185.0845212037952,185.49676513671875,6413700,1
2024-04-29,185.48717558117505,186.2349519597329,184.4805490320592,185.29544067382807,5387800,0
2024-04-30,184.8448510540374,186.93480098954225,183.72318651376133,183.81906127929688,8153700,1
2024-05-01,184.32717863603727,186.42671034800628,182.9083080717364,183.93411254882807,7445300,1
2024-05-02,185.0941104806312,185.5063397695816,181.6907612697659,183.7423553466797,6501700,0
2024-05-03,184.06829876150783,184.5764027909394,180.6745459396036,182.6398468017578,8922800,1
2024-05-06,183.80946343667284,184.260048499611,181.97837830963056,184.0683135986328,7911100,1
2024-05-07,183.78070641582715,184.95988996978727,183.73276903282613,183.82864379882807,7688800,0
2024-05-08,183.109636489073,188.5262245966685,183.109636489073,187.56753540039065,9227600,1
2024-05-09,187.1073627179548,189.4273887435824,187.04026208314104,189.3411102294922,7977300,1
2024-05-10,190.3381304973956,191.10508471525105,190.0792949687619,190.5586395263672,7529800,0
2024-05-13,190.5874094528372,191.59403600454803,189.85879632323068,190.52029418945312,7049200,0
2024-05-14,190.7791356290652,193.2525553237889,189.97384027592776,193.18544006347656,8596200,0
2024-05-15,193.6647758753469,194.3166920568384,191.5173216973383,193.7606506347656,8370000,1
2024-05-16,193.866101662291,196.03273365800683,193.64560727584143,194.10577392578125,8497900,0
2024-05-17,195.39042954302607,196.5792093322775,194.43174041156257,196.32994079589844,9260500,1
2024-05-20,195.9464604400008,197.37491243517428,187.3278403461505,187.5004119873047,17373300,0
2024-05-21,188.861763419486,191.64195611591128,188.4782936090948,191.2776641845703,14420800,0
2024-05-22,190.7791278137312,192.6389869781935,189.52324745359732,190.1176300048828,9425300,0
2024-05-23,189.63828212351265,190.1080450328782,187.9701725080681,188.78504943847656,8069400,0
2024-05-24,189.5807765302484,192.4664255616402,189.398623253968,192.4185028076172,7356200,0
2024-05-28,191.6036125630803,192.1308945170265,190.45318851802023,191.25848388671875,6910200,0
2024-05-29,189.8204469313244,190.76955443221763,188.75630141642043,189.9259033203125,6120000,0
2024-05-30,190.3573100396156,191.5940272009712,190.2039162690166,191.0955047607422,6829100,1
2024-05-31,191.06674918836447,194.9015057616244,190.1559974279023,194.2591857910156,14417900,1
2024-06-03,193.9523837810448,194.05784016408327,190.9612785580393,193.48263549804688,6444300,0
2024-06-04,191.8912454104353,193.6360522533747,190.08890492412328,190.9325561523437,6848300,0
2024-06-05,191.5077459064257,191.5652795452849,188.78507213786327,189.11102294921875,8351600,1
2024-06-06,189.1110145998678,189.8396277088891,187.26075158024344,188.7754821777344,7640300,1
2024-06-07,189.27399483794665,192.61982529027472,188.87134714402987,191.6898956298828,6964500,0
2024-06-10,191.0092270817566,192.54312090911645,190.24227285385908,191.3639373779297,6070800,0
2024-06-11,189.73415971337363,189.7629192155564,185.60221211085312,186.330810546875,9235300,1
2024-06-12,187.90309422081228,188.5933516555719,183.40683926855004,183.6177520751953,12751300,0
2024-06-13,184.3751043127768,186.54173652510667,182.99458959650315,185.6597442626953,8587800,1
2024-06-14,183.5410177477756,186.81015095563032,183.5122582462289,185.77476501464844,6874000,0
2024-06-17,185.48715258773336,187.5004054363974,184.6818572996413,186.92518615722656,8725400,1
2024-06-18,186.5609073499265,189.78210335662163,186.11032229627904,188.8617553710937,9023000,1
2024-06-20,188.2769434150986,191.21052959046503,188.00851164927644,190.46275329589844,8731100,1
2024-06-21,188.58373987114496,189.0247286665629,186.19659873864725,188.190673828125,20972100,0
2024-06-24,189.6383038349325,190.99964071138496,188.9576427109241,190.6641082763672,9785900,1
2024-06-25,189.9067364933477,191.8049516055998,189.5712040568121,189.8875732421875,6862500,1
2024-06-26,189.293179955192,189.76294293027505,188.1715153445845,189.2740020751953,7758600,1
2024-06-27,189.28358009107907,191.6036059802996,188.76587978010525,190.94210815429688,7913500,1
2024-06-28,191.7474291953156,194.2304454389484,191.0667680283696,193.90447998046875,15307600,1
2024-07-01,194.4604827458305,198.53491119480896,194.2879257390516,196.9626617431641,10205800,0
2024-07-02,196.8092960630053,200.23182347007665,196.3107882200117,200.2030639648437,7802900,1
2024-07-03,200.8933362592645,201.68905009612223,199.0718178981708,200.06886291503903,5560900,1
2024-07-05,199.5386461738184,199.90495668701004,197.15756164535284,197.41783142089844,8093100,0
2024-07-08,197.65882429121405,199.45186733579692,196.6273505271732,197.78414916992188,8707000,0
2024-07-09,198.2275912793329,202.2089066308808,198.05406339705047,200.1555938720703,9058900,0
2024-07-10,198.71922757684789,200.4833517226136,198.17938920186893,200.3194732666016,8328500,1
2024-07-11,198.78671869994315,200.6086806066436,197.98659583908096,199.9820709228516,10658100,0
2024-07-12,196.6562601537881,199.9820616115493,194.824663614584,197.5624237060547,15443400,0
2024-07-15,199.731435258761,203.99231931553007,199.27835346292989,202.4884796142578,10719700,0
2024-07-16,202.44028200402863,206.04565232180363,200.58940119084525,205.92996215820312,11557000,1
2024-07-17,206.1034814139679,209.72812101590785,205.5925619004084,209.06295776367188,11572500,1
2024-07-18,207.86760619146685,208.8412422145084,201.7076384383101,202.4209899902344,12415100,0
2024-07-19,203.59707529601897,204.7056856367412,201.3991534690736,202.2281951904297,8095900,1
2024-07-22,202.883717700245,204.53215166667349,202.1607167336905,202.710189819336,7663200,0
2024-07-23,203.42354026627365,203.86697258733173,201.81366000427525,202.7583770751953,5557300,1
2024-07-24,202.0064718741431,204.39719093826727,200.5797540933988,201.08102416992188,7119000,0
2024-07-25,201.1388579458968,202.6234281304816,200.56046601291564,201.1581420898437,6403800,1
2024-07-26,201.7076510542703,205.48653464267105,201.1099602050813,204.5996551513672,8027800,0
2024-07-29,204.99487998321385,205.9203277459261,202.97048598586372,203.2596893310547,6533600,0
2024-07-30,205.55398670734905,208.02182760531736,205.29371695525305,207.4434356689453,8850700,1
2024-07-31,207.04821445631424,208.60025726077208,205.01417096363343,205.13949584960932,9071600,1
2024-08-01,205.5250975965392,206.13242319166,198.9506156316293,200.47373962402344,10918600,1
2024-08-02,196.540593467653,197.3021480368774,189.8022189578119,191.97122192382807,18041700,0
2024-08-05,187.06444261471972,189.1081205261127,184.02782989843283,187.8838348388672,13927000,1
2024-08-06,188.36583747544628,195.30665821021745,187.01624161562503,193.1280059814453,10605800,1
2024-08-07,196.1838966420379,198.3432648205562,192.99305473526,193.18585205078125,9204400,0
2024-08-08,195.18135272592363,197.5335183519272,194.5258241649833,196.714111328125,7761200,1
2024-08-09,196.1453545960368,199.0373586273821,195.5958667695245,198.3914794921875,5540200,0
2024-08-12,198.9795069946796,199.68322380780327,196.328503484544,198.76742553710932,6936000,1
2024-08-13,200.25200574943543,200.5990468401621,198.0058807329956,200.45445251464844,6387800,1
2024-08-14,200.2616427788525,203.1729162219059,199.663951948248,202.6716461181641,6999800,0
2024-08-15,205.33229307174528,206.19025370793764,203.5006963412877,203.9344940185547,7001000,1
2024-08-16,204.0694577558805,206.38305522115783,203.97305173253812,206.2673797607422,7931200,1
2024-08-19,206.29627759905625,207.7711984070004,206.12276442611807,207.694076538086,6090800,0
2024-08-20,207.2602781478312,208.224279441542,205.98778937957647,206.7975616455078,5640000,0
2024-08-21,206.7108016509744,207.26028947898703,205.17804304045464,206.87469482421875,5202300,0
2024-08-22,206.8553833045896,208.99546718718165,206.6240177166504,208.8315887451172,5247100,0
2024-08-23,209.76669339782856,211.29945196841103,208.7062860606057,210.4511260986328,7214000,1
2024-08-26,211.12593813281453,211.77181729592928,210.2005050400954,211.2801818847656,5105200,1
2024-08-27,211.607905119452,212.48514977076096,211.2994323741788,212.2537841796875,5185200,0
2024-08-28,211.35731137287664,214.2107620487655,211.29947364118536,213.3238677978516,6506400,1
2024-08-29,214.1528867007448,214.9530095590424,211.05845071030296,214.2107391357422,6416100,1
2024-08-30,214.4902831448825,217.3630028184573,213.94079535896643,216.70748901367188,8574100,0
2024-09-03,214.297494197532,216.03269949777567,211.347652541864,212.36949157714844,8956100,1
2024-09-04,213.08283641697943,214.0757712679163,209.39072445966104,211.4344024658203,7389500,0
2024-09-05,212.2248812160305,212.85149088939755,208.2532005501347,209.7956085205078,8067900,0
2024-09-06,209.76667224642696,210.8656330535133,203.49101486350727,204.81170654296875,7777000,0
2024-09-09,207.44343435369325,210.296869857818,206.4697836629784,209.005111694336,8935100,0
2024-09-10,210.73069601813924,210.7692495990519,193.3883068457007,198.1601104736328,28406900,1
2024-09-11,197.86125540966165,200.22305551650228,194.56437291901,199.7699737548828,13658700,1
2024-09-12,200.1748635449911,201.2641897182195,197.5142252592697,199.1626739501953,9054400,1
2024-09-13,199.4133244696085,200.367691123638,195.7115627301204,196.9647674560547,10226700,1
2024-09-16,198.42039779039567,200.71472568909704,198.18903217312973,200.3773193359375,8634900,0
2024-09-17,200.25199896620595,202.3727990223658,200.18452651974977,201.71728515625,7573300,1
2024-09-18,201.4859220173664,203.7320469854088,199.2590811954749,200.0592041015625,8259900,1
2024-09-19,202.2281866672893,204.2815140938797,199.8760211984141,202.90298461914065,11635200,1
2024-09-20,202.3727979854769,203.8091653040384,201.9582844621734,203.4910430908203,20885000,1
2024-09-23,203.40428249196864,204.17548650492685,202.4306464351734,203.8284454345703,7223500,1
2024-09-24,203.5488900084085,205.28409547271303,202.79697009212555,203.9730529785156,7323200,1
2024-09-25,204.0598115501272,204.5996646960776,201.1003348683064,202.6234588623047,8976500,1
2024-09-26,203.5296028527362,204.07907595472616,201.48591005736264,202.2281951904297,7807500,0
2024-09-27,203.0668813080113,204.79245198574228,201.79440715731252,202.9222869873047,7032500,1
2024-09-30,198.8831087070336,203.3657236421353,197.87090438559173,203.26931762695312,8663800,1
2024-10-01,201.3798809104881,201.563043524854,198.76744542730427,199.5868377685547,8540100,1
2024-10-02,199.62540303508803,201.4280808680096,198.2854417354765,199.8278350830078,5810900,1
2024-10-03,198.74815887229943,199.0566463684385,196.98403461617457,197.8419952392578,7251300,1
2024-10-04,203.00192776202576,205.30060702891845,200.6838461739968,204.86415100097656,10211700,1
2024-10-07,204.6798214920101,206.9106143498408,203.3801474512296,204.58282470703125,6718900,1
2024-10-08,204.2433814525666,204.97081299762056,202.10958521366825,204.40826416015625,6021800,1
2024-10-09,203.3898630505735,207.7932570879516,203.07949994465,206.9979248046875,7024000,1
2024-10-10,208.3460696889028,208.3460696889028,205.10657842832947,206.4353485107422,7927100,1
2024-10-11,209.18022188553985,217.8706109448213,208.6855737425154,215.6010131835937,18320700,1
2024-10-14,216.4836435076752,216.96859791284456,212.2936451428216,214.81539916992188,9048900,1
2024-10-15,216.929786256024,218.6659163400917,215.14515777638977,215.697998046875,9235800,1
2024-10-16,215.63982224842857,216.9491902302408,214.3886316262233,216.910400390625,6382500,1
2024-10-17,217.521435503585,219.0538930763408,216.59031660888084,217.6669158935547,6470200,0
2024-10-18,218.2294716235401,219.12178590933368,216.3866508941279,218.5883331298828,7000500,1
2024-10-21,218.4428562648874,218.90840833464267,216.19266079507577,216.28965759277344,5870000,1
2024-10-22,216.30905529120685,218.50104375579213,214.4468322523353,217.37594604492188,9586800,1
2024-10-23,216.9298093573414,218.03550481569224,215.8338076592832,216.6873321533203,6180500,0
2024-10-24,215.15486108792416,218.2876622254481,214.98997837538428,218.21006774902344,6002200,1
2024-10-25,218.2294639525776,218.8308026284756,214.23344472630612,215.6204071044922,6369700,1
2024-10-28,216.6291337876938,218.85021840107265,216.24116139259172,218.7144317626953,6843000,0
2024-10-29,218.43315914614644,219.92681213014208,216.1053692338975,216.19265747070312,6580000,1
2024-10-30,215.8434720010865,219.5000318832495,214.91236795234585,217.6572113037109,7110900,1
2024-10-31,217.9385022356732,218.89871726600515,215.1451749831653,215.24215698242188,7829900,1
2024-11-01,216.83279926451772,219.34485939228048,215.9986771418297,216.23146057128903,6923500,1
2024-11-04,215.95016767681813,217.0267669334893,212.57488952061908,213.16653442382807,8229600,1
2024-11-05,213.40904556920853,215.2809773673393,213.37994948734013,214.8251190185547,5600700,0
2024-11-06,227.92855883805424,240.53737273122323,227.70548396691856,239.6256561279297,23987800,0
2024-11-07,237.14268290793603,237.21058362240817,228.1419311373641,229.2670288085937,16451100,1
2024-11-08,232.1379691294592,232.1379691294592,228.6850961621216,229.84898376464844,9502100,1
2024-11-11,232.7780887124302,234.81490290851687,231.8081800094617,232.0894470214844,9017100,1
2024-11-12,233.3115332694767,234.1941537101088,231.57538846430984,232.351318359375,6861000,1
2024-11-13,233.34064938993217,236.74502378242772,233.07876988293,233.9031982421875,11472600,1
2024-11-14,235.1252801712944,236.9390048192966,233.7965099040101,234.59182739257807,10172200,1
2024-11-15,234.19418940308563,239.0049288463457,234.19418940308563,237.92832946777344,11518800,0
2024-11-18,240.30458500761367,240.4694677180844,235.37744681373624,237.65673828125,9051400,0
2024-11-19,234.96039616359047,237.77312563640768,234.28146299425185,235.77511596679688,6792700,1
2024-11-20,237.04567156138623,237.2493588926639,231.4590029846222,233.5346069335937,9015300,1
2024-11-21,235.9108925350345,238.1028957020441,234.8245995104416,237.3948516845703,8783500,0
2024-11-22,236.2794645809059,241.6527523940075,235.71691574566023,241.07081604003903,7997300,0
2024-11-25,242.07953542341588,246.65750617332893,241.5654849400244,242.7584686279297,10295400,0
2024-11-26,242.95243099918525,243.44707909896903,240.86711845381728,242.4480743408203,6212100,0
2024-11-27,241.8467358877818,243.63136431157088,241.2841870760072,242.2734832763672,5472300,1
2024-11-29,242.3414140818253,244.19394344725544,241.94374792072875,242.20562744140625,5494800,0
2024-12-02,242.0407286524432,242.7196618094662,237.65673701052887,238.84002685546875,8899700,0
2024-12-03,240.76045697978563,241.54608073886425,237.26879418392127,237.4530792236328,6657700,0
2024-12-04,237.33667477531787,237.96712436015684,234.94099891212343,236.07579040527344,7346300,1
2024-12-05,238.0058971930225,239.74202726798555,237.2590633441886,238.0931854248047,6572500,1
2024-12-06,238.3065587634976,240.2851807505824,237.4724367100465,239.91661071777344,5519700,1
2024-12-09,239.6935693238512,240.4112923726013,236.42496656531813,236.4734649658203,7076500,0
2024-12-10,236.55103726892423,240.498572865486,234.9312914815208,235.55203247070312,9108300,1
2024-12-11,236.6577320701239,236.919611573279,234.89249106315413,236.20187377929688,7884400,0
2024-12-12,235.68782146085863,236.7547269840325,233.7867938376488,234.26205444335932,6113800,0
2024-12-13,234.7858200575525,235.4162548301433,231.9439797019572,232.71990966796875,10392700,0
2024-12-16,233.369732313586,233.42792446749883,230.3727179900156,232.3707275390625,9032000,1
2024-12-17,231.46872125413844,231.8275975615697,229.5095162011316,231.1874542236328,8083600,1
2024-12-18,231.8081673370634,231.8760680463828,222.62313123810543,223.43785095214844,11322400,1
2024-12-19,225.2806965461456,229.2476195535192,225.2806965461456,225.949935913086,11790800,1
2024-12-20,224.941228167182,232.0118710112261,224.6211565141942,230.4503173828125,32348400,1
2024-12-23,228.96635695747324,231.43961233565523,227.8121632211844,231.216537475586,8611500,1
2024-12-24,232.2252432886818,235.19317647466937,231.8760903487652,235.01858520507807,3729100,1
2024-12-26,234.16505795563904,235.93999271034167,233.5443169594288,235.8236083984375,4451800,1
2024-12-27,235.41626442753616,236.06610154566872,232.8169011553721,233.91290283203125,5730200,1
2024-12-30,231.5851232615298,233.59282673786723,229.97507113678503,232.1185760498047,5723800,1
2024-12-31,232.8265763048831,234.17474874747185,231.83726532986,232.496810913086,4871000,1
2025-01-02,233.67040567185904,235.9593908295792,232.24463867787563,232.7780914306641,9220900,1
2025-01-03,236.5510259868334,237.51124090227324,233.03025276318576,235.9593811035156,9491100,1
2025-01-06,237.58749766624487,239.5275897113152,234.5457584708976,234.8089904785156,9917800,0
2025-01-07,236.0666364630763,239.1083757665875,234.85773282590424,237.07080078125,8753400,1
2025-01-08,236.6613257454232,238.12370262953496,234.4677604192555,237.03179931640625,8675300,1
2025-01-10,236.99281382045052,237.6947559728188,232.7519294323,233.85357666015625,10256800,1
2025-01-13,233.6585959914912,238.4064419057108,233.00540271461605,238.0847320556641,10005300,1
2025-01-14,236.57358662642125,241.5066689337318,236.1153740127952,241.262939453125,12407400,0
2025-01-15,244.1194516626716,247.3074375627741,237.5680017698704,246.0205535888672,18448500,1
2025-01-16,247.6291782463813,250.59293737173945,246.0010669304408,247.8924102783203,15292300,0
2025-01-17,247.7656668592136,254.08313151072235,245.8158308046432,252.6597595214844,17678100,0
2025-01-21,253.5469292971933,257.6220793628749,252.9912189012906,256.43267822265625,13712100,1
2025-01-22,256.305959746207,256.77393113987694,253.7224327597916,256.2474670410156,9021900,0
2025-01-23,258.05104328370686,260.1665986454837,257.1931106983808,259.2794494628906,10749700,1
2025-01-24,257.07611593589155,260.4005897068569,256.4131788721569,258.197265625,7666300,1
2025-01-27,257.54409076732867,259.29893119572284,255.681993892148,259.18194580078125,7522300,0
2025-01-28,259.18195317720495,260.6248127587292,258.1875177876292,260.4396057128906,7375400,1
2025-01-29,260.5077882058216,263.89075430733,258.94791370834145,259.8935852050781,7684900,1
2025-01-30,261.8921889760082,262.935358224664,259.9325945605879,261.5022277832031,8753500,0
2025-01-31,262.4771647518187,264.02728068876934,260.2640820114848,260.5955505371094,7193800,1
2025-02-03,255.262756728444,261.4437627852604,255.1360423852624,260.11785888671875,8381400,1
2025-02-04,263.07188179280973,263.07188179280973,260.13736895555724,261.21954345703125,5626000,0
2025-02-05,262.16522992486006,263.8518489491681,261.59976076548173,263.6470947265625,5704400,1
2025-02-06,265.6164359735269,270.0328135723906,264.38802970359865,269.9548034667969,7264400,1
2025-02-07,270.315515971974,271.5634098810839,267.81972815375417,268.88238525390625,6857900,0
2025-02-10,269.22363870895646,269.2528850631033,262.8281780836396,264.2418212890625,8627400,0
2025-02-11,263.4813689407272,269.29187234750515,262.8964121442548,268.0927124023437,7196400,0
2025-02-12,267.205505594858,269.51608618824747,266.3963367662514,268.5411682128906,6683900,1
2025-02-13,268.5898729509256,270.0230034086619,266.9422593718909,269.3893127441406,8398700,1
2025-02-14,270.41299219849265,272.22635509125433,269.516084328549,269.6525573730469,5688600,0
2025-02-18,269.8182931454493,272.94777133904427,269.0968336529695,272.92828369140625,7919800,0
2025-02-19,271.39767571560697,273.2207676026046,270.26676727320427,272.245849609375,7007200,0
2025-02-20,271.6901230945166,271.7486157904694,259.074682630374,260.10809326171875,13846700,0
2025-02-21,261.5900174978265,262.4479501394835,256.24745588977726,257.6123352050781,12835600,0
2025-02-24,258.8309219141407,260.3030573396271,252.12348256767004,254.78501892089844,10372800,0
2025-02-25,255.65274860472132,256.40342472680305,246.9954723174824,250.94387817382807,9608400,0
2025-02-26,250.70989029590592,254.36583241451373,250.4856484685301,252.29901123046875,5943600,0
2025-02-27,253.65415230957024,257.0273899341107,251.3923354606858,252.552490234375,8204400,0
2025-02-28,254.19036230579465,258.168014364657,251.42159895805173,258.01202392578125,10467100,0
2025-03-03,257.3783266409024,259.64014331856174,251.35334113504783,254.0830993652344,9058300,0
2025-03-04,248.8770570007472,250.7781589340054,239.7810705990394,243.9732208251953,13465600,1
2025-03-05,244.9481392715601,246.7029945878236,241.6139216086933,245.2211151123047,7861400,0
2025-03-06,241.886905868188,243.10555336966488,237.7337605385393,240.3562774658203,9983200,0
2025-03-07,239.079130041382,240.53176317464,233.41485900581728,236.203125,20498700,0
2025-03-10,230.28537474013976,231.5527561700216,222.9637314395914,226.3954467773437,18887200,1
2025-03-11,225.9372520921236,227.4678805305205,221.0041692701968,223.3927154541016,18143000,1
2025-03-12,228.1308131535452,228.44279405563543,221.55986044493463,222.18380737304688,16054000,1
2025-03-13,223.54869198918365,223.74367260665568,218.6058507740928,219.54177856445312,16467900,1
2025-03-14,222.3982717501304,227.2923638870342,221.8718226173793,226.60992431640625,11962100,1
2025-03-17,225.38152145062264,229.7589083414952,224.67959422222768,228.0625457763672,9586000,0
2025-03-18,228.44280153604296,230.24639097858085,227.6628641313464,229.0764923095703,10344900,1
2025-03-19,229.8271715262197,236.25187748793,228.99848528714736,233.11264038085932,10120600,0
2025-03-20,230.626575584927,235.69614567962623,230.27560454658268,233.0151214599609,8328500,0
2025-03-21,231.8452338048883,236.2226207273677,230.5680936788464,235.5694274902344,19326900,0
2025-03-24,239.3228749688017,242.4523684053444,238.2797204073333,241.83816528320312,9422700,0
2025-03-25,243.05680360286863,245.50385729754217,241.4091898067444,244.83116149902344,9287700,0
2025-03-26,246.26428619669275,248.2823586674312,243.51501036934545,244.7336578369141,12779300,0
2025-03-27,243.271274842472,244.353434361877,240.9802117098364,241.89663696289065,8022500,1
2025-03-28,240.7462457637879,243.25177720979863,235.0624722165861,236.7588348388672,11978400,0
2025-03-31,233.4051183081998,239.6933363348648,231.40653346417213,239.1473846435547,13603000,1
2025-04-01,236.5346150944195,239.52762068087327,234.8382671897172,237.5485382080078,8054700,1
2025-04-02,235.5401876257281,241.0484682086845,235.4036997048993,239.6543426513672,7758800,0
2025-04-03,228.3940388529052,229.24221273335493,221.5988593567088,222.95399475097656,17188500,1
2025-04-04,211.20251967446583,213.54692494518173,204.9442264132869,206.2684783935547,27170700,1
2025-04-07,201.84453550263905,217.81396118841425,198.303402775656,210.34913635253903,22914400,0
2025-04-08,219.2559199603552,223.49349966875857,209.1818362465306,212.73277282714844,19485700,1
2025-04-09,208.4461369100307,232.9495891897229,206.9747524141952,229.86949157714844,24022400,1
2025-04-10,225.6123023289423,225.9556313847829,215.9011700853409,222.7774353027344,18896400,1
2025-04-11,221.9926873847448,234.02861709200693,220.7076806168737,231.6940155029297,20284500,0
2025-04-14,232.57685007270544,235.2057165370909,229.1730460537919,230.24224853515625,13017800,1
2025-04-15,231.5959137609775,234.0972553015322,228.37848769241103,228.6825714111328,10912900,0
2025-04-16,227.5741417587421,229.1240019340848,223.58177786322105,225.229736328125,9322300,1
2025-04-17,226.39703780490407,229.8694987374544,226.15180704795932,227.534912109375,9557900,1
2025-04-21,226.2302799196368,227.38776189376563,222.02211180001825,224.6215667724609,8716200,1
2025-04-22,227.5544944957361,231.4880049791637,226.95613091660377,231.0956268310547,10701400,1
2025-04-23,235.6373162536493,242.08197236154456,235.4215120035636,236.28472900390625,14126800,1
2025-04-24,235.1664754342962,240.78715979495183,233.04767825191303,239.97299194335932,9055200,0
2025-04-25,239.98279962585,240.93429610814024,237.13812898804628,238.9037933349609,8588600,1
2025-04-28,239.894526612238,242.13102985600685,236.24549185288936,238.58009338378903,7394300,1
2025-04-29,237.5697486449445,240.5713706917717,237.0792871348696,239.9533843994141,7216800,1
2025-04-30,236.60844827615284,240.541944198583,233.8814685098544,239.9533843994141,12991700,1
2025-05-01,238.20734299709588,243.7103217475342,237.55012636868136,242.1800842285156,8689600,1
2025-05-02,246.4667021122206,248.78168093946223,244.701052725632,247.6928558349609,7165000,1
2025-05-05,246.38821912384304,250.292303237264,245.80947817623056,247.7418975830078,5450700,0
2025-05-06,245.2307330928332,247.8301728765388,244.24981016046183,244.4950408935547,6369900,0
2025-05-07,245.083616417632,247.63400722536448,244.08307077124687,244.63238525390625,8724100,1
2025-05-08,246.7708043040648,250.9985800051324,246.75118165326785,248.63455200195312,8320100,1
2025-05-09,249.6448924447712,250.635619242527,247.52609526635223,248.25198364257807,5087600,0
2025-05-12,257.8846409478204,258.57129899597703,253.7647824650602,255.0890045166016,9603900,1
2025-05-13,256.05034578816554,258.6399970419656,255.42257059461764,257.9925842285156,8589000,1
2025-05-14,257.9827669437803,261.5533412811179,257.28631994724986,260.5724182128906,8643100,0
2025-05-15,261.87698531695685,264.3783267139839,259.70915411050737,262.3870544433594,9214600,1
2025-05-16,262.39692703862465,263.3386048247773,259.6601432307779,262.4557800292969,8932900,0
2025-05-19,260.48410598167084,263.2012820099821,256.93316930268384,259.826904296875,12145000,1
2025-05-20,257.51191281628184,261.5729486833489,257.2961085440889,260.61163330078125,8436300,0
2025-05-21,259.30697200049985,260.5821597835497,255.7560359277884,256.06011962890625,7464000,0
2025-05-22,254.49067374288148,257.29609924459567,253.93154043030927,255.6972198486328,6514100,1
2025-05-23,251.9108411041023,256.9920152183282,251.11629584411463,255.73643493652344,6671800,1
2025-05-27,257.04106526626447,260.23885381510826,256.99200115618,260.22906494140625,7506600,1
2025-05-28,261.16091702282114,261.6317708162732,257.8846379571237,258.46337890625,5535400,0
2025-05-29,259.74838881098617,260.34676738524155,257.5217044601511,259.3265991210937,5081200,1
2025-05-30,258.4241883810186,260.26829856132497,257.7179225906518,258.96368408203125,10977700,1
2025-06-02,258.002355900268,259.97402070361045,256.90372693326515,259.611083984375,6011200,1
2025-06-03,258.6988154428008,261.49442184863057,257.86502496413567,261.1903381347656,6998400,1
2025-06-04,260.84705493579474,262.0241445637471,259.1402285754032,259.1794738769531,5915700,1
2025-06-05,259.6895120537283,259.6895120537283,255.34403090689912,256.9527587890625,8173800,1
2025-06-06,259.2873589243157,261.56310742936586,259.2187170664052,260.6606750488281,7738100,1
2025-06-09,260.9255242470256,262.7892720045682,258.3260842218692,261.6513977050781,8285000,1
2025-06-10,260.807840103818,263.77021710595534,260.77841360806616,263.4759521484375,7538100,0
2025-06-11,263.5543728329388,264.4764428071077,260.71952105435884,263.03448486328125,7434100,1
2025-06-12,261.76906334571646,263.17180580407035,260.08190474325323,263.12274169921875,6618000,1
2025-06-13,260.0230636958611,261.92605676944186,257.69828090375347,259.89556884765625,7098300,1
2025-06-16,261.90644458682067,266.5462212171046,261.75931212188453,265.20233154296875,8566000,1
2025-06-17,263.0541348281509,265.42795173106725,262.6911681713896,264.3783569335937,6739300,1
2025-06-18,264.849226160592,272.4219533800811,264.5745689012487,268.7336730957031,9586400,1
2025-06-20,270.3129479704052,272.00992553694005,268.5865139770169,269.7538146972656,13969700,0
2025-06-23,269.8126412443532,273.23605246885563,266.9189068142398,272.9613952636719,8094600,1
2025-06-24,274.864422081068,277.31672955102783,274.1777939507156,275.8944091796875,9267900,1
2025-06-25,276.1298306696613,278.85679547317505,275.55108967897763,278.6409912109375,6826900,1
2025-06-26,279.2687598498159,283.8888982978831,279.0431368074924,283.2414855957031,8942100,1
2025-06-27,280.3575637051558,283.19244517476585,279.6022638703118,281.6327514648437,17868600,1
2025-06-30,284.86003722869964,287.0671140098136,283.4082903268862,284.37939453125,12689200,0
2025-07-01,285.3406963303482,285.5761082631772,281.122709609671,284.8698425292969,9338300,0
2025-07-02,286.4687496948515,287.2338684064349,284.17339356010143,286.42950439453125,8158700,0
2025-07-03,287.95726066275904,292.1462676228288,287.03074848169234,291.75201416015625,6541600,0
2025-07-07,291.0127726573706,291.7914435365602,285.91695574871414,287.77984619140625,8825700,0
2025-07-08,285.1185912184717,285.54244302383853,276.28718720828704,278.72174072265625,15440900,1
2025-07-09,283.0586107622728,283.078342988919,278.42607952209454,279.0963134765625,11273800,1
2025-07-10,278.93858839126966,284.1723806999454,278.93858839126966,284.0541076660156,8410900,1
2025-07-11,281.42242882449017,283.2557511966082,279.5792704187099,282.7431945800781,7384700,1
2025-07-14,282.95018101073435,285.1481583723004,281.1661592607552,284.5567932128906,9079900,1
2025-07-15,283.866855384694,287.7601801900451,281.3830312287391,282.4376525878906,12526100,1
2025-07-16,284.2611002489253,286.5576787356624,278.9484690013939,281.7181396484375,9979800,1
2025-07-17,279.3722805662569,286.13381646736286,279.3722805662569,285.73956298828125,8509500,1
2025-07-18,285.365019447414,288.3022635940587,284.09355419862834,287.08990478515625,12217000,1
2025-07-21,286.8237577094983,289.95811320350606,286.4097720406625,286.794189453125,7898100,1
2025-07-22,287.3165917383993,289.41602825063205,285.02987956960806,287.2475891113281,6717500,1
2025-07-23,288.63734274746514,292.72777856797825,288.3514962209417,292.5010986328125,7083500,0
2025-07-24,293.15163750090335,295.29047824712586,291.9491449333037,292.2940979003906,7001200,0
2025-07-25,292.4420132724975,294.6104226016396,291.71261270067146,294.3344421386719,5918500,0
2025-07-28,293.3882007039174,295.13278810430046,292.5602593912129,293.9992980957031,5840400,0
2025-07-29,295.6946113524278,296.9661066035344,291.94915830714154,292.777099609375,7635700,0
2025-07-30,293.1516503269176,296.29584201458954,293.1122159565272,295.3299255371094,8061700,0
2025-07-31,294.8469611494763,296.6605511146664,291.2591855090535,291.9885559082031,14749700,1
2025-08-01,286.23241068269874,287.61231301174155,280.1608103552954,285.2171936035156,12007100,1
2025-08-04,286.0943926240756,290.0961238185278,286.0943926240756,290.0369873046875,6649500,0
2025-08-05,290.4608068242693,291.54502636918687,283.11771225513746,287.1884460449219,7182300,1
2025-08-06,288.1050798314591,289.0808924201968,285.99580742431834,287.1687316894531,6330200,1
2025-08-07,288.7359132891705,289.24843975026016,282.2996289114691,282.822021484375,8057100,1
2025-08-08,284.8328107434372,287.0505206188896,280.62407097329145,284.615966796875,6634100,0
2025-08-11,285.246742053437,287.13920088726815,284.635644641562,285.4044494628906,5510100,0
2025-08-12,287.31661546362176,290.5199739550687,286.1732592848133,288.6472473144531,8570900,1
2025-08-13,289.73143580454695,290.32280093719714,283.0388729770285,286.3605041503906,8420400,1
2025-08-14,286.4098066006694,289.9778804180479,285.4833244293079,289.9384460449219,6322400,1
2025-08-15,290.6086841881212,291.25921599583813,285.66073811560074,286.32110595703125,7340500,1
2025-08-18,285.83814995621725,287.7108766469041,284.27097198497654,287.34619140625,5386900,1
2025-08-19,286.6562214265169,288.2825659770611,285.37489004447787,286.4886779785156,6031500,1
2025-08-20,286.63648908496583,289.1203129200321,283.1472843493455,288.04595947265625,7374200,1
2025-08-21,287.7503044651617,288.5683797096441,285.31575079885044,287.2870483398437,6624000,0
2025-08-22,288.9922055724686,292.8953659306035,285.96625689985,291.9885559082031,8552800,1
2025-08-25,291.9885819039242,293.08266767966575,289.9187435512912,290.6678161621094,5856300,1
2025-08-26,289.9384416271958,294.45269969390944,289.28790983878844,294.28515625,6714700,1
2025-08-27,292.9840890873044,296.74927450763425,292.77711127340297,294.9849548339844,6056500,0
2025-08-28,295.71431837356056,296.91681101607145,294.41328492266325,296.749267578125,6410500,1
2025-08-29,297.7053662302992,298.60231023054706,295.4285199525983,297.0942687988281,6796400,1
2025-09-02,295.9508866438156,296.14799833495414,290.273540537871,295.39892578125,7221900,1
2025-09-03,296.25645520177414,296.25645520177414,292.1265844883639,295.211669921875,6316900,1
2025-09-04,295.694622931837,300.0610396446901,293.99930589051,299.4598083496094,6605800,0
2025-09-05,299.29225767241,300.770730899917,290.08630131868694,290.1553039550781,9837700,1
2025-09-08,290.65798581164114,292.2054315497858,287.2574854579185,288.7063903808594,8188500,1
2025-09-09,288.4008143193263,294.7089599546063,288.11496777534006,293.5754699707031,7848200,1
2025-09-10,292.44198029068025,297.2125163723058,291.1606189374317,296.22686767578125,7787300,1
2025-09-11,296.91682530734334,301.3424087307021,296.4733014094209,301.1748352050781,7942500,1
2025-09-12,300.622869917122,303.13626220753474,299.3415385689925,302.5054626464844,6846700,0
2025-09-15,302.7617353660041,305.5018376479389,302.7617353660041,304.4668884277344,7122000,1
2025-09-16,305.5510890844016,306.4381668754987,302.7222822014224,304.7527160644531,10525600,0
2025-09-17,305.9355331009736,308.4193571478893,304.3387568426567,307.2760009765625,8657800,0
2025-09-18,307.3154351086428,308.94174954569326,305.16669795269365,308.7347717285156,8050700,1
2025-09-19,309.0994539015685,311.2678631029987,304.68373667454165,310.26251220703125,23568600,0
2025-09-22,305.35395817376326,309.198012204534,305.11741210895696,307.9560852050781,7520200,0
2025-09-23,307.34499004479613,311.77054315707727,306.12276518201463,308.25177001953125,8584400,1
2025-09-24,309.54299157852137,312.036681822986,307.1971727167786,308.92205810546875,7310500,0
2025-09-25,309.6119974927529,311.1200389596543,307.3252850484171,308.9516296386719,7083200,0
2025-09-26,310.3807528469309,313.2489940185383,309.1979925185918,311.52410888671875,7258100,0
2025-09-29,312.50978831201064,313.4461666504931,309.158588598915,311.1594543457031,6462400,1
2025-09-30,311.7114068920212,312.8547630138109,305.65950932869447,310.9031677246094,11823300,1
2025-10-01,309.46414008660315,310.0752375005356,302.99828667529783,306.2509155273437,9235200,0
2025-10-02,305.5511124553201,306.10307334887034,301.74652271909054,303.1362609863281,7600000,1
2025-10-03,304.0825131673876,307.1873007923745,303.78680048715194,305.5806884765625,6029900,0
2025-10-06,307.2148975143275,308.7698967102646,302.2131839322167,306.2244567871094,7214500,0
2025-10-07,306.3928228595629,307.04651731937065,301.7872798561248,304.7486877441406,8454200,0
2025-10-08,305.2637226562496,305.8282811149513,300.6482653222047,301.1236877441406,6489900,1
2025-10-09,302.13392206728275,305.09536030036105,300.4898171115272,302.6093444824219,7060300,0
2025-10-10,302.73812442433035,307.50214203189404,297.93448072337696,298.01373291015625,8597400,1
2025-10-13,302.6786918104351,306.5017785031187,302.5301317467548,305.0260314941406,10788700,0
2025-10-14,302.91638858642943,304.0653034578676,291.39755808509767,299.1923217773437,16178800,1
2025-10-15,303.4611428511513,309.13634876005415,302.520212088773,302.767822265625,11354800,0
2025-10-16,302.43105556912377,305.72920960204,294.2302082762473,295.6861572265625,10549400,1
2025-10-17,296.30025689141456,296.68651306450823,291.3876792596173,294.7155456542969,10153500,1
2025-10-20,295.6465484229892,300.78693806489423,295.3098022126917,299.4696350097656,6894900,1
2025-10-21,298.7763518720256,301.1434894805301,294.16089447968653,294.2500305175781,7372700,1
2025-10-22,294.9235089294393,295.21074518844307,287.76264219334536,291.2984924316406,8054100,0
2025-10-23,291.5659521228084,293.53691953831486,289.7138327608809,291.72442626953125,5438800,1
2025-10-24,293.24968626033206,299.7073793455201,292.6257339726554,297.5680236816406,7228300,1
2025-10-27,299.2715559358776,301.6188954834183,298.13255521259686,301.2425231933594,5642200,1
2025-10-28,301.9457281513223,305.0260143525006,300.26199714781296,302.4409484863281,6336000,1
2025-10-29,300.6086572354609,305.3033363360448,300.1134369007715,302.58953857421875,7520300,1
2025-10-30,302.8668918595425,309.6216749468322,302.1834853094115,306.48199462890625,7514600,0
2025-10-31,305.5905808443981,309.8791757592273,304.3129038831637,308.1459045410156,7721300,0
2025-11-03,308.0270739794024,309.3344630267029,303.28285431242927,306.3928527832031,7770000,0
2025-11-04,303.7780648320401,309.23540287266394,302.1834697809128,306.2937927246094,7085200,0
2025-11-05,306.6503419445097,310.107000668758,302.70840715746203,308.7005615234375,6865200,1
2025-11-06,308.01715622418413,311.83035912038315,307.2941538281452,310.4239501953125,7206100,0
2025-11-07,308.90856044061366,311.4242580235003,304.6991875199946,311.20635986328125,7302300,0
2025-11-10,311.9888009767473,316.505207868057,311.20634440947254,313.8607482910156,5794100,0
2025-11-11,314.4649080237581,316.00007894896714,312.2661285601958,312.6028747558594,5030200,1
2025-11-12,313.2367840916445,319.16951418656384,313.1872439213492,317.3471069335937,10578300,1
2025-11-13,316.1784035137792,317.565014483568,306.1452341336872,306.5216064453125,8973300,0
2025-11-14,304.5704148461381,304.6991769671513,298.35044875494805,300.7076721191406,10327000,1
2025-11-17,301.0939616708072,302.66875869849656,294.8244855709175,297.4986572265625,8344000,1
2025-11-18,296.6369875977812,300.05402007948175,294.1806837974681,296.5478515625,8077300,0
2025-11-19,296.8746866890342,301.5396841634701,296.409178349521,300.3709411621094,5546600,1
2025-11-20,303.411609711364,306.95740445253,295.3098117912242,295.5277099609375,7501600,1
2025-11-21,298.40990318772816,298.79615936428223,290.01095471385685,295.171142578125,11766800,1
2025-11-24,295.3890327721484,296.9539460474125,291.69470820468445,295.1513366699219,10940200,1
2025-11-25,297.18170363006027,301.5891765934406,292.7346348034667,300.103515625,8877200,1
2025-11-26,302.0844103036798,305.5806647286523,300.30162915288383,304.6991882324219,7910900,1
2025-11-28,306.1452235979446,310.7210547537004,305.2934288863403,310.087158203125,4322400,1
2025-12-01,309.95842421118846,311.038000929866,305.5905771667579,305.9669494628906,7727300,1
2025-12-02,305.7886541478843,307.5120415313108,304.1544330268201,304.9368896484375,7249000,1
2025-12-03,304.26340519365976,309.37405277594195,303.86720471987456,309.1462707519531,8535300,0
2025-12-04,310.2654904168017,315.4454763850748,310.0079661400671,313.0783386230469,9627800,0
2025-12-05,312.62274341566774,315.4355916137351,311.6718985008828,312.0284729003906,6518900,1
2025-12-08,312.0482477999388,313.44477282870224,310.3546026483966,312.1968078613281,7417200,0
2025-12-09,311.939326475107,315.7524991840304,297.1520230977925,297.6373596191406,18049200,0
2025-12-10,297.6274181031412,308.2152311685389,295.60691069504315,307.1455383300781,18874100,0
2025-12-11,306.2838676543348,314.96013772429524,306.2838676543348,314.3460693359375,9721900,1
2025-12-12,316.6241041512468,317.2084605896136,313.5735598207153,315.4751892089844,8982900,1
2025-12-15,316.5349331916296,319.79349149101296,315.3464225115248,316.9608154296875,10864100,0
2025-12-16,316.0397380851819,316.4656203572433,311.39456850853577,312.5335693359375,8331300,1
2025-12-17,315.3860269605939,316.3170436429019,311.6520763778745,311.9690246582031,8718700,1
2025-12-18,312.979256626897,314.66301788263524,309.2353920446346,310.0079345703125,11444900,1
2025-12-19,310.79038320864026,315.51477427620307,310.1961127673861,314.1776733398437,24494400,0
2025-12-22,314.4748493262905,320.1401715734682,314.4748493262905,320.0014953613281,8354600,0
2025-12-23,320.51650136966475,324.6466524002949,320.00148308544306,322.8143310546875,6668300,0
2025-12-24,323.1213622604756,326.8355148620812,322.3884458193645,326.0233764648437,4289300,0
2025-12-26,325.9639318748006,327.6972031402456,323.4185221880518,324.7754211425781,4158300,0
2025-12-29,323.8741142125664,324.6367426827693,320.43728371815735,320.6551818847656,8635300,0
2025-12-30,321.70506610211044,321.83382823915406,319.4072362471025,320.328369140625,7904300,0
2025-12-31,321.2395304565584,321.77437689354394,318.9615289550125,319.1398010253906,5048500,1
2026-01-02,319.4171281542276,322.61626252061376,317.6739428368343,322.36865234375,8054000,0
2026-01-05,322.3884599175412,334.026138578159,322.08142570711647,330.8468322753906,10752600,1
2026-01-06,330.92639220894705,334.1598441675407,328.9664216534041,332.90625,7660800,0
2026-01-07,329.4539672046419,330.45880399676645,322.947258062395,325.3250732421875,9815200,0
2026-01-08,324.7281574581884,329.7126277455971,323.99190461809644,328.11083984375,11737100,0
2026-01-09,327.6631156796267,330.21007865256746,326.4990899011105,327.5138854980469,6738100,0
2026-01-12,320.2411028663189,324.3600076252465,319.59441851466954,322.8377990722656,12805100,0
2026-01-13,322.64875130423195,325.1957141371429,308.9886797025588,309.3169860839844,19371200,0
2026-01-14,306.6307659579143,310.17263725890126,304.5613395847709,306.30242919921875,25951500,1
2026-01-15,306.8993776774091,311.3466191836246,306.18304245620016,307.68536376953125,14751400,0
2026-01-16,308.76979706409315,315.5948534301565,308.42157308655703,310.8789978027344,14652500,1
2026-01-20,304.65088058894946,309.56573031914434,300.323023148028,301.19854736328125,12900600,1
2026-01-21,301.88504309324475,303.8450138204667,299.61665319654776,300.50213623046875,10270100,0
2026-01-22,303.3077326815458,306.6307531542374,301.35772089620315,302.0840148925781,10535800,1
2026-01-23,300.4623078902987,300.8304191049288,295.000271015744,296.2041015625,11107900,1
2026-01-26,296.2936374196168,300.243424572115,295.9354850066467,299.5072021484375,11752700,0
2026-01-27,299.7957098597862,300.4324657566407,296.6319086980451,298.7809143066406,11527400,1
2026-01-28,298.74110176244625,300.3827247331972,296.53240414079806,299.2385559082031,9556700,0
2026-01-29,300.86028172816947,305.2677184721844,300.6812055104527,304.8598327636719,11580000,0
2026-01-30,303.6957636347891,306.3621106362864,301.0194578342246,304.33251953125,11953200,1
2026-02-02,302.9097896135357,307.72514241386267,299.83552643648,306.5710754394531,9839400,1
2026-02-03,308.15296152215484,314.6397527673971,307.5261644294422,313.24688720703125,12688000,0
2026-02-04,312.809117891095,317.68416242077944,312.809117891095,315.654541015625,9848800,0
2026-02-05,313.3961328396234,314.4009999973286,303.9843082722668,308.5807800292969,9388000,1
2026-02-06,313.10760555212,322.59903993155126,313.10760555212,320.7584533691406,17797400,0
2026-02-09,319.70385137937853,324.73808529326595,318.4801031561584,320.4599914550781,11477500,1
2026-02-10,320.9076714905845,324.4694603347238,313.51550984428656,316.659423828125,9902200,1
2026-02-11,321.5941717066872,323.6237932822943,307.15807190859783,309.2374267578125,8703500,0
2026-02-12,310.68996020493864,312.0231336727285,298.492374829366,301.0990600585937,13443400,0
2026-02-13,297.0000117729552,302.740652037527,295.0101951931391,301.0094909667969,9114500,0
2026-02-17,301.21844819128046,306.6705262718474,300.95976231603305,305.5661926269531,8896800,0
2026-02-18,306.8894162356143,310.6899733588093,305.6557396172298,307.2077941894531,7209600,0
2026-02-19,305.6060125002564,307.6057576457843,303.5664321569553,306.48150634765625,6737700,0
2026-02-20,306.829734990155,309.4165028225248,304.12358301143166,309.20758056640625,7792700,0
2026-02-23,307.22769310292153,309.4165036660153,293.5974666249826,296.1543884277344,12955400,0
2026-02-24,295.3086878147805,298.22376183621185,289.89638425356503,295.7862243652344,13554100,0
2026-02-25,297.1194302945208,302.113859047087,295.4977249020647,301.75567626953125,8095500,1
2026-02-26,303.02916294815697,307.4366298839601,302.0939770599508,304.5712890625,7007800,1
2026-02-27,298.4725052158334,301.4074969953331,292.9507760142178,298.7709655761719,18620800,0
2026-03-02,293.3089239524434,298.45261340621465,291.7170645432447,296.044921875,8508900,1
2026-03-03,290.80175042735664,300.8503301542204,288.0259478174434,298.7311706542969,10278200,0
2026-03-04,298.4625518350298,299.4674190034017,294.31380094003714,297.8656311035156,8055700,0
2026-03-05,296.46279534996694,299.7061758621692,290.9410358965662,292.0553283691406,12732500,0
2026-03-06,284.88204628210366,288.51345559776433,282.2654325280704,288.0060729980469,13496500,0
2026-03-09,284.04633930656934,289.61783224456605,279.02206418875625,288.44384765625,12241100,0
2026-03-10,287.81703392074905,291.25940817695187,285.7177615952499,287.2598876953125,8344900,0
2026-03-11,287.339470512306,289.00098077209634,283.40957048917664,286.0560302734375,10205000,0
2026-03-12,281.38992356011664,282.4345955757058,277.6789347371047,281.4496459960937,13760500,0
2026-03-13,283.2205743771862,285.72773249785536,281.50933079451545,281.996826171875,9091200,0
2026-03-16,284.88204862524725,287.7971227560318,283.16084627757465,284.7029724121094,8149000,0
2026-03-17,287.5285022187445,290.2744588762506,284.4940440114858,285.42926025390625,8961200,1
2026-03-18,285.36953215418885,287.93641255144826,283.6682474755719,286.27490234375,10057000,1
2026-03-19,285.4193072233837,288.0359209952396,283.1708046765218,286.5037536621094,9846700,0
2026-03-20,286.61317132501995,289.2297850267638,283.81748141518966,285.1009216308594,22436500,0
2026-03-23,292.8114588483544,294.24412922690453,286.5037438804951,288.4338684082031,11470800,1
2026-03-24,284.71293429347423,293.9755285514211,283.9169894005904,290.91119384765625,11092300,0
2026-03-25,292.6522795072885,296.1245302289603,290.950994762599,293.91583251953125,12188200,0
2026-03-26,291.0902559049482,293.48798854194115,289.24969984697105,290.1749572753906,8669200,0
2026-03-27,287.66781259849654,288.63284454259417,280.31542537678433,281.3998718261719,9873300,0
2026-03-30,283.2901966006573,285.787426299191,280.89246381052374,282.3251342773437,11734400,0
