date,1101,1216,1301,1303,1326,1590,2002,2207,2301,2303,2308,2317,2327,2330,2345,2357,2379,2382,2395,2408,2412,2454,2603,2801,2880,2881,2882,2883,2884,2885,2886,2887,2890,2891,2892,2912,3008,3034,3037,3045,3231,3711,4904,4938,5871,5876,5880,6505,6669,9910
2024-01-02,0.007198560287942412,0.011397720455908818,0.013497300539892024,0.014197160567886422,0.009798040391921616,0.0053989202159568095,0.011397720455908818,0.010597880423915218,0.007198560287942412,0.01769646070785843,0.021895620875824834,0.03889222155568887,0.006698660267946411,0.4130173965206959,0.007798440311937613,0.009798040391921616,0.006498700259948011,0.023295340931813638,0.008598280343931213,0.006498700259948011,0.02499500099980004,0.043591281743651275,0.008198360327934412,0.005198960207958409,0.008198360327934412,0.02269546090781844,0.01799640071985603,0.005698860227954409,0.010897820435912819,0.009398120375924815,0.015196960607878425,0.00609878024395121,0.006598680263947211,0.014897020595880824,0.009998000399920017,0.007498500299940012,0.010297940411917617,0.008498300339932013,0.007198560287942412,0.009898020395920816,0.007498500299940012,0.015896820635872826,0.006998600279944011,0.00619876024795041,0.008398320335932814,0.00609878024395121,0.010597880423915218,0.020695860827834433,0.008598280343931213,0.004599080183963208
2024-01-03,2.4015723961576885e-05,0.015340338025899763,0.018166189767512893,0.01910814034805058,3.268806872547969e-05,0.007266475907005157,0.015340338025899763,3.535648249898819e-05,0.009688634542673541,5.90386547388765e-05,7.304782704979651e-05,0.05234553940416677,2.2347965353134078e-05,0.5558854068858944,0.010496020754563002,0.013187308127527868,0.008746683962135834,0.03135349789504075,2.868544806521685e-05,2.1680861909756944e-05,0.0336410921620609,0.05867006473063422,0.01103427822915597,1.734468952780551e-05,0.01103427822915597,7.571624082330492e-05,6.0039309903942276e-05,0.007670169012949881,3.635713766405392e-05,3.1353861838725436e-05,0.020453784034533032,0.008208426487542862,2.201441363144549e-05,4.96992065315967e-05,3.335517216885683e-05,2.5016379126642606e-05,3.435582733392253e-05,2.83518963435283e-05,2.4015723961576885e-05,0.013321872496176118,0.01009232764861827,0.021395734615070737,0.00941950580537705,2.068020674469121e-05,0.011303406966452463,0.008208426487542862,3.535648249898819e-05,6.904520638953365e-05,0.011572535703748946,0.006189960957819207
2024-01-04,2.4015723961576885e-05,0.015340338025899763,0.018166189767512893,0.01910814034805058,3.268806872547969e-05,0.007266475907005157,0.015340338025899763,3.535648249898819e-05,0.009688634542673541,5.90386547388765e-05,7.304782704979651e-05,0.05234553940416677,2.2347965353134078e-05,0.5558854068858944,0.010496020754563002,0.013187308127527868,0.008746683962135834,0.03135349789504075,2.868544806521685e-05,2.1680861909756944e-05,0.0336410921620609,0.05867006473063422,0.01103427822915597,1.734468952780551e-05,0.01103427822915597,7.571624082330492e-05,6.0039309903942276e-05,0.007670169012949881,3.635713766405392e-05,3.1353861838725436e-05,0.020453784034533032,0.008208426487542862,2.201441363144549e-05,4.96992065315967e-05,3.335517216885683e-05,2.5016379126642606e-05,3.435582733392253e-05,2.83518963435283e-05,2.4015723961576885e-05,0.013321872496176118,0.01009232764861827,0.021395734615070737,0.00941950580537705,2.068020674469121e-05,0.011303406966452463,0.008208426487542862,3.535648249898819e-05,6.904520638953365e-05,0.011572535703748946,0.006189960957819207
2024-01-05,2.4015723961576885e-05,0.015340338025899763,0.018166189767512893,0.01910814034805058,3.268806872547969e-05,0.007266475907005157,0.015340338025899763,3.535648249898819e-05,0.009688634542673541,5.90386547388765e-05,7.304782704979651e-05,0.05234553940416677,2.2347965353134078e-05,0.5558854068858944,0.010496020754563002,0.013187308127527868,0.008746683962135834,0.03135349789504075,2.868544806521685e-05,2.1680861909756944e-05,0.0336410921620609,0.05867006473063422,0.01103427822915597,1.734468952780551e-05,0.01103427822915597,7.571624082330492e-05,6.0039309903942276e-05,0.007670169012949881,3.635713766405392e-05,3.1353861838725436e-05,0.020453784034533032,0.008208426487542862,2.201441363144549e-05,4.96992065315967e-05,3.335517216885683e-05,2.5016379126642606e-05,3.435582733392253e-05,2.83518963435283e-05,2.4015723961576885e-05,0.013321872496176118,0.01009232764861827,0.021395734615070737,0.00941950580537705,2.068020674469121e-05,0.011303406966452463,0.008208426487542862,3.535648249898819e-05,6.904520638953365e-05,0.011572535703748946,0.006189960957819207
2024-01-08,2.4015723961576885e-05,0.015340338025899763,0.018166189767512893,0.01910814034805058,3.268806872547969e-05,0.007266475907005157,0.015340338025899763,3.535648249898819e-05,0.009688634542673541,5.90386547388765e-05,7.304782704979651e-05,0.05234553940416677,2.2347965353134078e-05,0.5558854068858944,0.010496020754563002,0.013187308127527868,0.008746683962135834,0.03135349789504075,2.868544806521685e-05,2.1680861909756944e-05,0.0336410921620609,0.05867006473063422,0.01103427822915597,1.734468952780551e-05,0.01103427822915597,7.571624082330492e-05,6.0039309903942276e-05,0.007670169012949881,3.635713766405392e-05,3.1353861838725436e-05,0.020453784034533032,0.008208426487542862,2.201441363144549e-05,4.96992065315967e-05,3.335517216885683e-05,2.5016379126642606e-05,3.435582733392253e-05,2.83518963435283e-05,2.4015723961576885e-05,0.013321872496176118,0.01009232764861827,0.021395734615070737,0.00941950580537705,2.068020674469121e-05,0.011303406966452463,0.008208426487542862,3.535648249898819e-05,6.904520638953365e-05,0.011572535703748946,0.006189960957819207
2024-01-09,2.4015723961576885e-05,0.015340338025899763,0.018166189767512893,0.01910814034805058,3.268806872547969e-05,0.007266475907005157,0.015340338025899763,3.535648249898819e-05,0.009688634542673541,5.90386547388765e-05,7.304782704979651e-05,0.05234553940416677,2.2347965353134078e-05,0.5558854068858944,0.010496020754563002,0.013187308127527868,0.008746683962135834,0.03135349789504075,2.868544806521685e-05,2.1680861909756944e-05,0.0336410921620609,0.05867006473063422,0.01103427822915597,1.734468952780551e-05,0.01103427822915597,7.571624082330492e-05,6.0039309903942276e-05,0.007670169012949881,3.635713766405392e-05,3.1353861838725436e-05,0.020453784034533032,0.008208426487542862,2.201441363144549e-05,4.96992065315967e-05,3.335517216885683e-05,2.5016379126642606e-05,3.435582733392253e-05,2.83518963435283e-05,2.4015723961576885e-05,0.013321872496176118,0.01009232764861827,0.021395734615070737,0.00941950580537705,2.068020674469121e-05,0.011303406966452463,0.008208426487542862,3.535648249898819e-05,6.904520638953365e-05,0.011572535703748946,0.006189960957819207
2024-01-10,2.4015723961576885e-05,0.015340338025899763,0.018166189767512893,0.01910814034805058,3.268806872547969e-05,0.007266475907005157,0.015340338025899763,3.535648249898819e-05,0.009688634542673541,5.90386547388765e-05,7.304782704979651e-05,0.05234553940416677,2.2347965353134078e-05,0.5558854068858944,0.010496020754563002,0.013187308127527868,0.008746683962135834,0.03135349789504075,2.868544806521685e-05,2.1680861909756944e-05,0.0336410921620609,0.05867006473063422,0.01103427822915597,1.734468952780551e-05,0.01103427822915597,7.571624082330492e-05,6.0039309903942276e-05,0.007670169012949881,3.635713766405392e-05,3.1353861838725436e-05,0.020453784034533032,0.008208426487542862,2.201441363144549e-05,4.96992065315967e-05,3.335517216885683e-05,2.5016379126642606e-05,3.435582733392253e-05,2.83518963435283e-05,2.4015723961576885e-05,0.013321872496176118,0.01009232764861827,0.021395734615070737,0.00941950580537705,2.068020674469121e-05,0.011303406966452463,0.008208426487542862,3.535648249898819e-05,6.904520638953365e-05,0.011572535703748946,0.006189960957819207
2024-01-11,2.4015723961576885e-05,0.015340338025899763,0.018166189767512893,0.01910814034805058,3.268806872547969e-05,0.007266475907005157,0.015340338025899763,3.535648249898819e-05,0.009688634542673541,5.90386547388765e-05,7.304782704979651e-05,0.05234553940416677,2.2347965353134078e-05,0.5558854068858944,0.010496020754563002,0.013187308127527868,0.008746683962135834,0.03135349789504075,2.868544806521685e-05,2.1680861909756944e-05,0.0336410921620609,0.05867006473063422,0.01103427822915597,1.734468952780551e-05,0.01103427822915597,7.571624082330492e-05,6.0039309903942276e-05,0.007670169012949881,3.635713766405392e-05,3.1353861838725436e-05,0.020453784034533032,0.008208426487542862,2.201441363144549e-05,4.96992065315967e-05,3.335517216885683e-05,2.5016379126642606e-05,3.435582733392253e-05,2.83518963435283e-05,2.4015723961576885e-05,0.013321872496176118,0.01009232764861827,0.021395734615070737,0.00941950580537705,2.068020674469121e-05,0.011303406966452463,0.008208426487542862,3.535648249898819e-05,6.904520638953365e-05,0.011572535703748946,0.006189960957819207
2024-01-12,2.4015723961576885e-05,0.015340338025899763,0.018166189767512893,0.01910814034805058,3.268806872547969e-05,0.007266475907005157,0.015340338025899763,3.535648249898819e-05,0.009688634542673541,5.90386547388765e-05,7.304782704979651e-05,0.05234553940416677,2.2347965353134078e-05,0.5558854068858944,0.010496020754563002,0.013187308127527868,0.008746683962135834,0.03135349789504075,2.868544806521685e-05,2.1680861909756944e-05,0.0336410921620609,0.05867006473063422,0.01103427822915597,1.734468952780551e-05,0.01103427822915597,7.571624082330492e-05,6.0039309903942276e-05,0.007670169012949881,3.635713766405392e-05,3.1353861838725436e-05,0.020453784034533032,0.008208426487542862,2.201441363144549e-05,4.96992065315967e-05,3.335517216885683e-05,2.5016379126642606e-05,3.435582733392253e-05,2.83518963435283e-05,2.4015723961576885e-05,0.013321872496176118,0.01009232764861827,0.021395734615070737,0.00941950580537705,2.068020674469121e-05,0.011303406966452463,0.008208426487542862,3.535648249898819e-05,6.904520638953365e-05,0.011572535703748946,0.006189960957819207
2024-01-15,2.4015723961576885e-05,0.015340338025899763,0.018166189767512893,0.01910814034805058,3.268806872547969e-05,0.007266475907005157,0.015340338025899763,3.535648249898819e-05,0.009688634542673541,5.90386547388765e-05,7.304782704979651e-05,0.05234553940416677,2.2347965353134078e-05,0.5558854068858944,0.010496020754563002,0.013187308127527868,0.008746683962135834,0.03135349789504075,2.868544806521685e-05,2.1680861909756944e-05,0.0336410921620609,0.05867006473063422,0.01103427822915597,1.734468952780551e-05,0.01103427822915597,7.571624082330492e-05,6.0039309903942276e-05,0.007670169012949881,3.635713766405392e-05,3.1353861838725436e-05,0.020453784034533032,0.008208426487542862,2.201441363144549e-05,4.96992065315967e-05,3.335517216885683e-05,2.5016379126642606e-05,3.435582733392253e-05,2.83518963435283e-05,2.4015723961576885e-05,0.013321872496176118,0.01009232764861827,0.021395734615070737,0.00941950580537705,2.068020674469121e-05,0.011303406966452463,0.008208426487542862,3.535648249898819e-05,6.904520638953365e-05,0.011572535703748946,0.006189960957819207
2024-01-16,2.4015723961576885e-05,0.015340338025899763,0.018166189767512893,0.01910814034805058,3.268806872547969e-05,0.007266475907005157,0.015340338025899763,3.535648249898819e-05,0.009688634542673541,5.90386547388765e-05,7.304782704979651e-05,0.05234553940416677,2.2347965353134078e-05,0.5558854068858944,0.010496020754563002,0.013187308127527868,0.008746683962135834,0.03135349789504075,2.868544806521685e-05,2.1680861909756944e-05,0.0336410921620609,0.05867006473063422,0.01103427822915597,1.734468952780551e-05,0.01103427822915597,7.571624082330492e-05,6.0039309903942276e-05,0.007670169012949881,3.635713766405392e-05,3.1353861838725436e-05,0.020453784034533032,0.008208426487542862,2.201441363144549e-05,4.96992065315967e-05,3.335517216885683e-05,2.5016379126642606e-05,3.435582733392253e-05,2.83518963435283e-05,2.4015723961576885e-05,0.013321872496176118,0.01009232764861827,0.021395734615070737,0.00941950580537705,2.068020674469121e-05,0.011303406966452463,0.008208426487542862,3.535648249898819e-05,6.904520638953365e-05,0.011572535703748946,0.006189960957819207
2024-01-17,2.4015723961576885e-05,0.015340338025899763,0.018166189767512893,0.01910814034805058,3.268806872547969e-05,0.007266475907005157,0.015340338025899763,3.535648249898819e-05,0.009688634542673541,5.90386547388765e-05,7.304782704979651e-05,0.05234553940416677,2.2347965353134078e-05,0.5558854068858944,0.010496020754563002,0.013187308127527868,0.008746683962135834,0.03135349789504075,2.868544806521685e-05,2.1680861909756944e-05,0.0336410921620609,0.05867006473063422,0.01103427822915597,1.734468952780551e-05,0.01103427822915597,7.571624082330492e-05,6.0039309903942276e-05,0.007670169012949881,3.635713766405392e-05,3.1353861838725436e-05,0.020453784034533032,0.008208426487542862,2.201441363144549e-05,4.96992065315967e-05,3.335517216885683e-05,2.5016379126642606e-05,3.435582733392253e-05,2.83518963435283e-05,2.4015723961576885e-05,0.013321872496176118,0.01009232764861827,0.021395734615070737,0.00941950580537705,2.068020674469121e-05,0.011303406966452463,0.008208426487542862,3.535648249898819e-05,6.904520638953365e-05,0.011572535703748946,0.006189960957819207
2024-01-18,2.4015723961576885e-05,0.015340338025899763,0.018166189767512893,0.01910814034805058,3.268806872547969e-05,0.007266475907005157,0.015340338025899763,3.535648249898819e-05,0.009688634542673541,5.90386547388765e-05,7.304782704979651e-05,0.05234553940416677,2.2347965353134078e-05,0.5558854068858944,0.010496020754563002,0.013187308127527868,0.008746683962135834,0.03135349789504075,2.868544806521685e-05,2.1680861909756944e-05,0.0336410921620609,0.05867006473063422,0.01103427822915597,1.734468952780551e-05,0.01103427822915597,7.571624082330492e-05,6.0039309903942276e-05,0.007670169012949881,3.635713766405392e-05,3.1353861838725436e-05,0.020453784034533032,0.008208426487542862,2.201441363144549e-05,4.96992065315967e-05,3.335517216885683e-05,2.5016379126642606e-05,3.435582733392253e-05,2.83518963435283e-05,2.4015723961576885e-05,0.013321872496176118,0.01009232764861827,0.021395734615070737,0.00941950580537705,2.068020674469121e-05,0.011303406966452463,0.008208426487542862,3.535648249898819e-05,6.904520638953365e-05,0.011572535703748946,0.006189960957819207
2024-01-19,2.4015723961576885e-05,0.015340338025899763,0.018166189767512893,0.01910814034805058,3.268806872547969e-05,0.007266475907005157,0.015340338025899763,3.535648249898819e-05,0.009688634542673541,5.90386547388765e-05,7.304782704979651e-05,0.05234553940416677,2.2347965353134078e-05,0.5558854068858944,0.010496020754563002,0.013187308127527868,0.008746683962135834,0.03135349789504075,2.868544806521685e-05,2.1680861909756944e-05,0.0336410921620609,0.05867006473063422,0.01103427822915597,1.734468952780551e-05,0.01103427822915597,7.571624082330492e-05,6.0039309903942276e-05,0.007670169012949881,3.635713766405392e-05,3.1353861838725436e-05,0.020453784034533032,0.008208426487542862,2.201441363144549e-05,4.96992065315967e-05,3.335517216885683e-05,2.5016379126642606e-05,3.435582733392253e-05,2.83518963435283e-05,2.4015723961576885e-05,0.013321872496176118,0.01009232764861827,0.021395734615070737,0.00941950580537705,2.068020674469121e-05,0.011303406966452463,0.008208426487542862,3.535648249898819e-05,6.904520638953365e-05,0.011572535703748946,0.006189960957819207
2024-01-22,2.4015723961576885e-05,0.015340338025899763,0.018166189767512893,0.01910814034805058,3.268806872547969e-05,0.007266475907005157,0.015340338025899763,3.535648249898819e-05,0.009688634542673541,5.90386547388765e-05,7.304782704979651e-05,0.05234553940416677,2.2347965353134078e-05,0.5558854068858944,0.010496020754563002,0.013187308127527868,0.008746683962135834,0.03135349789504075,2.868544806521685e-05,2.1680861909756944e-05,0.0336410921620609,0.05867006473063422,0.01103427822915597,1.734468952780551e-05,0.01103427822915597,7.571624082330492e-05,6.0039309903942276e-05,0.007670169012949881,3.635713766405392e-05,3.1353861838725436e-05,0.020453784034533032,0.008208426487542862,2.201441363144549e-05,4.96992065315967e-05,3.335517216885683e-05,2.5016379126642606e-05,3.435582733392253e-05,2.83518963435283e-05,2.4015723961576885e-05,0.013321872496176118,0.01009232764861827,0.021395734615070737,0.00941950580537705,2.068020674469121e-05,0.011303406966452463,0.008208426487542862,3.535648249898819e-05,6.904520638953365e-05,0.011572535703748946,0.006189960957819207
2024-01-23,2.4015723961576885e-05,0.015340338025899763,0.018166189767512893,0.01910814034805058,3.268806872547969e-05,0.007266475907005157,0.015340338025899763,3.535648249898819e-05,0.009688634542673541,5.90386547388765e-05,7.304782704979651e-05,0.05234553940416677,2.2347965353134078e-05,0.5558854068858944,0.010496020754563002,0.013187308127527868,0.008746683962135834,0.03135349789504075,2.868544806521685e-05,2.1680861909756944e-05,0.0336410921620609,0.05867006473063422,0.01103427822915597,1.734468952780551e-05,0.01103427822915597,7.571624082330492e-05,6.0039309903942276e-05,0.007670169012949881,3.635713766405392e-05,3.1353861838725436e-05,0.020453784034533032,0.008208426487542862,2.201441363144549e-05,4.96992065315967e-05,3.335517216885683e-05,2.5016379126642606e-05,3.435582733392253e-05,2.83518963435283e-05,2.4015723961576885e-05,0.013321872496176118,0.01009232764861827,0.021395734615070737,0.00941950580537705,2.068020674469121e-05,0.011303406966452463,0.008208426487542862,3.535648249898819e-05,6.904520638953365e-05,0.011572535703748946,0.006189960957819207
2024-01-24,2.4015723961576885e-05,0.015340338025899763,0.018166189767512893,0.01910814034805058,3.268806872547969e-05,0.007266475907005157,0.015340338025899763,3.535648249898819e-05,0.009688634542673541,5.90386547388765e-05,7.304782704979651e-05,0.05234553940416677,2.2347965353134078e-05,0.5558854068858944,0.010496020754563002,0.013187308127527868,0.008746683962135834,0.03135349789504075,2.868544806521685e-05,2.1680861909756944e-05,0.0336410921620609,0.05867006473063422,0.01103427822915597,1.734468952780551e-05,0.01103427822915597,7.571624082330492e-05,6.0039309903942276e-05,0.007670169012949881,3.635713766405392e-05,3.1353861838725436e-05,0.020453784034533032,0.008208426487542862,2.201441363144549e-05,4.96992065315967e-05,3.335517216885683e-05,2.5016379126642606e-05,3.435582733392253e-05,2.83518963435283e-05,2.4015723961576885e-05,0.013321872496176118,0.01009232764861827,0.021395734615070737,0.00941950580537705,2.068020674469121e-05,0.011303406966452463,0.008208426487542862,3.535648249898819e-05,6.904520638953365e-05,0.011572535703748946,0.006189960957819207
2024-01-25,2.4015723961576885e-05,0.015340338025899763,0.018166189767512893,0.01910814034805058,3.268806872547969e-05,0.007266475907005157,0.015340338025899763,3.535648249898819e-05,0.009688634542673541,5.90386547388765e-05,7.304782704979651e-05,0.05234553940416677,2.2347965353134078e-05,0.5558854068858944,0.010496020754563002,0.013187308127527868,0.008746683962135834,0.03135349789504075,2.868544806521685e-05,2.1680861909756944e-05,0.0336410921620609,0.05867006473063422,0.01103427822915597,1.734468952780551e-05,0.01103427822915597,7.571624082330492e-05,6.0039309903942276e-05,0.007670169012949881,3.635713766405392e-05,3.1353861838725436e-05,0.020453784034533032,0.008208426487542862,2.201441363144549e-05,4.96992065315967e-05,3.335517216885683e-05,2.5016379126642606e-05,3.435582733392253e-05,2.83518963435283e-05,2.4015723961576885e-05,0.013321872496176118,0.01009232764861827,0.021395734615070737,0.00941950580537705,2.068020674469121e-05,0.011303406966452463,0.008208426487542862,3.535648249898819e-05,6.904520638953365e-05,0.011572535703748946,0.006189960957819207
2024-01-26,2.4015723961576885e-05,0.015340338025899763,0.018166189767512893,0.01910814034805058,3.268806872547969e-05,0.007266475907005157,0.015340338025899763,3.535648249898819e-05,0.009688634542673541,5.90386547388765e-05,7.304782704979651e-05,0.05234553940416677,2.2347965353134078e-05,0.5558854068858944,0.010496020754563002,0.013187308127527868,0.008746683962135834,0.03135349789504075,2.868544806521685e-05,2.1680861909756944e-05,0.0336410921620609,0.05867006473063422,0.01103427822915597,1.734468952780551e-05,0.01103427822915597,7.571624082330492e-05,6.0039309903942276e-05,0.007670169012949881,3.635713766405392e-05,3.1353861838725436e-05,0.020453784034533032,0.008208426487542862,2.201441363144549e-05,4.96992065315967e-05,3.335517216885683e-05,2.5016379126642606e-05,3.435582733392253e-05,2.83518963435283e-05,2.4015723961576885e-05,0.013321872496176118,0.01009232764861827,0.021395734615070737,0.00941950580537705,2.068020674469121e-05,0.011303406966452463,0.008208426487542862,3.535648249898819e-05,6.904520638953365e-05,0.011572535703748946,0.006189960957819207
2024-01-29,2.4015723961576885e-05,0.015340338025899763,0.018166189767512893,0.01910814034805058,3.268806872547969e-05,0.007266475907005157,0.015340338025899763,3.535648249898819e-05,0.009688634542673541,5.90386547388765e-05,7.304782704979651e-05,0.05234553940416677,2.2347965353134078e-05,0.5558854068858944,0.010496020754563002,0.013187308127527868,0.008746683962135834,0.03135349789504075,2.868544806521685e-05,2.1680861909756944e-05,0.0336410921620609,0.05867006473063422,0.01103427822915597,1.734468952780551e-05,0.01103427822915597,7.571624082330492e-05,6.0039309903942276e-05,0.007670169012949881,3.635713766405392e-05,3.1353861838725436e-05,0.020453784034533032,0.008208426487542862,2.201441363144549e-05,4.96992065315967e-05,3.335517216885683e-05,2.5016379126642606e-05,3.435582733392253e-05,2.83518963435283e-05,2.4015723961576885e-05,0.013321872496176118,0.01009232764861827,0.021395734615070737,0.00941950580537705,2.068020674469121e-05,0.011303406966452463,0.008208426487542862,3.535648249898819e-05,6.904520638953365e-05,0.011572535703748946,0.006189960957819207
2024-01-30,2.4015723961576885e-05,0.015340338025899763,0.018166189767512893,0.01910814034805058,3.268806872547969e-05,0.007266475907005157,0.015340338025899763,3.535648249898819e-05,0.009688634542673541,5.90386547388765e-05,7.304782704979651e-05,0.05234553940416677,2.2347965353134078e-05,0.5558854068858944,0.010496020754563002,0.013187308127527868,0.008746683962135834,0.03135349789504075,2.868544806521685e-05,2.1680861909756944e-05,0.0336410921620609,0.05867006473063422,0.01103427822915597,1.734468952780551e-05,0.01103427822915597,7.571624082330492e-05,6.0039309903942276e-05,0.007670169012949881,3.635713766405392e-05,3.1353861838725436e-05,0.020453784034533032,0.008208426487542862,2.201441363144549e-05,4.96992065315967e-05,3.335517216885683e-05,2.5016379126642606e-05,3.435582733392253e-05,2.83518963435283e-05,2.4015723961576885e-05,0.013321872496176118,0.01009232764861827,0.021395734615070737,0.00941950580537705,2.068020674469121e-05,0.011303406966452463,0.008208426487542862,3.535648249898819e-05,6.904520638953365e-05,0.011572535703748946,0.006189960957819207
2024-01-31,2.4015723961576885e-05,0.015340338025899763,0.018166189767512893,0.01910814034805058,3.268806872547969e-05,0.007266475907005157,0.015340338025899763,3.535648249898819e-05,0.009688634542673541,5.90386547388765e-05,7.304782704979651e-05,0.05234553940416677,2.2347965353134078e-05,0.5558854068858944,0.010496020754563002,0.013187308127527868,0.008746683962135834,0.03135349789504075,2.868544806521685e-05,2.1680861909756944e-05,0.0336410921620609,0.05867006473063422,0.01103427822915597,1.734468952780551e-05,0.01103427822915597,7.571624082330492e-05,6.0039309903942276e-05,0.007670169012949881,3.635713766405392e-05,3.1353861838725436e-05,0.020453784034533032,0.008208426487542862,2.201441363144549e-05,4.96992065315967e-05,3.335517216885683e-05,2.5016379126642606e-05,3.435582733392253e-05,2.83518963435283e-05,2.4015723961576885e-05,0.013321872496176118,0.01009232764861827,0.021395734615070737,0.00941950580537705,2.068020674469121e-05,0.011303406966452463,0.008208426487542862,3.535648249898819e-05,6.904520638953365e-05,0.011572535703748946,0.006189960957819207
2024-02-01,2.4015723961576885e-05,0.015340338025899763,0.018166189767512893,0.01910814034805058,3.268806872547969e-05,0.007266475907005157,0.015340338025899763,3.535648249898819e-05,0.009688634542673541,5.90386547388765e-05,7.304782704979651e-05,0.05234553940416677,2.2347965353134078e-05,0.5558854068858944,0.010496020754563002,0.013187308127527868,0.008746683962135834,0.03135349789504075,2.868544806521685e-05,2.1680861909756944e-05,0.0336410921620609,0.05867006473063422,0.01103427822915597,1.734468952780551e-05,0.01103427822915597,7.571624082330492e-05,6.0039309903942276e-05,0.007670169012949881,3.635713766405392e-05,3.1353861838725436e-05,0.020453784034533032,0.008208426487542862,2.201441363144549e-05,4.96992065315967e-05,3.335517216885683e-05,2.5016379126642606e-05,3.435582733392253e-05,2.83518963435283e-05,2.4015723961576885e-05,0.013321872496176118,0.01009232764861827,0.021395734615070737,0.00941950580537705,2.068020674469121e-05,0.011303406966452463,0.008208426487542862,3.535648249898819e-05,6.904520638953365e-05,0.011572535703748946,0.006189960957819207
2024-02-02,2.4015723961576885e-05,0.015340338025899763,0.018166189767512893,0.01910814034805058,3.268806872547969e-05,0.007266475907005157,0.015340338025899763,3.535648249898819e-05,0.009688634542673541,5.90386547388765e-05,7.304782704979651e-05,0.05234553940416677,2.2347965353134078e-05,0.5558854068858944,0.010496020754563002,0.013187308127527868,0.008746683962135834,0.03135349789504075,2.868544806521685e-05,2.1680861909756944e-05,0.0336410921620609,0.05867006473063422,0.01103427822915597,1.734468952780551e-05,0.01103427822915597,7.571624082330492e-05,6.0039309903942276e-05,0.007670169012949881,3.635713766405392e-05,3.1353861838725436e-05,0.020453784034533032,0.008208426487542862,2.201441363144549e-05,4.96992065315967e-05,3.335517216885683e-05,2.5016379126642606e-05,3.435582733392253e-05,2.83518963435283e-05,2.4015723961576885e-05,0.013321872496176118,0.01009232764861827,0.021395734615070737,0.00941950580537705,2.068020674469121e-05,0.011303406966452463,0.008208426487542862,3.535648249898819e-05,6.904520638953365e-05,0.011572535703748946,0.006189960957819207
2024-02-05,2.4015723961576885e-05,0.015340338025899763,0.018166189767512893,0.01910814034805058,3.268806872547969e-05,0.007266475907005157,0.015340338025899763,3.535648249898819e-05,0.009688634542673541,5.90386547388765e-05,7.304782704979651e-05,0.05234553940416677,2.2347965353134078e-05,0.5558854068858944,0.010496020754563002,0.013187308127527868,0.008746683962135834,0.03135349789504075,2.868544806521685e-05,2.1680861909756944e-05,0.0336410921620609,0.05867006473063422,0.01103427822915597,1.734468952780551e-05,0.01103427822915597,7.571624082330492e-05,6.0039309903942276e-05,0.007670169012949881,3.635713766405392e-05,3.1353861838725436e-05,0.020453784034533032,0.008208426487542862,2.201441363144549e-05,4.96992065315967e-05,3.335517216885683e-05,2.5016379126642606e-05,3.435582733392253e-05,2.83518963435283e-05,2.4015723961576885e-05,0.013321872496176118,0.01009232764861827,0.021395734615070737,0.00941950580537705,2.068020674469121e-05,0.011303406966452463,0.008208426487542862,3.535648249898819e-05,6.904520638953365e-05,0.011572535703748946,0.006189960957819207
2024-02-15,2.4015723961576885e-05,0.015340338025899763,0.018166189767512893,0.01910814034805058,3.268806872547969e-05,0.007266475907005157,0.015340338025899763,3.535648249898819e-05,0.009688634542673541,5.90386547388765e-05,7.304782704979651e-05,0.05234553940416677,2.2347965353134078e-05,0.5558854068858944,0.010496020754563002,0.013187308127527868,0.008746683962135834,0.03135349789504075,2.868544806521685e-05,2.1680861909756944e-05,0.0336410921620609,0.05867006473063422,0.01103427822915597,1.734468952780551e-05,0.01103427822915597,7.571624082330492e-05,6.0039309903942276e-05,0.007670169012949881,3.635713766405392e-05,3.1353861838725436e-05,0.020453784034533032,0.008208426487542862,2.201441363144549e-05,4.96992065315967e-05,3.335517216885683e-05,2.5016379126642606e-05,3.435582733392253e-05,2.83518963435283e-05,2.4015723961576885e-05,0.013321872496176118,0.01009232764861827,0.021395734615070737,0.00941950580537705,2.068020674469121e-05,0.011303406966452463,0.008208426487542862,3.535648249898819e-05,6.904520638953365e-05,0.011572535703748946,0.006189960957819207
2024-02-16,2.4015723961576885e-05,0.015340338025899763,0.018166189767512893,0.01910814034805058,3.268806872547969e-05,0.007266475907005157,0.015340338025899763,3.535648249898819e-05,0.009688634542673541,5.90386547388765e-05,7.304782704979651e-05,0.05234553940416677,2.2347965353134078e-05,0.5558854068858944,0.010496020754563002,0.013187308127527868,0.008746683962135834,0.03135349789504075,2.868544806521685e-05,2.1680861909756944e-05,0.0336410921620609,0.05867006473063422,0.01103427822915597,1.734468952780551e-05,0.01103427822915597,7.571624082330492e-05,6.0039309903942276e-05,0.007670169012949881,3.635713766405392e-05,3.1353861838725436e-05,0.020453784034533032,0.008208426487542862,2.201441363144549e-05,4.96992065315967e-05,3.335517216885683e-05,2.5016379126642606e-05,3.435582733392253e-05,2.83518963435283e-05,2.4015723961576885e-05,0.013321872496176118,0.01009232764861827,0.021395734615070737,0.00941950580537705,2.068020674469121e-05,0.011303406966452463,0.008208426487542862,3.535648249898819e-05,6.904520638953365e-05,0.011572535703748946,0.006189960957819207
2024-02-19,2.4015723961576885e-05,0.015340338025899763,0.018166189767512893,0.01910814034805058,3.268806872547969e-05,0.007266475907005157,0.015340338025899763,3.535648249898819e-05,0.009688634542673541,5.90386547388765e-05,7.304782704979651e-05,0.05234553940416677,2.2347965353134078e-05,0.5558854068858944,0.010496020754563002,0.013187308127527868,0.008746683962135834,0.03135349789504075,2.868544806521685e-05,2.1680861909756944e-05,0.0336410921620609,0.05867006473063422,0.01103427822915597,1.734468952780551e-05,0.01103427822915597,7.571624082330492e-05,6.0039309903942276e-05,0.007670169012949881,3.635713766405392e-05,3.1353861838725436e-05,0.020453784034533032,0.008208426487542862,2.201441363144549e-05,4.96992065315967e-05,3.335517216885683e-05,2.5016379126642606e-05,3.435582733392253e-05,2.83518963435283e-05,2.4015723961576885e-05,0.013321872496176118,0.01009232764861827,0.021395734615070737,0.00941950580537705,2.068020674469121e-05,0.011303406966452463,0.008208426487542862,3.535648249898819e-05,6.904520638953365e-05,0.011572535703748946,0.006189960957819207
2024-02-20,2.4015723961576885e-05,0.015340338025899763,0.018166189767512893,0.01910814034805058,3.268806872547969e-05,0.007266475907005157,0.015340338025899763,3.535648249898819e-05,0.009688634542673541,5.90386547388765e-05,7.304782704979651e-05,0.05234553940416677,2.2347965353134078e-05,0.5558854068858944,0.010496020754563002,0.013187308127527868,0.008746683962135834,0.03135349789504075,2.868544806521685e-05,2.1680861909756944e-05,0.0336410921620609,0.05867006473063422,0.01103427822915597,1.734468952780551e-05,0.01103427822915597,7.571624082330492e-05,6.0039309903942276e-05,0.007670169012949881,3.635713766405392e-05,3.1353861838725436e-05,0.020453784034533032,0.008208426487542862,2.201441363144549e-05,4.96992065315967e-05,3.335517216885683e-05,2.5016379126642606e-05,3.435582733392253e-05,2.83518963435283e-05,2.4015723961576885e-05,0.013321872496176118,0.01009232764861827,0.021395734615070737,0.00941950580537705,2.068020674469121e-05,0.011303406966452463,0.008208426487542862,3.535648249898819e-05,6.904520638953365e-05,0.011572535703748946,0.006189960957819207
2024-02-21,2.4015723961576885e-05,0.015340338025899763,0.018166189767512893,0.01910814034805058,3.268806872547969e-05,0.007266475907005157,0.015340338025899763,3.535648249898819e-05,0.009688634542673541,5.90386547388765e-05,7.304782704979651e-05,0.05234553940416677,2.2347965353134078e-05,0.5558854068858944,0.010496020754563002,0.013187308127527868,0.008746683962135834,0.03135349789504075,2.868544806521685e-05,2.1680861909756944e-05,0.0336410921620609,0.05867006473063422,0.01103427822915597,1.734468952780551e-05,0.01103427822915597,7.571624082330492e-05,6.0039309903942276e-05,0.007670169012949881,3.635713766405392e-05,3.1353861838725436e-05,0.020453784034533032,0.008208426487542862,2.201441363144549e-05,4.96992065315967e-05,3.335517216885683e-05,2.5016379126642606e-05,3.435582733392253e-05,2.83518963435283e-05,2.4015723961576885e-05,0.013321872496176118,0.01009232764861827,0.021395734615070737,0.00941950580537705,2.068020674469121e-05,0.011303406966452463,0.008208426487542862,3.535648249898819e-05,6.904520638953365e-05,0.011572535703748946,0.006189960957819207
2024-02-22,2.4015723961576885e-05,0.015340338025899763,0.018166189767512893,0.01910814034805058,3.268806872547969e-05,0.007266475907005157,0.015340338025899763,3.535648249898819e-05,0.009688634542673541,5.90386547388765e-05,7.304782704979651e-05,0.05234553940416677,2.2347965353134078e-05,0.5558854068858944,0.010496020754563002,0.013187308127527868,0.008746683962135834,0.03135349789504075,2.868544806521685e-05,2.1680861909756944e-05,0.0336410921620609,0.05867006473063422,0.01103427822915597,1.734468952780551e-05,0.01103427822915597,7.571624082330492e-05,6.0039309903942276e-05,0.007670169012949881,3.635713766405392e-05,3.1353861838725436e-05,0.020453784034533032,0.008208426487542862,2.201441363144549e-05,4.96992065315967e-05,3.335517216885683e-05,2.5016379126642606e-05,3.435582733392253e-05,2.83518963435283e-05,2.4015723961576885e-05,0.013321872496176118,0.01009232764861827,0.021395734615070737,0.00941950580537705,2.068020674469121e-05,0.011303406966452463,0.008208426487542862,3.535648249898819e-05,6.904520638953365e-05,0.011572535703748946,0.006189960957819207
2024-02-23,2.4015723961576885e-05,0.015340338025899763,0.018166189767512893,0.01910814034805058,3.268806872547969e-05,0.007266475907005157,0.015340338025899763,3.535648249898819e-05,0.009688634542673541,5.90386547388765e-05,7.304782704979651e-05,0.05234553940416677,2.2347965353134078e-05,0.5558854068858944,0.010496020754563002,0.013187308127527868,0.008746683962135834,0.03135349789504075,2.868544806521685e-05,2.1680861909756944e-05,0.0336410921620609,0.05867006473063422,0.01103427822915597,1.734468952780551e-05,0.01103427822915597,7.571624082330492e-05,6.0039309903942276e-05,0.007670169012949881,3.635713766405392e-05,3.1353861838725436e-05,0.020453784034533032,0.008208426487542862,2.201441363144549e-05,4.96992065315967e-05,3.335517216885683e-05,2.5016379126642606e-05,3.435582733392253e-05,2.83518963435283e-05,2.4015723961576885e-05,0.013321872496176118,0.01009232764861827,0.021395734615070737,0.00941950580537705,2.068020674469121e-05,0.011303406966452463,0.008208426487542862,3.535648249898819e-05,6.904520638953365e-05,0.011572535703748946,0.006189960957819207
2024-02-26,2.4015723961576885e-05,0.015340338025899763,0.018166189767512893,0.01910814034805058,3.268806872547969e-05,0.007266475907005157,0.015340338025899763,3.535648249898819e-05,0.009688634542673541,5.90386547388765e-05,7.304782704979651e-05,0.05234553940416677,2.2347965353134078e-05,0.5558854068858944,0.010496020754563002,0.013187308127527868,0.008746683962135834,0.03135349789504075,2.868544806521685e-05,2.1680861909756944e-05,0.0336410921620609,0.05867006473063422,0.01103427822915597,1.734468952780551e-05,0.01103427822915597,7.571624082330492e-05,6.0039309903942276e-05,0.007670169012949881,3.635713766405392e-05,3.1353861838725436e-05,0.020453784034533032,0.008208426487542862,2.201441363144549e-05,4.96992065315967e-05,3.335517216885683e-05,2.5016379126642606e-05,3.435582733392253e-05,2.83518963435283e-05,2.4015723961576885e-05,0.013321872496176118,0.01009232764861827,0.021395734615070737,0.00941950580537705,2.068020674469121e-05,0.011303406966452463,0.008208426487542862,3.535648249898819e-05,6.904520638953365e-05,0.011572535703748946,0.006189960957819207
2024-02-27,2.4015723961576885e-05,0.015340338025899763,0.018166189767512893,0.01910814034805058,3.268806872547969e-05,0.007266475907005157,0.015340338025899763,3.535648249898819e-05,0.009688634542673541,5.90386547388765e-05,7.304782704979651e-05,0.05234553940416677,2.2347965353134078e-05,0.5558854068858944,0.010496020754563002,0.013187308127527868,0.008746683962135834,0.03135349789504075,2.868544806521685e-05,2.1680861909756944e-05,0.0336410921620609,0.05867006473063422,0.01103427822915597,1.734468952780551e-05,0.01103427822915597,7.571624082330492e-05,6.0039309903942276e-05,0.007670169012949881,3.635713766405392e-05,3.1353861838725436e-05,0.020453784034533032,0.008208426487542862,2.201441363144549e-05,4.96992065315967e-05,3.335517216885683e-05,2.5016379126642606e-05,3.435582733392253e-05,2.83518963435283e-05,2.4015723961576885e-05,0.013321872496176118,0.01009232764861827,0.021395734615070737,0.00941950580537705,2.068020674469121e-05,0.011303406966452463,0.008208426487542862,3.535648249898819e-05,6.904520638953365e-05,0.011572535703748946,0.006189960957819207
2024-02-29,2.4015723961576885e-05,0.015340338025899763,0.018166189767512893,0.01910814034805058,3.268806872547969e-05,0.007266475907005157,0.015340338025899763,3.535648249898819e-05,0.009688634542673541,5.90386547388765e-05,7.304782704979651e-05,0.05234553940416677,2.2347965353134078e-05,0.5558854068858944,0.010496020754563002,0.013187308127527868,0.008746683962135834,0.03135349789504075,2.868544806521685e-05,2.1680861909756944e-05,0.0336410921620609,0.05867006473063422,0.01103427822915597,1.734468952780551e-05,0.01103427822915597,7.571624082330492e-05,6.0039309903942276e-05,0.007670169012949881,3.635713766405392e-05,3.1353861838725436e-05,0.020453784034533032,0.008208426487542862,2.201441363144549e-05,4.96992065315967e-05,3.335517216885683e-05,2.5016379126642606e-05,3.435582733392253e-05,2.83518963435283e-05,2.4015723961576885e-05,0.013321872496176118,0.01009232764861827,0.021395734615070737,0.00941950580537705,2.068020674469121e-05,0.011303406966452463,0.008208426487542862,3.535648249898819e-05,6.904520638953365e-05,0.011572535703748946,0.006189960957819207
2024-03-01,2.4015723961576885e-05,0.015340338025899763,0.018166189767512893,0.01910814034805058,3.268806872547969e-05,0.007266475907005157,0.015340338025899763,3.535648249898819e-05,0.009688634542673541,5.90386547388765e-05,7.304782704979651e-05,0.05234553940416677,2.2347965353134078e-05,0.5558854068858944,0.010496020754563002,0.013187308127527868,0.008746683962135834,0.03135349789504075,2.868544806521685e-05,2.1680861909756944e-05,0.0336410921620609,0.05867006473063422,0.01103427822915597,1.734468952780551e-05,0.01103427822915597,7.571624082330492e-05,6.0039309903942276e-05,0.007670169012949881,3.635713766405392e-05,3.1353861838725436e-05,0.020453784034533032,0.008208426487542862,2.201441363144549e-05,4.96992065315967e-05,3.335517216885683e-05,2.5016379126642606e-05,3.435582733392253e-05,2.83518963435283e-05,2.4015723961576885e-05,0.013321872496176118,0.01009232764861827,0.021395734615070737,0.00941950580537705,2.068020674469121e-05,0.011303406966452463,0.008208426487542862,3.535648249898819e-05,6.904520638953365e-05,0.011572535703748946,0.006189960957819207
2024-03-04,2.4015723961576885e-05,0.015340338025899763,0.018166189767512893,0.01910814034805058,3.268806872547969e-05,0.007266475907005157,0.015340338025899763,3.535648249898819e-05,0.009688634542673541,5.90386547388765e-05,7.304782704979651e-05,0.05234553940416677,2.2347965353134078e-05,0.5558854068858944,0.010496020754563002,0.013187308127527868,0.008746683962135834,0.03135349789504075,2.868544806521685e-05,2.1680861909756944e-05,0.0336410921620609,0.05867006473063422,0.01103427822915597,1.734468952780551e-05,0.01103427822915597,7.571624082330492e-05,6.0039309903942276e-05,0.007670169012949881,3.635713766405392e-05,3.1353861838725436e-05,0.020453784034533032,0.008208426487542862,2.201441363144549e-05,4.96992065315967e-05,3.335517216885683e-05,2.5016379126642606e-05,3.435582733392253e-05,2.83518963435283e-05,2.4015723961576885e-05,0.013321872496176118,0.01009232764861827,0.021395734615070737,0.00941950580537705,2.068020674469121e-05,0.011303406966452463,0.008208426487542862,3.535648249898819e-05,6.904520638953365e-05,0.011572535703748946,0.006189960957819207
2024-03-05,2.4015723961576885e-05,0.015340338025899763,0.018166189767512893,0.01910814034805058,3.268806872547969e-05,0.007266475907005157,0.015340338025899763,3.535648249898819e-05,0.009688634542673541,5.90386547388765e-05,7.304782704979651e-05,0.05234553940416677,2.2347965353134078e-05,0.5558854068858944,0.010496020754563002,0.013187308127527868,0.008746683962135834,0.03135349789504075,2.868544806521685e-05,2.1680861909756944e-05,0.0336410921620609,0.05867006473063422,0.01103427822915597,1.734468952780551e-05,0.01103427822915597,7.571624082330492e-05,6.0039309903942276e-05,0.007670169012949881,3.635713766405392e-05,3.1353861838725436e-05,0.020453784034533032,0.008208426487542862,2.201441363144549e-05,4.96992065315967e-05,3.335517216885683e-05,2.5016379126642606e-05,3.435582733392253e-05,2.83518963435283e-05,2.4015723961576885e-05,0.013321872496176118,0.01009232764861827,0.021395734615070737,0.00941950580537705,2.068020674469121e-05,0.011303406966452463,0.008208426487542862,3.535648249898819e-05,6.904520638953365e-05,0.011572535703748946,0.006189960957819207
2024-03-06,2.4015723961576885e-05,0.015340338025899763,0.018166189767512893,0.01910814034805058,3.268806872547969e-05,0.007266475907005157,0.015340338025899763,3.535648249898819e-05,0.009688634542673541,5.90386547388765e-05,7.304782704979651e-05,0.05234553940416677,2.2347965353134078e-05,0.5558854068858944,0.010496020754563002,0.013187308127527868,0.008746683962135834,0.03135349789504075,2.868544806521685e-05,2.1680861909756944e-05,0.0336410921620609,0.05867006473063422,0.01103427822915597,1.734468952780551e-05,0.01103427822915597,7.571624082330492e-05,6.0039309903942276e-05,0.007670169012949881,3.635713766405392e-05,3.1353861838725436e-05,0.020453784034533032,0.008208426487542862,2.201441363144549e-05,4.96992065315967e-05,3.335517216885683e-05,2.5016379126642606e-05,3.435582733392253e-05,2.83518963435283e-05,2.4015723961576885e-05,0.013321872496176118,0.01009232764861827,0.021395734615070737,0.00941950580537705,2.068020674469121e-05,0.011303406966452463,0.008208426487542862,3.535648249898819e-05,6.904520638953365e-05,0.011572535703748946,0.006189960957819207
2024-03-07,2.4015723961576885e-05,0.015340338025899763,0.018166189767512893,0.01910814034805058,3.268806872547969e-05,0.007266475907005157,0.015340338025899763,3.535648249898819e-05,0.009688634542673541,5.90386547388765e-05,7.304782704979651e-05,0.05234553940416677,2.2347965353134078e-05,0.5558854068858944,0.010496020754563002,0.013187308127527868,0.008746683962135834,0.03135349789504075,2.868544806521685e-05,2.1680861909756944e-05,0.0336410921620609,0.05867006473063422,0.01103427822915597,1.734468952780551e-05,0.01103427822915597,7.571624082330492e-05,6.0039309903942276e-05,0.007670169012949881,3.635713766405392e-05,3.1353861838725436e-05,0.020453784034533032,0.008208426487542862,2.201441363144549e-05,4.96992065315967e-05,3.335517216885683e-05,2.5016379126642606e-05,3.435582733392253e-05,2.83518963435283e-05,2.4015723961576885e-05,0.013321872496176118,0.01009232764861827,0.021395734615070737,0.00941950580537705,2.068020674469121e-05,0.011303406966452463,0.008208426487542862,3.535648249898819e-05,6.904520638953365e-05,0.011572535703748946,0.006189960957819207
2024-03-08,2.4015723961576885e-05,0.015340338025899763,0.018166189767512893,0.01910814034805058,3.268806872547969e-05,0.007266475907005157,0.015340338025899763,3.535648249898819e-05,0.009688634542673541,5.90386547388765e-05,7.304782704979651e-05,0.05234553940416677,2.2347965353134078e-05,0.5558854068858944,0.010496020754563002,0.013187308127527868,0.008746683962135834,0.03135349789504075,2.868544806521685e-05,2.1680861909756944e-05,0.0336410921620609,0.05867006473063422,0.01103427822915597,1.734468952780551e-05,0.01103427822915597,7.571624082330492e-05,6.0039309903942276e-05,0.007670169012949881,3.635713766405392e-05,3.1353861838725436e-05,0.020453784034533032,0.008208426487542862,2.201441363144549e-05,4.96992065315967e-05,3.335517216885683e-05,2.5016379126642606e-05,3.435582733392253e-05,2.83518963435283e-05,2.4015723961576885e-05,0.013321872496176118,0.01009232764861827,0.021395734615070737,0.00941950580537705,2.068020674469121e-05,0.011303406966452463,0.008208426487542862,3.535648249898819e-05,6.904520638953365e-05,0.011572535703748946,0.006189960957819207
2024-03-11,2.4015723961576885e-05,0.015340338025899763,0.018166189767512893,0.01910814034805058,3.268806872547969e-05,0.007266475907005157,0.015340338025899763,3.535648249898819e-05,0.009688634542673541,5.90386547388765e-05,7.304782704979651e-05,0.05234553940416677,2.2347965353134078e-05,0.5558854068858944,0.010496020754563002,0.013187308127527868,0.008746683962135834,0.03135349789504075,2.868544806521685e-05,2.1680861909756944e-05,0.0336410921620609,0.05867006473063422,0.01103427822915597,1.734468952780551e-05,0.01103427822915597,7.571624082330492e-05,6.0039309903942276e-05,0.007670169012949881,3.635713766405392e-05,3.1353861838725436e-05,0.020453784034533032,0.008208426487542862,2.201441363144549e-05,4.96992065315967e-05,3.335517216885683e-05,2.5016379126642606e-05,3.435582733392253e-05,2.83518963435283e-05,2.4015723961576885e-05,0.013321872496176118,0.01009232764861827,0.021395734615070737,0.00941950580537705,2.068020674469121e-05,0.011303406966452463,0.008208426487542862,3.535648249898819e-05,6.904520638953365e-05,0.011572535703748946,0.006189960957819207
2024-03-12,2.4015723961576885e-05,0.015340338025899763,0.018166189767512893,0.01910814034805058,3.268806872547969e-05,0.007266475907005157,0.015340338025899763,3.535648249898819e-05,0.009688634542673541,5.90386547388765e-05,7.304782704979651e-05,0.05234553940416677,2.2347965353134078e-05,0.5558854068858944,0.010496020754563002,0.013187308127527868,0.008746683962135834,0.03135349789504075,2.868544806521685e-05,2.1680861909756944e-05,0.0336410921620609,0.05867006473063422,0.01103427822915597,1.734468952780551e-05,0.01103427822915597,7.571624082330492e-05,6.0039309903942276e-05,0.007670169012949881,3.635713766405392e-05,3.1353861838725436e-05,0.020453784034533032,0.008208426487542862,2.201441363144549e-05,4.96992065315967e-05,3.335517216885683e-05,2.5016379126642606e-05,3.435582733392253e-05,2.83518963435283e-05,2.4015723961576885e-05,0.013321872496176118,0.01009232764861827,0.021395734615070737,0.00941950580537705,2.068020674469121e-05,0.011303406966452463,0.008208426487542862,3.535648249898819e-05,6.904520638953365e-05,0.011572535703748946,0.006189960957819207
2024-03-13,2.4015723961576885e-05,0.015340338025899763,0.018166189767512893,0.01910814034805058,3.268806872547969e-05,0.007266475907005157,0.015340338025899763,3.535648249898819e-05,0.009688634542673541,5.90386547388765e-05,7.304782704979651e-05,0.05234553940416677,2.2347965353134078e-05,0.5558854068858944,0.010496020754563002,0.013187308127527868,0.008746683962135834,0.03135349789504075,2.868544806521685e-05,2.1680861909756944e-05,0.0336410921620609,0.05867006473063422,0.01103427822915597,1.734468952780551e-05,0.01103427822915597,7.571624082330492e-05,6.0039309903942276e-05,0.007670169012949881,3.635713766405392e-05,3.1353861838725436e-05,0.020453784034533032,0.008208426487542862,2.201441363144549e-05,4.96992065315967e-05,3.335517216885683e-05,2.5016379126642606e-05,3.435582733392253e-05,2.83518963435283e-05,2.4015723961576885e-05,0.013321872496176118,0.01009232764861827,0.021395734615070737,0.00941950580537705,2.068020674469121e-05,0.011303406966452463,0.008208426487542862,3.535648249898819e-05,6.904520638953365e-05,0.011572535703748946,0.006189960957819207
2024-03-14,2.4015723961576885e-05,0.015340338025899763,0.018166189767512893,0.01910814034805058,3.268806872547969e-05,0.007266475907005157,0.015340338025899763,3.535648249898819e-05,0.009688634542673541,5.90386547388765e-05,7.304782704979651e-05,0.05234553940416677,2.2347965353134078e-05,0.5558854068858944,0.010496020754563002,0.013187308127527868,0.008746683962135834,0.03135349789504075,2.868544806521685e-05,2.1680861909756944e-05,0.0336410921620609,0.05867006473063422,0.01103427822915597,1.734468952780551e-05,0.01103427822915597,7.571624082330492e-05,6.0039309903942276e-05,0.007670169012949881,3.635713766405392e-05,3.1353861838725436e-05,0.020453784034533032,0.008208426487542862,2.201441363144549e-05,4.96992065315967e-05,3.335517216885683e-05,2.5016379126642606e-05,3.435582733392253e-05,2.83518963435283e-05,2.4015723961576885e-05,0.013321872496176118,0.01009232764861827,0.021395734615070737,0.00941950580537705,2.068020674469121e-05,0.011303406966452463,0.008208426487542862,3.535648249898819e-05,6.904520638953365e-05,0.011572535703748946,0.006189960957819207
2024-03-15,2.4015723961576885e-05,0.015340338025899763,0.018166189767512893,0.01910814034805058,3.268806872547969e-05,0.007266475907005157,0.015340338025899763,3.535648249898819e-05,0.009688634542673541,5.90386547388765e-05,7.304782704979651e-05,0.05234553940416677,2.2347965353134078e-05,0.5558854068858944,0.010496020754563002,0.013187308127527868,0.008746683962135834,0.03135349789504075,2.868544806521685e-05,2.1680861909756944e-05,0.0336410921620609,0.05867006473063422,0.01103427822915597,1.734468952780551e-05,0.01103427822915597,7.571624082330492e-05,6.0039309903942276e-05,0.007670169012949881,3.635713766405392e-05,3.1353861838725436e-05,0.020453784034533032,0.008208426487542862,2.201441363144549e-05,4.96992065315967e-05,3.335517216885683e-05,2.5016379126642606e-05,3.435582733392253e-05,2.83518963435283e-05,2.4015723961576885e-05,0.013321872496176118,0.01009232764861827,0.021395734615070737,0.00941950580537705,2.068020674469121e-05,0.011303406966452463,0.008208426487542862,3.535648249898819e-05,6.904520638953365e-05,0.011572535703748946,0.006189960957819207
2024-03-18,2.4015723961576885e-05,0.015340338025899763,0.018166189767512893,0.01910814034805058,3.268806872547969e-05,0.007266475907005157,0.015340338025899763,3.535648249898819e-05,0.009688634542673541,5.90386547388765e-05,7.304782704979651e-05,0.05234553940416677,2.2347965353134078e-05,0.5558854068858944,0.010496020754563002,0.013187308127527868,0.008746683962135834,0.03135349789504075,2.868544806521685e-05,2.1680861909756944e-05,0.0336410921620609,0.05867006473063422,0.01103427822915597,1.734468952780551e-05,0.01103427822915597,7.571624082330492e-05,6.0039309903942276e-05,0.007670169012949881,3.635713766405392e-05,3.1353861838725436e-05,0.020453784034533032,0.008208426487542862,2.201441363144549e-05,4.96992065315967e-05,3.335517216885683e-05,2.5016379126642606e-05,3.435582733392253e-05,2.83518963435283e-05,2.4015723961576885e-05,0.013321872496176118,0.01009232764861827,0.021395734615070737,0.00941950580537705,2.068020674469121e-05,0.011303406966452463,0.008208426487542862,3.535648249898819e-05,6.904520638953365e-05,0.011572535703748946,0.006189960957819207
2024-03-19,2.4015723961576885e-05,0.015340338025899763,0.018166189767512893,0.01910814034805058,3.268806872547969e-05,0.007266475907005157,0.015340338025899763,3.535648249898819e-05,0.009688634542673541,5.90386547388765e-05,7.304782704979651e-05,0.05234553940416677,2.2347965353134078e-05,0.5558854068858944,0.010496020754563002,0.013187308127527868,0.008746683962135834,0.03135349789504075,2.868544806521685e-05,2.1680861909756944e-05,0.0336410921620609,0.05867006473063422,0.01103427822915597,1.734468952780551e-05,0.01103427822915597,7.571624082330492e-05,6.0039309903942276e-05,0.007670169012949881,3.635713766405392e-05,3.1353861838725436e-05,0.020453784034533032,0.008208426487542862,2.201441363144549e-05,4.96992065315967e-05,3.335517216885683e-05,2.5016379126642606e-05,3.435582733392253e-05,2.83518963435283e-05,2.4015723961576885e-05,0.013321872496176118,0.01009232764861827,0.021395734615070737,0.00941950580537705,2.068020674469121e-05,0.011303406966452463,0.008208426487542862,3.535648249898819e-05,6.904520638953365e-05,0.011572535703748946,0.006189960957819207
2024-03-20,2.4015723961576885e-05,0.015340338025899763,0.018166189767512893,0.01910814034805058,3.268806872547969e-05,0.007266475907005157,0.015340338025899763,3.535648249898819e-05,0.009688634542673541,5.90386547388765e-05,7.304782704979651e-05,0.05234553940416677,2.2347965353134078e-05,0.5558854068858944,0.010496020754563002,0.013187308127527868,0.008746683962135834,0.03135349789504075,2.868544806521685e-05,2.1680861909756944e-05,0.0336410921620609,0.05867006473063422,0.01103427822915597,1.734468952780551e-05,0.01103427822915597,7.571624082330492e-05,6.0039309903942276e-05,0.007670169012949881,3.635713766405392e-05,3.1353861838725436e-05,0.020453784034533032,0.008208426487542862,2.201441363144549e-05,4.96992065315967e-05,3.335517216885683e-05,2.5016379126642606e-05,3.435582733392253e-05,2.83518963435283e-05,2.4015723961576885e-05,0.013321872496176118,0.01009232764861827,0.021395734615070737,0.00941950580537705,2.068020674469121e-05,0.011303406966452463,0.008208426487542862,3.535648249898819e-05,6.904520638953365e-05,0.011572535703748946,0.006189960957819207
2024-03-21,2.4015723961576885e-05,0.015340338025899763,0.018166189767512893,0.01910814034805058,3.268806872547969e-05,0.007266475907005157,0.015340338025899763,3.535648249898819e-05,0.009688634542673541,5.90386547388765e-05,7.304782704979651e-05,0.05234553940416677,2.2347965353134078e-05,0.5558854068858944,0.010496020754563002,0.013187308127527868,0.008746683962135834,0.03135349789504075,2.868544806521685e-05,2.1680861909756944e-05,0.0336410921620609,0.05867006473063422,0.01103427822915597,1.734468952780551e-05,0.01103427822915597,7.571624082330492e-05,6.0039309903942276e-05,0.007670169012949881,3.635713766405392e-05,3.1353861838725436e-05,0.020453784034533032,0.008208426487542862,2.201441363144549e-05,4.96992065315967e-05,3.335517216885683e-05,2.5016379126642606e-05,3.435582733392253e-05,2.83518963435283e-05,2.4015723961576885e-05,0.013321872496176118,0.01009232764861827,0.021395734615070737,0.00941950580537705,2.068020674469121e-05,0.011303406966452463,0.008208426487542862,3.535648249898819e-05,6.904520638953365e-05,0.011572535703748946,0.006189960957819207
2024-03-22,2.4015723961576885e-05,0.015340338025899763,0.018166189767512893,0.01910814034805058,3.268806872547969e-05,0.007266475907005157,0.015340338025899763,3.535648249898819e-05,0.009688634542673541,5.90386547388765e-05,7.304782704979651e-05,0.05234553940416677,2.2347965353134078e-05,0.5558854068858944,0.010496020754563002,0.013187308127527868,0.008746683962135834,0.03135349789504075,2.868544806521685e-05,2.1680861909756944e-05,0.0336410921620609,0.05867006473063422,0.01103427822915597,1.734468952780551e-05,0.01103427822915597,7.571624082330492e-05,6.0039309903942276e-05,0.007670169012949881,3.635713766405392e-05,3.1353861838725436e-05,0.020453784034533032,0.008208426487542862,2.201441363144549e-05,4.96992065315967e-05,3.335517216885683e-05,2.5016379126642606e-05,3.435582733392253e-05,2.83518963435283e-05,2.4015723961576885e-05,0.013321872496176118,0.01009232764861827,0.021395734615070737,0.00941950580537705,2.068020674469121e-05,0.011303406966452463,0.008208426487542862,3.535648249898819e-05,6.904520638953365e-05,0.011572535703748946,0.006189960957819207
2024-03-25,2.4015723961576885e-05,0.015340338025899763,0.018166189767512893,0.01910814034805058,3.268806872547969e-05,0.007266475907005157,0.015340338025899763,3.535648249898819e-05,0.009688634542673541,5.90386547388765e-05,7.304782704979651e-05,0.05234553940416677,2.2347965353134078e-05,0.5558854068858944,0.010496020754563002,0.013187308127527868,0.008746683962135834,0.03135349789504075,2.868544806521685e-05,2.1680861909756944e-05,0.0336410921620609,0.05867006473063422,0.01103427822915597,1.734468952780551e-05,0.01103427822915597,7.571624082330492e-05,6.0039309903942276e-05,0.007670169012949881,3.635713766405392e-05,3.1353861838725436e-05,0.020453784034533032,0.008208426487542862,2.201441363144549e-05,4.96992065315967e-05,3.335517216885683e-05,2.5016379126642606e-05,3.435582733392253e-05,2.83518963435283e-05,2.4015723961576885e-05,0.013321872496176118,0.01009232764861827,0.021395734615070737,0.00941950580537705,2.068020674469121e-05,0.011303406966452463,0.008208426487542862,3.535648249898819e-05,6.904520638953365e-05,0.011572535703748946,0.006189960957819207
2024-03-26,2.4015723961576885e-05,0.015340338025899763,0.018166189767512893,0.01910814034805058,3.268806872547969e-05,0.007266475907005157,0.015340338025899763,3.535648249898819e-05,0.009688634542673541,5.90386547388765e-05,7.304782704979651e-05,0.05234553940416677,2.2347965353134078e-05,0.5558854068858944,0.010496020754563002,0.013187308127527868,0.008746683962135834,0.03135349789504075,2.868544806521685e-05,2.1680861909756944e-05,0.0336410921620609,0.05867006473063422,0.01103427822915597,1.734468952780551e-05,0.01103427822915597,7.571624082330492e-05,6.0039309903942276e-05,0.007670169012949881,3.635713766405392e-05,3.1353861838725436e-05,0.020453784034533032,0.008208426487542862,2.201441363144549e-05,4.96992065315967e-05,3.335517216885683e-05,2.5016379126642606e-05,3.435582733392253e-05,2.83518963435283e-05,2.4015723961576885e-05,0.013321872496176118,0.01009232764861827,0.021395734615070737,0.00941950580537705,2.068020674469121e-05,0.011303406966452463,0.008208426487542862,3.535648249898819e-05,6.904520638953365e-05,0.011572535703748946,0.006189960957819207
2024-03-27,2.4015723961576885e-05,0.015340338025899763,0.018166189767512893,0.01910814034805058,3.268806872547969e-05,0.007266475907005157,0.015340338025899763,3.535648249898819e-05,0.009688634542673541,5.90386547388765e-05,7.304782704979651e-05,0.05234553940416677,2.2347965353134078e-05,0.5558854068858944,0.010496020754563002,0.013187308127527868,0.008746683962135834,0.03135349789504075,2.868544806521685e-05,2.1680861909756944e-05,0.0336410921620609,0.05867006473063422,0.01103427822915597,1.734468952780551e-05,0.01103427822915597,7.571624082330492e-05,6.0039309903942276e-05,0.007670169012949881,3.635713766405392e-05,3.1353861838725436e-05,0.020453784034533032,0.008208426487542862,2.201441363144549e-05,4.96992065315967e-05,3.335517216885683e-05,2.5016379126642606e-05,3.435582733392253e-05,2.83518963435283e-05,2.4015723961576885e-05,0.013321872496176118,0.01009232764861827,0.021395734615070737,0.00941950580537705,2.068020674469121e-05,0.011303406966452463,0.008208426487542862,3.535648249898819e-05,6.904520638953365e-05,0.011572535703748946,0.006189960957819207
2024-03-28,2.4015723961576885e-05,0.015340338025899763,0.018166189767512893,0.01910814034805058,3.268806872547969e-05,0.007266475907005157,0.015340338025899763,3.535648249898819e-05,0.009688634542673541,5.90386547388765e-05,7.304782704979651e-05,0.05234553940416677,2.2347965353134078e-05,0.5558854068858944,0.010496020754563002,0.013187308127527868,0.008746683962135834,0.03135349789504075,2.868544806521685e-05,2.1680861909756944e-05,0.0336410921620609,0.05867006473063422,0.01103427822915597,1.734468952780551e-05,0.01103427822915597,7.571624082330492e-05,6.0039309903942276e-05,0.007670169012949881,3.635713766405392e-05,3.1353861838725436e-05,0.020453784034533032,0.008208426487542862,2.201441363144549e-05,4.96992065315967e-05,3.335517216885683e-05,2.5016379126642606e-05,3.435582733392253e-05,2.83518963435283e-05,2.4015723961576885e-05,0.013321872496176118,0.01009232764861827,0.021395734615070737,0.00941950580537705,2.068020674469121e-05,0.011303406966452463,0.008208426487542862,3.535648249898819e-05,6.904520638953365e-05,0.011572535703748946,0.006189960957819207
2024-03-29,2.4015723961576885e-05,0.015340338025899763,0.018166189767512893,0.01910814034805058,3.268806872547969e-05,0.007266475907005157,0.015340338025899763,3.535648249898819e-05,0.009688634542673541,5.90386547388765e-05,7.304782704979651e-05,0.05234553940416677,2.2347965353134078e-05,0.5558854068858944,0.010496020754563002,0.013187308127527868,0.008746683962135834,0.03135349789504075,2.868544806521685e-05,2.1680861909756944e-05,0.0336410921620609,0.05867006473063422,0.01103427822915597,1.734468952780551e-05,0.01103427822915597,7.571624082330492e-05,6.0039309903942276e-05,0.007670169012949881,3.635713766405392e-05,3.1353861838725436e-05,0.020453784034533032,0.008208426487542862,2.201441363144549e-05,4.96992065315967e-05,3.335517216885683e-05,2.5016379126642606e-05,3.435582733392253e-05,2.83518963435283e-05,2.4015723961576885e-05,0.013321872496176118,0.01009232764861827,0.021395734615070737,0.00941950580537705,2.068020674469121e-05,0.011303406966452463,0.008208426487542862,3.535648249898819e-05,6.904520638953365e-05,0.011572535703748946,0.006189960957819207
2024-04-01,2.4015723961576885e-05,0.015340338025899763,0.018166189767512893,0.01910814034805058,3.268806872547969e-05,0.007266475907005157,0.015340338025899763,3.535648249898819e-05,0.009688634542673541,5.90386547388765e-05,7.304782704979651e-05,0.05234553940416677,2.2347965353134078e-05,0.5558854068858944,0.010496020754563002,0.013187308127527868,0.008746683962135834,0.03135349789504075,2.868544806521685e-05,2.1680861909756944e-05,0.0336410921620609,0.05867006473063422,0.01103427822915597,1.734468952780551e-05,0.01103427822915597,7.571624082330492e-05,6.0039309903942276e-05,0.007670169012949881,3.635713766405392e-05,3.1353861838725436e-05,0.020453784034533032,0.008208426487542862,2.201441363144549e-05,4.96992065315967e-05,3.335517216885683e-05,2.5016379126642606e-05,3.435582733392253e-05,2.83518963435283e-05,2.4015723961576885e-05,0.013321872496176118,0.01009232764861827,0.021395734615070737,0.00941950580537705,2.068020674469121e-05,0.011303406966452463,0.008208426487542862,3.535648249898819e-05,6.904520638953365e-05,0.011572535703748946,0.006189960957819207
2024-04-02,2.4015723961576885e-05,0.015340338025899763,0.018166189767512893,0.01910814034805058,3.268806872547969e-05,0.007266475907005157,0.015340338025899763,3.535648249898819e-05,0.009688634542673541,5.90386547388765e-05,7.304782704979651e-05,0.05234553940416677,2.2347965353134078e-05,0.5558854068858944,0.010496020754563002,0.013187308127527868,0.008746683962135834,0.03135349789504075,2.868544806521685e-05,2.1680861909756944e-05,0.0336410921620609,0.05867006473063422,0.01103427822915597,1.734468952780551e-05,0.01103427822915597,7.571624082330492e-05,6.0039309903942276e-05,0.007670169012949881,3.635713766405392e-05,3.1353861838725436e-05,0.020453784034533032,0.008208426487542862,2.201441363144549e-05,4.96992065315967e-05,3.335517216885683e-05,2.5016379126642606e-05,3.435582733392253e-05,2.83518963435283e-05,2.4015723961576885e-05,0.013321872496176118,0.01009232764861827,0.021395734615070737,0.00941950580537705,2.068020674469121e-05,0.011303406966452463,0.008208426487542862,3.535648249898819e-05,6.904520638953365e-05,0.011572535703748946,0.006189960957819207
2024-04-03,2.4015723961576885e-05,0.015340338025899763,0.018166189767512893,0.01910814034805058,3.268806872547969e-05,0.007266475907005157,0.015340338025899763,3.535648249898819e-05,0.009688634542673541,5.90386547388765e-05,7.304782704979651e-05,0.05234553940416677,2.2347965353134078e-05,0.5558854068858944,0.010496020754563002,0.013187308127527868,0.008746683962135834,0.03135349789504075,2.868544806521685e-05,2.1680861909756944e-05,0.0336410921620609,0.05867006473063422,0.01103427822915597,1.734468952780551e-05,0.01103427822915597,7.571624082330492e-05,6.0039309903942276e-05,0.007670169012949881,3.635713766405392e-05,3.1353861838725436e-05,0.020453784034533032,0.008208426487542862,2.201441363144549e-05,4.96992065315967e-05,3.335517216885683e-05,2.5016379126642606e-05,3.435582733392253e-05,2.83518963435283e-05,2.4015723961576885e-05,0.013321872496176118,0.01009232764861827,0.021395734615070737,0.00941950580537705,2.068020674469121e-05,0.011303406966452463,0.008208426487542862,3.535648249898819e-05,6.904520638953365e-05,0.011572535703748946,0.006189960957819207
2024-04-08,2.4015723961576885e-05,0.015340338025899763,0.018166189767512893,0.01910814034805058,3.268806872547969e-05,0.007266475907005157,0.015340338025899763,3.535648249898819e-05,0.009688634542673541,5.90386547388765e-05,7.304782704979651e-05,0.05234553940416677,2.2347965353134078e-05,0.5558854068858944,0.010496020754563002,0.013187308127527868,0.008746683962135834,0.03135349789504075,2.868544806521685e-05,2.1680861909756944e-05,0.0336410921620609,0.05867006473063422,0.01103427822915597,1.734468952780551e-05,0.01103427822915597,7.571624082330492e-05,6.0039309903942276e-05,0.007670169012949881,3.635713766405392e-05,3.1353861838725436e-05,0.020453784034533032,0.008208426487542862,2.201441363144549e-05,4.96992065315967e-05,3.335517216885683e-05,2.5016379126642606e-05,3.435582733392253e-05,2.83518963435283e-05,2.4015723961576885e-05,0.013321872496176118,0.01009232764861827,0.021395734615070737,0.00941950580537705,2.068020674469121e-05,0.011303406966452463,0.008208426487542862,3.535648249898819e-05,6.904520638953365e-05,0.011572535703748946,0.006189960957819207
2024-04-09,2.4015723961576885e-05,0.015340338025899763,0.018166189767512893,0.01910814034805058,3.268806872547969e-05,0.007266475907005157,0.015340338025899763,3.535648249898819e-05,0.009688634542673541,5.90386547388765e-05,7.304782704979651e-05,0.05234553940416677,2.2347965353134078e-05,0.5558854068858944,0.010496020754563002,0.013187308127527868,0.008746683962135834,0.03135349789504075,2.868544806521685e-05,2.1680861909756944e-05,0.0336410921620609,0.05867006473063422,0.01103427822915597,1.734468952780551e-05,0.01103427822915597,7.571624082330492e-05,6.0039309903942276e-05,0.007670169012949881,3.635713766405392e-05,3.1353861838725436e-05,0.020453784034533032,0.008208426487542862,2.201441363144549e-05,4.96992065315967e-05,3.335517216885683e-05,2.5016379126642606e-05,3.435582733392253e-05,2.83518963435283e-05,2.4015723961576885e-05,0.013321872496176118,0.01009232764861827,0.021395734615070737,0.00941950580537705,2.068020674469121e-05,0.011303406966452463,0.008208426487542862,3.535648249898819e-05,6.904520638953365e-05,0.011572535703748946,0.006189960957819207
2024-04-10,2.4015723961576885e-05,0.015340338025899763,0.018166189767512893,0.01910814034805058,3.268806872547969e-05,0.007266475907005157,0.015340338025899763,3.535648249898819e-05,0.009688634542673541,5.90386547388765e-05,7.304782704979651e-05,0.05234553940416677,2.2347965353134078e-05,0.5558854068858944,0.010496020754563002,0.013187308127527868,0.008746683962135834,0.03135349789504075,2.868544806521685e-05,2.1680861909756944e-05,0.0336410921620609,0.05867006473063422,0.01103427822915597,1.734468952780551e-05,0.01103427822915597,7.571624082330492e-05,6.0039309903942276e-05,0.007670169012949881,3.635713766405392e-05,3.1353861838725436e-05,0.020453784034533032,0.008208426487542862,2.201441363144549e-05,4.96992065315967e-05,3.335517216885683e-05,2.5016379126642606e-05,3.435582733392253e-05,2.83518963435283e-05,2.4015723961576885e-05,0.013321872496176118,0.01009232764861827,0.021395734615070737,0.00941950580537705,2.068020674469121e-05,0.011303406966452463,0.008208426487542862,3.535648249898819e-05,6.904520638953365e-05,0.011572535703748946,0.006189960957819207
2024-04-11,2.4015723961576885e-05,0.015340338025899763,0.018166189767512893,0.01910814034805058,3.268806872547969e-05,0.007266475907005157,0.015340338025899763,3.535648249898819e-05,0.009688634542673541,5.90386547388765e-05,7.304782704979651e-05,0.05234553940416677,2.2347965353134078e-05,0.5558854068858944,0.010496020754563002,0.013187308127527868,0.008746683962135834,0.03135349789504075,2.868544806521685e-05,2.1680861909756944e-05,0.0336410921620609,0.05867006473063422,0.01103427822915597,1.734468952780551e-05,0.01103427822915597,7.571624082330492e-05,6.0039309903942276e-05,0.007670169012949881,3.635713766405392e-05,3.1353861838725436e-05,0.020453784034533032,0.008208426487542862,2.201441363144549e-05,4.96992065315967e-05,3.335517216885683e-05,2.5016379126642606e-05,3.435582733392253e-05,2.83518963435283e-05,2.4015723961576885e-05,0.013321872496176118,0.01009232764861827,0.021395734615070737,0.00941950580537705,2.068020674469121e-05,0.011303406966452463,0.008208426487542862,3.535648249898819e-05,6.904520638953365e-05,0.011572535703748946,0.006189960957819207
2024-04-12,2.4015723961576885e-05,0.015340338025899763,0.018166189767512893,0.01910814034805058,3.268806872547969e-05,0.007266475907005157,0.015340338025899763,3.535648249898819e-05,0.009688634542673541,5.90386547388765e-05,7.304782704979651e-05,0.05234553940416677,2.2347965353134078e-05,0.5558854068858944,0.010496020754563002,0.013187308127527868,0.008746683962135834,0.03135349789504075,2.868544806521685e-05,2.1680861909756944e-05,0.0336410921620609,0.05867006473063422,0.01103427822915597,1.734468952780551e-05,0.01103427822915597,7.571624082330492e-05,6.0039309903942276e-05,0.007670169012949881,3.635713766405392e-05,3.1353861838725436e-05,0.020453784034533032,0.008208426487542862,2.201441363144549e-05,4.96992065315967e-05,3.335517216885683e-05,2.5016379126642606e-05,3.435582733392253e-05,2.83518963435283e-05,2.4015723961576885e-05,0.013321872496176118,0.01009232764861827,0.021395734615070737,0.00941950580537705,2.068020674469121e-05,0.011303406966452463,0.008208426487542862,3.535648249898819e-05,6.904520638953365e-05,0.011572535703748946,0.006189960957819207
2024-04-15,2.4015723961576885e-05,0.015340338025899763,0.018166189767512893,0.01910814034805058,3.268806872547969e-05,0.007266475907005157,0.015340338025899763,3.535648249898819e-05,0.009688634542673541,5.90386547388765e-05,7.304782704979651e-05,0.05234553940416677,2.2347965353134078e-05,0.5558854068858944,0.010496020754563002,0.013187308127527868,0.008746683962135834,0.03135349789504075,2.868544806521685e-05,2.1680861909756944e-05,0.0336410921620609,0.05867006473063422,0.01103427822915597,1.734468952780551e-05,0.01103427822915597,7.571624082330492e-05,6.0039309903942276e-05,0.007670169012949881,3.635713766405392e-05,3.1353861838725436e-05,0.020453784034533032,0.008208426487542862,2.201441363144549e-05,4.96992065315967e-05,3.335517216885683e-05,2.5016379126642606e-05,3.435582733392253e-05,2.83518963435283e-05,2.4015723961576885e-05,0.013321872496176118,0.01009232764861827,0.021395734615070737,0.00941950580537705,2.068020674469121e-05,0.011303406966452463,0.008208426487542862,3.535648249898819e-05,6.904520638953365e-05,0.011572535703748946,0.006189960957819207
2024-04-16,2.4015723961576885e-05,0.015340338025899763,0.018166189767512893,0.01910814034805058,3.268806872547969e-05,0.007266475907005157,0.015340338025899763,3.535648249898819e-05,0.009688634542673541,5.90386547388765e-05,7.304782704979651e-05,0.05234553940416677,2.2347965353134078e-05,0.5558854068858944,0.010496020754563002,0.013187308127527868,0.008746683962135834,0.03135349789504075,2.868544806521685e-05,2.1680861909756944e-05,0.0336410921620609,0.05867006473063422,0.01103427822915597,1.734468952780551e-05,0.01103427822915597,7.571624082330492e-05,6.0039309903942276e-05,0.007670169012949881,3.635713766405392e-05,3.1353861838725436e-05,0.020453784034533032,0.008208426487542862,2.201441363144549e-05,4.96992065315967e-05,3.335517216885683e-05,2.5016379126642606e-05,3.435582733392253e-05,2.83518963435283e-05,2.4015723961576885e-05,0.013321872496176118,0.01009232764861827,0.021395734615070737,0.00941950580537705,2.068020674469121e-05,0.011303406966452463,0.008208426487542862,3.535648249898819e-05,6.904520638953365e-05,0.011572535703748946,0.006189960957819207
2024-04-17,2.4015723961576885e-05,0.015340338025899763,0.018166189767512893,0.01910814034805058,3.268806872547969e-05,0.007266475907005157,0.015340338025899763,3.535648249898819e-05,0.009688634542673541,5.90386547388765e-05,7.304782704979651e-05,0.05234553940416677,2.2347965353134078e-05,0.5558854068858944,0.010496020754563002,0.013187308127527868,0.008746683962135834,0.03135349789504075,2.868544806521685e-05,2.1680861909756944e-05,0.0336410921620609,0.05867006473063422,0.01103427822915597,1.734468952780551e-05,0.01103427822915597,7.571624082330492e-05,6.0039309903942276e-05,0.007670169012949881,3.635713766405392e-05,3.1353861838725436e-05,0.020453784034533032,0.008208426487542862,2.201441363144549e-05,4.96992065315967e-05,3.335517216885683e-05,2.5016379126642606e-05,3.435582733392253e-05,2.83518963435283e-05,2.4015723961576885e-05,0.013321872496176118,0.01009232764861827,0.021395734615070737,0.00941950580537705,2.068020674469121e-05,0.011303406966452463,0.008208426487542862,3.535648249898819e-05,6.904520638953365e-05,0.011572535703748946,0.006189960957819207
2024-04-18,2.4015723961576885e-05,0.015340338025899763,0.018166189767512893,0.01910814034805058,3.268806872547969e-05,0.007266475907005157,0.015340338025899763,3.535648249898819e-05,0.009688634542673541,5.90386547388765e-05,7.304782704979651e-05,0.05234553940416677,2.2347965353134078e-05,0.5558854068858944,0.010496020754563002,0.013187308127527868,0.008746683962135834,0.03135349789504075,2.868544806521685e-05,2.1680861909756944e-05,0.0336410921620609,0.05867006473063422,0.01103427822915597,1.734468952780551e-05,0.01103427822915597,7.571624082330492e-05,6.0039309903942276e-05,0.007670169012949881,3.635713766405392e-05,3.1353861838725436e-05,0.020453784034533032,0.008208426487542862,2.201441363144549e-05,4.96992065315967e-05,3.335517216885683e-05,2.5016379126642606e-05,3.435582733392253e-05,2.83518963435283e-05,2.4015723961576885e-05,0.013321872496176118,0.01009232764861827,0.021395734615070737,0.00941950580537705,2.068020674469121e-05,0.011303406966452463,0.008208426487542862,3.535648249898819e-05,6.904520638953365e-05,0.011572535703748946,0.006189960957819207
2024-04-19,2.4015723961576885e-05,0.015340338025899763,0.018166189767512893,0.01910814034805058,3.268806872547969e-05,0.007266475907005157,0.015340338025899763,3.535648249898819e-05,0.009688634542673541,5.90386547388765e-05,7.304782704979651e-05,0.05234553940416677,2.2347965353134078e-05,0.5558854068858944,0.010496020754563002,0.013187308127527868,0.008746683962135834,0.03135349789504075,2.868544806521685e-05,2.1680861909756944e-05,0.0336410921620609,0.05867006473063422,0.01103427822915597,1.734468952780551e-05,0.01103427822915597,7.571624082330492e-05,6.0039309903942276e-05,0.007670169012949881,3.635713766405392e-05,3.1353861838725436e-05,0.020453784034533032,0.008208426487542862,2.201441363144549e-05,4.96992065315967e-05,3.335517216885683e-05,2.5016379126642606e-05,3.435582733392253e-05,2.83518963435283e-05,2.4015723961576885e-05,0.013321872496176118,0.01009232764861827,0.021395734615070737,0.00941950580537705,2.068020674469121e-05,0.011303406966452463,0.008208426487542862,3.535648249898819e-05,6.904520638953365e-05,0.011572535703748946,0.006189960957819207
2024-04-22,2.4015723961576885e-05,0.015340338025899763,0.018166189767512893,0.01910814034805058,3.268806872547969e-05,0.007266475907005157,0.015340338025899763,3.535648249898819e-05,0.009688634542673541,5.90386547388765e-05,7.304782704979651e-05,0.05234553940416677,2.2347965353134078e-05,0.5558854068858944,0.010496020754563002,0.013187308127527868,0.008746683962135834,0.03135349789504075,2.868544806521685e-05,2.1680861909756944e-05,0.0336410921620609,0.05867006473063422,0.01103427822915597,1.734468952780551e-05,0.01103427822915597,7.571624082330492e-05,6.0039309903942276e-05,0.007670169012949881,3.635713766405392e-05,3.1353861838725436e-05,0.020453784034533032,0.008208426487542862,2.201441363144549e-05,4.96992065315967e-05,3.335517216885683e-05,2.5016379126642606e-05,3.435582733392253e-05,2.83518963435283e-05,2.4015723961576885e-05,0.013321872496176118,0.01009232764861827,0.021395734615070737,0.00941950580537705,2.068020674469121e-05,0.011303406966452463,0.008208426487542862,3.535648249898819e-05,6.904520638953365e-05,0.011572535703748946,0.006189960957819207
2024-04-23,2.4015723961576885e-05,0.015340338025899763,0.018166189767512893,0.01910814034805058,3.268806872547969e-05,0.007266475907005157,0.015340338025899763,3.535648249898819e-05,0.009688634542673541,5.90386547388765e-05,7.304782704979651e-05,0.05234553940416677,2.2347965353134078e-05,0.5558854068858944,0.010496020754563002,0.013187308127527868,0.008746683962135834,0.03135349789504075,2.868544806521685e-05,2.1680861909756944e-05,0.0336410921620609,0.05867006473063422,0.01103427822915597,1.734468952780551e-05,0.01103427822915597,7.571624082330492e-05,6.0039309903942276e-05,0.007670169012949881,3.635713766405392e-05,3.1353861838725436e-05,0.020453784034533032,0.008208426487542862,2.201441363144549e-05,4.96992065315967e-05,3.335517216885683e-05,2.5016379126642606e-05,3.435582733392253e-05,2.83518963435283e-05,2.4015723961576885e-05,0.013321872496176118,0.01009232764861827,0.021395734615070737,0.00941950580537705,2.068020674469121e-05,0.011303406966452463,0.008208426487542862,3.535648249898819e-05,6.904520638953365e-05,0.011572535703748946,0.006189960957819207
2024-04-24,2.4015723961576885e-05,0.015340338025899763,0.018166189767512893,0.01910814034805058,3.268806872547969e-05,0.007266475907005157,0.015340338025899763,3.535648249898819e-05,0.009688634542673541,5.90386547388765e-05,7.304782704979651e-05,0.05234553940416677,2.2347965353134078e-05,0.5558854068858944,0.010496020754563002,0.013187308127527868,0.008746683962135834,0.03135349789504075,2.868544806521685e-05,2.1680861909756944e-05,0.0336410921620609,0.05867006473063422,0.01103427822915597,1.734468952780551e-05,0.01103427822915597,7.571624082330492e-05,6.0039309903942276e-05,0.007670169012949881,3.635713766405392e-05,3.1353861838725436e-05,0.020453784034533032,0.008208426487542862,2.201441363144549e-05,4.96992065315967e-05,3.335517216885683e-05,2.5016379126642606e-05,3.435582733392253e-05,2.83518963435283e-05,2.4015723961576885e-05,0.013321872496176118,0.01009232764861827,0.021395734615070737,0.00941950580537705,2.068020674469121e-05,0.011303406966452463,0.008208426487542862,3.535648249898819e-05,6.904520638953365e-05,0.011572535703748946,0.006189960957819207
2024-04-25,2.4015723961576885e-05,0.015340338025899763,0.018166189767512893,0.01910814034805058,3.268806872547969e-05,0.007266475907005157,0.015340338025899763,3.535648249898819e-05,0.009688634542673541,5.90386547388765e-05,7.304782704979651e-05,0.05234553940416677,2.2347965353134078e-05,0.5558854068858944,0.010496020754563002,0.013187308127527868,0.008746683962135834,0.03135349789504075,2.868544806521685e-05,2.1680861909756944e-05,0.0336410921620609,0.05867006473063422,0.01103427822915597,1.734468952780551e-05,0.01103427822915597,7.571624082330492e-05,6.0039309903942276e-05,0.007670169012949881,3.635713766405392e-05,3.1353861838725436e-05,0.020453784034533032,0.008208426487542862,2.201441363144549e-05,4.96992065315967e-05,3.335517216885683e-05,2.5016379126642606e-05,3.435582733392253e-05,2.83518963435283e-05,2.4015723961576885e-05,0.013321872496176118,0.01009232764861827,0.021395734615070737,0.00941950580537705,2.068020674469121e-05,0.011303406966452463,0.008208426487542862,3.535648249898819e-05,6.904520638953365e-05,0.011572535703748946,0.006189960957819207
2024-04-26,2.4015723961576885e-05,0.015340338025899763,0.018166189767512893,0.01910814034805058,3.268806872547969e-05,0.007266475907005157,0.015340338025899763,3.535648249898819e-05,0.009688634542673541,5.90386547388765e-05,7.304782704979651e-05,0.05234553940416677,2.2347965353134078e-05,0.5558854068858944,0.010496020754563002,0.013187308127527868,0.008746683962135834,0.03135349789504075,2.868544806521685e-05,2.1680861909756944e-05,0.0336410921620609,0.05867006473063422,0.01103427822915597,1.734468952780551e-05,0.01103427822915597,7.571624082330492e-05,6.0039309903942276e-05,0.007670169012949881,3.635713766405392e-05,3.1353861838725436e-05,0.020453784034533032,0.008208426487542862,2.201441363144549e-05,4.96992065315967e-05,3.335517216885683e-05,2.5016379126642606e-05,3.435582733392253e-05,2.83518963435283e-05,2.4015723961576885e-05,0.013321872496176118,0.01009232764861827,0.021395734615070737,0.00941950580537705,2.068020674469121e-05,0.011303406966452463,0.008208426487542862,3.535648249898819e-05,6.904520638953365e-05,0.011572535703748946,0.006189960957819207
2024-04-29,2.4015723961576885e-05,0.015340338025899763,0.018166189767512893,0.01910814034805058,3.268806872547969e-05,0.007266475907005157,0.015340338025899763,3.535648249898819e-05,0.009688634542673541,5.90386547388765e-05,7.304782704979651e-05,0.05234553940416677,2.2347965353134078e-05,0.5558854068858944,0.010496020754563002,0.013187308127527868,0.008746683962135834,0.03135349789504075,2.868544806521685e-05,2.1680861909756944e-05,0.0336410921620609,0.05867006473063422,0.01103427822915597,1.734468952780551e-05,0.01103427822915597,7.571624082330492e-05,6.0039309903942276e-05,0.007670169012949881,3.635713766405392e-05,3.1353861838725436e-05,0.020453784034533032,0.008208426487542862,2.201441363144549e-05,4.96992065315967e-05,3.335517216885683e-05,2.5016379126642606e-05,3.435582733392253e-05,2.83518963435283e-05,2.4015723961576885e-05,0.013321872496176118,0.01009232764861827,0.021395734615070737,0.00941950580537705,2.068020674469121e-05,0.011303406966452463,0.008208426487542862,3.535648249898819e-05,6.904520638953365e-05,0.011572535703748946,0.006189960957819207
2024-04-30,2.4015723961576885e-05,0.015340338025899763,0.018166189767512893,0.01910814034805058,3.268806872547969e-05,0.007266475907005157,0.015340338025899763,3.535648249898819e-05,0.009688634542673541,5.90386547388765e-05,7.304782704979651e-05,0.05234553940416677,2.2347965353134078e-05,0.5558854068858944,0.010496020754563002,0.013187308127527868,0.008746683962135834,0.03135349789504075,2.868544806521685e-05,2.1680861909756944e-05,0.0336410921620609,0.05867006473063422,0.01103427822915597,1.734468952780551e-05,0.01103427822915597,7.571624082330492e-05,6.0039309903942276e-05,0.007670169012949881,3.635713766405392e-05,3.1353861838725436e-05,0.020453784034533032,0.008208426487542862,2.201441363144549e-05,4.96992065315967e-05,3.335517216885683e-05,2.5016379126642606e-05,3.435582733392253e-05,2.83518963435283e-05,2.4015723961576885e-05,0.013321872496176118,0.01009232764861827,0.021395734615070737,0.00941950580537705,2.068020674469121e-05,0.011303406966452463,0.008208426487542862,3.535648249898819e-05,6.904520638953365e-05,0.011572535703748946,0.006189960957819207
2024-05-02,2.4015723961576885e-05,0.015340338025899763,0.018166189767512893,0.01910814034805058,3.268806872547969e-05,0.007266475907005157,0.015340338025899763,3.535648249898819e-05,0.009688634542673541,5.90386547388765e-05,7.304782704979651e-05,0.05234553940416677,2.2347965353134078e-05,0.5558854068858944,0.010496020754563002,0.013187308127527868,0.008746683962135834,0.03135349789504075,2.868544806521685e-05,2.1680861909756944e-05,0.0336410921620609,0.05867006473063422,0.01103427822915597,1.734468952780551e-05,0.01103427822915597,7.571624082330492e-05,6.0039309903942276e-05,0.007670169012949881,3.635713766405392e-05,3.1353861838725436e-05,0.020453784034533032,0.008208426487542862,2.201441363144549e-05,4.96992065315967e-05,3.335517216885683e-05,2.5016379126642606e-05,3.435582733392253e-05,2.83518963435283e-05,2.4015723961576885e-05,0.013321872496176118,0.01009232764861827,0.021395734615070737,0.00941950580537705,2.068020674469121e-05,0.011303406966452463,0.008208426487542862,3.535648249898819e-05,6.904520638953365e-05,0.011572535703748946,0.006189960957819207
2024-05-03,2.4015723961576885e-05,0.015340338025899763,0.018166189767512893,0.01910814034805058,3.268806872547969e-05,0.007266475907005157,0.015340338025899763,3.535648249898819e-05,0.009688634542673541,5.90386547388765e-05,7.304782704979651e-05,0.05234553940416677,2.2347965353134078e-05,0.5558854068858944,0.010496020754563002,0.013187308127527868,0.008746683962135834,0.03135349789504075,2.868544806521685e-05,2.1680861909756944e-05,0.0336410921620609,0.05867006473063422,0.01103427822915597,1.734468952780551e-05,0.01103427822915597,7.571624082330492e-05,6.0039309903942276e-05,0.007670169012949881,3.635713766405392e-05,3.1353861838725436e-05,0.020453784034533032,0.008208426487542862,2.201441363144549e-05,4.96992065315967e-05,3.335517216885683e-05,2.5016379126642606e-05,3.435582733392253e-05,2.83518963435283e-05,2.4015723961576885e-05,0.013321872496176118,0.01009232764861827,0.021395734615070737,0.00941950580537705,2.068020674469121e-05,0.011303406966452463,0.008208426487542862,3.535648249898819e-05,6.904520638953365e-05,0.011572535703748946,0.006189960957819207
2024-05-06,2.4015723961576885e-05,0.015340338025899763,0.018166189767512893,0.01910814034805058,3.268806872547969e-05,0.007266475907005157,0.015340338025899763,3.535648249898819e-05,0.009688634542673541,5.90386547388765e-05,7.304782704979651e-05,0.05234553940416677,2.2347965353134078e-05,0.5558854068858944,0.010496020754563002,0.013187308127527868,0.008746683962135834,0.03135349789504075,2.868544806521685e-05,2.1680861909756944e-05,0.0336410921620609,0.05867006473063422,0.01103427822915597,1.734468952780551e-05,0.01103427822915597,7.571624082330492e-05,6.0039309903942276e-05,0.007670169012949881,3.635713766405392e-05,3.1353861838725436e-05,0.020453784034533032,0.008208426487542862,2.201441363144549e-05,4.96992065315967e-05,3.335517216885683e-05,2.5016379126642606e-05,3.435582733392253e-05,2.83518963435283e-05,2.4015723961576885e-05,0.013321872496176118,0.01009232764861827,0.021395734615070737,0.00941950580537705,2.068020674469121e-05,0.011303406966452463,0.008208426487542862,3.535648249898819e-05,6.904520638953365e-05,0.011572535703748946,0.006189960957819207
2024-05-07,2.4015723961576885e-05,0.015340338025899763,0.018166189767512893,0.01910814034805058,3.268806872547969e-05,0.007266475907005157,0.015340338025899763,3.535648249898819e-05,0.009688634542673541,5.90386547388765e-05,7.304782704979651e-05,0.05234553940416677,2.2347965353134078e-05,0.5558854068858944,0.010496020754563002,0.013187308127527868,0.008746683962135834,0.03135349789504075,2.868544806521685e-05,2.1680861909756944e-05,0.0336410921620609,0.05867006473063422,0.01103427822915597,1.734468952780551e-05,0.01103427822915597,7.571624082330492e-05,6.0039309903942276e-05,0.007670169012949881,3.635713766405392e-05,3.1353861838725436e-05,0.020453784034533032,0.008208426487542862,2.201441363144549e-05,4.96992065315967e-05,3.335517216885683e-05,2.5016379126642606e-05,3.435582733392253e-05,2.83518963435283e-05,2.4015723961576885e-05,0.013321872496176118,0.01009232764861827,0.021395734615070737,0.00941950580537705,2.068020674469121e-05,0.011303406966452463,0.008208426487542862,3.535648249898819e-05,6.904520638953365e-05,0.011572535703748946,0.006189960957819207
2024-05-08,2.4015723961576885e-05,0.015340338025899763,0.018166189767512893,0.01910814034805058,3.268806872547969e-05,0.007266475907005157,0.015340338025899763,3.535648249898819e-05,0.009688634542673541,5.90386547388765e-05,7.304782704979651e-05,0.05234553940416677,2.2347965353134078e-05,0.5558854068858944,0.010496020754563002,0.013187308127527868,0.008746683962135834,0.03135349789504075,2.868544806521685e-05,2.1680861909756944e-05,0.0336410921620609,0.05867006473063422,0.01103427822915597,1.734468952780551e-05,0.01103427822915597,7.571624082330492e-05,6.0039309903942276e-05,0.007670169012949881,3.635713766405392e-05,3.1353861838725436e-05,0.020453784034533032,0.008208426487542862,2.201441363144549e-05,4.96992065315967e-05,3.335517216885683e-05,2.5016379126642606e-05,3.435582733392253e-05,2.83518963435283e-05,2.4015723961576885e-05,0.013321872496176118,0.01009232764861827,0.021395734615070737,0.00941950580537705,2.068020674469121e-05,0.011303406966452463,0.008208426487542862,3.535648249898819e-05,6.904520638953365e-05,0.011572535703748946,0.006189960957819207
2024-05-09,2.4015723961576885e-05,0.015340338025899763,0.018166189767512893,0.01910814034805058,3.268806872547969e-05,0.007266475907005157,0.015340338025899763,3.535648249898819e-05,0.009688634542673541,5.90386547388765e-05,7.304782704979651e-05,0.05234553940416677,2.2347965353134078e-05,0.5558854068858944,0.010496020754563002,0.013187308127527868,0.008746683962135834,0.03135349789504075,2.868544806521685e-05,2.1680861909756944e-05,0.0336410921620609,0.05867006473063422,0.01103427822915597,1.734468952780551e-05,0.01103427822915597,7.571624082330492e-05,6.0039309903942276e-05,0.007670169012949881,3.635713766405392e-05,3.1353861838725436e-05,0.020453784034533032,0.008208426487542862,2.201441363144549e-05,4.96992065315967e-05,3.335517216885683e-05,2.5016379126642606e-05,3.435582733392253e-05,2.83518963435283e-05,2.4015723961576885e-05,0.013321872496176118,0.01009232764861827,0.021395734615070737,0.00941950580537705,2.068020674469121e-05,0.011303406966452463,0.008208426487542862,3.535648249898819e-05,6.904520638953365e-05,0.011572535703748946,0.006189960957819207
2024-05-10,2.4015723961576885e-05,0.015340338025899763,0.018166189767512893,0.01910814034805058,3.268806872547969e-05,0.007266475907005157,0.015340338025899763,3.535648249898819e-05,0.009688634542673541,5.90386547388765e-05,7.304782704979651e-05,0.05234553940416677,2.2347965353134078e-05,0.5558854068858944,0.010496020754563002,0.013187308127527868,0.008746683962135834,0.03135349789504075,2.868544806521685e-05,2.1680861909756944e-05,0.0336410921620609,0.05867006473063422,0.01103427822915597,1.734468952780551e-05,0.01103427822915597,7.571624082330492e-05,6.0039309903942276e-05,0.007670169012949881,3.635713766405392e-05,3.1353861838725436e-05,0.020453784034533032,0.008208426487542862,2.201441363144549e-05,4.96992065315967e-05,3.335517216885683e-05,2.5016379126642606e-05,3.435582733392253e-05,2.83518963435283e-05,2.4015723961576885e-05,0.013321872496176118,0.01009232764861827,0.021395734615070737,0.00941950580537705,2.068020674469121e-05,0.011303406966452463,0.008208426487542862,3.535648249898819e-05,6.904520638953365e-05,0.011572535703748946,0.006189960957819207
2024-05-13,2.4015723961576885e-05,0.015340338025899763,0.018166189767512893,0.01910814034805058,3.268806872547969e-05,0.007266475907005157,0.015340338025899763,3.535648249898819e-05,0.009688634542673541,5.90386547388765e-05,7.304782704979651e-05,0.05234553940416677,2.2347965353134078e-05,0.5558854068858944,0.010496020754563002,0.013187308127527868,0.008746683962135834,0.03135349789504075,2.868544806521685e-05,2.1680861909756944e-05,0.0336410921620609,0.05867006473063422,0.01103427822915597,1.734468952780551e-05,0.01103427822915597,7.571624082330492e-05,6.0039309903942276e-05,0.007670169012949881,3.635713766405392e-05,3.1353861838725436e-05,0.020453784034533032,0.008208426487542862,2.201441363144549e-05,4.96992065315967e-05,3.335517216885683e-05,2.5016379126642606e-05,3.435582733392253e-05,2.83518963435283e-05,2.4015723961576885e-05,0.013321872496176118,0.01009232764861827,0.021395734615070737,0.00941950580537705,2.068020674469121e-05,0.011303406966452463,0.008208426487542862,3.535648249898819e-05,6.904520638953365e-05,0.011572535703748946,0.006189960957819207
2024-05-14,2.4015723961576885e-05,0.015340338025899763,0.018166189767512893,0.01910814034805058,3.268806872547969e-05,0.007266475907005157,0.015340338025899763,3.535648249898819e-05,0.009688634542673541,5.90386547388765e-05,7.304782704979651e-05,0.05234553940416677,2.2347965353134078e-05,0.5558854068858944,0.010496020754563002,0.013187308127527868,0.008746683962135834,0.03135349789504075,2.868544806521685e-05,2.1680861909756944e-05,0.0336410921620609,0.05867006473063422,0.01103427822915597,1.734468952780551e-05,0.01103427822915597,7.571624082330492e-05,6.0039309903942276e-05,0.007670169012949881,3.635713766405392e-05,3.1353861838725436e-05,0.020453784034533032,0.008208426487542862,2.201441363144549e-05,4.96992065315967e-05,3.335517216885683e-05,2.5016379126642606e-05,3.435582733392253e-05,2.83518963435283e-05,2.4015723961576885e-05,0.013321872496176118,0.01009232764861827,0.021395734615070737,0.00941950580537705,2.068020674469121e-05,0.011303406966452463,0.008208426487542862,3.535648249898819e-05,6.904520638953365e-05,0.011572535703748946,0.006189960957819207
2024-05-15,2.4015723961576885e-05,0.015340338025899763,0.018166189767512893,0.01910814034805058,3.268806872547969e-05,0.007266475907005157,0.015340338025899763,3.535648249898819e-05,0.009688634542673541,5.90386547388765e-05,7.304782704979651e-05,0.05234553940416677,2.2347965353134078e-05,0.5558854068858944,0.010496020754563002,0.013187308127527868,0.008746683962135834,0.03135349789504075,2.868544806521685e-05,2.1680861909756944e-05,0.0336410921620609,0.05867006473063422,0.01103427822915597,1.734468952780551e-05,0.01103427822915597,7.571624082330492e-05,6.0039309903942276e-05,0.007670169012949881,3.635713766405392e-05,3.1353861838725436e-05,0.020453784034533032,0.008208426487542862,2.201441363144549e-05,4.96992065315967e-05,3.335517216885683e-05,2.5016379126642606e-05,3.435582733392253e-05,2.83518963435283e-05,2.4015723961576885e-05,0.013321872496176118,0.01009232764861827,0.021395734615070737,0.00941950580537705,2.068020674469121e-05,0.011303406966452463,0.008208426487542862,3.535648249898819e-05,6.904520638953365e-05,0.011572535703748946,0.006189960957819207
2024-05-16,2.4015723961576885e-05,0.015340338025899763,0.018166189767512893,0.01910814034805058,3.268806872547969e-05,0.007266475907005157,0.015340338025899763,3.535648249898819e-05,0.009688634542673541,5.90386547388765e-05,7.304782704979651e-05,0.05234553940416677,2.2347965353134078e-05,0.5558854068858944,0.010496020754563002,0.013187308127527868,0.008746683962135834,0.03135349789504075,2.868544806521685e-05,2.1680861909756944e-05,0.0336410921620609,0.05867006473063422,0.01103427822915597,1.734468952780551e-05,0.01103427822915597,7.571624082330492e-05,6.0039309903942276e-05,0.007670169012949881,3.635713766405392e-05,3.1353861838725436e-05,0.020453784034533032,0.008208426487542862,2.201441363144549e-05,4.96992065315967e-05,3.335517216885683e-05,2.5016379126642606e-05,3.435582733392253e-05,2.83518963435283e-05,2.4015723961576885e-05,0.013321872496176118,0.01009232764861827,0.021395734615070737,0.00941950580537705,2.068020674469121e-05,0.011303406966452463,0.008208426487542862,3.535648249898819e-05,6.904520638953365e-05,0.011572535703748946,0.006189960957819207
2024-05-17,2.4015723961576885e-05,0.015340338025899763,0.018166189767512893,0.01910814034805058,3.268806872547969e-05,0.007266475907005157,0.015340338025899763,3.535648249898819e-05,0.009688634542673541,5.90386547388765e-05,7.304782704979651e-05,0.05234553940416677,2.2347965353134078e-05,0.5558854068858944,0.010496020754563002,0.013187308127527868,0.008746683962135834,0.03135349789504075,2.868544806521685e-05,2.1680861909756944e-05,0.0336410921620609,0.05867006473063422,0.01103427822915597,1.734468952780551e-05,0.01103427822915597,7.571624082330492e-05,6.0039309903942276e-05,0.007670169012949881,3.635713766405392e-05,3.1353861838725436e-05,0.020453784034533032,0.008208426487542862,2.201441363144549e-05,4.96992065315967e-05,3.335517216885683e-05,2.5016379126642606e-05,3.435582733392253e-05,2.83518963435283e-05,2.4015723961576885e-05,0.013321872496176118,0.01009232764861827,0.021395734615070737,0.00941950580537705,2.068020674469121e-05,0.011303406966452463,0.008208426487542862,3.535648249898819e-05,6.904520638953365e-05,0.011572535703748946,0.006189960957819207
2024-05-20,2.4015723961576885e-05,0.015340338025899763,0.018166189767512893,0.01910814034805058,3.268806872547969e-05,0.007266475907005157,0.015340338025899763,3.535648249898819e-05,0.009688634542673541,5.90386547388765e-05,7.304782704979651e-05,0.05234553940416677,2.2347965353134078e-05,0.5558854068858944,0.010496020754563002,0.013187308127527868,0.008746683962135834,0.03135349789504075,2.868544806521685e-05,2.1680861909756944e-05,0.0336410921620609,0.05867006473063422,0.01103427822915597,1.734468952780551e-05,0.01103427822915597,7.571624082330492e-05,6.0039309903942276e-05,0.007670169012949881,3.635713766405392e-05,3.1353861838725436e-05,0.020453784034533032,0.008208426487542862,2.201441363144549e-05,4.96992065315967e-05,3.335517216885683e-05,2.5016379126642606e-05,3.435582733392253e-05,2.83518963435283e-05,2.4015723961576885e-05,0.013321872496176118,0.01009232764861827,0.021395734615070737,0.00941950580537705,2.068020674469121e-05,0.011303406966452463,0.008208426487542862,3.535648249898819e-05,6.904520638953365e-05,0.011572535703748946,0.006189960957819207
2024-05-21,2.4015723961576885e-05,0.015340338025899763,0.018166189767512893,0.01910814034805058,3.268806872547969e-05,0.007266475907005157,0.015340338025899763,3.535648249898819e-05,0.009688634542673541,5.90386547388765e-05,7.304782704979651e-05,0.05234553940416677,2.2347965353134078e-05,0.5558854068858944,0.010496020754563002,0.013187308127527868,0.008746683962135834,0.03135349789504075,2.868544806521685e-05,2.1680861909756944e-05,0.0336410921620609,0.05867006473063422,0.01103427822915597,1.734468952780551e-05,0.01103427822915597,7.571624082330492e-05,6.0039309903942276e-05,0.007670169012949881,3.635713766405392e-05,3.1353861838725436e-05,0.020453784034533032,0.008208426487542862,2.201441363144549e-05,4.96992065315967e-05,3.335517216885683e-05,2.5016379126642606e-05,3.435582733392253e-05,2.83518963435283e-05,2.4015723961576885e-05,0.013321872496176118,0.01009232764861827,0.021395734615070737,0.00941950580537705,2.068020674469121e-05,0.011303406966452463,0.008208426487542862,3.535648249898819e-05,6.904520638953365e-05,0.011572535703748946,0.006189960957819207
2024-05-22,2.4015723961576885e-05,0.015340338025899763,0.018166189767512893,0.01910814034805058,3.268806872547969e-05,0.007266475907005157,0.015340338025899763,3.535648249898819e-05,0.009688634542673541,5.90386547388765e-05,7.304782704979651e-05,0.05234553940416677,2.2347965353134078e-05,0.5558854068858944,0.010496020754563002,0.013187308127527868,0.008746683962135834,0.03135349789504075,2.868544806521685e-05,2.1680861909756944e-05,0.0336410921620609,0.05867006473063422,0.01103427822915597,1.734468952780551e-05,0.01103427822915597,7.571624082330492e-05,6.0039309903942276e-05,0.007670169012949881,3.635713766405392e-05,3.1353861838725436e-05,0.020453784034533032,0.008208426487542862,2.201441363144549e-05,4.96992065315967e-05,3.335517216885683e-05,2.5016379126642606e-05,3.435582733392253e-05,2.83518963435283e-05,2.4015723961576885e-05,0.013321872496176118,0.01009232764861827,0.021395734615070737,0.00941950580537705,2.068020674469121e-05,0.011303406966452463,0.008208426487542862,3.535648249898819e-05,6.904520638953365e-05,0.011572535703748946,0.006189960957819207
2024-05-23,2.4015723961576885e-05,0.015340338025899763,0.018166189767512893,0.01910814034805058,3.268806872547969e-05,0.007266475907005157,0.015340338025899763,3.535648249898819e-05,0.009688634542673541,5.90386547388765e-05,7.304782704979651e-05,0.05234553940416677,2.2347965353134078e-05,0.5558854068858944,0.010496020754563002,0.013187308127527868,0.008746683962135834,0.03135349789504075,2.868544806521685e-05,2.1680861909756944e-05,0.0336410921620609,0.05867006473063422,0.01103427822915597,1.734468952780551e-05,0.01103427822915597,7.571624082330492e-05,6.0039309903942276e-05,0.007670169012949881,3.635713766405392e-05,3.1353861838725436e-05,0.020453784034533032,0.008208426487542862,2.201441363144549e-05,4.96992065315967e-05,3.335517216885683e-05,2.5016379126642606e-05,3.435582733392253e-05,2.83518963435283e-05,2.4015723961576885e-05,0.013321872496176118,0.01009232764861827,0.021395734615070737,0.00941950580537705,2.068020674469121e-05,0.011303406966452463,0.008208426487542862,3.535648249898819e-05,6.904520638953365e-05,0.011572535703748946,0.006189960957819207
2024-05-24,2.4015723961576885e-05,0.015340338025899763,0.018166189767512893,0.01910814034805058,3.268806872547969e-05,0.007266475907005157,0.015340338025899763,3.535648249898819e-05,0.009688634542673541,5.90386547388765e-05,7.304782704979651e-05,0.05234553940416677,2.2347965353134078e-05,0.5558854068858944,0.010496020754563002,0.013187308127527868,0.008746683962135834,0.03135349789504075,2.868544806521685e-05,2.1680861909756944e-05,0.0336410921620609,0.05867006473063422,0.01103427822915597,1.734468952780551e-05,0.01103427822915597,7.571624082330492e-05,6.0039309903942276e-05,0.007670169012949881,3.635713766405392e-05,3.1353861838725436e-05,0.020453784034533032,0.008208426487542862,2.201441363144549e-05,4.96992065315967e-05,3.335517216885683e-05,2.5016379126642606e-05,3.435582733392253e-05,2.83518963435283e-05,2.4015723961576885e-05,0.013321872496176118,0.01009232764861827,0.021395734615070737,0.00941950580537705,2.068020674469121e-05,0.011303406966452463,0.008208426487542862,3.535648249898819e-05,6.904520638953365e-05,0.011572535703748946,0.006189960957819207
2024-05-27,2.4015723961576885e-05,0.015340338025899763,0.018166189767512893,0.01910814034805058,3.268806872547969e-05,0.007266475907005157,0.015340338025899763,3.535648249898819e-05,0.009688634542673541,5.90386547388765e-05,7.304782704979651e-05,0.05234553940416677,2.2347965353134078e-05,0.5558854068858944,0.010496020754563002,0.013187308127527868,0.008746683962135834,0.03135349789504075,2.868544806521685e-05,2.1680861909756944e-05,0.0336410921620609,0.05867006473063422,0.01103427822915597,1.734468952780551e-05,0.01103427822915597,7.571624082330492e-05,6.0039309903942276e-05,0.007670169012949881,3.635713766405392e-05,3.1353861838725436e-05,0.020453784034533032,0.008208426487542862,2.201441363144549e-05,4.96992065315967e-05,3.335517216885683e-05,2.5016379126642606e-05,3.435582733392253e-05,2.83518963435283e-05,2.4015723961576885e-05,0.013321872496176118,0.01009232764861827,0.021395734615070737,0.00941950580537705,2.068020674469121e-05,0.011303406966452463,0.008208426487542862,3.535648249898819e-05,6.904520638953365e-05,0.011572535703748946,0.006189960957819207
2024-05-28,2.4015723961576885e-05,0.015340338025899763,0.018166189767512893,0.01910814034805058,3.268806872547969e-05,0.007266475907005157,0.015340338025899763,3.535648249898819e-05,0.009688634542673541,5.90386547388765e-05,7.304782704979651e-05,0.05234553940416677,2.2347965353134078e-05,0.5558854068858944,0.010496020754563002,0.013187308127527868,0.008746683962135834,0.03135349789504075,2.868544806521685e-05,2.1680861909756944e-05,0.0336410921620609,0.05867006473063422,0.01103427822915597,1.734468952780551e-05,0.01103427822915597,7.571624082330492e-05,6.0039309903942276e-05,0.007670169012949881,3.635713766405392e-05,3.1353861838725436e-05,0.020453784034533032,0.008208426487542862,2.201441363144549e-05,4.96992065315967e-05,3.335517216885683e-05,2.5016379126642606e-05,3.435582733392253e-05,2.83518963435283e-05,2.4015723961576885e-05,0.013321872496176118,0.01009232764861827,0.021395734615070737,0.00941950580537705,2.068020674469121e-05,0.011303406966452463,0.008208426487542862,3.535648249898819e-05,6.904520638953365e-05,0.011572535703748946,0.006189960957819207
2024-05-29,2.4015723961576885e-05,0.015340338025899763,0.018166189767512893,0.01910814034805058,3.268806872547969e-05,0.007266475907005157,0.015340338025899763,3.535648249898819e-05,0.009688634542673541,5.90386547388765e-05,7.304782704979651e-05,0.05234553940416677,2.2347965353134078e-05,0.5558854068858944,0.010496020754563002,0.013187308127527868,0.008746683962135834,0.03135349789504075,2.868544806521685e-05,2.1680861909756944e-05,0.0336410921620609,0.05867006473063422,0.01103427822915597,1.734468952780551e-05,0.01103427822915597,7.571624082330492e-05,6.0039309903942276e-05,0.007670169012949881,3.635713766405392e-05,3.1353861838725436e-05,0.020453784034533032,0.008208426487542862,2.201441363144549e-05,4.96992065315967e-05,3.335517216885683e-05,2.5016379126642606e-05,3.435582733392253e-05,2.83518963435283e-05,2.4015723961576885e-05,0.013321872496176118,0.01009232764861827,0.021395734615070737,0.00941950580537705,2.068020674469121e-05,0.011303406966452463,0.008208426487542862,3.535648249898819e-05,6.904520638953365e-05,0.011572535703748946,0.006189960957819207
2024-05-30,2.4015723961576885e-05,0.015340338025899763,0.018166189767512893,0.01910814034805058,3.268806872547969e-05,0.007266475907005157,0.015340338025899763,3.535648249898819e-05,0.009688634542673541,5.90386547388765e-05,7.304782704979651e-05,0.05234553940416677,2.2347965353134078e-05,0.5558854068858944,0.010496020754563002,0.013187308127527868,0.008746683962135834,0.03135349789504075,2.868544806521685e-05,2.1680861909756944e-05,0.0336410921620609,0.05867006473063422,0.01103427822915597,1.734468952780551e-05,0.01103427822915597,7.571624082330492e-05,6.0039309903942276e-05,0.007670169012949881,3.635713766405392e-05,3.1353861838725436e-05,0.020453784034533032,0.008208426487542862,2.201441363144549e-05,4.96992065315967e-05,3.335517216885683e-05,2.5016379126642606e-05,3.435582733392253e-05,2.83518963435283e-05,2.4015723961576885e-05,0.013321872496176118,0.01009232764861827,0.021395734615070737,0.00941950580537705,2.068020674469121e-05,0.011303406966452463,0.008208426487542862,3.535648249898819e-05,6.904520638953365e-05,0.011572535703748946,0.006189960957819207
2024-05-31,2.4015723961576885e-05,0.015340338025899763,0.018166189767512893,0.01910814034805058,3.268806872547969e-05,0.007266475907005157,0.015340338025899763,3.535648249898819e-05,0.009688634542673541,5.90386547388765e-05,7.304782704979651e-05,0.05234553940416677,2.2347965353134078e-05,0.5558854068858944,0.010496020754563002,0.013187308127527868,0.008746683962135834,0.03135349789504075,2.868544806521685e-05,2.1680861909756944e-05,0.0336410921620609,0.05867006473063422,0.01103427822915597,1.734468952780551e-05,0.01103427822915597,7.571624082330492e-05,6.0039309903942276e-05,0.007670169012949881,3.635713766405392e-05,3.1353861838725436e-05,0.020453784034533032,0.008208426487542862,2.201441363144549e-05,4.96992065315967e-05,3.335517216885683e-05,2.5016379126642606e-05,3.435582733392253e-05,2.83518963435283e-05,2.4015723961576885e-05,0.013321872496176118,0.01009232764861827,0.021395734615070737,0.00941950580537705,2.068020674469121e-05,0.011303406966452463,0.008208426487542862,3.535648249898819e-05,6.904520638953365e-05,0.011572535703748946,0.006189960957819207
2024-06-03,2.4015723961576885e-05,0.015340338025899763,0.018166189767512893,0.01910814034805058,3.268806872547969e-05,0.007266475907005157,0.015340338025899763,3.535648249898819e-05,0.009688634542673541,5.90386547388765e-05,7.304782704979651e-05,0.05234553940416677,2.2347965353134078e-05,0.5558854068858944,0.010496020754563002,0.013187308127527868,0.008746683962135834,0.03135349789504075,2.868544806521685e-05,2.1680861909756944e-05,0.0336410921620609,0.05867006473063422,0.01103427822915597,1.734468952780551e-05,0.01103427822915597,7.571624082330492e-05,6.0039309903942276e-05,0.007670169012949881,3.635713766405392e-05,3.1353861838725436e-05,0.020453784034533032,0.008208426487542862,2.201441363144549e-05,4.96992065315967e-05,3.335517216885683e-05,2.5016379126642606e-05,3.435582733392253e-05,2.83518963435283e-05,2.4015723961576885e-05,0.013321872496176118,0.01009232764861827,0.021395734615070737,0.00941950580537705,2.068020674469121e-05,0.011303406966452463,0.008208426487542862,3.535648249898819e-05,6.904520638953365e-05,0.011572535703748946,0.006189960957819207
2024-06-04,2.4015723961576885e-05,0.015340338025899763,0.018166189767512893,0.01910814034805058,3.268806872547969e-05,0.007266475907005157,0.015340338025899763,3.535648249898819e-05,0.009688634542673541,5.90386547388765e-05,7.304782704979651e-05,0.05234553940416677,2.2347965353134078e-05,0.5558854068858944,0.010496020754563002,0.013187308127527868,0.008746683962135834,0.03135349789504075,2.868544806521685e-05,2.1680861909756944e-05,0.0336410921620609,0.05867006473063422,0.01103427822915597,1.734468952780551e-05,0.01103427822915597,7.571624082330492e-05,6.0039309903942276e-05,0.007670169012949881,3.635713766405392e-05,3.1353861838725436e-05,0.020453784034533032,0.008208426487542862,2.201441363144549e-05,4.96992065315967e-05,3.335517216885683e-05,2.5016379126642606e-05,3.435582733392253e-05,2.83518963435283e-05,2.4015723961576885e-05,0.013321872496176118,0.01009232764861827,0.021395734615070737,0.00941950580537705,2.068020674469121e-05,0.011303406966452463,0.008208426487542862,3.535648249898819e-05,6.904520638953365e-05,0.011572535703748946,0.006189960957819207
2024-06-05,2.4015723961576885e-05,0.015340338025899763,0.018166189767512893,0.01910814034805058,3.268806872547969e-05,0.007266475907005157,0.015340338025899763,3.535648249898819e-05,0.009688634542673541,5.90386547388765e-05,7.304782704979651e-05,0.05234553940416677,2.2347965353134078e-05,0.5558854068858944,0.010496020754563002,0.013187308127527868,0.008746683962135834,0.03135349789504075,2.868544806521685e-05,2.1680861909756944e-05,0.0336410921620609,0.05867006473063422,0.01103427822915597,1.734468952780551e-05,0.01103427822915597,7.571624082330492e-05,6.0039309903942276e-05,0.007670169012949881,3.635713766405392e-05,3.1353861838725436e-05,0.020453784034533032,0.008208426487542862,2.201441363144549e-05,4.96992065315967e-05,3.335517216885683e-05,2.5016379126642606e-05,3.435582733392253e-05,2.83518963435283e-05,2.4015723961576885e-05,0.013321872496176118,0.01009232764861827,0.021395734615070737,0.00941950580537705,2.068020674469121e-05,0.011303406966452463,0.008208426487542862,3.535648249898819e-05,6.904520638953365e-05,0.011572535703748946,0.006189960957819207
2024-06-06,2.4015723961576885e-05,0.015340338025899763,0.018166189767512893,0.01910814034805058,3.268806872547969e-05,0.007266475907005157,0.015340338025899763,3.535648249898819e-05,0.009688634542673541,5.90386547388765e-05,7.304782704979651e-05,0.05234553940416677,2.2347965353134078e-05,0.5558854068858944,0.010496020754563002,0.013187308127527868,0.008746683962135834,0.03135349789504075,2.868544806521685e-05,2.1680861909756944e-05,0.0336410921620609,0.05867006473063422,0.01103427822915597,1.734468952780551e-05,0.01103427822915597,7.571624082330492e-05,6.0039309903942276e-05,0.007670169012949881,3.635713766405392e-05,3.1353861838725436e-05,0.020453784034533032,0.008208426487542862,2.201441363144549e-05,4.96992065315967e-05,3.335517216885683e-05,2.5016379126642606e-05,3.435582733392253e-05,2.83518963435283e-05,2.4015723961576885e-05,0.013321872496176118,0.01009232764861827,0.021395734615070737,0.00941950580537705,2.068020674469121e-05,0.011303406966452463,0.008208426487542862,3.535648249898819e-05,6.904520638953365e-05,0.011572535703748946,0.006189960957819207
2024-06-07,2.4015723961576885e-05,0.015340338025899763,0.018166189767512893,0.01910814034805058,3.268806872547969e-05,0.007266475907005157,0.015340338025899763,3.535648249898819e-05,0.009688634542673541,5.90386547388765e-05,7.304782704979651e-05,0.05234553940416677,2.2347965353134078e-05,0.5558854068858944,0.010496020754563002,0.013187308127527868,0.008746683962135834,0.03135349789504075,2.868544806521685e-05,2.1680861909756944e-05,0.0336410921620609,0.05867006473063422,0.01103427822915597,1.734468952780551e-05,0.01103427822915597,7.571624082330492e-05,6.0039309903942276e-05,0.007670169012949881,3.635713766405392e-05,3.1353861838725436e-05,0.020453784034533032,0.008208426487542862,2.201441363144549e-05,4.96992065315967e-05,3.335517216885683e-05,2.5016379126642606e-05,3.435582733392253e-05,2.83518963435283e-05,2.4015723961576885e-05,0.013321872496176118,0.01009232764861827,0.021395734615070737,0.00941950580537705,2.068020674469121e-05,0.011303406966452463,0.008208426487542862,3.535648249898819e-05,6.904520638953365e-05,0.011572535703748946,0.006189960957819207
2024-06-11,2.4015723961576885e-05,0.015340338025899763,0.018166189767512893,0.01910814034805058,3.268806872547969e-05,0.007266475907005157,0.015340338025899763,3.535648249898819e-05,0.009688634542673541,5.90386547388765e-05,7.304782704979651e-05,0.05234553940416677,2.2347965353134078e-05,0.5558854068858944,0.010496020754563002,0.013187308127527868,0.008746683962135834,0.03135349789504075,2.868544806521685e-05,2.1680861909756944e-05,0.0336410921620609,0.05867006473063422,0.01103427822915597,1.734468952780551e-05,0.01103427822915597,7.571624082330492e-05,6.0039309903942276e-05,0.007670169012949881,3.635713766405392e-05,3.1353861838725436e-05,0.020453784034533032,0.008208426487542862,2.201441363144549e-05,4.96992065315967e-05,3.335517216885683e-05,2.5016379126642606e-05,3.435582733392253e-05,2.83518963435283e-05,2.4015723961576885e-05,0.013321872496176118,0.01009232764861827,0.021395734615070737,0.00941950580537705,2.068020674469121e-05,0.011303406966452463,0.008208426487542862,3.535648249898819e-05,6.904520638953365e-05,0.011572535703748946,0.006189960957819207
2024-06-12,2.4015723961576885e-05,0.015340338025899763,0.018166189767512893,0.01910814034805058,3.268806872547969e-05,0.007266475907005157,0.015340338025899763,3.535648249898819e-05,0.009688634542673541,5.90386547388765e-05,7.304782704979651e-05,0.05234553940416677,2.2347965353134078e-05,0.5558854068858944,0.010496020754563002,0.013187308127527868,0.008746683962135834,0.03135349789504075,2.868544806521685e-05,2.1680861909756944e-05,0.0336410921620609,0.05867006473063422,0.01103427822915597,1.734468952780551e-05,0.01103427822915597,7.571624082330492e-05,6.0039309903942276e-05,0.007670169012949881,3.635713766405392e-05,3.1353861838725436e-05,0.020453784034533032,0.008208426487542862,2.201441363144549e-05,4.96992065315967e-05,3.335517216885683e-05,2.5016379126642606e-05,3.435582733392253e-05,2.83518963435283e-05,2.4015723961576885e-05,0.013321872496176118,0.01009232764861827,0.021395734615070737,0.00941950580537705,2.068020674469121e-05,0.011303406966452463,0.008208426487542862,3.535648249898819e-05,6.904520638953365e-05,0.011572535703748946,0.006189960957819207
2024-06-13,2.4015723961576885e-05,0.015340338025899763,0.018166189767512893,0.01910814034805058,3.268806872547969e-05,0.007266475907005157,0.015340338025899763,3.535648249898819e-05,0.009688634542673541,5.90386547388765e-05,7.304782704979651e-05,0.05234553940416677,2.2347965353134078e-05,0.5558854068858944,0.010496020754563002,0.013187308127527868,0.008746683962135834,0.03135349789504075,2.868544806521685e-05,2.1680861909756944e-05,0.0336410921620609,0.05867006473063422,0.01103427822915597,1.734468952780551e-05,0.01103427822915597,7.571624082330492e-05,6.0039309903942276e-05,0.007670169012949881,3.635713766405392e-05,3.1353861838725436e-05,0.020453784034533032,0.008208426487542862,2.201441363144549e-05,4.96992065315967e-05,3.335517216885683e-05,2.5016379126642606e-05,3.435582733392253e-05,2.83518963435283e-05,2.4015723961576885e-05,0.013321872496176118,0.01009232764861827,0.021395734615070737,0.00941950580537705,2.068020674469121e-05,0.011303406966452463,0.008208426487542862,3.535648249898819e-05,6.904520638953365e-05,0.011572535703748946,0.006189960957819207
2024-06-14,2.4015723961576885e-05,0.015340338025899763,0.018166189767512893,0.01910814034805058,3.268806872547969e-05,0.007266475907005157,0.015340338025899763,3.535648249898819e-05,0.009688634542673541,5.90386547388765e-05,7.304782704979651e-05,0.05234553940416677,2.2347965353134078e-05,0.5558854068858944,0.010496020754563002,0.013187308127527868,0.008746683962135834,0.03135349789504075,2.868544806521685e-05,2.1680861909756944e-05,0.0336410921620609,0.05867006473063422,0.01103427822915597,1.734468952780551e-05,0.01103427822915597,7.571624082330492e-05,6.0039309903942276e-05,0.007670169012949881,3.635713766405392e-05,3.1353861838725436e-05,0.020453784034533032,0.008208426487542862,2.201441363144549e-05,4.96992065315967e-05,3.335517216885683e-05,2.5016379126642606e-05,3.435582733392253e-05,2.83518963435283e-05,2.4015723961576885e-05,0.013321872496176118,0.01009232764861827,0.021395734615070737,0.00941950580537705,2.068020674469121e-05,0.011303406966452463,0.008208426487542862,3.535648249898819e-05,6.904520638953365e-05,0.011572535703748946,0.006189960957819207
2024-06-17,2.4015723961576885e-05,0.015340338025899763,0.018166189767512893,0.01910814034805058,3.268806872547969e-05,0.007266475907005157,0.015340338025899763,3.535648249898819e-05,0.009688634542673541,5.90386547388765e-05,7.304782704979651e-05,0.05234553940416677,2.2347965353134078e-05,0.5558854068858944,0.010496020754563002,0.013187308127527868,0.008746683962135834,0.03135349789504075,2.868544806521685e-05,2.1680861909756944e-05,0.0336410921620609,0.05867006473063422,0.01103427822915597,1.734468952780551e-05,0.01103427822915597,7.571624082330492e-05,6.0039309903942276e-05,0.007670169012949881,3.635713766405392e-05,3.1353861838725436e-05,0.020453784034533032,0.008208426487542862,2.201441363144549e-05,4.96992065315967e-05,3.335517216885683e-05,2.5016379126642606e-05,3.435582733392253e-05,2.83518963435283e-05,2.4015723961576885e-05,0.013321872496176118,0.01009232764861827,0.021395734615070737,0.00941950580537705,2.068020674469121e-05,0.011303406966452463,0.008208426487542862,3.535648249898819e-05,6.904520638953365e-05,0.011572535703748946,0.006189960957819207
2024-06-18,2.4015723961576885e-05,0.015340338025899763,0.018166189767512893,0.01910814034805058,3.268806872547969e-05,0.007266475907005157,0.015340338025899763,3.535648249898819e-05,0.009688634542673541,5.90386547388765e-05,7.304782704979651e-05,0.05234553940416677,2.2347965353134078e-05,0.5558854068858944,0.010496020754563002,0.013187308127527868,0.008746683962135834,0.03135349789504075,2.868544806521685e-05,2.1680861909756944e-05,0.0336410921620609,0.05867006473063422,0.01103427822915597,1.734468952780551e-05,0.01103427822915597,7.571624082330492e-05,6.0039309903942276e-05,0.007670169012949881,3.635713766405392e-05,3.1353861838725436e-05,0.020453784034533032,0.008208426487542862,2.201441363144549e-05,4.96992065315967e-05,3.335517216885683e-05,2.5016379126642606e-05,3.435582733392253e-05,2.83518963435283e-05,2.4015723961576885e-05,0.013321872496176118,0.01009232764861827,0.021395734615070737,0.00941950580537705,2.068020674469121e-05,0.011303406966452463,0.008208426487542862,3.535648249898819e-05,6.904520638953365e-05,0.011572535703748946,0.006189960957819207
2024-06-19,2.4015723961576885e-05,0.015340338025899763,0.018166189767512893,0.01910814034805058,3.268806872547969e-05,0.007266475907005157,0.015340338025899763,3.535648249898819e-05,0.009688634542673541,5.90386547388765e-05,7.304782704979651e-05,0.05234553940416677,2.2347965353134078e-05,0.5558854068858944,0.010496020754563002,0.013187308127527868,0.008746683962135834,0.03135349789504075,2.868544806521685e-05,2.1680861909756944e-05,0.0336410921620609,0.05867006473063422,0.01103427822915597,1.734468952780551e-05,0.01103427822915597,7.571624082330492e-05,6.0039309903942276e-05,0.007670169012949881,3.635713766405392e-05,3.1353861838725436e-05,0.020453784034533032,0.008208426487542862,2.201441363144549e-05,4.96992065315967e-05,3.335517216885683e-05,2.5016379126642606e-05,3.435582733392253e-05,2.83518963435283e-05,2.4015723961576885e-05,0.013321872496176118,0.01009232764861827,0.021395734615070737,0.00941950580537705,2.068020674469121e-05,0.011303406966452463,0.008208426487542862,3.535648249898819e-05,6.904520638953365e-05,0.011572535703748946,0.006189960957819207
2024-06-20,2.4015723961576885e-05,0.015340338025899763,0.018166189767512893,0.01910814034805058,3.268806872547969e-05,0.007266475907005157,0.015340338025899763,3.535648249898819e-05,0.009688634542673541,5.90386547388765e-05,7.304782704979651e-05,0.05234553940416677,2.2347965353134078e-05,0.5558854068858944,0.010496020754563002,0.013187308127527868,0.008746683962135834,0.03135349789504075,2.868544806521685e-05,2.1680861909756944e-05,0.0336410921620609,0.05867006473063422,0.01103427822915597,1.734468952780551e-05,0.01103427822915597,7.571624082330492e-05,6.0039309903942276e-05,0.007670169012949881,3.635713766405392e-05,3.1353861838725436e-05,0.020453784034533032,0.008208426487542862,2.201441363144549e-05,4.96992065315967e-05,3.335517216885683e-05,2.5016379126642606e-05,3.435582733392253e-05,2.83518963435283e-05,2.4015723961576885e-05,0.013321872496176118,0.01009232764861827,0.021395734615070737,0.00941950580537705,2.068020674469121e-05,0.011303406966452463,0.008208426487542862,3.535648249898819e-05,6.904520638953365e-05,0.011572535703748946,0.006189960957819207
2024-06-21,2.4015723961576885e-05,0.015340338025899763,0.018166189767512893,0.01910814034805058,3.268806872547969e-05,0.007266475907005157,0.015340338025899763,3.535648249898819e-05,0.009688634542673541,5.90386547388765e-05,7.304782704979651e-05,0.05234553940416677,2.2347965353134078e-05,0.5558854068858944,0.010496020754563002,0.013187308127527868,0.008746683962135834,0.03135349789504075,2.868544806521685e-05,2.1680861909756944e-05,0.0336410921620609,0.05867006473063422,0.01103427822915597,1.734468952780551e-05,0.01103427822915597,7.571624082330492e-05,6.0039309903942276e-05,0.007670169012949881,3.635713766405392e-05,3.1353861838725436e-05,0.020453784034533032,0.008208426487542862,2.201441363144549e-05,4.96992065315967e-05,3.335517216885683e-05,2.5016379126642606e-05,3.435582733392253e-05,2.83518963435283e-05,2.4015723961576885e-05,0.013321872496176118,0.01009232764861827,0.021395734615070737,0.00941950580537705,2.068020674469121e-05,0.011303406966452463,0.008208426487542862,3.535648249898819e-05,6.904520638953365e-05,0.011572535703748946,0.006189960957819207
2024-06-24,2.4015723961576885e-05,0.015340338025899763,0.018166189767512893,0.01910814034805058,3.268806872547969e-05,0.007266475907005157,0.015340338025899763,3.535648249898819e-05,0.009688634542673541,5.90386547388765e-05,7.304782704979651e-05,0.05234553940416677,2.2347965353134078e-05,0.5558854068858944,0.010496020754563002,0.013187308127527868,0.008746683962135834,0.03135349789504075,2.868544806521685e-05,2.1680861909756944e-05,0.0336410921620609,0.05867006473063422,0.01103427822915597,1.734468952780551e-05,0.01103427822915597,7.571624082330492e-05,6.0039309903942276e-05,0.007670169012949881,3.635713766405392e-05,3.1353861838725436e-05,0.020453784034533032,0.008208426487542862,2.201441363144549e-05,4.96992065315967e-05,3.335517216885683e-05,2.5016379126642606e-05,3.435582733392253e-05,2.83518963435283e-05,2.4015723961576885e-05,0.013321872496176118,0.01009232764861827,0.021395734615070737,0.00941950580537705,2.068020674469121e-05,0.011303406966452463,0.008208426487542862,3.535648249898819e-05,6.904520638953365e-05,0.011572535703748946,0.006189960957819207
2024-06-25,2.4015723961576885e-05,0.015340338025899763,0.018166189767512893,0.01910814034805058,3.268806872547969e-05,0.007266475907005157,0.015340338025899763,3.535648249898819e-05,0.009688634542673541,5.90386547388765e-05,7.304782704979651e-05,0.05234553940416677,2.2347965353134078e-05,0.5558854068858944,0.010496020754563002,0.013187308127527868,0.008746683962135834,0.03135349789504075,2.868544806521685e-05,2.1680861909756944e-05,0.0336410921620609,0.05867006473063422,0.01103427822915597,1.734468952780551e-05,0.01103427822915597,7.571624082330492e-05,6.0039309903942276e-05,0.007670169012949881,3.635713766405392e-05,3.1353861838725436e-05,0.020453784034533032,0.008208426487542862,2.201441363144549e-05,4.96992065315967e-05,3.335517216885683e-05,2.5016379126642606e-05,3.435582733392253e-05,2.83518963435283e-05,2.4015723961576885e-05,0.013321872496176118,0.01009232764861827,0.021395734615070737,0.00941950580537705,2.068020674469121e-05,0.011303406966452463,0.008208426487542862,3.535648249898819e-05,6.904520638953365e-05,0.011572535703748946,0.006189960957819207
2024-06-26,2.4015723961576885e-05,0.015340338025899763,0.018166189767512893,0.01910814034805058,3.268806872547969e-05,0.007266475907005157,0.015340338025899763,3.535648249898819e-05,0.009688634542673541,5.90386547388765e-05,7.304782704979651e-05,0.05234553940416677,2.2347965353134078e-05,0.5558854068858944,0.010496020754563002,0.013187308127527868,0.008746683962135834,0.03135349789504075,2.868544806521685e-05,2.1680861909756944e-05,0.0336410921620609,0.05867006473063422,0.01103427822915597,1.734468952780551e-05,0.01103427822915597,7.571624082330492e-05,6.0039309903942276e-05,0.007670169012949881,3.635713766405392e-05,3.1353861838725436e-05,0.020453784034533032,0.008208426487542862,2.201441363144549e-05,4.96992065315967e-05,3.335517216885683e-05,2.5016379126642606e-05,3.435582733392253e-05,2.83518963435283e-05,2.4015723961576885e-05,0.013321872496176118,0.01009232764861827,0.021395734615070737,0.00941950580537705,2.068020674469121e-05,0.011303406966452463,0.008208426487542862,3.535648249898819e-05,6.904520638953365e-05,0.011572535703748946,0.006189960957819207
2024-06-27,2.4015723961576885e-05,0.015340338025899763,0.018166189767512893,0.01910814034805058,3.268806872547969e-05,0.007266475907005157,0.015340338025899763,3.535648249898819e-05,0.009688634542673541,5.90386547388765e-05,7.304782704979651e-05,0.05234553940416677,2.2347965353134078e-05,0.5558854068858944,0.010496020754563002,0.013187308127527868,0.008746683962135834,0.03135349789504075,2.868544806521685e-05,2.1680861909756944e-05,0.0336410921620609,0.05867006473063422,0.01103427822915597,1.734468952780551e-05,0.01103427822915597,7.571624082330492e-05,6.0039309903942276e-05,0.007670169012949881,3.635713766405392e-05,3.1353861838725436e-05,0.020453784034533032,0.008208426487542862,2.201441363144549e-05,4.96992065315967e-05,3.335517216885683e-05,2.5016379126642606e-05,3.435582733392253e-05,2.83518963435283e-05,2.4015723961576885e-05,0.013321872496176118,0.01009232764861827,0.021395734615070737,0.00941950580537705,2.068020674469121e-05,0.011303406966452463,0.008208426487542862,3.535648249898819e-05,6.904520638953365e-05,0.011572535703748946,0.006189960957819207
2024-06-28,2.4015723961576885e-05,0.015340338025899763,0.018166189767512893,0.01910814034805058,3.268806872547969e-05,0.007266475907005157,0.015340338025899763,3.535648249898819e-05,0.009688634542673541,5.90386547388765e-05,7.304782704979651e-05,0.05234553940416677,2.2347965353134078e-05,0.5558854068858944,0.010496020754563002,0.013187308127527868,0.008746683962135834,0.03135349789504075,2.868544806521685e-05,2.1680861909756944e-05,0.0336410921620609,0.05867006473063422,0.01103427822915597,1.734468952780551e-05,0.01103427822915597,7.571624082330492e-05,6.0039309903942276e-05,0.007670169012949881,3.635713766405392e-05,3.1353861838725436e-05,0.020453784034533032,0.008208426487542862,2.201441363144549e-05,4.96992065315967e-05,3.335517216885683e-05,2.5016379126642606e-05,3.435582733392253e-05,2.83518963435283e-05,2.4015723961576885e-05,0.013321872496176118,0.01009232764861827,0.021395734615070737,0.00941950580537705,2.068020674469121e-05,0.011303406966452463,0.008208426487542862,3.535648249898819e-05,6.904520638953365e-05,0.011572535703748946,0.006189960957819207
2024-07-01,2.4015723961576885e-05,0.015340338025899763,0.018166189767512893,0.01910814034805058,3.268806872547969e-05,0.007266475907005157,0.015340338025899763,3.535648249898819e-05,0.009688634542673541,5.90386547388765e-05,7.304782704979651e-05,0.05234553940416677,2.2347965353134078e-05,0.5558854068858944,0.010496020754563002,0.013187308127527868,0.008746683962135834,0.03135349789504075,2.868544806521685e-05,2.1680861909756944e-05,0.0336410921620609,0.05867006473063422,0.01103427822915597,1.734468952780551e-05,0.01103427822915597,7.571624082330492e-05,6.0039309903942276e-05,0.007670169012949881,3.635713766405392e-05,3.1353861838725436e-05,0.020453784034533032,0.008208426487542862,2.201441363144549e-05,4.96992065315967e-05,3.335517216885683e-05,2.5016379126642606e-05,3.435582733392253e-05,2.83518963435283e-05,2.4015723961576885e-05,0.013321872496176118,0.01009232764861827,0.021395734615070737,0.00941950580537705,2.068020674469121e-05,0.011303406966452463,0.008208426487542862,3.535648249898819e-05,6.904520638953365e-05,0.011572535703748946,0.006189960957819207
2024-07-02,2.4015723961576885e-05,0.015340338025899763,0.018166189767512893,0.01910814034805058,3.268806872547969e-05,0.007266475907005157,0.015340338025899763,3.535648249898819e-05,0.009688634542673541,5.90386547388765e-05,7.304782704979651e-05,0.05234553940416677,2.2347965353134078e-05,0.5558854068858944,0.010496020754563002,0.013187308127527868,0.008746683962135834,0.03135349789504075,2.868544806521685e-05,2.1680861909756944e-05,0.0336410921620609,0.05867006473063422,0.01103427822915597,1.734468952780551e-05,0.01103427822915597,7.571624082330492e-05,6.0039309903942276e-05,0.007670169012949881,3.635713766405392e-05,3.1353861838725436e-05,0.020453784034533032,0.008208426487542862,2.201441363144549e-05,4.96992065315967e-05,3.335517216885683e-05,2.5016379126642606e-05,3.435582733392253e-05,2.83518963435283e-05,2.4015723961576885e-05,0.013321872496176118,0.01009232764861827,0.021395734615070737,0.00941950580537705,2.068020674469121e-05,0.011303406966452463,0.008208426487542862,3.535648249898819e-05,6.904520638953365e-05,0.011572535703748946,0.006189960957819207
2024-07-03,2.4015723961576885e-05,0.015340338025899763,0.018166189767512893,0.01910814034805058,3.268806872547969e-05,0.007266475907005157,0.015340338025899763,3.535648249898819e-05,0.009688634542673541,5.90386547388765e-05,7.304782704979651e-05,0.05234553940416677,2.2347965353134078e-05,0.5558854068858944,0.010496020754563002,0.013187308127527868,0.008746683962135834,0.03135349789504075,2.868544806521685e-05,2.1680861909756944e-05,0.0336410921620609,0.05867006473063422,0.01103427822915597,1.734468952780551e-05,0.01103427822915597,7.571624082330492e-05,6.0039309903942276e-05,0.007670169012949881,3.635713766405392e-05,3.1353861838725436e-05,0.020453784034533032,0.008208426487542862,2.201441363144549e-05,4.96992065315967e-05,3.335517216885683e-05,2.5016379126642606e-05,3.435582733392253e-05,2.83518963435283e-05,2.4015723961576885e-05,0.013321872496176118,0.01009232764861827,0.021395734615070737,0.00941950580537705,2.068020674469121e-05,0.011303406966452463,0.008208426487542862,3.535648249898819e-05,6.904520638953365e-05,0.011572535703748946,0.006189960957819207
2024-07-04,2.4015723961576885e-05,0.015340338025899763,0.018166189767512893,0.01910814034805058,3.268806872547969e-05,0.007266475907005157,0.015340338025899763,3.535648249898819e-05,0.009688634542673541,5.90386547388765e-05,7.304782704979651e-05,0.05234553940416677,2.2347965353134078e-05,0.5558854068858944,0.010496020754563002,0.013187308127527868,0.008746683962135834,0.03135349789504075,2.868544806521685e-05,2.1680861909756944e-05,0.0336410921620609,0.05867006473063422,0.01103427822915597,1.734468952780551e-05,0.01103427822915597,7.571624082330492e-05,6.0039309903942276e-05,0.007670169012949881,3.635713766405392e-05,3.1353861838725436e-05,0.020453784034533032,0.008208426487542862,2.201441363144549e-05,4.96992065315967e-05,3.335517216885683e-05,2.5016379126642606e-05,3.435582733392253e-05,2.83518963435283e-05,2.4015723961576885e-05,0.013321872496176118,0.01009232764861827,0.021395734615070737,0.00941950580537705,2.068020674469121e-05,0.011303406966452463,0.008208426487542862,3.535648249898819e-05,6.904520638953365e-05,0.011572535703748946,0.006189960957819207
2024-07-05,2.4015723961576885e-05,0.015340338025899763,0.018166189767512893,0.01910814034805058,3.268806872547969e-05,0.007266475907005157,0.015340338025899763,3.535648249898819e-05,0.009688634542673541,5.90386547388765e-05,7.304782704979651e-05,0.05234553940416677,2.2347965353134078e-05,0.5558854068858944,0.010496020754563002,0.013187308127527868,0.008746683962135834,0.03135349789504075,2.868544806521685e-05,2.1680861909756944e-05,0.0336410921620609,0.05867006473063422,0.01103427822915597,1.734468952780551e-05,0.01103427822915597,7.571624082330492e-05,6.0039309903942276e-05,0.007670169012949881,3.635713766405392e-05,3.1353861838725436e-05,0.020453784034533032,0.008208426487542862,2.201441363144549e-05,4.96992065315967e-05,3.335517216885683e-05,2.5016379126642606e-05,3.435582733392253e-05,2.83518963435283e-05,2.4015723961576885e-05,0.013321872496176118,0.01009232764861827,0.021395734615070737,0.00941950580537705,2.068020674469121e-05,0.011303406966452463,0.008208426487542862,3.535648249898819e-05,6.904520638953365e-05,0.011572535703748946,0.006189960957819207
2024-07-08,2.4015723961576885e-05,0.015340338025899763,0.018166189767512893,0.01910814034805058,3.268806872547969e-05,0.007266475907005157,0.015340338025899763,3.535648249898819e-05,0.009688634542673541,5.90386547388765e-05,7.304782704979651e-05,0.05234553940416677,2.2347965353134078e-05,0.5558854068858944,0.010496020754563002,0.013187308127527868,0.008746683962135834,0.03135349789504075,2.868544806521685e-05,2.1680861909756944e-05,0.0336410921620609,0.05867006473063422,0.01103427822915597,1.734468952780551e-05,0.01103427822915597,7.571624082330492e-05,6.0039309903942276e-05,0.007670169012949881,3.635713766405392e-05,3.1353861838725436e-05,0.020453784034533032,0.008208426487542862,2.201441363144549e-05,4.96992065315967e-05,3.335517216885683e-05,2.5016379126642606e-05,3.435582733392253e-05,2.83518963435283e-05,2.4015723961576885e-05,0.013321872496176118,0.01009232764861827,0.021395734615070737,0.00941950580537705,2.068020674469121e-05,0.011303406966452463,0.008208426487542862,3.535648249898819e-05,6.904520638953365e-05,0.011572535703748946,0.006189960957819207
2024-07-09,2.4015723961576885e-05,0.015340338025899763,0.018166189767512893,0.01910814034805058,3.268806872547969e-05,0.007266475907005157,0.015340338025899763,3.535648249898819e-05,0.009688634542673541,5.90386547388765e-05,7.304782704979651e-05,0.05234553940416677,2.2347965353134078e-05,0.5558854068858944,0.010496020754563002,0.013187308127527868,0.008746683962135834,0.03135349789504075,2.868544806521685e-05,2.1680861909756944e-05,0.0336410921620609,0.05867006473063422,0.01103427822915597,1.734468952780551e-05,0.01103427822915597,7.571624082330492e-05,6.0039309903942276e-05,0.007670169012949881,3.635713766405392e-05,3.1353861838725436e-05,0.020453784034533032,0.008208426487542862,2.201441363144549e-05,4.96992065315967e-05,3.335517216885683e-05,2.5016379126642606e-05,3.435582733392253e-05,2.83518963435283e-05,2.4015723961576885e-05,0.013321872496176118,0.01009232764861827,0.021395734615070737,0.00941950580537705,2.068020674469121e-05,0.011303406966452463,0.008208426487542862,3.535648249898819e-05,6.904520638953365e-05,0.011572535703748946,0.006189960957819207
2024-07-10,2.4015723961576885e-05,0.015340338025899763,0.018166189767512893,0.01910814034805058,3.268806872547969e-05,0.007266475907005157,0.015340338025899763,3.535648249898819e-05,0.009688634542673541,5.90386547388765e-05,7.304782704979651e-05,0.05234553940416677,2.2347965353134078e-05,0.5558854068858944,0.010496020754563002,0.013187308127527868,0.008746683962135834,0.03135349789504075,2.868544806521685e-05,2.1680861909756944e-05,0.0336410921620609,0.05867006473063422,0.01103427822915597,1.734468952780551e-05,0.01103427822915597,7.571624082330492e-05,6.0039309903942276e-05,0.007670169012949881,3.635713766405392e-05,3.1353861838725436e-05,0.020453784034533032,0.008208426487542862,2.201441363144549e-05,4.96992065315967e-05,3.335517216885683e-05,2.5016379126642606e-05,3.435582733392253e-05,2.83518963435283e-05,2.4015723961576885e-05,0.013321872496176118,0.01009232764861827,0.021395734615070737,0.00941950580537705,2.068020674469121e-05,0.011303406966452463,0.008208426487542862,3.535648249898819e-05,6.904520638953365e-05,0.011572535703748946,0.006189960957819207
2024-07-11,2.4015723961576885e-05,0.015340338025899763,0.018166189767512893,0.01910814034805058,3.268806872547969e-05,0.007266475907005157,0.015340338025899763,3.535648249898819e-05,0.009688634542673541,5.90386547388765e-05,7.304782704979651e-05,0.05234553940416677,2.2347965353134078e-05,0.5558854068858944,0.010496020754563002,0.013187308127527868,0.008746683962135834,0.03135349789504075,2.868544806521685e-05,2.1680861909756944e-05,0.0336410921620609,0.05867006473063422,0.01103427822915597,1.734468952780551e-05,0.01103427822915597,7.571624082330492e-05,6.0039309903942276e-05,0.007670169012949881,3.635713766405392e-05,3.1353861838725436e-05,0.020453784034533032,0.008208426487542862,2.201441363144549e-05,4.96992065315967e-05,3.335517216885683e-05,2.5016379126642606e-05,3.435582733392253e-05,2.83518963435283e-05,2.4015723961576885e-05,0.013321872496176118,0.01009232764861827,0.021395734615070737,0.00941950580537705,2.068020674469121e-05,0.011303406966452463,0.008208426487542862,3.535648249898819e-05,6.904520638953365e-05,0.011572535703748946,0.006189960957819207
2024-07-12,2.4015723961576885e-05,0.015340338025899763,0.018166189767512893,0.01910814034805058,3.268806872547969e-05,0.007266475907005157,0.015340338025899763,3.535648249898819e-05,0.009688634542673541,5.90386547388765e-05,7.304782704979651e-05,0.05234553940416677,2.2347965353134078e-05,0.5558854068858944,0.010496020754563002,0.013187308127527868,0.008746683962135834,0.03135349789504075,2.868544806521685e-05,2.1680861909756944e-05,0.0336410921620609,0.05867006473063422,0.01103427822915597,1.734468952780551e-05,0.01103427822915597,7.571624082330492e-05,6.0039309903942276e-05,0.007670169012949881,3.635713766405392e-05,3.1353861838725436e-05,0.020453784034533032,0.008208426487542862,2.201441363144549e-05,4.96992065315967e-05,3.335517216885683e-05,2.5016379126642606e-05,3.435582733392253e-05,2.83518963435283e-05,2.4015723961576885e-05,0.013321872496176118,0.01009232764861827,0.021395734615070737,0.00941950580537705,2.068020674469121e-05,0.011303406966452463,0.008208426487542862,3.535648249898819e-05,6.904520638953365e-05,0.011572535703748946,0.006189960957819207
2024-07-15,2.4015723961576885e-05,0.015340338025899763,0.018166189767512893,0.01910814034805058,3.268806872547969e-05,0.007266475907005157,0.015340338025899763,3.535648249898819e-05,0.009688634542673541,5.90386547388765e-05,7.304782704979651e-05,0.05234553940416677,2.2347965353134078e-05,0.5558854068858944,0.010496020754563002,0.013187308127527868,0.008746683962135834,0.03135349789504075,2.868544806521685e-05,2.1680861909756944e-05,0.0336410921620609,0.05867006473063422,0.01103427822915597,1.734468952780551e-05,0.01103427822915597,7.571624082330492e-05,6.0039309903942276e-05,0.007670169012949881,3.635713766405392e-05,3.1353861838725436e-05,0.020453784034533032,0.008208426487542862,2.201441363144549e-05,4.96992065315967e-05,3.335517216885683e-05,2.5016379126642606e-05,3.435582733392253e-05,2.83518963435283e-05,2.4015723961576885e-05,0.013321872496176118,0.01009232764861827,0.021395734615070737,0.00941950580537705,2.068020674469121e-05,0.011303406966452463,0.008208426487542862,3.535648249898819e-05,6.904520638953365e-05,0.011572535703748946,0.006189960957819207
2024-07-16,2.4015723961576885e-05,0.015340338025899763,0.018166189767512893,0.01910814034805058,3.268806872547969e-05,0.007266475907005157,0.015340338025899763,3.535648249898819e-05,0.009688634542673541,5.90386547388765e-05,7.304782704979651e-05,0.05234553940416677,2.2347965353134078e-05,0.5558854068858944,0.010496020754563002,0.013187308127527868,0.008746683962135834,0.03135349789504075,2.868544806521685e-05,2.1680861909756944e-05,0.0336410921620609,0.05867006473063422,0.01103427822915597,1.734468952780551e-05,0.01103427822915597,7.571624082330492e-05,6.0039309903942276e-05,0.007670169012949881,3.635713766405392e-05,3.1353861838725436e-05,0.020453784034533032,0.008208426487542862,2.201441363144549e-05,4.96992065315967e-05,3.335517216885683e-05,2.5016379126642606e-05,3.435582733392253e-05,2.83518963435283e-05,2.4015723961576885e-05,0.013321872496176118,0.01009232764861827,0.021395734615070737,0.00941950580537705,2.068020674469121e-05,0.011303406966452463,0.008208426487542862,3.535648249898819e-05,6.904520638953365e-05,0.011572535703748946,0.006189960957819207
2024-07-17,2.4015723961576885e-05,0.015340338025899763,0.018166189767512893,0.01910814034805058,3.268806872547969e-05,0.007266475907005157,0.015340338025899763,3.535648249898819e-05,0.009688634542673541,5.90386547388765e-05,7.304782704979651e-05,0.05234553940416677,2.2347965353134078e-05,0.5558854068858944,0.010496020754563002,0.013187308127527868,0.008746683962135834,0.03135349789504075,2.868544806521685e-05,2.1680861909756944e-05,0.0336410921620609,0.05867006473063422,0.01103427822915597,1.734468952780551e-05,0.01103427822915597,7.571624082330492e-05,6.0039309903942276e-05,0.007670169012949881,3.635713766405392e-05,3.1353861838725436e-05,0.020453784034533032,0.008208426487542862,2.201441363144549e-05,4.96992065315967e-05,3.335517216885683e-05,2.5016379126642606e-05,3.435582733392253e-05,2.83518963435283e-05,2.4015723961576885e-05,0.013321872496176118,0.01009232764861827,0.021395734615070737,0.00941950580537705,2.068020674469121e-05,0.011303406966452463,0.008208426487542862,3.535648249898819e-05,6.904520638953365e-05,0.011572535703748946,0.006189960957819207
2024-07-18,2.4015723961576885e-05,0.015340338025899763,0.018166189767512893,0.01910814034805058,3.268806872547969e-05,0.007266475907005157,0.015340338025899763,3.535648249898819e-05,0.009688634542673541,5.90386547388765e-05,7.304782704979651e-05,0.05234553940416677,2.2347965353134078e-05,0.5558854068858944,0.010496020754563002,0.013187308127527868,0.008746683962135834,0.03135349789504075,2.868544806521685e-05,2.1680861909756944e-05,0.0336410921620609,0.05867006473063422,0.01103427822915597,1.734468952780551e-05,0.01103427822915597,7.571624082330492e-05,6.0039309903942276e-05,0.007670169012949881,3.635713766405392e-05,3.1353861838725436e-05,0.020453784034533032,0.008208426487542862,2.201441363144549e-05,4.96992065315967e-05,3.335517216885683e-05,2.5016379126642606e-05,3.435582733392253e-05,2.83518963435283e-05,2.4015723961576885e-05,0.013321872496176118,0.01009232764861827,0.021395734615070737,0.00941950580537705,2.068020674469121e-05,0.011303406966452463,0.008208426487542862,3.535648249898819e-05,6.904520638953365e-05,0.011572535703748946,0.006189960957819207
2024-07-19,2.4015723961576885e-05,0.015340338025899763,0.018166189767512893,0.01910814034805058,3.268806872547969e-05,0.007266475907005157,0.015340338025899763,3.535648249898819e-05,0.009688634542673541,5.90386547388765e-05,7.304782704979651e-05,0.05234553940416677,2.2347965353134078e-05,0.5558854068858944,0.010496020754563002,0.013187308127527868,0.008746683962135834,0.03135349789504075,2.868544806521685e-05,2.1680861909756944e-05,0.0336410921620609,0.05867006473063422,0.01103427822915597,1.734468952780551e-05,0.01103427822915597,7.571624082330492e-05,6.0039309903942276e-05,0.007670169012949881,3.635713766405392e-05,3.1353861838725436e-05,0.020453784034533032,0.008208426487542862,2.201441363144549e-05,4.96992065315967e-05,3.335517216885683e-05,2.5016379126642606e-05,3.435582733392253e-05,2.83518963435283e-05,2.4015723961576885e-05,0.013321872496176118,0.01009232764861827,0.021395734615070737,0.00941950580537705,2.068020674469121e-05,0.011303406966452463,0.008208426487542862,3.535648249898819e-05,6.904520638953365e-05,0.011572535703748946,0.006189960957819207
2024-07-22,2.4015723961576885e-05,0.015340338025899763,0.018166189767512893,0.01910814034805058,3.268806872547969e-05,0.007266475907005157,0.015340338025899763,3.535648249898819e-05,0.009688634542673541,5.90386547388765e-05,7.304782704979651e-05,0.05234553940416677,2.2347965353134078e-05,0.5558854068858944,0.010496020754563002,0.013187308127527868,0.008746683962135834,0.03135349789504075,2.868544806521685e-05,2.1680861909756944e-05,0.0336410921620609,0.05867006473063422,0.01103427822915597,1.734468952780551e-05,0.01103427822915597,7.571624082330492e-05,6.0039309903942276e-05,0.007670169012949881,3.635713766405392e-05,3.1353861838725436e-05,0.020453784034533032,0.008208426487542862,2.201441363144549e-05,4.96992065315967e-05,3.335517216885683e-05,2.5016379126642606e-05,3.435582733392253e-05,2.83518963435283e-05,2.4015723961576885e-05,0.013321872496176118,0.01009232764861827,0.021395734615070737,0.00941950580537705,2.068020674469121e-05,0.011303406966452463,0.008208426487542862,3.535648249898819e-05,6.904520638953365e-05,0.011572535703748946,0.006189960957819207
2024-07-23,2.4015723961576885e-05,0.015340338025899763,0.018166189767512893,0.01910814034805058,3.268806872547969e-05,0.007266475907005157,0.015340338025899763,3.535648249898819e-05,0.009688634542673541,5.90386547388765e-05,7.304782704979651e-05,0.05234553940416677,2.2347965353134078e-05,0.5558854068858944,0.010496020754563002,0.013187308127527868,0.008746683962135834,0.03135349789504075,2.868544806521685e-05,2.1680861909756944e-05,0.0336410921620609,0.05867006473063422,0.01103427822915597,1.734468952780551e-05,0.01103427822915597,7.571624082330492e-05,6.0039309903942276e-05,0.007670169012949881,3.635713766405392e-05,3.1353861838725436e-05,0.020453784034533032,0.008208426487542862,2.201441363144549e-05,4.96992065315967e-05,3.335517216885683e-05,2.5016379126642606e-05,3.435582733392253e-05,2.83518963435283e-05,2.4015723961576885e-05,0.013321872496176118,0.01009232764861827,0.021395734615070737,0.00941950580537705,2.068020674469121e-05,0.011303406966452463,0.008208426487542862,3.535648249898819e-05,6.904520638953365e-05,0.011572535703748946,0.006189960957819207
2024-07-26,2.4015723961576885e-05,0.015340338025899763,0.018166189767512893,0.01910814034805058,3.268806872547969e-05,0.007266475907005157,0.015340338025899763,3.535648249898819e-05,0.009688634542673541,5.90386547388765e-05,7.304782704979651e-05,0.05234553940416677,2.2347965353134078e-05,0.5558854068858944,0.010496020754563002,0.013187308127527868,0.008746683962135834,0.03135349789504075,2.868544806521685e-05,2.1680861909756944e-05,0.0336410921620609,0.05867006473063422,0.01103427822915597,1.734468952780551e-05,0.01103427822915597,7.571624082330492e-05,6.0039309903942276e-05,0.007670169012949881,3.635713766405392e-05,3.1353861838725436e-05,0.020453784034533032,0.008208426487542862,2.201441363144549e-05,4.96992065315967e-05,3.335517216885683e-05,2.5016379126642606e-05,3.435582733392253e-05,2.83518963435283e-05,2.4015723961576885e-05,0.013321872496176118,0.01009232764861827,0.021395734615070737,0.00941950580537705,2.068020674469121e-05,0.011303406966452463,0.008208426487542862,3.535648249898819e-05,6.904520638953365e-05,0.011572535703748946,0.006189960957819207
2024-07-29,2.4015723961576885e-05,0.015340338025899763,0.018166189767512893,0.01910814034805058,3.268806872547969e-05,0.007266475907005157,0.015340338025899763,3.535648249898819e-05,0.009688634542673541,5.90386547388765e-05,7.304782704979651e-05,0.05234553940416677,2.2347965353134078e-05,0.5558854068858944,0.010496020754563002,0.013187308127527868,0.008746683962135834,0.03135349789504075,2.868544806521685e-05,2.1680861909756944e-05,0.0336410921620609,0.05867006473063422,0.01103427822915597,1.734468952780551e-05,0.01103427822915597,7.571624082330492e-05,6.0039309903942276e-05,0.007670169012949881,3.635713766405392e-05,3.1353861838725436e-05,0.020453784034533032,0.008208426487542862,2.201441363144549e-05,4.96992065315967e-05,3.335517216885683e-05,2.5016379126642606e-05,3.435582733392253e-05,2.83518963435283e-05,2.4015723961576885e-05,0.013321872496176118,0.01009232764861827,0.021395734615070737,0.00941950580537705,2.068020674469121e-05,0.011303406966452463,0.008208426487542862,3.535648249898819e-05,6.904520638953365e-05,0.011572535703748946,0.006189960957819207
2024-07-30,2.4015723961576885e-05,0.015340338025899763,0.018166189767512893,0.01910814034805058,3.268806872547969e-05,0.007266475907005157,0.015340338025899763,3.535648249898819e-05,0.009688634542673541,5.90386547388765e-05,7.304782704979651e-05,0.05234553940416677,2.2347965353134078e-05,0.5558854068858944,0.010496020754563002,0.013187308127527868,0.008746683962135834,0.03135349789504075,2.868544806521685e-05,2.1680861909756944e-05,0.0336410921620609,0.05867006473063422,0.01103427822915597,1.734468952780551e-05,0.01103427822915597,7.571624082330492e-05,6.0039309903942276e-05,0.007670169012949881,3.635713766405392e-05,3.1353861838725436e-05,0.020453784034533032,0.008208426487542862,2.201441363144549e-05,4.96992065315967e-05,3.335517216885683e-05,2.5016379126642606e-05,3.435582733392253e-05,2.83518963435283e-05,2.4015723961576885e-05,0.013321872496176118,0.01009232764861827,0.021395734615070737,0.00941950580537705,2.068020674469121e-05,0.011303406966452463,0.008208426487542862,3.535648249898819e-05,6.904520638953365e-05,0.011572535703748946,0.006189960957819207
2024-07-31,2.4015723961576885e-05,0.015340338025899763,0.018166189767512893,0.01910814034805058,3.268806872547969e-05,0.007266475907005157,0.015340338025899763,3.535648249898819e-05,0.009688634542673541,5.90386547388765e-05,7.304782704979651e-05,0.05234553940416677,2.2347965353134078e-05,0.5558854068858944,0.010496020754563002,0.013187308127527868,0.008746683962135834,0.03135349789504075,2.868544806521685e-05,2.1680861909756944e-05,0.0336410921620609,0.05867006473063422,0.01103427822915597,1.734468952780551e-05,0.01103427822915597,7.571624082330492e-05,6.0039309903942276e-05,0.007670169012949881,3.635713766405392e-05,3.1353861838725436e-05,0.020453784034533032,0.008208426487542862,2.201441363144549e-05,4.96992065315967e-05,3.335517216885683e-05,2.5016379126642606e-05,3.435582733392253e-05,2.83518963435283e-05,2.4015723961576885e-05,0.013321872496176118,0.01009232764861827,0.021395734615070737,0.00941950580537705,2.068020674469121e-05,0.011303406966452463,0.008208426487542862,3.535648249898819e-05,6.904520638953365e-05,0.011572535703748946,0.006189960957819207
2024-08-01,2.4015723961576885e-05,0.015340338025899763,0.018166189767512893,0.01910814034805058,3.268806872547969e-05,0.007266475907005157,0.015340338025899763,3.535648249898819e-05,0.009688634542673541,5.90386547388765e-05,7.304782704979651e-05,0.05234553940416677,2.2347965353134078e-05,0.5558854068858944,0.010496020754563002,0.013187308127527868,0.008746683962135834,0.03135349789504075,2.868544806521685e-05,2.1680861909756944e-05,0.0336410921620609,0.05867006473063422,0.01103427822915597,1.734468952780551e-05,0.01103427822915597,7.571624082330492e-05,6.0039309903942276e-05,0.007670169012949881,3.635713766405392e-05,3.1353861838725436e-05,0.020453784034533032,0.008208426487542862,2.201441363144549e-05,4.96992065315967e-05,3.335517216885683e-05,2.5016379126642606e-05,3.435582733392253e-05,2.83518963435283e-05,2.4015723961576885e-05,0.013321872496176118,0.01009232764861827,0.021395734615070737,0.00941950580537705,2.068020674469121e-05,0.011303406966452463,0.008208426487542862,3.535648249898819e-05,6.904520638953365e-05,0.011572535703748946,0.006189960957819207
2024-08-02,2.4015723961576885e-05,0.015340338025899763,0.018166189767512893,0.01910814034805058,3.268806872547969e-05,0.007266475907005157,0.015340338025899763,3.535648249898819e-05,0.009688634542673541,5.90386547388765e-05,7.304782704979651e-05,0.05234553940416677,2.2347965353134078e-05,0.5558854068858944,0.010496020754563002,0.013187308127527868,0.008746683962135834,0.03135349789504075,2.868544806521685e-05,2.1680861909756944e-05,0.0336410921620609,0.05867006473063422,0.01103427822915597,1.734468952780551e-05,0.01103427822915597,7.571624082330492e-05,6.0039309903942276e-05,0.007670169012949881,3.635713766405392e-05,3.1353861838725436e-05,0.020453784034533032,0.008208426487542862,2.201441363144549e-05,4.96992065315967e-05,3.335517216885683e-05,2.5016379126642606e-05,3.435582733392253e-05,2.83518963435283e-05,2.4015723961576885e-05,0.013321872496176118,0.01009232764861827,0.021395734615070737,0.00941950580537705,2.068020674469121e-05,0.011303406966452463,0.008208426487542862,3.535648249898819e-05,6.904520638953365e-05,0.011572535703748946,0.006189960957819207
2024-08-05,2.4015723961576885e-05,0.015340338025899763,0.018166189767512893,0.01910814034805058,3.268806872547969e-05,0.007266475907005157,0.015340338025899763,3.535648249898819e-05,0.009688634542673541,5.90386547388765e-05,7.304782704979651e-05,0.05234553940416677,2.2347965353134078e-05,0.5558854068858944,0.010496020754563002,0.013187308127527868,0.008746683962135834,0.03135349789504075,2.868544806521685e-05,2.1680861909756944e-05,0.0336410921620609,0.05867006473063422,0.01103427822915597,1.734468952780551e-05,0.01103427822915597,7.571624082330492e-05,6.0039309903942276e-05,0.007670169012949881,3.635713766405392e-05,3.1353861838725436e-05,0.020453784034533032,0.008208426487542862,2.201441363144549e-05,4.96992065315967e-05,3.335517216885683e-05,2.5016379126642606e-05,3.435582733392253e-05,2.83518963435283e-05,2.4015723961576885e-05,0.013321872496176118,0.01009232764861827,0.021395734615070737,0.00941950580537705,2.068020674469121e-05,0.011303406966452463,0.008208426487542862,3.535648249898819e-05,6.904520638953365e-05,0.011572535703748946,0.006189960957819207
2024-08-06,2.4015723961576885e-05,0.015340338025899763,0.018166189767512893,0.01910814034805058,3.268806872547969e-05,0.007266475907005157,0.015340338025899763,3.535648249898819e-05,0.009688634542673541,5.90386547388765e-05,7.304782704979651e-05,0.05234553940416677,2.2347965353134078e-05,0.5558854068858944,0.010496020754563002,0.013187308127527868,0.008746683962135834,0.03135349789504075,2.868544806521685e-05,2.1680861909756944e-05,0.0336410921620609,0.05867006473063422,0.01103427822915597,1.734468952780551e-05,0.01103427822915597,7.571624082330492e-05,6.0039309903942276e-05,0.007670169012949881,3.635713766405392e-05,3.1353861838725436e-05,0.020453784034533032,0.008208426487542862,2.201441363144549e-05,4.96992065315967e-05,3.335517216885683e-05,2.5016379126642606e-05,3.435582733392253e-05,2.83518963435283e-05,2.4015723961576885e-05,0.013321872496176118,0.01009232764861827,0.021395734615070737,0.00941950580537705,2.068020674469121e-05,0.011303406966452463,0.008208426487542862,3.535648249898819e-05,6.904520638953365e-05,0.011572535703748946,0.006189960957819207
2024-08-07,2.4015723961576885e-05,0.015340338025899763,0.018166189767512893,0.01910814034805058,3.268806872547969e-05,0.007266475907005157,0.015340338025899763,3.535648249898819e-05,0.009688634542673541,5.90386547388765e-05,7.304782704979651e-05,0.05234553940416677,2.2347965353134078e-05,0.5558854068858944,0.010496020754563002,0.013187308127527868,0.008746683962135834,0.03135349789504075,2.868544806521685e-05,2.1680861909756944e-05,0.0336410921620609,0.05867006473063422,0.01103427822915597,1.734468952780551e-05,0.01103427822915597,7.571624082330492e-05,6.0039309903942276e-05,0.007670169012949881,3.635713766405392e-05,3.1353861838725436e-05,0.020453784034533032,0.008208426487542862,2.201441363144549e-05,4.96992065315967e-05,3.335517216885683e-05,2.5016379126642606e-05,3.435582733392253e-05,2.83518963435283e-05,2.4015723961576885e-05,0.013321872496176118,0.01009232764861827,0.021395734615070737,0.00941950580537705,2.068020674469121e-05,0.011303406966452463,0.008208426487542862,3.535648249898819e-05,6.904520638953365e-05,0.011572535703748946,0.006189960957819207
2024-08-08,2.4015723961576885e-05,0.015340338025899763,0.018166189767512893,0.01910814034805058,3.268806872547969e-05,0.007266475907005157,0.015340338025899763,3.535648249898819e-05,0.009688634542673541,5.90386547388765e-05,7.304782704979651e-05,0.05234553940416677,2.2347965353134078e-05,0.5558854068858944,0.010496020754563002,0.013187308127527868,0.008746683962135834,0.03135349789504075,2.868544806521685e-05,2.1680861909756944e-05,0.0336410921620609,0.05867006473063422,0.01103427822915597,1.734468952780551e-05,0.01103427822915597,7.571624082330492e-05,6.0039309903942276e-05,0.007670169012949881,3.635713766405392e-05,3.1353861838725436e-05,0.020453784034533032,0.008208426487542862,2.201441363144549e-05,4.96992065315967e-05,3.335517216885683e-05,2.5016379126642606e-05,3.435582733392253e-05,2.83518963435283e-05,2.4015723961576885e-05,0.013321872496176118,0.01009232764861827,0.021395734615070737,0.00941950580537705,2.068020674469121e-05,0.011303406966452463,0.008208426487542862,3.535648249898819e-05,6.904520638953365e-05,0.011572535703748946,0.006189960957819207
2024-08-09,2.4015723961576885e-05,0.015340338025899763,0.018166189767512893,0.01910814034805058,3.268806872547969e-05,0.007266475907005157,0.015340338025899763,3.535648249898819e-05,0.009688634542673541,5.90386547388765e-05,7.304782704979651e-05,0.05234553940416677,2.2347965353134078e-05,0.5558854068858944,0.010496020754563002,0.013187308127527868,0.008746683962135834,0.03135349789504075,2.868544806521685e-05,2.1680861909756944e-05,0.0336410921620609,0.05867006473063422,0.01103427822915597,1.734468952780551e-05,0.01103427822915597,7.571624082330492e-05,6.0039309903942276e-05,0.007670169012949881,3.635713766405392e-05,3.1353861838725436e-05,0.020453784034533032,0.008208426487542862,2.201441363144549e-05,4.96992065315967e-05,3.335517216885683e-05,2.5016379126642606e-05,3.435582733392253e-05,2.83518963435283e-05,2.4015723961576885e-05,0.013321872496176118,0.01009232764861827,0.021395734615070737,0.00941950580537705,2.068020674469121e-05,0.011303406966452463,0.008208426487542862,3.535648249898819e-05,6.904520638953365e-05,0.011572535703748946,0.006189960957819207
2024-08-12,2.4015723961576885e-05,0.015340338025899763,0.018166189767512893,0.01910814034805058,3.268806872547969e-05,0.007266475907005157,0.015340338025899763,3.535648249898819e-05,0.009688634542673541,5.90386547388765e-05,7.304782704979651e-05,0.05234553940416677,2.2347965353134078e-05,0.5558854068858944,0.010496020754563002,0.013187308127527868,0.008746683962135834,0.03135349789504075,2.868544806521685e-05,2.1680861909756944e-05,0.0336410921620609,0.05867006473063422,0.01103427822915597,1.734468952780551e-05,0.01103427822915597,7.571624082330492e-05,6.0039309903942276e-05,0.007670169012949881,3.635713766405392e-05,3.1353861838725436e-05,0.020453784034533032,0.008208426487542862,2.201441363144549e-05,4.96992065315967e-05,3.335517216885683e-05,2.5016379126642606e-05,3.435582733392253e-05,2.83518963435283e-05,2.4015723961576885e-05,0.013321872496176118,0.01009232764861827,0.021395734615070737,0.00941950580537705,2.068020674469121e-05,0.011303406966452463,0.008208426487542862,3.535648249898819e-05,6.904520638953365e-05,0.011572535703748946,0.006189960957819207
2024-08-13,2.4015723961576885e-05,0.015340338025899763,0.018166189767512893,0.01910814034805058,3.268806872547969e-05,0.007266475907005157,0.015340338025899763,3.535648249898819e-05,0.009688634542673541,5.90386547388765e-05,7.304782704979651e-05,0.05234553940416677,2.2347965353134078e-05,0.5558854068858944,0.010496020754563002,0.013187308127527868,0.008746683962135834,0.03135349789504075,2.868544806521685e-05,2.1680861909756944e-05,0.0336410921620609,0.05867006473063422,0.01103427822915597,1.734468952780551e-05,0.01103427822915597,7.571624082330492e-05,6.0039309903942276e-05,0.007670169012949881,3.635713766405392e-05,3.1353861838725436e-05,0.020453784034533032,0.008208426487542862,2.201441363144549e-05,4.96992065315967e-05,3.335517216885683e-05,2.5016379126642606e-05,3.435582733392253e-05,2.83518963435283e-05,2.4015723961576885e-05,0.013321872496176118,0.01009232764861827,0.021395734615070737,0.00941950580537705,2.068020674469121e-05,0.011303406966452463,0.008208426487542862,3.535648249898819e-05,6.904520638953365e-05,0.011572535703748946,0.006189960957819207
2024-08-14,2.4015723961576885e-05,0.015340338025899763,0.018166189767512893,0.01910814034805058,3.268806872547969e-05,0.007266475907005157,0.015340338025899763,3.535648249898819e-05,0.009688634542673541,5.90386547388765e-05,7.304782704979651e-05,0.05234553940416677,2.2347965353134078e-05,0.5558854068858944,0.010496020754563002,0.013187308127527868,0.008746683962135834,0.03135349789504075,2.868544806521685e-05,2.1680861909756944e-05,0.0336410921620609,0.05867006473063422,0.01103427822915597,1.734468952780551e-05,0.01103427822915597,7.571624082330492e-05,6.0039309903942276e-05,0.007670169012949881,3.635713766405392e-05,3.1353861838725436e-05,0.020453784034533032,0.008208426487542862,2.201441363144549e-05,4.96992065315967e-05,3.335517216885683e-05,2.5016379126642606e-05,3.435582733392253e-05,2.83518963435283e-05,2.4015723961576885e-05,0.013321872496176118,0.01009232764861827,0.021395734615070737,0.00941950580537705,2.068020674469121e-05,0.011303406966452463,0.008208426487542862,3.535648249898819e-05,6.904520638953365e-05,0.011572535703748946,0.006189960957819207
2024-08-15,2.4015723961576885e-05,0.015340338025899763,0.018166189767512893,0.01910814034805058,3.268806872547969e-05,0.007266475907005157,0.015340338025899763,3.535648249898819e-05,0.009688634542673541,5.90386547388765e-05,7.304782704979651e-05,0.05234553940416677,2.2347965353134078e-05,0.5558854068858944,0.010496020754563002,0.013187308127527868,0.008746683962135834,0.03135349789504075,2.868544806521685e-05,2.1680861909756944e-05,0.0336410921620609,0.05867006473063422,0.01103427822915597,1.734468952780551e-05,0.01103427822915597,7.571624082330492e-05,6.0039309903942276e-05,0.007670169012949881,3.635713766405392e-05,3.1353861838725436e-05,0.020453784034533032,0.008208426487542862,2.201441363144549e-05,4.96992065315967e-05,3.335517216885683e-05,2.5016379126642606e-05,3.435582733392253e-05,2.83518963435283e-05,2.4015723961576885e-05,0.013321872496176118,0.01009232764861827,0.021395734615070737,0.00941950580537705,2.068020674469121e-05,0.011303406966452463,0.008208426487542862,3.535648249898819e-05,6.904520638953365e-05,0.011572535703748946,0.006189960957819207
2024-08-16,2.4015723961576885e-05,0.015340338025899763,0.018166189767512893,0.01910814034805058,3.268806872547969e-05,0.007266475907005157,0.015340338025899763,3.535648249898819e-05,0.009688634542673541,5.90386547388765e-05,7.304782704979651e-05,0.05234553940416677,2.2347965353134078e-05,0.5558854068858944,0.010496020754563002,0.013187308127527868,0.008746683962135834,0.03135349789504075,2.868544806521685e-05,2.1680861909756944e-05,0.0336410921620609,0.05867006473063422,0.01103427822915597,1.734468952780551e-05,0.01103427822915597,7.571624082330492e-05,6.0039309903942276e-05,0.007670169012949881,3.635713766405392e-05,3.1353861838725436e-05,0.020453784034533032,0.008208426487542862,2.201441363144549e-05,4.96992065315967e-05,3.335517216885683e-05,2.5016379126642606e-05,3.435582733392253e-05,2.83518963435283e-05,2.4015723961576885e-05,0.013321872496176118,0.01009232764861827,0.021395734615070737,0.00941950580537705,2.068020674469121e-05,0.011303406966452463,0.008208426487542862,3.535648249898819e-05,6.904520638953365e-05,0.011572535703748946,0.006189960957819207
2024-08-19,2.4015723961576885e-05,0.015340338025899763,0.018166189767512893,0.01910814034805058,3.268806872547969e-05,0.007266475907005157,0.015340338025899763,3.535648249898819e-05,0.009688634542673541,5.90386547388765e-05,7.304782704979651e-05,0.05234553940416677,2.2347965353134078e-05,0.5558854068858944,0.010496020754563002,0.013187308127527868,0.008746683962135834,0.03135349789504075,2.868544806521685e-05,2.1680861909756944e-05,0.0336410921620609,0.05867006473063422,0.01103427822915597,1.734468952780551e-05,0.01103427822915597,7.571624082330492e-05,6.0039309903942276e-05,0.007670169012949881,3.635713766405392e-05,3.1353861838725436e-05,0.020453784034533032,0.008208426487542862,2.201441363144549e-05,4.96992065315967e-05,3.335517216885683e-05,2.5016379126642606e-05,3.435582733392253e-05,2.83518963435283e-05,2.4015723961576885e-05,0.013321872496176118,0.01009232764861827,0.021395734615070737,0.00941950580537705,2.068020674469121e-05,0.011303406966452463,0.008208426487542862,3.535648249898819e-05,6.904520638953365e-05,0.011572535703748946,0.006189960957819207
2024-08-20,2.4015723961576885e-05,0.015340338025899763,0.018166189767512893,0.01910814034805058,3.268806872547969e-05,0.007266475907005157,0.015340338025899763,3.535648249898819e-05,0.009688634542673541,5.90386547388765e-05,7.304782704979651e-05,0.05234553940416677,2.2347965353134078e-05,0.5558854068858944,0.010496020754563002,0.013187308127527868,0.008746683962135834,0.03135349789504075,2.868544806521685e-05,2.1680861909756944e-05,0.0336410921620609,0.05867006473063422,0.01103427822915597,1.734468952780551e-05,0.01103427822915597,7.571624082330492e-05,6.0039309903942276e-05,0.007670169012949881,3.635713766405392e-05,3.1353861838725436e-05,0.020453784034533032,0.008208426487542862,2.201441363144549e-05,4.96992065315967e-05,3.335517216885683e-05,2.5016379126642606e-05,3.435582733392253e-05,2.83518963435283e-05,2.4015723961576885e-05,0.013321872496176118,0.01009232764861827,0.021395734615070737,0.00941950580537705,2.068020674469121e-05,0.011303406966452463,0.008208426487542862,3.535648249898819e-05,6.904520638953365e-05,0.011572535703748946,0.006189960957819207
2024-08-21,2.4015723961576885e-05,0.015340338025899763,0.018166189767512893,0.01910814034805058,3.268806872547969e-05,0.007266475907005157,0.015340338025899763,3.535648249898819e-05,0.009688634542673541,5.90386547388765e-05,7.304782704979651e-05,0.05234553940416677,2.2347965353134078e-05,0.5558854068858944,0.010496020754563002,0.013187308127527868,0.008746683962135834,0.03135349789504075,2.868544806521685e-05,2.1680861909756944e-05,0.0336410921620609,0.05867006473063422,0.01103427822915597,1.734468952780551e-05,0.01103427822915597,7.571624082330492e-05,6.0039309903942276e-05,0.007670169012949881,3.635713766405392e-05,3.1353861838725436e-05,0.020453784034533032,0.008208426487542862,2.201441363144549e-05,4.96992065315967e-05,3.335517216885683e-05,2.5016379126642606e-05,3.435582733392253e-05,2.83518963435283e-05,2.4015723961576885e-05,0.013321872496176118,0.01009232764861827,0.021395734615070737,0.00941950580537705,2.068020674469121e-05,0.011303406966452463,0.008208426487542862,3.535648249898819e-05,6.904520638953365e-05,0.011572535703748946,0.006189960957819207
2024-08-22,2.4015723961576885e-05,0.015340338025899763,0.018166189767512893,0.01910814034805058,3.268806872547969e-05,0.007266475907005157,0.015340338025899763,3.535648249898819e-05,0.009688634542673541,5.90386547388765e-05,7.304782704979651e-05,0.05234553940416677,2.2347965353134078e-05,0.5558854068858944,0.010496020754563002,0.013187308127527868,0.008746683962135834,0.03135349789504075,2.868544806521685e-05,2.1680861909756944e-05,0.0336410921620609,0.05867006473063422,0.01103427822915597,1.734468952780551e-05,0.01103427822915597,7.571624082330492e-05,6.0039309903942276e-05,0.007670169012949881,3.635713766405392e-05,3.1353861838725436e-05,0.020453784034533032,0.008208426487542862,2.201441363144549e-05,4.96992065315967e-05,3.335517216885683e-05,2.5016379126642606e-05,3.435582733392253e-05,2.83518963435283e-05,2.4015723961576885e-05,0.013321872496176118,0.01009232764861827,0.021395734615070737,0.00941950580537705,2.068020674469121e-05,0.011303406966452463,0.008208426487542862,3.535648249898819e-05,6.904520638953365e-05,0.011572535703748946,0.006189960957819207
2024-08-23,2.4015723961576885e-05,0.015340338025899763,0.018166189767512893,0.01910814034805058,3.268806872547969e-05,0.007266475907005157,0.015340338025899763,3.535648249898819e-05,0.009688634542673541,5.90386547388765e-05,7.304782704979651e-05,0.05234553940416677,2.2347965353134078e-05,0.5558854068858944,0.010496020754563002,0.013187308127527868,0.008746683962135834,0.03135349789504075,2.868544806521685e-05,2.1680861909756944e-05,0.0336410921620609,0.05867006473063422,0.01103427822915597,1.734468952780551e-05,0.01103427822915597,7.571624082330492e-05,6.0039309903942276e-05,0.007670169012949881,3.635713766405392e-05,3.1353861838725436e-05,0.020453784034533032,0.008208426487542862,2.201441363144549e-05,4.96992065315967e-05,3.335517216885683e-05,2.5016379126642606e-05,3.435582733392253e-05,2.83518963435283e-05,2.4015723961576885e-05,0.013321872496176118,0.01009232764861827,0.021395734615070737,0.00941950580537705,2.068020674469121e-05,0.011303406966452463,0.008208426487542862,3.535648249898819e-05,6.904520638953365e-05,0.011572535703748946,0.006189960957819207
2024-08-26,2.4015723961576885e-05,0.015340338025899763,0.018166189767512893,0.01910814034805058,3.268806872547969e-05,0.007266475907005157,0.015340338025899763,3.535648249898819e-05,0.009688634542673541,5.90386547388765e-05,7.304782704979651e-05,0.05234553940416677,2.2347965353134078e-05,0.5558854068858944,0.010496020754563002,0.013187308127527868,0.008746683962135834,0.03135349789504075,2.868544806521685e-05,2.1680861909756944e-05,0.0336410921620609,0.05867006473063422,0.01103427822915597,1.734468952780551e-05,0.01103427822915597,7.571624082330492e-05,6.0039309903942276e-05,0.007670169012949881,3.635713766405392e-05,3.1353861838725436e-05,0.020453784034533032,0.008208426487542862,2.201441363144549e-05,4.96992065315967e-05,3.335517216885683e-05,2.5016379126642606e-05,3.435582733392253e-05,2.83518963435283e-05,2.4015723961576885e-05,0.013321872496176118,0.01009232764861827,0.021395734615070737,0.00941950580537705,2.068020674469121e-05,0.011303406966452463,0.008208426487542862,3.535648249898819e-05,6.904520638953365e-05,0.011572535703748946,0.006189960957819207
2024-08-27,2.4015723961576885e-05,0.015340338025899763,0.018166189767512893,0.01910814034805058,3.268806872547969e-05,0.007266475907005157,0.015340338025899763,3.535648249898819e-05,0.009688634542673541,5.90386547388765e-05,7.304782704979651e-05,0.05234553940416677,2.2347965353134078e-05,0.5558854068858944,0.010496020754563002,0.013187308127527868,0.008746683962135834,0.03135349789504075,2.868544806521685e-05,2.1680861909756944e-05,0.0336410921620609,0.05867006473063422,0.01103427822915597,1.734468952780551e-05,0.01103427822915597,7.571624082330492e-05,6.0039309903942276e-05,0.007670169012949881,3.635713766405392e-05,3.1353861838725436e-05,0.020453784034533032,0.008208426487542862,2.201441363144549e-05,4.96992065315967e-05,3.335517216885683e-05,2.5016379126642606e-05,3.435582733392253e-05,2.83518963435283e-05,2.4015723961576885e-05,0.013321872496176118,0.01009232764861827,0.021395734615070737,0.00941950580537705,2.068020674469121e-05,0.011303406966452463,0.008208426487542862,3.535648249898819e-05,6.904520638953365e-05,0.011572535703748946,0.006189960957819207
2024-08-28,2.4015723961576885e-05,0.015340338025899763,0.018166189767512893,0.01910814034805058,3.268806872547969e-05,0.007266475907005157,0.015340338025899763,3.535648249898819e-05,0.009688634542673541,5.90386547388765e-05,7.304782704979651e-05,0.05234553940416677,2.2347965353134078e-05,0.5558854068858944,0.010496020754563002,0.013187308127527868,0.008746683962135834,0.03135349789504075,2.868544806521685e-05,2.1680861909756944e-05,0.0336410921620609,0.05867006473063422,0.01103427822915597,1.734468952780551e-05,0.01103427822915597,7.571624082330492e-05,6.0039309903942276e-05,0.007670169012949881,3.635713766405392e-05,3.1353861838725436e-05,0.020453784034533032,0.008208426487542862,2.201441363144549e-05,4.96992065315967e-05,3.335517216885683e-05,2.5016379126642606e-05,3.435582733392253e-05,2.83518963435283e-05,2.4015723961576885e-05,0.013321872496176118,0.01009232764861827,0.021395734615070737,0.00941950580537705,2.068020674469121e-05,0.011303406966452463,0.008208426487542862,3.535648249898819e-05,6.904520638953365e-05,0.011572535703748946,0.006189960957819207
2024-08-29,2.4015723961576885e-05,0.015340338025899763,0.018166189767512893,0.01910814034805058,3.268806872547969e-05,0.007266475907005157,0.015340338025899763,3.535648249898819e-05,0.009688634542673541,5.90386547388765e-05,7.304782704979651e-05,0.05234553940416677,2.2347965353134078e-05,0.5558854068858944,0.010496020754563002,0.013187308127527868,0.008746683962135834,0.03135349789504075,2.868544806521685e-05,2.1680861909756944e-05,0.0336410921620609,0.05867006473063422,0.01103427822915597,1.734468952780551e-05,0.01103427822915597,7.571624082330492e-05,6.0039309903942276e-05,0.007670169012949881,3.635713766405392e-05,3.1353861838725436e-05,0.020453784034533032,0.008208426487542862,2.201441363144549e-05,4.96992065315967e-05,3.335517216885683e-05,2.5016379126642606e-05,3.435582733392253e-05,2.83518963435283e-05,2.4015723961576885e-05,0.013321872496176118,0.01009232764861827,0.021395734615070737,0.00941950580537705,2.068020674469121e-05,0.011303406966452463,0.008208426487542862,3.535648249898819e-05,6.904520638953365e-05,0.011572535703748946,0.006189960957819207
2024-08-30,2.4015723961576885e-05,0.015340338025899763,0.018166189767512893,0.01910814034805058,3.268806872547969e-05,0.007266475907005157,0.015340338025899763,3.535648249898819e-05,0.009688634542673541,5.90386547388765e-05,7.304782704979651e-05,0.05234553940416677,2.2347965353134078e-05,0.5558854068858944,0.010496020754563002,0.013187308127527868,0.008746683962135834,0.03135349789504075,2.868544806521685e-05,2.1680861909756944e-05,0.0336410921620609,0.05867006473063422,0.01103427822915597,1.734468952780551e-05,0.01103427822915597,7.571624082330492e-05,6.0039309903942276e-05,0.007670169012949881,3.635713766405392e-05,3.1353861838725436e-05,0.020453784034533032,0.008208426487542862,2.201441363144549e-05,4.96992065315967e-05,3.335517216885683e-05,2.5016379126642606e-05,3.435582733392253e-05,2.83518963435283e-05,2.4015723961576885e-05,0.013321872496176118,0.01009232764861827,0.021395734615070737,0.00941950580537705,2.068020674469121e-05,0.011303406966452463,0.008208426487542862,3.535648249898819e-05,6.904520638953365e-05,0.011572535703748946,0.006189960957819207
2024-09-02,2.4015723961576885e-05,0.015340338025899763,0.018166189767512893,0.01910814034805058,3.268806872547969e-05,0.007266475907005157,0.015340338025899763,3.535648249898819e-05,0.009688634542673541,5.90386547388765e-05,7.304782704979651e-05,0.05234553940416677,2.2347965353134078e-05,0.5558854068858944,0.010496020754563002,0.013187308127527868,0.008746683962135834,0.03135349789504075,2.868544806521685e-05,2.1680861909756944e-05,0.0336410921620609,0.05867006473063422,0.01103427822915597,1.734468952780551e-05,0.01103427822915597,7.571624082330492e-05,6.0039309903942276e-05,0.007670169012949881,3.635713766405392e-05,3.1353861838725436e-05,0.020453784034533032,0.008208426487542862,2.201441363144549e-05,4.96992065315967e-05,3.335517216885683e-05,2.5016379126642606e-05,3.435582733392253e-05,2.83518963435283e-05,2.4015723961576885e-05,0.013321872496176118,0.01009232764861827,0.021395734615070737,0.00941950580537705,2.068020674469121e-05,0.011303406966452463,0.008208426487542862,3.535648249898819e-05,6.904520638953365e-05,0.011572535703748946,0.006189960957819207
2024-09-03,2.4015723961576885e-05,0.015340338025899763,0.018166189767512893,0.01910814034805058,3.268806872547969e-05,0.007266475907005157,0.015340338025899763,3.535648249898819e-05,0.009688634542673541,5.90386547388765e-05,7.304782704979651e-05,0.05234553940416677,2.2347965353134078e-05,0.5558854068858944,0.010496020754563002,0.013187308127527868,0.008746683962135834,0.03135349789504075,2.868544806521685e-05,2.1680861909756944e-05,0.0336410921620609,0.05867006473063422,0.01103427822915597,1.734468952780551e-05,0.01103427822915597,7.571624082330492e-05,6.0039309903942276e-05,0.007670169012949881,3.635713766405392e-05,3.1353861838725436e-05,0.020453784034533032,0.008208426487542862,2.201441363144549e-05,4.96992065315967e-05,3.335517216885683e-05,2.5016379126642606e-05,3.435582733392253e-05,2.83518963435283e-05,2.4015723961576885e-05,0.013321872496176118,0.01009232764861827,0.021395734615070737,0.00941950580537705,2.068020674469121e-05,0.011303406966452463,0.008208426487542862,3.535648249898819e-05,6.904520638953365e-05,0.011572535703748946,0.006189960957819207
2024-09-04,2.4015723961576885e-05,0.015340338025899763,0.018166189767512893,0.01910814034805058,3.268806872547969e-05,0.007266475907005157,0.015340338025899763,3.535648249898819e-05,0.009688634542673541,5.90386547388765e-05,7.304782704979651e-05,0.05234553940416677,2.2347965353134078e-05,0.5558854068858944,0.010496020754563002,0.013187308127527868,0.008746683962135834,0.03135349789504075,2.868544806521685e-05,2.1680861909756944e-05,0.0336410921620609,0.05867006473063422,0.01103427822915597,1.734468952780551e-05,0.01103427822915597,7.571624082330492e-05,6.0039309903942276e-05,0.007670169012949881,3.635713766405392e-05,3.1353861838725436e-05,0.020453784034533032,0.008208426487542862,2.201441363144549e-05,4.96992065315967e-05,3.335517216885683e-05,2.5016379126642606e-05,3.435582733392253e-05,2.83518963435283e-05,2.4015723961576885e-05,0.013321872496176118,0.01009232764861827,0.021395734615070737,0.00941950580537705,2.068020674469121e-05,0.011303406966452463,0.008208426487542862,3.535648249898819e-05,6.904520638953365e-05,0.011572535703748946,0.006189960957819207
2024-09-05,2.4015723961576885e-05,0.015340338025899763,0.018166189767512893,0.01910814034805058,3.268806872547969e-05,0.007266475907005157,0.015340338025899763,3.535648249898819e-05,0.009688634542673541,5.90386547388765e-05,7.304782704979651e-05,0.05234553940416677,2.2347965353134078e-05,0.5558854068858944,0.010496020754563002,0.013187308127527868,0.008746683962135834,0.03135349789504075,2.868544806521685e-05,2.1680861909756944e-05,0.0336410921620609,0.05867006473063422,0.01103427822915597,1.734468952780551e-05,0.01103427822915597,7.571624082330492e-05,6.0039309903942276e-05,0.007670169012949881,3.635713766405392e-05,3.1353861838725436e-05,0.020453784034533032,0.008208426487542862,2.201441363144549e-05,4.96992065315967e-05,3.335517216885683e-05,2.5016379126642606e-05,3.435582733392253e-05,2.83518963435283e-05,2.4015723961576885e-05,0.013321872496176118,0.01009232764861827,0.021395734615070737,0.00941950580537705,2.068020674469121e-05,0.011303406966452463,0.008208426487542862,3.535648249898819e-05,6.904520638953365e-05,0.011572535703748946,0.006189960957819207
2024-09-06,2.4015723961576885e-05,0.015340338025899763,0.018166189767512893,0.01910814034805058,3.268806872547969e-05,0.007266475907005157,0.015340338025899763,3.535648249898819e-05,0.009688634542673541,5.90386547388765e-05,7.304782704979651e-05,0.05234553940416677,2.2347965353134078e-05,0.5558854068858944,0.010496020754563002,0.013187308127527868,0.008746683962135834,0.03135349789504075,2.868544806521685e-05,2.1680861909756944e-05,0.0336410921620609,0.05867006473063422,0.01103427822915597,1.734468952780551e-05,0.01103427822915597,7.571624082330492e-05,6.0039309903942276e-05,0.007670169012949881,3.635713766405392e-05,3.1353861838725436e-05,0.020453784034533032,0.008208426487542862,2.201441363144549e-05,4.96992065315967e-05,3.335517216885683e-05,2.5016379126642606e-05,3.435582733392253e-05,2.83518963435283e-05,2.4015723961576885e-05,0.013321872496176118,0.01009232764861827,0.021395734615070737,0.00941950580537705,2.068020674469121e-05,0.011303406966452463,0.008208426487542862,3.535648249898819e-05,6.904520638953365e-05,0.011572535703748946,0.006189960957819207
2024-09-09,2.4015723961576885e-05,0.015340338025899763,0.018166189767512893,0.01910814034805058,3.268806872547969e-05,0.007266475907005157,0.015340338025899763,3.535648249898819e-05,0.009688634542673541,5.90386547388765e-05,7.304782704979651e-05,0.05234553940416677,2.2347965353134078e-05,0.5558854068858944,0.010496020754563002,0.013187308127527868,0.008746683962135834,0.03135349789504075,2.868544806521685e-05,2.1680861909756944e-05,0.0336410921620609,0.05867006473063422,0.01103427822915597,1.734468952780551e-05,0.01103427822915597,7.571624082330492e-05,6.0039309903942276e-05,0.007670169012949881,3.635713766405392e-05,3.1353861838725436e-05,0.020453784034533032,0.008208426487542862,2.201441363144549e-05,4.96992065315967e-05,3.335517216885683e-05,2.5016379126642606e-05,3.435582733392253e-05,2.83518963435283e-05,2.4015723961576885e-05,0.013321872496176118,0.01009232764861827,0.021395734615070737,0.00941950580537705,2.068020674469121e-05,0.011303406966452463,0.008208426487542862,3.535648249898819e-05,6.904520638953365e-05,0.011572535703748946,0.006189960957819207
2024-09-10,2.4015723961576885e-05,0.015340338025899763,0.018166189767512893,0.01910814034805058,3.268806872547969e-05,0.007266475907005157,0.015340338025899763,3.535648249898819e-05,0.009688634542673541,5.90386547388765e-05,7.304782704979651e-05,0.05234553940416677,2.2347965353134078e-05,0.5558854068858944,0.010496020754563002,0.013187308127527868,0.008746683962135834,0.03135349789504075,2.868544806521685e-05,2.1680861909756944e-05,0.0336410921620609,0.05867006473063422,0.01103427822915597,1.734468952780551e-05,0.01103427822915597,7.571624082330492e-05,6.0039309903942276e-05,0.007670169012949881,3.635713766405392e-05,3.1353861838725436e-05,0.020453784034533032,0.008208426487542862,2.201441363144549e-05,4.96992065315967e-05,3.335517216885683e-05,2.5016379126642606e-05,3.435582733392253e-05,2.83518963435283e-05,2.4015723961576885e-05,0.013321872496176118,0.01009232764861827,0.021395734615070737,0.00941950580537705,2.068020674469121e-05,0.011303406966452463,0.008208426487542862,3.535648249898819e-05,6.904520638953365e-05,0.011572535703748946,0.006189960957819207
2024-09-11,2.4015723961576885e-05,0.015340338025899763,0.018166189767512893,0.01910814034805058,3.268806872547969e-05,0.007266475907005157,0.015340338025899763,3.535648249898819e-05,0.009688634542673541,5.90386547388765e-05,7.304782704979651e-05,0.05234553940416677,2.2347965353134078e-05,0.5558854068858944,0.010496020754563002,0.013187308127527868,0.008746683962135834,0.03135349789504075,2.868544806521685e-05,2.1680861909756944e-05,0.0336410921620609,0.05867006473063422,0.01103427822915597,1.734468952780551e-05,0.01103427822915597,7.571624082330492e-05,6.0039309903942276e-05,0.007670169012949881,3.635713766405392e-05,3.1353861838725436e-05,0.020453784034533032,0.008208426487542862,2.201441363144549e-05,4.96992065315967e-05,3.335517216885683e-05,2.5016379126642606e-05,3.435582733392253e-05,2.83518963435283e-05,2.4015723961576885e-05,0.013321872496176118,0.01009232764861827,0.021395734615070737,0.00941950580537705,2.068020674469121e-05,0.011303406966452463,0.008208426487542862,3.535648249898819e-05,6.904520638953365e-05,0.011572535703748946,0.006189960957819207
2024-09-12,2.4015723961576885e-05,0.015340338025899763,0.018166189767512893,0.01910814034805058,3.268806872547969e-05,0.007266475907005157,0.015340338025899763,3.535648249898819e-05,0.009688634542673541,5.90386547388765e-05,7.304782704979651e-05,0.05234553940416677,2.2347965353134078e-05,0.5558854068858944,0.010496020754563002,0.013187308127527868,0.008746683962135834,0.03135349789504075,2.868544806521685e-05,2.1680861909756944e-05,0.0336410921620609,0.05867006473063422,0.01103427822915597,1.734468952780551e-05,0.01103427822915597,7.571624082330492e-05,6.0039309903942276e-05,0.007670169012949881,3.635713766405392e-05,3.1353861838725436e-05,0.020453784034533032,0.008208426487542862,2.201441363144549e-05,4.96992065315967e-05,3.335517216885683e-05,2.5016379126642606e-05,3.435582733392253e-05,2.83518963435283e-05,2.4015723961576885e-05,0.013321872496176118,0.01009232764861827,0.021395734615070737,0.00941950580537705,2.068020674469121e-05,0.011303406966452463,0.008208426487542862,3.535648249898819e-05,6.904520638953365e-05,0.011572535703748946,0.006189960957819207
2024-09-13,2.4015723961576885e-05,0.015340338025899763,0.018166189767512893,0.01910814034805058,3.268806872547969e-05,0.007266475907005157,0.015340338025899763,3.535648249898819e-05,0.009688634542673541,5.90386547388765e-05,7.304782704979651e-05,0.05234553940416677,2.2347965353134078e-05,0.5558854068858944,0.010496020754563002,0.013187308127527868,0.008746683962135834,0.03135349789504075,2.868544806521685e-05,2.1680861909756944e-05,0.0336410921620609,0.05867006473063422,0.01103427822915597,1.734468952780551e-05,0.01103427822915597,7.571624082330492e-05,6.0039309903942276e-05,0.007670169012949881,3.635713766405392e-05,3.1353861838725436e-05,0.020453784034533032,0.008208426487542862,2.201441363144549e-05,4.96992065315967e-05,3.335517216885683e-05,2.5016379126642606e-05,3.435582733392253e-05,2.83518963435283e-05,2.4015723961576885e-05,0.013321872496176118,0.01009232764861827,0.021395734615070737,0.00941950580537705,2.068020674469121e-05,0.011303406966452463,0.008208426487542862,3.535648249898819e-05,6.904520638953365e-05,0.011572535703748946,0.006189960957819207
2024-09-16,2.4015723961576885e-05,0.015340338025899763,0.018166189767512893,0.01910814034805058,3.268806872547969e-05,0.007266475907005157,0.015340338025899763,3.535648249898819e-05,0.009688634542673541,5.90386547388765e-05,7.304782704979651e-05,0.05234553940416677,2.2347965353134078e-05,0.5558854068858944,0.010496020754563002,0.013187308127527868,0.008746683962135834,0.03135349789504075,2.868544806521685e-05,2.1680861909756944e-05,0.0336410921620609,0.05867006473063422,0.01103427822915597,1.734468952780551e-05,0.01103427822915597,7.571624082330492e-05,6.0039309903942276e-05,0.007670169012949881,3.635713766405392e-05,3.1353861838725436e-05,0.020453784034533032,0.008208426487542862,2.201441363144549e-05,4.96992065315967e-05,3.335517216885683e-05,2.5016379126642606e-05,3.435582733392253e-05,2.83518963435283e-05,2.4015723961576885e-05,0.013321872496176118,0.01009232764861827,0.021395734615070737,0.00941950580537705,2.068020674469121e-05,0.011303406966452463,0.008208426487542862,3.535648249898819e-05,6.904520638953365e-05,0.011572535703748946,0.006189960957819207
2024-09-18,2.4015723961576885e-05,0.015340338025899763,0.018166189767512893,0.01910814034805058,3.268806872547969e-05,0.007266475907005157,0.015340338025899763,3.535648249898819e-05,0.009688634542673541,5.90386547388765e-05,7.304782704979651e-05,0.05234553940416677,2.2347965353134078e-05,0.5558854068858944,0.010496020754563002,0.013187308127527868,0.008746683962135834,0.03135349789504075,2.868544806521685e-05,2.1680861909756944e-05,0.0336410921620609,0.05867006473063422,0.01103427822915597,1.734468952780551e-05,0.01103427822915597,7.571624082330492e-05,6.0039309903942276e-05,0.007670169012949881,3.635713766405392e-05,3.1353861838725436e-05,0.020453784034533032,0.008208426487542862,2.201441363144549e-05,4.96992065315967e-05,3.335517216885683e-05,2.5016379126642606e-05,3.435582733392253e-05,2.83518963435283e-05,2.4015723961576885e-05,0.013321872496176118,0.01009232764861827,0.021395734615070737,0.00941950580537705,2.068020674469121e-05,0.011303406966452463,0.008208426487542862,3.535648249898819e-05,6.904520638953365e-05,0.011572535703748946,0.006189960957819207
2024-09-19,2.4015723961576885e-05,0.015340338025899763,0.018166189767512893,0.01910814034805058,3.268806872547969e-05,0.007266475907005157,0.015340338025899763,3.535648249898819e-05,0.009688634542673541,5.90386547388765e-05,7.304782704979651e-05,0.05234553940416677,2.2347965353134078e-05,0.5558854068858944,0.010496020754563002,0.013187308127527868,0.008746683962135834,0.03135349789504075,2.868544806521685e-05,2.1680861909756944e-05,0.0336410921620609,0.05867006473063422,0.01103427822915597,1.734468952780551e-05,0.01103427822915597,7.571624082330492e-05,6.0039309903942276e-05,0.007670169012949881,3.635713766405392e-05,3.1353861838725436e-05,0.020453784034533032,0.008208426487542862,2.201441363144549e-05,4.96992065315967e-05,3.335517216885683e-05,2.5016379126642606e-05,3.435582733392253e-05,2.83518963435283e-05,2.4015723961576885e-05,0.013321872496176118,0.01009232764861827,0.021395734615070737,0.00941950580537705,2.068020674469121e-05,0.011303406966452463,0.008208426487542862,3.535648249898819e-05,6.904520638953365e-05,0.011572535703748946,0.006189960957819207
2024-09-20,2.4015723961576885e-05,0.015340338025899763,0.018166189767512893,0.01910814034805058,3.268806872547969e-05,0.007266475907005157,0.015340338025899763,3.535648249898819e-05,0.009688634542673541,5.90386547388765e-05,7.304782704979651e-05,0.05234553940416677,2.2347965353134078e-05,0.5558854068858944,0.010496020754563002,0.013187308127527868,0.008746683962135834,0.03135349789504075,2.868544806521685e-05,2.1680861909756944e-05,0.0336410921620609,0.05867006473063422,0.01103427822915597,1.734468952780551e-05,0.01103427822915597,7.571624082330492e-05,6.0039309903942276e-05,0.007670169012949881,3.635713766405392e-05,3.1353861838725436e-05,0.020453784034533032,0.008208426487542862,2.201441363144549e-05,4.96992065315967e-05,3.335517216885683e-05,2.5016379126642606e-05,3.435582733392253e-05,2.83518963435283e-05,2.4015723961576885e-05,0.013321872496176118,0.01009232764861827,0.021395734615070737,0.00941950580537705,2.068020674469121e-05,0.011303406966452463,0.008208426487542862,3.535648249898819e-05,6.904520638953365e-05,0.011572535703748946,0.006189960957819207
2024-09-23,2.4015723961576885e-05,0.015340338025899763,0.018166189767512893,0.01910814034805058,3.268806872547969e-05,0.007266475907005157,0.015340338025899763,3.535648249898819e-05,0.009688634542673541,5.90386547388765e-05,7.304782704979651e-05,0.05234553940416677,2.2347965353134078e-05,0.5558854068858944,0.010496020754563002,0.013187308127527868,0.008746683962135834,0.03135349789504075,2.868544806521685e-05,2.1680861909756944e-05,0.0336410921620609,0.05867006473063422,0.01103427822915597,1.734468952780551e-05,0.01103427822915597,7.571624082330492e-05,6.0039309903942276e-05,0.007670169012949881,3.635713766405392e-05,3.1353861838725436e-05,0.020453784034533032,0.008208426487542862,2.201441363144549e-05,4.96992065315967e-05,3.335517216885683e-05,2.5016379126642606e-05,3.435582733392253e-05,2.83518963435283e-05,2.4015723961576885e-05,0.013321872496176118,0.01009232764861827,0.021395734615070737,0.00941950580537705,2.068020674469121e-05,0.011303406966452463,0.008208426487542862,3.535648249898819e-05,6.904520638953365e-05,0.011572535703748946,0.006189960957819207
2024-09-24,2.4015723961576885e-05,0.015340338025899763,0.018166189767512893,0.01910814034805058,3.268806872547969e-05,0.007266475907005157,0.015340338025899763,3.535648249898819e-05,0.009688634542673541,5.90386547388765e-05,7.304782704979651e-05,0.05234553940416677,2.2347965353134078e-05,0.5558854068858944,0.010496020754563002,0.013187308127527868,0.008746683962135834,0.03135349789504075,2.868544806521685e-05,2.1680861909756944e-05,0.0336410921620609,0.05867006473063422,0.01103427822915597,1.734468952780551e-05,0.01103427822915597,7.571624082330492e-05,6.0039309903942276e-05,0.007670169012949881,3.635713766405392e-05,3.1353861838725436e-05,0.020453784034533032,0.008208426487542862,2.201441363144549e-05,4.96992065315967e-05,3.335517216885683e-05,2.5016379126642606e-05,3.435582733392253e-05,2.83518963435283e-05,2.4015723961576885e-05,0.013321872496176118,0.01009232764861827,0.021395734615070737,0.00941950580537705,2.068020674469121e-05,0.011303406966452463,0.008208426487542862,3.535648249898819e-05,6.904520638953365e-05,0.011572535703748946,0.006189960957819207
2024-09-25,2.4015723961576885e-05,0.015340338025899763,0.018166189767512893,0.01910814034805058,3.268806872547969e-05,0.007266475907005157,0.015340338025899763,3.535648249898819e-05,0.009688634542673541,5.90386547388765e-05,7.304782704979651e-05,0.05234553940416677,2.2347965353134078e-05,0.5558854068858944,0.010496020754563002,0.013187308127527868,0.008746683962135834,0.03135349789504075,2.868544806521685e-05,2.1680861909756944e-05,0.0336410921620609,0.05867006473063422,0.01103427822915597,1.734468952780551e-05,0.01103427822915597,7.571624082330492e-05,6.0039309903942276e-05,0.007670169012949881,3.635713766405392e-05,3.1353861838725436e-05,0.020453784034533032,0.008208426487542862,2.201441363144549e-05,4.96992065315967e-05,3.335517216885683e-05,2.5016379126642606e-05,3.435582733392253e-05,2.83518963435283e-05,2.4015723961576885e-05,0.013321872496176118,0.01009232764861827,0.021395734615070737,0.00941950580537705,2.068020674469121e-05,0.011303406966452463,0.008208426487542862,3.535648249898819e-05,6.904520638953365e-05,0.011572535703748946,0.006189960957819207
2024-09-26,2.4015723961576885e-05,0.015340338025899763,0.018166189767512893,0.01910814034805058,3.268806872547969e-05,0.007266475907005157,0.015340338025899763,3.535648249898819e-05,0.009688634542673541,5.90386547388765e-05,7.304782704979651e-05,0.05234553940416677,2.2347965353134078e-05,0.5558854068858944,0.010496020754563002,0.013187308127527868,0.008746683962135834,0.03135349789504075,2.868544806521685e-05,2.1680861909756944e-05,0.0336410921620609,0.05867006473063422,0.01103427822915597,1.734468952780551e-05,0.01103427822915597,7.571624082330492e-05,6.0039309903942276e-05,0.007670169012949881,3.635713766405392e-05,3.1353861838725436e-05,0.020453784034533032,0.008208426487542862,2.201441363144549e-05,4.96992065315967e-05,3.335517216885683e-05,2.5016379126642606e-05,3.435582733392253e-05,2.83518963435283e-05,2.4015723961576885e-05,0.013321872496176118,0.01009232764861827,0.021395734615070737,0.00941950580537705,2.068020674469121e-05,0.011303406966452463,0.008208426487542862,3.535648249898819e-05,6.904520638953365e-05,0.011572535703748946,0.006189960957819207
2024-09-27,2.4015723961576885e-05,0.015340338025899763,0.018166189767512893,0.01910814034805058,3.268806872547969e-05,0.007266475907005157,0.015340338025899763,3.535648249898819e-05,0.009688634542673541,5.90386547388765e-05,7.304782704979651e-05,0.05234553940416677,2.2347965353134078e-05,0.5558854068858944,0.010496020754563002,0.013187308127527868,0.008746683962135834,0.03135349789504075,2.868544806521685e-05,2.1680861909756944e-05,0.0336410921620609,0.05867006473063422,0.01103427822915597,1.734468952780551e-05,0.01103427822915597,7.571624082330492e-05,6.0039309903942276e-05,0.007670169012949881,3.635713766405392e-05,3.1353861838725436e-05,0.020453784034533032,0.008208426487542862,2.201441363144549e-05,4.96992065315967e-05,3.335517216885683e-05,2.5016379126642606e-05,3.435582733392253e-05,2.83518963435283e-05,2.4015723961576885e-05,0.013321872496176118,0.01009232764861827,0.021395734615070737,0.00941950580537705,2.068020674469121e-05,0.011303406966452463,0.008208426487542862,3.535648249898819e-05,6.904520638953365e-05,0.011572535703748946,0.006189960957819207
2024-09-30,2.4015723961576885e-05,0.015340338025899763,0.018166189767512893,0.01910814034805058,3.268806872547969e-05,0.007266475907005157,0.015340338025899763,3.535648249898819e-05,0.009688634542673541,5.90386547388765e-05,7.304782704979651e-05,0.05234553940416677,2.2347965353134078e-05,0.5558854068858944,0.010496020754563002,0.013187308127527868,0.008746683962135834,0.03135349789504075,2.868544806521685e-05,2.1680861909756944e-05,0.0336410921620609,0.05867006473063422,0.01103427822915597,1.734468952780551e-05,0.01103427822915597,7.571624082330492e-05,6.0039309903942276e-05,0.007670169012949881,3.635713766405392e-05,3.1353861838725436e-05,0.020453784034533032,0.008208426487542862,2.201441363144549e-05,4.96992065315967e-05,3.335517216885683e-05,2.5016379126642606e-05,3.435582733392253e-05,2.83518963435283e-05,2.4015723961576885e-05,0.013321872496176118,0.01009232764861827,0.021395734615070737,0.00941950580537705,2.068020674469121e-05,0.011303406966452463,0.008208426487542862,3.535648249898819e-05,6.904520638953365e-05,0.011572535703748946,0.006189960957819207
2024-10-01,2.4015723961576885e-05,0.015340338025899763,0.018166189767512893,0.01910814034805058,3.268806872547969e-05,0.007266475907005157,0.015340338025899763,3.535648249898819e-05,0.009688634542673541,5.90386547388765e-05,7.304782704979651e-05,0.05234553940416677,2.2347965353134078e-05,0.5558854068858944,0.010496020754563002,0.013187308127527868,0.008746683962135834,0.03135349789504075,2.868544806521685e-05,2.1680861909756944e-05,0.0336410921620609,0.05867006473063422,0.01103427822915597,1.734468952780551e-05,0.01103427822915597,7.571624082330492e-05,6.0039309903942276e-05,0.007670169012949881,3.635713766405392e-05,3.1353861838725436e-05,0.020453784034533032,0.008208426487542862,2.201441363144549e-05,4.96992065315967e-05,3.335517216885683e-05,2.5016379126642606e-05,3.435582733392253e-05,2.83518963435283e-05,2.4015723961576885e-05,0.013321872496176118,0.01009232764861827,0.021395734615070737,0.00941950580537705,2.068020674469121e-05,0.011303406966452463,0.008208426487542862,3.535648249898819e-05,6.904520638953365e-05,0.011572535703748946,0.006189960957819207
2024-10-04,2.4015723961576885e-05,0.015340338025899763,0.018166189767512893,0.01910814034805058,3.268806872547969e-05,0.007266475907005157,0.015340338025899763,3.535648249898819e-05,0.009688634542673541,5.90386547388765e-05,7.304782704979651e-05,0.05234553940416677,2.2347965353134078e-05,0.5558854068858944,0.010496020754563002,0.013187308127527868,0.008746683962135834,0.03135349789504075,2.868544806521685e-05,2.1680861909756944e-05,0.0336410921620609,0.05867006473063422,0.01103427822915597,1.734468952780551e-05,0.01103427822915597,7.571624082330492e-05,6.0039309903942276e-05,0.007670169012949881,3.635713766405392e-05,3.1353861838725436e-05,0.020453784034533032,0.008208426487542862,2.201441363144549e-05,4.96992065315967e-05,3.335517216885683e-05,2.5016379126642606e-05,3.435582733392253e-05,2.83518963435283e-05,2.4015723961576885e-05,0.013321872496176118,0.01009232764861827,0.021395734615070737,0.00941950580537705,2.068020674469121e-05,0.011303406966452463,0.008208426487542862,3.535648249898819e-05,6.904520638953365e-05,0.011572535703748946,0.006189960957819207
2024-10-07,2.4015723961576885e-05,0.015340338025899763,0.018166189767512893,0.01910814034805058,3.268806872547969e-05,0.007266475907005157,0.015340338025899763,3.535648249898819e-05,0.009688634542673541,5.90386547388765e-05,7.304782704979651e-05,0.05234553940416677,2.2347965353134078e-05,0.5558854068858944,0.010496020754563002,0.013187308127527868,0.008746683962135834,0.03135349789504075,2.868544806521685e-05,2.1680861909756944e-05,0.0336410921620609,0.05867006473063422,0.01103427822915597,1.734468952780551e-05,0.01103427822915597,7.571624082330492e-05,6.0039309903942276e-05,0.007670169012949881,3.635713766405392e-05,3.1353861838725436e-05,0.020453784034533032,0.008208426487542862,2.201441363144549e-05,4.96992065315967e-05,3.335517216885683e-05,2.5016379126642606e-05,3.435582733392253e-05,2.83518963435283e-05,2.4015723961576885e-05,0.013321872496176118,0.01009232764861827,0.021395734615070737,0.00941950580537705,2.068020674469121e-05,0.011303406966452463,0.008208426487542862,3.535648249898819e-05,6.904520638953365e-05,0.011572535703748946,0.006189960957819207
2024-10-08,2.4015723961576885e-05,0.015340338025899763,0.018166189767512893,0.01910814034805058,3.268806872547969e-05,0.007266475907005157,0.015340338025899763,3.535648249898819e-05,0.009688634542673541,5.90386547388765e-05,7.304782704979651e-05,0.05234553940416677,2.2347965353134078e-05,0.5558854068858944,0.010496020754563002,0.013187308127527868,0.008746683962135834,0.03135349789504075,2.868544806521685e-05,2.1680861909756944e-05,0.0336410921620609,0.05867006473063422,0.01103427822915597,1.734468952780551e-05,0.01103427822915597,7.571624082330492e-05,6.0039309903942276e-05,0.007670169012949881,3.635713766405392e-05,3.1353861838725436e-05,0.020453784034533032,0.008208426487542862,2.201441363144549e-05,4.96992065315967e-05,3.335517216885683e-05,2.5016379126642606e-05,3.435582733392253e-05,2.83518963435283e-05,2.4015723961576885e-05,0.013321872496176118,0.01009232764861827,0.021395734615070737,0.00941950580537705,2.068020674469121e-05,0.011303406966452463,0.008208426487542862,3.535648249898819e-05,6.904520638953365e-05,0.011572535703748946,0.006189960957819207
2024-10-09,2.4015723961576885e-05,0.015340338025899763,0.018166189767512893,0.01910814034805058,3.268806872547969e-05,0.007266475907005157,0.015340338025899763,3.535648249898819e-05,0.009688634542673541,5.90386547388765e-05,7.304782704979651e-05,0.05234553940416677,2.2347965353134078e-05,0.5558854068858944,0.010496020754563002,0.013187308127527868,0.008746683962135834,0.03135349789504075,2.868544806521685e-05,2.1680861909756944e-05,0.0336410921620609,0.05867006473063422,0.01103427822915597,1.734468952780551e-05,0.01103427822915597,7.571624082330492e-05,6.0039309903942276e-05,0.007670169012949881,3.635713766405392e-05,3.1353861838725436e-05,0.020453784034533032,0.008208426487542862,2.201441363144549e-05,4.96992065315967e-05,3.335517216885683e-05,2.5016379126642606e-05,3.435582733392253e-05,2.83518963435283e-05,2.4015723961576885e-05,0.013321872496176118,0.01009232764861827,0.021395734615070737,0.00941950580537705,2.068020674469121e-05,0.011303406966452463,0.008208426487542862,3.535648249898819e-05,6.904520638953365e-05,0.011572535703748946,0.006189960957819207
2024-10-11,2.4015723961576885e-05,0.015340338025899763,0.018166189767512893,0.01910814034805058,3.268806872547969e-05,0.007266475907005157,0.015340338025899763,3.535648249898819e-05,0.009688634542673541,5.90386547388765e-05,7.304782704979651e-05,0.05234553940416677,2.2347965353134078e-05,0.5558854068858944,0.010496020754563002,0.013187308127527868,0.008746683962135834,0.03135349789504075,2.868544806521685e-05,2.1680861909756944e-05,0.0336410921620609,0.05867006473063422,0.01103427822915597,1.734468952780551e-05,0.01103427822915597,7.571624082330492e-05,6.0039309903942276e-05,0.007670169012949881,3.635713766405392e-05,3.1353861838725436e-05,0.020453784034533032,0.008208426487542862,2.201441363144549e-05,4.96992065315967e-05,3.335517216885683e-05,2.5016379126642606e-05,3.435582733392253e-05,2.83518963435283e-05,2.4015723961576885e-05,0.013321872496176118,0.01009232764861827,0.021395734615070737,0.00941950580537705,2.068020674469121e-05,0.011303406966452463,0.008208426487542862,3.535648249898819e-05,6.904520638953365e-05,0.011572535703748946,0.006189960957819207
2024-10-14,2.4015723961576885e-05,0.015340338025899763,0.018166189767512893,0.01910814034805058,3.268806872547969e-05,0.007266475907005157,0.015340338025899763,3.535648249898819e-05,0.009688634542673541,5.90386547388765e-05,7.304782704979651e-05,0.05234553940416677,2.2347965353134078e-05,0.5558854068858944,0.010496020754563002,0.013187308127527868,0.008746683962135834,0.03135349789504075,2.868544806521685e-05,2.1680861909756944e-05,0.0336410921620609,0.05867006473063422,0.01103427822915597,1.734468952780551e-05,0.01103427822915597,7.571624082330492e-05,6.0039309903942276e-05,0.007670169012949881,3.635713766405392e-05,3.1353861838725436e-05,0.020453784034533032,0.008208426487542862,2.201441363144549e-05,4.96992065315967e-05,3.335517216885683e-05,2.5016379126642606e-05,3.435582733392253e-05,2.83518963435283e-05,2.4015723961576885e-05,0.013321872496176118,0.01009232764861827,0.021395734615070737,0.00941950580537705,2.068020674469121e-05,0.011303406966452463,0.008208426487542862,3.535648249898819e-05,6.904520638953365e-05,0.011572535703748946,0.006189960957819207
2024-10-15,2.4015723961576885e-05,0.015340338025899763,0.018166189767512893,0.01910814034805058,3.268806872547969e-05,0.007266475907005157,0.015340338025899763,3.535648249898819e-05,0.009688634542673541,5.90386547388765e-05,7.304782704979651e-05,0.05234553940416677,2.2347965353134078e-05,0.5558854068858944,0.010496020754563002,0.013187308127527868,0.008746683962135834,0.03135349789504075,2.868544806521685e-05,2.1680861909756944e-05,0.0336410921620609,0.05867006473063422,0.01103427822915597,1.734468952780551e-05,0.01103427822915597,7.571624082330492e-05,6.0039309903942276e-05,0.007670169012949881,3.635713766405392e-05,3.1353861838725436e-05,0.020453784034533032,0.008208426487542862,2.201441363144549e-05,4.96992065315967e-05,3.335517216885683e-05,2.5016379126642606e-05,3.435582733392253e-05,2.83518963435283e-05,2.4015723961576885e-05,0.013321872496176118,0.01009232764861827,0.021395734615070737,0.00941950580537705,2.068020674469121e-05,0.011303406966452463,0.008208426487542862,3.535648249898819e-05,6.904520638953365e-05,0.011572535703748946,0.006189960957819207
2024-10-16,2.4015723961576885e-05,0.015340338025899763,0.018166189767512893,0.01910814034805058,3.268806872547969e-05,0.007266475907005157,0.015340338025899763,3.535648249898819e-05,0.009688634542673541,5.90386547388765e-05,7.304782704979651e-05,0.05234553940416677,2.2347965353134078e-05,0.5558854068858944,0.010496020754563002,0.013187308127527868,0.008746683962135834,0.03135349789504075,2.868544806521685e-05,2.1680861909756944e-05,0.0336410921620609,0.05867006473063422,0.01103427822915597,1.734468952780551e-05,0.01103427822915597,7.571624082330492e-05,6.0039309903942276e-05,0.007670169012949881,3.635713766405392e-05,3.1353861838725436e-05,0.020453784034533032,0.008208426487542862,2.201441363144549e-05,4.96992065315967e-05,3.335517216885683e-05,2.5016379126642606e-05,3.435582733392253e-05,2.83518963435283e-05,2.4015723961576885e-05,0.013321872496176118,0.01009232764861827,0.021395734615070737,0.00941950580537705,2.068020674469121e-05,0.011303406966452463,0.008208426487542862,3.535648249898819e-05,6.904520638953365e-05,0.011572535703748946,0.006189960957819207
2024-10-17,2.4015723961576885e-05,0.015340338025899763,0.018166189767512893,0.01910814034805058,3.268806872547969e-05,0.007266475907005157,0.015340338025899763,3.535648249898819e-05,0.009688634542673541,5.90386547388765e-05,7.304782704979651e-05,0.05234553940416677,2.2347965353134078e-05,0.5558854068858944,0.010496020754563002,0.013187308127527868,0.008746683962135834,0.03135349789504075,2.868544806521685e-05,2.1680861909756944e-05,0.0336410921620609,0.05867006473063422,0.01103427822915597,1.734468952780551e-05,0.01103427822915597,7.571624082330492e-05,6.0039309903942276e-05,0.007670169012949881,3.635713766405392e-05,3.1353861838725436e-05,0.020453784034533032,0.008208426487542862,2.201441363144549e-05,4.96992065315967e-05,3.335517216885683e-05,2.5016379126642606e-05,3.435582733392253e-05,2.83518963435283e-05,2.4015723961576885e-05,0.013321872496176118,0.01009232764861827,0.021395734615070737,0.00941950580537705,2.068020674469121e-05,0.011303406966452463,0.008208426487542862,3.535648249898819e-05,6.904520638953365e-05,0.011572535703748946,0.006189960957819207
2024-10-18,2.4015723961576885e-05,0.015340338025899763,0.018166189767512893,0.01910814034805058,3.268806872547969e-05,0.007266475907005157,0.015340338025899763,3.535648249898819e-05,0.009688634542673541,5.90386547388765e-05,7.304782704979651e-05,0.05234553940416677,2.2347965353134078e-05,0.5558854068858944,0.010496020754563002,0.013187308127527868,0.008746683962135834,0.03135349789504075,2.868544806521685e-05,2.1680861909756944e-05,0.0336410921620609,0.05867006473063422,0.01103427822915597,1.734468952780551e-05,0.01103427822915597,7.571624082330492e-05,6.0039309903942276e-05,0.007670169012949881,3.635713766405392e-05,3.1353861838725436e-05,0.020453784034533032,0.008208426487542862,2.201441363144549e-05,4.96992065315967e-05,3.335517216885683e-05,2.5016379126642606e-05,3.435582733392253e-05,2.83518963435283e-05,2.4015723961576885e-05,0.013321872496176118,0.01009232764861827,0.021395734615070737,0.00941950580537705,2.068020674469121e-05,0.011303406966452463,0.008208426487542862,3.535648249898819e-05,6.904520638953365e-05,0.011572535703748946,0.006189960957819207
2024-10-21,2.4015723961576885e-05,0.015340338025899763,0.018166189767512893,0.01910814034805058,3.268806872547969e-05,0.007266475907005157,0.015340338025899763,3.535648249898819e-05,0.009688634542673541,5.90386547388765e-05,7.304782704979651e-05,0.05234553940416677,2.2347965353134078e-05,0.5558854068858944,0.010496020754563002,0.013187308127527868,0.008746683962135834,0.03135349789504075,2.868544806521685e-05,2.1680861909756944e-05,0.0336410921620609,0.05867006473063422,0.01103427822915597,1.734468952780551e-05,0.01103427822915597,7.571624082330492e-05,6.0039309903942276e-05,0.007670169012949881,3.635713766405392e-05,3.1353861838725436e-05,0.020453784034533032,0.008208426487542862,2.201441363144549e-05,4.96992065315967e-05,3.335517216885683e-05,2.5016379126642606e-05,3.435582733392253e-05,2.83518963435283e-05,2.4015723961576885e-05,0.013321872496176118,0.01009232764861827,0.021395734615070737,0.00941950580537705,2.068020674469121e-05,0.011303406966452463,0.008208426487542862,3.535648249898819e-05,6.904520638953365e-05,0.011572535703748946,0.006189960957819207
2024-10-22,2.4015723961576885e-05,0.015340338025899763,0.018166189767512893,0.01910814034805058,3.268806872547969e-05,0.007266475907005157,0.015340338025899763,3.535648249898819e-05,0.009688634542673541,5.90386547388765e-05,7.304782704979651e-05,0.05234553940416677,2.2347965353134078e-05,0.5558854068858944,0.010496020754563002,0.013187308127527868,0.008746683962135834,0.03135349789504075,2.868544806521685e-05,2.1680861909756944e-05,0.0336410921620609,0.05867006473063422,0.01103427822915597,1.734468952780551e-05,0.01103427822915597,7.571624082330492e-05,6.0039309903942276e-05,0.007670169012949881,3.635713766405392e-05,3.1353861838725436e-05,0.020453784034533032,0.008208426487542862,2.201441363144549e-05,4.96992065315967e-05,3.335517216885683e-05,2.5016379126642606e-05,3.435582733392253e-05,2.83518963435283e-05,2.4015723961576885e-05,0.013321872496176118,0.01009232764861827,0.021395734615070737,0.00941950580537705,2.068020674469121e-05,0.011303406966452463,0.008208426487542862,3.535648249898819e-05,6.904520638953365e-05,0.011572535703748946,0.006189960957819207
2024-10-23,2.4015723961576885e-05,0.015340338025899763,0.018166189767512893,0.01910814034805058,3.268806872547969e-05,0.007266475907005157,0.015340338025899763,3.535648249898819e-05,0.009688634542673541,5.90386547388765e-05,7.304782704979651e-05,0.05234553940416677,2.2347965353134078e-05,0.5558854068858944,0.010496020754563002,0.013187308127527868,0.008746683962135834,0.03135349789504075,2.868544806521685e-05,2.1680861909756944e-05,0.0336410921620609,0.05867006473063422,0.01103427822915597,1.734468952780551e-05,0.01103427822915597,7.571624082330492e-05,6.0039309903942276e-05,0.007670169012949881,3.635713766405392e-05,3.1353861838725436e-05,0.020453784034533032,0.008208426487542862,2.201441363144549e-05,4.96992065315967e-05,3.335517216885683e-05,2.5016379126642606e-05,3.435582733392253e-05,2.83518963435283e-05,2.4015723961576885e-05,0.013321872496176118,0.01009232764861827,0.021395734615070737,0.00941950580537705,2.068020674469121e-05,0.011303406966452463,0.008208426487542862,3.535648249898819e-05,6.904520638953365e-05,0.011572535703748946,0.006189960957819207
2024-10-24,2.4015723961576885e-05,0.015340338025899763,0.018166189767512893,0.01910814034805058,3.268806872547969e-05,0.007266475907005157,0.015340338025899763,3.535648249898819e-05,0.009688634542673541,5.90386547388765e-05,7.304782704979651e-05,0.05234553940416677,2.2347965353134078e-05,0.5558854068858944,0.010496020754563002,0.013187308127527868,0.008746683962135834,0.03135349789504075,2.868544806521685e-05,2.1680861909756944e-05,0.0336410921620609,0.05867006473063422,0.01103427822915597,1.734468952780551e-05,0.01103427822915597,7.571624082330492e-05,6.0039309903942276e-05,0.007670169012949881,3.635713766405392e-05,3.1353861838725436e-05,0.020453784034533032,0.008208426487542862,2.201441363144549e-05,4.96992065315967e-05,3.335517216885683e-05,2.5016379126642606e-05,3.435582733392253e-05,2.83518963435283e-05,2.4015723961576885e-05,0.013321872496176118,0.01009232764861827,0.021395734615070737,0.00941950580537705,2.068020674469121e-05,0.011303406966452463,0.008208426487542862,3.535648249898819e-05,6.904520638953365e-05,0.011572535703748946,0.006189960957819207
2024-10-25,2.4015723961576885e-05,0.015340338025899763,0.018166189767512893,0.01910814034805058,3.268806872547969e-05,0.007266475907005157,0.015340338025899763,3.535648249898819e-05,0.009688634542673541,5.90386547388765e-05,7.304782704979651e-05,0.05234553940416677,2.2347965353134078e-05,0.5558854068858944,0.010496020754563002,0.013187308127527868,0.008746683962135834,0.03135349789504075,2.868544806521685e-05,2.1680861909756944e-05,0.0336410921620609,0.05867006473063422,0.01103427822915597,1.734468952780551e-05,0.01103427822915597,7.571624082330492e-05,6.0039309903942276e-05,0.007670169012949881,3.635713766405392e-05,3.1353861838725436e-05,0.020453784034533032,0.008208426487542862,2.201441363144549e-05,4.96992065315967e-05,3.335517216885683e-05,2.5016379126642606e-05,3.435582733392253e-05,2.83518963435283e-05,2.4015723961576885e-05,0.013321872496176118,0.01009232764861827,0.021395734615070737,0.00941950580537705,2.068020674469121e-05,0.011303406966452463,0.008208426487542862,3.535648249898819e-05,6.904520638953365e-05,0.011572535703748946,0.006189960957819207
2024-10-28,2.4015723961576885e-05,0.015340338025899763,0.018166189767512893,0.01910814034805058,3.268806872547969e-05,0.007266475907005157,0.015340338025899763,3.535648249898819e-05,0.009688634542673541,5.90386547388765e-05,7.304782704979651e-05,0.05234553940416677,2.2347965353134078e-05,0.5558854068858944,0.010496020754563002,0.013187308127527868,0.008746683962135834,0.03135349789504075,2.868544806521685e-05,2.1680861909756944e-05,0.0336410921620609,0.05867006473063422,0.01103427822915597,1.734468952780551e-05,0.01103427822915597,7.571624082330492e-05,6.0039309903942276e-05,0.007670169012949881,3.635713766405392e-05,3.1353861838725436e-05,0.020453784034533032,0.008208426487542862,2.201441363144549e-05,4.96992065315967e-05,3.335517216885683e-05,2.5016379126642606e-05,3.435582733392253e-05,2.83518963435283e-05,2.4015723961576885e-05,0.013321872496176118,0.01009232764861827,0.021395734615070737,0.00941950580537705,2.068020674469121e-05,0.011303406966452463,0.008208426487542862,3.535648249898819e-05,6.904520638953365e-05,0.011572535703748946,0.006189960957819207
2024-10-29,2.4015723961576885e-05,0.015340338025899763,0.018166189767512893,0.01910814034805058,3.268806872547969e-05,0.007266475907005157,0.015340338025899763,3.535648249898819e-05,0.009688634542673541,5.90386547388765e-05,7.304782704979651e-05,0.05234553940416677,2.2347965353134078e-05,0.5558854068858944,0.010496020754563002,0.013187308127527868,0.008746683962135834,0.03135349789504075,2.868544806521685e-05,2.1680861909756944e-05,0.0336410921620609,0.05867006473063422,0.01103427822915597,1.734468952780551e-05,0.01103427822915597,7.571624082330492e-05,6.0039309903942276e-05,0.007670169012949881,3.635713766405392e-05,3.1353861838725436e-05,0.020453784034533032,0.008208426487542862,2.201441363144549e-05,4.96992065315967e-05,3.335517216885683e-05,2.5016379126642606e-05,3.435582733392253e-05,2.83518963435283e-05,2.4015723961576885e-05,0.013321872496176118,0.01009232764861827,0.021395734615070737,0.00941950580537705,2.068020674469121e-05,0.011303406966452463,0.008208426487542862,3.535648249898819e-05,6.904520638953365e-05,0.011572535703748946,0.006189960957819207
2024-10-30,2.4015723961576885e-05,0.015340338025899763,0.018166189767512893,0.01910814034805058,3.268806872547969e-05,0.007266475907005157,0.015340338025899763,3.535648249898819e-05,0.009688634542673541,5.90386547388765e-05,7.304782704979651e-05,0.05234553940416677,2.2347965353134078e-05,0.5558854068858944,0.010496020754563002,0.013187308127527868,0.008746683962135834,0.03135349789504075,2.868544806521685e-05,2.1680861909756944e-05,0.0336410921620609,0.05867006473063422,0.01103427822915597,1.734468952780551e-05,0.01103427822915597,7.571624082330492e-05,6.0039309903942276e-05,0.007670169012949881,3.635713766405392e-05,3.1353861838725436e-05,0.020453784034533032,0.008208426487542862,2.201441363144549e-05,4.96992065315967e-05,3.335517216885683e-05,2.5016379126642606e-05,3.435582733392253e-05,2.83518963435283e-05,2.4015723961576885e-05,0.013321872496176118,0.01009232764861827,0.021395734615070737,0.00941950580537705,2.068020674469121e-05,0.011303406966452463,0.008208426487542862,3.535648249898819e-05,6.904520638953365e-05,0.011572535703748946,0.006189960957819207
2024-11-01,2.4015723961576885e-05,0.015340338025899763,0.018166189767512893,0.01910814034805058,3.268806872547969e-05,0.007266475907005157,0.015340338025899763,3.535648249898819e-05,0.009688634542673541,5.90386547388765e-05,7.304782704979651e-05,0.05234553940416677,2.2347965353134078e-05,0.5558854068858944,0.010496020754563002,0.013187308127527868,0.008746683962135834,0.03135349789504075,2.868544806521685e-05,2.1680861909756944e-05,0.0336410921620609,0.05867006473063422,0.01103427822915597,1.734468952780551e-05,0.01103427822915597,7.571624082330492e-05,6.0039309903942276e-05,0.007670169012949881,3.635713766405392e-05,3.1353861838725436e-05,0.020453784034533032,0.008208426487542862,2.201441363144549e-05,4.96992065315967e-05,3.335517216885683e-05,2.5016379126642606e-05,3.435582733392253e-05,2.83518963435283e-05,2.4015723961576885e-05,0.013321872496176118,0.01009232764861827,0.021395734615070737,0.00941950580537705,2.068020674469121e-05,0.011303406966452463,0.008208426487542862,3.535648249898819e-05,6.904520638953365e-05,0.011572535703748946,0.006189960957819207
2024-11-04,2.4015723961576885e-05,0.015340338025899763,0.018166189767512893,0.01910814034805058,3.268806872547969e-05,0.007266475907005157,0.015340338025899763,3.535648249898819e-05,0.009688634542673541,5.90386547388765e-05,7.304782704979651e-05,0.05234553940416677,2.2347965353134078e-05,0.5558854068858944,0.010496020754563002,0.013187308127527868,0.008746683962135834,0.03135349789504075,2.868544806521685e-05,2.1680861909756944e-05,0.0336410921620609,0.05867006473063422,0.01103427822915597,1.734468952780551e-05,0.01103427822915597,7.571624082330492e-05,6.0039309903942276e-05,0.007670169012949881,3.635713766405392e-05,3.1353861838725436e-05,0.020453784034533032,0.008208426487542862,2.201441363144549e-05,4.96992065315967e-05,3.335517216885683e-05,2.5016379126642606e-05,3.435582733392253e-05,2.83518963435283e-05,2.4015723961576885e-05,0.013321872496176118,0.01009232764861827,0.021395734615070737,0.00941950580537705,2.068020674469121e-05,0.011303406966452463,0.008208426487542862,3.535648249898819e-05,6.904520638953365e-05,0.011572535703748946,0.006189960957819207
2024-11-05,2.4015723961576885e-05,0.015340338025899763,0.018166189767512893,0.01910814034805058,3.268806872547969e-05,0.007266475907005157,0.015340338025899763,3.535648249898819e-05,0.009688634542673541,5.90386547388765e-05,7.304782704979651e-05,0.05234553940416677,2.2347965353134078e-05,0.5558854068858944,0.010496020754563002,0.013187308127527868,0.008746683962135834,0.03135349789504075,2.868544806521685e-05,2.1680861909756944e-05,0.0336410921620609,0.05867006473063422,0.01103427822915597,1.734468952780551e-05,0.01103427822915597,7.571624082330492e-05,6.0039309903942276e-05,0.007670169012949881,3.635713766405392e-05,3.1353861838725436e-05,0.020453784034533032,0.008208426487542862,2.201441363144549e-05,4.96992065315967e-05,3.335517216885683e-05,2.5016379126642606e-05,3.435582733392253e-05,2.83518963435283e-05,2.4015723961576885e-05,0.013321872496176118,0.01009232764861827,0.021395734615070737,0.00941950580537705,2.068020674469121e-05,0.011303406966452463,0.008208426487542862,3.535648249898819e-05,6.904520638953365e-05,0.011572535703748946,0.006189960957819207
2024-11-06,2.4015723961576885e-05,0.015340338025899763,0.018166189767512893,0.01910814034805058,3.268806872547969e-05,0.007266475907005157,0.015340338025899763,3.535648249898819e-05,0.009688634542673541,5.90386547388765e-05,7.304782704979651e-05,0.05234553940416677,2.2347965353134078e-05,0.5558854068858944,0.010496020754563002,0.013187308127527868,0.008746683962135834,0.03135349789504075,2.868544806521685e-05,2.1680861909756944e-05,0.0336410921620609,0.05867006473063422,0.01103427822915597,1.734468952780551e-05,0.01103427822915597,7.571624082330492e-05,6.0039309903942276e-05,0.007670169012949881,3.635713766405392e-05,3.1353861838725436e-05,0.020453784034533032,0.008208426487542862,2.201441363144549e-05,4.96992065315967e-05,3.335517216885683e-05,2.5016379126642606e-05,3.435582733392253e-05,2.83518963435283e-05,2.4015723961576885e-05,0.013321872496176118,0.01009232764861827,0.021395734615070737,0.00941950580537705,2.068020674469121e-05,0.011303406966452463,0.008208426487542862,3.535648249898819e-05,6.904520638953365e-05,0.011572535703748946,0.006189960957819207
2024-11-07,2.4015723961576885e-05,0.015340338025899763,0.018166189767512893,0.01910814034805058,3.268806872547969e-05,0.007266475907005157,0.015340338025899763,3.535648249898819e-05,0.009688634542673541,5.90386547388765e-05,7.304782704979651e-05,0.05234553940416677,2.2347965353134078e-05,0.5558854068858944,0.010496020754563002,0.013187308127527868,0.008746683962135834,0.03135349789504075,2.868544806521685e-05,2.1680861909756944e-05,0.0336410921620609,0.05867006473063422,0.01103427822915597,1.734468952780551e-05,0.01103427822915597,7.571624082330492e-05,6.0039309903942276e-05,0.007670169012949881,3.635713766405392e-05,3.1353861838725436e-05,0.020453784034533032,0.008208426487542862,2.201441363144549e-05,4.96992065315967e-05,3.335517216885683e-05,2.5016379126642606e-05,3.435582733392253e-05,2.83518963435283e-05,2.4015723961576885e-05,0.013321872496176118,0.01009232764861827,0.021395734615070737,0.00941950580537705,2.068020674469121e-05,0.011303406966452463,0.008208426487542862,3.535648249898819e-05,6.904520638953365e-05,0.011572535703748946,0.006189960957819207
2024-11-08,2.4015723961576885e-05,0.015340338025899763,0.018166189767512893,0.01910814034805058,3.268806872547969e-05,0.007266475907005157,0.015340338025899763,3.535648249898819e-05,0.009688634542673541,5.90386547388765e-05,7.304782704979651e-05,0.05234553940416677,2.2347965353134078e-05,0.5558854068858944,0.010496020754563002,0.013187308127527868,0.008746683962135834,0.03135349789504075,2.868544806521685e-05,2.1680861909756944e-05,0.0336410921620609,0.05867006473063422,0.01103427822915597,1.734468952780551e-05,0.01103427822915597,7.571624082330492e-05,6.0039309903942276e-05,0.007670169012949881,3.635713766405392e-05,3.1353861838725436e-05,0.020453784034533032,0.008208426487542862,2.201441363144549e-05,4.96992065315967e-05,3.335517216885683e-05,2.5016379126642606e-05,3.435582733392253e-05,2.83518963435283e-05,2.4015723961576885e-05,0.013321872496176118,0.01009232764861827,0.021395734615070737,0.00941950580537705,2.068020674469121e-05,0.011303406966452463,0.008208426487542862,3.535648249898819e-05,6.904520638953365e-05,0.011572535703748946,0.006189960957819207
2024-11-11,2.4015723961576885e-05,0.015340338025899763,0.018166189767512893,0.01910814034805058,3.268806872547969e-05,0.007266475907005157,0.015340338025899763,3.535648249898819e-05,0.009688634542673541,5.90386547388765e-05,7.304782704979651e-05,0.05234553940416677,2.2347965353134078e-05,0.5558854068858944,0.010496020754563002,0.013187308127527868,0.008746683962135834,0.03135349789504075,2.868544806521685e-05,2.1680861909756944e-05,0.0336410921620609,0.05867006473063422,0.01103427822915597,1.734468952780551e-05,0.01103427822915597,7.571624082330492e-05,6.0039309903942276e-05,0.007670169012949881,3.635713766405392e-05,3.1353861838725436e-05,0.020453784034533032,0.008208426487542862,2.201441363144549e-05,4.96992065315967e-05,3.335517216885683e-05,2.5016379126642606e-05,3.435582733392253e-05,2.83518963435283e-05,2.4015723961576885e-05,0.013321872496176118,0.01009232764861827,0.021395734615070737,0.00941950580537705,2.068020674469121e-05,0.011303406966452463,0.008208426487542862,3.535648249898819e-05,6.904520638953365e-05,0.011572535703748946,0.006189960957819207
2024-11-12,2.4015723961576885e-05,0.015340338025899763,0.018166189767512893,0.01910814034805058,3.268806872547969e-05,0.007266475907005157,0.015340338025899763,3.535648249898819e-05,0.009688634542673541,5.90386547388765e-05,7.304782704979651e-05,0.05234553940416677,2.2347965353134078e-05,0.5558854068858944,0.010496020754563002,0.013187308127527868,0.008746683962135834,0.03135349789504075,2.868544806521685e-05,2.1680861909756944e-05,0.0336410921620609,0.05867006473063422,0.01103427822915597,1.734468952780551e-05,0.01103427822915597,7.571624082330492e-05,6.0039309903942276e-05,0.007670169012949881,3.635713766405392e-05,3.1353861838725436e-05,0.020453784034533032,0.008208426487542862,2.201441363144549e-05,4.96992065315967e-05,3.335517216885683e-05,2.5016379126642606e-05,3.435582733392253e-05,2.83518963435283e-05,2.4015723961576885e-05,0.013321872496176118,0.01009232764861827,0.021395734615070737,0.00941950580537705,2.068020674469121e-05,0.011303406966452463,0.008208426487542862,3.535648249898819e-05,6.904520638953365e-05,0.011572535703748946,0.006189960957819207
2024-11-13,2.4015723961576885e-05,0.015340338025899763,0.018166189767512893,0.01910814034805058,3.268806872547969e-05,0.007266475907005157,0.015340338025899763,3.535648249898819e-05,0.009688634542673541,5.90386547388765e-05,7.304782704979651e-05,0.05234553940416677,2.2347965353134078e-05,0.5558854068858944,0.010496020754563002,0.013187308127527868,0.008746683962135834,0.03135349789504075,2.868544806521685e-05,2.1680861909756944e-05,0.0336410921620609,0.05867006473063422,0.01103427822915597,1.734468952780551e-05,0.01103427822915597,7.571624082330492e-05,6.0039309903942276e-05,0.007670169012949881,3.635713766405392e-05,3.1353861838725436e-05,0.020453784034533032,0.008208426487542862,2.201441363144549e-05,4.96992065315967e-05,3.335517216885683e-05,2.5016379126642606e-05,3.435582733392253e-05,2.83518963435283e-05,2.4015723961576885e-05,0.013321872496176118,0.01009232764861827,0.021395734615070737,0.00941950580537705,2.068020674469121e-05,0.011303406966452463,0.008208426487542862,3.535648249898819e-05,6.904520638953365e-05,0.011572535703748946,0.006189960957819207
2024-11-14,2.4015723961576885e-05,0.015340338025899763,0.018166189767512893,0.01910814034805058,3.268806872547969e-05,0.007266475907005157,0.015340338025899763,3.535648249898819e-05,0.009688634542673541,5.90386547388765e-05,7.304782704979651e-05,0.05234553940416677,2.2347965353134078e-05,0.5558854068858944,0.010496020754563002,0.013187308127527868,0.008746683962135834,0.03135349789504075,2.868544806521685e-05,2.1680861909756944e-05,0.0336410921620609,0.05867006473063422,0.01103427822915597,1.734468952780551e-05,0.01103427822915597,7.571624082330492e-05,6.0039309903942276e-05,0.007670169012949881,3.635713766405392e-05,3.1353861838725436e-05,0.020453784034533032,0.008208426487542862,2.201441363144549e-05,4.96992065315967e-05,3.335517216885683e-05,2.5016379126642606e-05,3.435582733392253e-05,2.83518963435283e-05,2.4015723961576885e-05,0.013321872496176118,0.01009232764861827,0.021395734615070737,0.00941950580537705,2.068020674469121e-05,0.011303406966452463,0.008208426487542862,3.535648249898819e-05,6.904520638953365e-05,0.011572535703748946,0.006189960957819207
2024-11-15,2.4015723961576885e-05,0.015340338025899763,0.018166189767512893,0.01910814034805058,3.268806872547969e-05,0.007266475907005157,0.015340338025899763,3.535648249898819e-05,0.009688634542673541,5.90386547388765e-05,7.304782704979651e-05,0.05234553940416677,2.2347965353134078e-05,0.5558854068858944,0.010496020754563002,0.013187308127527868,0.008746683962135834,0.03135349789504075,2.868544806521685e-05,2.1680861909756944e-05,0.0336410921620609,0.05867006473063422,0.01103427822915597,1.734468952780551e-05,0.01103427822915597,7.571624082330492e-05,6.0039309903942276e-05,0.007670169012949881,3.635713766405392e-05,3.1353861838725436e-05,0.020453784034533032,0.008208426487542862,2.201441363144549e-05,4.96992065315967e-05,3.335517216885683e-05,2.5016379126642606e-05,3.435582733392253e-05,2.83518963435283e-05,2.4015723961576885e-05,0.013321872496176118,0.01009232764861827,0.021395734615070737,0.00941950580537705,2.068020674469121e-05,0.011303406966452463,0.008208426487542862,3.535648249898819e-05,6.904520638953365e-05,0.011572535703748946,0.006189960957819207
2024-11-18,2.4015723961576885e-05,0.015340338025899763,0.018166189767512893,0.01910814034805058,3.268806872547969e-05,0.007266475907005157,0.015340338025899763,3.535648249898819e-05,0.009688634542673541,5.90386547388765e-05,7.304782704979651e-05,0.05234553940416677,2.2347965353134078e-05,0.5558854068858944,0.010496020754563002,0.013187308127527868,0.008746683962135834,0.03135349789504075,2.868544806521685e-05,2.1680861909756944e-05,0.0336410921620609,0.05867006473063422,0.01103427822915597,1.734468952780551e-05,0.01103427822915597,7.571624082330492e-05,6.0039309903942276e-05,0.007670169012949881,3.635713766405392e-05,3.1353861838725436e-05,0.020453784034533032,0.008208426487542862,2.201441363144549e-05,4.96992065315967e-05,3.335517216885683e-05,2.5016379126642606e-05,3.435582733392253e-05,2.83518963435283e-05,2.4015723961576885e-05,0.013321872496176118,0.01009232764861827,0.021395734615070737,0.00941950580537705,2.068020674469121e-05,0.011303406966452463,0.008208426487542862,3.535648249898819e-05,6.904520638953365e-05,0.011572535703748946,0.006189960957819207
2024-11-19,2.4015723961576885e-05,0.015340338025899763,0.018166189767512893,0.01910814034805058,3.268806872547969e-05,0.007266475907005157,0.015340338025899763,3.535648249898819e-05,0.009688634542673541,5.90386547388765e-05,7.304782704979651e-05,0.05234553940416677,2.2347965353134078e-05,0.5558854068858944,0.010496020754563002,0.013187308127527868,0.008746683962135834,0.03135349789504075,2.868544806521685e-05,2.1680861909756944e-05,0.0336410921620609,0.05867006473063422,0.01103427822915597,1.734468952780551e-05,0.01103427822915597,7.571624082330492e-05,6.0039309903942276e-05,0.007670169012949881,3.635713766405392e-05,3.1353861838725436e-05,0.020453784034533032,0.008208426487542862,2.201441363144549e-05,4.96992065315967e-05,3.335517216885683e-05,2.5016379126642606e-05,3.435582733392253e-05,2.83518963435283e-05,2.4015723961576885e-05,0.013321872496176118,0.01009232764861827,0.021395734615070737,0.00941950580537705,2.068020674469121e-05,0.011303406966452463,0.008208426487542862,3.535648249898819e-05,6.904520638953365e-05,0.011572535703748946,0.006189960957819207
2024-11-20,2.4015723961576885e-05,0.015340338025899763,0.018166189767512893,0.01910814034805058,3.268806872547969e-05,0.007266475907005157,0.015340338025899763,3.535648249898819e-05,0.009688634542673541,5.90386547388765e-05,7.304782704979651e-05,0.05234553940416677,2.2347965353134078e-05,0.5558854068858944,0.010496020754563002,0.013187308127527868,0.008746683962135834,0.03135349789504075,2.868544806521685e-05,2.1680861909756944e-05,0.0336410921620609,0.05867006473063422,0.01103427822915597,1.734468952780551e-05,0.01103427822915597,7.571624082330492e-05,6.0039309903942276e-05,0.007670169012949881,3.635713766405392e-05,3.1353861838725436e-05,0.020453784034533032,0.008208426487542862,2.201441363144549e-05,4.96992065315967e-05,3.335517216885683e-05,2.5016379126642606e-05,3.435582733392253e-05,2.83518963435283e-05,2.4015723961576885e-05,0.013321872496176118,0.01009232764861827,0.021395734615070737,0.00941950580537705,2.068020674469121e-05,0.011303406966452463,0.008208426487542862,3.535648249898819e-05,6.904520638953365e-05,0.011572535703748946,0.006189960957819207
2024-11-21,2.4015723961576885e-05,0.015340338025899763,0.018166189767512893,0.01910814034805058,3.268806872547969e-05,0.007266475907005157,0.015340338025899763,3.535648249898819e-05,0.009688634542673541,5.90386547388765e-05,7.304782704979651e-05,0.05234553940416677,2.2347965353134078e-05,0.5558854068858944,0.010496020754563002,0.013187308127527868,0.008746683962135834,0.03135349789504075,2.868544806521685e-05,2.1680861909756944e-05,0.0336410921620609,0.05867006473063422,0.01103427822915597,1.734468952780551e-05,0.01103427822915597,7.571624082330492e-05,6.0039309903942276e-05,0.007670169012949881,3.635713766405392e-05,3.1353861838725436e-05,0.020453784034533032,0.008208426487542862,2.201441363144549e-05,4.96992065315967e-05,3.335517216885683e-05,2.5016379126642606e-05,3.435582733392253e-05,2.83518963435283e-05,2.4015723961576885e-05,0.013321872496176118,0.01009232764861827,0.021395734615070737,0.00941950580537705,2.068020674469121e-05,0.011303406966452463,0.008208426487542862,3.535648249898819e-05,6.904520638953365e-05,0.011572535703748946,0.006189960957819207
2024-11-22,2.4015723961576885e-05,0.015340338025899763,0.018166189767512893,0.01910814034805058,3.268806872547969e-05,0.007266475907005157,0.015340338025899763,3.535648249898819e-05,0.009688634542673541,5.90386547388765e-05,7.304782704979651e-05,0.05234553940416677,2.2347965353134078e-05,0.5558854068858944,0.010496020754563002,0.013187308127527868,0.008746683962135834,0.03135349789504075,2.868544806521685e-05,2.1680861909756944e-05,0.0336410921620609,0.05867006473063422,0.01103427822915597,1.734468952780551e-05,0.01103427822915597,7.571624082330492e-05,6.0039309903942276e-05,0.007670169012949881,3.635713766405392e-05,3.1353861838725436e-05,0.020453784034533032,0.008208426487542862,2.201441363144549e-05,4.96992065315967e-05,3.335517216885683e-05,2.5016379126642606e-05,3.435582733392253e-05,2.83518963435283e-05,2.4015723961576885e-05,0.013321872496176118,0.01009232764861827,0.021395734615070737,0.00941950580537705,2.068020674469121e-05,0.011303406966452463,0.008208426487542862,3.535648249898819e-05,6.904520638953365e-05,0.011572535703748946,0.006189960957819207
2024-11-25,2.4015723961576885e-05,0.015340338025899763,0.018166189767512893,0.01910814034805058,3.268806872547969e-05,0.007266475907005157,0.015340338025899763,3.535648249898819e-05,0.009688634542673541,5.90386547388765e-05,7.304782704979651e-05,0.05234553940416677,2.2347965353134078e-05,0.5558854068858944,0.010496020754563002,0.013187308127527868,0.008746683962135834,0.03135349789504075,2.868544806521685e-05,2.1680861909756944e-05,0.0336410921620609,0.05867006473063422,0.01103427822915597,1.734468952780551e-05,0.01103427822915597,7.571624082330492e-05,6.0039309903942276e-05,0.007670169012949881,3.635713766405392e-05,3.1353861838725436e-05,0.020453784034533032,0.008208426487542862,2.201441363144549e-05,4.96992065315967e-05,3.335517216885683e-05,2.5016379126642606e-05,3.435582733392253e-05,2.83518963435283e-05,2.4015723961576885e-05,0.013321872496176118,0.01009232764861827,0.021395734615070737,0.00941950580537705,2.068020674469121e-05,0.011303406966452463,0.008208426487542862,3.535648249898819e-05,6.904520638953365e-05,0.011572535703748946,0.006189960957819207
2024-11-26,2.4015723961576885e-05,0.015340338025899763,0.018166189767512893,0.01910814034805058,3.268806872547969e-05,0.007266475907005157,0.015340338025899763,3.535648249898819e-05,0.009688634542673541,5.90386547388765e-05,7.304782704979651e-05,0.05234553940416677,2.2347965353134078e-05,0.5558854068858944,0.010496020754563002,0.013187308127527868,0.008746683962135834,0.03135349789504075,2.868544806521685e-05,2.1680861909756944e-05,0.0336410921620609,0.05867006473063422,0.01103427822915597,1.734468952780551e-05,0.01103427822915597,7.571624082330492e-05,6.0039309903942276e-05,0.007670169012949881,3.635713766405392e-05,3.1353861838725436e-05,0.020453784034533032,0.008208426487542862,2.201441363144549e-05,4.96992065315967e-05,3.335517216885683e-05,2.5016379126642606e-05,3.435582733392253e-05,2.83518963435283e-05,2.4015723961576885e-05,0.013321872496176118,0.01009232764861827,0.021395734615070737,0.00941950580537705,2.068020674469121e-05,0.011303406966452463,0.008208426487542862,3.535648249898819e-05,6.904520638953365e-05,0.011572535703748946,0.006189960957819207
2024-11-27,2.4015723961576885e-05,0.015340338025899763,0.018166189767512893,0.01910814034805058,3.268806872547969e-05,0.007266475907005157,0.015340338025899763,3.535648249898819e-05,0.009688634542673541,5.90386547388765e-05,7.304782704979651e-05,0.05234553940416677,2.2347965353134078e-05,0.5558854068858944,0.010496020754563002,0.013187308127527868,0.008746683962135834,0.03135349789504075,2.868544806521685e-05,2.1680861909756944e-05,0.0336410921620609,0.05867006473063422,0.01103427822915597,1.734468952780551e-05,0.01103427822915597,7.571624082330492e-05,6.0039309903942276e-05,0.007670169012949881,3.635713766405392e-05,3.1353861838725436e-05,0.020453784034533032,0.008208426487542862,2.201441363144549e-05,4.96992065315967e-05,3.335517216885683e-05,2.5016379126642606e-05,3.435582733392253e-05,2.83518963435283e-05,2.4015723961576885e-05,0.013321872496176118,0.01009232764861827,0.021395734615070737,0.00941950580537705,2.068020674469121e-05,0.011303406966452463,0.008208426487542862,3.535648249898819e-05,6.904520638953365e-05,0.011572535703748946,0.006189960957819207
2024-11-28,2.4015723961576885e-05,0.015340338025899763,0.018166189767512893,0.01910814034805058,3.268806872547969e-05,0.007266475907005157,0.015340338025899763,3.535648249898819e-05,0.009688634542673541,5.90386547388765e-05,7.304782704979651e-05,0.05234553940416677,2.2347965353134078e-05,0.5558854068858944,0.010496020754563002,0.013187308127527868,0.008746683962135834,0.03135349789504075,2.868544806521685e-05,2.1680861909756944e-05,0.0336410921620609,0.05867006473063422,0.01103427822915597,1.734468952780551e-05,0.01103427822915597,7.571624082330492e-05,6.0039309903942276e-05,0.007670169012949881,3.635713766405392e-05,3.1353861838725436e-05,0.020453784034533032,0.008208426487542862,2.201441363144549e-05,4.96992065315967e-05,3.335517216885683e-05,2.5016379126642606e-05,3.435582733392253e-05,2.83518963435283e-05,2.4015723961576885e-05,0.013321872496176118,0.01009232764861827,0.021395734615070737,0.00941950580537705,2.068020674469121e-05,0.011303406966452463,0.008208426487542862,3.535648249898819e-05,6.904520638953365e-05,0.011572535703748946,0.006189960957819207
2024-11-29,2.4015723961576885e-05,0.015340338025899763,0.018166189767512893,0.01910814034805058,3.268806872547969e-05,0.007266475907005157,0.015340338025899763,3.535648249898819e-05,0.009688634542673541,5.90386547388765e-05,7.304782704979651e-05,0.05234553940416677,2.2347965353134078e-05,0.5558854068858944,0.010496020754563002,0.013187308127527868,0.008746683962135834,0.03135349789504075,2.868544806521685e-05,2.1680861909756944e-05,0.0336410921620609,0.05867006473063422,0.01103427822915597,1.734468952780551e-05,0.01103427822915597,7.571624082330492e-05,6.0039309903942276e-05,0.007670169012949881,3.635713766405392e-05,3.1353861838725436e-05,0.020453784034533032,0.008208426487542862,2.201441363144549e-05,4.96992065315967e-05,3.335517216885683e-05,2.5016379126642606e-05,3.435582733392253e-05,2.83518963435283e-05,2.4015723961576885e-05,0.013321872496176118,0.01009232764861827,0.021395734615070737,0.00941950580537705,2.068020674469121e-05,0.011303406966452463,0.008208426487542862,3.535648249898819e-05,6.904520638953365e-05,0.011572535703748946,0.006189960957819207
2024-12-02,2.4015723961576885e-05,0.015340338025899763,0.018166189767512893,0.01910814034805058,3.268806872547969e-05,0.007266475907005157,0.015340338025899763,3.535648249898819e-05,0.009688634542673541,5.90386547388765e-05,7.304782704979651e-05,0.05234553940416677,2.2347965353134078e-05,0.5558854068858944,0.010496020754563002,0.013187308127527868,0.008746683962135834,0.03135349789504075,2.868544806521685e-05,2.1680861909756944e-05,0.0336410921620609,0.05867006473063422,0.01103427822915597,1.734468952780551e-05,0.01103427822915597,7.571624082330492e-05,6.0039309903942276e-05,0.007670169012949881,3.635713766405392e-05,3.1353861838725436e-05,0.020453784034533032,0.008208426487542862,2.201441363144549e-05,4.96992065315967e-05,3.335517216885683e-05,2.5016379126642606e-05,3.435582733392253e-05,2.83518963435283e-05,2.4015723961576885e-05,0.013321872496176118,0.01009232764861827,0.021395734615070737,0.00941950580537705,2.068020674469121e-05,0.011303406966452463,0.008208426487542862,3.535648249898819e-05,6.904520638953365e-05,0.011572535703748946,0.006189960957819207
2024-12-03,2.4015723961576885e-05,0.015340338025899763,0.018166189767512893,0.01910814034805058,3.268806872547969e-05,0.007266475907005157,0.015340338025899763,3.535648249898819e-05,0.009688634542673541,5.90386547388765e-05,7.304782704979651e-05,0.05234553940416677,2.2347965353134078e-05,0.5558854068858944,0.010496020754563002,0.013187308127527868,0.008746683962135834,0.03135349789504075,2.868544806521685e-05,2.1680861909756944e-05,0.0336410921620609,0.05867006473063422,0.01103427822915597,1.734468952780551e-05,0.01103427822915597,7.571624082330492e-05,6.0039309903942276e-05,0.007670169012949881,3.635713766405392e-05,3.1353861838725436e-05,0.020453784034533032,0.008208426487542862,2.201441363144549e-05,4.96992065315967e-05,3.335517216885683e-05,2.5016379126642606e-05,3.435582733392253e-05,2.83518963435283e-05,2.4015723961576885e-05,0.013321872496176118,0.01009232764861827,0.021395734615070737,0.00941950580537705,2.068020674469121e-05,0.011303406966452463,0.008208426487542862,3.535648249898819e-05,6.904520638953365e-05,0.011572535703748946,0.006189960957819207
2024-12-04,2.4015723961576885e-05,0.015340338025899763,0.018166189767512893,0.01910814034805058,3.268806872547969e-05,0.007266475907005157,0.015340338025899763,3.535648249898819e-05,0.009688634542673541,5.90386547388765e-05,7.304782704979651e-05,0.05234553940416677,2.2347965353134078e-05,0.5558854068858944,0.010496020754563002,0.013187308127527868,0.008746683962135834,0.03135349789504075,2.868544806521685e-05,2.1680861909756944e-05,0.0336410921620609,0.05867006473063422,0.01103427822915597,1.734468952780551e-05,0.01103427822915597,7.571624082330492e-05,6.0039309903942276e-05,0.007670169012949881,3.635713766405392e-05,3.1353861838725436e-05,0.020453784034533032,0.008208426487542862,2.201441363144549e-05,4.96992065315967e-05,3.335517216885683e-05,2.5016379126642606e-05,3.435582733392253e-05,2.83518963435283e-05,2.4015723961576885e-05,0.013321872496176118,0.01009232764861827,0.021395734615070737,0.00941950580537705,2.068020674469121e-05,0.011303406966452463,0.008208426487542862,3.535648249898819e-05,6.904520638953365e-05,0.011572535703748946,0.006189960957819207
2024-12-05,2.4015723961576885e-05,0.015340338025899763,0.018166189767512893,0.01910814034805058,3.268806872547969e-05,0.007266475907005157,0.015340338025899763,3.535648249898819e-05,0.009688634542673541,5.90386547388765e-05,7.304782704979651e-05,0.05234553940416677,2.2347965353134078e-05,0.5558854068858944,0.010496020754563002,0.013187308127527868,0.008746683962135834,0.03135349789504075,2.868544806521685e-05,2.1680861909756944e-05,0.0336410921620609,0.05867006473063422,0.01103427822915597,1.734468952780551e-05,0.01103427822915597,7.571624082330492e-05,6.0039309903942276e-05,0.007670169012949881,3.635713766405392e-05,3.1353861838725436e-05,0.020453784034533032,0.008208426487542862,2.201441363144549e-05,4.96992065315967e-05,3.335517216885683e-05,2.5016379126642606e-05,3.435582733392253e-05,2.83518963435283e-05,2.4015723961576885e-05,0.013321872496176118,0.01009232764861827,0.021395734615070737,0.00941950580537705,2.068020674469121e-05,0.011303406966452463,0.008208426487542862,3.535648249898819e-05,6.904520638953365e-05,0.011572535703748946,0.006189960957819207
2024-12-06,2.4015723961576885e-05,0.015340338025899763,0.018166189767512893,0.01910814034805058,3.268806872547969e-05,0.007266475907005157,0.015340338025899763,3.535648249898819e-05,0.009688634542673541,5.90386547388765e-05,7.304782704979651e-05,0.05234553940416677,2.2347965353134078e-05,0.5558854068858944,0.010496020754563002,0.013187308127527868,0.008746683962135834,0.03135349789504075,2.868544806521685e-05,2.1680861909756944e-05,0.0336410921620609,0.05867006473063422,0.01103427822915597,1.734468952780551e-05,0.01103427822915597,7.571624082330492e-05,6.0039309903942276e-05,0.007670169012949881,3.635713766405392e-05,3.1353861838725436e-05,0.020453784034533032,0.008208426487542862,2.201441363144549e-05,4.96992065315967e-05,3.335517216885683e-05,2.5016379126642606e-05,3.435582733392253e-05,2.83518963435283e-05,2.4015723961576885e-05,0.013321872496176118,0.01009232764861827,0.021395734615070737,0.00941950580537705,2.068020674469121e-05,0.011303406966452463,0.008208426487542862,3.535648249898819e-05,6.904520638953365e-05,0.011572535703748946,0.006189960957819207
2024-12-09,2.4015723961576885e-05,0.015340338025899763,0.018166189767512893,0.01910814034805058,3.268806872547969e-05,0.007266475907005157,0.015340338025899763,3.535648249898819e-05,0.009688634542673541,5.90386547388765e-05,7.304782704979651e-05,0.05234553940416677,2.2347965353134078e-05,0.5558854068858944,0.010496020754563002,0.013187308127527868,0.008746683962135834,0.03135349789504075,2.868544806521685e-05,2.1680861909756944e-05,0.0336410921620609,0.05867006473063422,0.01103427822915597,1.734468952780551e-05,0.01103427822915597,7.571624082330492e-05,6.0039309903942276e-05,0.007670169012949881,3.635713766405392e-05,3.1353861838725436e-05,0.020453784034533032,0.008208426487542862,2.201441363144549e-05,4.96992065315967e-05,3.335517216885683e-05,2.5016379126642606e-05,3.435582733392253e-05,2.83518963435283e-05,2.4015723961576885e-05,0.013321872496176118,0.01009232764861827,0.021395734615070737,0.00941950580537705,2.068020674469121e-05,0.011303406966452463,0.008208426487542862,3.535648249898819e-05,6.904520638953365e-05,0.011572535703748946,0.006189960957819207
2024-12-10,2.4015723961576885e-05,0.015340338025899763,0.018166189767512893,0.01910814034805058,3.268806872547969e-05,0.007266475907005157,0.015340338025899763,3.535648249898819e-05,0.009688634542673541,5.90386547388765e-05,7.304782704979651e-05,0.05234553940416677,2.2347965353134078e-05,0.5558854068858944,0.010496020754563002,0.013187308127527868,0.008746683962135834,0.03135349789504075,2.868544806521685e-05,2.1680861909756944e-05,0.0336410921620609,0.05867006473063422,0.01103427822915597,1.734468952780551e-05,0.01103427822915597,7.571624082330492e-05,6.0039309903942276e-05,0.007670169012949881,3.635713766405392e-05,3.1353861838725436e-05,0.020453784034533032,0.008208426487542862,2.201441363144549e-05,4.96992065315967e-05,3.335517216885683e-05,2.5016379126642606e-05,3.435582733392253e-05,2.83518963435283e-05,2.4015723961576885e-05,0.013321872496176118,0.01009232764861827,0.021395734615070737,0.00941950580537705,2.068020674469121e-05,0.011303406966452463,0.008208426487542862,3.535648249898819e-05,6.904520638953365e-05,0.011572535703748946,0.006189960957819207
2024-12-11,2.4015723961576885e-05,0.015340338025899763,0.018166189767512893,0.01910814034805058,3.268806872547969e-05,0.007266475907005157,0.015340338025899763,3.535648249898819e-05,0.009688634542673541,5.90386547388765e-05,7.304782704979651e-05,0.05234553940416677,2.2347965353134078e-05,0.5558854068858944,0.010496020754563002,0.013187308127527868,0.008746683962135834,0.03135349789504075,2.868544806521685e-05,2.1680861909756944e-05,0.0336410921620609,0.05867006473063422,0.01103427822915597,1.734468952780551e-05,0.01103427822915597,7.571624082330492e-05,6.0039309903942276e-05,0.007670169012949881,3.635713766405392e-05,3.1353861838725436e-05,0.020453784034533032,0.008208426487542862,2.201441363144549e-05,4.96992065315967e-05,3.335517216885683e-05,2.5016379126642606e-05,3.435582733392253e-05,2.83518963435283e-05,2.4015723961576885e-05,0.013321872496176118,0.01009232764861827,0.021395734615070737,0.00941950580537705,2.068020674469121e-05,0.011303406966452463,0.008208426487542862,3.535648249898819e-05,6.904520638953365e-05,0.011572535703748946,0.006189960957819207
2024-12-12,2.4015723961576885e-05,0.015340338025899763,0.018166189767512893,0.01910814034805058,3.268806872547969e-05,0.007266475907005157,0.015340338025899763,3.535648249898819e-05,0.009688634542673541,5.90386547388765e-05,7.304782704979651e-05,0.05234553940416677,2.2347965353134078e-05,0.5558854068858944,0.010496020754563002,0.013187308127527868,0.008746683962135834,0.03135349789504075,2.868544806521685e-05,2.1680861909756944e-05,0.0336410921620609,0.05867006473063422,0.01103427822915597,1.734468952780551e-05,0.01103427822915597,7.571624082330492e-05,6.0039309903942276e-05,0.007670169012949881,3.635713766405392e-05,3.1353861838725436e-05,0.020453784034533032,0.008208426487542862,2.201441363144549e-05,4.96992065315967e-05,3.335517216885683e-05,2.5016379126642606e-05,3.435582733392253e-05,2.83518963435283e-05,2.4015723961576885e-05,0.013321872496176118,0.01009232764861827,0.021395734615070737,0.00941950580537705,2.068020674469121e-05,0.011303406966452463,0.008208426487542862,3.535648249898819e-05,6.904520638953365e-05,0.011572535703748946,0.006189960957819207
2024-12-13,2.4015723961576885e-05,0.015340338025899763,0.018166189767512893,0.01910814034805058,3.268806872547969e-05,0.007266475907005157,0.015340338025899763,3.535648249898819e-05,0.009688634542673541,5.90386547388765e-05,7.304782704979651e-05,0.05234553940416677,2.2347965353134078e-05,0.5558854068858944,0.010496020754563002,0.013187308127527868,0.008746683962135834,0.03135349789504075,2.868544806521685e-05,2.1680861909756944e-05,0.0336410921620609,0.05867006473063422,0.01103427822915597,1.734468952780551e-05,0.01103427822915597,7.571624082330492e-05,6.0039309903942276e-05,0.007670169012949881,3.635713766405392e-05,3.1353861838725436e-05,0.020453784034533032,0.008208426487542862,2.201441363144549e-05,4.96992065315967e-05,3.335517216885683e-05,2.5016379126642606e-05,3.435582733392253e-05,2.83518963435283e-05,2.4015723961576885e-05,0.013321872496176118,0.01009232764861827,0.021395734615070737,0.00941950580537705,2.068020674469121e-05,0.011303406966452463,0.008208426487542862,3.535648249898819e-05,6.904520638953365e-05,0.011572535703748946,0.006189960957819207
2024-12-16,2.4015723961576885e-05,0.015340338025899763,0.018166189767512893,0.01910814034805058,3.268806872547969e-05,0.007266475907005157,0.015340338025899763,3.535648249898819e-05,0.009688634542673541,5.90386547388765e-05,7.304782704979651e-05,0.05234553940416677,2.2347965353134078e-05,0.5558854068858944,0.010496020754563002,0.013187308127527868,0.008746683962135834,0.03135349789504075,2.868544806521685e-05,2.1680861909756944e-05,0.0336410921620609,0.05867006473063422,0.01103427822915597,1.734468952780551e-05,0.01103427822915597,7.571624082330492e-05,6.0039309903942276e-05,0.007670169012949881,3.635713766405392e-05,3.1353861838725436e-05,0.020453784034533032,0.008208426487542862,2.201441363144549e-05,4.96992065315967e-05,3.335517216885683e-05,2.5016379126642606e-05,3.435582733392253e-05,2.83518963435283e-05,2.4015723961576885e-05,0.013321872496176118,0.01009232764861827,0.021395734615070737,0.00941950580537705,2.068020674469121e-05,0.011303406966452463,0.008208426487542862,3.535648249898819e-05,6.904520638953365e-05,0.011572535703748946,0.006189960957819207
2024-12-17,2.4015723961576885e-05,0.015340338025899763,0.018166189767512893,0.01910814034805058,3.268806872547969e-05,0.007266475907005157,0.015340338025899763,3.535648249898819e-05,0.009688634542673541,5.90386547388765e-05,7.304782704979651e-05,0.05234553940416677,2.2347965353134078e-05,0.5558854068858944,0.010496020754563002,0.013187308127527868,0.008746683962135834,0.03135349789504075,2.868544806521685e-05,2.1680861909756944e-05,0.0336410921620609,0.05867006473063422,0.01103427822915597,1.734468952780551e-05,0.01103427822915597,7.571624082330492e-05,6.0039309903942276e-05,0.007670169012949881,3.635713766405392e-05,3.1353861838725436e-05,0.020453784034533032,0.008208426487542862,2.201441363144549e-05,4.96992065315967e-05,3.335517216885683e-05,2.5016379126642606e-05,3.435582733392253e-05,2.83518963435283e-05,2.4015723961576885e-05,0.013321872496176118,0.01009232764861827,0.021395734615070737,0.00941950580537705,2.068020674469121e-05,0.011303406966452463,0.008208426487542862,3.535648249898819e-05,6.904520638953365e-05,0.011572535703748946,0.006189960957819207
2024-12-18,2.4015723961576885e-05,0.015340338025899763,0.018166189767512893,0.01910814034805058,3.268806872547969e-05,0.007266475907005157,0.015340338025899763,3.535648249898819e-05,0.009688634542673541,5.90386547388765e-05,7.304782704979651e-05,0.05234553940416677,2.2347965353134078e-05,0.5558854068858944,0.010496020754563002,0.013187308127527868,0.008746683962135834,0.03135349789504075,2.868544806521685e-05,2.1680861909756944e-05,0.0336410921620609,0.05867006473063422,0.01103427822915597,1.734468952780551e-05,0.01103427822915597,7.571624082330492e-05,6.0039309903942276e-05,0.007670169012949881,3.635713766405392e-05,3.1353861838725436e-05,0.020453784034533032,0.008208426487542862,2.201441363144549e-05,4.96992065315967e-05,3.335517216885683e-05,2.5016379126642606e-05,3.435582733392253e-05,2.83518963435283e-05,2.4015723961576885e-05,0.013321872496176118,0.01009232764861827,0.021395734615070737,0.00941950580537705,2.068020674469121e-05,0.011303406966452463,0.008208426487542862,3.535648249898819e-05,6.904520638953365e-05,0.011572535703748946,0.006189960957819207
2024-12-19,2.4015723961576885e-05,0.015340338025899763,0.018166189767512893,0.01910814034805058,3.268806872547969e-05,0.007266475907005157,0.015340338025899763,3.535648249898819e-05,0.009688634542673541,5.90386547388765e-05,7.304782704979651e-05,0.05234553940416677,2.2347965353134078e-05,0.5558854068858944,0.010496020754563002,0.013187308127527868,0.008746683962135834,0.03135349789504075,2.868544806521685e-05,2.1680861909756944e-05,0.0336410921620609,0.05867006473063422,0.01103427822915597,1.734468952780551e-05,0.01103427822915597,7.571624082330492e-05,6.0039309903942276e-05,0.007670169012949881,3.635713766405392e-05,3.1353861838725436e-05,0.020453784034533032,0.008208426487542862,2.201441363144549e-05,4.96992065315967e-05,3.335517216885683e-05,2.5016379126642606e-05,3.435582733392253e-05,2.83518963435283e-05,2.4015723961576885e-05,0.013321872496176118,0.01009232764861827,0.021395734615070737,0.00941950580537705,2.068020674469121e-05,0.011303406966452463,0.008208426487542862,3.535648249898819e-05,6.904520638953365e-05,0.011572535703748946,0.006189960957819207
2024-12-20,2.4015723961576885e-05,0.015340338025899763,0.018166189767512893,0.01910814034805058,3.268806872547969e-05,0.007266475907005157,0.015340338025899763,3.535648249898819e-05,0.009688634542673541,5.90386547388765e-05,7.304782704979651e-05,0.05234553940416677,2.2347965353134078e-05,0.5558854068858944,0.010496020754563002,0.013187308127527868,0.008746683962135834,0.03135349789504075,2.868544806521685e-05,2.1680861909756944e-05,0.0336410921620609,0.05867006473063422,0.01103427822915597,1.734468952780551e-05,0.01103427822915597,7.571624082330492e-05,6.0039309903942276e-05,0.007670169012949881,3.635713766405392e-05,3.1353861838725436e-05,0.020453784034533032,0.008208426487542862,2.201441363144549e-05,4.96992065315967e-05,3.335517216885683e-05,2.5016379126642606e-05,3.435582733392253e-05,2.83518963435283e-05,2.4015723961576885e-05,0.013321872496176118,0.01009232764861827,0.021395734615070737,0.00941950580537705,2.068020674469121e-05,0.011303406966452463,0.008208426487542862,3.535648249898819e-05,6.904520638953365e-05,0.011572535703748946,0.006189960957819207
2024-12-23,2.4015723961576885e-05,0.015340338025899763,0.018166189767512893,0.01910814034805058,3.268806872547969e-05,0.007266475907005157,0.015340338025899763,3.535648249898819e-05,0.009688634542673541,5.90386547388765e-05,7.304782704979651e-05,0.05234553940416677,2.2347965353134078e-05,0.5558854068858944,0.010496020754563002,0.013187308127527868,0.008746683962135834,0.03135349789504075,2.868544806521685e-05,2.1680861909756944e-05,0.0336410921620609,0.05867006473063422,0.01103427822915597,1.734468952780551e-05,0.01103427822915597,7.571624082330492e-05,6.0039309903942276e-05,0.007670169012949881,3.635713766405392e-05,3.1353861838725436e-05,0.020453784034533032,0.008208426487542862,2.201441363144549e-05,4.96992065315967e-05,3.335517216885683e-05,2.5016379126642606e-05,3.435582733392253e-05,2.83518963435283e-05,2.4015723961576885e-05,0.013321872496176118,0.01009232764861827,0.021395734615070737,0.00941950580537705,2.068020674469121e-05,0.011303406966452463,0.008208426487542862,3.535648249898819e-05,6.904520638953365e-05,0.011572535703748946,0.006189960957819207
2024-12-24,2.4015723961576885e-05,0.015340338025899763,0.018166189767512893,0.01910814034805058,3.268806872547969e-05,0.007266475907005157,0.015340338025899763,3.535648249898819e-05,0.009688634542673541,5.90386547388765e-05,7.304782704979651e-05,0.05234553940416677,2.2347965353134078e-05,0.5558854068858944,0.010496020754563002,0.013187308127527868,0.008746683962135834,0.03135349789504075,2.868544806521685e-05,2.1680861909756944e-05,0.0336410921620609,0.05867006473063422,0.01103427822915597,1.734468952780551e-05,0.01103427822915597,7.571624082330492e-05,6.0039309903942276e-05,0.007670169012949881,3.635713766405392e-05,3.1353861838725436e-05,0.020453784034533032,0.008208426487542862,2.201441363144549e-05,4.96992065315967e-05,3.335517216885683e-05,2.5016379126642606e-05,3.435582733392253e-05,2.83518963435283e-05,2.4015723961576885e-05,0.013321872496176118,0.01009232764861827,0.021395734615070737,0.00941950580537705,2.068020674469121e-05,0.011303406966452463,0.008208426487542862,3.535648249898819e-05,6.904520638953365e-05,0.011572535703748946,0.006189960957819207
2024-12-25,2.4015723961576885e-05,0.015340338025899763,0.018166189767512893,0.01910814034805058,3.268806872547969e-05,0.007266475907005157,0.015340338025899763,3.535648249898819e-05,0.009688634542673541,5.90386547388765e-05,7.304782704979651e-05,0.05234553940416677,2.2347965353134078e-05,0.5558854068858944,0.010496020754563002,0.013187308127527868,0.008746683962135834,0.03135349789504075,2.868544806521685e-05,2.1680861909756944e-05,0.0336410921620609,0.05867006473063422,0.01103427822915597,1.734468952780551e-05,0.01103427822915597,7.571624082330492e-05,6.0039309903942276e-05,0.007670169012949881,3.635713766405392e-05,3.1353861838725436e-05,0.020453784034533032,0.008208426487542862,2.201441363144549e-05,4.96992065315967e-05,3.335517216885683e-05,2.5016379126642606e-05,3.435582733392253e-05,2.83518963435283e-05,2.4015723961576885e-05,0.013321872496176118,0.01009232764861827,0.021395734615070737,0.00941950580537705,2.068020674469121e-05,0.011303406966452463,0.008208426487542862,3.535648249898819e-05,6.904520638953365e-05,0.011572535703748946,0.006189960957819207
2024-12-26,2.4015723961576885e-05,0.015340338025899763,0.018166189767512893,0.01910814034805058,3.268806872547969e-05,0.007266475907005157,0.015340338025899763,3.535648249898819e-05,0.009688634542673541,5.90386547388765e-05,7.304782704979651e-05,0.05234553940416677,2.2347965353134078e-05,0.5558854068858944,0.010496020754563002,0.013187308127527868,0.008746683962135834,0.03135349789504075,2.868544806521685e-05,2.1680861909756944e-05,0.0336410921620609,0.05867006473063422,0.01103427822915597,1.734468952780551e-05,0.01103427822915597,7.571624082330492e-05,6.0039309903942276e-05,0.007670169012949881,3.635713766405392e-05,3.1353861838725436e-05,0.020453784034533032,0.008208426487542862,2.201441363144549e-05,4.96992065315967e-05,3.335517216885683e-05,2.5016379126642606e-05,3.435582733392253e-05,2.83518963435283e-05,2.4015723961576885e-05,0.013321872496176118,0.01009232764861827,0.021395734615070737,0.00941950580537705,2.068020674469121e-05,0.011303406966452463,0.008208426487542862,3.535648249898819e-05,6.904520638953365e-05,0.011572535703748946,0.006189960957819207
2024-12-27,2.4015723961576885e-05,0.015340338025899763,0.018166189767512893,0.01910814034805058,3.268806872547969e-05,0.007266475907005157,0.015340338025899763,3.535648249898819e-05,0.009688634542673541,5.90386547388765e-05,7.304782704979651e-05,0.05234553940416677,2.2347965353134078e-05,0.5558854068858944,0.010496020754563002,0.013187308127527868,0.008746683962135834,0.03135349789504075,2.868544806521685e-05,2.1680861909756944e-05,0.0336410921620609,0.05867006473063422,0.01103427822915597,1.734468952780551e-05,0.01103427822915597,7.571624082330492e-05,6.0039309903942276e-05,0.007670169012949881,3.635713766405392e-05,3.1353861838725436e-05,0.020453784034533032,0.008208426487542862,2.201441363144549e-05,4.96992065315967e-05,3.335517216885683e-05,2.5016379126642606e-05,3.435582733392253e-05,2.83518963435283e-05,2.4015723961576885e-05,0.013321872496176118,0.01009232764861827,0.021395734615070737,0.00941950580537705,2.068020674469121e-05,0.011303406966452463,0.008208426487542862,3.535648249898819e-05,6.904520638953365e-05,0.011572535703748946,0.006189960957819207
2024-12-30,2.4015723961576885e-05,0.015340338025899763,0.018166189767512893,0.01910814034805058,3.268806872547969e-05,0.007266475907005157,0.015340338025899763,3.535648249898819e-05,0.009688634542673541,5.90386547388765e-05,7.304782704979651e-05,0.05234553940416677,2.2347965353134078e-05,0.5558854068858944,0.010496020754563002,0.013187308127527868,0.008746683962135834,0.03135349789504075,2.868544806521685e-05,2.1680861909756944e-05,0.0336410921620609,0.05867006473063422,0.01103427822915597,1.734468952780551e-05,0.01103427822915597,7.571624082330492e-05,6.0039309903942276e-05,0.007670169012949881,3.635713766405392e-05,3.1353861838725436e-05,0.020453784034533032,0.008208426487542862,2.201441363144549e-05,4.96992065315967e-05,3.335517216885683e-05,2.5016379126642606e-05,3.435582733392253e-05,2.83518963435283e-05,2.4015723961576885e-05,0.013321872496176118,0.01009232764861827,0.021395734615070737,0.00941950580537705,2.068020674469121e-05,0.011303406966452463,0.008208426487542862,3.535648249898819e-05,6.904520638953365e-05,0.011572535703748946,0.006189960957819207
2024-12-31,2.4015723961576885e-05,0.015340338025899763,0.018166189767512893,0.01910814034805058,3.268806872547969e-05,0.007266475907005157,0.015340338025899763,3.535648249898819e-05,0.009688634542673541,5.90386547388765e-05,7.304782704979651e-05,0.05234553940416677,2.2347965353134078e-05,0.5558854068858944,0.010496020754563002,0.013187308127527868,0.008746683962135834,0.03135349789504075,2.868544806521685e-05,2.1680861909756944e-05,0.0336410921620609,0.05867006473063422,0.01103427822915597,1.734468952780551e-05,0.01103427822915597,7.571624082330492e-05,6.0039309903942276e-05,0.007670169012949881,3.635713766405392e-05,3.1353861838725436e-05,0.020453784034533032,0.008208426487542862,2.201441363144549e-05,4.96992065315967e-05,3.335517216885683e-05,2.5016379126642606e-05,3.435582733392253e-05,2.83518963435283e-05,2.4015723961576885e-05,0.013321872496176118,0.01009232764861827,0.021395734615070737,0.00941950580537705,2.068020674469121e-05,0.011303406966452463,0.008208426487542862,3.535648249898819e-05,6.904520638953365e-05,0.011572535703748946,0.006189960957819207
2025-01-02,2.4015723961576885e-05,0.015340338025899763,0.018166189767512893,0.01910814034805058,3.268806872547969e-05,0.007266475907005157,0.015340338025899763,3.535648249898819e-05,0.009688634542673541,5.90386547388765e-05,7.304782704979651e-05,0.05234553940416677,2.2347965353134078e-05,0.5558854068858944,0.010496020754563002,0.013187308127527868,0.008746683962135834,0.03135349789504075,2.868544806521685e-05,2.1680861909756944e-05,0.0336410921620609,0.05867006473063422,0.01103427822915597,1.734468952780551e-05,0.01103427822915597,7.571624082330492e-05,6.0039309903942276e-05,0.007670169012949881,3.635713766405392e-05,3.1353861838725436e-05,0.020453784034533032,0.008208426487542862,2.201441363144549e-05,4.96992065315967e-05,3.335517216885683e-05,2.5016379126642606e-05,3.435582733392253e-05,2.83518963435283e-05,2.4015723961576885e-05,0.013321872496176118,0.01009232764861827,0.021395734615070737,0.00941950580537705,2.068020674469121e-05,0.011303406966452463,0.008208426487542862,3.535648249898819e-05,6.904520638953365e-05,0.011572535703748946,0.006189960957819207
2025-01-03,2.4015723961576885e-05,0.015340338025899763,0.018166189767512893,0.01910814034805058,3.268806872547969e-05,0.007266475907005157,0.015340338025899763,3.535648249898819e-05,0.009688634542673541,5.90386547388765e-05,7.304782704979651e-05,0.05234553940416677,2.2347965353134078e-05,0.5558854068858944,0.010496020754563002,0.013187308127527868,0.008746683962135834,0.03135349789504075,2.868544806521685e-05,2.1680861909756944e-05,0.0336410921620609,0.05867006473063422,0.01103427822915597,1.734468952780551e-05,0.01103427822915597,7.571624082330492e-05,6.0039309903942276e-05,0.007670169012949881,3.635713766405392e-05,3.1353861838725436e-05,0.020453784034533032,0.008208426487542862,2.201441363144549e-05,4.96992065315967e-05,3.335517216885683e-05,2.5016379126642606e-05,3.435582733392253e-05,2.83518963435283e-05,2.4015723961576885e-05,0.013321872496176118,0.01009232764861827,0.021395734615070737,0.00941950580537705,2.068020674469121e-05,0.011303406966452463,0.008208426487542862,3.535648249898819e-05,6.904520638953365e-05,0.011572535703748946,0.006189960957819207
2025-01-06,2.4015723961576885e-05,0.015340338025899763,0.018166189767512893,0.01910814034805058,3.268806872547969e-05,0.007266475907005157,0.015340338025899763,3.535648249898819e-05,0.009688634542673541,5.90386547388765e-05,7.304782704979651e-05,0.05234553940416677,2.2347965353134078e-05,0.5558854068858944,0.010496020754563002,0.013187308127527868,0.008746683962135834,0.03135349789504075,2.868544806521685e-05,2.1680861909756944e-05,0.0336410921620609,0.05867006473063422,0.01103427822915597,1.734468952780551e-05,0.01103427822915597,7.571624082330492e-05,6.0039309903942276e-05,0.007670169012949881,3.635713766405392e-05,3.1353861838725436e-05,0.020453784034533032,0.008208426487542862,2.201441363144549e-05,4.96992065315967e-05,3.335517216885683e-05,2.5016379126642606e-05,3.435582733392253e-05,2.83518963435283e-05,2.4015723961576885e-05,0.013321872496176118,0.01009232764861827,0.021395734615070737,0.00941950580537705,2.068020674469121e-05,0.011303406966452463,0.008208426487542862,3.535648249898819e-05,6.904520638953365e-05,0.011572535703748946,0.006189960957819207
2025-01-07,2.4015723961576885e-05,0.015340338025899763,0.018166189767512893,0.01910814034805058,3.268806872547969e-05,0.007266475907005157,0.015340338025899763,3.535648249898819e-05,0.009688634542673541,5.90386547388765e-05,7.304782704979651e-05,0.05234553940416677,2.2347965353134078e-05,0.5558854068858944,0.010496020754563002,0.013187308127527868,0.008746683962135834,0.03135349789504075,2.868544806521685e-05,2.1680861909756944e-05,0.0336410921620609,0.05867006473063422,0.01103427822915597,1.734468952780551e-05,0.01103427822915597,7.571624082330492e-05,6.0039309903942276e-05,0.007670169012949881,3.635713766405392e-05,3.1353861838725436e-05,0.020453784034533032,0.008208426487542862,2.201441363144549e-05,4.96992065315967e-05,3.335517216885683e-05,2.5016379126642606e-05,3.435582733392253e-05,2.83518963435283e-05,2.4015723961576885e-05,0.013321872496176118,0.01009232764861827,0.021395734615070737,0.00941950580537705,2.068020674469121e-05,0.011303406966452463,0.008208426487542862,3.535648249898819e-05,6.904520638953365e-05,0.011572535703748946,0.006189960957819207
2025-01-08,2.4015723961576885e-05,0.015340338025899763,0.018166189767512893,0.01910814034805058,3.268806872547969e-05,0.007266475907005157,0.015340338025899763,3.535648249898819e-05,0.009688634542673541,5.90386547388765e-05,7.304782704979651e-05,0.05234553940416677,2.2347965353134078e-05,0.5558854068858944,0.010496020754563002,0.013187308127527868,0.008746683962135834,0.03135349789504075,2.868544806521685e-05,2.1680861909756944e-05,0.0336410921620609,0.05867006473063422,0.01103427822915597,1.734468952780551e-05,0.01103427822915597,7.571624082330492e-05,6.0039309903942276e-05,0.007670169012949881,3.635713766405392e-05,3.1353861838725436e-05,0.020453784034533032,0.008208426487542862,2.201441363144549e-05,4.96992065315967e-05,3.335517216885683e-05,2.5016379126642606e-05,3.435582733392253e-05,2.83518963435283e-05,2.4015723961576885e-05,0.013321872496176118,0.01009232764861827,0.021395734615070737,0.00941950580537705,2.068020674469121e-05,0.011303406966452463,0.008208426487542862,3.535648249898819e-05,6.904520638953365e-05,0.011572535703748946,0.006189960957819207
2025-01-09,2.4015723961576885e-05,0.015340338025899763,0.018166189767512893,0.01910814034805058,3.268806872547969e-05,0.007266475907005157,0.015340338025899763,3.535648249898819e-05,0.009688634542673541,5.90386547388765e-05,7.304782704979651e-05,0.05234553940416677,2.2347965353134078e-05,0.5558854068858944,0.010496020754563002,0.013187308127527868,0.008746683962135834,0.03135349789504075,2.868544806521685e-05,2.1680861909756944e-05,0.0336410921620609,0.05867006473063422,0.01103427822915597,1.734468952780551e-05,0.01103427822915597,7.571624082330492e-05,6.0039309903942276e-05,0.007670169012949881,3.635713766405392e-05,3.1353861838725436e-05,0.020453784034533032,0.008208426487542862,2.201441363144549e-05,4.96992065315967e-05,3.335517216885683e-05,2.5016379126642606e-05,3.435582733392253e-05,2.83518963435283e-05,2.4015723961576885e-05,0.013321872496176118,0.01009232764861827,0.021395734615070737,0.00941950580537705,2.068020674469121e-05,0.011303406966452463,0.008208426487542862,3.535648249898819e-05,6.904520638953365e-05,0.011572535703748946,0.006189960957819207
2025-01-10,2.4015723961576885e-05,0.015340338025899763,0.018166189767512893,0.01910814034805058,3.268806872547969e-05,0.007266475907005157,0.015340338025899763,3.535648249898819e-05,0.009688634542673541,5.90386547388765e-05,7.304782704979651e-05,0.05234553940416677,2.2347965353134078e-05,0.5558854068858944,0.010496020754563002,0.013187308127527868,0.008746683962135834,0.03135349789504075,2.868544806521685e-05,2.1680861909756944e-05,0.0336410921620609,0.05867006473063422,0.01103427822915597,1.734468952780551e-05,0.01103427822915597,7.571624082330492e-05,6.0039309903942276e-05,0.007670169012949881,3.635713766405392e-05,3.1353861838725436e-05,0.020453784034533032,0.008208426487542862,2.201441363144549e-05,4.96992065315967e-05,3.335517216885683e-05,2.5016379126642606e-05,3.435582733392253e-05,2.83518963435283e-05,2.4015723961576885e-05,0.013321872496176118,0.01009232764861827,0.021395734615070737,0.00941950580537705,2.068020674469121e-05,0.011303406966452463,0.008208426487542862,3.535648249898819e-05,6.904520638953365e-05,0.011572535703748946,0.006189960957819207
2025-01-13,2.4015723961576885e-05,0.015340338025899763,0.018166189767512893,0.01910814034805058,3.268806872547969e-05,0.007266475907005157,0.015340338025899763,3.535648249898819e-05,0.009688634542673541,5.90386547388765e-05,7.304782704979651e-05,0.05234553940416677,2.2347965353134078e-05,0.5558854068858944,0.010496020754563002,0.013187308127527868,0.008746683962135834,0.03135349789504075,2.868544806521685e-05,2.1680861909756944e-05,0.0336410921620609,0.05867006473063422,0.01103427822915597,1.734468952780551e-05,0.01103427822915597,7.571624082330492e-05,6.0039309903942276e-05,0.007670169012949881,3.635713766405392e-05,3.1353861838725436e-05,0.020453784034533032,0.008208426487542862,2.201441363144549e-05,4.96992065315967e-05,3.335517216885683e-05,2.5016379126642606e-05,3.435582733392253e-05,2.83518963435283e-05,2.4015723961576885e-05,0.013321872496176118,0.01009232764861827,0.021395734615070737,0.00941950580537705,2.068020674469121e-05,0.011303406966452463,0.008208426487542862,3.535648249898819e-05,6.904520638953365e-05,0.011572535703748946,0.006189960957819207
2025-01-14,2.4015723961576885e-05,0.015340338025899763,0.018166189767512893,0.01910814034805058,3.268806872547969e-05,0.007266475907005157,0.015340338025899763,3.535648249898819e-05,0.009688634542673541,5.90386547388765e-05,7.304782704979651e-05,0.05234553940416677,2.2347965353134078e-05,0.5558854068858944,0.010496020754563002,0.013187308127527868,0.008746683962135834,0.03135349789504075,2.868544806521685e-05,2.1680861909756944e-05,0.0336410921620609,0.05867006473063422,0.01103427822915597,1.734468952780551e-05,0.01103427822915597,7.571624082330492e-05,6.0039309903942276e-05,0.007670169012949881,3.635713766405392e-05,3.1353861838725436e-05,0.020453784034533032,0.008208426487542862,2.201441363144549e-05,4.96992065315967e-05,3.335517216885683e-05,2.5016379126642606e-05,3.435582733392253e-05,2.83518963435283e-05,2.4015723961576885e-05,0.013321872496176118,0.01009232764861827,0.021395734615070737,0.00941950580537705,2.068020674469121e-05,0.011303406966452463,0.008208426487542862,3.535648249898819e-05,6.904520638953365e-05,0.011572535703748946,0.006189960957819207
2025-01-15,2.4015723961576885e-05,0.015340338025899763,0.018166189767512893,0.01910814034805058,3.268806872547969e-05,0.007266475907005157,0.015340338025899763,3.535648249898819e-05,0.009688634542673541,5.90386547388765e-05,7.304782704979651e-05,0.05234553940416677,2.2347965353134078e-05,0.5558854068858944,0.010496020754563002,0.013187308127527868,0.008746683962135834,0.03135349789504075,2.868544806521685e-05,2.1680861909756944e-05,0.0336410921620609,0.05867006473063422,0.01103427822915597,1.734468952780551e-05,0.01103427822915597,7.571624082330492e-05,6.0039309903942276e-05,0.007670169012949881,3.635713766405392e-05,3.1353861838725436e-05,0.020453784034533032,0.008208426487542862,2.201441363144549e-05,4.96992065315967e-05,3.335517216885683e-05,2.5016379126642606e-05,3.435582733392253e-05,2.83518963435283e-05,2.4015723961576885e-05,0.013321872496176118,0.01009232764861827,0.021395734615070737,0.00941950580537705,2.068020674469121e-05,0.011303406966452463,0.008208426487542862,3.535648249898819e-05,6.904520638953365e-05,0.011572535703748946,0.006189960957819207
2025-01-16,2.4015723961576885e-05,0.015340338025899763,0.018166189767512893,0.01910814034805058,3.268806872547969e-05,0.007266475907005157,0.015340338025899763,3.535648249898819e-05,0.009688634542673541,5.90386547388765e-05,7.304782704979651e-05,0.05234553940416677,2.2347965353134078e-05,0.5558854068858944,0.010496020754563002,0.013187308127527868,0.008746683962135834,0.03135349789504075,2.868544806521685e-05,2.1680861909756944e-05,0.0336410921620609,0.05867006473063422,0.01103427822915597,1.734468952780551e-05,0.01103427822915597,7.571624082330492e-05,6.0039309903942276e-05,0.007670169012949881,3.635713766405392e-05,3.1353861838725436e-05,0.020453784034533032,0.008208426487542862,2.201441363144549e-05,4.96992065315967e-05,3.335517216885683e-05,2.5016379126642606e-05,3.435582733392253e-05,2.83518963435283e-05,2.4015723961576885e-05,0.013321872496176118,0.01009232764861827,0.021395734615070737,0.00941950580537705,2.068020674469121e-05,0.011303406966452463,0.008208426487542862,3.535648249898819e-05,6.904520638953365e-05,0.011572535703748946,0.006189960957819207
2025-01-17,2.4015723961576885e-05,0.015340338025899763,0.018166189767512893,0.01910814034805058,3.268806872547969e-05,0.007266475907005157,0.015340338025899763,3.535648249898819e-05,0.009688634542673541,5.90386547388765e-05,7.304782704979651e-05,0.05234553940416677,2.2347965353134078e-05,0.5558854068858944,0.010496020754563002,0.013187308127527868,0.008746683962135834,0.03135349789504075,2.868544806521685e-05,2.1680861909756944e-05,0.0336410921620609,0.05867006473063422,0.01103427822915597,1.734468952780551e-05,0.01103427822915597,7.571624082330492e-05,6.0039309903942276e-05,0.007670169012949881,3.635713766405392e-05,3.1353861838725436e-05,0.020453784034533032,0.008208426487542862,2.201441363144549e-05,4.96992065315967e-05,3.335517216885683e-05,2.5016379126642606e-05,3.435582733392253e-05,2.83518963435283e-05,2.4015723961576885e-05,0.013321872496176118,0.01009232764861827,0.021395734615070737,0.00941950580537705,2.068020674469121e-05,0.011303406966452463,0.008208426487542862,3.535648249898819e-05,6.904520638953365e-05,0.011572535703748946,0.006189960957819207
2025-01-20,2.4015723961576885e-05,0.015340338025899763,0.018166189767512893,0.01910814034805058,3.268806872547969e-05,0.007266475907005157,0.015340338025899763,3.535648249898819e-05,0.009688634542673541,5.90386547388765e-05,7.304782704979651e-05,0.05234553940416677,2.2347965353134078e-05,0.5558854068858944,0.010496020754563002,0.013187308127527868,0.008746683962135834,0.03135349789504075,2.868544806521685e-05,2.1680861909756944e-05,0.0336410921620609,0.05867006473063422,0.01103427822915597,1.734468952780551e-05,0.01103427822915597,7.571624082330492e-05,6.0039309903942276e-05,0.007670169012949881,3.635713766405392e-05,3.1353861838725436e-05,0.020453784034533032,0.008208426487542862,2.201441363144549e-05,4.96992065315967e-05,3.335517216885683e-05,2.5016379126642606e-05,3.435582733392253e-05,2.83518963435283e-05,2.4015723961576885e-05,0.013321872496176118,0.01009232764861827,0.021395734615070737,0.00941950580537705,2.068020674469121e-05,0.011303406966452463,0.008208426487542862,3.535648249898819e-05,6.904520638953365e-05,0.011572535703748946,0.006189960957819207
2025-01-21,2.4015723961576885e-05,0.015340338025899763,0.018166189767512893,0.01910814034805058,3.268806872547969e-05,0.007266475907005157,0.015340338025899763,3.535648249898819e-05,0.009688634542673541,5.90386547388765e-05,7.304782704979651e-05,0.05234553940416677,2.2347965353134078e-05,0.5558854068858944,0.010496020754563002,0.013187308127527868,0.008746683962135834,0.03135349789504075,2.868544806521685e-05,2.1680861909756944e-05,0.0336410921620609,0.05867006473063422,0.01103427822915597,1.734468952780551e-05,0.01103427822915597,7.571624082330492e-05,6.0039309903942276e-05,0.007670169012949881,3.635713766405392e-05,3.1353861838725436e-05,0.020453784034533032,0.008208426487542862,2.201441363144549e-05,4.96992065315967e-05,3.335517216885683e-05,2.5016379126642606e-05,3.435582733392253e-05,2.83518963435283e-05,2.4015723961576885e-05,0.013321872496176118,0.01009232764861827,0.021395734615070737,0.00941950580537705,2.068020674469121e-05,0.011303406966452463,0.008208426487542862,3.535648249898819e-05,6.904520638953365e-05,0.011572535703748946,0.006189960957819207
2025-01-22,2.4015723961576885e-05,0.015340338025899763,0.018166189767512893,0.01910814034805058,3.268806872547969e-05,0.007266475907005157,0.015340338025899763,3.535648249898819e-05,0.009688634542673541,5.90386547388765e-05,7.304782704979651e-05,0.05234553940416677,2.2347965353134078e-05,0.5558854068858944,0.010496020754563002,0.013187308127527868,0.008746683962135834,0.03135349789504075,2.868544806521685e-05,2.1680861909756944e-05,0.0336410921620609,0.05867006473063422,0.01103427822915597,1.734468952780551e-05,0.01103427822915597,7.571624082330492e-05,6.0039309903942276e-05,0.007670169012949881,3.635713766405392e-05,3.1353861838725436e-05,0.020453784034533032,0.008208426487542862,2.201441363144549e-05,4.96992065315967e-05,3.335517216885683e-05,2.5016379126642606e-05,3.435582733392253e-05,2.83518963435283e-05,2.4015723961576885e-05,0.013321872496176118,0.01009232764861827,0.021395734615070737,0.00941950580537705,2.068020674469121e-05,0.011303406966452463,0.008208426487542862,3.535648249898819e-05,6.904520638953365e-05,0.011572535703748946,0.006189960957819207
2025-02-03,2.4015723961576885e-05,0.015340338025899763,0.018166189767512893,0.01910814034805058,3.268806872547969e-05,0.007266475907005157,0.015340338025899763,3.535648249898819e-05,0.009688634542673541,5.90386547388765e-05,7.304782704979651e-05,0.05234553940416677,2.2347965353134078e-05,0.5558854068858944,0.010496020754563002,0.013187308127527868,0.008746683962135834,0.03135349789504075,2.868544806521685e-05,2.1680861909756944e-05,0.0336410921620609,0.05867006473063422,0.01103427822915597,1.734468952780551e-05,0.01103427822915597,7.571624082330492e-05,6.0039309903942276e-05,0.007670169012949881,3.635713766405392e-05,3.1353861838725436e-05,0.020453784034533032,0.008208426487542862,2.201441363144549e-05,4.96992065315967e-05,3.335517216885683e-05,2.5016379126642606e-05,3.435582733392253e-05,2.83518963435283e-05,2.4015723961576885e-05,0.013321872496176118,0.01009232764861827,0.021395734615070737,0.00941950580537705,2.068020674469121e-05,0.011303406966452463,0.008208426487542862,3.535648249898819e-05,6.904520638953365e-05,0.011572535703748946,0.006189960957819207
2025-02-04,2.4015723961576885e-05,0.015340338025899763,0.018166189767512893,0.01910814034805058,3.268806872547969e-05,0.007266475907005157,0.015340338025899763,3.535648249898819e-05,0.009688634542673541,5.90386547388765e-05,7.304782704979651e-05,0.05234553940416677,2.2347965353134078e-05,0.5558854068858944,0.010496020754563002,0.013187308127527868,0.008746683962135834,0.03135349789504075,2.868544806521685e-05,2.1680861909756944e-05,0.0336410921620609,0.05867006473063422,0.01103427822915597,1.734468952780551e-05,0.01103427822915597,7.571624082330492e-05,6.0039309903942276e-05,0.007670169012949881,3.635713766405392e-05,3.1353861838725436e-05,0.020453784034533032,0.008208426487542862,2.201441363144549e-05,4.96992065315967e-05,3.335517216885683e-05,2.5016379126642606e-05,3.435582733392253e-05,2.83518963435283e-05,2.4015723961576885e-05,0.013321872496176118,0.01009232764861827,0.021395734615070737,0.00941950580537705,2.068020674469121e-05,0.011303406966452463,0.008208426487542862,3.535648249898819e-05,6.904520638953365e-05,0.011572535703748946,0.006189960957819207
2025-02-05,2.4015723961576885e-05,0.015340338025899763,0.018166189767512893,0.01910814034805058,3.268806872547969e-05,0.007266475907005157,0.015340338025899763,3.535648249898819e-05,0.009688634542673541,5.90386547388765e-05,7.304782704979651e-05,0.05234553940416677,2.2347965353134078e-05,0.5558854068858944,0.010496020754563002,0.013187308127527868,0.008746683962135834,0.03135349789504075,2.868544806521685e-05,2.1680861909756944e-05,0.0336410921620609,0.05867006473063422,0.01103427822915597,1.734468952780551e-05,0.01103427822915597,7.571624082330492e-05,6.0039309903942276e-05,0.007670169012949881,3.635713766405392e-05,3.1353861838725436e-05,0.020453784034533032,0.008208426487542862,2.201441363144549e-05,4.96992065315967e-05,3.335517216885683e-05,2.5016379126642606e-05,3.435582733392253e-05,2.83518963435283e-05,2.4015723961576885e-05,0.013321872496176118,0.01009232764861827,0.021395734615070737,0.00941950580537705,2.068020674469121e-05,0.011303406966452463,0.008208426487542862,3.535648249898819e-05,6.904520638953365e-05,0.011572535703748946,0.006189960957819207
2025-02-06,2.4015723961576885e-05,0.015340338025899763,0.018166189767512893,0.01910814034805058,3.268806872547969e-05,0.007266475907005157,0.015340338025899763,3.535648249898819e-05,0.009688634542673541,5.90386547388765e-05,7.304782704979651e-05,0.05234553940416677,2.2347965353134078e-05,0.5558854068858944,0.010496020754563002,0.013187308127527868,0.008746683962135834,0.03135349789504075,2.868544806521685e-05,2.1680861909756944e-05,0.0336410921620609,0.05867006473063422,0.01103427822915597,1.734468952780551e-05,0.01103427822915597,7.571624082330492e-05,6.0039309903942276e-05,0.007670169012949881,3.635713766405392e-05,3.1353861838725436e-05,0.020453784034533032,0.008208426487542862,2.201441363144549e-05,4.96992065315967e-05,3.335517216885683e-05,2.5016379126642606e-05,3.435582733392253e-05,2.83518963435283e-05,2.4015723961576885e-05,0.013321872496176118,0.01009232764861827,0.021395734615070737,0.00941950580537705,2.068020674469121e-05,0.011303406966452463,0.008208426487542862,3.535648249898819e-05,6.904520638953365e-05,0.011572535703748946,0.006189960957819207
2025-02-07,2.4015723961576885e-05,0.015340338025899763,0.018166189767512893,0.01910814034805058,3.268806872547969e-05,0.007266475907005157,0.015340338025899763,3.535648249898819e-05,0.009688634542673541,5.90386547388765e-05,7.304782704979651e-05,0.05234553940416677,2.2347965353134078e-05,0.5558854068858944,0.010496020754563002,0.013187308127527868,0.008746683962135834,0.03135349789504075,2.868544806521685e-05,2.1680861909756944e-05,0.0336410921620609,0.05867006473063422,0.01103427822915597,1.734468952780551e-05,0.01103427822915597,7.571624082330492e-05,6.0039309903942276e-05,0.007670169012949881,3.635713766405392e-05,3.1353861838725436e-05,0.020453784034533032,0.008208426487542862,2.201441363144549e-05,4.96992065315967e-05,3.335517216885683e-05,2.5016379126642606e-05,3.435582733392253e-05,2.83518963435283e-05,2.4015723961576885e-05,0.013321872496176118,0.01009232764861827,0.021395734615070737,0.00941950580537705,2.068020674469121e-05,0.011303406966452463,0.008208426487542862,3.535648249898819e-05,6.904520638953365e-05,0.011572535703748946,0.006189960957819207
2025-02-10,2.4015723961576885e-05,0.015340338025899763,0.018166189767512893,0.01910814034805058,3.268806872547969e-05,0.007266475907005157,0.015340338025899763,3.535648249898819e-05,0.009688634542673541,5.90386547388765e-05,7.304782704979651e-05,0.05234553940416677,2.2347965353134078e-05,0.5558854068858944,0.010496020754563002,0.013187308127527868,0.008746683962135834,0.03135349789504075,2.868544806521685e-05,2.1680861909756944e-05,0.0336410921620609,0.05867006473063422,0.01103427822915597,1.734468952780551e-05,0.01103427822915597,7.571624082330492e-05,6.0039309903942276e-05,0.007670169012949881,3.635713766405392e-05,3.1353861838725436e-05,0.020453784034533032,0.008208426487542862,2.201441363144549e-05,4.96992065315967e-05,3.335517216885683e-05,2.5016379126642606e-05,3.435582733392253e-05,2.83518963435283e-05,2.4015723961576885e-05,0.013321872496176118,0.01009232764861827,0.021395734615070737,0.00941950580537705,2.068020674469121e-05,0.011303406966452463,0.008208426487542862,3.535648249898819e-05,6.904520638953365e-05,0.011572535703748946,0.006189960957819207
2025-02-11,2.4015723961576885e-05,0.015340338025899763,0.018166189767512893,0.01910814034805058,3.268806872547969e-05,0.007266475907005157,0.015340338025899763,3.535648249898819e-05,0.009688634542673541,5.90386547388765e-05,7.304782704979651e-05,0.05234553940416677,2.2347965353134078e-05,0.5558854068858944,0.010496020754563002,0.013187308127527868,0.008746683962135834,0.03135349789504075,2.868544806521685e-05,2.1680861909756944e-05,0.0336410921620609,0.05867006473063422,0.01103427822915597,1.734468952780551e-05,0.01103427822915597,7.571624082330492e-05,6.0039309903942276e-05,0.007670169012949881,3.635713766405392e-05,3.1353861838725436e-05,0.020453784034533032,0.008208426487542862,2.201441363144549e-05,4.96992065315967e-05,3.335517216885683e-05,2.5016379126642606e-05,3.435582733392253e-05,2.83518963435283e-05,2.4015723961576885e-05,0.013321872496176118,0.01009232764861827,0.021395734615070737,0.00941950580537705,2.068020674469121e-05,0.011303406966452463,0.008208426487542862,3.535648249898819e-05,6.904520638953365e-05,0.011572535703748946,0.006189960957819207
2025-02-12,2.4015723961576885e-05,0.015340338025899763,0.018166189767512893,0.01910814034805058,3.268806872547969e-05,0.007266475907005157,0.015340338025899763,3.535648249898819e-05,0.009688634542673541,5.90386547388765e-05,7.304782704979651e-05,0.05234553940416677,2.2347965353134078e-05,0.5558854068858944,0.010496020754563002,0.013187308127527868,0.008746683962135834,0.03135349789504075,2.868544806521685e-05,2.1680861909756944e-05,0.0336410921620609,0.05867006473063422,0.01103427822915597,1.734468952780551e-05,0.01103427822915597,7.571624082330492e-05,6.0039309903942276e-05,0.007670169012949881,3.635713766405392e-05,3.1353861838725436e-05,0.020453784034533032,0.008208426487542862,2.201441363144549e-05,4.96992065315967e-05,3.335517216885683e-05,2.5016379126642606e-05,3.435582733392253e-05,2.83518963435283e-05,2.4015723961576885e-05,0.013321872496176118,0.01009232764861827,0.021395734615070737,0.00941950580537705,2.068020674469121e-05,0.011303406966452463,0.008208426487542862,3.535648249898819e-05,6.904520638953365e-05,0.011572535703748946,0.006189960957819207
2025-02-13,2.4015723961576885e-05,0.015340338025899763,0.018166189767512893,0.01910814034805058,3.268806872547969e-05,0.007266475907005157,0.015340338025899763,3.535648249898819e-05,0.009688634542673541,5.90386547388765e-05,7.304782704979651e-05,0.05234553940416677,2.2347965353134078e-05,0.5558854068858944,0.010496020754563002,0.013187308127527868,0.008746683962135834,0.03135349789504075,2.868544806521685e-05,2.1680861909756944e-05,0.0336410921620609,0.05867006473063422,0.01103427822915597,1.734468952780551e-05,0.01103427822915597,7.571624082330492e-05,6.0039309903942276e-05,0.007670169012949881,3.635713766405392e-05,3.1353861838725436e-05,0.020453784034533032,0.008208426487542862,2.201441363144549e-05,4.96992065315967e-05,3.335517216885683e-05,2.5016379126642606e-05,3.435582733392253e-05,2.83518963435283e-05,2.4015723961576885e-05,0.013321872496176118,0.01009232764861827,0.021395734615070737,0.00941950580537705,2.068020674469121e-05,0.011303406966452463,0.008208426487542862,3.535648249898819e-05,6.904520638953365e-05,0.011572535703748946,0.006189960957819207
2025-02-14,2.4015723961576885e-05,0.015340338025899763,0.018166189767512893,0.01910814034805058,3.268806872547969e-05,0.007266475907005157,0.015340338025899763,3.535648249898819e-05,0.009688634542673541,5.90386547388765e-05,7.304782704979651e-05,0.05234553940416677,2.2347965353134078e-05,0.5558854068858944,0.010496020754563002,0.013187308127527868,0.008746683962135834,0.03135349789504075,2.868544806521685e-05,2.1680861909756944e-05,0.0336410921620609,0.05867006473063422,0.01103427822915597,1.734468952780551e-05,0.01103427822915597,7.571624082330492e-05,6.0039309903942276e-05,0.007670169012949881,3.635713766405392e-05,3.1353861838725436e-05,0.020453784034533032,0.008208426487542862,2.201441363144549e-05,4.96992065315967e-05,3.335517216885683e-05,2.5016379126642606e-05,3.435582733392253e-05,2.83518963435283e-05,2.4015723961576885e-05,0.013321872496176118,0.01009232764861827,0.021395734615070737,0.00941950580537705,2.068020674469121e-05,0.011303406966452463,0.008208426487542862,3.535648249898819e-05,6.904520638953365e-05,0.011572535703748946,0.006189960957819207
2025-02-17,2.4015723961576885e-05,0.015340338025899763,0.018166189767512893,0.01910814034805058,3.268806872547969e-05,0.007266475907005157,0.015340338025899763,3.535648249898819e-05,0.009688634542673541,5.90386547388765e-05,7.304782704979651e-05,0.05234553940416677,2.2347965353134078e-05,0.5558854068858944,0.010496020754563002,0.013187308127527868,0.008746683962135834,0.03135349789504075,2.868544806521685e-05,2.1680861909756944e-05,0.0336410921620609,0.05867006473063422,0.01103427822915597,1.734468952780551e-05,0.01103427822915597,7.571624082330492e-05,6.0039309903942276e-05,0.007670169012949881,3.635713766405392e-05,3.1353861838725436e-05,0.020453784034533032,0.008208426487542862,2.201441363144549e-05,4.96992065315967e-05,3.335517216885683e-05,2.5016379126642606e-05,3.435582733392253e-05,2.83518963435283e-05,2.4015723961576885e-05,0.013321872496176118,0.01009232764861827,0.021395734615070737,0.00941950580537705,2.068020674469121e-05,0.011303406966452463,0.008208426487542862,3.535648249898819e-05,6.904520638953365e-05,0.011572535703748946,0.006189960957819207
2025-02-18,2.4015723961576885e-05,0.015340338025899763,0.018166189767512893,0.01910814034805058,3.268806872547969e-05,0.007266475907005157,0.015340338025899763,3.535648249898819e-05,0.009688634542673541,5.90386547388765e-05,7.304782704979651e-05,0.05234553940416677,2.2347965353134078e-05,0.5558854068858944,0.010496020754563002,0.013187308127527868,0.008746683962135834,0.03135349789504075,2.868544806521685e-05,2.1680861909756944e-05,0.0336410921620609,0.05867006473063422,0.01103427822915597,1.734468952780551e-05,0.01103427822915597,7.571624082330492e-05,6.0039309903942276e-05,0.007670169012949881,3.635713766405392e-05,3.1353861838725436e-05,0.020453784034533032,0.008208426487542862,2.201441363144549e-05,4.96992065315967e-05,3.335517216885683e-05,2.5016379126642606e-05,3.435582733392253e-05,2.83518963435283e-05,2.4015723961576885e-05,0.013321872496176118,0.01009232764861827,0.021395734615070737,0.00941950580537705,2.068020674469121e-05,0.011303406966452463,0.008208426487542862,3.535648249898819e-05,6.904520638953365e-05,0.011572535703748946,0.006189960957819207
2025-02-19,2.4015723961576885e-05,0.015340338025899763,0.018166189767512893,0.01910814034805058,3.268806872547969e-05,0.007266475907005157,0.015340338025899763,3.535648249898819e-05,0.009688634542673541,5.90386547388765e-05,7.304782704979651e-05,0.05234553940416677,2.2347965353134078e-05,0.5558854068858944,0.010496020754563002,0.013187308127527868,0.008746683962135834,0.03135349789504075,2.868544806521685e-05,2.1680861909756944e-05,0.0336410921620609,0.05867006473063422,0.01103427822915597,1.734468952780551e-05,0.01103427822915597,7.571624082330492e-05,6.0039309903942276e-05,0.007670169012949881,3.635713766405392e-05,3.1353861838725436e-05,0.020453784034533032,0.008208426487542862,2.201441363144549e-05,4.96992065315967e-05,3.335517216885683e-05,2.5016379126642606e-05,3.435582733392253e-05,2.83518963435283e-05,2.4015723961576885e-05,0.013321872496176118,0.01009232764861827,0.021395734615070737,0.00941950580537705,2.068020674469121e-05,0.011303406966452463,0.008208426487542862,3.535648249898819e-05,6.904520638953365e-05,0.011572535703748946,0.006189960957819207
2025-02-20,2.4015723961576885e-05,0.015340338025899763,0.018166189767512893,0.01910814034805058,3.268806872547969e-05,0.007266475907005157,0.015340338025899763,3.535648249898819e-05,0.009688634542673541,5.90386547388765e-05,7.304782704979651e-05,0.05234553940416677,2.2347965353134078e-05,0.5558854068858944,0.010496020754563002,0.013187308127527868,0.008746683962135834,0.03135349789504075,2.868544806521685e-05,2.1680861909756944e-05,0.0336410921620609,0.05867006473063422,0.01103427822915597,1.734468952780551e-05,0.01103427822915597,7.571624082330492e-05,6.0039309903942276e-05,0.007670169012949881,3.635713766405392e-05,3.1353861838725436e-05,0.020453784034533032,0.008208426487542862,2.201441363144549e-05,4.96992065315967e-05,3.335517216885683e-05,2.5016379126642606e-05,3.435582733392253e-05,2.83518963435283e-05,2.4015723961576885e-05,0.013321872496176118,0.01009232764861827,0.021395734615070737,0.00941950580537705,2.068020674469121e-05,0.011303406966452463,0.008208426487542862,3.535648249898819e-05,6.904520638953365e-05,0.011572535703748946,0.006189960957819207
2025-02-21,2.4015723961576885e-05,0.015340338025899763,0.018166189767512893,0.01910814034805058,3.268806872547969e-05,0.007266475907005157,0.015340338025899763,3.535648249898819e-05,0.009688634542673541,5.90386547388765e-05,7.304782704979651e-05,0.05234553940416677,2.2347965353134078e-05,0.5558854068858944,0.010496020754563002,0.013187308127527868,0.008746683962135834,0.03135349789504075,2.868544806521685e-05,2.1680861909756944e-05,0.0336410921620609,0.05867006473063422,0.01103427822915597,1.734468952780551e-05,0.01103427822915597,7.571624082330492e-05,6.0039309903942276e-05,0.007670169012949881,3.635713766405392e-05,3.1353861838725436e-05,0.020453784034533032,0.008208426487542862,2.201441363144549e-05,4.96992065315967e-05,3.335517216885683e-05,2.5016379126642606e-05,3.435582733392253e-05,2.83518963435283e-05,2.4015723961576885e-05,0.013321872496176118,0.01009232764861827,0.021395734615070737,0.00941950580537705,2.068020674469121e-05,0.011303406966452463,0.008208426487542862,3.535648249898819e-05,6.904520638953365e-05,0.011572535703748946,0.006189960957819207
2025-02-24,2.4015723961576885e-05,0.015340338025899763,0.018166189767512893,0.01910814034805058,3.268806872547969e-05,0.007266475907005157,0.015340338025899763,3.535648249898819e-05,0.009688634542673541,5.90386547388765e-05,7.304782704979651e-05,0.05234553940416677,2.2347965353134078e-05,0.5558854068858944,0.010496020754563002,0.013187308127527868,0.008746683962135834,0.03135349789504075,2.868544806521685e-05,2.1680861909756944e-05,0.0336410921620609,0.05867006473063422,0.01103427822915597,1.734468952780551e-05,0.01103427822915597,7.571624082330492e-05,6.0039309903942276e-05,0.007670169012949881,3.635713766405392e-05,3.1353861838725436e-05,0.020453784034533032,0.008208426487542862,2.201441363144549e-05,4.96992065315967e-05,3.335517216885683e-05,2.5016379126642606e-05,3.435582733392253e-05,2.83518963435283e-05,2.4015723961576885e-05,0.013321872496176118,0.01009232764861827,0.021395734615070737,0.00941950580537705,2.068020674469121e-05,0.011303406966452463,0.008208426487542862,3.535648249898819e-05,6.904520638953365e-05,0.011572535703748946,0.006189960957819207
2025-02-25,2.4015723961576885e-05,0.015340338025899763,0.018166189767512893,0.01910814034805058,3.268806872547969e-05,0.007266475907005157,0.015340338025899763,3.535648249898819e-05,0.009688634542673541,5.90386547388765e-05,7.304782704979651e-05,0.05234553940416677,2.2347965353134078e-05,0.5558854068858944,0.010496020754563002,0.013187308127527868,0.008746683962135834,0.03135349789504075,2.868544806521685e-05,2.1680861909756944e-05,0.0336410921620609,0.05867006473063422,0.01103427822915597,1.734468952780551e-05,0.01103427822915597,7.571624082330492e-05,6.0039309903942276e-05,0.007670169012949881,3.635713766405392e-05,3.1353861838725436e-05,0.020453784034533032,0.008208426487542862,2.201441363144549e-05,4.96992065315967e-05,3.335517216885683e-05,2.5016379126642606e-05,3.435582733392253e-05,2.83518963435283e-05,2.4015723961576885e-05,0.013321872496176118,0.01009232764861827,0.021395734615070737,0.00941950580537705,2.068020674469121e-05,0.011303406966452463,0.008208426487542862,3.535648249898819e-05,6.904520638953365e-05,0.011572535703748946,0.006189960957819207
2025-02-26,2.4015723961576885e-05,0.015340338025899763,0.018166189767512893,0.01910814034805058,3.268806872547969e-05,0.007266475907005157,0.015340338025899763,3.535648249898819e-05,0.009688634542673541,5.90386547388765e-05,7.304782704979651e-05,0.05234553940416677,2.2347965353134078e-05,0.5558854068858944,0.010496020754563002,0.013187308127527868,0.008746683962135834,0.03135349789504075,2.868544806521685e-05,2.1680861909756944e-05,0.0336410921620609,0.05867006473063422,0.01103427822915597,1.734468952780551e-05,0.01103427822915597,7.571624082330492e-05,6.0039309903942276e-05,0.007670169012949881,3.635713766405392e-05,3.1353861838725436e-05,0.020453784034533032,0.008208426487542862,2.201441363144549e-05,4.96992065315967e-05,3.335517216885683e-05,2.5016379126642606e-05,3.435582733392253e-05,2.83518963435283e-05,2.4015723961576885e-05,0.013321872496176118,0.01009232764861827,0.021395734615070737,0.00941950580537705,2.068020674469121e-05,0.011303406966452463,0.008208426487542862,3.535648249898819e-05,6.904520638953365e-05,0.011572535703748946,0.006189960957819207
2025-02-27,2.4015723961576885e-05,0.015340338025899763,0.018166189767512893,0.01910814034805058,3.268806872547969e-05,0.007266475907005157,0.015340338025899763,3.535648249898819e-05,0.009688634542673541,5.90386547388765e-05,7.304782704979651e-05,0.05234553940416677,2.2347965353134078e-05,0.5558854068858944,0.010496020754563002,0.013187308127527868,0.008746683962135834,0.03135349789504075,2.868544806521685e-05,2.1680861909756944e-05,0.0336410921620609,0.05867006473063422,0.01103427822915597,1.734468952780551e-05,0.01103427822915597,7.571624082330492e-05,6.0039309903942276e-05,0.007670169012949881,3.635713766405392e-05,3.1353861838725436e-05,0.020453784034533032,0.008208426487542862,2.201441363144549e-05,4.96992065315967e-05,3.335517216885683e-05,2.5016379126642606e-05,3.435582733392253e-05,2.83518963435283e-05,2.4015723961576885e-05,0.013321872496176118,0.01009232764861827,0.021395734615070737,0.00941950580537705,2.068020674469121e-05,0.011303406966452463,0.008208426487542862,3.535648249898819e-05,6.904520638953365e-05,0.011572535703748946,0.006189960957819207
2025-03-03,2.4015723961576885e-05,0.015340338025899763,0.018166189767512893,0.01910814034805058,3.268806872547969e-05,0.007266475907005157,0.015340338025899763,3.535648249898819e-05,0.009688634542673541,5.90386547388765e-05,7.304782704979651e-05,0.05234553940416677,2.2347965353134078e-05,0.5558854068858944,0.010496020754563002,0.013187308127527868,0.008746683962135834,0.03135349789504075,2.868544806521685e-05,2.1680861909756944e-05,0.0336410921620609,0.05867006473063422,0.01103427822915597,1.734468952780551e-05,0.01103427822915597,7.571624082330492e-05,6.0039309903942276e-05,0.007670169012949881,3.635713766405392e-05,3.1353861838725436e-05,0.020453784034533032,0.008208426487542862,2.201441363144549e-05,4.96992065315967e-05,3.335517216885683e-05,2.5016379126642606e-05,3.435582733392253e-05,2.83518963435283e-05,2.4015723961576885e-05,0.013321872496176118,0.01009232764861827,0.021395734615070737,0.00941950580537705,2.068020674469121e-05,0.011303406966452463,0.008208426487542862,3.535648249898819e-05,6.904520638953365e-05,0.011572535703748946,0.006189960957819207
2025-03-04,2.4015723961576885e-05,0.015340338025899763,0.018166189767512893,0.01910814034805058,3.268806872547969e-05,0.007266475907005157,0.015340338025899763,3.535648249898819e-05,0.009688634542673541,5.90386547388765e-05,7.304782704979651e-05,0.05234553940416677,2.2347965353134078e-05,0.5558854068858944,0.010496020754563002,0.013187308127527868,0.008746683962135834,0.03135349789504075,2.868544806521685e-05,2.1680861909756944e-05,0.0336410921620609,0.05867006473063422,0.01103427822915597,1.734468952780551e-05,0.01103427822915597,7.571624082330492e-05,6.0039309903942276e-05,0.007670169012949881,3.635713766405392e-05,3.1353861838725436e-05,0.020453784034533032,0.008208426487542862,2.201441363144549e-05,4.96992065315967e-05,3.335517216885683e-05,2.5016379126642606e-05,3.435582733392253e-05,2.83518963435283e-05,2.4015723961576885e-05,0.013321872496176118,0.01009232764861827,0.021395734615070737,0.00941950580537705,2.068020674469121e-05,0.011303406966452463,0.008208426487542862,3.535648249898819e-05,6.904520638953365e-05,0.011572535703748946,0.006189960957819207
2025-03-05,2.4015723961576885e-05,0.015340338025899763,0.018166189767512893,0.01910814034805058,3.268806872547969e-05,0.007266475907005157,0.015340338025899763,3.535648249898819e-05,0.009688634542673541,5.90386547388765e-05,7.304782704979651e-05,0.05234553940416677,2.2347965353134078e-05,0.5558854068858944,0.010496020754563002,0.013187308127527868,0.008746683962135834,0.03135349789504075,2.868544806521685e-05,2.1680861909756944e-05,0.0336410921620609,0.05867006473063422,0.01103427822915597,1.734468952780551e-05,0.01103427822915597,7.571624082330492e-05,6.0039309903942276e-05,0.007670169012949881,3.635713766405392e-05,3.1353861838725436e-05,0.020453784034533032,0.008208426487542862,2.201441363144549e-05,4.96992065315967e-05,3.335517216885683e-05,2.5016379126642606e-05,3.435582733392253e-05,2.83518963435283e-05,2.4015723961576885e-05,0.013321872496176118,0.01009232764861827,0.021395734615070737,0.00941950580537705,2.068020674469121e-05,0.011303406966452463,0.008208426487542862,3.535648249898819e-05,6.904520638953365e-05,0.011572535703748946,0.006189960957819207
2025-03-06,2.4015723961576885e-05,0.015340338025899763,0.018166189767512893,0.01910814034805058,3.268806872547969e-05,0.007266475907005157,0.015340338025899763,3.535648249898819e-05,0.009688634542673541,5.90386547388765e-05,7.304782704979651e-05,0.05234553940416677,2.2347965353134078e-05,0.5558854068858944,0.010496020754563002,0.013187308127527868,0.008746683962135834,0.03135349789504075,2.868544806521685e-05,2.1680861909756944e-05,0.0336410921620609,0.05867006473063422,0.01103427822915597,1.734468952780551e-05,0.01103427822915597,7.571624082330492e-05,6.0039309903942276e-05,0.007670169012949881,3.635713766405392e-05,3.1353861838725436e-05,0.020453784034533032,0.008208426487542862,2.201441363144549e-05,4.96992065315967e-05,3.335517216885683e-05,2.5016379126642606e-05,3.435582733392253e-05,2.83518963435283e-05,2.4015723961576885e-05,0.013321872496176118,0.01009232764861827,0.021395734615070737,0.00941950580537705,2.068020674469121e-05,0.011303406966452463,0.008208426487542862,3.535648249898819e-05,6.904520638953365e-05,0.011572535703748946,0.006189960957819207
2025-03-07,2.4015723961576885e-05,0.015340338025899763,0.018166189767512893,0.01910814034805058,3.268806872547969e-05,0.007266475907005157,0.015340338025899763,3.535648249898819e-05,0.009688634542673541,5.90386547388765e-05,7.304782704979651e-05,0.05234553940416677,2.2347965353134078e-05,0.5558854068858944,0.010496020754563002,0.013187308127527868,0.008746683962135834,0.03135349789504075,2.868544806521685e-05,2.1680861909756944e-05,0.0336410921620609,0.05867006473063422,0.01103427822915597,1.734468952780551e-05,0.01103427822915597,7.571624082330492e-05,6.0039309903942276e-05,0.007670169012949881,3.635713766405392e-05,3.1353861838725436e-05,0.020453784034533032,0.008208426487542862,2.201441363144549e-05,4.96992065315967e-05,3.335517216885683e-05,2.5016379126642606e-05,3.435582733392253e-05,2.83518963435283e-05,2.4015723961576885e-05,0.013321872496176118,0.01009232764861827,0.021395734615070737,0.00941950580537705,2.068020674469121e-05,0.011303406966452463,0.008208426487542862,3.535648249898819e-05,6.904520638953365e-05,0.011572535703748946,0.006189960957819207
2025-03-10,2.4015723961576885e-05,0.015340338025899763,0.018166189767512893,0.01910814034805058,3.268806872547969e-05,0.007266475907005157,0.015340338025899763,3.535648249898819e-05,0.009688634542673541,5.90386547388765e-05,7.304782704979651e-05,0.05234553940416677,2.2347965353134078e-05,0.5558854068858944,0.010496020754563002,0.013187308127527868,0.008746683962135834,0.03135349789504075,2.868544806521685e-05,2.1680861909756944e-05,0.0336410921620609,0.05867006473063422,0.01103427822915597,1.734468952780551e-05,0.01103427822915597,7.571624082330492e-05,6.0039309903942276e-05,0.007670169012949881,3.635713766405392e-05,3.1353861838725436e-05,0.020453784034533032,0.008208426487542862,2.201441363144549e-05,4.96992065315967e-05,3.335517216885683e-05,2.5016379126642606e-05,3.435582733392253e-05,2.83518963435283e-05,2.4015723961576885e-05,0.013321872496176118,0.01009232764861827,0.021395734615070737,0.00941950580537705,2.068020674469121e-05,0.011303406966452463,0.008208426487542862,3.535648249898819e-05,6.904520638953365e-05,0.011572535703748946,0.006189960957819207
2025-03-11,2.4015723961576885e-05,0.015340338025899763,0.018166189767512893,0.01910814034805058,3.268806872547969e-05,0.007266475907005157,0.015340338025899763,3.535648249898819e-05,0.009688634542673541,5.90386547388765e-05,7.304782704979651e-05,0.05234553940416677,2.2347965353134078e-05,0.5558854068858944,0.010496020754563002,0.013187308127527868,0.008746683962135834,0.03135349789504075,2.868544806521685e-05,2.1680861909756944e-05,0.0336410921620609,0.05867006473063422,0.01103427822915597,1.734468952780551e-05,0.01103427822915597,7.571624082330492e-05,6.0039309903942276e-05,0.007670169012949881,3.635713766405392e-05,3.1353861838725436e-05,0.020453784034533032,0.008208426487542862,2.201441363144549e-05,4.96992065315967e-05,3.335517216885683e-05,2.5016379126642606e-05,3.435582733392253e-05,2.83518963435283e-05,2.4015723961576885e-05,0.013321872496176118,0.01009232764861827,0.021395734615070737,0.00941950580537705,2.068020674469121e-05,0.011303406966452463,0.008208426487542862,3.535648249898819e-05,6.904520638953365e-05,0.011572535703748946,0.006189960957819207
2025-03-12,2.4015723961576885e-05,0.015340338025899763,0.018166189767512893,0.01910814034805058,3.268806872547969e-05,0.007266475907005157,0.015340338025899763,3.535648249898819e-05,0.009688634542673541,5.90386547388765e-05,7.304782704979651e-05,0.05234553940416677,2.2347965353134078e-05,0.5558854068858944,0.010496020754563002,0.013187308127527868,0.008746683962135834,0.03135349789504075,2.868544806521685e-05,2.1680861909756944e-05,0.0336410921620609,0.05867006473063422,0.01103427822915597,1.734468952780551e-05,0.01103427822915597,7.571624082330492e-05,6.0039309903942276e-05,0.007670169012949881,3.635713766405392e-05,3.1353861838725436e-05,0.020453784034533032,0.008208426487542862,2.201441363144549e-05,4.96992065315967e-05,3.335517216885683e-05,2.5016379126642606e-05,3.435582733392253e-05,2.83518963435283e-05,2.4015723961576885e-05,0.013321872496176118,0.01009232764861827,0.021395734615070737,0.00941950580537705,2.068020674469121e-05,0.011303406966452463,0.008208426487542862,3.535648249898819e-05,6.904520638953365e-05,0.011572535703748946,0.006189960957819207
2025-03-13,2.4015723961576885e-05,0.015340338025899763,0.018166189767512893,0.01910814034805058,3.268806872547969e-05,0.007266475907005157,0.015340338025899763,3.535648249898819e-05,0.009688634542673541,5.90386547388765e-05,7.304782704979651e-05,0.05234553940416677,2.2347965353134078e-05,0.5558854068858944,0.010496020754563002,0.013187308127527868,0.008746683962135834,0.03135349789504075,2.868544806521685e-05,2.1680861909756944e-05,0.0336410921620609,0.05867006473063422,0.01103427822915597,1.734468952780551e-05,0.01103427822915597,7.571624082330492e-05,6.0039309903942276e-05,0.007670169012949881,3.635713766405392e-05,3.1353861838725436e-05,0.020453784034533032,0.008208426487542862,2.201441363144549e-05,4.96992065315967e-05,3.335517216885683e-05,2.5016379126642606e-05,3.435582733392253e-05,2.83518963435283e-05,2.4015723961576885e-05,0.013321872496176118,0.01009232764861827,0.021395734615070737,0.00941950580537705,2.068020674469121e-05,0.011303406966452463,0.008208426487542862,3.535648249898819e-05,6.904520638953365e-05,0.011572535703748946,0.006189960957819207
2025-03-14,2.4015723961576885e-05,0.015340338025899763,0.018166189767512893,0.01910814034805058,3.268806872547969e-05,0.007266475907005157,0.015340338025899763,3.535648249898819e-05,0.009688634542673541,5.90386547388765e-05,7.304782704979651e-05,0.05234553940416677,2.2347965353134078e-05,0.5558854068858944,0.010496020754563002,0.013187308127527868,0.008746683962135834,0.03135349789504075,2.868544806521685e-05,2.1680861909756944e-05,0.0336410921620609,0.05867006473063422,0.01103427822915597,1.734468952780551e-05,0.01103427822915597,7.571624082330492e-05,6.0039309903942276e-05,0.007670169012949881,3.635713766405392e-05,3.1353861838725436e-05,0.020453784034533032,0.008208426487542862,2.201441363144549e-05,4.96992065315967e-05,3.335517216885683e-05,2.5016379126642606e-05,3.435582733392253e-05,2.83518963435283e-05,2.4015723961576885e-05,0.013321872496176118,0.01009232764861827,0.021395734615070737,0.00941950580537705,2.068020674469121e-05,0.011303406966452463,0.008208426487542862,3.535648249898819e-05,6.904520638953365e-05,0.011572535703748946,0.006189960957819207
2025-03-17,2.4015723961576885e-05,0.015340338025899763,0.018166189767512893,0.01910814034805058,3.268806872547969e-05,0.007266475907005157,0.015340338025899763,3.535648249898819e-05,0.009688634542673541,5.90386547388765e-05,7.304782704979651e-05,0.05234553940416677,2.2347965353134078e-05,0.5558854068858944,0.010496020754563002,0.013187308127527868,0.008746683962135834,0.03135349789504075,2.868544806521685e-05,2.1680861909756944e-05,0.0336410921620609,0.05867006473063422,0.01103427822915597,1.734468952780551e-05,0.01103427822915597,7.571624082330492e-05,6.0039309903942276e-05,0.007670169012949881,3.635713766405392e-05,3.1353861838725436e-05,0.020453784034533032,0.008208426487542862,2.201441363144549e-05,4.96992065315967e-05,3.335517216885683e-05,2.5016379126642606e-05,3.435582733392253e-05,2.83518963435283e-05,2.4015723961576885e-05,0.013321872496176118,0.01009232764861827,0.021395734615070737,0.00941950580537705,2.068020674469121e-05,0.011303406966452463,0.008208426487542862,3.535648249898819e-05,6.904520638953365e-05,0.011572535703748946,0.006189960957819207
2025-03-18,2.4015723961576885e-05,0.015340338025899763,0.018166189767512893,0.01910814034805058,3.268806872547969e-05,0.007266475907005157,0.015340338025899763,3.535648249898819e-05,0.009688634542673541,5.90386547388765e-05,7.304782704979651e-05,0.05234553940416677,2.2347965353134078e-05,0.5558854068858944,0.010496020754563002,0.013187308127527868,0.008746683962135834,0.03135349789504075,2.868544806521685e-05,2.1680861909756944e-05,0.0336410921620609,0.05867006473063422,0.01103427822915597,1.734468952780551e-05,0.01103427822915597,7.571624082330492e-05,6.0039309903942276e-05,0.007670169012949881,3.635713766405392e-05,3.1353861838725436e-05,0.020453784034533032,0.008208426487542862,2.201441363144549e-05,4.96992065315967e-05,3.335517216885683e-05,2.5016379126642606e-05,3.435582733392253e-05,2.83518963435283e-05,2.4015723961576885e-05,0.013321872496176118,0.01009232764861827,0.021395734615070737,0.00941950580537705,2.068020674469121e-05,0.011303406966452463,0.008208426487542862,3.535648249898819e-05,6.904520638953365e-05,0.011572535703748946,0.006189960957819207
2025-03-19,2.4015723961576885e-05,0.015340338025899763,0.018166189767512893,0.01910814034805058,3.268806872547969e-05,0.007266475907005157,0.015340338025899763,3.535648249898819e-05,0.009688634542673541,5.90386547388765e-05,7.304782704979651e-05,0.05234553940416677,2.2347965353134078e-05,0.5558854068858944,0.010496020754563002,0.013187308127527868,0.008746683962135834,0.03135349789504075,2.868544806521685e-05,2.1680861909756944e-05,0.0336410921620609,0.05867006473063422,0.01103427822915597,1.734468952780551e-05,0.01103427822915597,7.571624082330492e-05,6.0039309903942276e-05,0.007670169012949881,3.635713766405392e-05,3.1353861838725436e-05,0.020453784034533032,0.008208426487542862,2.201441363144549e-05,4.96992065315967e-05,3.335517216885683e-05,2.5016379126642606e-05,3.435582733392253e-05,2.83518963435283e-05,2.4015723961576885e-05,0.013321872496176118,0.01009232764861827,0.021395734615070737,0.00941950580537705,2.068020674469121e-05,0.011303406966452463,0.008208426487542862,3.535648249898819e-05,6.904520638953365e-05,0.011572535703748946,0.006189960957819207
2025-03-20,2.4015723961576885e-05,0.015340338025899763,0.018166189767512893,0.01910814034805058,3.268806872547969e-05,0.007266475907005157,0.015340338025899763,3.535648249898819e-05,0.009688634542673541,5.90386547388765e-05,7.304782704979651e-05,0.05234553940416677,2.2347965353134078e-05,0.5558854068858944,0.010496020754563002,0.013187308127527868,0.008746683962135834,0.03135349789504075,2.868544806521685e-05,2.1680861909756944e-05,0.0336410921620609,0.05867006473063422,0.01103427822915597,1.734468952780551e-05,0.01103427822915597,7.571624082330492e-05,6.0039309903942276e-05,0.007670169012949881,3.635713766405392e-05,3.1353861838725436e-05,0.020453784034533032,0.008208426487542862,2.201441363144549e-05,4.96992065315967e-05,3.335517216885683e-05,2.5016379126642606e-05,3.435582733392253e-05,2.83518963435283e-05,2.4015723961576885e-05,0.013321872496176118,0.01009232764861827,0.021395734615070737,0.00941950580537705,2.068020674469121e-05,0.011303406966452463,0.008208426487542862,3.535648249898819e-05,6.904520638953365e-05,0.011572535703748946,0.006189960957819207
2025-03-21,2.4015723961576885e-05,0.015340338025899763,0.018166189767512893,0.01910814034805058,3.268806872547969e-05,0.007266475907005157,0.015340338025899763,3.535648249898819e-05,0.009688634542673541,5.90386547388765e-05,7.304782704979651e-05,0.05234553940416677,2.2347965353134078e-05,0.5558854068858944,0.010496020754563002,0.013187308127527868,0.008746683962135834,0.03135349789504075,2.868544806521685e-05,2.1680861909756944e-05,0.0336410921620609,0.05867006473063422,0.01103427822915597,1.734468952780551e-05,0.01103427822915597,7.571624082330492e-05,6.0039309903942276e-05,0.007670169012949881,3.635713766405392e-05,3.1353861838725436e-05,0.020453784034533032,0.008208426487542862,2.201441363144549e-05,4.96992065315967e-05,3.335517216885683e-05,2.5016379126642606e-05,3.435582733392253e-05,2.83518963435283e-05,2.4015723961576885e-05,0.013321872496176118,0.01009232764861827,0.021395734615070737,0.00941950580537705,2.068020674469121e-05,0.011303406966452463,0.008208426487542862,3.535648249898819e-05,6.904520638953365e-05,0.011572535703748946,0.006189960957819207
2025-03-24,2.4015723961576885e-05,0.015340338025899763,0.018166189767512893,0.01910814034805058,3.268806872547969e-05,0.007266475907005157,0.015340338025899763,3.535648249898819e-05,0.009688634542673541,5.90386547388765e-05,7.304782704979651e-05,0.05234553940416677,2.2347965353134078e-05,0.5558854068858944,0.010496020754563002,0.013187308127527868,0.008746683962135834,0.03135349789504075,2.868544806521685e-05,2.1680861909756944e-05,0.0336410921620609,0.05867006473063422,0.01103427822915597,1.734468952780551e-05,0.01103427822915597,7.571624082330492e-05,6.0039309903942276e-05,0.007670169012949881,3.635713766405392e-05,3.1353861838725436e-05,0.020453784034533032,0.008208426487542862,2.201441363144549e-05,4.96992065315967e-05,3.335517216885683e-05,2.5016379126642606e-05,3.435582733392253e-05,2.83518963435283e-05,2.4015723961576885e-05,0.013321872496176118,0.01009232764861827,0.021395734615070737,0.00941950580537705,2.068020674469121e-05,0.011303406966452463,0.008208426487542862,3.535648249898819e-05,6.904520638953365e-05,0.011572535703748946,0.006189960957819207
2025-03-25,2.4015723961576885e-05,0.015340338025899763,0.018166189767512893,0.01910814034805058,3.268806872547969e-05,0.007266475907005157,0.015340338025899763,3.535648249898819e-05,0.009688634542673541,5.90386547388765e-05,7.304782704979651e-05,0.05234553940416677,2.2347965353134078e-05,0.5558854068858944,0.010496020754563002,0.013187308127527868,0.008746683962135834,0.03135349789504075,2.868544806521685e-05,2.1680861909756944e-05,0.0336410921620609,0.05867006473063422,0.01103427822915597,1.734468952780551e-05,0.01103427822915597,7.571624082330492e-05,6.0039309903942276e-05,0.007670169012949881,3.635713766405392e-05,3.1353861838725436e-05,0.020453784034533032,0.008208426487542862,2.201441363144549e-05,4.96992065315967e-05,3.335517216885683e-05,2.5016379126642606e-05,3.435582733392253e-05,2.83518963435283e-05,2.4015723961576885e-05,0.013321872496176118,0.01009232764861827,0.021395734615070737,0.00941950580537705,2.068020674469121e-05,0.011303406966452463,0.008208426487542862,3.535648249898819e-05,6.904520638953365e-05,0.011572535703748946,0.006189960957819207
2025-03-26,2.4015723961576885e-05,0.015340338025899763,0.018166189767512893,0.01910814034805058,3.268806872547969e-05,0.007266475907005157,0.015340338025899763,3.535648249898819e-05,0.009688634542673541,5.90386547388765e-05,7.304782704979651e-05,0.05234553940416677,2.2347965353134078e-05,0.5558854068858944,0.010496020754563002,0.013187308127527868,0.008746683962135834,0.03135349789504075,2.868544806521685e-05,2.1680861909756944e-05,0.0336410921620609,0.05867006473063422,0.01103427822915597,1.734468952780551e-05,0.01103427822915597,7.571624082330492e-05,6.0039309903942276e-05,0.007670169012949881,3.635713766405392e-05,3.1353861838725436e-05,0.020453784034533032,0.008208426487542862,2.201441363144549e-05,4.96992065315967e-05,3.335517216885683e-05,2.5016379126642606e-05,3.435582733392253e-05,2.83518963435283e-05,2.4015723961576885e-05,0.013321872496176118,0.01009232764861827,0.021395734615070737,0.00941950580537705,2.068020674469121e-05,0.011303406966452463,0.008208426487542862,3.535648249898819e-05,6.904520638953365e-05,0.011572535703748946,0.006189960957819207
2025-03-27,2.4015723961576885e-05,0.015340338025899763,0.018166189767512893,0.01910814034805058,3.268806872547969e-05,0.007266475907005157,0.015340338025899763,3.535648249898819e-05,0.009688634542673541,5.90386547388765e-05,7.304782704979651e-05,0.05234553940416677,2.2347965353134078e-05,0.5558854068858944,0.010496020754563002,0.013187308127527868,0.008746683962135834,0.03135349789504075,2.868544806521685e-05,2.1680861909756944e-05,0.0336410921620609,0.05867006473063422,0.01103427822915597,1.734468952780551e-05,0.01103427822915597,7.571624082330492e-05,6.0039309903942276e-05,0.007670169012949881,3.635713766405392e-05,3.1353861838725436e-05,0.020453784034533032,0.008208426487542862,2.201441363144549e-05,4.96992065315967e-05,3.335517216885683e-05,2.5016379126642606e-05,3.435582733392253e-05,2.83518963435283e-05,2.4015723961576885e-05,0.013321872496176118,0.01009232764861827,0.021395734615070737,0.00941950580537705,2.068020674469121e-05,0.011303406966452463,0.008208426487542862,3.535648249898819e-05,6.904520638953365e-05,0.011572535703748946,0.006189960957819207
2025-03-28,2.4015723961576885e-05,0.015340338025899763,0.018166189767512893,0.01910814034805058,3.268806872547969e-05,0.007266475907005157,0.015340338025899763,3.535648249898819e-05,0.009688634542673541,5.90386547388765e-05,7.304782704979651e-05,0.05234553940416677,2.2347965353134078e-05,0.5558854068858944,0.010496020754563002,0.013187308127527868,0.008746683962135834,0.03135349789504075,2.868544806521685e-05,2.1680861909756944e-05,0.0336410921620609,0.05867006473063422,0.01103427822915597,1.734468952780551e-05,0.01103427822915597,7.571624082330492e-05,6.0039309903942276e-05,0.007670169012949881,3.635713766405392e-05,3.1353861838725436e-05,0.020453784034533032,0.008208426487542862,2.201441363144549e-05,4.96992065315967e-05,3.335517216885683e-05,2.5016379126642606e-05,3.435582733392253e-05,2.83518963435283e-05,2.4015723961576885e-05,0.013321872496176118,0.01009232764861827,0.021395734615070737,0.00941950580537705,2.068020674469121e-05,0.011303406966452463,0.008208426487542862,3.535648249898819e-05,6.904520638953365e-05,0.011572535703748946,0.006189960957819207
2025-03-31,2.4015723961576885e-05,0.015340338025899763,0.018166189767512893,0.01910814034805058,3.268806872547969e-05,0.007266475907005157,0.015340338025899763,3.535648249898819e-05,0.009688634542673541,5.90386547388765e-05,7.304782704979651e-05,0.05234553940416677,2.2347965353134078e-05,0.5558854068858944,0.010496020754563002,0.013187308127527868,0.008746683962135834,0.03135349789504075,2.868544806521685e-05,2.1680861909756944e-05,0.0336410921620609,0.05867006473063422,0.01103427822915597,1.734468952780551e-05,0.01103427822915597,7.571624082330492e-05,6.0039309903942276e-05,0.007670169012949881,3.635713766405392e-05,3.1353861838725436e-05,0.020453784034533032,0.008208426487542862,2.201441363144549e-05,4.96992065315967e-05,3.335517216885683e-05,2.5016379126642606e-05,3.435582733392253e-05,2.83518963435283e-05,2.4015723961576885e-05,0.013321872496176118,0.01009232764861827,0.021395734615070737,0.00941950580537705,2.068020674469121e-05,0.011303406966452463,0.008208426487542862,3.535648249898819e-05,6.904520638953365e-05,0.011572535703748946,0.006189960957819207
2025-04-01,2.4015723961576885e-05,0.015340338025899763,0.018166189767512893,0.01910814034805058,3.268806872547969e-05,0.007266475907005157,0.015340338025899763,3.535648249898819e-05,0.009688634542673541,5.90386547388765e-05,7.304782704979651e-05,0.05234553940416677,2.2347965353134078e-05,0.5558854068858944,0.010496020754563002,0.013187308127527868,0.008746683962135834,0.03135349789504075,2.868544806521685e-05,2.1680861909756944e-05,0.0336410921620609,0.05867006473063422,0.01103427822915597,1.734468952780551e-05,0.01103427822915597,7.571624082330492e-05,6.0039309903942276e-05,0.007670169012949881,3.635713766405392e-05,3.1353861838725436e-05,0.020453784034533032,0.008208426487542862,2.201441363144549e-05,4.96992065315967e-05,3.335517216885683e-05,2.5016379126642606e-05,3.435582733392253e-05,2.83518963435283e-05,2.4015723961576885e-05,0.013321872496176118,0.01009232764861827,0.021395734615070737,0.00941950580537705,2.068020674469121e-05,0.011303406966452463,0.008208426487542862,3.535648249898819e-05,6.904520638953365e-05,0.011572535703748946,0.006189960957819207
2025-04-02,2.4015723961576885e-05,0.015340338025899763,0.018166189767512893,0.01910814034805058,3.268806872547969e-05,0.007266475907005157,0.015340338025899763,3.535648249898819e-05,0.009688634542673541,5.90386547388765e-05,7.304782704979651e-05,0.05234553940416677,2.2347965353134078e-05,0.5558854068858944,0.010496020754563002,0.013187308127527868,0.008746683962135834,0.03135349789504075,2.868544806521685e-05,2.1680861909756944e-05,0.0336410921620609,0.05867006473063422,0.01103427822915597,1.734468952780551e-05,0.01103427822915597,7.571624082330492e-05,6.0039309903942276e-05,0.007670169012949881,3.635713766405392e-05,3.1353861838725436e-05,0.020453784034533032,0.008208426487542862,2.201441363144549e-05,4.96992065315967e-05,3.335517216885683e-05,2.5016379126642606e-05,3.435582733392253e-05,2.83518963435283e-05,2.4015723961576885e-05,0.013321872496176118,0.01009232764861827,0.021395734615070737,0.00941950580537705,2.068020674469121e-05,0.011303406966452463,0.008208426487542862,3.535648249898819e-05,6.904520638953365e-05,0.011572535703748946,0.006189960957819207
2025-04-07,2.4015723961576885e-05,0.015340338025899763,0.018166189767512893,0.01910814034805058,3.268806872547969e-05,0.007266475907005157,0.015340338025899763,3.535648249898819e-05,0.009688634542673541,5.90386547388765e-05,7.304782704979651e-05,0.05234553940416677,2.2347965353134078e-05,0.5558854068858944,0.010496020754563002,0.013187308127527868,0.008746683962135834,0.03135349789504075,2.868544806521685e-05,2.1680861909756944e-05,0.0336410921620609,0.05867006473063422,0.01103427822915597,1.734468952780551e-05,0.01103427822915597,7.571624082330492e-05,6.0039309903942276e-05,0.007670169012949881,3.635713766405392e-05,3.1353861838725436e-05,0.020453784034533032,0.008208426487542862,2.201441363144549e-05,4.96992065315967e-05,3.335517216885683e-05,2.5016379126642606e-05,3.435582733392253e-05,2.83518963435283e-05,2.4015723961576885e-05,0.013321872496176118,0.01009232764861827,0.021395734615070737,0.00941950580537705,2.068020674469121e-05,0.011303406966452463,0.008208426487542862,3.535648249898819e-05,6.904520638953365e-05,0.011572535703748946,0.006189960957819207
2025-04-08,2.4015723961576885e-05,0.015340338025899763,0.018166189767512893,0.01910814034805058,3.268806872547969e-05,0.007266475907005157,0.015340338025899763,3.535648249898819e-05,0.009688634542673541,5.90386547388765e-05,7.304782704979651e-05,0.05234553940416677,2.2347965353134078e-05,0.5558854068858944,0.010496020754563002,0.013187308127527868,0.008746683962135834,0.03135349789504075,2.868544806521685e-05,2.1680861909756944e-05,0.0336410921620609,0.05867006473063422,0.01103427822915597,1.734468952780551e-05,0.01103427822915597,7.571624082330492e-05,6.0039309903942276e-05,0.007670169012949881,3.635713766405392e-05,3.1353861838725436e-05,0.020453784034533032,0.008208426487542862,2.201441363144549e-05,4.96992065315967e-05,3.335517216885683e-05,2.5016379126642606e-05,3.435582733392253e-05,2.83518963435283e-05,2.4015723961576885e-05,0.013321872496176118,0.01009232764861827,0.021395734615070737,0.00941950580537705,2.068020674469121e-05,0.011303406966452463,0.008208426487542862,3.535648249898819e-05,6.904520638953365e-05,0.011572535703748946,0.006189960957819207
2025-04-09,2.4015723961576885e-05,0.015340338025899763,0.018166189767512893,0.01910814034805058,3.268806872547969e-05,0.007266475907005157,0.015340338025899763,3.535648249898819e-05,0.009688634542673541,5.90386547388765e-05,7.304782704979651e-05,0.05234553940416677,2.2347965353134078e-05,0.5558854068858944,0.010496020754563002,0.013187308127527868,0.008746683962135834,0.03135349789504075,2.868544806521685e-05,2.1680861909756944e-05,0.0336410921620609,0.05867006473063422,0.01103427822915597,1.734468952780551e-05,0.01103427822915597,7.571624082330492e-05,6.0039309903942276e-05,0.007670169012949881,3.635713766405392e-05,3.1353861838725436e-05,0.020453784034533032,0.008208426487542862,2.201441363144549e-05,4.96992065315967e-05,3.335517216885683e-05,2.5016379126642606e-05,3.435582733392253e-05,2.83518963435283e-05,2.4015723961576885e-05,0.013321872496176118,0.01009232764861827,0.021395734615070737,0.00941950580537705,2.068020674469121e-05,0.011303406966452463,0.008208426487542862,3.535648249898819e-05,6.904520638953365e-05,0.011572535703748946,0.006189960957819207
2025-04-10,2.4015723961576885e-05,0.015340338025899763,0.018166189767512893,0.01910814034805058,3.268806872547969e-05,0.007266475907005157,0.015340338025899763,3.535648249898819e-05,0.009688634542673541,5.90386547388765e-05,7.304782704979651e-05,0.05234553940416677,2.2347965353134078e-05,0.5558854068858944,0.010496020754563002,0.013187308127527868,0.008746683962135834,0.03135349789504075,2.868544806521685e-05,2.1680861909756944e-05,0.0336410921620609,0.05867006473063422,0.01103427822915597,1.734468952780551e-05,0.01103427822915597,7.571624082330492e-05,6.0039309903942276e-05,0.007670169012949881,3.635713766405392e-05,3.1353861838725436e-05,0.020453784034533032,0.008208426487542862,2.201441363144549e-05,4.96992065315967e-05,3.335517216885683e-05,2.5016379126642606e-05,3.435582733392253e-05,2.83518963435283e-05,2.4015723961576885e-05,0.013321872496176118,0.01009232764861827,0.021395734615070737,0.00941950580537705,2.068020674469121e-05,0.011303406966452463,0.008208426487542862,3.535648249898819e-05,6.904520638953365e-05,0.011572535703748946,0.006189960957819207
2025-04-11,2.4015723961576885e-05,0.015340338025899763,0.018166189767512893,0.01910814034805058,3.268806872547969e-05,0.007266475907005157,0.015340338025899763,3.535648249898819e-05,0.009688634542673541,5.90386547388765e-05,7.304782704979651e-05,0.05234553940416677,2.2347965353134078e-05,0.5558854068858944,0.010496020754563002,0.013187308127527868,0.008746683962135834,0.03135349789504075,2.868544806521685e-05,2.1680861909756944e-05,0.0336410921620609,0.05867006473063422,0.01103427822915597,1.734468952780551e-05,0.01103427822915597,7.571624082330492e-05,6.0039309903942276e-05,0.007670169012949881,3.635713766405392e-05,3.1353861838725436e-05,0.020453784034533032,0.008208426487542862,2.201441363144549e-05,4.96992065315967e-05,3.335517216885683e-05,2.5016379126642606e-05,3.435582733392253e-05,2.83518963435283e-05,2.4015723961576885e-05,0.013321872496176118,0.01009232764861827,0.021395734615070737,0.00941950580537705,2.068020674469121e-05,0.011303406966452463,0.008208426487542862,3.535648249898819e-05,6.904520638953365e-05,0.011572535703748946,0.006189960957819207
2025-04-14,2.4015723961576885e-05,0.015340338025899763,0.018166189767512893,0.01910814034805058,3.268806872547969e-05,0.007266475907005157,0.015340338025899763,3.535648249898819e-05,0.009688634542673541,5.90386547388765e-05,7.304782704979651e-05,0.05234553940416677,2.2347965353134078e-05,0.5558854068858944,0.010496020754563002,0.013187308127527868,0.008746683962135834,0.03135349789504075,2.868544806521685e-05,2.1680861909756944e-05,0.0336410921620609,0.05867006473063422,0.01103427822915597,1.734468952780551e-05,0.01103427822915597,7.571624082330492e-05,6.0039309903942276e-05,0.007670169012949881,3.635713766405392e-05,3.1353861838725436e-05,0.020453784034533032,0.008208426487542862,2.201441363144549e-05,4.96992065315967e-05,3.335517216885683e-05,2.5016379126642606e-05,3.435582733392253e-05,2.83518963435283e-05,2.4015723961576885e-05,0.013321872496176118,0.01009232764861827,0.021395734615070737,0.00941950580537705,2.068020674469121e-05,0.011303406966452463,0.008208426487542862,3.535648249898819e-05,6.904520638953365e-05,0.011572535703748946,0.006189960957819207
2025-04-15,2.4015723961576885e-05,0.015340338025899763,0.018166189767512893,0.01910814034805058,3.268806872547969e-05,0.007266475907005157,0.015340338025899763,3.535648249898819e-05,0.009688634542673541,5.90386547388765e-05,7.304782704979651e-05,0.05234553940416677,2.2347965353134078e-05,0.5558854068858944,0.010496020754563002,0.013187308127527868,0.008746683962135834,0.03135349789504075,2.868544806521685e-05,2.1680861909756944e-05,0.0336410921620609,0.05867006473063422,0.01103427822915597,1.734468952780551e-05,0.01103427822915597,7.571624082330492e-05,6.0039309903942276e-05,0.007670169012949881,3.635713766405392e-05,3.1353861838725436e-05,0.020453784034533032,0.008208426487542862,2.201441363144549e-05,4.96992065315967e-05,3.335517216885683e-05,2.5016379126642606e-05,3.435582733392253e-05,2.83518963435283e-05,2.4015723961576885e-05,0.013321872496176118,0.01009232764861827,0.021395734615070737,0.00941950580537705,2.068020674469121e-05,0.011303406966452463,0.008208426487542862,3.535648249898819e-05,6.904520638953365e-05,0.011572535703748946,0.006189960957819207
2025-04-16,2.4015723961576885e-05,0.015340338025899763,0.018166189767512893,0.01910814034805058,3.268806872547969e-05,0.007266475907005157,0.015340338025899763,3.535648249898819e-05,0.009688634542673541,5.90386547388765e-05,7.304782704979651e-05,0.05234553940416677,2.2347965353134078e-05,0.5558854068858944,0.010496020754563002,0.013187308127527868,0.008746683962135834,0.03135349789504075,2.868544806521685e-05,2.1680861909756944e-05,0.0336410921620609,0.05867006473063422,0.01103427822915597,1.734468952780551e-05,0.01103427822915597,7.571624082330492e-05,6.0039309903942276e-05,0.007670169012949881,3.635713766405392e-05,3.1353861838725436e-05,0.020453784034533032,0.008208426487542862,2.201441363144549e-05,4.96992065315967e-05,3.335517216885683e-05,2.5016379126642606e-05,3.435582733392253e-05,2.83518963435283e-05,2.4015723961576885e-05,0.013321872496176118,0.01009232764861827,0.021395734615070737,0.00941950580537705,2.068020674469121e-05,0.011303406966452463,0.008208426487542862,3.535648249898819e-05,6.904520638953365e-05,0.011572535703748946,0.006189960957819207
2025-04-17,2.4015723961576885e-05,0.015340338025899763,0.018166189767512893,0.01910814034805058,3.268806872547969e-05,0.007266475907005157,0.015340338025899763,3.535648249898819e-05,0.009688634542673541,5.90386547388765e-05,7.304782704979651e-05,0.05234553940416677,2.2347965353134078e-05,0.5558854068858944,0.010496020754563002,0.013187308127527868,0.008746683962135834,0.03135349789504075,2.868544806521685e-05,2.1680861909756944e-05,0.0336410921620609,0.05867006473063422,0.01103427822915597,1.734468952780551e-05,0.01103427822915597,7.571624082330492e-05,6.0039309903942276e-05,0.007670169012949881,3.635713766405392e-05,3.1353861838725436e-05,0.020453784034533032,0.008208426487542862,2.201441363144549e-05,4.96992065315967e-05,3.335517216885683e-05,2.5016379126642606e-05,3.435582733392253e-05,2.83518963435283e-05,2.4015723961576885e-05,0.013321872496176118,0.01009232764861827,0.021395734615070737,0.00941950580537705,2.068020674469121e-05,0.011303406966452463,0.008208426487542862,3.535648249898819e-05,6.904520638953365e-05,0.011572535703748946,0.006189960957819207
2025-04-18,2.4015723961576885e-05,0.015340338025899763,0.018166189767512893,0.01910814034805058,3.268806872547969e-05,0.007266475907005157,0.015340338025899763,3.535648249898819e-05,0.009688634542673541,5.90386547388765e-05,7.304782704979651e-05,0.05234553940416677,2.2347965353134078e-05,0.5558854068858944,0.010496020754563002,0.013187308127527868,0.008746683962135834,0.03135349789504075,2.868544806521685e-05,2.1680861909756944e-05,0.0336410921620609,0.05867006473063422,0.01103427822915597,1.734468952780551e-05,0.01103427822915597,7.571624082330492e-05,6.0039309903942276e-05,0.007670169012949881,3.635713766405392e-05,3.1353861838725436e-05,0.020453784034533032,0.008208426487542862,2.201441363144549e-05,4.96992065315967e-05,3.335517216885683e-05,2.5016379126642606e-05,3.435582733392253e-05,2.83518963435283e-05,2.4015723961576885e-05,0.013321872496176118,0.01009232764861827,0.021395734615070737,0.00941950580537705,2.068020674469121e-05,0.011303406966452463,0.008208426487542862,3.535648249898819e-05,6.904520638953365e-05,0.011572535703748946,0.006189960957819207
2025-04-21,2.4015723961576885e-05,0.015340338025899763,0.018166189767512893,0.01910814034805058,3.268806872547969e-05,0.007266475907005157,0.015340338025899763,3.535648249898819e-05,0.009688634542673541,5.90386547388765e-05,7.304782704979651e-05,0.05234553940416677,2.2347965353134078e-05,0.5558854068858944,0.010496020754563002,0.013187308127527868,0.008746683962135834,0.03135349789504075,2.868544806521685e-05,2.1680861909756944e-05,0.0336410921620609,0.05867006473063422,0.01103427822915597,1.734468952780551e-05,0.01103427822915597,7.571624082330492e-05,6.0039309903942276e-05,0.007670169012949881,3.635713766405392e-05,3.1353861838725436e-05,0.020453784034533032,0.008208426487542862,2.201441363144549e-05,4.96992065315967e-05,3.335517216885683e-05,2.5016379126642606e-05,3.435582733392253e-05,2.83518963435283e-05,2.4015723961576885e-05,0.013321872496176118,0.01009232764861827,0.021395734615070737,0.00941950580537705,2.068020674469121e-05,0.011303406966452463,0.008208426487542862,3.535648249898819e-05,6.904520638953365e-05,0.011572535703748946,0.006189960957819207
2025-04-22,2.4015723961576885e-05,0.015340338025899763,0.018166189767512893,0.01910814034805058,3.268806872547969e-05,0.007266475907005157,0.015340338025899763,3.535648249898819e-05,0.009688634542673541,5.90386547388765e-05,7.304782704979651e-05,0.05234553940416677,2.2347965353134078e-05,0.5558854068858944,0.010496020754563002,0.013187308127527868,0.008746683962135834,0.03135349789504075,2.868544806521685e-05,2.1680861909756944e-05,0.0336410921620609,0.05867006473063422,0.01103427822915597,1.734468952780551e-05,0.01103427822915597,7.571624082330492e-05,6.0039309903942276e-05,0.007670169012949881,3.635713766405392e-05,3.1353861838725436e-05,0.020453784034533032,0.008208426487542862,2.201441363144549e-05,4.96992065315967e-05,3.335517216885683e-05,2.5016379126642606e-05,3.435582733392253e-05,2.83518963435283e-05,2.4015723961576885e-05,0.013321872496176118,0.01009232764861827,0.021395734615070737,0.00941950580537705,2.068020674469121e-05,0.011303406966452463,0.008208426487542862,3.535648249898819e-05,6.904520638953365e-05,0.011572535703748946,0.006189960957819207
2025-04-23,2.4015723961576885e-05,0.015340338025899763,0.018166189767512893,0.01910814034805058,3.268806872547969e-05,0.007266475907005157,0.015340338025899763,3.535648249898819e-05,0.009688634542673541,5.90386547388765e-05,7.304782704979651e-05,0.05234553940416677,2.2347965353134078e-05,0.5558854068858944,0.010496020754563002,0.013187308127527868,0.008746683962135834,0.03135349789504075,2.868544806521685e-05,2.1680861909756944e-05,0.0336410921620609,0.05867006473063422,0.01103427822915597,1.734468952780551e-05,0.01103427822915597,7.571624082330492e-05,6.0039309903942276e-05,0.007670169012949881,3.635713766405392e-05,3.1353861838725436e-05,0.020453784034533032,0.008208426487542862,2.201441363144549e-05,4.96992065315967e-05,3.335517216885683e-05,2.5016379126642606e-05,3.435582733392253e-05,2.83518963435283e-05,2.4015723961576885e-05,0.013321872496176118,0.01009232764861827,0.021395734615070737,0.00941950580537705,2.068020674469121e-05,0.011303406966452463,0.008208426487542862,3.535648249898819e-05,6.904520638953365e-05,0.011572535703748946,0.006189960957819207
2025-04-24,2.4015723961576885e-05,0.015340338025899763,0.018166189767512893,0.01910814034805058,3.268806872547969e-05,0.007266475907005157,0.015340338025899763,3.535648249898819e-05,0.009688634542673541,5.90386547388765e-05,7.304782704979651e-05,0.05234553940416677,2.2347965353134078e-05,0.5558854068858944,0.010496020754563002,0.013187308127527868,0.008746683962135834,0.03135349789504075,2.868544806521685e-05,2.1680861909756944e-05,0.0336410921620609,0.05867006473063422,0.01103427822915597,1.734468952780551e-05,0.01103427822915597,7.571624082330492e-05,6.0039309903942276e-05,0.007670169012949881,3.635713766405392e-05,3.1353861838725436e-05,0.020453784034533032,0.008208426487542862,2.201441363144549e-05,4.96992065315967e-05,3.335517216885683e-05,2.5016379126642606e-05,3.435582733392253e-05,2.83518963435283e-05,2.4015723961576885e-05,0.013321872496176118,0.01009232764861827,0.021395734615070737,0.00941950580537705,2.068020674469121e-05,0.011303406966452463,0.008208426487542862,3.535648249898819e-05,6.904520638953365e-05,0.011572535703748946,0.006189960957819207
2025-04-25,2.4015723961576885e-05,0.015340338025899763,0.018166189767512893,0.01910814034805058,3.268806872547969e-05,0.007266475907005157,0.015340338025899763,3.535648249898819e-05,0.009688634542673541,5.90386547388765e-05,7.304782704979651e-05,0.05234553940416677,2.2347965353134078e-05,0.5558854068858944,0.010496020754563002,0.013187308127527868,0.008746683962135834,0.03135349789504075,2.868544806521685e-05,2.1680861909756944e-05,0.0336410921620609,0.05867006473063422,0.01103427822915597,1.734468952780551e-05,0.01103427822915597,7.571624082330492e-05,6.0039309903942276e-05,0.007670169012949881,3.635713766405392e-05,3.1353861838725436e-05,0.020453784034533032,0.008208426487542862,2.201441363144549e-05,4.96992065315967e-05,3.335517216885683e-05,2.5016379126642606e-05,3.435582733392253e-05,2.83518963435283e-05,2.4015723961576885e-05,0.013321872496176118,0.01009232764861827,0.021395734615070737,0.00941950580537705,2.068020674469121e-05,0.011303406966452463,0.008208426487542862,3.535648249898819e-05,6.904520638953365e-05,0.011572535703748946,0.006189960957819207
2025-04-28,2.4015723961576885e-05,0.015340338025899763,0.018166189767512893,0.01910814034805058,3.268806872547969e-05,0.007266475907005157,0.015340338025899763,3.535648249898819e-05,0.009688634542673541,5.90386547388765e-05,7.304782704979651e-05,0.05234553940416677,2.2347965353134078e-05,0.5558854068858944,0.010496020754563002,0.013187308127527868,0.008746683962135834,0.03135349789504075,2.868544806521685e-05,2.1680861909756944e-05,0.0336410921620609,0.05867006473063422,0.01103427822915597,1.734468952780551e-05,0.01103427822915597,7.571624082330492e-05,6.0039309903942276e-05,0.007670169012949881,3.635713766405392e-05,3.1353861838725436e-05,0.020453784034533032,0.008208426487542862,2.201441363144549e-05,4.96992065315967e-05,3.335517216885683e-05,2.5016379126642606e-05,3.435582733392253e-05,2.83518963435283e-05,2.4015723961576885e-05,0.013321872496176118,0.01009232764861827,0.021395734615070737,0.00941950580537705,2.068020674469121e-05,0.011303406966452463,0.008208426487542862,3.535648249898819e-05,6.904520638953365e-05,0.011572535703748946,0.006189960957819207
2025-04-29,2.4015723961576885e-05,0.015340338025899763,0.018166189767512893,0.01910814034805058,3.268806872547969e-05,0.007266475907005157,0.015340338025899763,3.535648249898819e-05,0.009688634542673541,5.90386547388765e-05,7.304782704979651e-05,0.05234553940416677,2.2347965353134078e-05,0.5558854068858944,0.010496020754563002,0.013187308127527868,0.008746683962135834,0.03135349789504075,2.868544806521685e-05,2.1680861909756944e-05,0.0336410921620609,0.05867006473063422,0.01103427822915597,1.734468952780551e-05,0.01103427822915597,7.571624082330492e-05,6.0039309903942276e-05,0.007670169012949881,3.635713766405392e-05,3.1353861838725436e-05,0.020453784034533032,0.008208426487542862,2.201441363144549e-05,4.96992065315967e-05,3.335517216885683e-05,2.5016379126642606e-05,3.435582733392253e-05,2.83518963435283e-05,2.4015723961576885e-05,0.013321872496176118,0.01009232764861827,0.021395734615070737,0.00941950580537705,2.068020674469121e-05,0.011303406966452463,0.008208426487542862,3.535648249898819e-05,6.904520638953365e-05,0.011572535703748946,0.006189960957819207
2025-04-30,2.4015723961576885e-05,0.015340338025899763,0.018166189767512893,0.01910814034805058,3.268806872547969e-05,0.007266475907005157,0.015340338025899763,3.535648249898819e-05,0.009688634542673541,5.90386547388765e-05,7.304782704979651e-05,0.05234553940416677,2.2347965353134078e-05,0.5558854068858944,0.010496020754563002,0.013187308127527868,0.008746683962135834,0.03135349789504075,2.868544806521685e-05,2.1680861909756944e-05,0.0336410921620609,0.05867006473063422,0.01103427822915597,1.734468952780551e-05,0.01103427822915597,7.571624082330492e-05,6.0039309903942276e-05,0.007670169012949881,3.635713766405392e-05,3.1353861838725436e-05,0.020453784034533032,0.008208426487542862,2.201441363144549e-05,4.96992065315967e-05,3.335517216885683e-05,2.5016379126642606e-05,3.435582733392253e-05,2.83518963435283e-05,2.4015723961576885e-05,0.013321872496176118,0.01009232764861827,0.021395734615070737,0.00941950580537705,2.068020674469121e-05,0.011303406966452463,0.008208426487542862,3.535648249898819e-05,6.904520638953365e-05,0.011572535703748946,0.006189960957819207
2025-05-02,2.4015723961576885e-05,0.015340338025899763,0.018166189767512893,0.01910814034805058,3.268806872547969e-05,0.007266475907005157,0.015340338025899763,3.535648249898819e-05,0.009688634542673541,5.90386547388765e-05,7.304782704979651e-05,0.05234553940416677,2.2347965353134078e-05,0.5558854068858944,0.010496020754563002,0.013187308127527868,0.008746683962135834,0.03135349789504075,2.868544806521685e-05,2.1680861909756944e-05,0.0336410921620609,0.05867006473063422,0.01103427822915597,1.734468952780551e-05,0.01103427822915597,7.571624082330492e-05,6.0039309903942276e-05,0.007670169012949881,3.635713766405392e-05,3.1353861838725436e-05,0.020453784034533032,0.008208426487542862,2.201441363144549e-05,4.96992065315967e-05,3.335517216885683e-05,2.5016379126642606e-05,3.435582733392253e-05,2.83518963435283e-05,2.4015723961576885e-05,0.013321872496176118,0.01009232764861827,0.021395734615070737,0.00941950580537705,2.068020674469121e-05,0.011303406966452463,0.008208426487542862,3.535648249898819e-05,6.904520638953365e-05,0.011572535703748946,0.006189960957819207
2025-05-05,2.4015723961576885e-05,0.015340338025899763,0.018166189767512893,0.01910814034805058,3.268806872547969e-05,0.007266475907005157,0.015340338025899763,3.535648249898819e-05,0.009688634542673541,5.90386547388765e-05,7.304782704979651e-05,0.05234553940416677,2.2347965353134078e-05,0.5558854068858944,0.010496020754563002,0.013187308127527868,0.008746683962135834,0.03135349789504075,2.868544806521685e-05,2.1680861909756944e-05,0.0336410921620609,0.05867006473063422,0.01103427822915597,1.734468952780551e-05,0.01103427822915597,7.571624082330492e-05,6.0039309903942276e-05,0.007670169012949881,3.635713766405392e-05,3.1353861838725436e-05,0.020453784034533032,0.008208426487542862,2.201441363144549e-05,4.96992065315967e-05,3.335517216885683e-05,2.5016379126642606e-05,3.435582733392253e-05,2.83518963435283e-05,2.4015723961576885e-05,0.013321872496176118,0.01009232764861827,0.021395734615070737,0.00941950580537705,2.068020674469121e-05,0.011303406966452463,0.008208426487542862,3.535648249898819e-05,6.904520638953365e-05,0.011572535703748946,0.006189960957819207
2025-05-06,2.4015723961576885e-05,0.015340338025899763,0.018166189767512893,0.01910814034805058,3.268806872547969e-05,0.007266475907005157,0.015340338025899763,3.535648249898819e-05,0.009688634542673541,5.90386547388765e-05,7.304782704979651e-05,0.05234553940416677,2.2347965353134078e-05,0.5558854068858944,0.010496020754563002,0.013187308127527868,0.008746683962135834,0.03135349789504075,2.868544806521685e-05,2.1680861909756944e-05,0.0336410921620609,0.05867006473063422,0.01103427822915597,1.734468952780551e-05,0.01103427822915597,7.571624082330492e-05,6.0039309903942276e-05,0.007670169012949881,3.635713766405392e-05,3.1353861838725436e-05,0.020453784034533032,0.008208426487542862,2.201441363144549e-05,4.96992065315967e-05,3.335517216885683e-05,2.5016379126642606e-05,3.435582733392253e-05,2.83518963435283e-05,2.4015723961576885e-05,0.013321872496176118,0.01009232764861827,0.021395734615070737,0.00941950580537705,2.068020674469121e-05,0.011303406966452463,0.008208426487542862,3.535648249898819e-05,6.904520638953365e-05,0.011572535703748946,0.006189960957819207
2025-05-07,2.4015723961576885e-05,0.015340338025899763,0.018166189767512893,0.01910814034805058,3.268806872547969e-05,0.007266475907005157,0.015340338025899763,3.535648249898819e-05,0.009688634542673541,5.90386547388765e-05,7.304782704979651e-05,0.05234553940416677,2.2347965353134078e-05,0.5558854068858944,0.010496020754563002,0.013187308127527868,0.008746683962135834,0.03135349789504075,2.868544806521685e-05,2.1680861909756944e-05,0.0336410921620609,0.05867006473063422,0.01103427822915597,1.734468952780551e-05,0.01103427822915597,7.571624082330492e-05,6.0039309903942276e-05,0.007670169012949881,3.635713766405392e-05,3.1353861838725436e-05,0.020453784034533032,0.008208426487542862,2.201441363144549e-05,4.96992065315967e-05,3.335517216885683e-05,2.5016379126642606e-05,3.435582733392253e-05,2.83518963435283e-05,2.4015723961576885e-05,0.013321872496176118,0.01009232764861827,0.021395734615070737,0.00941950580537705,2.068020674469121e-05,0.011303406966452463,0.008208426487542862,3.535648249898819e-05,6.904520638953365e-05,0.011572535703748946,0.006189960957819207
2025-05-08,2.4015723961576885e-05,0.015340338025899763,0.018166189767512893,0.01910814034805058,3.268806872547969e-05,0.007266475907005157,0.015340338025899763,3.535648249898819e-05,0.009688634542673541,5.90386547388765e-05,7.304782704979651e-05,0.05234553940416677,2.2347965353134078e-05,0.5558854068858944,0.010496020754563002,0.013187308127527868,0.008746683962135834,0.03135349789504075,2.868544806521685e-05,2.1680861909756944e-05,0.0336410921620609,0.05867006473063422,0.01103427822915597,1.734468952780551e-05,0.01103427822915597,7.571624082330492e-05,6.0039309903942276e-05,0.007670169012949881,3.635713766405392e-05,3.1353861838725436e-05,0.020453784034533032,0.008208426487542862,2.201441363144549e-05,4.96992065315967e-05,3.335517216885683e-05,2.5016379126642606e-05,3.435582733392253e-05,2.83518963435283e-05,2.4015723961576885e-05,0.013321872496176118,0.01009232764861827,0.021395734615070737,0.00941950580537705,2.068020674469121e-05,0.011303406966452463,0.008208426487542862,3.535648249898819e-05,6.904520638953365e-05,0.011572535703748946,0.006189960957819207
2025-05-09,2.4015723961576885e-05,0.015340338025899763,0.018166189767512893,0.01910814034805058,3.268806872547969e-05,0.007266475907005157,0.015340338025899763,3.535648249898819e-05,0.009688634542673541,5.90386547388765e-05,7.304782704979651e-05,0.05234553940416677,2.2347965353134078e-05,0.5558854068858944,0.010496020754563002,0.013187308127527868,0.008746683962135834,0.03135349789504075,2.868544806521685e-05,2.1680861909756944e-05,0.0336410921620609,0.05867006473063422,0.01103427822915597,1.734468952780551e-05,0.01103427822915597,7.571624082330492e-05,6.0039309903942276e-05,0.007670169012949881,3.635713766405392e-05,3.1353861838725436e-05,0.020453784034533032,0.008208426487542862,2.201441363144549e-05,4.96992065315967e-05,3.335517216885683e-05,2.5016379126642606e-05,3.435582733392253e-05,2.83518963435283e-05,2.4015723961576885e-05,0.013321872496176118,0.01009232764861827,0.021395734615070737,0.00941950580537705,2.068020674469121e-05,0.011303406966452463,0.008208426487542862,3.535648249898819e-05,6.904520638953365e-05,0.011572535703748946,0.006189960957819207
2025-05-12,2.4015723961576885e-05,0.015340338025899763,0.018166189767512893,0.01910814034805058,3.268806872547969e-05,0.007266475907005157,0.015340338025899763,3.535648249898819e-05,0.009688634542673541,5.90386547388765e-05,7.304782704979651e-05,0.05234553940416677,2.2347965353134078e-05,0.5558854068858944,0.010496020754563002,0.013187308127527868,0.008746683962135834,0.03135349789504075,2.868544806521685e-05,2.1680861909756944e-05,0.0336410921620609,0.05867006473063422,0.01103427822915597,1.734468952780551e-05,0.01103427822915597,7.571624082330492e-05,6.0039309903942276e-05,0.007670169012949881,3.635713766405392e-05,3.1353861838725436e-05,0.020453784034533032,0.008208426487542862,2.201441363144549e-05,4.96992065315967e-05,3.335517216885683e-05,2.5016379126642606e-05,3.435582733392253e-05,2.83518963435283e-05,2.4015723961576885e-05,0.013321872496176118,0.01009232764861827,0.021395734615070737,0.00941950580537705,2.068020674469121e-05,0.011303406966452463,0.008208426487542862,3.535648249898819e-05,6.904520638953365e-05,0.011572535703748946,0.006189960957819207
2025-05-13,2.4015723961576885e-05,0.015340338025899763,0.018166189767512893,0.01910814034805058,3.268806872547969e-05,0.007266475907005157,0.015340338025899763,3.535648249898819e-05,0.009688634542673541,5.90386547388765e-05,7.304782704979651e-05,0.05234553940416677,2.2347965353134078e-05,0.5558854068858944,0.010496020754563002,0.013187308127527868,0.008746683962135834,0.03135349789504075,2.868544806521685e-05,2.1680861909756944e-05,0.0336410921620609,0.05867006473063422,0.01103427822915597,1.734468952780551e-05,0.01103427822915597,7.571624082330492e-05,6.0039309903942276e-05,0.007670169012949881,3.635713766405392e-05,3.1353861838725436e-05,0.020453784034533032,0.008208426487542862,2.201441363144549e-05,4.96992065315967e-05,3.335517216885683e-05,2.5016379126642606e-05,3.435582733392253e-05,2.83518963435283e-05,2.4015723961576885e-05,0.013321872496176118,0.01009232764861827,0.021395734615070737,0.00941950580537705,2.068020674469121e-05,0.011303406966452463,0.008208426487542862,3.535648249898819e-05,6.904520638953365e-05,0.011572535703748946,0.006189960957819207
2025-05-14,2.4015723961576885e-05,0.015340338025899763,0.018166189767512893,0.01910814034805058,3.268806872547969e-05,0.007266475907005157,0.015340338025899763,3.535648249898819e-05,0.009688634542673541,5.90386547388765e-05,7.304782704979651e-05,0.05234553940416677,2.2347965353134078e-05,0.5558854068858944,0.010496020754563002,0.013187308127527868,0.008746683962135834,0.03135349789504075,2.868544806521685e-05,2.1680861909756944e-05,0.0336410921620609,0.05867006473063422,0.01103427822915597,1.734468952780551e-05,0.01103427822915597,7.571624082330492e-05,6.0039309903942276e-05,0.007670169012949881,3.635713766405392e-05,3.1353861838725436e-05,0.020453784034533032,0.008208426487542862,2.201441363144549e-05,4.96992065315967e-05,3.335517216885683e-05,2.5016379126642606e-05,3.435582733392253e-05,2.83518963435283e-05,2.4015723961576885e-05,0.013321872496176118,0.01009232764861827,0.021395734615070737,0.00941950580537705,2.068020674469121e-05,0.011303406966452463,0.008208426487542862,3.535648249898819e-05,6.904520638953365e-05,0.011572535703748946,0.006189960957819207
2025-05-15,2.4015723961576885e-05,0.015340338025899763,0.018166189767512893,0.01910814034805058,3.268806872547969e-05,0.007266475907005157,0.015340338025899763,3.535648249898819e-05,0.009688634542673541,5.90386547388765e-05,7.304782704979651e-05,0.05234553940416677,2.2347965353134078e-05,0.5558854068858944,0.010496020754563002,0.013187308127527868,0.008746683962135834,0.03135349789504075,2.868544806521685e-05,2.1680861909756944e-05,0.0336410921620609,0.05867006473063422,0.01103427822915597,1.734468952780551e-05,0.01103427822915597,7.571624082330492e-05,6.0039309903942276e-05,0.007670169012949881,3.635713766405392e-05,3.1353861838725436e-05,0.020453784034533032,0.008208426487542862,2.201441363144549e-05,4.96992065315967e-05,3.335517216885683e-05,2.5016379126642606e-05,3.435582733392253e-05,2.83518963435283e-05,2.4015723961576885e-05,0.013321872496176118,0.01009232764861827,0.021395734615070737,0.00941950580537705,2.068020674469121e-05,0.011303406966452463,0.008208426487542862,3.535648249898819e-05,6.904520638953365e-05,0.011572535703748946,0.006189960957819207
2025-05-16,2.4015723961576885e-05,0.015340338025899763,0.018166189767512893,0.01910814034805058,3.268806872547969e-05,0.007266475907005157,0.015340338025899763,3.535648249898819e-05,0.009688634542673541,5.90386547388765e-05,7.304782704979651e-05,0.05234553940416677,2.2347965353134078e-05,0.5558854068858944,0.010496020754563002,0.013187308127527868,0.008746683962135834,0.03135349789504075,2.868544806521685e-05,2.1680861909756944e-05,0.0336410921620609,0.05867006473063422,0.01103427822915597,1.734468952780551e-05,0.01103427822915597,7.571624082330492e-05,6.0039309903942276e-05,0.007670169012949881,3.635713766405392e-05,3.1353861838725436e-05,0.020453784034533032,0.008208426487542862,2.201441363144549e-05,4.96992065315967e-05,3.335517216885683e-05,2.5016379126642606e-05,3.435582733392253e-05,2.83518963435283e-05,2.4015723961576885e-05,0.013321872496176118,0.01009232764861827,0.021395734615070737,0.00941950580537705,2.068020674469121e-05,0.011303406966452463,0.008208426487542862,3.535648249898819e-05,6.904520638953365e-05,0.011572535703748946,0.006189960957819207
2025-05-19,2.4015723961576885e-05,0.015340338025899763,0.018166189767512893,0.01910814034805058,3.268806872547969e-05,0.007266475907005157,0.015340338025899763,3.535648249898819e-05,0.009688634542673541,5.90386547388765e-05,7.304782704979651e-05,0.05234553940416677,2.2347965353134078e-05,0.5558854068858944,0.010496020754563002,0.013187308127527868,0.008746683962135834,0.03135349789504075,2.868544806521685e-05,2.1680861909756944e-05,0.0336410921620609,0.05867006473063422,0.01103427822915597,1.734468952780551e-05,0.01103427822915597,7.571624082330492e-05,6.0039309903942276e-05,0.007670169012949881,3.635713766405392e-05,3.1353861838725436e-05,0.020453784034533032,0.008208426487542862,2.201441363144549e-05,4.96992065315967e-05,3.335517216885683e-05,2.5016379126642606e-05,3.435582733392253e-05,2.83518963435283e-05,2.4015723961576885e-05,0.013321872496176118,0.01009232764861827,0.021395734615070737,0.00941950580537705,2.068020674469121e-05,0.011303406966452463,0.008208426487542862,3.535648249898819e-05,6.904520638953365e-05,0.011572535703748946,0.006189960957819207
2025-05-20,2.4015723961576885e-05,0.015340338025899763,0.018166189767512893,0.01910814034805058,3.268806872547969e-05,0.007266475907005157,0.015340338025899763,3.535648249898819e-05,0.009688634542673541,5.90386547388765e-05,7.304782704979651e-05,0.05234553940416677,2.2347965353134078e-05,0.5558854068858944,0.010496020754563002,0.013187308127527868,0.008746683962135834,0.03135349789504075,2.868544806521685e-05,2.1680861909756944e-05,0.0336410921620609,0.05867006473063422,0.01103427822915597,1.734468952780551e-05,0.01103427822915597,7.571624082330492e-05,6.0039309903942276e-05,0.007670169012949881,3.635713766405392e-05,3.1353861838725436e-05,0.020453784034533032,0.008208426487542862,2.201441363144549e-05,4.96992065315967e-05,3.335517216885683e-05,2.5016379126642606e-05,3.435582733392253e-05,2.83518963435283e-05,2.4015723961576885e-05,0.013321872496176118,0.01009232764861827,0.021395734615070737,0.00941950580537705,2.068020674469121e-05,0.011303406966452463,0.008208426487542862,3.535648249898819e-05,6.904520638953365e-05,0.011572535703748946,0.006189960957819207
2025-05-21,2.4015723961576885e-05,0.015340338025899763,0.018166189767512893,0.01910814034805058,3.268806872547969e-05,0.007266475907005157,0.015340338025899763,3.535648249898819e-05,0.009688634542673541,5.90386547388765e-05,7.304782704979651e-05,0.05234553940416677,2.2347965353134078e-05,0.5558854068858944,0.010496020754563002,0.013187308127527868,0.008746683962135834,0.03135349789504075,2.868544806521685e-05,2.1680861909756944e-05,0.0336410921620609,0.05867006473063422,0.01103427822915597,1.734468952780551e-05,0.01103427822915597,7.571624082330492e-05,6.0039309903942276e-05,0.007670169012949881,3.635713766405392e-05,3.1353861838725436e-05,0.020453784034533032,0.008208426487542862,2.201441363144549e-05,4.96992065315967e-05,3.335517216885683e-05,2.5016379126642606e-05,3.435582733392253e-05,2.83518963435283e-05,2.4015723961576885e-05,0.013321872496176118,0.01009232764861827,0.021395734615070737,0.00941950580537705,2.068020674469121e-05,0.011303406966452463,0.008208426487542862,3.535648249898819e-05,6.904520638953365e-05,0.011572535703748946,0.006189960957819207
2025-05-22,2.4015723961576885e-05,0.015340338025899763,0.018166189767512893,0.01910814034805058,3.268806872547969e-05,0.007266475907005157,0.015340338025899763,3.535648249898819e-05,0.009688634542673541,5.90386547388765e-05,7.304782704979651e-05,0.05234553940416677,2.2347965353134078e-05,0.5558854068858944,0.010496020754563002,0.013187308127527868,0.008746683962135834,0.03135349789504075,2.868544806521685e-05,2.1680861909756944e-05,0.0336410921620609,0.05867006473063422,0.01103427822915597,1.734468952780551e-05,0.01103427822915597,7.571624082330492e-05,6.0039309903942276e-05,0.007670169012949881,3.635713766405392e-05,3.1353861838725436e-05,0.020453784034533032,0.008208426487542862,2.201441363144549e-05,4.96992065315967e-05,3.335517216885683e-05,2.5016379126642606e-05,3.435582733392253e-05,2.83518963435283e-05,2.4015723961576885e-05,0.013321872496176118,0.01009232764861827,0.021395734615070737,0.00941950580537705,2.068020674469121e-05,0.011303406966452463,0.008208426487542862,3.535648249898819e-05,6.904520638953365e-05,0.011572535703748946,0.006189960957819207
2025-05-23,2.4015723961576885e-05,0.015340338025899763,0.018166189767512893,0.01910814034805058,3.268806872547969e-05,0.007266475907005157,0.015340338025899763,3.535648249898819e-05,0.009688634542673541,5.90386547388765e-05,7.304782704979651e-05,0.05234553940416677,2.2347965353134078e-05,0.5558854068858944,0.010496020754563002,0.013187308127527868,0.008746683962135834,0.03135349789504075,2.868544806521685e-05,2.1680861909756944e-05,0.0336410921620609,0.05867006473063422,0.01103427822915597,1.734468952780551e-05,0.01103427822915597,7.571624082330492e-05,6.0039309903942276e-05,0.007670169012949881,3.635713766405392e-05,3.1353861838725436e-05,0.020453784034533032,0.008208426487542862,2.201441363144549e-05,4.96992065315967e-05,3.335517216885683e-05,2.5016379126642606e-05,3.435582733392253e-05,2.83518963435283e-05,2.4015723961576885e-05,0.013321872496176118,0.01009232764861827,0.021395734615070737,0.00941950580537705,2.068020674469121e-05,0.011303406966452463,0.008208426487542862,3.535648249898819e-05,6.904520638953365e-05,0.011572535703748946,0.006189960957819207
2025-05-26,2.4015723961576885e-05,0.015340338025899763,0.018166189767512893,0.01910814034805058,3.268806872547969e-05,0.007266475907005157,0.015340338025899763,3.535648249898819e-05,0.009688634542673541,5.90386547388765e-05,7.304782704979651e-05,0.05234553940416677,2.2347965353134078e-05,0.5558854068858944,0.010496020754563002,0.013187308127527868,0.008746683962135834,0.03135349789504075,2.868544806521685e-05,2.1680861909756944e-05,0.0336410921620609,0.05867006473063422,0.01103427822915597,1.734468952780551e-05,0.01103427822915597,7.571624082330492e-05,6.0039309903942276e-05,0.007670169012949881,3.635713766405392e-05,3.1353861838725436e-05,0.020453784034533032,0.008208426487542862,2.201441363144549e-05,4.96992065315967e-05,3.335517216885683e-05,2.5016379126642606e-05,3.435582733392253e-05,2.83518963435283e-05,2.4015723961576885e-05,0.013321872496176118,0.01009232764861827,0.021395734615070737,0.00941950580537705,2.068020674469121e-05,0.011303406966452463,0.008208426487542862,3.535648249898819e-05,6.904520638953365e-05,0.011572535703748946,0.006189960957819207
2025-05-27,2.4015723961576885e-05,0.015340338025899763,0.018166189767512893,0.01910814034805058,3.268806872547969e-05,0.007266475907005157,0.015340338025899763,3.535648249898819e-05,0.009688634542673541,5.90386547388765e-05,7.304782704979651e-05,0.05234553940416677,2.2347965353134078e-05,0.5558854068858944,0.010496020754563002,0.013187308127527868,0.008746683962135834,0.03135349789504075,2.868544806521685e-05,2.1680861909756944e-05,0.0336410921620609,0.05867006473063422,0.01103427822915597,1.734468952780551e-05,0.01103427822915597,7.571624082330492e-05,6.0039309903942276e-05,0.007670169012949881,3.635713766405392e-05,3.1353861838725436e-05,0.020453784034533032,0.008208426487542862,2.201441363144549e-05,4.96992065315967e-05,3.335517216885683e-05,2.5016379126642606e-05,3.435582733392253e-05,2.83518963435283e-05,2.4015723961576885e-05,0.013321872496176118,0.01009232764861827,0.021395734615070737,0.00941950580537705,2.068020674469121e-05,0.011303406966452463,0.008208426487542862,3.535648249898819e-05,6.904520638953365e-05,0.011572535703748946,0.006189960957819207
2025-05-28,2.4015723961576885e-05,0.015340338025899763,0.018166189767512893,0.01910814034805058,3.268806872547969e-05,0.007266475907005157,0.015340338025899763,3.535648249898819e-05,0.009688634542673541,5.90386547388765e-05,7.304782704979651e-05,0.05234553940416677,2.2347965353134078e-05,0.5558854068858944,0.010496020754563002,0.013187308127527868,0.008746683962135834,0.03135349789504075,2.868544806521685e-05,2.1680861909756944e-05,0.0336410921620609,0.05867006473063422,0.01103427822915597,1.734468952780551e-05,0.01103427822915597,7.571624082330492e-05,6.0039309903942276e-05,0.007670169012949881,3.635713766405392e-05,3.1353861838725436e-05,0.020453784034533032,0.008208426487542862,2.201441363144549e-05,4.96992065315967e-05,3.335517216885683e-05,2.5016379126642606e-05,3.435582733392253e-05,2.83518963435283e-05,2.4015723961576885e-05,0.013321872496176118,0.01009232764861827,0.021395734615070737,0.00941950580537705,2.068020674469121e-05,0.011303406966452463,0.008208426487542862,3.535648249898819e-05,6.904520638953365e-05,0.011572535703748946,0.006189960957819207
2025-05-29,2.4015723961576885e-05,0.015340338025899763,0.018166189767512893,0.01910814034805058,3.268806872547969e-05,0.007266475907005157,0.015340338025899763,3.535648249898819e-05,0.009688634542673541,5.90386547388765e-05,7.304782704979651e-05,0.05234553940416677,2.2347965353134078e-05,0.5558854068858944,0.010496020754563002,0.013187308127527868,0.008746683962135834,0.03135349789504075,2.868544806521685e-05,2.1680861909756944e-05,0.0336410921620609,0.05867006473063422,0.01103427822915597,1.734468952780551e-05,0.01103427822915597,7.571624082330492e-05,6.0039309903942276e-05,0.007670169012949881,3.635713766405392e-05,3.1353861838725436e-05,0.020453784034533032,0.008208426487542862,2.201441363144549e-05,4.96992065315967e-05,3.335517216885683e-05,2.5016379126642606e-05,3.435582733392253e-05,2.83518963435283e-05,2.4015723961576885e-05,0.013321872496176118,0.01009232764861827,0.021395734615070737,0.00941950580537705,2.068020674469121e-05,0.011303406966452463,0.008208426487542862,3.535648249898819e-05,6.904520638953365e-05,0.011572535703748946,0.006189960957819207
2025-06-02,2.4015723961576885e-05,0.015340338025899763,0.018166189767512893,0.01910814034805058,3.268806872547969e-05,0.007266475907005157,0.015340338025899763,3.535648249898819e-05,0.009688634542673541,5.90386547388765e-05,7.304782704979651e-05,0.05234553940416677,2.2347965353134078e-05,0.5558854068858944,0.010496020754563002,0.013187308127527868,0.008746683962135834,0.03135349789504075,2.868544806521685e-05,2.1680861909756944e-05,0.0336410921620609,0.05867006473063422,0.01103427822915597,1.734468952780551e-05,0.01103427822915597,7.571624082330492e-05,6.0039309903942276e-05,0.007670169012949881,3.635713766405392e-05,3.1353861838725436e-05,0.020453784034533032,0.008208426487542862,2.201441363144549e-05,4.96992065315967e-05,3.335517216885683e-05,2.5016379126642606e-05,3.435582733392253e-05,2.83518963435283e-05,2.4015723961576885e-05,0.013321872496176118,0.01009232764861827,0.021395734615070737,0.00941950580537705,2.068020674469121e-05,0.011303406966452463,0.008208426487542862,3.535648249898819e-05,6.904520638953365e-05,0.011572535703748946,0.006189960957819207
2025-06-03,2.4015723961576885e-05,0.015340338025899763,0.018166189767512893,0.01910814034805058,3.268806872547969e-05,0.007266475907005157,0.015340338025899763,3.535648249898819e-05,0.009688634542673541,5.90386547388765e-05,7.304782704979651e-05,0.05234553940416677,2.2347965353134078e-05,0.5558854068858944,0.010496020754563002,0.013187308127527868,0.008746683962135834,0.03135349789504075,2.868544806521685e-05,2.1680861909756944e-05,0.0336410921620609,0.05867006473063422,0.01103427822915597,1.734468952780551e-05,0.01103427822915597,7.571624082330492e-05,6.0039309903942276e-05,0.007670169012949881,3.635713766405392e-05,3.1353861838725436e-05,0.020453784034533032,0.008208426487542862,2.201441363144549e-05,4.96992065315967e-05,3.335517216885683e-05,2.5016379126642606e-05,3.435582733392253e-05,2.83518963435283e-05,2.4015723961576885e-05,0.013321872496176118,0.01009232764861827,0.021395734615070737,0.00941950580537705,2.068020674469121e-05,0.011303406966452463,0.008208426487542862,3.535648249898819e-05,6.904520638953365e-05,0.011572535703748946,0.006189960957819207
2025-06-04,2.4015723961576885e-05,0.015340338025899763,0.018166189767512893,0.01910814034805058,3.268806872547969e-05,0.007266475907005157,0.015340338025899763,3.535648249898819e-05,0.009688634542673541,5.90386547388765e-05,7.304782704979651e-05,0.05234553940416677,2.2347965353134078e-05,0.5558854068858944,0.010496020754563002,0.013187308127527868,0.008746683962135834,0.03135349789504075,2.868544806521685e-05,2.1680861909756944e-05,0.0336410921620609,0.05867006473063422,0.01103427822915597,1.734468952780551e-05,0.01103427822915597,7.571624082330492e-05,6.0039309903942276e-05,0.007670169012949881,3.635713766405392e-05,3.1353861838725436e-05,0.020453784034533032,0.008208426487542862,2.201441363144549e-05,4.96992065315967e-05,3.335517216885683e-05,2.5016379126642606e-05,3.435582733392253e-05,2.83518963435283e-05,2.4015723961576885e-05,0.013321872496176118,0.01009232764861827,0.021395734615070737,0.00941950580537705,2.068020674469121e-05,0.011303406966452463,0.008208426487542862,3.535648249898819e-05,6.904520638953365e-05,0.011572535703748946,0.006189960957819207
2025-06-05,2.4015723961576885e-05,0.015340338025899763,0.018166189767512893,0.01910814034805058,3.268806872547969e-05,0.007266475907005157,0.015340338025899763,3.535648249898819e-05,0.009688634542673541,5.90386547388765e-05,7.304782704979651e-05,0.05234553940416677,2.2347965353134078e-05,0.5558854068858944,0.010496020754563002,0.013187308127527868,0.008746683962135834,0.03135349789504075,2.868544806521685e-05,2.1680861909756944e-05,0.0336410921620609,0.05867006473063422,0.01103427822915597,1.734468952780551e-05,0.01103427822915597,7.571624082330492e-05,6.0039309903942276e-05,0.007670169012949881,3.635713766405392e-05,3.1353861838725436e-05,0.020453784034533032,0.008208426487542862,2.201441363144549e-05,4.96992065315967e-05,3.335517216885683e-05,2.5016379126642606e-05,3.435582733392253e-05,2.83518963435283e-05,2.4015723961576885e-05,0.013321872496176118,0.01009232764861827,0.021395734615070737,0.00941950580537705,2.068020674469121e-05,0.011303406966452463,0.008208426487542862,3.535648249898819e-05,6.904520638953365e-05,0.011572535703748946,0.006189960957819207
2025-06-06,2.4015723961576885e-05,0.015340338025899763,0.018166189767512893,0.01910814034805058,3.268806872547969e-05,0.007266475907005157,0.015340338025899763,3.535648249898819e-05,0.009688634542673541,5.90386547388765e-05,7.304782704979651e-05,0.05234553940416677,2.2347965353134078e-05,0.5558854068858944,0.010496020754563002,0.013187308127527868,0.008746683962135834,0.03135349789504075,2.868544806521685e-05,2.1680861909756944e-05,0.0336410921620609,0.05867006473063422,0.01103427822915597,1.734468952780551e-05,0.01103427822915597,7.571624082330492e-05,6.0039309903942276e-05,0.007670169012949881,3.635713766405392e-05,3.1353861838725436e-05,0.020453784034533032,0.008208426487542862,2.201441363144549e-05,4.96992065315967e-05,3.335517216885683e-05,2.5016379126642606e-05,3.435582733392253e-05,2.83518963435283e-05,2.4015723961576885e-05,0.013321872496176118,0.01009232764861827,0.021395734615070737,0.00941950580537705,2.068020674469121e-05,0.011303406966452463,0.008208426487542862,3.535648249898819e-05,6.904520638953365e-05,0.011572535703748946,0.006189960957819207
2025-06-09,2.4015723961576885e-05,0.015340338025899763,0.018166189767512893,0.01910814034805058,3.268806872547969e-05,0.007266475907005157,0.015340338025899763,3.535648249898819e-05,0.009688634542673541,5.90386547388765e-05,7.304782704979651e-05,0.05234553940416677,2.2347965353134078e-05,0.5558854068858944,0.010496020754563002,0.013187308127527868,0.008746683962135834,0.03135349789504075,2.868544806521685e-05,2.1680861909756944e-05,0.0336410921620609,0.05867006473063422,0.01103427822915597,1.734468952780551e-05,0.01103427822915597,7.571624082330492e-05,6.0039309903942276e-05,0.007670169012949881,3.635713766405392e-05,3.1353861838725436e-05,0.020453784034533032,0.008208426487542862,2.201441363144549e-05,4.96992065315967e-05,3.335517216885683e-05,2.5016379126642606e-05,3.435582733392253e-05,2.83518963435283e-05,2.4015723961576885e-05,0.013321872496176118,0.01009232764861827,0.021395734615070737,0.00941950580537705,2.068020674469121e-05,0.011303406966452463,0.008208426487542862,3.535648249898819e-05,6.904520638953365e-05,0.011572535703748946,0.006189960957819207
2025-06-10,2.4015723961576885e-05,0.015340338025899763,0.018166189767512893,0.01910814034805058,3.268806872547969e-05,0.007266475907005157,0.015340338025899763,3.535648249898819e-05,0.009688634542673541,5.90386547388765e-05,7.304782704979651e-05,0.05234553940416677,2.2347965353134078e-05,0.5558854068858944,0.010496020754563002,0.013187308127527868,0.008746683962135834,0.03135349789504075,2.868544806521685e-05,2.1680861909756944e-05,0.0336410921620609,0.05867006473063422,0.01103427822915597,1.734468952780551e-05,0.01103427822915597,7.571624082330492e-05,6.0039309903942276e-05,0.007670169012949881,3.635713766405392e-05,3.1353861838725436e-05,0.020453784034533032,0.008208426487542862,2.201441363144549e-05,4.96992065315967e-05,3.335517216885683e-05,2.5016379126642606e-05,3.435582733392253e-05,2.83518963435283e-05,2.4015723961576885e-05,0.013321872496176118,0.01009232764861827,0.021395734615070737,0.00941950580537705,2.068020674469121e-05,0.011303406966452463,0.008208426487542862,3.535648249898819e-05,6.904520638953365e-05,0.011572535703748946,0.006189960957819207
2025-06-11,2.4015723961576885e-05,0.015340338025899763,0.018166189767512893,0.01910814034805058,3.268806872547969e-05,0.007266475907005157,0.015340338025899763,3.535648249898819e-05,0.009688634542673541,5.90386547388765e-05,7.304782704979651e-05,0.05234553940416677,2.2347965353134078e-05,0.5558854068858944,0.010496020754563002,0.013187308127527868,0.008746683962135834,0.03135349789504075,2.868544806521685e-05,2.1680861909756944e-05,0.0336410921620609,0.05867006473063422,0.01103427822915597,1.734468952780551e-05,0.01103427822915597,7.571624082330492e-05,6.0039309903942276e-05,0.007670169012949881,3.635713766405392e-05,3.1353861838725436e-05,0.020453784034533032,0.008208426487542862,2.201441363144549e-05,4.96992065315967e-05,3.335517216885683e-05,2.5016379126642606e-05,3.435582733392253e-05,2.83518963435283e-05,2.4015723961576885e-05,0.013321872496176118,0.01009232764861827,0.021395734615070737,0.00941950580537705,2.068020674469121e-05,0.011303406966452463,0.008208426487542862,3.535648249898819e-05,6.904520638953365e-05,0.011572535703748946,0.006189960957819207
2025-06-12,2.4015723961576885e-05,0.015340338025899763,0.018166189767512893,0.01910814034805058,3.268806872547969e-05,0.007266475907005157,0.015340338025899763,3.535648249898819e-05,0.009688634542673541,5.90386547388765e-05,7.304782704979651e-05,0.05234553940416677,2.2347965353134078e-05,0.5558854068858944,0.010496020754563002,0.013187308127527868,0.008746683962135834,0.03135349789504075,2.868544806521685e-05,2.1680861909756944e-05,0.0336410921620609,0.05867006473063422,0.01103427822915597,1.734468952780551e-05,0.01103427822915597,7.571624082330492e-05,6.0039309903942276e-05,0.007670169012949881,3.635713766405392e-05,3.1353861838725436e-05,0.020453784034533032,0.008208426487542862,2.201441363144549e-05,4.96992065315967e-05,3.335517216885683e-05,2.5016379126642606e-05,3.435582733392253e-05,2.83518963435283e-05,2.4015723961576885e-05,0.013321872496176118,0.01009232764861827,0.021395734615070737,0.00941950580537705,2.068020674469121e-05,0.011303406966452463,0.008208426487542862,3.535648249898819e-05,6.904520638953365e-05,0.011572535703748946,0.006189960957819207
2025-06-13,2.4015723961576885e-05,0.015340338025899763,0.018166189767512893,0.01910814034805058,3.268806872547969e-05,0.007266475907005157,0.015340338025899763,3.535648249898819e-05,0.009688634542673541,5.90386547388765e-05,7.304782704979651e-05,0.05234553940416677,2.2347965353134078e-05,0.5558854068858944,0.010496020754563002,0.013187308127527868,0.008746683962135834,0.03135349789504075,2.868544806521685e-05,2.1680861909756944e-05,0.0336410921620609,0.05867006473063422,0.01103427822915597,1.734468952780551e-05,0.01103427822915597,7.571624082330492e-05,6.0039309903942276e-05,0.007670169012949881,3.635713766405392e-05,3.1353861838725436e-05,0.020453784034533032,0.008208426487542862,2.201441363144549e-05,4.96992065315967e-05,3.335517216885683e-05,2.5016379126642606e-05,3.435582733392253e-05,2.83518963435283e-05,2.4015723961576885e-05,0.013321872496176118,0.01009232764861827,0.021395734615070737,0.00941950580537705,2.068020674469121e-05,0.011303406966452463,0.008208426487542862,3.535648249898819e-05,6.904520638953365e-05,0.011572535703748946,0.006189960957819207
2025-06-16,2.4015723961576885e-05,0.015340338025899763,0.018166189767512893,0.01910814034805058,3.268806872547969e-05,0.007266475907005157,0.015340338025899763,3.535648249898819e-05,0.009688634542673541,5.90386547388765e-05,7.304782704979651e-05,0.05234553940416677,2.2347965353134078e-05,0.5558854068858944,0.010496020754563002,0.013187308127527868,0.008746683962135834,0.03135349789504075,2.868544806521685e-05,2.1680861909756944e-05,0.0336410921620609,0.05867006473063422,0.01103427822915597,1.734468952780551e-05,0.01103427822915597,7.571624082330492e-05,6.0039309903942276e-05,0.007670169012949881,3.635713766405392e-05,3.1353861838725436e-05,0.020453784034533032,0.008208426487542862,2.201441363144549e-05,4.96992065315967e-05,3.335517216885683e-05,2.5016379126642606e-05,3.435582733392253e-05,2.83518963435283e-05,2.4015723961576885e-05,0.013321872496176118,0.01009232764861827,0.021395734615070737,0.00941950580537705,2.068020674469121e-05,0.011303406966452463,0.008208426487542862,3.535648249898819e-05,6.904520638953365e-05,0.011572535703748946,0.006189960957819207
2025-06-17,2.4015723961576885e-05,0.015340338025899763,0.018166189767512893,0.01910814034805058,3.268806872547969e-05,0.007266475907005157,0.015340338025899763,3.535648249898819e-05,0.009688634542673541,5.90386547388765e-05,7.304782704979651e-05,0.05234553940416677,2.2347965353134078e-05,0.5558854068858944,0.010496020754563002,0.013187308127527868,0.008746683962135834,0.03135349789504075,2.868544806521685e-05,2.1680861909756944e-05,0.0336410921620609,0.05867006473063422,0.01103427822915597,1.734468952780551e-05,0.01103427822915597,7.571624082330492e-05,6.0039309903942276e-05,0.007670169012949881,3.635713766405392e-05,3.1353861838725436e-05,0.020453784034533032,0.008208426487542862,2.201441363144549e-05,4.96992065315967e-05,3.335517216885683e-05,2.5016379126642606e-05,3.435582733392253e-05,2.83518963435283e-05,2.4015723961576885e-05,0.013321872496176118,0.01009232764861827,0.021395734615070737,0.00941950580537705,2.068020674469121e-05,0.011303406966452463,0.008208426487542862,3.535648249898819e-05,6.904520638953365e-05,0.011572535703748946,0.006189960957819207
2025-06-18,2.4015723961576885e-05,0.015340338025899763,0.018166189767512893,0.01910814034805058,3.268806872547969e-05,0.007266475907005157,0.015340338025899763,3.535648249898819e-05,0.009688634542673541,5.90386547388765e-05,7.304782704979651e-05,0.05234553940416677,2.2347965353134078e-05,0.5558854068858944,0.010496020754563002,0.013187308127527868,0.008746683962135834,0.03135349789504075,2.868544806521685e-05,2.1680861909756944e-05,0.0336410921620609,0.05867006473063422,0.01103427822915597,1.734468952780551e-05,0.01103427822915597,7.571624082330492e-05,6.0039309903942276e-05,0.007670169012949881,3.635713766405392e-05,3.1353861838725436e-05,0.020453784034533032,0.008208426487542862,2.201441363144549e-05,4.96992065315967e-05,3.335517216885683e-05,2.5016379126642606e-05,3.435582733392253e-05,2.83518963435283e-05,2.4015723961576885e-05,0.013321872496176118,0.01009232764861827,0.021395734615070737,0.00941950580537705,2.068020674469121e-05,0.011303406966452463,0.008208426487542862,3.535648249898819e-05,6.904520638953365e-05,0.011572535703748946,0.006189960957819207
2025-06-19,2.4015723961576885e-05,0.015340338025899763,0.018166189767512893,0.01910814034805058,3.268806872547969e-05,0.007266475907005157,0.015340338025899763,3.535648249898819e-05,0.009688634542673541,5.90386547388765e-05,7.304782704979651e-05,0.05234553940416677,2.2347965353134078e-05,0.5558854068858944,0.010496020754563002,0.013187308127527868,0.008746683962135834,0.03135349789504075,2.868544806521685e-05,2.1680861909756944e-05,0.0336410921620609,0.05867006473063422,0.01103427822915597,1.734468952780551e-05,0.01103427822915597,7.571624082330492e-05,6.0039309903942276e-05,0.007670169012949881,3.635713766405392e-05,3.1353861838725436e-05,0.020453784034533032,0.008208426487542862,2.201441363144549e-05,4.96992065315967e-05,3.335517216885683e-05,2.5016379126642606e-05,3.435582733392253e-05,2.83518963435283e-05,2.4015723961576885e-05,0.013321872496176118,0.01009232764861827,0.021395734615070737,0.00941950580537705,2.068020674469121e-05,0.011303406966452463,0.008208426487542862,3.535648249898819e-05,6.904520638953365e-05,0.011572535703748946,0.006189960957819207
2025-06-20,2.4015723961576885e-05,0.015340338025899763,0.018166189767512893,0.01910814034805058,3.268806872547969e-05,0.007266475907005157,0.015340338025899763,3.535648249898819e-05,0.009688634542673541,5.90386547388765e-05,7.304782704979651e-05,0.05234553940416677,2.2347965353134078e-05,0.5558854068858944,0.010496020754563002,0.013187308127527868,0.008746683962135834,0.03135349789504075,2.868544806521685e-05,2.1680861909756944e-05,0.0336410921620609,0.05867006473063422,0.01103427822915597,1.734468952780551e-05,0.01103427822915597,7.571624082330492e-05,6.0039309903942276e-05,0.007670169012949881,3.635713766405392e-05,3.1353861838725436e-05,0.020453784034533032,0.008208426487542862,2.201441363144549e-05,4.96992065315967e-05,3.335517216885683e-05,2.5016379126642606e-05,3.435582733392253e-05,2.83518963435283e-05,2.4015723961576885e-05,0.013321872496176118,0.01009232764861827,0.021395734615070737,0.00941950580537705,2.068020674469121e-05,0.011303406966452463,0.008208426487542862,3.535648249898819e-05,6.904520638953365e-05,0.011572535703748946,0.006189960957819207
2025-06-23,2.4015723961576885e-05,0.015340338025899763,0.018166189767512893,0.01910814034805058,3.268806872547969e-05,0.007266475907005157,0.015340338025899763,3.535648249898819e-05,0.009688634542673541,5.90386547388765e-05,7.304782704979651e-05,0.05234553940416677,2.2347965353134078e-05,0.5558854068858944,0.010496020754563002,0.013187308127527868,0.008746683962135834,0.03135349789504075,2.868544806521685e-05,2.1680861909756944e-05,0.0336410921620609,0.05867006473063422,0.01103427822915597,1.734468952780551e-05,0.01103427822915597,7.571624082330492e-05,6.0039309903942276e-05,0.007670169012949881,3.635713766405392e-05,3.1353861838725436e-05,0.020453784034533032,0.008208426487542862,2.201441363144549e-05,4.96992065315967e-05,3.335517216885683e-05,2.5016379126642606e-05,3.435582733392253e-05,2.83518963435283e-05,2.4015723961576885e-05,0.013321872496176118,0.01009232764861827,0.021395734615070737,0.00941950580537705,2.068020674469121e-05,0.011303406966452463,0.008208426487542862,3.535648249898819e-05,6.904520638953365e-05,0.011572535703748946,0.006189960957819207
2025-06-24,2.4015723961576885e-05,0.015340338025899763,0.018166189767512893,0.01910814034805058,3.268806872547969e-05,0.007266475907005157,0.015340338025899763,3.535648249898819e-05,0.009688634542673541,5.90386547388765e-05,7.304782704979651e-05,0.05234553940416677,2.2347965353134078e-05,0.5558854068858944,0.010496020754563002,0.013187308127527868,0.008746683962135834,0.03135349789504075,2.868544806521685e-05,2.1680861909756944e-05,0.0336410921620609,0.05867006473063422,0.01103427822915597,1.734468952780551e-05,0.01103427822915597,7.571624082330492e-05,6.0039309903942276e-05,0.007670169012949881,3.635713766405392e-05,3.1353861838725436e-05,0.020453784034533032,0.008208426487542862,2.201441363144549e-05,4.96992065315967e-05,3.335517216885683e-05,2.5016379126642606e-05,3.435582733392253e-05,2.83518963435283e-05,2.4015723961576885e-05,0.013321872496176118,0.01009232764861827,0.021395734615070737,0.00941950580537705,2.068020674469121e-05,0.011303406966452463,0.008208426487542862,3.535648249898819e-05,6.904520638953365e-05,0.011572535703748946,0.006189960957819207
2025-06-25,2.4015723961576885e-05,0.015340338025899763,0.018166189767512893,0.01910814034805058,3.268806872547969e-05,0.007266475907005157,0.015340338025899763,3.535648249898819e-05,0.009688634542673541,5.90386547388765e-05,7.304782704979651e-05,0.05234553940416677,2.2347965353134078e-05,0.5558854068858944,0.010496020754563002,0.013187308127527868,0.008746683962135834,0.03135349789504075,2.868544806521685e-05,2.1680861909756944e-05,0.0336410921620609,0.05867006473063422,0.01103427822915597,1.734468952780551e-05,0.01103427822915597,7.571624082330492e-05,6.0039309903942276e-05,0.007670169012949881,3.635713766405392e-05,3.1353861838725436e-05,0.020453784034533032,0.008208426487542862,2.201441363144549e-05,4.96992065315967e-05,3.335517216885683e-05,2.5016379126642606e-05,3.435582733392253e-05,2.83518963435283e-05,2.4015723961576885e-05,0.013321872496176118,0.01009232764861827,0.021395734615070737,0.00941950580537705,2.068020674469121e-05,0.011303406966452463,0.008208426487542862,3.535648249898819e-05,6.904520638953365e-05,0.011572535703748946,0.006189960957819207
2025-06-26,2.4015723961576885e-05,0.015340338025899763,0.018166189767512893,0.01910814034805058,3.268806872547969e-05,0.007266475907005157,0.015340338025899763,3.535648249898819e-05,0.009688634542673541,5.90386547388765e-05,7.304782704979651e-05,0.05234553940416677,2.2347965353134078e-05,0.5558854068858944,0.010496020754563002,0.013187308127527868,0.008746683962135834,0.03135349789504075,2.868544806521685e-05,2.1680861909756944e-05,0.0336410921620609,0.05867006473063422,0.01103427822915597,1.734468952780551e-05,0.01103427822915597,7.571624082330492e-05,6.0039309903942276e-05,0.007670169012949881,3.635713766405392e-05,3.1353861838725436e-05,0.020453784034533032,0.008208426487542862,2.201441363144549e-05,4.96992065315967e-05,3.335517216885683e-05,2.5016379126642606e-05,3.435582733392253e-05,2.83518963435283e-05,2.4015723961576885e-05,0.013321872496176118,0.01009232764861827,0.021395734615070737,0.00941950580537705,2.068020674469121e-05,0.011303406966452463,0.008208426487542862,3.535648249898819e-05,6.904520638953365e-05,0.011572535703748946,0.006189960957819207
2025-06-27,2.4015723961576885e-05,0.015340338025899763,0.018166189767512893,0.01910814034805058,3.268806872547969e-05,0.007266475907005157,0.015340338025899763,3.535648249898819e-05,0.009688634542673541,5.90386547388765e-05,7.304782704979651e-05,0.05234553940416677,2.2347965353134078e-05,0.5558854068858944,0.010496020754563002,0.013187308127527868,0.008746683962135834,0.03135349789504075,2.868544806521685e-05,2.1680861909756944e-05,0.0336410921620609,0.05867006473063422,0.01103427822915597,1.734468952780551e-05,0.01103427822915597,7.571624082330492e-05,6.0039309903942276e-05,0.007670169012949881,3.635713766405392e-05,3.1353861838725436e-05,0.020453784034533032,0.008208426487542862,2.201441363144549e-05,4.96992065315967e-05,3.335517216885683e-05,2.5016379126642606e-05,3.435582733392253e-05,2.83518963435283e-05,2.4015723961576885e-05,0.013321872496176118,0.01009232764861827,0.021395734615070737,0.00941950580537705,2.068020674469121e-05,0.011303406966452463,0.008208426487542862,3.535648249898819e-05,6.904520638953365e-05,0.011572535703748946,0.006189960957819207
2025-06-30,2.4015723961576885e-05,0.015340338025899763,0.018166189767512893,0.01910814034805058,3.268806872547969e-05,0.007266475907005157,0.015340338025899763,3.535648249898819e-05,0.009688634542673541,5.90386547388765e-05,7.304782704979651e-05,0.05234553940416677,2.2347965353134078e-05,0.5558854068858944,0.010496020754563002,0.013187308127527868,0.008746683962135834,0.03135349789504075,2.868544806521685e-05,2.1680861909756944e-05,0.0336410921620609,0.05867006473063422,0.01103427822915597,1.734468952780551e-05,0.01103427822915597,7.571624082330492e-05,6.0039309903942276e-05,0.007670169012949881,3.635713766405392e-05,3.1353861838725436e-05,0.020453784034533032,0.008208426487542862,2.201441363144549e-05,4.96992065315967e-05,3.335517216885683e-05,2.5016379126642606e-05,3.435582733392253e-05,2.83518963435283e-05,2.4015723961576885e-05,0.013321872496176118,0.01009232764861827,0.021395734615070737,0.00941950580537705,2.068020674469121e-05,0.011303406966452463,0.008208426487542862,3.535648249898819e-05,6.904520638953365e-05,0.011572535703748946,0.006189960957819207
2025-07-01,2.4015723961576885e-05,0.015340338025899763,0.018166189767512893,0.01910814034805058,3.268806872547969e-05,0.007266475907005157,0.015340338025899763,3.535648249898819e-05,0.009688634542673541,5.90386547388765e-05,7.304782704979651e-05,0.05234553940416677,2.2347965353134078e-05,0.5558854068858944,0.010496020754563002,0.013187308127527868,0.008746683962135834,0.03135349789504075,2.868544806521685e-05,2.1680861909756944e-05,0.0336410921620609,0.05867006473063422,0.01103427822915597,1.734468952780551e-05,0.01103427822915597,7.571624082330492e-05,6.0039309903942276e-05,0.007670169012949881,3.635713766405392e-05,3.1353861838725436e-05,0.020453784034533032,0.008208426487542862,2.201441363144549e-05,4.96992065315967e-05,3.335517216885683e-05,2.5016379126642606e-05,3.435582733392253e-05,2.83518963435283e-05,2.4015723961576885e-05,0.013321872496176118,0.01009232764861827,0.021395734615070737,0.00941950580537705,2.068020674469121e-05,0.011303406966452463,0.008208426487542862,3.535648249898819e-05,6.904520638953365e-05,0.011572535703748946,0.006189960957819207
2025-07-02,2.4015723961576885e-05,0.015340338025899763,0.018166189767512893,0.01910814034805058,3.268806872547969e-05,0.007266475907005157,0.015340338025899763,3.535648249898819e-05,0.009688634542673541,5.90386547388765e-05,7.304782704979651e-05,0.05234553940416677,2.2347965353134078e-05,0.5558854068858944,0.010496020754563002,0.013187308127527868,0.008746683962135834,0.03135349789504075,2.868544806521685e-05,2.1680861909756944e-05,0.0336410921620609,0.05867006473063422,0.01103427822915597,1.734468952780551e-05,0.01103427822915597,7.571624082330492e-05,6.0039309903942276e-05,0.007670169012949881,3.635713766405392e-05,3.1353861838725436e-05,0.020453784034533032,0.008208426487542862,2.201441363144549e-05,4.96992065315967e-05,3.335517216885683e-05,2.5016379126642606e-05,3.435582733392253e-05,2.83518963435283e-05,2.4015723961576885e-05,0.013321872496176118,0.01009232764861827,0.021395734615070737,0.00941950580537705,2.068020674469121e-05,0.011303406966452463,0.008208426487542862,3.535648249898819e-05,6.904520638953365e-05,0.011572535703748946,0.006189960957819207
2025-07-03,2.4015723961576885e-05,0.015340338025899763,0.018166189767512893,0.01910814034805058,3.268806872547969e-05,0.007266475907005157,0.015340338025899763,3.535648249898819e-05,0.009688634542673541,5.90386547388765e-05,7.304782704979651e-05,0.05234553940416677,2.2347965353134078e-05,0.5558854068858944,0.010496020754563002,0.013187308127527868,0.008746683962135834,0.03135349789504075,2.868544806521685e-05,2.1680861909756944e-05,0.0336410921620609,0.05867006473063422,0.01103427822915597,1.734468952780551e-05,0.01103427822915597,7.571624082330492e-05,6.0039309903942276e-05,0.007670169012949881,3.635713766405392e-05,3.1353861838725436e-05,0.020453784034533032,0.008208426487542862,2.201441363144549e-05,4.96992065315967e-05,3.335517216885683e-05,2.5016379126642606e-05,3.435582733392253e-05,2.83518963435283e-05,2.4015723961576885e-05,0.013321872496176118,0.01009232764861827,0.021395734615070737,0.00941950580537705,2.068020674469121e-05,0.011303406966452463,0.008208426487542862,3.535648249898819e-05,6.904520638953365e-05,0.011572535703748946,0.006189960957819207
2025-07-04,2.4015723961576885e-05,0.015340338025899763,0.018166189767512893,0.01910814034805058,3.268806872547969e-05,0.007266475907005157,0.015340338025899763,3.535648249898819e-05,0.009688634542673541,5.90386547388765e-05,7.304782704979651e-05,0.05234553940416677,2.2347965353134078e-05,0.5558854068858944,0.010496020754563002,0.013187308127527868,0.008746683962135834,0.03135349789504075,2.868544806521685e-05,2.1680861909756944e-05,0.0336410921620609,0.05867006473063422,0.01103427822915597,1.734468952780551e-05,0.01103427822915597,7.571624082330492e-05,6.0039309903942276e-05,0.007670169012949881,3.635713766405392e-05,3.1353861838725436e-05,0.020453784034533032,0.008208426487542862,2.201441363144549e-05,4.96992065315967e-05,3.335517216885683e-05,2.5016379126642606e-05,3.435582733392253e-05,2.83518963435283e-05,2.4015723961576885e-05,0.013321872496176118,0.01009232764861827,0.021395734615070737,0.00941950580537705,2.068020674469121e-05,0.011303406966452463,0.008208426487542862,3.535648249898819e-05,6.904520638953365e-05,0.011572535703748946,0.006189960957819207
2025-07-07,2.4015723961576885e-05,0.015340338025899763,0.018166189767512893,0.01910814034805058,3.268806872547969e-05,0.007266475907005157,0.015340338025899763,3.535648249898819e-05,0.009688634542673541,5.90386547388765e-05,7.304782704979651e-05,0.05234553940416677,2.2347965353134078e-05,0.5558854068858944,0.010496020754563002,0.013187308127527868,0.008746683962135834,0.03135349789504075,2.868544806521685e-05,2.1680861909756944e-05,0.0336410921620609,0.05867006473063422,0.01103427822915597,1.734468952780551e-05,0.01103427822915597,7.571624082330492e-05,6.0039309903942276e-05,0.007670169012949881,3.635713766405392e-05,3.1353861838725436e-05,0.020453784034533032,0.008208426487542862,2.201441363144549e-05,4.96992065315967e-05,3.335517216885683e-05,2.5016379126642606e-05,3.435582733392253e-05,2.83518963435283e-05,2.4015723961576885e-05,0.013321872496176118,0.01009232764861827,0.021395734615070737,0.00941950580537705,2.068020674469121e-05,0.011303406966452463,0.008208426487542862,3.535648249898819e-05,6.904520638953365e-05,0.011572535703748946,0.006189960957819207
2025-07-08,2.4015723961576885e-05,0.015340338025899763,0.018166189767512893,0.01910814034805058,3.268806872547969e-05,0.007266475907005157,0.015340338025899763,3.535648249898819e-05,0.009688634542673541,5.90386547388765e-05,7.304782704979651e-05,0.05234553940416677,2.2347965353134078e-05,0.5558854068858944,0.010496020754563002,0.013187308127527868,0.008746683962135834,0.03135349789504075,2.868544806521685e-05,2.1680861909756944e-05,0.0336410921620609,0.05867006473063422,0.01103427822915597,1.734468952780551e-05,0.01103427822915597,7.571624082330492e-05,6.0039309903942276e-05,0.007670169012949881,3.635713766405392e-05,3.1353861838725436e-05,0.020453784034533032,0.008208426487542862,2.201441363144549e-05,4.96992065315967e-05,3.335517216885683e-05,2.5016379126642606e-05,3.435582733392253e-05,2.83518963435283e-05,2.4015723961576885e-05,0.013321872496176118,0.01009232764861827,0.021395734615070737,0.00941950580537705,2.068020674469121e-05,0.011303406966452463,0.008208426487542862,3.535648249898819e-05,6.904520638953365e-05,0.011572535703748946,0.006189960957819207
2025-07-09,2.4015723961576885e-05,0.015340338025899763,0.018166189767512893,0.01910814034805058,3.268806872547969e-05,0.007266475907005157,0.015340338025899763,3.535648249898819e-05,0.009688634542673541,5.90386547388765e-05,7.304782704979651e-05,0.05234553940416677,2.2347965353134078e-05,0.5558854068858944,0.010496020754563002,0.013187308127527868,0.008746683962135834,0.03135349789504075,2.868544806521685e-05,2.1680861909756944e-05,0.0336410921620609,0.05867006473063422,0.01103427822915597,1.734468952780551e-05,0.01103427822915597,7.571624082330492e-05,6.0039309903942276e-05,0.007670169012949881,3.635713766405392e-05,3.1353861838725436e-05,0.020453784034533032,0.008208426487542862,2.201441363144549e-05,4.96992065315967e-05,3.335517216885683e-05,2.5016379126642606e-05,3.435582733392253e-05,2.83518963435283e-05,2.4015723961576885e-05,0.013321872496176118,0.01009232764861827,0.021395734615070737,0.00941950580537705,2.068020674469121e-05,0.011303406966452463,0.008208426487542862,3.535648249898819e-05,6.904520638953365e-05,0.011572535703748946,0.006189960957819207
2025-07-10,2.4015723961576885e-05,0.015340338025899763,0.018166189767512893,0.01910814034805058,3.268806872547969e-05,0.007266475907005157,0.015340338025899763,3.535648249898819e-05,0.009688634542673541,5.90386547388765e-05,7.304782704979651e-05,0.05234553940416677,2.2347965353134078e-05,0.5558854068858944,0.010496020754563002,0.013187308127527868,0.008746683962135834,0.03135349789504075,2.868544806521685e-05,2.1680861909756944e-05,0.0336410921620609,0.05867006473063422,0.01103427822915597,1.734468952780551e-05,0.01103427822915597,7.571624082330492e-05,6.0039309903942276e-05,0.007670169012949881,3.635713766405392e-05,3.1353861838725436e-05,0.020453784034533032,0.008208426487542862,2.201441363144549e-05,4.96992065315967e-05,3.335517216885683e-05,2.5016379126642606e-05,3.435582733392253e-05,2.83518963435283e-05,2.4015723961576885e-05,0.013321872496176118,0.01009232764861827,0.021395734615070737,0.00941950580537705,2.068020674469121e-05,0.011303406966452463,0.008208426487542862,3.535648249898819e-05,6.904520638953365e-05,0.011572535703748946,0.006189960957819207
2025-07-11,2.4015723961576885e-05,0.015340338025899763,0.018166189767512893,0.01910814034805058,3.268806872547969e-05,0.007266475907005157,0.015340338025899763,3.535648249898819e-05,0.009688634542673541,5.90386547388765e-05,7.304782704979651e-05,0.05234553940416677,2.2347965353134078e-05,0.5558854068858944,0.010496020754563002,0.013187308127527868,0.008746683962135834,0.03135349789504075,2.868544806521685e-05,2.1680861909756944e-05,0.0336410921620609,0.05867006473063422,0.01103427822915597,1.734468952780551e-05,0.01103427822915597,7.571624082330492e-05,6.0039309903942276e-05,0.007670169012949881,3.635713766405392e-05,3.1353861838725436e-05,0.020453784034533032,0.008208426487542862,2.201441363144549e-05,4.96992065315967e-05,3.335517216885683e-05,2.5016379126642606e-05,3.435582733392253e-05,2.83518963435283e-05,2.4015723961576885e-05,0.013321872496176118,0.01009232764861827,0.021395734615070737,0.00941950580537705,2.068020674469121e-05,0.011303406966452463,0.008208426487542862,3.535648249898819e-05,6.904520638953365e-05,0.011572535703748946,0.006189960957819207
2025-07-14,2.4015723961576885e-05,0.015340338025899763,0.018166189767512893,0.01910814034805058,3.268806872547969e-05,0.007266475907005157,0.015340338025899763,3.535648249898819e-05,0.009688634542673541,5.90386547388765e-05,7.304782704979651e-05,0.05234553940416677,2.2347965353134078e-05,0.5558854068858944,0.010496020754563002,0.013187308127527868,0.008746683962135834,0.03135349789504075,2.868544806521685e-05,2.1680861909756944e-05,0.0336410921620609,0.05867006473063422,0.01103427822915597,1.734468952780551e-05,0.01103427822915597,7.571624082330492e-05,6.0039309903942276e-05,0.007670169012949881,3.635713766405392e-05,3.1353861838725436e-05,0.020453784034533032,0.008208426487542862,2.201441363144549e-05,4.96992065315967e-05,3.335517216885683e-05,2.5016379126642606e-05,3.435582733392253e-05,2.83518963435283e-05,2.4015723961576885e-05,0.013321872496176118,0.01009232764861827,0.021395734615070737,0.00941950580537705,2.068020674469121e-05,0.011303406966452463,0.008208426487542862,3.535648249898819e-05,6.904520638953365e-05,0.011572535703748946,0.006189960957819207
2025-07-15,2.4015723961576885e-05,0.015340338025899763,0.018166189767512893,0.01910814034805058,3.268806872547969e-05,0.007266475907005157,0.015340338025899763,3.535648249898819e-05,0.009688634542673541,5.90386547388765e-05,7.304782704979651e-05,0.05234553940416677,2.2347965353134078e-05,0.5558854068858944,0.010496020754563002,0.013187308127527868,0.008746683962135834,0.03135349789504075,2.868544806521685e-05,2.1680861909756944e-05,0.0336410921620609,0.05867006473063422,0.01103427822915597,1.734468952780551e-05,0.01103427822915597,7.571624082330492e-05,6.0039309903942276e-05,0.007670169012949881,3.635713766405392e-05,3.1353861838725436e-05,0.020453784034533032,0.008208426487542862,2.201441363144549e-05,4.96992065315967e-05,3.335517216885683e-05,2.5016379126642606e-05,3.435582733392253e-05,2.83518963435283e-05,2.4015723961576885e-05,0.013321872496176118,0.01009232764861827,0.021395734615070737,0.00941950580537705,2.068020674469121e-05,0.011303406966452463,0.008208426487542862,3.535648249898819e-05,6.904520638953365e-05,0.011572535703748946,0.006189960957819207
2025-07-16,2.4015723961576885e-05,0.015340338025899763,0.018166189767512893,0.01910814034805058,3.268806872547969e-05,0.007266475907005157,0.015340338025899763,3.535648249898819e-05,0.009688634542673541,5.90386547388765e-05,7.304782704979651e-05,0.05234553940416677,2.2347965353134078e-05,0.5558854068858944,0.010496020754563002,0.013187308127527868,0.008746683962135834,0.03135349789504075,2.868544806521685e-05,2.1680861909756944e-05,0.0336410921620609,0.05867006473063422,0.01103427822915597,1.734468952780551e-05,0.01103427822915597,7.571624082330492e-05,6.0039309903942276e-05,0.007670169012949881,3.635713766405392e-05,3.1353861838725436e-05,0.020453784034533032,0.008208426487542862,2.201441363144549e-05,4.96992065315967e-05,3.335517216885683e-05,2.5016379126642606e-05,3.435582733392253e-05,2.83518963435283e-05,2.4015723961576885e-05,0.013321872496176118,0.01009232764861827,0.021395734615070737,0.00941950580537705,2.068020674469121e-05,0.011303406966452463,0.008208426487542862,3.535648249898819e-05,6.904520638953365e-05,0.011572535703748946,0.006189960957819207
2025-07-17,2.4015723961576885e-05,0.015340338025899763,0.018166189767512893,0.01910814034805058,3.268806872547969e-05,0.007266475907005157,0.015340338025899763,3.535648249898819e-05,0.009688634542673541,5.90386547388765e-05,7.304782704979651e-05,0.05234553940416677,2.2347965353134078e-05,0.5558854068858944,0.010496020754563002,0.013187308127527868,0.008746683962135834,0.03135349789504075,2.868544806521685e-05,2.1680861909756944e-05,0.0336410921620609,0.05867006473063422,0.01103427822915597,1.734468952780551e-05,0.01103427822915597,7.571624082330492e-05,6.0039309903942276e-05,0.007670169012949881,3.635713766405392e-05,3.1353861838725436e-05,0.020453784034533032,0.008208426487542862,2.201441363144549e-05,4.96992065315967e-05,3.335517216885683e-05,2.5016379126642606e-05,3.435582733392253e-05,2.83518963435283e-05,2.4015723961576885e-05,0.013321872496176118,0.01009232764861827,0.021395734615070737,0.00941950580537705,2.068020674469121e-05,0.011303406966452463,0.008208426487542862,3.535648249898819e-05,6.904520638953365e-05,0.011572535703748946,0.006189960957819207
2025-07-18,2.4015723961576885e-05,0.015340338025899763,0.018166189767512893,0.01910814034805058,3.268806872547969e-05,0.007266475907005157,0.015340338025899763,3.535648249898819e-05,0.009688634542673541,5.90386547388765e-05,7.304782704979651e-05,0.05234553940416677,2.2347965353134078e-05,0.5558854068858944,0.010496020754563002,0.013187308127527868,0.008746683962135834,0.03135349789504075,2.868544806521685e-05,2.1680861909756944e-05,0.0336410921620609,0.05867006473063422,0.01103427822915597,1.734468952780551e-05,0.01103427822915597,7.571624082330492e-05,6.0039309903942276e-05,0.007670169012949881,3.635713766405392e-05,3.1353861838725436e-05,0.020453784034533032,0.008208426487542862,2.201441363144549e-05,4.96992065315967e-05,3.335517216885683e-05,2.5016379126642606e-05,3.435582733392253e-05,2.83518963435283e-05,2.4015723961576885e-05,0.013321872496176118,0.01009232764861827,0.021395734615070737,0.00941950580537705,2.068020674469121e-05,0.011303406966452463,0.008208426487542862,3.535648249898819e-05,6.904520638953365e-05,0.011572535703748946,0.006189960957819207
2025-07-21,2.4015723961576885e-05,0.015340338025899763,0.018166189767512893,0.01910814034805058,3.268806872547969e-05,0.007266475907005157,0.015340338025899763,3.535648249898819e-05,0.009688634542673541,5.90386547388765e-05,7.304782704979651e-05,0.05234553940416677,2.2347965353134078e-05,0.5558854068858944,0.010496020754563002,0.013187308127527868,0.008746683962135834,0.03135349789504075,2.868544806521685e-05,2.1680861909756944e-05,0.0336410921620609,0.05867006473063422,0.01103427822915597,1.734468952780551e-05,0.01103427822915597,7.571624082330492e-05,6.0039309903942276e-05,0.007670169012949881,3.635713766405392e-05,3.1353861838725436e-05,0.020453784034533032,0.008208426487542862,2.201441363144549e-05,4.96992065315967e-05,3.335517216885683e-05,2.5016379126642606e-05,3.435582733392253e-05,2.83518963435283e-05,2.4015723961576885e-05,0.013321872496176118,0.01009232764861827,0.021395734615070737,0.00941950580537705,2.068020674469121e-05,0.011303406966452463,0.008208426487542862,3.535648249898819e-05,6.904520638953365e-05,0.011572535703748946,0.006189960957819207
2025-07-22,2.4015723961576885e-05,0.015340338025899763,0.018166189767512893,0.01910814034805058,3.268806872547969e-05,0.007266475907005157,0.015340338025899763,3.535648249898819e-05,0.009688634542673541,5.90386547388765e-05,7.304782704979651e-05,0.05234553940416677,2.2347965353134078e-05,0.5558854068858944,0.010496020754563002,0.013187308127527868,0.008746683962135834,0.03135349789504075,2.868544806521685e-05,2.1680861909756944e-05,0.0336410921620609,0.05867006473063422,0.01103427822915597,1.734468952780551e-05,0.01103427822915597,7.571624082330492e-05,6.0039309903942276e-05,0.007670169012949881,3.635713766405392e-05,3.1353861838725436e-05,0.020453784034533032,0.008208426487542862,2.201441363144549e-05,4.96992065315967e-05,3.335517216885683e-05,2.5016379126642606e-05,3.435582733392253e-05,2.83518963435283e-05,2.4015723961576885e-05,0.013321872496176118,0.01009232764861827,0.021395734615070737,0.00941950580537705,2.068020674469121e-05,0.011303406966452463,0.008208426487542862,3.535648249898819e-05,6.904520638953365e-05,0.011572535703748946,0.006189960957819207
2025-07-23,2.4015723961576885e-05,0.015340338025899763,0.018166189767512893,0.01910814034805058,3.268806872547969e-05,0.007266475907005157,0.015340338025899763,3.535648249898819e-05,0.009688634542673541,5.90386547388765e-05,7.304782704979651e-05,0.05234553940416677,2.2347965353134078e-05,0.5558854068858944,0.010496020754563002,0.013187308127527868,0.008746683962135834,0.03135349789504075,2.868544806521685e-05,2.1680861909756944e-05,0.0336410921620609,0.05867006473063422,0.01103427822915597,1.734468952780551e-05,0.01103427822915597,7.571624082330492e-05,6.0039309903942276e-05,0.007670169012949881,3.635713766405392e-05,3.1353861838725436e-05,0.020453784034533032,0.008208426487542862,2.201441363144549e-05,4.96992065315967e-05,3.335517216885683e-05,2.5016379126642606e-05,3.435582733392253e-05,2.83518963435283e-05,2.4015723961576885e-05,0.013321872496176118,0.01009232764861827,0.021395734615070737,0.00941950580537705,2.068020674469121e-05,0.011303406966452463,0.008208426487542862,3.535648249898819e-05,6.904520638953365e-05,0.011572535703748946,0.006189960957819207
2025-07-24,2.4015723961576885e-05,0.015340338025899763,0.018166189767512893,0.01910814034805058,3.268806872547969e-05,0.007266475907005157,0.015340338025899763,3.535648249898819e-05,0.009688634542673541,5.90386547388765e-05,7.304782704979651e-05,0.05234553940416677,2.2347965353134078e-05,0.5558854068858944,0.010496020754563002,0.013187308127527868,0.008746683962135834,0.03135349789504075,2.868544806521685e-05,2.1680861909756944e-05,0.0336410921620609,0.05867006473063422,0.01103427822915597,1.734468952780551e-05,0.01103427822915597,7.571624082330492e-05,6.0039309903942276e-05,0.007670169012949881,3.635713766405392e-05,3.1353861838725436e-05,0.020453784034533032,0.008208426487542862,2.201441363144549e-05,4.96992065315967e-05,3.335517216885683e-05,2.5016379126642606e-05,3.435582733392253e-05,2.83518963435283e-05,2.4015723961576885e-05,0.013321872496176118,0.01009232764861827,0.021395734615070737,0.00941950580537705,2.068020674469121e-05,0.011303406966452463,0.008208426487542862,3.535648249898819e-05,6.904520638953365e-05,0.011572535703748946,0.006189960957819207
2025-07-25,2.4015723961576885e-05,0.015340338025899763,0.018166189767512893,0.01910814034805058,3.268806872547969e-05,0.007266475907005157,0.015340338025899763,3.535648249898819e-05,0.009688634542673541,5.90386547388765e-05,7.304782704979651e-05,0.05234553940416677,2.2347965353134078e-05,0.5558854068858944,0.010496020754563002,0.013187308127527868,0.008746683962135834,0.03135349789504075,2.868544806521685e-05,2.1680861909756944e-05,0.0336410921620609,0.05867006473063422,0.01103427822915597,1.734468952780551e-05,0.01103427822915597,7.571624082330492e-05,6.0039309903942276e-05,0.007670169012949881,3.635713766405392e-05,3.1353861838725436e-05,0.020453784034533032,0.008208426487542862,2.201441363144549e-05,4.96992065315967e-05,3.335517216885683e-05,2.5016379126642606e-05,3.435582733392253e-05,2.83518963435283e-05,2.4015723961576885e-05,0.013321872496176118,0.01009232764861827,0.021395734615070737,0.00941950580537705,2.068020674469121e-05,0.011303406966452463,0.008208426487542862,3.535648249898819e-05,6.904520638953365e-05,0.011572535703748946,0.006189960957819207
2025-07-28,2.4015723961576885e-05,0.015340338025899763,0.018166189767512893,0.01910814034805058,3.268806872547969e-05,0.007266475907005157,0.015340338025899763,3.535648249898819e-05,0.009688634542673541,5.90386547388765e-05,7.304782704979651e-05,0.05234553940416677,2.2347965353134078e-05,0.5558854068858944,0.010496020754563002,0.013187308127527868,0.008746683962135834,0.03135349789504075,2.868544806521685e-05,2.1680861909756944e-05,0.0336410921620609,0.05867006473063422,0.01103427822915597,1.734468952780551e-05,0.01103427822915597,7.571624082330492e-05,6.0039309903942276e-05,0.007670169012949881,3.635713766405392e-05,3.1353861838725436e-05,0.020453784034533032,0.008208426487542862,2.201441363144549e-05,4.96992065315967e-05,3.335517216885683e-05,2.5016379126642606e-05,3.435582733392253e-05,2.83518963435283e-05,2.4015723961576885e-05,0.013321872496176118,0.01009232764861827,0.021395734615070737,0.00941950580537705,2.068020674469121e-05,0.011303406966452463,0.008208426487542862,3.535648249898819e-05,6.904520638953365e-05,0.011572535703748946,0.006189960957819207
2025-07-29,2.4015723961576885e-05,0.015340338025899763,0.018166189767512893,0.01910814034805058,3.268806872547969e-05,0.007266475907005157,0.015340338025899763,3.535648249898819e-05,0.009688634542673541,5.90386547388765e-05,7.304782704979651e-05,0.05234553940416677,2.2347965353134078e-05,0.5558854068858944,0.010496020754563002,0.013187308127527868,0.008746683962135834,0.03135349789504075,2.868544806521685e-05,2.1680861909756944e-05,0.0336410921620609,0.05867006473063422,0.01103427822915597,1.734468952780551e-05,0.01103427822915597,7.571624082330492e-05,6.0039309903942276e-05,0.007670169012949881,3.635713766405392e-05,3.1353861838725436e-05,0.020453784034533032,0.008208426487542862,2.201441363144549e-05,4.96992065315967e-05,3.335517216885683e-05,2.5016379126642606e-05,3.435582733392253e-05,2.83518963435283e-05,2.4015723961576885e-05,0.013321872496176118,0.01009232764861827,0.021395734615070737,0.00941950580537705,2.068020674469121e-05,0.011303406966452463,0.008208426487542862,3.535648249898819e-05,6.904520638953365e-05,0.011572535703748946,0.006189960957819207
2025-07-30,2.4015723961576885e-05,0.015340338025899763,0.018166189767512893,0.01910814034805058,3.268806872547969e-05,0.007266475907005157,0.015340338025899763,3.535648249898819e-05,0.009688634542673541,5.90386547388765e-05,7.304782704979651e-05,0.05234553940416677,2.2347965353134078e-05,0.5558854068858944,0.010496020754563002,0.013187308127527868,0.008746683962135834,0.03135349789504075,2.868544806521685e-05,2.1680861909756944e-05,0.0336410921620609,0.05867006473063422,0.01103427822915597,1.734468952780551e-05,0.01103427822915597,7.571624082330492e-05,6.0039309903942276e-05,0.007670169012949881,3.635713766405392e-05,3.1353861838725436e-05,0.020453784034533032,0.008208426487542862,2.201441363144549e-05,4.96992065315967e-05,3.335517216885683e-05,2.5016379126642606e-05,3.435582733392253e-05,2.83518963435283e-05,2.4015723961576885e-05,0.013321872496176118,0.01009232764861827,0.021395734615070737,0.00941950580537705,2.068020674469121e-05,0.011303406966452463,0.008208426487542862,3.535648249898819e-05,6.904520638953365e-05,0.011572535703748946,0.006189960957819207
2025-07-31,2.4015723961576885e-05,0.015340338025899763,0.018166189767512893,0.01910814034805058,3.268806872547969e-05,0.007266475907005157,0.015340338025899763,3.535648249898819e-05,0.009688634542673541,5.90386547388765e-05,7.304782704979651e-05,0.05234553940416677,2.2347965353134078e-05,0.5558854068858944,0.010496020754563002,0.013187308127527868,0.008746683962135834,0.03135349789504075,2.868544806521685e-05,2.1680861909756944e-05,0.0336410921620609,0.05867006473063422,0.01103427822915597,1.734468952780551e-05,0.01103427822915597,7.571624082330492e-05,6.0039309903942276e-05,0.007670169012949881,3.635713766405392e-05,3.1353861838725436e-05,0.020453784034533032,0.008208426487542862,2.201441363144549e-05,4.96992065315967e-05,3.335517216885683e-05,2.5016379126642606e-05,3.435582733392253e-05,2.83518963435283e-05,2.4015723961576885e-05,0.013321872496176118,0.01009232764861827,0.021395734615070737,0.00941950580537705,2.068020674469121e-05,0.011303406966452463,0.008208426487542862,3.535648249898819e-05,6.904520638953365e-05,0.011572535703748946,0.006189960957819207
2025-08-01,2.4015723961576885e-05,0.015340338025899763,0.018166189767512893,0.01910814034805058,3.268806872547969e-05,0.007266475907005157,0.015340338025899763,3.535648249898819e-05,0.009688634542673541,5.90386547388765e-05,7.304782704979651e-05,0.05234553940416677,2.2347965353134078e-05,0.5558854068858944,0.010496020754563002,0.013187308127527868,0.008746683962135834,0.03135349789504075,2.868544806521685e-05,2.1680861909756944e-05,0.0336410921620609,0.05867006473063422,0.01103427822915597,1.734468952780551e-05,0.01103427822915597,7.571624082330492e-05,6.0039309903942276e-05,0.007670169012949881,3.635713766405392e-05,3.1353861838725436e-05,0.020453784034533032,0.008208426487542862,2.201441363144549e-05,4.96992065315967e-05,3.335517216885683e-05,2.5016379126642606e-05,3.435582733392253e-05,2.83518963435283e-05,2.4015723961576885e-05,0.013321872496176118,0.01009232764861827,0.021395734615070737,0.00941950580537705,2.068020674469121e-05,0.011303406966452463,0.008208426487542862,3.535648249898819e-05,6.904520638953365e-05,0.011572535703748946,0.006189960957819207
2025-08-04,2.4015723961576885e-05,0.015340338025899763,0.018166189767512893,0.01910814034805058,3.268806872547969e-05,0.007266475907005157,0.015340338025899763,3.535648249898819e-05,0.009688634542673541,5.90386547388765e-05,7.304782704979651e-05,0.05234553940416677,2.2347965353134078e-05,0.5558854068858944,0.010496020754563002,0.013187308127527868,0.008746683962135834,0.03135349789504075,2.868544806521685e-05,2.1680861909756944e-05,0.0336410921620609,0.05867006473063422,0.01103427822915597,1.734468952780551e-05,0.01103427822915597,7.571624082330492e-05,6.0039309903942276e-05,0.007670169012949881,3.635713766405392e-05,3.1353861838725436e-05,0.020453784034533032,0.008208426487542862,2.201441363144549e-05,4.96992065315967e-05,3.335517216885683e-05,2.5016379126642606e-05,3.435582733392253e-05,2.83518963435283e-05,2.4015723961576885e-05,0.013321872496176118,0.01009232764861827,0.021395734615070737,0.00941950580537705,2.068020674469121e-05,0.011303406966452463,0.008208426487542862,3.535648249898819e-05,6.904520638953365e-05,0.011572535703748946,0.006189960957819207
2025-08-05,2.4015723961576885e-05,0.015340338025899763,0.018166189767512893,0.01910814034805058,3.268806872547969e-05,0.007266475907005157,0.015340338025899763,3.535648249898819e-05,0.009688634542673541,5.90386547388765e-05,7.304782704979651e-05,0.05234553940416677,2.2347965353134078e-05,0.5558854068858944,0.010496020754563002,0.013187308127527868,0.008746683962135834,0.03135349789504075,2.868544806521685e-05,2.1680861909756944e-05,0.0336410921620609,0.05867006473063422,0.01103427822915597,1.734468952780551e-05,0.01103427822915597,7.571624082330492e-05,6.0039309903942276e-05,0.007670169012949881,3.635713766405392e-05,3.1353861838725436e-05,0.020453784034533032,0.008208426487542862,2.201441363144549e-05,4.96992065315967e-05,3.335517216885683e-05,2.5016379126642606e-05,3.435582733392253e-05,2.83518963435283e-05,2.4015723961576885e-05,0.013321872496176118,0.01009232764861827,0.021395734615070737,0.00941950580537705,2.068020674469121e-05,0.011303406966452463,0.008208426487542862,3.535648249898819e-05,6.904520638953365e-05,0.011572535703748946,0.006189960957819207
2025-08-06,2.4015723961576885e-05,0.015340338025899763,0.018166189767512893,0.01910814034805058,3.268806872547969e-05,0.007266475907005157,0.015340338025899763,3.535648249898819e-05,0.009688634542673541,5.90386547388765e-05,7.304782704979651e-05,0.05234553940416677,2.2347965353134078e-05,0.5558854068858944,0.010496020754563002,0.013187308127527868,0.008746683962135834,0.03135349789504075,2.868544806521685e-05,2.1680861909756944e-05,0.0336410921620609,0.05867006473063422,0.01103427822915597,1.734468952780551e-05,0.01103427822915597,7.571624082330492e-05,6.0039309903942276e-05,0.007670169012949881,3.635713766405392e-05,3.1353861838725436e-05,0.020453784034533032,0.008208426487542862,2.201441363144549e-05,4.96992065315967e-05,3.335517216885683e-05,2.5016379126642606e-05,3.435582733392253e-05,2.83518963435283e-05,2.4015723961576885e-05,0.013321872496176118,0.01009232764861827,0.021395734615070737,0.00941950580537705,2.068020674469121e-05,0.011303406966452463,0.008208426487542862,3.535648249898819e-05,6.904520638953365e-05,0.011572535703748946,0.006189960957819207
2025-08-07,2.4015723961576885e-05,0.015340338025899763,0.018166189767512893,0.01910814034805058,3.268806872547969e-05,0.007266475907005157,0.015340338025899763,3.535648249898819e-05,0.009688634542673541,5.90386547388765e-05,7.304782704979651e-05,0.05234553940416677,2.2347965353134078e-05,0.5558854068858944,0.010496020754563002,0.013187308127527868,0.008746683962135834,0.03135349789504075,2.868544806521685e-05,2.1680861909756944e-05,0.0336410921620609,0.05867006473063422,0.01103427822915597,1.734468952780551e-05,0.01103427822915597,7.571624082330492e-05,6.0039309903942276e-05,0.007670169012949881,3.635713766405392e-05,3.1353861838725436e-05,0.020453784034533032,0.008208426487542862,2.201441363144549e-05,4.96992065315967e-05,3.335517216885683e-05,2.5016379126642606e-05,3.435582733392253e-05,2.83518963435283e-05,2.4015723961576885e-05,0.013321872496176118,0.01009232764861827,0.021395734615070737,0.00941950580537705,2.068020674469121e-05,0.011303406966452463,0.008208426487542862,3.535648249898819e-05,6.904520638953365e-05,0.011572535703748946,0.006189960957819207
2025-08-08,2.4015723961576885e-05,0.015340338025899763,0.018166189767512893,0.01910814034805058,3.268806872547969e-05,0.007266475907005157,0.015340338025899763,3.535648249898819e-05,0.009688634542673541,5.90386547388765e-05,7.304782704979651e-05,0.05234553940416677,2.2347965353134078e-05,0.5558854068858944,0.010496020754563002,0.013187308127527868,0.008746683962135834,0.03135349789504075,2.868544806521685e-05,2.1680861909756944e-05,0.0336410921620609,0.05867006473063422,0.01103427822915597,1.734468952780551e-05,0.01103427822915597,7.571624082330492e-05,6.0039309903942276e-05,0.007670169012949881,3.635713766405392e-05,3.1353861838725436e-05,0.020453784034533032,0.008208426487542862,2.201441363144549e-05,4.96992065315967e-05,3.335517216885683e-05,2.5016379126642606e-05,3.435582733392253e-05,2.83518963435283e-05,2.4015723961576885e-05,0.013321872496176118,0.01009232764861827,0.021395734615070737,0.00941950580537705,2.068020674469121e-05,0.011303406966452463,0.008208426487542862,3.535648249898819e-05,6.904520638953365e-05,0.011572535703748946,0.006189960957819207
2025-08-11,2.4015723961576885e-05,0.015340338025899763,0.018166189767512893,0.01910814034805058,3.268806872547969e-05,0.007266475907005157,0.015340338025899763,3.535648249898819e-05,0.009688634542673541,5.90386547388765e-05,7.304782704979651e-05,0.05234553940416677,2.2347965353134078e-05,0.5558854068858944,0.010496020754563002,0.013187308127527868,0.008746683962135834,0.03135349789504075,2.868544806521685e-05,2.1680861909756944e-05,0.0336410921620609,0.05867006473063422,0.01103427822915597,1.734468952780551e-05,0.01103427822915597,7.571624082330492e-05,6.0039309903942276e-05,0.007670169012949881,3.635713766405392e-05,3.1353861838725436e-05,0.020453784034533032,0.008208426487542862,2.201441363144549e-05,4.96992065315967e-05,3.335517216885683e-05,2.5016379126642606e-05,3.435582733392253e-05,2.83518963435283e-05,2.4015723961576885e-05,0.013321872496176118,0.01009232764861827,0.021395734615070737,0.00941950580537705,2.068020674469121e-05,0.011303406966452463,0.008208426487542862,3.535648249898819e-05,6.904520638953365e-05,0.011572535703748946,0.006189960957819207
2025-08-12,2.4015723961576885e-05,0.015340338025899763,0.018166189767512893,0.01910814034805058,3.268806872547969e-05,0.007266475907005157,0.015340338025899763,3.535648249898819e-05,0.009688634542673541,5.90386547388765e-05,7.304782704979651e-05,0.05234553940416677,2.2347965353134078e-05,0.5558854068858944,0.010496020754563002,0.013187308127527868,0.008746683962135834,0.03135349789504075,2.868544806521685e-05,2.1680861909756944e-05,0.0336410921620609,0.05867006473063422,0.01103427822915597,1.734468952780551e-05,0.01103427822915597,7.571624082330492e-05,6.0039309903942276e-05,0.007670169012949881,3.635713766405392e-05,3.1353861838725436e-05,0.020453784034533032,0.008208426487542862,2.201441363144549e-05,4.96992065315967e-05,3.335517216885683e-05,2.5016379126642606e-05,3.435582733392253e-05,2.83518963435283e-05,2.4015723961576885e-05,0.013321872496176118,0.01009232764861827,0.021395734615070737,0.00941950580537705,2.068020674469121e-05,0.011303406966452463,0.008208426487542862,3.535648249898819e-05,6.904520638953365e-05,0.011572535703748946,0.006189960957819207
2025-08-13,2.4015723961576885e-05,0.015340338025899763,0.018166189767512893,0.01910814034805058,3.268806872547969e-05,0.007266475907005157,0.015340338025899763,3.535648249898819e-05,0.009688634542673541,5.90386547388765e-05,7.304782704979651e-05,0.05234553940416677,2.2347965353134078e-05,0.5558854068858944,0.010496020754563002,0.013187308127527868,0.008746683962135834,0.03135349789504075,2.868544806521685e-05,2.1680861909756944e-05,0.0336410921620609,0.05867006473063422,0.01103427822915597,1.734468952780551e-05,0.01103427822915597,7.571624082330492e-05,6.0039309903942276e-05,0.007670169012949881,3.635713766405392e-05,3.1353861838725436e-05,0.020453784034533032,0.008208426487542862,2.201441363144549e-05,4.96992065315967e-05,3.335517216885683e-05,2.5016379126642606e-05,3.435582733392253e-05,2.83518963435283e-05,2.4015723961576885e-05,0.013321872496176118,0.01009232764861827,0.021395734615070737,0.00941950580537705,2.068020674469121e-05,0.011303406966452463,0.008208426487542862,3.535648249898819e-05,6.904520638953365e-05,0.011572535703748946,0.006189960957819207
2025-08-14,2.4015723961576885e-05,0.015340338025899763,0.018166189767512893,0.01910814034805058,3.268806872547969e-05,0.007266475907005157,0.015340338025899763,3.535648249898819e-05,0.009688634542673541,5.90386547388765e-05,7.304782704979651e-05,0.05234553940416677,2.2347965353134078e-05,0.5558854068858944,0.010496020754563002,0.013187308127527868,0.008746683962135834,0.03135349789504075,2.868544806521685e-05,2.1680861909756944e-05,0.0336410921620609,0.05867006473063422,0.01103427822915597,1.734468952780551e-05,0.01103427822915597,7.571624082330492e-05,6.0039309903942276e-05,0.007670169012949881,3.635713766405392e-05,3.1353861838725436e-05,0.020453784034533032,0.008208426487542862,2.201441363144549e-05,4.96992065315967e-05,3.335517216885683e-05,2.5016379126642606e-05,3.435582733392253e-05,2.83518963435283e-05,2.4015723961576885e-05,0.013321872496176118,0.01009232764861827,0.021395734615070737,0.00941950580537705,2.068020674469121e-05,0.011303406966452463,0.008208426487542862,3.535648249898819e-05,6.904520638953365e-05,0.011572535703748946,0.006189960957819207
2025-08-15,2.4015723961576885e-05,0.015340338025899763,0.018166189767512893,0.01910814034805058,3.268806872547969e-05,0.007266475907005157,0.015340338025899763,3.535648249898819e-05,0.009688634542673541,5.90386547388765e-05,7.304782704979651e-05,0.05234553940416677,2.2347965353134078e-05,0.5558854068858944,0.010496020754563002,0.013187308127527868,0.008746683962135834,0.03135349789504075,2.868544806521685e-05,2.1680861909756944e-05,0.0336410921620609,0.05867006473063422,0.01103427822915597,1.734468952780551e-05,0.01103427822915597,7.571624082330492e-05,6.0039309903942276e-05,0.007670169012949881,3.635713766405392e-05,3.1353861838725436e-05,0.020453784034533032,0.008208426487542862,2.201441363144549e-05,4.96992065315967e-05,3.335517216885683e-05,2.5016379126642606e-05,3.435582733392253e-05,2.83518963435283e-05,2.4015723961576885e-05,0.013321872496176118,0.01009232764861827,0.021395734615070737,0.00941950580537705,2.068020674469121e-05,0.011303406966452463,0.008208426487542862,3.535648249898819e-05,6.904520638953365e-05,0.011572535703748946,0.006189960957819207
2025-08-18,2.4015723961576885e-05,0.015340338025899763,0.018166189767512893,0.01910814034805058,3.268806872547969e-05,0.007266475907005157,0.015340338025899763,3.535648249898819e-05,0.009688634542673541,5.90386547388765e-05,7.304782704979651e-05,0.05234553940416677,2.2347965353134078e-05,0.5558854068858944,0.010496020754563002,0.013187308127527868,0.008746683962135834,0.03135349789504075,2.868544806521685e-05,2.1680861909756944e-05,0.0336410921620609,0.05867006473063422,0.01103427822915597,1.734468952780551e-05,0.01103427822915597,7.571624082330492e-05,6.0039309903942276e-05,0.007670169012949881,3.635713766405392e-05,3.1353861838725436e-05,0.020453784034533032,0.008208426487542862,2.201441363144549e-05,4.96992065315967e-05,3.335517216885683e-05,2.5016379126642606e-05,3.435582733392253e-05,2.83518963435283e-05,2.4015723961576885e-05,0.013321872496176118,0.01009232764861827,0.021395734615070737,0.00941950580537705,2.068020674469121e-05,0.011303406966452463,0.008208426487542862,3.535648249898819e-05,6.904520638953365e-05,0.011572535703748946,0.006189960957819207
2025-08-19,2.4015723961576885e-05,0.015340338025899763,0.018166189767512893,0.01910814034805058,3.268806872547969e-05,0.007266475907005157,0.015340338025899763,3.535648249898819e-05,0.009688634542673541,5.90386547388765e-05,7.304782704979651e-05,0.05234553940416677,2.2347965353134078e-05,0.5558854068858944,0.010496020754563002,0.013187308127527868,0.008746683962135834,0.03135349789504075,2.868544806521685e-05,2.1680861909756944e-05,0.0336410921620609,0.05867006473063422,0.01103427822915597,1.734468952780551e-05,0.01103427822915597,7.571624082330492e-05,6.0039309903942276e-05,0.007670169012949881,3.635713766405392e-05,3.1353861838725436e-05,0.020453784034533032,0.008208426487542862,2.201441363144549e-05,4.96992065315967e-05,3.335517216885683e-05,2.5016379126642606e-05,3.435582733392253e-05,2.83518963435283e-05,2.4015723961576885e-05,0.013321872496176118,0.01009232764861827,0.021395734615070737,0.00941950580537705,2.068020674469121e-05,0.011303406966452463,0.008208426487542862,3.535648249898819e-05,6.904520638953365e-05,0.011572535703748946,0.006189960957819207
2025-08-20,2.4015723961576885e-05,0.015340338025899763,0.018166189767512893,0.01910814034805058,3.268806872547969e-05,0.007266475907005157,0.015340338025899763,3.535648249898819e-05,0.009688634542673541,5.90386547388765e-05,7.304782704979651e-05,0.05234553940416677,2.2347965353134078e-05,0.5558854068858944,0.010496020754563002,0.013187308127527868,0.008746683962135834,0.03135349789504075,2.868544806521685e-05,2.1680861909756944e-05,0.0336410921620609,0.05867006473063422,0.01103427822915597,1.734468952780551e-05,0.01103427822915597,7.571624082330492e-05,6.0039309903942276e-05,0.007670169012949881,3.635713766405392e-05,3.1353861838725436e-05,0.020453784034533032,0.008208426487542862,2.201441363144549e-05,4.96992065315967e-05,3.335517216885683e-05,2.5016379126642606e-05,3.435582733392253e-05,2.83518963435283e-05,2.4015723961576885e-05,0.013321872496176118,0.01009232764861827,0.021395734615070737,0.00941950580537705,2.068020674469121e-05,0.011303406966452463,0.008208426487542862,3.535648249898819e-05,6.904520638953365e-05,0.011572535703748946,0.006189960957819207
2025-08-21,2.4015723961576885e-05,0.015340338025899763,0.018166189767512893,0.01910814034805058,3.268806872547969e-05,0.007266475907005157,0.015340338025899763,3.535648249898819e-05,0.009688634542673541,5.90386547388765e-05,7.304782704979651e-05,0.05234553940416677,2.2347965353134078e-05,0.5558854068858944,0.010496020754563002,0.013187308127527868,0.008746683962135834,0.03135349789504075,2.868544806521685e-05,2.1680861909756944e-05,0.0336410921620609,0.05867006473063422,0.01103427822915597,1.734468952780551e-05,0.01103427822915597,7.571624082330492e-05,6.0039309903942276e-05,0.007670169012949881,3.635713766405392e-05,3.1353861838725436e-05,0.020453784034533032,0.008208426487542862,2.201441363144549e-05,4.96992065315967e-05,3.335517216885683e-05,2.5016379126642606e-05,3.435582733392253e-05,2.83518963435283e-05,2.4015723961576885e-05,0.013321872496176118,0.01009232764861827,0.021395734615070737,0.00941950580537705,2.068020674469121e-05,0.011303406966452463,0.008208426487542862,3.535648249898819e-05,6.904520638953365e-05,0.011572535703748946,0.006189960957819207
2025-08-22,2.4015723961576885e-05,0.015340338025899763,0.018166189767512893,0.01910814034805058,3.268806872547969e-05,0.007266475907005157,0.015340338025899763,3.535648249898819e-05,0.009688634542673541,5.90386547388765e-05,7.304782704979651e-05,0.05234553940416677,2.2347965353134078e-05,0.5558854068858944,0.010496020754563002,0.013187308127527868,0.008746683962135834,0.03135349789504075,2.868544806521685e-05,2.1680861909756944e-05,0.0336410921620609,0.05867006473063422,0.01103427822915597,1.734468952780551e-05,0.01103427822915597,7.571624082330492e-05,6.0039309903942276e-05,0.007670169012949881,3.635713766405392e-05,3.1353861838725436e-05,0.020453784034533032,0.008208426487542862,2.201441363144549e-05,4.96992065315967e-05,3.335517216885683e-05,2.5016379126642606e-05,3.435582733392253e-05,2.83518963435283e-05,2.4015723961576885e-05,0.013321872496176118,0.01009232764861827,0.021395734615070737,0.00941950580537705,2.068020674469121e-05,0.011303406966452463,0.008208426487542862,3.535648249898819e-05,6.904520638953365e-05,0.011572535703748946,0.006189960957819207
2025-08-25,2.4015723961576885e-05,0.015340338025899763,0.018166189767512893,0.01910814034805058,3.268806872547969e-05,0.007266475907005157,0.015340338025899763,3.535648249898819e-05,0.009688634542673541,5.90386547388765e-05,7.304782704979651e-05,0.05234553940416677,2.2347965353134078e-05,0.5558854068858944,0.010496020754563002,0.013187308127527868,0.008746683962135834,0.03135349789504075,2.868544806521685e-05,2.1680861909756944e-05,0.0336410921620609,0.05867006473063422,0.01103427822915597,1.734468952780551e-05,0.01103427822915597,7.571624082330492e-05,6.0039309903942276e-05,0.007670169012949881,3.635713766405392e-05,3.1353861838725436e-05,0.020453784034533032,0.008208426487542862,2.201441363144549e-05,4.96992065315967e-05,3.335517216885683e-05,2.5016379126642606e-05,3.435582733392253e-05,2.83518963435283e-05,2.4015723961576885e-05,0.013321872496176118,0.01009232764861827,0.021395734615070737,0.00941950580537705,2.068020674469121e-05,0.011303406966452463,0.008208426487542862,3.535648249898819e-05,6.904520638953365e-05,0.011572535703748946,0.006189960957819207
2025-08-26,2.4015723961576885e-05,0.015340338025899763,0.018166189767512893,0.01910814034805058,3.268806872547969e-05,0.007266475907005157,0.015340338025899763,3.535648249898819e-05,0.009688634542673541,5.90386547388765e-05,7.304782704979651e-05,0.05234553940416677,2.2347965353134078e-05,0.5558854068858944,0.010496020754563002,0.013187308127527868,0.008746683962135834,0.03135349789504075,2.868544806521685e-05,2.1680861909756944e-05,0.0336410921620609,0.05867006473063422,0.01103427822915597,1.734468952780551e-05,0.01103427822915597,7.571624082330492e-05,6.0039309903942276e-05,0.007670169012949881,3.635713766405392e-05,3.1353861838725436e-05,0.020453784034533032,0.008208426487542862,2.201441363144549e-05,4.96992065315967e-05,3.335517216885683e-05,2.5016379126642606e-05,3.435582733392253e-05,2.83518963435283e-05,2.4015723961576885e-05,0.013321872496176118,0.01009232764861827,0.021395734615070737,0.00941950580537705,2.068020674469121e-05,0.011303406966452463,0.008208426487542862,3.535648249898819e-05,6.904520638953365e-05,0.011572535703748946,0.006189960957819207
2025-08-27,2.4015723961576885e-05,0.015340338025899763,0.018166189767512893,0.01910814034805058,3.268806872547969e-05,0.007266475907005157,0.015340338025899763,3.535648249898819e-05,0.009688634542673541,5.90386547388765e-05,7.304782704979651e-05,0.05234553940416677,2.2347965353134078e-05,0.5558854068858944,0.010496020754563002,0.013187308127527868,0.008746683962135834,0.03135349789504075,2.868544806521685e-05,2.1680861909756944e-05,0.0336410921620609,0.05867006473063422,0.01103427822915597,1.734468952780551e-05,0.01103427822915597,7.571624082330492e-05,6.0039309903942276e-05,0.007670169012949881,3.635713766405392e-05,3.1353861838725436e-05,0.020453784034533032,0.008208426487542862,2.201441363144549e-05,4.96992065315967e-05,3.335517216885683e-05,2.5016379126642606e-05,3.435582733392253e-05,2.83518963435283e-05,2.4015723961576885e-05,0.013321872496176118,0.01009232764861827,0.021395734615070737,0.00941950580537705,2.068020674469121e-05,0.011303406966452463,0.008208426487542862,3.535648249898819e-05,6.904520638953365e-05,0.011572535703748946,0.006189960957819207
2025-08-28,2.4015723961576885e-05,0.015340338025899763,0.018166189767512893,0.01910814034805058,3.268806872547969e-05,0.007266475907005157,0.015340338025899763,3.535648249898819e-05,0.009688634542673541,5.90386547388765e-05,7.304782704979651e-05,0.05234553940416677,2.2347965353134078e-05,0.5558854068858944,0.010496020754563002,0.013187308127527868,0.008746683962135834,0.03135349789504075,2.868544806521685e-05,2.1680861909756944e-05,0.0336410921620609,0.05867006473063422,0.01103427822915597,1.734468952780551e-05,0.01103427822915597,7.571624082330492e-05,6.0039309903942276e-05,0.007670169012949881,3.635713766405392e-05,3.1353861838725436e-05,0.020453784034533032,0.008208426487542862,2.201441363144549e-05,4.96992065315967e-05,3.335517216885683e-05,2.5016379126642606e-05,3.435582733392253e-05,2.83518963435283e-05,2.4015723961576885e-05,0.013321872496176118,0.01009232764861827,0.021395734615070737,0.00941950580537705,2.068020674469121e-05,0.011303406966452463,0.008208426487542862,3.535648249898819e-05,6.904520638953365e-05,0.011572535703748946,0.006189960957819207
2025-08-29,2.4015723961576885e-05,0.015340338025899763,0.018166189767512893,0.01910814034805058,3.268806872547969e-05,0.007266475907005157,0.015340338025899763,3.535648249898819e-05,0.009688634542673541,5.90386547388765e-05,7.304782704979651e-05,0.05234553940416677,2.2347965353134078e-05,0.5558854068858944,0.010496020754563002,0.013187308127527868,0.008746683962135834,0.03135349789504075,2.868544806521685e-05,2.1680861909756944e-05,0.0336410921620609,0.05867006473063422,0.01103427822915597,1.734468952780551e-05,0.01103427822915597,7.571624082330492e-05,6.0039309903942276e-05,0.007670169012949881,3.635713766405392e-05,3.1353861838725436e-05,0.020453784034533032,0.008208426487542862,2.201441363144549e-05,4.96992065315967e-05,3.335517216885683e-05,2.5016379126642606e-05,3.435582733392253e-05,2.83518963435283e-05,2.4015723961576885e-05,0.013321872496176118,0.01009232764861827,0.021395734615070737,0.00941950580537705,2.068020674469121e-05,0.011303406966452463,0.008208426487542862,3.535648249898819e-05,6.904520638953365e-05,0.011572535703748946,0.006189960957819207
2025-09-01,2.4015723961576885e-05,0.015340338025899763,0.018166189767512893,0.01910814034805058,3.268806872547969e-05,0.007266475907005157,0.015340338025899763,3.535648249898819e-05,0.009688634542673541,5.90386547388765e-05,7.304782704979651e-05,0.05234553940416677,2.2347965353134078e-05,0.5558854068858944,0.010496020754563002,0.013187308127527868,0.008746683962135834,0.03135349789504075,2.868544806521685e-05,2.1680861909756944e-05,0.0336410921620609,0.05867006473063422,0.01103427822915597,1.734468952780551e-05,0.01103427822915597,7.571624082330492e-05,6.0039309903942276e-05,0.007670169012949881,3.635713766405392e-05,3.1353861838725436e-05,0.020453784034533032,0.008208426487542862,2.201441363144549e-05,4.96992065315967e-05,3.335517216885683e-05,2.5016379126642606e-05,3.435582733392253e-05,2.83518963435283e-05,2.4015723961576885e-05,0.013321872496176118,0.01009232764861827,0.021395734615070737,0.00941950580537705,2.068020674469121e-05,0.011303406966452463,0.008208426487542862,3.535648249898819e-05,6.904520638953365e-05,0.011572535703748946,0.006189960957819207
2025-09-02,2.4015723961576885e-05,0.015340338025899763,0.018166189767512893,0.01910814034805058,3.268806872547969e-05,0.007266475907005157,0.015340338025899763,3.535648249898819e-05,0.009688634542673541,5.90386547388765e-05,7.304782704979651e-05,0.05234553940416677,2.2347965353134078e-05,0.5558854068858944,0.010496020754563002,0.013187308127527868,0.008746683962135834,0.03135349789504075,2.868544806521685e-05,2.1680861909756944e-05,0.0336410921620609,0.05867006473063422,0.01103427822915597,1.734468952780551e-05,0.01103427822915597,7.571624082330492e-05,6.0039309903942276e-05,0.007670169012949881,3.635713766405392e-05,3.1353861838725436e-05,0.020453784034533032,0.008208426487542862,2.201441363144549e-05,4.96992065315967e-05,3.335517216885683e-05,2.5016379126642606e-05,3.435582733392253e-05,2.83518963435283e-05,2.4015723961576885e-05,0.013321872496176118,0.01009232764861827,0.021395734615070737,0.00941950580537705,2.068020674469121e-05,0.011303406966452463,0.008208426487542862,3.535648249898819e-05,6.904520638953365e-05,0.011572535703748946,0.006189960957819207
2025-09-03,2.4015723961576885e-05,0.015340338025899763,0.018166189767512893,0.01910814034805058,3.268806872547969e-05,0.007266475907005157,0.015340338025899763,3.535648249898819e-05,0.009688634542673541,5.90386547388765e-05,7.304782704979651e-05,0.05234553940416677,2.2347965353134078e-05,0.5558854068858944,0.010496020754563002,0.013187308127527868,0.008746683962135834,0.03135349789504075,2.868544806521685e-05,2.1680861909756944e-05,0.0336410921620609,0.05867006473063422,0.01103427822915597,1.734468952780551e-05,0.01103427822915597,7.571624082330492e-05,6.0039309903942276e-05,0.007670169012949881,3.635713766405392e-05,3.1353861838725436e-05,0.020453784034533032,0.008208426487542862,2.201441363144549e-05,4.96992065315967e-05,3.335517216885683e-05,2.5016379126642606e-05,3.435582733392253e-05,2.83518963435283e-05,2.4015723961576885e-05,0.013321872496176118,0.01009232764861827,0.021395734615070737,0.00941950580537705,2.068020674469121e-05,0.011303406966452463,0.008208426487542862,3.535648249898819e-05,6.904520638953365e-05,0.011572535703748946,0.006189960957819207
2025-09-04,2.4015723961576885e-05,0.015340338025899763,0.018166189767512893,0.01910814034805058,3.268806872547969e-05,0.007266475907005157,0.015340338025899763,3.535648249898819e-05,0.009688634542673541,5.90386547388765e-05,7.304782704979651e-05,0.05234553940416677,2.2347965353134078e-05,0.5558854068858944,0.010496020754563002,0.013187308127527868,0.008746683962135834,0.03135349789504075,2.868544806521685e-05,2.1680861909756944e-05,0.0336410921620609,0.05867006473063422,0.01103427822915597,1.734468952780551e-05,0.01103427822915597,7.571624082330492e-05,6.0039309903942276e-05,0.007670169012949881,3.635713766405392e-05,3.1353861838725436e-05,0.020453784034533032,0.008208426487542862,2.201441363144549e-05,4.96992065315967e-05,3.335517216885683e-05,2.5016379126642606e-05,3.435582733392253e-05,2.83518963435283e-05,2.4015723961576885e-05,0.013321872496176118,0.01009232764861827,0.021395734615070737,0.00941950580537705,2.068020674469121e-05,0.011303406966452463,0.008208426487542862,3.535648249898819e-05,6.904520638953365e-05,0.011572535703748946,0.006189960957819207
2025-09-05,2.4015723961576885e-05,0.015340338025899763,0.018166189767512893,0.01910814034805058,3.268806872547969e-05,0.007266475907005157,0.015340338025899763,3.535648249898819e-05,0.009688634542673541,5.90386547388765e-05,7.304782704979651e-05,0.05234553940416677,2.2347965353134078e-05,0.5558854068858944,0.010496020754563002,0.013187308127527868,0.008746683962135834,0.03135349789504075,2.868544806521685e-05,2.1680861909756944e-05,0.0336410921620609,0.05867006473063422,0.01103427822915597,1.734468952780551e-05,0.01103427822915597,7.571624082330492e-05,6.0039309903942276e-05,0.007670169012949881,3.635713766405392e-05,3.1353861838725436e-05,0.020453784034533032,0.008208426487542862,2.201441363144549e-05,4.96992065315967e-05,3.335517216885683e-05,2.5016379126642606e-05,3.435582733392253e-05,2.83518963435283e-05,2.4015723961576885e-05,0.013321872496176118,0.01009232764861827,0.021395734615070737,0.00941950580537705,2.068020674469121e-05,0.011303406966452463,0.008208426487542862,3.535648249898819e-05,6.904520638953365e-05,0.011572535703748946,0.006189960957819207
2025-09-08,2.4015723961576885e-05,0.015340338025899763,0.018166189767512893,0.01910814034805058,3.268806872547969e-05,0.007266475907005157,0.015340338025899763,3.535648249898819e-05,0.009688634542673541,5.90386547388765e-05,7.304782704979651e-05,0.05234553940416677,2.2347965353134078e-05,0.5558854068858944,0.010496020754563002,0.013187308127527868,0.008746683962135834,0.03135349789504075,2.868544806521685e-05,2.1680861909756944e-05,0.0336410921620609,0.05867006473063422,0.01103427822915597,1.734468952780551e-05,0.01103427822915597,7.571624082330492e-05,6.0039309903942276e-05,0.007670169012949881,3.635713766405392e-05,3.1353861838725436e-05,0.020453784034533032,0.008208426487542862,2.201441363144549e-05,4.96992065315967e-05,3.335517216885683e-05,2.5016379126642606e-05,3.435582733392253e-05,2.83518963435283e-05,2.4015723961576885e-05,0.013321872496176118,0.01009232764861827,0.021395734615070737,0.00941950580537705,2.068020674469121e-05,0.011303406966452463,0.008208426487542862,3.535648249898819e-05,6.904520638953365e-05,0.011572535703748946,0.006189960957819207
2025-09-09,2.4015723961576885e-05,0.015340338025899763,0.018166189767512893,0.01910814034805058,3.268806872547969e-05,0.007266475907005157,0.015340338025899763,3.535648249898819e-05,0.009688634542673541,5.90386547388765e-05,7.304782704979651e-05,0.05234553940416677,2.2347965353134078e-05,0.5558854068858944,0.010496020754563002,0.013187308127527868,0.008746683962135834,0.03135349789504075,2.868544806521685e-05,2.1680861909756944e-05,0.0336410921620609,0.05867006473063422,0.01103427822915597,1.734468952780551e-05,0.01103427822915597,7.571624082330492e-05,6.0039309903942276e-05,0.007670169012949881,3.635713766405392e-05,3.1353861838725436e-05,0.020453784034533032,0.008208426487542862,2.201441363144549e-05,4.96992065315967e-05,3.335517216885683e-05,2.5016379126642606e-05,3.435582733392253e-05,2.83518963435283e-05,2.4015723961576885e-05,0.013321872496176118,0.01009232764861827,0.021395734615070737,0.00941950580537705,2.068020674469121e-05,0.011303406966452463,0.008208426487542862,3.535648249898819e-05,6.904520638953365e-05,0.011572535703748946,0.006189960957819207
2025-09-10,2.4015723961576885e-05,0.015340338025899763,0.018166189767512893,0.01910814034805058,3.268806872547969e-05,0.007266475907005157,0.015340338025899763,3.535648249898819e-05,0.009688634542673541,5.90386547388765e-05,7.304782704979651e-05,0.05234553940416677,2.2347965353134078e-05,0.5558854068858944,0.010496020754563002,0.013187308127527868,0.008746683962135834,0.03135349789504075,2.868544806521685e-05,2.1680861909756944e-05,0.0336410921620609,0.05867006473063422,0.01103427822915597,1.734468952780551e-05,0.01103427822915597,7.571624082330492e-05,6.0039309903942276e-05,0.007670169012949881,3.635713766405392e-05,3.1353861838725436e-05,0.020453784034533032,0.008208426487542862,2.201441363144549e-05,4.96992065315967e-05,3.335517216885683e-05,2.5016379126642606e-05,3.435582733392253e-05,2.83518963435283e-05,2.4015723961576885e-05,0.013321872496176118,0.01009232764861827,0.021395734615070737,0.00941950580537705,2.068020674469121e-05,0.011303406966452463,0.008208426487542862,3.535648249898819e-05,6.904520638953365e-05,0.011572535703748946,0.006189960957819207
2025-09-11,2.4015723961576885e-05,0.015340338025899763,0.018166189767512893,0.01910814034805058,3.268806872547969e-05,0.007266475907005157,0.015340338025899763,3.535648249898819e-05,0.009688634542673541,5.90386547388765e-05,7.304782704979651e-05,0.05234553940416677,2.2347965353134078e-05,0.5558854068858944,0.010496020754563002,0.013187308127527868,0.008746683962135834,0.03135349789504075,2.868544806521685e-05,2.1680861909756944e-05,0.0336410921620609,0.05867006473063422,0.01103427822915597,1.734468952780551e-05,0.01103427822915597,7.571624082330492e-05,6.0039309903942276e-05,0.007670169012949881,3.635713766405392e-05,3.1353861838725436e-05,0.020453784034533032,0.008208426487542862,2.201441363144549e-05,4.96992065315967e-05,3.335517216885683e-05,2.5016379126642606e-05,3.435582733392253e-05,2.83518963435283e-05,2.4015723961576885e-05,0.013321872496176118,0.01009232764861827,0.021395734615070737,0.00941950580537705,2.068020674469121e-05,0.011303406966452463,0.008208426487542862,3.535648249898819e-05,6.904520638953365e-05,0.011572535703748946,0.006189960957819207
2025-09-12,2.4015723961576885e-05,0.015340338025899763,0.018166189767512893,0.01910814034805058,3.268806872547969e-05,0.007266475907005157,0.015340338025899763,3.535648249898819e-05,0.009688634542673541,5.90386547388765e-05,7.304782704979651e-05,0.05234553940416677,2.2347965353134078e-05,0.5558854068858944,0.010496020754563002,0.013187308127527868,0.008746683962135834,0.03135349789504075,2.868544806521685e-05,2.1680861909756944e-05,0.0336410921620609,0.05867006473063422,0.01103427822915597,1.734468952780551e-05,0.01103427822915597,7.571624082330492e-05,6.0039309903942276e-05,0.007670169012949881,3.635713766405392e-05,3.1353861838725436e-05,0.020453784034533032,0.008208426487542862,2.201441363144549e-05,4.96992065315967e-05,3.335517216885683e-05,2.5016379126642606e-05,3.435582733392253e-05,2.83518963435283e-05,2.4015723961576885e-05,0.013321872496176118,0.01009232764861827,0.021395734615070737,0.00941950580537705,2.068020674469121e-05,0.011303406966452463,0.008208426487542862,3.535648249898819e-05,6.904520638953365e-05,0.011572535703748946,0.006189960957819207
2025-09-15,2.4015723961576885e-05,0.015340338025899763,0.018166189767512893,0.01910814034805058,3.268806872547969e-05,0.007266475907005157,0.015340338025899763,3.535648249898819e-05,0.009688634542673541,5.90386547388765e-05,7.304782704979651e-05,0.05234553940416677,2.2347965353134078e-05,0.5558854068858944,0.010496020754563002,0.013187308127527868,0.008746683962135834,0.03135349789504075,2.868544806521685e-05,2.1680861909756944e-05,0.0336410921620609,0.05867006473063422,0.01103427822915597,1.734468952780551e-05,0.01103427822915597,7.571624082330492e-05,6.0039309903942276e-05,0.007670169012949881,3.635713766405392e-05,3.1353861838725436e-05,0.020453784034533032,0.008208426487542862,2.201441363144549e-05,4.96992065315967e-05,3.335517216885683e-05,2.5016379126642606e-05,3.435582733392253e-05,2.83518963435283e-05,2.4015723961576885e-05,0.013321872496176118,0.01009232764861827,0.021395734615070737,0.00941950580537705,2.068020674469121e-05,0.011303406966452463,0.008208426487542862,3.535648249898819e-05,6.904520638953365e-05,0.011572535703748946,0.006189960957819207
2025-09-16,2.4015723961576885e-05,0.015340338025899763,0.018166189767512893,0.01910814034805058,3.268806872547969e-05,0.007266475907005157,0.015340338025899763,3.535648249898819e-05,0.009688634542673541,5.90386547388765e-05,7.304782704979651e-05,0.05234553940416677,2.2347965353134078e-05,0.5558854068858944,0.010496020754563002,0.013187308127527868,0.008746683962135834,0.03135349789504075,2.868544806521685e-05,2.1680861909756944e-05,0.0336410921620609,0.05867006473063422,0.01103427822915597,1.734468952780551e-05,0.01103427822915597,7.571624082330492e-05,6.0039309903942276e-05,0.007670169012949881,3.635713766405392e-05,3.1353861838725436e-05,0.020453784034533032,0.008208426487542862,2.201441363144549e-05,4.96992065315967e-05,3.335517216885683e-05,2.5016379126642606e-05,3.435582733392253e-05,2.83518963435283e-05,2.4015723961576885e-05,0.013321872496176118,0.01009232764861827,0.021395734615070737,0.00941950580537705,2.068020674469121e-05,0.011303406966452463,0.008208426487542862,3.535648249898819e-05,6.904520638953365e-05,0.011572535703748946,0.006189960957819207
2025-09-17,2.4015723961576885e-05,0.015340338025899763,0.018166189767512893,0.01910814034805058,3.268806872547969e-05,0.007266475907005157,0.015340338025899763,3.535648249898819e-05,0.009688634542673541,5.90386547388765e-05,7.304782704979651e-05,0.05234553940416677,2.2347965353134078e-05,0.5558854068858944,0.010496020754563002,0.013187308127527868,0.008746683962135834,0.03135349789504075,2.868544806521685e-05,2.1680861909756944e-05,0.0336410921620609,0.05867006473063422,0.01103427822915597,1.734468952780551e-05,0.01103427822915597,7.571624082330492e-05,6.0039309903942276e-05,0.007670169012949881,3.635713766405392e-05,3.1353861838725436e-05,0.020453784034533032,0.008208426487542862,2.201441363144549e-05,4.96992065315967e-05,3.335517216885683e-05,2.5016379126642606e-05,3.435582733392253e-05,2.83518963435283e-05,2.4015723961576885e-05,0.013321872496176118,0.01009232764861827,0.021395734615070737,0.00941950580537705,2.068020674469121e-05,0.011303406966452463,0.008208426487542862,3.535648249898819e-05,6.904520638953365e-05,0.011572535703748946,0.006189960957819207
2025-09-18,2.4015723961576885e-05,0.015340338025899763,0.018166189767512893,0.01910814034805058,3.268806872547969e-05,0.007266475907005157,0.015340338025899763,3.535648249898819e-05,0.009688634542673541,5.90386547388765e-05,7.304782704979651e-05,0.05234553940416677,2.2347965353134078e-05,0.5558854068858944,0.010496020754563002,0.013187308127527868,0.008746683962135834,0.03135349789504075,2.868544806521685e-05,2.1680861909756944e-05,0.0336410921620609,0.05867006473063422,0.01103427822915597,1.734468952780551e-05,0.01103427822915597,7.571624082330492e-05,6.0039309903942276e-05,0.007670169012949881,3.635713766405392e-05,3.1353861838725436e-05,0.020453784034533032,0.008208426487542862,2.201441363144549e-05,4.96992065315967e-05,3.335517216885683e-05,2.5016379126642606e-05,3.435582733392253e-05,2.83518963435283e-05,2.4015723961576885e-05,0.013321872496176118,0.01009232764861827,0.021395734615070737,0.00941950580537705,2.068020674469121e-05,0.011303406966452463,0.008208426487542862,3.535648249898819e-05,6.904520638953365e-05,0.011572535703748946,0.006189960957819207
2025-09-19,2.4015723961576885e-05,0.015340338025899763,0.018166189767512893,0.01910814034805058,3.268806872547969e-05,0.007266475907005157,0.015340338025899763,3.535648249898819e-05,0.009688634542673541,5.90386547388765e-05,7.304782704979651e-05,0.05234553940416677,2.2347965353134078e-05,0.5558854068858944,0.010496020754563002,0.013187308127527868,0.008746683962135834,0.03135349789504075,2.868544806521685e-05,2.1680861909756944e-05,0.0336410921620609,0.05867006473063422,0.01103427822915597,1.734468952780551e-05,0.01103427822915597,7.571624082330492e-05,6.0039309903942276e-05,0.007670169012949881,3.635713766405392e-05,3.1353861838725436e-05,0.020453784034533032,0.008208426487542862,2.201441363144549e-05,4.96992065315967e-05,3.335517216885683e-05,2.5016379126642606e-05,3.435582733392253e-05,2.83518963435283e-05,2.4015723961576885e-05,0.013321872496176118,0.01009232764861827,0.021395734615070737,0.00941950580537705,2.068020674469121e-05,0.011303406966452463,0.008208426487542862,3.535648249898819e-05,6.904520638953365e-05,0.011572535703748946,0.006189960957819207
2025-09-22,2.4015723961576885e-05,0.015340338025899763,0.018166189767512893,0.01910814034805058,3.268806872547969e-05,0.007266475907005157,0.015340338025899763,3.535648249898819e-05,0.009688634542673541,5.90386547388765e-05,7.304782704979651e-05,0.05234553940416677,2.2347965353134078e-05,0.5558854068858944,0.010496020754563002,0.013187308127527868,0.008746683962135834,0.03135349789504075,2.868544806521685e-05,2.1680861909756944e-05,0.0336410921620609,0.05867006473063422,0.01103427822915597,1.734468952780551e-05,0.01103427822915597,7.571624082330492e-05,6.0039309903942276e-05,0.007670169012949881,3.635713766405392e-05,3.1353861838725436e-05,0.020453784034533032,0.008208426487542862,2.201441363144549e-05,4.96992065315967e-05,3.335517216885683e-05,2.5016379126642606e-05,3.435582733392253e-05,2.83518963435283e-05,2.4015723961576885e-05,0.013321872496176118,0.01009232764861827,0.021395734615070737,0.00941950580537705,2.068020674469121e-05,0.011303406966452463,0.008208426487542862,3.535648249898819e-05,6.904520638953365e-05,0.011572535703748946,0.006189960957819207
2025-09-23,2.4015723961576885e-05,0.015340338025899763,0.018166189767512893,0.01910814034805058,3.268806872547969e-05,0.007266475907005157,0.015340338025899763,3.535648249898819e-05,0.009688634542673541,5.90386547388765e-05,7.304782704979651e-05,0.05234553940416677,2.2347965353134078e-05,0.5558854068858944,0.010496020754563002,0.013187308127527868,0.008746683962135834,0.03135349789504075,2.868544806521685e-05,2.1680861909756944e-05,0.0336410921620609,0.05867006473063422,0.01103427822915597,1.734468952780551e-05,0.01103427822915597,7.571624082330492e-05,6.0039309903942276e-05,0.007670169012949881,3.635713766405392e-05,3.1353861838725436e-05,0.020453784034533032,0.008208426487542862,2.201441363144549e-05,4.96992065315967e-05,3.335517216885683e-05,2.5016379126642606e-05,3.435582733392253e-05,2.83518963435283e-05,2.4015723961576885e-05,0.013321872496176118,0.01009232764861827,0.021395734615070737,0.00941950580537705,2.068020674469121e-05,0.011303406966452463,0.008208426487542862,3.535648249898819e-05,6.904520638953365e-05,0.011572535703748946,0.006189960957819207
2025-09-24,2.4015723961576885e-05,0.015340338025899763,0.018166189767512893,0.01910814034805058,3.268806872547969e-05,0.007266475907005157,0.015340338025899763,3.535648249898819e-05,0.009688634542673541,5.90386547388765e-05,7.304782704979651e-05,0.05234553940416677,2.2347965353134078e-05,0.5558854068858944,0.010496020754563002,0.013187308127527868,0.008746683962135834,0.03135349789504075,2.868544806521685e-05,2.1680861909756944e-05,0.0336410921620609,0.05867006473063422,0.01103427822915597,1.734468952780551e-05,0.01103427822915597,7.571624082330492e-05,6.0039309903942276e-05,0.007670169012949881,3.635713766405392e-05,3.1353861838725436e-05,0.020453784034533032,0.008208426487542862,2.201441363144549e-05,4.96992065315967e-05,3.335517216885683e-05,2.5016379126642606e-05,3.435582733392253e-05,2.83518963435283e-05,2.4015723961576885e-05,0.013321872496176118,0.01009232764861827,0.021395734615070737,0.00941950580537705,2.068020674469121e-05,0.011303406966452463,0.008208426487542862,3.535648249898819e-05,6.904520638953365e-05,0.011572535703748946,0.006189960957819207
2025-09-25,2.4015723961576885e-05,0.015340338025899763,0.018166189767512893,0.01910814034805058,3.268806872547969e-05,0.007266475907005157,0.015340338025899763,3.535648249898819e-05,0.009688634542673541,5.90386547388765e-05,7.304782704979651e-05,0.05234553940416677,2.2347965353134078e-05,0.5558854068858944,0.010496020754563002,0.013187308127527868,0.008746683962135834,0.03135349789504075,2.868544806521685e-05,2.1680861909756944e-05,0.0336410921620609,0.05867006473063422,0.01103427822915597,1.734468952780551e-05,0.01103427822915597,7.571624082330492e-05,6.0039309903942276e-05,0.007670169012949881,3.635713766405392e-05,3.1353861838725436e-05,0.020453784034533032,0.008208426487542862,2.201441363144549e-05,4.96992065315967e-05,3.335517216885683e-05,2.5016379126642606e-05,3.435582733392253e-05,2.83518963435283e-05,2.4015723961576885e-05,0.013321872496176118,0.01009232764861827,0.021395734615070737,0.00941950580537705,2.068020674469121e-05,0.011303406966452463,0.008208426487542862,3.535648249898819e-05,6.904520638953365e-05,0.011572535703748946,0.006189960957819207
2025-09-26,2.4015723961576885e-05,0.015340338025899763,0.018166189767512893,0.01910814034805058,3.268806872547969e-05,0.007266475907005157,0.015340338025899763,3.535648249898819e-05,0.009688634542673541,5.90386547388765e-05,7.304782704979651e-05,0.05234553940416677,2.2347965353134078e-05,0.5558854068858944,0.010496020754563002,0.013187308127527868,0.008746683962135834,0.03135349789504075,2.868544806521685e-05,2.1680861909756944e-05,0.0336410921620609,0.05867006473063422,0.01103427822915597,1.734468952780551e-05,0.01103427822915597,7.571624082330492e-05,6.0039309903942276e-05,0.007670169012949881,3.635713766405392e-05,3.1353861838725436e-05,0.020453784034533032,0.008208426487542862,2.201441363144549e-05,4.96992065315967e-05,3.335517216885683e-05,2.5016379126642606e-05,3.435582733392253e-05,2.83518963435283e-05,2.4015723961576885e-05,0.013321872496176118,0.01009232764861827,0.021395734615070737,0.00941950580537705,2.068020674469121e-05,0.011303406966452463,0.008208426487542862,3.535648249898819e-05,6.904520638953365e-05,0.011572535703748946,0.006189960957819207
2025-09-30,2.4015723961576885e-05,0.015340338025899763,0.018166189767512893,0.01910814034805058,3.268806872547969e-05,0.007266475907005157,0.015340338025899763,3.535648249898819e-05,0.009688634542673541,5.90386547388765e-05,7.304782704979651e-05,0.05234553940416677,2.2347965353134078e-05,0.5558854068858944,0.010496020754563002,0.013187308127527868,0.008746683962135834,0.03135349789504075,2.868544806521685e-05,2.1680861909756944e-05,0.0336410921620609,0.05867006473063422,0.01103427822915597,1.734468952780551e-05,0.01103427822915597,7.571624082330492e-05,6.0039309903942276e-05,0.007670169012949881,3.635713766405392e-05,3.1353861838725436e-05,0.020453784034533032,0.008208426487542862,2.201441363144549e-05,4.96992065315967e-05,3.335517216885683e-05,2.5016379126642606e-05,3.435582733392253e-05,2.83518963435283e-05,2.4015723961576885e-05,0.013321872496176118,0.01009232764861827,0.021395734615070737,0.00941950580537705,2.068020674469121e-05,0.011303406966452463,0.008208426487542862,3.535648249898819e-05,6.904520638953365e-05,0.011572535703748946,0.006189960957819207
2025-10-01,2.4015723961576885e-05,0.015340338025899763,0.018166189767512893,0.01910814034805058,3.268806872547969e-05,0.007266475907005157,0.015340338025899763,3.535648249898819e-05,0.009688634542673541,5.90386547388765e-05,7.304782704979651e-05,0.05234553940416677,2.2347965353134078e-05,0.5558854068858944,0.010496020754563002,0.013187308127527868,0.008746683962135834,0.03135349789504075,2.868544806521685e-05,2.1680861909756944e-05,0.0336410921620609,0.05867006473063422,0.01103427822915597,1.734468952780551e-05,0.01103427822915597,7.571624082330492e-05,6.0039309903942276e-05,0.007670169012949881,3.635713766405392e-05,3.1353861838725436e-05,0.020453784034533032,0.008208426487542862,2.201441363144549e-05,4.96992065315967e-05,3.335517216885683e-05,2.5016379126642606e-05,3.435582733392253e-05,2.83518963435283e-05,2.4015723961576885e-05,0.013321872496176118,0.01009232764861827,0.021395734615070737,0.00941950580537705,2.068020674469121e-05,0.011303406966452463,0.008208426487542862,3.535648249898819e-05,6.904520638953365e-05,0.011572535703748946,0.006189960957819207
2025-10-02,2.4015723961576885e-05,0.015340338025899763,0.018166189767512893,0.01910814034805058,3.268806872547969e-05,0.007266475907005157,0.015340338025899763,3.535648249898819e-05,0.009688634542673541,5.90386547388765e-05,7.304782704979651e-05,0.05234553940416677,2.2347965353134078e-05,0.5558854068858944,0.010496020754563002,0.013187308127527868,0.008746683962135834,0.03135349789504075,2.868544806521685e-05,2.1680861909756944e-05,0.0336410921620609,0.05867006473063422,0.01103427822915597,1.734468952780551e-05,0.01103427822915597,7.571624082330492e-05,6.0039309903942276e-05,0.007670169012949881,3.635713766405392e-05,3.1353861838725436e-05,0.020453784034533032,0.008208426487542862,2.201441363144549e-05,4.96992065315967e-05,3.335517216885683e-05,2.5016379126642606e-05,3.435582733392253e-05,2.83518963435283e-05,2.4015723961576885e-05,0.013321872496176118,0.01009232764861827,0.021395734615070737,0.00941950580537705,2.068020674469121e-05,0.011303406966452463,0.008208426487542862,3.535648249898819e-05,6.904520638953365e-05,0.011572535703748946,0.006189960957819207
2025-10-03,2.4015723961576885e-05,0.015340338025899763,0.018166189767512893,0.01910814034805058,3.268806872547969e-05,0.007266475907005157,0.015340338025899763,3.535648249898819e-05,0.009688634542673541,5.90386547388765e-05,7.304782704979651e-05,0.05234553940416677,2.2347965353134078e-05,0.5558854068858944,0.010496020754563002,0.013187308127527868,0.008746683962135834,0.03135349789504075,2.868544806521685e-05,2.1680861909756944e-05,0.0336410921620609,0.05867006473063422,0.01103427822915597,1.734468952780551e-05,0.01103427822915597,7.571624082330492e-05,6.0039309903942276e-05,0.007670169012949881,3.635713766405392e-05,3.1353861838725436e-05,0.020453784034533032,0.008208426487542862,2.201441363144549e-05,4.96992065315967e-05,3.335517216885683e-05,2.5016379126642606e-05,3.435582733392253e-05,2.83518963435283e-05,2.4015723961576885e-05,0.013321872496176118,0.01009232764861827,0.021395734615070737,0.00941950580537705,2.068020674469121e-05,0.011303406966452463,0.008208426487542862,3.535648249898819e-05,6.904520638953365e-05,0.011572535703748946,0.006189960957819207
2025-10-07,2.4015723961576885e-05,0.015340338025899763,0.018166189767512893,0.01910814034805058,3.268806872547969e-05,0.007266475907005157,0.015340338025899763,3.535648249898819e-05,0.009688634542673541,5.90386547388765e-05,7.304782704979651e-05,0.05234553940416677,2.2347965353134078e-05,0.5558854068858944,0.010496020754563002,0.013187308127527868,0.008746683962135834,0.03135349789504075,2.868544806521685e-05,2.1680861909756944e-05,0.0336410921620609,0.05867006473063422,0.01103427822915597,1.734468952780551e-05,0.01103427822915597,7.571624082330492e-05,6.0039309903942276e-05,0.007670169012949881,3.635713766405392e-05,3.1353861838725436e-05,0.020453784034533032,0.008208426487542862,2.201441363144549e-05,4.96992065315967e-05,3.335517216885683e-05,2.5016379126642606e-05,3.435582733392253e-05,2.83518963435283e-05,2.4015723961576885e-05,0.013321872496176118,0.01009232764861827,0.021395734615070737,0.00941950580537705,2.068020674469121e-05,0.011303406966452463,0.008208426487542862,3.535648249898819e-05,6.904520638953365e-05,0.011572535703748946,0.006189960957819207
2025-10-08,2.4015723961576885e-05,0.015340338025899763,0.018166189767512893,0.01910814034805058,3.268806872547969e-05,0.007266475907005157,0.015340338025899763,3.535648249898819e-05,0.009688634542673541,5.90386547388765e-05,7.304782704979651e-05,0.05234553940416677,2.2347965353134078e-05,0.5558854068858944,0.010496020754563002,0.013187308127527868,0.008746683962135834,0.03135349789504075,2.868544806521685e-05,2.1680861909756944e-05,0.0336410921620609,0.05867006473063422,0.01103427822915597,1.734468952780551e-05,0.01103427822915597,7.571624082330492e-05,6.0039309903942276e-05,0.007670169012949881,3.635713766405392e-05,3.1353861838725436e-05,0.020453784034533032,0.008208426487542862,2.201441363144549e-05,4.96992065315967e-05,3.335517216885683e-05,2.5016379126642606e-05,3.435582733392253e-05,2.83518963435283e-05,2.4015723961576885e-05,0.013321872496176118,0.01009232764861827,0.021395734615070737,0.00941950580537705,2.068020674469121e-05,0.011303406966452463,0.008208426487542862,3.535648249898819e-05,6.904520638953365e-05,0.011572535703748946,0.006189960957819207
2025-10-09,2.4015723961576885e-05,0.015340338025899763,0.018166189767512893,0.01910814034805058,3.268806872547969e-05,0.007266475907005157,0.015340338025899763,3.535648249898819e-05,0.009688634542673541,5.90386547388765e-05,7.304782704979651e-05,0.05234553940416677,2.2347965353134078e-05,0.5558854068858944,0.010496020754563002,0.013187308127527868,0.008746683962135834,0.03135349789504075,2.868544806521685e-05,2.1680861909756944e-05,0.0336410921620609,0.05867006473063422,0.01103427822915597,1.734468952780551e-05,0.01103427822915597,7.571624082330492e-05,6.0039309903942276e-05,0.007670169012949881,3.635713766405392e-05,3.1353861838725436e-05,0.020453784034533032,0.008208426487542862,2.201441363144549e-05,4.96992065315967e-05,3.335517216885683e-05,2.5016379126642606e-05,3.435582733392253e-05,2.83518963435283e-05,2.4015723961576885e-05,0.013321872496176118,0.01009232764861827,0.021395734615070737,0.00941950580537705,2.068020674469121e-05,0.011303406966452463,0.008208426487542862,3.535648249898819e-05,6.904520638953365e-05,0.011572535703748946,0.006189960957819207
2025-10-13,2.4015723961576885e-05,0.015340338025899763,0.018166189767512893,0.01910814034805058,3.268806872547969e-05,0.007266475907005157,0.015340338025899763,3.535648249898819e-05,0.009688634542673541,5.90386547388765e-05,7.304782704979651e-05,0.05234553940416677,2.2347965353134078e-05,0.5558854068858944,0.010496020754563002,0.013187308127527868,0.008746683962135834,0.03135349789504075,2.868544806521685e-05,2.1680861909756944e-05,0.0336410921620609,0.05867006473063422,0.01103427822915597,1.734468952780551e-05,0.01103427822915597,7.571624082330492e-05,6.0039309903942276e-05,0.007670169012949881,3.635713766405392e-05,3.1353861838725436e-05,0.020453784034533032,0.008208426487542862,2.201441363144549e-05,4.96992065315967e-05,3.335517216885683e-05,2.5016379126642606e-05,3.435582733392253e-05,2.83518963435283e-05,2.4015723961576885e-05,0.013321872496176118,0.01009232764861827,0.021395734615070737,0.00941950580537705,2.068020674469121e-05,0.011303406966452463,0.008208426487542862,3.535648249898819e-05,6.904520638953365e-05,0.011572535703748946,0.006189960957819207
2025-10-14,2.4015723961576885e-05,0.015340338025899763,0.018166189767512893,0.01910814034805058,3.268806872547969e-05,0.007266475907005157,0.015340338025899763,3.535648249898819e-05,0.009688634542673541,5.90386547388765e-05,7.304782704979651e-05,0.05234553940416677,2.2347965353134078e-05,0.5558854068858944,0.010496020754563002,0.013187308127527868,0.008746683962135834,0.03135349789504075,2.868544806521685e-05,2.1680861909756944e-05,0.0336410921620609,0.05867006473063422,0.01103427822915597,1.734468952780551e-05,0.01103427822915597,7.571624082330492e-05,6.0039309903942276e-05,0.007670169012949881,3.635713766405392e-05,3.1353861838725436e-05,0.020453784034533032,0.008208426487542862,2.201441363144549e-05,4.96992065315967e-05,3.335517216885683e-05,2.5016379126642606e-05,3.435582733392253e-05,2.83518963435283e-05,2.4015723961576885e-05,0.013321872496176118,0.01009232764861827,0.021395734615070737,0.00941950580537705,2.068020674469121e-05,0.011303406966452463,0.008208426487542862,3.535648249898819e-05,6.904520638953365e-05,0.011572535703748946,0.006189960957819207
2025-10-15,2.4015723961576885e-05,0.015340338025899763,0.018166189767512893,0.01910814034805058,3.268806872547969e-05,0.007266475907005157,0.015340338025899763,3.535648249898819e-05,0.009688634542673541,5.90386547388765e-05,7.304782704979651e-05,0.05234553940416677,2.2347965353134078e-05,0.5558854068858944,0.010496020754563002,0.013187308127527868,0.008746683962135834,0.03135349789504075,2.868544806521685e-05,2.1680861909756944e-05,0.0336410921620609,0.05867006473063422,0.01103427822915597,1.734468952780551e-05,0.01103427822915597,7.571624082330492e-05,6.0039309903942276e-05,0.007670169012949881,3.635713766405392e-05,3.1353861838725436e-05,0.020453784034533032,0.008208426487542862,2.201441363144549e-05,4.96992065315967e-05,3.335517216885683e-05,2.5016379126642606e-05,3.435582733392253e-05,2.83518963435283e-05,2.4015723961576885e-05,0.013321872496176118,0.01009232764861827,0.021395734615070737,0.00941950580537705,2.068020674469121e-05,0.011303406966452463,0.008208426487542862,3.535648249898819e-05,6.904520638953365e-05,0.011572535703748946,0.006189960957819207
2025-10-16,2.4015723961576885e-05,0.015340338025899763,0.018166189767512893,0.01910814034805058,3.268806872547969e-05,0.007266475907005157,0.015340338025899763,3.535648249898819e-05,0.009688634542673541,5.90386547388765e-05,7.304782704979651e-05,0.05234553940416677,2.2347965353134078e-05,0.5558854068858944,0.010496020754563002,0.013187308127527868,0.008746683962135834,0.03135349789504075,2.868544806521685e-05,2.1680861909756944e-05,0.0336410921620609,0.05867006473063422,0.01103427822915597,1.734468952780551e-05,0.01103427822915597,7.571624082330492e-05,6.0039309903942276e-05,0.007670169012949881,3.635713766405392e-05,3.1353861838725436e-05,0.020453784034533032,0.008208426487542862,2.201441363144549e-05,4.96992065315967e-05,3.335517216885683e-05,2.5016379126642606e-05,3.435582733392253e-05,2.83518963435283e-05,2.4015723961576885e-05,0.013321872496176118,0.01009232764861827,0.021395734615070737,0.00941950580537705,2.068020674469121e-05,0.011303406966452463,0.008208426487542862,3.535648249898819e-05,6.904520638953365e-05,0.011572535703748946,0.006189960957819207
2025-10-17,2.4015723961576885e-05,0.015340338025899763,0.018166189767512893,0.01910814034805058,3.268806872547969e-05,0.007266475907005157,0.015340338025899763,3.535648249898819e-05,0.009688634542673541,5.90386547388765e-05,7.304782704979651e-05,0.05234553940416677,2.2347965353134078e-05,0.5558854068858944,0.010496020754563002,0.013187308127527868,0.008746683962135834,0.03135349789504075,2.868544806521685e-05,2.1680861909756944e-05,0.0336410921620609,0.05867006473063422,0.01103427822915597,1.734468952780551e-05,0.01103427822915597,7.571624082330492e-05,6.0039309903942276e-05,0.007670169012949881,3.635713766405392e-05,3.1353861838725436e-05,0.020453784034533032,0.008208426487542862,2.201441363144549e-05,4.96992065315967e-05,3.335517216885683e-05,2.5016379126642606e-05,3.435582733392253e-05,2.83518963435283e-05,2.4015723961576885e-05,0.013321872496176118,0.01009232764861827,0.021395734615070737,0.00941950580537705,2.068020674469121e-05,0.011303406966452463,0.008208426487542862,3.535648249898819e-05,6.904520638953365e-05,0.011572535703748946,0.006189960957819207
2025-10-20,2.4015723961576885e-05,0.015340338025899763,0.018166189767512893,0.01910814034805058,3.268806872547969e-05,0.007266475907005157,0.015340338025899763,3.535648249898819e-05,0.009688634542673541,5.90386547388765e-05,7.304782704979651e-05,0.05234553940416677,2.2347965353134078e-05,0.5558854068858944,0.010496020754563002,0.013187308127527868,0.008746683962135834,0.03135349789504075,2.868544806521685e-05,2.1680861909756944e-05,0.0336410921620609,0.05867006473063422,0.01103427822915597,1.734468952780551e-05,0.01103427822915597,7.571624082330492e-05,6.0039309903942276e-05,0.007670169012949881,3.635713766405392e-05,3.1353861838725436e-05,0.020453784034533032,0.008208426487542862,2.201441363144549e-05,4.96992065315967e-05,3.335517216885683e-05,2.5016379126642606e-05,3.435582733392253e-05,2.83518963435283e-05,2.4015723961576885e-05,0.013321872496176118,0.01009232764861827,0.021395734615070737,0.00941950580537705,2.068020674469121e-05,0.011303406966452463,0.008208426487542862,3.535648249898819e-05,6.904520638953365e-05,0.011572535703748946,0.006189960957819207
2025-10-21,2.4015723961576885e-05,0.015340338025899763,0.018166189767512893,0.01910814034805058,3.268806872547969e-05,0.007266475907005157,0.015340338025899763,3.535648249898819e-05,0.009688634542673541,5.90386547388765e-05,7.304782704979651e-05,0.05234553940416677,2.2347965353134078e-05,0.5558854068858944,0.010496020754563002,0.013187308127527868,0.008746683962135834,0.03135349789504075,2.868544806521685e-05,2.1680861909756944e-05,0.0336410921620609,0.05867006473063422,0.01103427822915597,1.734468952780551e-05,0.01103427822915597,7.571624082330492e-05,6.0039309903942276e-05,0.007670169012949881,3.635713766405392e-05,3.1353861838725436e-05,0.020453784034533032,0.008208426487542862,2.201441363144549e-05,4.96992065315967e-05,3.335517216885683e-05,2.5016379126642606e-05,3.435582733392253e-05,2.83518963435283e-05,2.4015723961576885e-05,0.013321872496176118,0.01009232764861827,0.021395734615070737,0.00941950580537705,2.068020674469121e-05,0.011303406966452463,0.008208426487542862,3.535648249898819e-05,6.904520638953365e-05,0.011572535703748946,0.006189960957819207
2025-10-22,2.4015723961576885e-05,0.015340338025899763,0.018166189767512893,0.01910814034805058,3.268806872547969e-05,0.007266475907005157,0.015340338025899763,3.535648249898819e-05,0.009688634542673541,5.90386547388765e-05,7.304782704979651e-05,0.05234553940416677,2.2347965353134078e-05,0.5558854068858944,0.010496020754563002,0.013187308127527868,0.008746683962135834,0.03135349789504075,2.868544806521685e-05,2.1680861909756944e-05,0.0336410921620609,0.05867006473063422,0.01103427822915597,1.734468952780551e-05,0.01103427822915597,7.571624082330492e-05,6.0039309903942276e-05,0.007670169012949881,3.635713766405392e-05,3.1353861838725436e-05,0.020453784034533032,0.008208426487542862,2.201441363144549e-05,4.96992065315967e-05,3.335517216885683e-05,2.5016379126642606e-05,3.435582733392253e-05,2.83518963435283e-05,2.4015723961576885e-05,0.013321872496176118,0.01009232764861827,0.021395734615070737,0.00941950580537705,2.068020674469121e-05,0.011303406966452463,0.008208426487542862,3.535648249898819e-05,6.904520638953365e-05,0.011572535703748946,0.006189960957819207
2025-10-23,2.4015723961576885e-05,0.015340338025899763,0.018166189767512893,0.01910814034805058,3.268806872547969e-05,0.007266475907005157,0.015340338025899763,3.535648249898819e-05,0.009688634542673541,5.90386547388765e-05,7.304782704979651e-05,0.05234553940416677,2.2347965353134078e-05,0.5558854068858944,0.010496020754563002,0.013187308127527868,0.008746683962135834,0.03135349789504075,2.868544806521685e-05,2.1680861909756944e-05,0.0336410921620609,0.05867006473063422,0.01103427822915597,1.734468952780551e-05,0.01103427822915597,7.571624082330492e-05,6.0039309903942276e-05,0.007670169012949881,3.635713766405392e-05,3.1353861838725436e-05,0.020453784034533032,0.008208426487542862,2.201441363144549e-05,4.96992065315967e-05,3.335517216885683e-05,2.5016379126642606e-05,3.435582733392253e-05,2.83518963435283e-05,2.4015723961576885e-05,0.013321872496176118,0.01009232764861827,0.021395734615070737,0.00941950580537705,2.068020674469121e-05,0.011303406966452463,0.008208426487542862,3.535648249898819e-05,6.904520638953365e-05,0.011572535703748946,0.006189960957819207
2025-10-27,2.4015723961576885e-05,0.015340338025899763,0.018166189767512893,0.01910814034805058,3.268806872547969e-05,0.007266475907005157,0.015340338025899763,3.535648249898819e-05,0.009688634542673541,5.90386547388765e-05,7.304782704979651e-05,0.05234553940416677,2.2347965353134078e-05,0.5558854068858944,0.010496020754563002,0.013187308127527868,0.008746683962135834,0.03135349789504075,2.868544806521685e-05,2.1680861909756944e-05,0.0336410921620609,0.05867006473063422,0.01103427822915597,1.734468952780551e-05,0.01103427822915597,7.571624082330492e-05,6.0039309903942276e-05,0.007670169012949881,3.635713766405392e-05,3.1353861838725436e-05,0.020453784034533032,0.008208426487542862,2.201441363144549e-05,4.96992065315967e-05,3.335517216885683e-05,2.5016379126642606e-05,3.435582733392253e-05,2.83518963435283e-05,2.4015723961576885e-05,0.013321872496176118,0.01009232764861827,0.021395734615070737,0.00941950580537705,2.068020674469121e-05,0.011303406966452463,0.008208426487542862,3.535648249898819e-05,6.904520638953365e-05,0.011572535703748946,0.006189960957819207
2025-10-28,2.4015723961576885e-05,0.015340338025899763,0.018166189767512893,0.01910814034805058,3.268806872547969e-05,0.007266475907005157,0.015340338025899763,3.535648249898819e-05,0.009688634542673541,5.90386547388765e-05,7.304782704979651e-05,0.05234553940416677,2.2347965353134078e-05,0.5558854068858944,0.010496020754563002,0.013187308127527868,0.008746683962135834,0.03135349789504075,2.868544806521685e-05,2.1680861909756944e-05,0.0336410921620609,0.05867006473063422,0.01103427822915597,1.734468952780551e-05,0.01103427822915597,7.571624082330492e-05,6.0039309903942276e-05,0.007670169012949881,3.635713766405392e-05,3.1353861838725436e-05,0.020453784034533032,0.008208426487542862,2.201441363144549e-05,4.96992065315967e-05,3.335517216885683e-05,2.5016379126642606e-05,3.435582733392253e-05,2.83518963435283e-05,2.4015723961576885e-05,0.013321872496176118,0.01009232764861827,0.021395734615070737,0.00941950580537705,2.068020674469121e-05,0.011303406966452463,0.008208426487542862,3.535648249898819e-05,6.904520638953365e-05,0.011572535703748946,0.006189960957819207
2025-10-29,2.4015723961576885e-05,0.015340338025899763,0.018166189767512893,0.01910814034805058,3.268806872547969e-05,0.007266475907005157,0.015340338025899763,3.535648249898819e-05,0.009688634542673541,5.90386547388765e-05,7.304782704979651e-05,0.05234553940416677,2.2347965353134078e-05,0.5558854068858944,0.010496020754563002,0.013187308127527868,0.008746683962135834,0.03135349789504075,2.868544806521685e-05,2.1680861909756944e-05,0.0336410921620609,0.05867006473063422,0.01103427822915597,1.734468952780551e-05,0.01103427822915597,7.571624082330492e-05,6.0039309903942276e-05,0.007670169012949881,3.635713766405392e-05,3.1353861838725436e-05,0.020453784034533032,0.008208426487542862,2.201441363144549e-05,4.96992065315967e-05,3.335517216885683e-05,2.5016379126642606e-05,3.435582733392253e-05,2.83518963435283e-05,2.4015723961576885e-05,0.013321872496176118,0.01009232764861827,0.021395734615070737,0.00941950580537705,2.068020674469121e-05,0.011303406966452463,0.008208426487542862,3.535648249898819e-05,6.904520638953365e-05,0.011572535703748946,0.006189960957819207
2025-10-30,2.4015723961576885e-05,0.015340338025899763,0.018166189767512893,0.01910814034805058,3.268806872547969e-05,0.007266475907005157,0.015340338025899763,3.535648249898819e-05,0.009688634542673541,5.90386547388765e-05,7.304782704979651e-05,0.05234553940416677,2.2347965353134078e-05,0.5558854068858944,0.010496020754563002,0.013187308127527868,0.008746683962135834,0.03135349789504075,2.868544806521685e-05,2.1680861909756944e-05,0.0336410921620609,0.05867006473063422,0.01103427822915597,1.734468952780551e-05,0.01103427822915597,7.571624082330492e-05,6.0039309903942276e-05,0.007670169012949881,3.635713766405392e-05,3.1353861838725436e-05,0.020453784034533032,0.008208426487542862,2.201441363144549e-05,4.96992065315967e-05,3.335517216885683e-05,2.5016379126642606e-05,3.435582733392253e-05,2.83518963435283e-05,2.4015723961576885e-05,0.013321872496176118,0.01009232764861827,0.021395734615070737,0.00941950580537705,2.068020674469121e-05,0.011303406966452463,0.008208426487542862,3.535648249898819e-05,6.904520638953365e-05,0.011572535703748946,0.006189960957819207
2025-10-31,2.4015723961576885e-05,0.015340338025899763,0.018166189767512893,0.01910814034805058,3.268806872547969e-05,0.007266475907005157,0.015340338025899763,3.535648249898819e-05,0.009688634542673541,5.90386547388765e-05,7.304782704979651e-05,0.05234553940416677,2.2347965353134078e-05,0.5558854068858944,0.010496020754563002,0.013187308127527868,0.008746683962135834,0.03135349789504075,2.868544806521685e-05,2.1680861909756944e-05,0.0336410921620609,0.05867006473063422,0.01103427822915597,1.734468952780551e-05,0.01103427822915597,7.571624082330492e-05,6.0039309903942276e-05,0.007670169012949881,3.635713766405392e-05,3.1353861838725436e-05,0.020453784034533032,0.008208426487542862,2.201441363144549e-05,4.96992065315967e-05,3.335517216885683e-05,2.5016379126642606e-05,3.435582733392253e-05,2.83518963435283e-05,2.4015723961576885e-05,0.013321872496176118,0.01009232764861827,0.021395734615070737,0.00941950580537705,2.068020674469121e-05,0.011303406966452463,0.008208426487542862,3.535648249898819e-05,6.904520638953365e-05,0.011572535703748946,0.006189960957819207
2025-11-03,2.4015723961576885e-05,0.015340338025899763,0.018166189767512893,0.01910814034805058,3.268806872547969e-05,0.007266475907005157,0.015340338025899763,3.535648249898819e-05,0.009688634542673541,5.90386547388765e-05,7.304782704979651e-05,0.05234553940416677,2.2347965353134078e-05,0.5558854068858944,0.010496020754563002,0.013187308127527868,0.008746683962135834,0.03135349789504075,2.868544806521685e-05,2.1680861909756944e-05,0.0336410921620609,0.05867006473063422,0.01103427822915597,1.734468952780551e-05,0.01103427822915597,7.571624082330492e-05,6.0039309903942276e-05,0.007670169012949881,3.635713766405392e-05,3.1353861838725436e-05,0.020453784034533032,0.008208426487542862,2.201441363144549e-05,4.96992065315967e-05,3.335517216885683e-05,2.5016379126642606e-05,3.435582733392253e-05,2.83518963435283e-05,2.4015723961576885e-05,0.013321872496176118,0.01009232764861827,0.021395734615070737,0.00941950580537705,2.068020674469121e-05,0.011303406966452463,0.008208426487542862,3.535648249898819e-05,6.904520638953365e-05,0.011572535703748946,0.006189960957819207
2025-11-04,2.4015723961576885e-05,0.015340338025899763,0.018166189767512893,0.01910814034805058,3.268806872547969e-05,0.007266475907005157,0.015340338025899763,3.535648249898819e-05,0.009688634542673541,5.90386547388765e-05,7.304782704979651e-05,0.05234553940416677,2.2347965353134078e-05,0.5558854068858944,0.010496020754563002,0.013187308127527868,0.008746683962135834,0.03135349789504075,2.868544806521685e-05,2.1680861909756944e-05,0.0336410921620609,0.05867006473063422,0.01103427822915597,1.734468952780551e-05,0.01103427822915597,7.571624082330492e-05,6.0039309903942276e-05,0.007670169012949881,3.635713766405392e-05,3.1353861838725436e-05,0.020453784034533032,0.008208426487542862,2.201441363144549e-05,4.96992065315967e-05,3.335517216885683e-05,2.5016379126642606e-05,3.435582733392253e-05,2.83518963435283e-05,2.4015723961576885e-05,0.013321872496176118,0.01009232764861827,0.021395734615070737,0.00941950580537705,2.068020674469121e-05,0.011303406966452463,0.008208426487542862,3.535648249898819e-05,6.904520638953365e-05,0.011572535703748946,0.006189960957819207
2025-11-05,2.4015723961576885e-05,0.015340338025899763,0.018166189767512893,0.01910814034805058,3.268806872547969e-05,0.007266475907005157,0.015340338025899763,3.535648249898819e-05,0.009688634542673541,5.90386547388765e-05,7.304782704979651e-05,0.05234553940416677,2.2347965353134078e-05,0.5558854068858944,0.010496020754563002,0.013187308127527868,0.008746683962135834,0.03135349789504075,2.868544806521685e-05,2.1680861909756944e-05,0.0336410921620609,0.05867006473063422,0.01103427822915597,1.734468952780551e-05,0.01103427822915597,7.571624082330492e-05,6.0039309903942276e-05,0.007670169012949881,3.635713766405392e-05,3.1353861838725436e-05,0.020453784034533032,0.008208426487542862,2.201441363144549e-05,4.96992065315967e-05,3.335517216885683e-05,2.5016379126642606e-05,3.435582733392253e-05,2.83518963435283e-05,2.4015723961576885e-05,0.013321872496176118,0.01009232764861827,0.021395734615070737,0.00941950580537705,2.068020674469121e-05,0.011303406966452463,0.008208426487542862,3.535648249898819e-05,6.904520638953365e-05,0.011572535703748946,0.006189960957819207
2025-11-06,2.4015723961576885e-05,0.015340338025899763,0.018166189767512893,0.01910814034805058,3.268806872547969e-05,0.007266475907005157,0.015340338025899763,3.535648249898819e-05,0.009688634542673541,5.90386547388765e-05,7.304782704979651e-05,0.05234553940416677,2.2347965353134078e-05,0.5558854068858944,0.010496020754563002,0.013187308127527868,0.008746683962135834,0.03135349789504075,2.868544806521685e-05,2.1680861909756944e-05,0.0336410921620609,0.05867006473063422,0.01103427822915597,1.734468952780551e-05,0.01103427822915597,7.571624082330492e-05,6.0039309903942276e-05,0.007670169012949881,3.635713766405392e-05,3.1353861838725436e-05,0.020453784034533032,0.008208426487542862,2.201441363144549e-05,4.96992065315967e-05,3.335517216885683e-05,2.5016379126642606e-05,3.435582733392253e-05,2.83518963435283e-05,2.4015723961576885e-05,0.013321872496176118,0.01009232764861827,0.021395734615070737,0.00941950580537705,2.068020674469121e-05,0.011303406966452463,0.008208426487542862,3.535648249898819e-05,6.904520638953365e-05,0.011572535703748946,0.006189960957819207
2025-11-07,2.4015723961576885e-05,0.015340338025899763,0.018166189767512893,0.01910814034805058,3.268806872547969e-05,0.007266475907005157,0.015340338025899763,3.535648249898819e-05,0.009688634542673541,5.90386547388765e-05,7.304782704979651e-05,0.05234553940416677,2.2347965353134078e-05,0.5558854068858944,0.010496020754563002,0.013187308127527868,0.008746683962135834,0.03135349789504075,2.868544806521685e-05,2.1680861909756944e-05,0.0336410921620609,0.05867006473063422,0.01103427822915597,1.734468952780551e-05,0.01103427822915597,7.571624082330492e-05,6.0039309903942276e-05,0.007670169012949881,3.635713766405392e-05,3.1353861838725436e-05,0.020453784034533032,0.008208426487542862,2.201441363144549e-05,4.96992065315967e-05,3.335517216885683e-05,2.5016379126642606e-05,3.435582733392253e-05,2.83518963435283e-05,2.4015723961576885e-05,0.013321872496176118,0.01009232764861827,0.021395734615070737,0.00941950580537705,2.068020674469121e-05,0.011303406966452463,0.008208426487542862,3.535648249898819e-05,6.904520638953365e-05,0.011572535703748946,0.006189960957819207
2025-11-10,2.4015723961576885e-05,0.015340338025899763,0.018166189767512893,0.01910814034805058,3.268806872547969e-05,0.007266475907005157,0.015340338025899763,3.535648249898819e-05,0.009688634542673541,5.90386547388765e-05,7.304782704979651e-05,0.05234553940416677,2.2347965353134078e-05,0.5558854068858944,0.010496020754563002,0.013187308127527868,0.008746683962135834,0.03135349789504075,2.868544806521685e-05,2.1680861909756944e-05,0.0336410921620609,0.05867006473063422,0.01103427822915597,1.734468952780551e-05,0.01103427822915597,7.571624082330492e-05,6.0039309903942276e-05,0.007670169012949881,3.635713766405392e-05,3.1353861838725436e-05,0.020453784034533032,0.008208426487542862,2.201441363144549e-05,4.96992065315967e-05,3.335517216885683e-05,2.5016379126642606e-05,3.435582733392253e-05,2.83518963435283e-05,2.4015723961576885e-05,0.013321872496176118,0.01009232764861827,0.021395734615070737,0.00941950580537705,2.068020674469121e-05,0.011303406966452463,0.008208426487542862,3.535648249898819e-05,6.904520638953365e-05,0.011572535703748946,0.006189960957819207
2025-11-11,2.4015723961576885e-05,0.015340338025899763,0.018166189767512893,0.01910814034805058,3.268806872547969e-05,0.007266475907005157,0.015340338025899763,3.535648249898819e-05,0.009688634542673541,5.90386547388765e-05,7.304782704979651e-05,0.05234553940416677,2.2347965353134078e-05,0.5558854068858944,0.010496020754563002,0.013187308127527868,0.008746683962135834,0.03135349789504075,2.868544806521685e-05,2.1680861909756944e-05,0.0336410921620609,0.05867006473063422,0.01103427822915597,1.734468952780551e-05,0.01103427822915597,7.571624082330492e-05,6.0039309903942276e-05,0.007670169012949881,3.635713766405392e-05,3.1353861838725436e-05,0.020453784034533032,0.008208426487542862,2.201441363144549e-05,4.96992065315967e-05,3.335517216885683e-05,2.5016379126642606e-05,3.435582733392253e-05,2.83518963435283e-05,2.4015723961576885e-05,0.013321872496176118,0.01009232764861827,0.021395734615070737,0.00941950580537705,2.068020674469121e-05,0.011303406966452463,0.008208426487542862,3.535648249898819e-05,6.904520638953365e-05,0.011572535703748946,0.006189960957819207
2025-11-12,2.4015723961576885e-05,0.015340338025899763,0.018166189767512893,0.01910814034805058,3.268806872547969e-05,0.007266475907005157,0.015340338025899763,3.535648249898819e-05,0.009688634542673541,5.90386547388765e-05,7.304782704979651e-05,0.05234553940416677,2.2347965353134078e-05,0.5558854068858944,0.010496020754563002,0.013187308127527868,0.008746683962135834,0.03135349789504075,2.868544806521685e-05,2.1680861909756944e-05,0.0336410921620609,0.05867006473063422,0.01103427822915597,1.734468952780551e-05,0.01103427822915597,7.571624082330492e-05,6.0039309903942276e-05,0.007670169012949881,3.635713766405392e-05,3.1353861838725436e-05,0.020453784034533032,0.008208426487542862,2.201441363144549e-05,4.96992065315967e-05,3.335517216885683e-05,2.5016379126642606e-05,3.435582733392253e-05,2.83518963435283e-05,2.4015723961576885e-05,0.013321872496176118,0.01009232764861827,0.021395734615070737,0.00941950580537705,2.068020674469121e-05,0.011303406966452463,0.008208426487542862,3.535648249898819e-05,6.904520638953365e-05,0.011572535703748946,0.006189960957819207
2025-11-13,2.4015723961576885e-05,0.015340338025899763,0.018166189767512893,0.01910814034805058,3.268806872547969e-05,0.007266475907005157,0.015340338025899763,3.535648249898819e-05,0.009688634542673541,5.90386547388765e-05,7.304782704979651e-05,0.05234553940416677,2.2347965353134078e-05,0.5558854068858944,0.010496020754563002,0.013187308127527868,0.008746683962135834,0.03135349789504075,2.868544806521685e-05,2.1680861909756944e-05,0.0336410921620609,0.05867006473063422,0.01103427822915597,1.734468952780551e-05,0.01103427822915597,7.571624082330492e-05,6.0039309903942276e-05,0.007670169012949881,3.635713766405392e-05,3.1353861838725436e-05,0.020453784034533032,0.008208426487542862,2.201441363144549e-05,4.96992065315967e-05,3.335517216885683e-05,2.5016379126642606e-05,3.435582733392253e-05,2.83518963435283e-05,2.4015723961576885e-05,0.013321872496176118,0.01009232764861827,0.021395734615070737,0.00941950580537705,2.068020674469121e-05,0.011303406966452463,0.008208426487542862,3.535648249898819e-05,6.904520638953365e-05,0.011572535703748946,0.006189960957819207
2025-11-14,2.4015723961576885e-05,0.015340338025899763,0.018166189767512893,0.01910814034805058,3.268806872547969e-05,0.007266475907005157,0.015340338025899763,3.535648249898819e-05,0.009688634542673541,5.90386547388765e-05,7.304782704979651e-05,0.05234553940416677,2.2347965353134078e-05,0.5558854068858944,0.010496020754563002,0.013187308127527868,0.008746683962135834,0.03135349789504075,2.868544806521685e-05,2.1680861909756944e-05,0.0336410921620609,0.05867006473063422,0.01103427822915597,1.734468952780551e-05,0.01103427822915597,7.571624082330492e-05,6.0039309903942276e-05,0.007670169012949881,3.635713766405392e-05,3.1353861838725436e-05,0.020453784034533032,0.008208426487542862,2.201441363144549e-05,4.96992065315967e-05,3.335517216885683e-05,2.5016379126642606e-05,3.435582733392253e-05,2.83518963435283e-05,2.4015723961576885e-05,0.013321872496176118,0.01009232764861827,0.021395734615070737,0.00941950580537705,2.068020674469121e-05,0.011303406966452463,0.008208426487542862,3.535648249898819e-05,6.904520638953365e-05,0.011572535703748946,0.006189960957819207
2025-11-17,2.4015723961576885e-05,0.015340338025899763,0.018166189767512893,0.01910814034805058,3.268806872547969e-05,0.007266475907005157,0.015340338025899763,3.535648249898819e-05,0.009688634542673541,5.90386547388765e-05,7.304782704979651e-05,0.05234553940416677,2.2347965353134078e-05,0.5558854068858944,0.010496020754563002,0.013187308127527868,0.008746683962135834,0.03135349789504075,2.868544806521685e-05,2.1680861909756944e-05,0.0336410921620609,0.05867006473063422,0.01103427822915597,1.734468952780551e-05,0.01103427822915597,7.571624082330492e-05,6.0039309903942276e-05,0.007670169012949881,3.635713766405392e-05,3.1353861838725436e-05,0.020453784034533032,0.008208426487542862,2.201441363144549e-05,4.96992065315967e-05,3.335517216885683e-05,2.5016379126642606e-05,3.435582733392253e-05,2.83518963435283e-05,2.4015723961576885e-05,0.013321872496176118,0.01009232764861827,0.021395734615070737,0.00941950580537705,2.068020674469121e-05,0.011303406966452463,0.008208426487542862,3.535648249898819e-05,6.904520638953365e-05,0.011572535703748946,0.006189960957819207
2025-11-18,2.4015723961576885e-05,0.015340338025899763,0.018166189767512893,0.01910814034805058,3.268806872547969e-05,0.007266475907005157,0.015340338025899763,3.535648249898819e-05,0.009688634542673541,5.90386547388765e-05,7.304782704979651e-05,0.05234553940416677,2.2347965353134078e-05,0.5558854068858944,0.010496020754563002,0.013187308127527868,0.008746683962135834,0.03135349789504075,2.868544806521685e-05,2.1680861909756944e-05,0.0336410921620609,0.05867006473063422,0.01103427822915597,1.734468952780551e-05,0.01103427822915597,7.571624082330492e-05,6.0039309903942276e-05,0.007670169012949881,3.635713766405392e-05,3.1353861838725436e-05,0.020453784034533032,0.008208426487542862,2.201441363144549e-05,4.96992065315967e-05,3.335517216885683e-05,2.5016379126642606e-05,3.435582733392253e-05,2.83518963435283e-05,2.4015723961576885e-05,0.013321872496176118,0.01009232764861827,0.021395734615070737,0.00941950580537705,2.068020674469121e-05,0.011303406966452463,0.008208426487542862,3.535648249898819e-05,6.904520638953365e-05,0.011572535703748946,0.006189960957819207
2025-11-19,2.4015723961576885e-05,0.015340338025899763,0.018166189767512893,0.01910814034805058,3.268806872547969e-05,0.007266475907005157,0.015340338025899763,3.535648249898819e-05,0.009688634542673541,5.90386547388765e-05,7.304782704979651e-05,0.05234553940416677,2.2347965353134078e-05,0.5558854068858944,0.010496020754563002,0.013187308127527868,0.008746683962135834,0.03135349789504075,2.868544806521685e-05,2.1680861909756944e-05,0.0336410921620609,0.05867006473063422,0.01103427822915597,1.734468952780551e-05,0.01103427822915597,7.571624082330492e-05,6.0039309903942276e-05,0.007670169012949881,3.635713766405392e-05,3.1353861838725436e-05,0.020453784034533032,0.008208426487542862,2.201441363144549e-05,4.96992065315967e-05,3.335517216885683e-05,2.5016379126642606e-05,3.435582733392253e-05,2.83518963435283e-05,2.4015723961576885e-05,0.013321872496176118,0.01009232764861827,0.021395734615070737,0.00941950580537705,2.068020674469121e-05,0.011303406966452463,0.008208426487542862,3.535648249898819e-05,6.904520638953365e-05,0.011572535703748946,0.006189960957819207
2025-11-20,2.4015723961576885e-05,0.015340338025899763,0.018166189767512893,0.01910814034805058,3.268806872547969e-05,0.007266475907005157,0.015340338025899763,3.535648249898819e-05,0.009688634542673541,5.90386547388765e-05,7.304782704979651e-05,0.05234553940416677,2.2347965353134078e-05,0.5558854068858944,0.010496020754563002,0.013187308127527868,0.008746683962135834,0.03135349789504075,2.868544806521685e-05,2.1680861909756944e-05,0.0336410921620609,0.05867006473063422,0.01103427822915597,1.734468952780551e-05,0.01103427822915597,7.571624082330492e-05,6.0039309903942276e-05,0.007670169012949881,3.635713766405392e-05,3.1353861838725436e-05,0.020453784034533032,0.008208426487542862,2.201441363144549e-05,4.96992065315967e-05,3.335517216885683e-05,2.5016379126642606e-05,3.435582733392253e-05,2.83518963435283e-05,2.4015723961576885e-05,0.013321872496176118,0.01009232764861827,0.021395734615070737,0.00941950580537705,2.068020674469121e-05,0.011303406966452463,0.008208426487542862,3.535648249898819e-05,6.904520638953365e-05,0.011572535703748946,0.006189960957819207
2025-11-21,2.4015723961576885e-05,0.015340338025899763,0.018166189767512893,0.01910814034805058,3.268806872547969e-05,0.007266475907005157,0.015340338025899763,3.535648249898819e-05,0.009688634542673541,5.90386547388765e-05,7.304782704979651e-05,0.05234553940416677,2.2347965353134078e-05,0.5558854068858944,0.010496020754563002,0.013187308127527868,0.008746683962135834,0.03135349789504075,2.868544806521685e-05,2.1680861909756944e-05,0.0336410921620609,0.05867006473063422,0.01103427822915597,1.734468952780551e-05,0.01103427822915597,7.571624082330492e-05,6.0039309903942276e-05,0.007670169012949881,3.635713766405392e-05,3.1353861838725436e-05,0.020453784034533032,0.008208426487542862,2.201441363144549e-05,4.96992065315967e-05,3.335517216885683e-05,2.5016379126642606e-05,3.435582733392253e-05,2.83518963435283e-05,2.4015723961576885e-05,0.013321872496176118,0.01009232764861827,0.021395734615070737,0.00941950580537705,2.068020674469121e-05,0.011303406966452463,0.008208426487542862,3.535648249898819e-05,6.904520638953365e-05,0.011572535703748946,0.006189960957819207
2025-11-24,2.4015723961576885e-05,0.015340338025899763,0.018166189767512893,0.01910814034805058,3.268806872547969e-05,0.007266475907005157,0.015340338025899763,3.535648249898819e-05,0.009688634542673541,5.90386547388765e-05,7.304782704979651e-05,0.05234553940416677,2.2347965353134078e-05,0.5558854068858944,0.010496020754563002,0.013187308127527868,0.008746683962135834,0.03135349789504075,2.868544806521685e-05,2.1680861909756944e-05,0.0336410921620609,0.05867006473063422,0.01103427822915597,1.734468952780551e-05,0.01103427822915597,7.571624082330492e-05,6.0039309903942276e-05,0.007670169012949881,3.635713766405392e-05,3.1353861838725436e-05,0.020453784034533032,0.008208426487542862,2.201441363144549e-05,4.96992065315967e-05,3.335517216885683e-05,2.5016379126642606e-05,3.435582733392253e-05,2.83518963435283e-05,2.4015723961576885e-05,0.013321872496176118,0.01009232764861827,0.021395734615070737,0.00941950580537705,2.068020674469121e-05,0.011303406966452463,0.008208426487542862,3.535648249898819e-05,6.904520638953365e-05,0.011572535703748946,0.006189960957819207
2025-11-25,2.4015723961576885e-05,0.015340338025899763,0.018166189767512893,0.01910814034805058,3.268806872547969e-05,0.007266475907005157,0.015340338025899763,3.535648249898819e-05,0.009688634542673541,5.90386547388765e-05,7.304782704979651e-05,0.05234553940416677,2.2347965353134078e-05,0.5558854068858944,0.010496020754563002,0.013187308127527868,0.008746683962135834,0.03135349789504075,2.868544806521685e-05,2.1680861909756944e-05,0.0336410921620609,0.05867006473063422,0.01103427822915597,1.734468952780551e-05,0.01103427822915597,7.571624082330492e-05,6.0039309903942276e-05,0.007670169012949881,3.635713766405392e-05,3.1353861838725436e-05,0.020453784034533032,0.008208426487542862,2.201441363144549e-05,4.96992065315967e-05,3.335517216885683e-05,2.5016379126642606e-05,3.435582733392253e-05,2.83518963435283e-05,2.4015723961576885e-05,0.013321872496176118,0.01009232764861827,0.021395734615070737,0.00941950580537705,2.068020674469121e-05,0.011303406966452463,0.008208426487542862,3.535648249898819e-05,6.904520638953365e-05,0.011572535703748946,0.006189960957819207
2025-11-26,2.4015723961576885e-05,0.015340338025899763,0.018166189767512893,0.01910814034805058,3.268806872547969e-05,0.007266475907005157,0.015340338025899763,3.535648249898819e-05,0.009688634542673541,5.90386547388765e-05,7.304782704979651e-05,0.05234553940416677,2.2347965353134078e-05,0.5558854068858944,0.010496020754563002,0.013187308127527868,0.008746683962135834,0.03135349789504075,2.868544806521685e-05,2.1680861909756944e-05,0.0336410921620609,0.05867006473063422,0.01103427822915597,1.734468952780551e-05,0.01103427822915597,7.571624082330492e-05,6.0039309903942276e-05,0.007670169012949881,3.635713766405392e-05,3.1353861838725436e-05,0.020453784034533032,0.008208426487542862,2.201441363144549e-05,4.96992065315967e-05,3.335517216885683e-05,2.5016379126642606e-05,3.435582733392253e-05,2.83518963435283e-05,2.4015723961576885e-05,0.013321872496176118,0.01009232764861827,0.021395734615070737,0.00941950580537705,2.068020674469121e-05,0.011303406966452463,0.008208426487542862,3.535648249898819e-05,6.904520638953365e-05,0.011572535703748946,0.006189960957819207
2025-11-27,2.4015723961576885e-05,0.015340338025899763,0.018166189767512893,0.01910814034805058,3.268806872547969e-05,0.007266475907005157,0.015340338025899763,3.535648249898819e-05,0.009688634542673541,5.90386547388765e-05,7.304782704979651e-05,0.05234553940416677,2.2347965353134078e-05,0.5558854068858944,0.010496020754563002,0.013187308127527868,0.008746683962135834,0.03135349789504075,2.868544806521685e-05,2.1680861909756944e-05,0.0336410921620609,0.05867006473063422,0.01103427822915597,1.734468952780551e-05,0.01103427822915597,7.571624082330492e-05,6.0039309903942276e-05,0.007670169012949881,3.635713766405392e-05,3.1353861838725436e-05,0.020453784034533032,0.008208426487542862,2.201441363144549e-05,4.96992065315967e-05,3.335517216885683e-05,2.5016379126642606e-05,3.435582733392253e-05,2.83518963435283e-05,2.4015723961576885e-05,0.013321872496176118,0.01009232764861827,0.021395734615070737,0.00941950580537705,2.068020674469121e-05,0.011303406966452463,0.008208426487542862,3.535648249898819e-05,6.904520638953365e-05,0.011572535703748946,0.006189960957819207
2025-11-28,2.4015723961576885e-05,0.015340338025899763,0.018166189767512893,0.01910814034805058,3.268806872547969e-05,0.007266475907005157,0.015340338025899763,3.535648249898819e-05,0.009688634542673541,5.90386547388765e-05,7.304782704979651e-05,0.05234553940416677,2.2347965353134078e-05,0.5558854068858944,0.010496020754563002,0.013187308127527868,0.008746683962135834,0.03135349789504075,2.868544806521685e-05,2.1680861909756944e-05,0.0336410921620609,0.05867006473063422,0.01103427822915597,1.734468952780551e-05,0.01103427822915597,7.571624082330492e-05,6.0039309903942276e-05,0.007670169012949881,3.635713766405392e-05,3.1353861838725436e-05,0.020453784034533032,0.008208426487542862,2.201441363144549e-05,4.96992065315967e-05,3.335517216885683e-05,2.5016379126642606e-05,3.435582733392253e-05,2.83518963435283e-05,2.4015723961576885e-05,0.013321872496176118,0.01009232764861827,0.021395734615070737,0.00941950580537705,2.068020674469121e-05,0.011303406966452463,0.008208426487542862,3.535648249898819e-05,6.904520638953365e-05,0.011572535703748946,0.006189960957819207
2025-12-01,2.4015723961576885e-05,0.015340338025899763,0.018166189767512893,0.01910814034805058,3.268806872547969e-05,0.007266475907005157,0.015340338025899763,3.535648249898819e-05,0.009688634542673541,5.90386547388765e-05,7.304782704979651e-05,0.05234553940416677,2.2347965353134078e-05,0.5558854068858944,0.010496020754563002,0.013187308127527868,0.008746683962135834,0.03135349789504075,2.868544806521685e-05,2.1680861909756944e-05,0.0336410921620609,0.05867006473063422,0.01103427822915597,1.734468952780551e-05,0.01103427822915597,7.571624082330492e-05,6.0039309903942276e-05,0.007670169012949881,3.635713766405392e-05,3.1353861838725436e-05,0.020453784034533032,0.008208426487542862,2.201441363144549e-05,4.96992065315967e-05,3.335517216885683e-05,2.5016379126642606e-05,3.435582733392253e-05,2.83518963435283e-05,2.4015723961576885e-05,0.013321872496176118,0.01009232764861827,0.021395734615070737,0.00941950580537705,2.068020674469121e-05,0.011303406966452463,0.008208426487542862,3.535648249898819e-05,6.904520638953365e-05,0.011572535703748946,0.006189960957819207
2025-12-02,2.4015723961576885e-05,0.015340338025899763,0.018166189767512893,0.01910814034805058,3.268806872547969e-05,0.007266475907005157,0.015340338025899763,3.535648249898819e-05,0.009688634542673541,5.90386547388765e-05,7.304782704979651e-05,0.05234553940416677,2.2347965353134078e-05,0.5558854068858944,0.010496020754563002,0.013187308127527868,0.008746683962135834,0.03135349789504075,2.868544806521685e-05,2.1680861909756944e-05,0.0336410921620609,0.05867006473063422,0.01103427822915597,1.734468952780551e-05,0.01103427822915597,7.571624082330492e-05,6.0039309903942276e-05,0.007670169012949881,3.635713766405392e-05,3.1353861838725436e-05,0.020453784034533032,0.008208426487542862,2.201441363144549e-05,4.96992065315967e-05,3.335517216885683e-05,2.5016379126642606e-05,3.435582733392253e-05,2.83518963435283e-05,2.4015723961576885e-05,0.013321872496176118,0.01009232764861827,0.021395734615070737,0.00941950580537705,2.068020674469121e-05,0.011303406966452463,0.008208426487542862,3.535648249898819e-05,6.904520638953365e-05,0.011572535703748946,0.006189960957819207
2025-12-03,2.4015723961576885e-05,0.015340338025899763,0.018166189767512893,0.01910814034805058,3.268806872547969e-05,0.007266475907005157,0.015340338025899763,3.535648249898819e-05,0.009688634542673541,5.90386547388765e-05,7.304782704979651e-05,0.05234553940416677,2.2347965353134078e-05,0.5558854068858944,0.010496020754563002,0.013187308127527868,0.008746683962135834,0.03135349789504075,2.868544806521685e-05,2.1680861909756944e-05,0.0336410921620609,0.05867006473063422,0.01103427822915597,1.734468952780551e-05,0.01103427822915597,7.571624082330492e-05,6.0039309903942276e-05,0.007670169012949881,3.635713766405392e-05,3.1353861838725436e-05,0.020453784034533032,0.008208426487542862,2.201441363144549e-05,4.96992065315967e-05,3.335517216885683e-05,2.5016379126642606e-05,3.435582733392253e-05,2.83518963435283e-05,2.4015723961576885e-05,0.013321872496176118,0.01009232764861827,0.021395734615070737,0.00941950580537705,2.068020674469121e-05,0.011303406966452463,0.008208426487542862,3.535648249898819e-05,6.904520638953365e-05,0.011572535703748946,0.006189960957819207
2025-12-04,2.4015723961576885e-05,0.015340338025899763,0.018166189767512893,0.01910814034805058,3.268806872547969e-05,0.007266475907005157,0.015340338025899763,3.535648249898819e-05,0.009688634542673541,5.90386547388765e-05,7.304782704979651e-05,0.05234553940416677,2.2347965353134078e-05,0.5558854068858944,0.010496020754563002,0.013187308127527868,0.008746683962135834,0.03135349789504075,2.868544806521685e-05,2.1680861909756944e-05,0.0336410921620609,0.05867006473063422,0.01103427822915597,1.734468952780551e-05,0.01103427822915597,7.571624082330492e-05,6.0039309903942276e-05,0.007670169012949881,3.635713766405392e-05,3.1353861838725436e-05,0.020453784034533032,0.008208426487542862,2.201441363144549e-05,4.96992065315967e-05,3.335517216885683e-05,2.5016379126642606e-05,3.435582733392253e-05,2.83518963435283e-05,2.4015723961576885e-05,0.013321872496176118,0.01009232764861827,0.021395734615070737,0.00941950580537705,2.068020674469121e-05,0.011303406966452463,0.008208426487542862,3.535648249898819e-05,6.904520638953365e-05,0.011572535703748946,0.006189960957819207
2025-12-05,2.4015723961576885e-05,0.015340338025899763,0.018166189767512893,0.01910814034805058,3.268806872547969e-05,0.007266475907005157,0.015340338025899763,3.535648249898819e-05,0.009688634542673541,5.90386547388765e-05,7.304782704979651e-05,0.05234553940416677,2.2347965353134078e-05,0.5558854068858944,0.010496020754563002,0.013187308127527868,0.008746683962135834,0.03135349789504075,2.868544806521685e-05,2.1680861909756944e-05,0.0336410921620609,0.05867006473063422,0.01103427822915597,1.734468952780551e-05,0.01103427822915597,7.571624082330492e-05,6.0039309903942276e-05,0.007670169012949881,3.635713766405392e-05,3.1353861838725436e-05,0.020453784034533032,0.008208426487542862,2.201441363144549e-05,4.96992065315967e-05,3.335517216885683e-05,2.5016379126642606e-05,3.435582733392253e-05,2.83518963435283e-05,2.4015723961576885e-05,0.013321872496176118,0.01009232764861827,0.021395734615070737,0.00941950580537705,2.068020674469121e-05,0.011303406966452463,0.008208426487542862,3.535648249898819e-05,6.904520638953365e-05,0.011572535703748946,0.006189960957819207
2025-12-08,2.4015723961576885e-05,0.015340338025899763,0.018166189767512893,0.01910814034805058,3.268806872547969e-05,0.007266475907005157,0.015340338025899763,3.535648249898819e-05,0.009688634542673541,5.90386547388765e-05,7.304782704979651e-05,0.05234553940416677,2.2347965353134078e-05,0.5558854068858944,0.010496020754563002,0.013187308127527868,0.008746683962135834,0.03135349789504075,2.868544806521685e-05,2.1680861909756944e-05,0.0336410921620609,0.05867006473063422,0.01103427822915597,1.734468952780551e-05,0.01103427822915597,7.571624082330492e-05,6.0039309903942276e-05,0.007670169012949881,3.635713766405392e-05,3.1353861838725436e-05,0.020453784034533032,0.008208426487542862,2.201441363144549e-05,4.96992065315967e-05,3.335517216885683e-05,2.5016379126642606e-05,3.435582733392253e-05,2.83518963435283e-05,2.4015723961576885e-05,0.013321872496176118,0.01009232764861827,0.021395734615070737,0.00941950580537705,2.068020674469121e-05,0.011303406966452463,0.008208426487542862,3.535648249898819e-05,6.904520638953365e-05,0.011572535703748946,0.006189960957819207
2025-12-09,2.4015723961576885e-05,0.015340338025899763,0.018166189767512893,0.01910814034805058,3.268806872547969e-05,0.007266475907005157,0.015340338025899763,3.535648249898819e-05,0.009688634542673541,5.90386547388765e-05,7.304782704979651e-05,0.05234553940416677,2.2347965353134078e-05,0.5558854068858944,0.010496020754563002,0.013187308127527868,0.008746683962135834,0.03135349789504075,2.868544806521685e-05,2.1680861909756944e-05,0.0336410921620609,0.05867006473063422,0.01103427822915597,1.734468952780551e-05,0.01103427822915597,7.571624082330492e-05,6.0039309903942276e-05,0.007670169012949881,3.635713766405392e-05,3.1353861838725436e-05,0.020453784034533032,0.008208426487542862,2.201441363144549e-05,4.96992065315967e-05,3.335517216885683e-05,2.5016379126642606e-05,3.435582733392253e-05,2.83518963435283e-05,2.4015723961576885e-05,0.013321872496176118,0.01009232764861827,0.021395734615070737,0.00941950580537705,2.068020674469121e-05,0.011303406966452463,0.008208426487542862,3.535648249898819e-05,6.904520638953365e-05,0.011572535703748946,0.006189960957819207
2025-12-10,2.4015723961576885e-05,0.015340338025899763,0.018166189767512893,0.01910814034805058,3.268806872547969e-05,0.007266475907005157,0.015340338025899763,3.535648249898819e-05,0.009688634542673541,5.90386547388765e-05,7.304782704979651e-05,0.05234553940416677,2.2347965353134078e-05,0.5558854068858944,0.010496020754563002,0.013187308127527868,0.008746683962135834,0.03135349789504075,2.868544806521685e-05,2.1680861909756944e-05,0.0336410921620609,0.05867006473063422,0.01103427822915597,1.734468952780551e-05,0.01103427822915597,7.571624082330492e-05,6.0039309903942276e-05,0.007670169012949881,3.635713766405392e-05,3.1353861838725436e-05,0.020453784034533032,0.008208426487542862,2.201441363144549e-05,4.96992065315967e-05,3.335517216885683e-05,2.5016379126642606e-05,3.435582733392253e-05,2.83518963435283e-05,2.4015723961576885e-05,0.013321872496176118,0.01009232764861827,0.021395734615070737,0.00941950580537705,2.068020674469121e-05,0.011303406966452463,0.008208426487542862,3.535648249898819e-05,6.904520638953365e-05,0.011572535703748946,0.006189960957819207
2025-12-11,2.4015723961576885e-05,0.015340338025899763,0.018166189767512893,0.01910814034805058,3.268806872547969e-05,0.007266475907005157,0.015340338025899763,3.535648249898819e-05,0.009688634542673541,5.90386547388765e-05,7.304782704979651e-05,0.05234553940416677,2.2347965353134078e-05,0.5558854068858944,0.010496020754563002,0.013187308127527868,0.008746683962135834,0.03135349789504075,2.868544806521685e-05,2.1680861909756944e-05,0.0336410921620609,0.05867006473063422,0.01103427822915597,1.734468952780551e-05,0.01103427822915597,7.571624082330492e-05,6.0039309903942276e-05,0.007670169012949881,3.635713766405392e-05,3.1353861838725436e-05,0.020453784034533032,0.008208426487542862,2.201441363144549e-05,4.96992065315967e-05,3.335517216885683e-05,2.5016379126642606e-05,3.435582733392253e-05,2.83518963435283e-05,2.4015723961576885e-05,0.013321872496176118,0.01009232764861827,0.021395734615070737,0.00941950580537705,2.068020674469121e-05,0.011303406966452463,0.008208426487542862,3.535648249898819e-05,6.904520638953365e-05,0.011572535703748946,0.006189960957819207
2025-12-12,2.4015723961576885e-05,0.015340338025899763,0.018166189767512893,0.01910814034805058,3.268806872547969e-05,0.007266475907005157,0.015340338025899763,3.535648249898819e-05,0.009688634542673541,5.90386547388765e-05,7.304782704979651e-05,0.05234553940416677,2.2347965353134078e-05,0.5558854068858944,0.010496020754563002,0.013187308127527868,0.008746683962135834,0.03135349789504075,2.868544806521685e-05,2.1680861909756944e-05,0.0336410921620609,0.05867006473063422,0.01103427822915597,1.734468952780551e-05,0.01103427822915597,7.571624082330492e-05,6.0039309903942276e-05,0.007670169012949881,3.635713766405392e-05,3.1353861838725436e-05,0.020453784034533032,0.008208426487542862,2.201441363144549e-05,4.96992065315967e-05,3.335517216885683e-05,2.5016379126642606e-05,3.435582733392253e-05,2.83518963435283e-05,2.4015723961576885e-05,0.013321872496176118,0.01009232764861827,0.021395734615070737,0.00941950580537705,2.068020674469121e-05,0.011303406966452463,0.008208426487542862,3.535648249898819e-05,6.904520638953365e-05,0.011572535703748946,0.006189960957819207
2025-12-15,2.4015723961576885e-05,0.015340338025899763,0.018166189767512893,0.01910814034805058,3.268806872547969e-05,0.007266475907005157,0.015340338025899763,3.535648249898819e-05,0.009688634542673541,5.90386547388765e-05,7.304782704979651e-05,0.05234553940416677,2.2347965353134078e-05,0.5558854068858944,0.010496020754563002,0.013187308127527868,0.008746683962135834,0.03135349789504075,2.868544806521685e-05,2.1680861909756944e-05,0.0336410921620609,0.05867006473063422,0.01103427822915597,1.734468952780551e-05,0.01103427822915597,7.571624082330492e-05,6.0039309903942276e-05,0.007670169012949881,3.635713766405392e-05,3.1353861838725436e-05,0.020453784034533032,0.008208426487542862,2.201441363144549e-05,4.96992065315967e-05,3.335517216885683e-05,2.5016379126642606e-05,3.435582733392253e-05,2.83518963435283e-05,2.4015723961576885e-05,0.013321872496176118,0.01009232764861827,0.021395734615070737,0.00941950580537705,2.068020674469121e-05,0.011303406966452463,0.008208426487542862,3.535648249898819e-05,6.904520638953365e-05,0.011572535703748946,0.006189960957819207
2025-12-16,2.4015723961576885e-05,0.015340338025899763,0.018166189767512893,0.01910814034805058,3.268806872547969e-05,0.007266475907005157,0.015340338025899763,3.535648249898819e-05,0.009688634542673541,5.90386547388765e-05,7.304782704979651e-05,0.05234553940416677,2.2347965353134078e-05,0.5558854068858944,0.010496020754563002,0.013187308127527868,0.008746683962135834,0.03135349789504075,2.868544806521685e-05,2.1680861909756944e-05,0.0336410921620609,0.05867006473063422,0.01103427822915597,1.734468952780551e-05,0.01103427822915597,7.571624082330492e-05,6.0039309903942276e-05,0.007670169012949881,3.635713766405392e-05,3.1353861838725436e-05,0.020453784034533032,0.008208426487542862,2.201441363144549e-05,4.96992065315967e-05,3.335517216885683e-05,2.5016379126642606e-05,3.435582733392253e-05,2.83518963435283e-05,2.4015723961576885e-05,0.013321872496176118,0.01009232764861827,0.021395734615070737,0.00941950580537705,2.068020674469121e-05,0.011303406966452463,0.008208426487542862,3.535648249898819e-05,6.904520638953365e-05,0.011572535703748946,0.006189960957819207
2025-12-17,2.4015723961576885e-05,0.015340338025899763,0.018166189767512893,0.01910814034805058,3.268806872547969e-05,0.007266475907005157,0.015340338025899763,3.535648249898819e-05,0.009688634542673541,5.90386547388765e-05,7.304782704979651e-05,0.05234553940416677,2.2347965353134078e-05,0.5558854068858944,0.010496020754563002,0.013187308127527868,0.008746683962135834,0.03135349789504075,2.868544806521685e-05,2.1680861909756944e-05,0.0336410921620609,0.05867006473063422,0.01103427822915597,1.734468952780551e-05,0.01103427822915597,7.571624082330492e-05,6.0039309903942276e-05,0.007670169012949881,3.635713766405392e-05,3.1353861838725436e-05,0.020453784034533032,0.008208426487542862,2.201441363144549e-05,4.96992065315967e-05,3.335517216885683e-05,2.5016379126642606e-05,3.435582733392253e-05,2.83518963435283e-05,2.4015723961576885e-05,0.013321872496176118,0.01009232764861827,0.021395734615070737,0.00941950580537705,2.068020674469121e-05,0.011303406966452463,0.008208426487542862,3.535648249898819e-05,6.904520638953365e-05,0.011572535703748946,0.006189960957819207
2025-12-18,2.4015723961576885e-05,0.015340338025899763,0.018166189767512893,0.01910814034805058,3.268806872547969e-05,0.007266475907005157,0.015340338025899763,3.535648249898819e-05,0.009688634542673541,5.90386547388765e-05,7.304782704979651e-05,0.05234553940416677,2.2347965353134078e-05,0.5558854068858944,0.010496020754563002,0.013187308127527868,0.008746683962135834,0.03135349789504075,2.868544806521685e-05,2.1680861909756944e-05,0.0336410921620609,0.05867006473063422,0.01103427822915597,1.734468952780551e-05,0.01103427822915597,7.571624082330492e-05,6.0039309903942276e-05,0.007670169012949881,3.635713766405392e-05,3.1353861838725436e-05,0.020453784034533032,0.008208426487542862,2.201441363144549e-05,4.96992065315967e-05,3.335517216885683e-05,2.5016379126642606e-05,3.435582733392253e-05,2.83518963435283e-05,2.4015723961576885e-05,0.013321872496176118,0.01009232764861827,0.021395734615070737,0.00941950580537705,2.068020674469121e-05,0.011303406966452463,0.008208426487542862,3.535648249898819e-05,6.904520638953365e-05,0.011572535703748946,0.006189960957819207
2025-12-19,2.4015723961576885e-05,0.015340338025899763,0.018166189767512893,0.01910814034805058,3.268806872547969e-05,0.007266475907005157,0.015340338025899763,3.535648249898819e-05,0.009688634542673541,5.90386547388765e-05,7.304782704979651e-05,0.05234553940416677,2.2347965353134078e-05,0.5558854068858944,0.010496020754563002,0.013187308127527868,0.008746683962135834,0.03135349789504075,2.868544806521685e-05,2.1680861909756944e-05,0.0336410921620609,0.05867006473063422,0.01103427822915597,1.734468952780551e-05,0.01103427822915597,7.571624082330492e-05,6.0039309903942276e-05,0.007670169012949881,3.635713766405392e-05,3.1353861838725436e-05,0.020453784034533032,0.008208426487542862,2.201441363144549e-05,4.96992065315967e-05,3.335517216885683e-05,2.5016379126642606e-05,3.435582733392253e-05,2.83518963435283e-05,2.4015723961576885e-05,0.013321872496176118,0.01009232764861827,0.021395734615070737,0.00941950580537705,2.068020674469121e-05,0.011303406966452463,0.008208426487542862,3.535648249898819e-05,6.904520638953365e-05,0.011572535703748946,0.006189960957819207
2025-12-22,2.4015723961576885e-05,0.015340338025899763,0.018166189767512893,0.01910814034805058,3.268806872547969e-05,0.007266475907005157,0.015340338025899763,3.535648249898819e-05,0.009688634542673541,5.90386547388765e-05,7.304782704979651e-05,0.05234553940416677,2.2347965353134078e-05,0.5558854068858944,0.010496020754563002,0.013187308127527868,0.008746683962135834,0.03135349789504075,2.868544806521685e-05,2.1680861909756944e-05,0.0336410921620609,0.05867006473063422,0.01103427822915597,1.734468952780551e-05,0.01103427822915597,7.571624082330492e-05,6.0039309903942276e-05,0.007670169012949881,3.635713766405392e-05,3.1353861838725436e-05,0.020453784034533032,0.008208426487542862,2.201441363144549e-05,4.96992065315967e-05,3.335517216885683e-05,2.5016379126642606e-05,3.435582733392253e-05,2.83518963435283e-05,2.4015723961576885e-05,0.013321872496176118,0.01009232764861827,0.021395734615070737,0.00941950580537705,2.068020674469121e-05,0.011303406966452463,0.008208426487542862,3.535648249898819e-05,6.904520638953365e-05,0.011572535703748946,0.006189960957819207
2025-12-23,2.4015723961576885e-05,0.015340338025899763,0.018166189767512893,0.01910814034805058,3.268806872547969e-05,0.007266475907005157,0.015340338025899763,3.535648249898819e-05,0.009688634542673541,5.90386547388765e-05,7.304782704979651e-05,0.05234553940416677,2.2347965353134078e-05,0.5558854068858944,0.010496020754563002,0.013187308127527868,0.008746683962135834,0.03135349789504075,2.868544806521685e-05,2.1680861909756944e-05,0.0336410921620609,0.05867006473063422,0.01103427822915597,1.734468952780551e-05,0.01103427822915597,7.571624082330492e-05,6.0039309903942276e-05,0.007670169012949881,3.635713766405392e-05,3.1353861838725436e-05,0.020453784034533032,0.008208426487542862,2.201441363144549e-05,4.96992065315967e-05,3.335517216885683e-05,2.5016379126642606e-05,3.435582733392253e-05,2.83518963435283e-05,2.4015723961576885e-05,0.013321872496176118,0.01009232764861827,0.021395734615070737,0.00941950580537705,2.068020674469121e-05,0.011303406966452463,0.008208426487542862,3.535648249898819e-05,6.904520638953365e-05,0.011572535703748946,0.006189960957819207
2025-12-24,2.4015723961576885e-05,0.015340338025899763,0.018166189767512893,0.01910814034805058,3.268806872547969e-05,0.007266475907005157,0.015340338025899763,3.535648249898819e-05,0.009688634542673541,5.90386547388765e-05,7.304782704979651e-05,0.05234553940416677,2.2347965353134078e-05,0.5558854068858944,0.010496020754563002,0.013187308127527868,0.008746683962135834,0.03135349789504075,2.868544806521685e-05,2.1680861909756944e-05,0.0336410921620609,0.05867006473063422,0.01103427822915597,1.734468952780551e-05,0.01103427822915597,7.571624082330492e-05,6.0039309903942276e-05,0.007670169012949881,3.635713766405392e-05,3.1353861838725436e-05,0.020453784034533032,0.008208426487542862,2.201441363144549e-05,4.96992065315967e-05,3.335517216885683e-05,2.5016379126642606e-05,3.435582733392253e-05,2.83518963435283e-05,2.4015723961576885e-05,0.013321872496176118,0.01009232764861827,0.021395734615070737,0.00941950580537705,2.068020674469121e-05,0.011303406966452463,0.008208426487542862,3.535648249898819e-05,6.904520638953365e-05,0.011572535703748946,0.006189960957819207
2025-12-26,2.4015723961576885e-05,0.015340338025899763,0.018166189767512893,0.01910814034805058,3.268806872547969e-05,0.007266475907005157,0.015340338025899763,3.535648249898819e-05,0.009688634542673541,5.90386547388765e-05,7.304782704979651e-05,0.05234553940416677,2.2347965353134078e-05,0.5558854068858944,0.010496020754563002,0.013187308127527868,0.008746683962135834,0.03135349789504075,2.868544806521685e-05,2.1680861909756944e-05,0.0336410921620609,0.05867006473063422,0.01103427822915597,1.734468952780551e-05,0.01103427822915597,7.571624082330492e-05,6.0039309903942276e-05,0.007670169012949881,3.635713766405392e-05,3.1353861838725436e-05,0.020453784034533032,0.008208426487542862,2.201441363144549e-05,4.96992065315967e-05,3.335517216885683e-05,2.5016379126642606e-05,3.435582733392253e-05,2.83518963435283e-05,2.4015723961576885e-05,0.013321872496176118,0.01009232764861827,0.021395734615070737,0.00941950580537705,2.068020674469121e-05,0.011303406966452463,0.008208426487542862,3.535648249898819e-05,6.904520638953365e-05,0.011572535703748946,0.006189960957819207
2025-12-29,2.4015723961576885e-05,0.015340338025899763,0.018166189767512893,0.01910814034805058,3.268806872547969e-05,0.007266475907005157,0.015340338025899763,3.535648249898819e-05,0.009688634542673541,5.90386547388765e-05,7.304782704979651e-05,0.05234553940416677,2.2347965353134078e-05,0.5558854068858944,0.010496020754563002,0.013187308127527868,0.008746683962135834,0.03135349789504075,2.868544806521685e-05,2.1680861909756944e-05,0.0336410921620609,0.05867006473063422,0.01103427822915597,1.734468952780551e-05,0.01103427822915597,7.571624082330492e-05,6.0039309903942276e-05,0.007670169012949881,3.635713766405392e-05,3.1353861838725436e-05,0.020453784034533032,0.008208426487542862,2.201441363144549e-05,4.96992065315967e-05,3.335517216885683e-05,2.5016379126642606e-05,3.435582733392253e-05,2.83518963435283e-05,2.4015723961576885e-05,0.013321872496176118,0.01009232764861827,0.021395734615070737,0.00941950580537705,2.068020674469121e-05,0.011303406966452463,0.008208426487542862,3.535648249898819e-05,6.904520638953365e-05,0.011572535703748946,0.006189960957819207
2025-12-30,2.4015723961576885e-05,0.015340338025899763,0.018166189767512893,0.01910814034805058,3.268806872547969e-05,0.007266475907005157,0.015340338025899763,3.535648249898819e-05,0.009688634542673541,5.90386547388765e-05,7.304782704979651e-05,0.05234553940416677,2.2347965353134078e-05,0.5558854068858944,0.010496020754563002,0.013187308127527868,0.008746683962135834,0.03135349789504075,2.868544806521685e-05,2.1680861909756944e-05,0.0336410921620609,0.05867006473063422,0.01103427822915597,1.734468952780551e-05,0.01103427822915597,7.571624082330492e-05,6.0039309903942276e-05,0.007670169012949881,3.635713766405392e-05,3.1353861838725436e-05,0.020453784034533032,0.008208426487542862,2.201441363144549e-05,4.96992065315967e-05,3.335517216885683e-05,2.5016379126642606e-05,3.435582733392253e-05,2.83518963435283e-05,2.4015723961576885e-05,0.013321872496176118,0.01009232764861827,0.021395734615070737,0.00941950580537705,2.068020674469121e-05,0.011303406966452463,0.008208426487542862,3.535648249898819e-05,6.904520638953365e-05,0.011572535703748946,0.006189960957819207
2025-12-31,2.4015723961576885e-05,0.015340338025899763,0.018166189767512893,0.01910814034805058,3.268806872547969e-05,0.007266475907005157,0.015340338025899763,3.535648249898819e-05,0.009688634542673541,5.90386547388765e-05,7.304782704979651e-05,0.05234553940416677,2.2347965353134078e-05,0.5558854068858944,0.010496020754563002,0.013187308127527868,0.008746683962135834,0.03135349789504075,2.868544806521685e-05,2.1680861909756944e-05,0.0336410921620609,0.05867006473063422,0.01103427822915597,1.734468952780551e-05,0.01103427822915597,7.571624082330492e-05,6.0039309903942276e-05,0.007670169012949881,3.635713766405392e-05,3.1353861838725436e-05,0.020453784034533032,0.008208426487542862,2.201441363144549e-05,4.96992065315967e-05,3.335517216885683e-05,2.5016379126642606e-05,3.435582733392253e-05,2.83518963435283e-05,2.4015723961576885e-05,0.013321872496176118,0.01009232764861827,0.021395734615070737,0.00941950580537705,2.068020674469121e-05,0.011303406966452463,0.008208426487542862,3.535648249898819e-05,6.904520638953365e-05,0.011572535703748946,0.006189960957819207
2026-01-02,2.4015723961576885e-05,0.015340338025899763,0.018166189767512893,0.01910814034805058,3.268806872547969e-05,0.007266475907005157,0.015340338025899763,3.535648249898819e-05,0.009688634542673541,5.90386547388765e-05,7.304782704979651e-05,0.05234553940416677,2.2347965353134078e-05,0.5558854068858944,0.010496020754563002,0.013187308127527868,0.008746683962135834,0.03135349789504075,2.868544806521685e-05,2.1680861909756944e-05,0.0336410921620609,0.05867006473063422,0.01103427822915597,1.734468952780551e-05,0.01103427822915597,7.571624082330492e-05,6.0039309903942276e-05,0.007670169012949881,3.635713766405392e-05,3.1353861838725436e-05,0.020453784034533032,0.008208426487542862,2.201441363144549e-05,4.96992065315967e-05,3.335517216885683e-05,2.5016379126642606e-05,3.435582733392253e-05,2.83518963435283e-05,2.4015723961576885e-05,0.013321872496176118,0.01009232764861827,0.021395734615070737,0.00941950580537705,2.068020674469121e-05,0.011303406966452463,0.008208426487542862,3.535648249898819e-05,6.904520638953365e-05,0.011572535703748946,0.006189960957819207
2026-01-05,2.4015723961576885e-05,0.015340338025899763,0.018166189767512893,0.01910814034805058,3.268806872547969e-05,0.007266475907005157,0.015340338025899763,3.535648249898819e-05,0.009688634542673541,5.90386547388765e-05,7.304782704979651e-05,0.05234553940416677,2.2347965353134078e-05,0.5558854068858944,0.010496020754563002,0.013187308127527868,0.008746683962135834,0.03135349789504075,2.868544806521685e-05,2.1680861909756944e-05,0.0336410921620609,0.05867006473063422,0.01103427822915597,1.734468952780551e-05,0.01103427822915597,7.571624082330492e-05,6.0039309903942276e-05,0.007670169012949881,3.635713766405392e-05,3.1353861838725436e-05,0.020453784034533032,0.008208426487542862,2.201441363144549e-05,4.96992065315967e-05,3.335517216885683e-05,2.5016379126642606e-05,3.435582733392253e-05,2.83518963435283e-05,2.4015723961576885e-05,0.013321872496176118,0.01009232764861827,0.021395734615070737,0.00941950580537705,2.068020674469121e-05,0.011303406966452463,0.008208426487542862,3.535648249898819e-05,6.904520638953365e-05,0.011572535703748946,0.006189960957819207
2026-01-06,2.4015723961576885e-05,0.015340338025899763,0.018166189767512893,0.01910814034805058,3.268806872547969e-05,0.007266475907005157,0.015340338025899763,3.535648249898819e-05,0.009688634542673541,5.90386547388765e-05,7.304782704979651e-05,0.05234553940416677,2.2347965353134078e-05,0.5558854068858944,0.010496020754563002,0.013187308127527868,0.008746683962135834,0.03135349789504075,2.868544806521685e-05,2.1680861909756944e-05,0.0336410921620609,0.05867006473063422,0.01103427822915597,1.734468952780551e-05,0.01103427822915597,7.571624082330492e-05,6.0039309903942276e-05,0.007670169012949881,3.635713766405392e-05,3.1353861838725436e-05,0.020453784034533032,0.008208426487542862,2.201441363144549e-05,4.96992065315967e-05,3.335517216885683e-05,2.5016379126642606e-05,3.435582733392253e-05,2.83518963435283e-05,2.4015723961576885e-05,0.013321872496176118,0.01009232764861827,0.021395734615070737,0.00941950580537705,2.068020674469121e-05,0.011303406966452463,0.008208426487542862,3.535648249898819e-05,6.904520638953365e-05,0.011572535703748946,0.006189960957819207
2026-01-07,2.4015723961576885e-05,0.015340338025899763,0.018166189767512893,0.01910814034805058,3.268806872547969e-05,0.007266475907005157,0.015340338025899763,3.535648249898819e-05,0.009688634542673541,5.90386547388765e-05,7.304782704979651e-05,0.05234553940416677,2.2347965353134078e-05,0.5558854068858944,0.010496020754563002,0.013187308127527868,0.008746683962135834,0.03135349789504075,2.868544806521685e-05,2.1680861909756944e-05,0.0336410921620609,0.05867006473063422,0.01103427822915597,1.734468952780551e-05,0.01103427822915597,7.571624082330492e-05,6.0039309903942276e-05,0.007670169012949881,3.635713766405392e-05,3.1353861838725436e-05,0.020453784034533032,0.008208426487542862,2.201441363144549e-05,4.96992065315967e-05,3.335517216885683e-05,2.5016379126642606e-05,3.435582733392253e-05,2.83518963435283e-05,2.4015723961576885e-05,0.013321872496176118,0.01009232764861827,0.021395734615070737,0.00941950580537705,2.068020674469121e-05,0.011303406966452463,0.008208426487542862,3.535648249898819e-05,6.904520638953365e-05,0.011572535703748946,0.006189960957819207
2026-01-08,2.4015723961576885e-05,0.015340338025899763,0.018166189767512893,0.01910814034805058,3.268806872547969e-05,0.007266475907005157,0.015340338025899763,3.535648249898819e-05,0.009688634542673541,5.90386547388765e-05,7.304782704979651e-05,0.05234553940416677,2.2347965353134078e-05,0.5558854068858944,0.010496020754563002,0.013187308127527868,0.008746683962135834,0.03135349789504075,2.868544806521685e-05,2.1680861909756944e-05,0.0336410921620609,0.05867006473063422,0.01103427822915597,1.734468952780551e-05,0.01103427822915597,7.571624082330492e-05,6.0039309903942276e-05,0.007670169012949881,3.635713766405392e-05,3.1353861838725436e-05,0.020453784034533032,0.008208426487542862,2.201441363144549e-05,4.96992065315967e-05,3.335517216885683e-05,2.5016379126642606e-05,3.435582733392253e-05,2.83518963435283e-05,2.4015723961576885e-05,0.013321872496176118,0.01009232764861827,0.021395734615070737,0.00941950580537705,2.068020674469121e-05,0.011303406966452463,0.008208426487542862,3.535648249898819e-05,6.904520638953365e-05,0.011572535703748946,0.006189960957819207
2026-01-09,2.4015723961576885e-05,0.015340338025899763,0.018166189767512893,0.01910814034805058,3.268806872547969e-05,0.007266475907005157,0.015340338025899763,3.535648249898819e-05,0.009688634542673541,5.90386547388765e-05,7.304782704979651e-05,0.05234553940416677,2.2347965353134078e-05,0.5558854068858944,0.010496020754563002,0.013187308127527868,0.008746683962135834,0.03135349789504075,2.868544806521685e-05,2.1680861909756944e-05,0.0336410921620609,0.05867006473063422,0.01103427822915597,1.734468952780551e-05,0.01103427822915597,7.571624082330492e-05,6.0039309903942276e-05,0.007670169012949881,3.635713766405392e-05,3.1353861838725436e-05,0.020453784034533032,0.008208426487542862,2.201441363144549e-05,4.96992065315967e-05,3.335517216885683e-05,2.5016379126642606e-05,3.435582733392253e-05,2.83518963435283e-05,2.4015723961576885e-05,0.013321872496176118,0.01009232764861827,0.021395734615070737,0.00941950580537705,2.068020674469121e-05,0.011303406966452463,0.008208426487542862,3.535648249898819e-05,6.904520638953365e-05,0.011572535703748946,0.006189960957819207
2026-01-12,2.4015723961576885e-05,0.015340338025899763,0.018166189767512893,0.01910814034805058,3.268806872547969e-05,0.007266475907005157,0.015340338025899763,3.535648249898819e-05,0.009688634542673541,5.90386547388765e-05,7.304782704979651e-05,0.05234553940416677,2.2347965353134078e-05,0.5558854068858944,0.010496020754563002,0.013187308127527868,0.008746683962135834,0.03135349789504075,2.868544806521685e-05,2.1680861909756944e-05,0.0336410921620609,0.05867006473063422,0.01103427822915597,1.734468952780551e-05,0.01103427822915597,7.571624082330492e-05,6.0039309903942276e-05,0.007670169012949881,3.635713766405392e-05,3.1353861838725436e-05,0.020453784034533032,0.008208426487542862,2.201441363144549e-05,4.96992065315967e-05,3.335517216885683e-05,2.5016379126642606e-05,3.435582733392253e-05,2.83518963435283e-05,2.4015723961576885e-05,0.013321872496176118,0.01009232764861827,0.021395734615070737,0.00941950580537705,2.068020674469121e-05,0.011303406966452463,0.008208426487542862,3.535648249898819e-05,6.904520638953365e-05,0.011572535703748946,0.006189960957819207
2026-01-13,2.4015723961576885e-05,0.015340338025899763,0.018166189767512893,0.01910814034805058,3.268806872547969e-05,0.007266475907005157,0.015340338025899763,3.535648249898819e-05,0.009688634542673541,5.90386547388765e-05,7.304782704979651e-05,0.05234553940416677,2.2347965353134078e-05,0.5558854068858944,0.010496020754563002,0.013187308127527868,0.008746683962135834,0.03135349789504075,2.868544806521685e-05,2.1680861909756944e-05,0.0336410921620609,0.05867006473063422,0.01103427822915597,1.734468952780551e-05,0.01103427822915597,7.571624082330492e-05,6.0039309903942276e-05,0.007670169012949881,3.635713766405392e-05,3.1353861838725436e-05,0.020453784034533032,0.008208426487542862,2.201441363144549e-05,4.96992065315967e-05,3.335517216885683e-05,2.5016379126642606e-05,3.435582733392253e-05,2.83518963435283e-05,2.4015723961576885e-05,0.013321872496176118,0.01009232764861827,0.021395734615070737,0.00941950580537705,2.068020674469121e-05,0.011303406966452463,0.008208426487542862,3.535648249898819e-05,6.904520638953365e-05,0.011572535703748946,0.006189960957819207
2026-01-14,2.4015723961576885e-05,0.015340338025899763,0.018166189767512893,0.01910814034805058,3.268806872547969e-05,0.007266475907005157,0.015340338025899763,3.535648249898819e-05,0.009688634542673541,5.90386547388765e-05,7.304782704979651e-05,0.05234553940416677,2.2347965353134078e-05,0.5558854068858944,0.010496020754563002,0.013187308127527868,0.008746683962135834,0.03135349789504075,2.868544806521685e-05,2.1680861909756944e-05,0.0336410921620609,0.05867006473063422,0.01103427822915597,1.734468952780551e-05,0.01103427822915597,7.571624082330492e-05,6.0039309903942276e-05,0.007670169012949881,3.635713766405392e-05,3.1353861838725436e-05,0.020453784034533032,0.008208426487542862,2.201441363144549e-05,4.96992065315967e-05,3.335517216885683e-05,2.5016379126642606e-05,3.435582733392253e-05,2.83518963435283e-05,2.4015723961576885e-05,0.013321872496176118,0.01009232764861827,0.021395734615070737,0.00941950580537705,2.068020674469121e-05,0.011303406966452463,0.008208426487542862,3.535648249898819e-05,6.904520638953365e-05,0.011572535703748946,0.006189960957819207
2026-01-15,2.4015723961576885e-05,0.015340338025899763,0.018166189767512893,0.01910814034805058,3.268806872547969e-05,0.007266475907005157,0.015340338025899763,3.535648249898819e-05,0.009688634542673541,5.90386547388765e-05,7.304782704979651e-05,0.05234553940416677,2.2347965353134078e-05,0.5558854068858944,0.010496020754563002,0.013187308127527868,0.008746683962135834,0.03135349789504075,2.868544806521685e-05,2.1680861909756944e-05,0.0336410921620609,0.05867006473063422,0.01103427822915597,1.734468952780551e-05,0.01103427822915597,7.571624082330492e-05,6.0039309903942276e-05,0.007670169012949881,3.635713766405392e-05,3.1353861838725436e-05,0.020453784034533032,0.008208426487542862,2.201441363144549e-05,4.96992065315967e-05,3.335517216885683e-05,2.5016379126642606e-05,3.435582733392253e-05,2.83518963435283e-05,2.4015723961576885e-05,0.013321872496176118,0.01009232764861827,0.021395734615070737,0.00941950580537705,2.068020674469121e-05,0.011303406966452463,0.008208426487542862,3.535648249898819e-05,6.904520638953365e-05,0.011572535703748946,0.006189960957819207
2026-01-16,2.4015723961576885e-05,0.015340338025899763,0.018166189767512893,0.01910814034805058,3.268806872547969e-05,0.007266475907005157,0.015340338025899763,3.535648249898819e-05,0.009688634542673541,5.90386547388765e-05,7.304782704979651e-05,0.05234553940416677,2.2347965353134078e-05,0.5558854068858944,0.010496020754563002,0.013187308127527868,0.008746683962135834,0.03135349789504075,2.868544806521685e-05,2.1680861909756944e-05,0.0336410921620609,0.05867006473063422,0.01103427822915597,1.734468952780551e-05,0.01103427822915597,7.571624082330492e-05,6.0039309903942276e-05,0.007670169012949881,3.635713766405392e-05,3.1353861838725436e-05,0.020453784034533032,0.008208426487542862,2.201441363144549e-05,4.96992065315967e-05,3.335517216885683e-05,2.5016379126642606e-05,3.435582733392253e-05,2.83518963435283e-05,2.4015723961576885e-05,0.013321872496176118,0.01009232764861827,0.021395734615070737,0.00941950580537705,2.068020674469121e-05,0.011303406966452463,0.008208426487542862,3.535648249898819e-05,6.904520638953365e-05,0.011572535703748946,0.006189960957819207
2026-01-19,2.4015723961576885e-05,0.015340338025899763,0.018166189767512893,0.01910814034805058,3.268806872547969e-05,0.007266475907005157,0.015340338025899763,3.535648249898819e-05,0.009688634542673541,5.90386547388765e-05,7.304782704979651e-05,0.05234553940416677,2.2347965353134078e-05,0.5558854068858944,0.010496020754563002,0.013187308127527868,0.008746683962135834,0.03135349789504075,2.868544806521685e-05,2.1680861909756944e-05,0.0336410921620609,0.05867006473063422,0.01103427822915597,1.734468952780551e-05,0.01103427822915597,7.571624082330492e-05,6.0039309903942276e-05,0.007670169012949881,3.635713766405392e-05,3.1353861838725436e-05,0.020453784034533032,0.008208426487542862,2.201441363144549e-05,4.96992065315967e-05,3.335517216885683e-05,2.5016379126642606e-05,3.435582733392253e-05,2.83518963435283e-05,2.4015723961576885e-05,0.013321872496176118,0.01009232764861827,0.021395734615070737,0.00941950580537705,2.068020674469121e-05,0.011303406966452463,0.008208426487542862,3.535648249898819e-05,6.904520638953365e-05,0.011572535703748946,0.006189960957819207
2026-01-20,2.4015723961576885e-05,0.015340338025899763,0.018166189767512893,0.01910814034805058,3.268806872547969e-05,0.007266475907005157,0.015340338025899763,3.535648249898819e-05,0.009688634542673541,5.90386547388765e-05,7.304782704979651e-05,0.05234553940416677,2.2347965353134078e-05,0.5558854068858944,0.010496020754563002,0.013187308127527868,0.008746683962135834,0.03135349789504075,2.868544806521685e-05,2.1680861909756944e-05,0.0336410921620609,0.05867006473063422,0.01103427822915597,1.734468952780551e-05,0.01103427822915597,7.571624082330492e-05,6.0039309903942276e-05,0.007670169012949881,3.635713766405392e-05,3.1353861838725436e-05,0.020453784034533032,0.008208426487542862,2.201441363144549e-05,4.96992065315967e-05,3.335517216885683e-05,2.5016379126642606e-05,3.435582733392253e-05,2.83518963435283e-05,2.4015723961576885e-05,0.013321872496176118,0.01009232764861827,0.021395734615070737,0.00941950580537705,2.068020674469121e-05,0.011303406966452463,0.008208426487542862,3.535648249898819e-05,6.904520638953365e-05,0.011572535703748946,0.006189960957819207
2026-01-21,2.4015723961576885e-05,0.015340338025899763,0.018166189767512893,0.01910814034805058,3.268806872547969e-05,0.007266475907005157,0.015340338025899763,3.535648249898819e-05,0.009688634542673541,5.90386547388765e-05,7.304782704979651e-05,0.05234553940416677,2.2347965353134078e-05,0.5558854068858944,0.010496020754563002,0.013187308127527868,0.008746683962135834,0.03135349789504075,2.868544806521685e-05,2.1680861909756944e-05,0.0336410921620609,0.05867006473063422,0.01103427822915597,1.734468952780551e-05,0.01103427822915597,7.571624082330492e-05,6.0039309903942276e-05,0.007670169012949881,3.635713766405392e-05,3.1353861838725436e-05,0.020453784034533032,0.008208426487542862,2.201441363144549e-05,4.96992065315967e-05,3.335517216885683e-05,2.5016379126642606e-05,3.435582733392253e-05,2.83518963435283e-05,2.4015723961576885e-05,0.013321872496176118,0.01009232764861827,0.021395734615070737,0.00941950580537705,2.068020674469121e-05,0.011303406966452463,0.008208426487542862,3.535648249898819e-05,6.904520638953365e-05,0.011572535703748946,0.006189960957819207
2026-01-22,2.4015723961576885e-05,0.015340338025899763,0.018166189767512893,0.01910814034805058,3.268806872547969e-05,0.007266475907005157,0.015340338025899763,3.535648249898819e-05,0.009688634542673541,5.90386547388765e-05,7.304782704979651e-05,0.05234553940416677,2.2347965353134078e-05,0.5558854068858944,0.010496020754563002,0.013187308127527868,0.008746683962135834,0.03135349789504075,2.868544806521685e-05,2.1680861909756944e-05,0.0336410921620609,0.05867006473063422,0.01103427822915597,1.734468952780551e-05,0.01103427822915597,7.571624082330492e-05,6.0039309903942276e-05,0.007670169012949881,3.635713766405392e-05,3.1353861838725436e-05,0.020453784034533032,0.008208426487542862,2.201441363144549e-05,4.96992065315967e-05,3.335517216885683e-05,2.5016379126642606e-05,3.435582733392253e-05,2.83518963435283e-05,2.4015723961576885e-05,0.013321872496176118,0.01009232764861827,0.021395734615070737,0.00941950580537705,2.068020674469121e-05,0.011303406966452463,0.008208426487542862,3.535648249898819e-05,6.904520638953365e-05,0.011572535703748946,0.006189960957819207
2026-01-23,2.4015723961576885e-05,0.015340338025899763,0.018166189767512893,0.01910814034805058,3.268806872547969e-05,0.007266475907005157,0.015340338025899763,3.535648249898819e-05,0.009688634542673541,5.90386547388765e-05,7.304782704979651e-05,0.05234553940416677,2.2347965353134078e-05,0.5558854068858944,0.010496020754563002,0.013187308127527868,0.008746683962135834,0.03135349789504075,2.868544806521685e-05,2.1680861909756944e-05,0.0336410921620609,0.05867006473063422,0.01103427822915597,1.734468952780551e-05,0.01103427822915597,7.571624082330492e-05,6.0039309903942276e-05,0.007670169012949881,3.635713766405392e-05,3.1353861838725436e-05,0.020453784034533032,0.008208426487542862,2.201441363144549e-05,4.96992065315967e-05,3.335517216885683e-05,2.5016379126642606e-05,3.435582733392253e-05,2.83518963435283e-05,2.4015723961576885e-05,0.013321872496176118,0.01009232764861827,0.021395734615070737,0.00941950580537705,2.068020674469121e-05,0.011303406966452463,0.008208426487542862,3.535648249898819e-05,6.904520638953365e-05,0.011572535703748946,0.006189960957819207
2026-01-26,2.4015723961576885e-05,0.015340338025899763,0.018166189767512893,0.01910814034805058,3.268806872547969e-05,0.007266475907005157,0.015340338025899763,3.535648249898819e-05,0.009688634542673541,5.90386547388765e-05,7.304782704979651e-05,0.05234553940416677,2.2347965353134078e-05,0.5558854068858944,0.010496020754563002,0.013187308127527868,0.008746683962135834,0.03135349789504075,2.868544806521685e-05,2.1680861909756944e-05,0.0336410921620609,0.05867006473063422,0.01103427822915597,1.734468952780551e-05,0.01103427822915597,7.571624082330492e-05,6.0039309903942276e-05,0.007670169012949881,3.635713766405392e-05,3.1353861838725436e-05,0.020453784034533032,0.008208426487542862,2.201441363144549e-05,4.96992065315967e-05,3.335517216885683e-05,2.5016379126642606e-05,3.435582733392253e-05,2.83518963435283e-05,2.4015723961576885e-05,0.013321872496176118,0.01009232764861827,0.021395734615070737,0.00941950580537705,2.068020674469121e-05,0.011303406966452463,0.008208426487542862,3.535648249898819e-05,6.904520638953365e-05,0.011572535703748946,0.006189960957819207
2026-01-27,2.4015723961576885e-05,0.015340338025899763,0.018166189767512893,0.01910814034805058,3.268806872547969e-05,0.007266475907005157,0.015340338025899763,3.535648249898819e-05,0.009688634542673541,5.90386547388765e-05,7.304782704979651e-05,0.05234553940416677,2.2347965353134078e-05,0.5558854068858944,0.010496020754563002,0.013187308127527868,0.008746683962135834,0.03135349789504075,2.868544806521685e-05,2.1680861909756944e-05,0.0336410921620609,0.05867006473063422,0.01103427822915597,1.734468952780551e-05,0.01103427822915597,7.571624082330492e-05,6.0039309903942276e-05,0.007670169012949881,3.635713766405392e-05,3.1353861838725436e-05,0.020453784034533032,0.008208426487542862,2.201441363144549e-05,4.96992065315967e-05,3.335517216885683e-05,2.5016379126642606e-05,3.435582733392253e-05,2.83518963435283e-05,2.4015723961576885e-05,0.013321872496176118,0.01009232764861827,0.021395734615070737,0.00941950580537705,2.068020674469121e-05,0.011303406966452463,0.008208426487542862,3.535648249898819e-05,6.904520638953365e-05,0.011572535703748946,0.006189960957819207
2026-01-28,2.4015723961576885e-05,0.015340338025899763,0.018166189767512893,0.01910814034805058,3.268806872547969e-05,0.007266475907005157,0.015340338025899763,3.535648249898819e-05,0.009688634542673541,5.90386547388765e-05,7.304782704979651e-05,0.05234553940416677,2.2347965353134078e-05,0.5558854068858944,0.010496020754563002,0.013187308127527868,0.008746683962135834,0.03135349789504075,2.868544806521685e-05,2.1680861909756944e-05,0.0336410921620609,0.05867006473063422,0.01103427822915597,1.734468952780551e-05,0.01103427822915597,7.571624082330492e-05,6.0039309903942276e-05,0.007670169012949881,3.635713766405392e-05,3.1353861838725436e-05,0.020453784034533032,0.008208426487542862,2.201441363144549e-05,4.96992065315967e-05,3.335517216885683e-05,2.5016379126642606e-05,3.435582733392253e-05,2.83518963435283e-05,2.4015723961576885e-05,0.013321872496176118,0.01009232764861827,0.021395734615070737,0.00941950580537705,2.068020674469121e-05,0.011303406966452463,0.008208426487542862,3.535648249898819e-05,6.904520638953365e-05,0.011572535703748946,0.006189960957819207
2026-01-29,2.4015723961576885e-05,0.015340338025899763,0.018166189767512893,0.01910814034805058,3.268806872547969e-05,0.007266475907005157,0.015340338025899763,3.535648249898819e-05,0.009688634542673541,5.90386547388765e-05,7.304782704979651e-05,0.05234553940416677,2.2347965353134078e-05,0.5558854068858944,0.010496020754563002,0.013187308127527868,0.008746683962135834,0.03135349789504075,2.868544806521685e-05,2.1680861909756944e-05,0.0336410921620609,0.05867006473063422,0.01103427822915597,1.734468952780551e-05,0.01103427822915597,7.571624082330492e-05,6.0039309903942276e-05,0.007670169012949881,3.635713766405392e-05,3.1353861838725436e-05,0.020453784034533032,0.008208426487542862,2.201441363144549e-05,4.96992065315967e-05,3.335517216885683e-05,2.5016379126642606e-05,3.435582733392253e-05,2.83518963435283e-05,2.4015723961576885e-05,0.013321872496176118,0.01009232764861827,0.021395734615070737,0.00941950580537705,2.068020674469121e-05,0.011303406966452463,0.008208426487542862,3.535648249898819e-05,6.904520638953365e-05,0.011572535703748946,0.006189960957819207
2026-01-30,2.4015723961576885e-05,0.015340338025899763,0.018166189767512893,0.01910814034805058,3.268806872547969e-05,0.007266475907005157,0.015340338025899763,3.535648249898819e-05,0.009688634542673541,5.90386547388765e-05,7.304782704979651e-05,0.05234553940416677,2.2347965353134078e-05,0.5558854068858944,0.010496020754563002,0.013187308127527868,0.008746683962135834,0.03135349789504075,2.868544806521685e-05,2.1680861909756944e-05,0.0336410921620609,0.05867006473063422,0.01103427822915597,1.734468952780551e-05,0.01103427822915597,7.571624082330492e-05,6.0039309903942276e-05,0.007670169012949881,3.635713766405392e-05,3.1353861838725436e-05,0.020453784034533032,0.008208426487542862,2.201441363144549e-05,4.96992065315967e-05,3.335517216885683e-05,2.5016379126642606e-05,3.435582733392253e-05,2.83518963435283e-05,2.4015723961576885e-05,0.013321872496176118,0.01009232764861827,0.021395734615070737,0.00941950580537705,2.068020674469121e-05,0.011303406966452463,0.008208426487542862,3.535648249898819e-05,6.904520638953365e-05,0.011572535703748946,0.006189960957819207
2026-02-02,2.4015723961576885e-05,0.015340338025899763,0.018166189767512893,0.01910814034805058,3.268806872547969e-05,0.007266475907005157,0.015340338025899763,3.535648249898819e-05,0.009688634542673541,5.90386547388765e-05,7.304782704979651e-05,0.05234553940416677,2.2347965353134078e-05,0.5558854068858944,0.010496020754563002,0.013187308127527868,0.008746683962135834,0.03135349789504075,2.868544806521685e-05,2.1680861909756944e-05,0.0336410921620609,0.05867006473063422,0.01103427822915597,1.734468952780551e-05,0.01103427822915597,7.571624082330492e-05,6.0039309903942276e-05,0.007670169012949881,3.635713766405392e-05,3.1353861838725436e-05,0.020453784034533032,0.008208426487542862,2.201441363144549e-05,4.96992065315967e-05,3.335517216885683e-05,2.5016379126642606e-05,3.435582733392253e-05,2.83518963435283e-05,2.4015723961576885e-05,0.013321872496176118,0.01009232764861827,0.021395734615070737,0.00941950580537705,2.068020674469121e-05,0.011303406966452463,0.008208426487542862,3.535648249898819e-05,6.904520638953365e-05,0.011572535703748946,0.006189960957819207
2026-02-03,2.4015723961576885e-05,0.015340338025899763,0.018166189767512893,0.01910814034805058,3.268806872547969e-05,0.007266475907005157,0.015340338025899763,3.535648249898819e-05,0.009688634542673541,5.90386547388765e-05,7.304782704979651e-05,0.05234553940416677,2.2347965353134078e-05,0.5558854068858944,0.010496020754563002,0.013187308127527868,0.008746683962135834,0.03135349789504075,2.868544806521685e-05,2.1680861909756944e-05,0.0336410921620609,0.05867006473063422,0.01103427822915597,1.734468952780551e-05,0.01103427822915597,7.571624082330492e-05,6.0039309903942276e-05,0.007670169012949881,3.635713766405392e-05,3.1353861838725436e-05,0.020453784034533032,0.008208426487542862,2.201441363144549e-05,4.96992065315967e-05,3.335517216885683e-05,2.5016379126642606e-05,3.435582733392253e-05,2.83518963435283e-05,2.4015723961576885e-05,0.013321872496176118,0.01009232764861827,0.021395734615070737,0.00941950580537705,2.068020674469121e-05,0.011303406966452463,0.008208426487542862,3.535648249898819e-05,6.904520638953365e-05,0.011572535703748946,0.006189960957819207
2026-02-04,2.4015723961576885e-05,0.015340338025899763,0.018166189767512893,0.01910814034805058,3.268806872547969e-05,0.007266475907005157,0.015340338025899763,3.535648249898819e-05,0.009688634542673541,5.90386547388765e-05,7.304782704979651e-05,0.05234553940416677,2.2347965353134078e-05,0.5558854068858944,0.010496020754563002,0.013187308127527868,0.008746683962135834,0.03135349789504075,2.868544806521685e-05,2.1680861909756944e-05,0.0336410921620609,0.05867006473063422,0.01103427822915597,1.734468952780551e-05,0.01103427822915597,7.571624082330492e-05,6.0039309903942276e-05,0.007670169012949881,3.635713766405392e-05,3.1353861838725436e-05,0.020453784034533032,0.008208426487542862,2.201441363144549e-05,4.96992065315967e-05,3.335517216885683e-05,2.5016379126642606e-05,3.435582733392253e-05,2.83518963435283e-05,2.4015723961576885e-05,0.013321872496176118,0.01009232764861827,0.021395734615070737,0.00941950580537705,2.068020674469121e-05,0.011303406966452463,0.008208426487542862,3.535648249898819e-05,6.904520638953365e-05,0.011572535703748946,0.006189960957819207
2026-02-05,2.4015723961576885e-05,0.015340338025899763,0.018166189767512893,0.01910814034805058,3.268806872547969e-05,0.007266475907005157,0.015340338025899763,3.535648249898819e-05,0.009688634542673541,5.90386547388765e-05,7.304782704979651e-05,0.05234553940416677,2.2347965353134078e-05,0.5558854068858944,0.010496020754563002,0.013187308127527868,0.008746683962135834,0.03135349789504075,2.868544806521685e-05,2.1680861909756944e-05,0.0336410921620609,0.05867006473063422,0.01103427822915597,1.734468952780551e-05,0.01103427822915597,7.571624082330492e-05,6.0039309903942276e-05,0.007670169012949881,3.635713766405392e-05,3.1353861838725436e-05,0.020453784034533032,0.008208426487542862,2.201441363144549e-05,4.96992065315967e-05,3.335517216885683e-05,2.5016379126642606e-05,3.435582733392253e-05,2.83518963435283e-05,2.4015723961576885e-05,0.013321872496176118,0.01009232764861827,0.021395734615070737,0.00941950580537705,2.068020674469121e-05,0.011303406966452463,0.008208426487542862,3.535648249898819e-05,6.904520638953365e-05,0.011572535703748946,0.006189960957819207
2026-02-06,2.4015723961576885e-05,0.015340338025899763,0.018166189767512893,0.01910814034805058,3.268806872547969e-05,0.007266475907005157,0.015340338025899763,3.535648249898819e-05,0.009688634542673541,5.90386547388765e-05,7.304782704979651e-05,0.05234553940416677,2.2347965353134078e-05,0.5558854068858944,0.010496020754563002,0.013187308127527868,0.008746683962135834,0.03135349789504075,2.868544806521685e-05,2.1680861909756944e-05,0.0336410921620609,0.05867006473063422,0.01103427822915597,1.734468952780551e-05,0.01103427822915597,7.571624082330492e-05,6.0039309903942276e-05,0.007670169012949881,3.635713766405392e-05,3.1353861838725436e-05,0.020453784034533032,0.008208426487542862,2.201441363144549e-05,4.96992065315967e-05,3.335517216885683e-05,2.5016379126642606e-05,3.435582733392253e-05,2.83518963435283e-05,2.4015723961576885e-05,0.013321872496176118,0.01009232764861827,0.021395734615070737,0.00941950580537705,2.068020674469121e-05,0.011303406966452463,0.008208426487542862,3.535648249898819e-05,6.904520638953365e-05,0.011572535703748946,0.006189960957819207
2026-02-09,2.4015723961576885e-05,0.015340338025899763,0.018166189767512893,0.01910814034805058,3.268806872547969e-05,0.007266475907005157,0.015340338025899763,3.535648249898819e-05,0.009688634542673541,5.90386547388765e-05,7.304782704979651e-05,0.05234553940416677,2.2347965353134078e-05,0.5558854068858944,0.010496020754563002,0.013187308127527868,0.008746683962135834,0.03135349789504075,2.868544806521685e-05,2.1680861909756944e-05,0.0336410921620609,0.05867006473063422,0.01103427822915597,1.734468952780551e-05,0.01103427822915597,7.571624082330492e-05,6.0039309903942276e-05,0.007670169012949881,3.635713766405392e-05,3.1353861838725436e-05,0.020453784034533032,0.008208426487542862,2.201441363144549e-05,4.96992065315967e-05,3.335517216885683e-05,2.5016379126642606e-05,3.435582733392253e-05,2.83518963435283e-05,2.4015723961576885e-05,0.013321872496176118,0.01009232764861827,0.021395734615070737,0.00941950580537705,2.068020674469121e-05,0.011303406966452463,0.008208426487542862,3.535648249898819e-05,6.904520638953365e-05,0.011572535703748946,0.006189960957819207
2026-02-10,2.4015723961576885e-05,0.015340338025899763,0.018166189767512893,0.01910814034805058,3.268806872547969e-05,0.007266475907005157,0.015340338025899763,3.535648249898819e-05,0.009688634542673541,5.90386547388765e-05,7.304782704979651e-05,0.05234553940416677,2.2347965353134078e-05,0.5558854068858944,0.010496020754563002,0.013187308127527868,0.008746683962135834,0.03135349789504075,2.868544806521685e-05,2.1680861909756944e-05,0.0336410921620609,0.05867006473063422,0.01103427822915597,1.734468952780551e-05,0.01103427822915597,7.571624082330492e-05,6.0039309903942276e-05,0.007670169012949881,3.635713766405392e-05,3.1353861838725436e-05,0.020453784034533032,0.008208426487542862,2.201441363144549e-05,4.96992065315967e-05,3.335517216885683e-05,2.5016379126642606e-05,3.435582733392253e-05,2.83518963435283e-05,2.4015723961576885e-05,0.013321872496176118,0.01009232764861827,0.021395734615070737,0.00941950580537705,2.068020674469121e-05,0.011303406966452463,0.008208426487542862,3.535648249898819e-05,6.904520638953365e-05,0.011572535703748946,0.006189960957819207
2026-02-11,2.4015723961576885e-05,0.015340338025899763,0.018166189767512893,0.01910814034805058,3.268806872547969e-05,0.007266475907005157,0.015340338025899763,3.535648249898819e-05,0.009688634542673541,5.90386547388765e-05,7.304782704979651e-05,0.05234553940416677,2.2347965353134078e-05,0.5558854068858944,0.010496020754563002,0.013187308127527868,0.008746683962135834,0.03135349789504075,2.868544806521685e-05,2.1680861909756944e-05,0.0336410921620609,0.05867006473063422,0.01103427822915597,1.734468952780551e-05,0.01103427822915597,7.571624082330492e-05,6.0039309903942276e-05,0.007670169012949881,3.635713766405392e-05,3.1353861838725436e-05,0.020453784034533032,0.008208426487542862,2.201441363144549e-05,4.96992065315967e-05,3.335517216885683e-05,2.5016379126642606e-05,3.435582733392253e-05,2.83518963435283e-05,2.4015723961576885e-05,0.013321872496176118,0.01009232764861827,0.021395734615070737,0.00941950580537705,2.068020674469121e-05,0.011303406966452463,0.008208426487542862,3.535648249898819e-05,6.904520638953365e-05,0.011572535703748946,0.006189960957819207
2026-02-23,2.4015723961576885e-05,0.015340338025899763,0.018166189767512893,0.01910814034805058,3.268806872547969e-05,0.007266475907005157,0.015340338025899763,3.535648249898819e-05,0.009688634542673541,5.90386547388765e-05,7.304782704979651e-05,0.05234553940416677,2.2347965353134078e-05,0.5558854068858944,0.010496020754563002,0.013187308127527868,0.008746683962135834,0.03135349789504075,2.868544806521685e-05,2.1680861909756944e-05,0.0336410921620609,0.05867006473063422,0.01103427822915597,1.734468952780551e-05,0.01103427822915597,7.571624082330492e-05,6.0039309903942276e-05,0.007670169012949881,3.635713766405392e-05,3.1353861838725436e-05,0.020453784034533032,0.008208426487542862,2.201441363144549e-05,4.96992065315967e-05,3.335517216885683e-05,2.5016379126642606e-05,3.435582733392253e-05,2.83518963435283e-05,2.4015723961576885e-05,0.013321872496176118,0.01009232764861827,0.021395734615070737,0.00941950580537705,2.068020674469121e-05,0.011303406966452463,0.008208426487542862,3.535648249898819e-05,6.904520638953365e-05,0.011572535703748946,0.006189960957819207
2026-02-24,2.4015723961576885e-05,0.015340338025899763,0.018166189767512893,0.01910814034805058,3.268806872547969e-05,0.007266475907005157,0.015340338025899763,3.535648249898819e-05,0.009688634542673541,5.90386547388765e-05,7.304782704979651e-05,0.05234553940416677,2.2347965353134078e-05,0.5558854068858944,0.010496020754563002,0.013187308127527868,0.008746683962135834,0.03135349789504075,2.868544806521685e-05,2.1680861909756944e-05,0.0336410921620609,0.05867006473063422,0.01103427822915597,1.734468952780551e-05,0.01103427822915597,7.571624082330492e-05,6.0039309903942276e-05,0.007670169012949881,3.635713766405392e-05,3.1353861838725436e-05,0.020453784034533032,0.008208426487542862,2.201441363144549e-05,4.96992065315967e-05,3.335517216885683e-05,2.5016379126642606e-05,3.435582733392253e-05,2.83518963435283e-05,2.4015723961576885e-05,0.013321872496176118,0.01009232764861827,0.021395734615070737,0.00941950580537705,2.068020674469121e-05,0.011303406966452463,0.008208426487542862,3.535648249898819e-05,6.904520638953365e-05,0.011572535703748946,0.006189960957819207
2026-02-25,2.4015723961576885e-05,0.015340338025899763,0.018166189767512893,0.01910814034805058,3.268806872547969e-05,0.007266475907005157,0.015340338025899763,3.535648249898819e-05,0.009688634542673541,5.90386547388765e-05,7.304782704979651e-05,0.05234553940416677,2.2347965353134078e-05,0.5558854068858944,0.010496020754563002,0.013187308127527868,0.008746683962135834,0.03135349789504075,2.868544806521685e-05,2.1680861909756944e-05,0.0336410921620609,0.05867006473063422,0.01103427822915597,1.734468952780551e-05,0.01103427822915597,7.571624082330492e-05,6.0039309903942276e-05,0.007670169012949881,3.635713766405392e-05,3.1353861838725436e-05,0.020453784034533032,0.008208426487542862,2.201441363144549e-05,4.96992065315967e-05,3.335517216885683e-05,2.5016379126642606e-05,3.435582733392253e-05,2.83518963435283e-05,2.4015723961576885e-05,0.013321872496176118,0.01009232764861827,0.021395734615070737,0.00941950580537705,2.068020674469121e-05,0.011303406966452463,0.008208426487542862,3.535648249898819e-05,6.904520638953365e-05,0.011572535703748946,0.006189960957819207
2026-02-26,2.4015723961576885e-05,0.015340338025899763,0.018166189767512893,0.01910814034805058,3.268806872547969e-05,0.007266475907005157,0.015340338025899763,3.535648249898819e-05,0.009688634542673541,5.90386547388765e-05,7.304782704979651e-05,0.05234553940416677,2.2347965353134078e-05,0.5558854068858944,0.010496020754563002,0.013187308127527868,0.008746683962135834,0.03135349789504075,2.868544806521685e-05,2.1680861909756944e-05,0.0336410921620609,0.05867006473063422,0.01103427822915597,1.734468952780551e-05,0.01103427822915597,7.571624082330492e-05,6.0039309903942276e-05,0.007670169012949881,3.635713766405392e-05,3.1353861838725436e-05,0.020453784034533032,0.008208426487542862,2.201441363144549e-05,4.96992065315967e-05,3.335517216885683e-05,2.5016379126642606e-05,3.435582733392253e-05,2.83518963435283e-05,2.4015723961576885e-05,0.013321872496176118,0.01009232764861827,0.021395734615070737,0.00941950580537705,2.068020674469121e-05,0.011303406966452463,0.008208426487542862,3.535648249898819e-05,6.904520638953365e-05,0.011572535703748946,0.006189960957819207
2026-03-02,2.4015723961576885e-05,0.015340338025899763,0.018166189767512893,0.01910814034805058,3.268806872547969e-05,0.007266475907005157,0.015340338025899763,3.535648249898819e-05,0.009688634542673541,5.90386547388765e-05,7.304782704979651e-05,0.05234553940416677,2.2347965353134078e-05,0.5558854068858944,0.010496020754563002,0.013187308127527868,0.008746683962135834,0.03135349789504075,2.868544806521685e-05,2.1680861909756944e-05,0.0336410921620609,0.05867006473063422,0.01103427822915597,1.734468952780551e-05,0.01103427822915597,7.571624082330492e-05,6.0039309903942276e-05,0.007670169012949881,3.635713766405392e-05,3.1353861838725436e-05,0.020453784034533032,0.008208426487542862,2.201441363144549e-05,4.96992065315967e-05,3.335517216885683e-05,2.5016379126642606e-05,3.435582733392253e-05,2.83518963435283e-05,2.4015723961576885e-05,0.013321872496176118,0.01009232764861827,0.021395734615070737,0.00941950580537705,2.068020674469121e-05,0.011303406966452463,0.008208426487542862,3.535648249898819e-05,6.904520638953365e-05,0.011572535703748946,0.006189960957819207
2026-03-03,2.4015723961576885e-05,0.015340338025899763,0.018166189767512893,0.01910814034805058,3.268806872547969e-05,0.007266475907005157,0.015340338025899763,3.535648249898819e-05,0.009688634542673541,5.90386547388765e-05,7.304782704979651e-05,0.05234553940416677,2.2347965353134078e-05,0.5558854068858944,0.010496020754563002,0.013187308127527868,0.008746683962135834,0.03135349789504075,2.868544806521685e-05,2.1680861909756944e-05,0.0336410921620609,0.05867006473063422,0.01103427822915597,1.734468952780551e-05,0.01103427822915597,7.571624082330492e-05,6.0039309903942276e-05,0.007670169012949881,3.635713766405392e-05,3.1353861838725436e-05,0.020453784034533032,0.008208426487542862,2.201441363144549e-05,4.96992065315967e-05,3.335517216885683e-05,2.5016379126642606e-05,3.435582733392253e-05,2.83518963435283e-05,2.4015723961576885e-05,0.013321872496176118,0.01009232764861827,0.021395734615070737,0.00941950580537705,2.068020674469121e-05,0.011303406966452463,0.008208426487542862,3.535648249898819e-05,6.904520638953365e-05,0.011572535703748946,0.006189960957819207
2026-03-04,2.4015723961576885e-05,0.015340338025899763,0.018166189767512893,0.01910814034805058,3.268806872547969e-05,0.007266475907005157,0.015340338025899763,3.535648249898819e-05,0.009688634542673541,5.90386547388765e-05,7.304782704979651e-05,0.05234553940416677,2.2347965353134078e-05,0.5558854068858944,0.010496020754563002,0.013187308127527868,0.008746683962135834,0.03135349789504075,2.868544806521685e-05,2.1680861909756944e-05,0.0336410921620609,0.05867006473063422,0.01103427822915597,1.734468952780551e-05,0.01103427822915597,7.571624082330492e-05,6.0039309903942276e-05,0.007670169012949881,3.635713766405392e-05,3.1353861838725436e-05,0.020453784034533032,0.008208426487542862,2.201441363144549e-05,4.96992065315967e-05,3.335517216885683e-05,2.5016379126642606e-05,3.435582733392253e-05,2.83518963435283e-05,2.4015723961576885e-05,0.013321872496176118,0.01009232764861827,0.021395734615070737,0.00941950580537705,2.068020674469121e-05,0.011303406966452463,0.008208426487542862,3.535648249898819e-05,6.904520638953365e-05,0.011572535703748946,0.006189960957819207
2026-03-05,2.4015723961576885e-05,0.015340338025899763,0.018166189767512893,0.01910814034805058,3.268806872547969e-05,0.007266475907005157,0.015340338025899763,3.535648249898819e-05,0.009688634542673541,5.90386547388765e-05,7.304782704979651e-05,0.05234553940416677,2.2347965353134078e-05,0.5558854068858944,0.010496020754563002,0.013187308127527868,0.008746683962135834,0.03135349789504075,2.868544806521685e-05,2.1680861909756944e-05,0.0336410921620609,0.05867006473063422,0.01103427822915597,1.734468952780551e-05,0.01103427822915597,7.571624082330492e-05,6.0039309903942276e-05,0.007670169012949881,3.635713766405392e-05,3.1353861838725436e-05,0.020453784034533032,0.008208426487542862,2.201441363144549e-05,4.96992065315967e-05,3.335517216885683e-05,2.5016379126642606e-05,3.435582733392253e-05,2.83518963435283e-05,2.4015723961576885e-05,0.013321872496176118,0.01009232764861827,0.021395734615070737,0.00941950580537705,2.068020674469121e-05,0.011303406966452463,0.008208426487542862,3.535648249898819e-05,6.904520638953365e-05,0.011572535703748946,0.006189960957819207
2026-03-06,2.4015723961576885e-05,0.015340338025899763,0.018166189767512893,0.01910814034805058,3.268806872547969e-05,0.007266475907005157,0.015340338025899763,3.535648249898819e-05,0.009688634542673541,5.90386547388765e-05,7.304782704979651e-05,0.05234553940416677,2.2347965353134078e-05,0.5558854068858944,0.010496020754563002,0.013187308127527868,0.008746683962135834,0.03135349789504075,2.868544806521685e-05,2.1680861909756944e-05,0.0336410921620609,0.05867006473063422,0.01103427822915597,1.734468952780551e-05,0.01103427822915597,7.571624082330492e-05,6.0039309903942276e-05,0.007670169012949881,3.635713766405392e-05,3.1353861838725436e-05,0.020453784034533032,0.008208426487542862,2.201441363144549e-05,4.96992065315967e-05,3.335517216885683e-05,2.5016379126642606e-05,3.435582733392253e-05,2.83518963435283e-05,2.4015723961576885e-05,0.013321872496176118,0.01009232764861827,0.021395734615070737,0.00941950580537705,2.068020674469121e-05,0.011303406966452463,0.008208426487542862,3.535648249898819e-05,6.904520638953365e-05,0.011572535703748946,0.006189960957819207
2026-03-09,2.4015723961576885e-05,0.015340338025899763,0.018166189767512893,0.01910814034805058,3.268806872547969e-05,0.007266475907005157,0.015340338025899763,3.535648249898819e-05,0.009688634542673541,5.90386547388765e-05,7.304782704979651e-05,0.05234553940416677,2.2347965353134078e-05,0.5558854068858944,0.010496020754563002,0.013187308127527868,0.008746683962135834,0.03135349789504075,2.868544806521685e-05,2.1680861909756944e-05,0.0336410921620609,0.05867006473063422,0.01103427822915597,1.734468952780551e-05,0.01103427822915597,7.571624082330492e-05,6.0039309903942276e-05,0.007670169012949881,3.635713766405392e-05,3.1353861838725436e-05,0.020453784034533032,0.008208426487542862,2.201441363144549e-05,4.96992065315967e-05,3.335517216885683e-05,2.5016379126642606e-05,3.435582733392253e-05,2.83518963435283e-05,2.4015723961576885e-05,0.013321872496176118,0.01009232764861827,0.021395734615070737,0.00941950580537705,2.068020674469121e-05,0.011303406966452463,0.008208426487542862,3.535648249898819e-05,6.904520638953365e-05,0.011572535703748946,0.006189960957819207
2026-03-10,2.4015723961576885e-05,0.015340338025899763,0.018166189767512893,0.01910814034805058,3.268806872547969e-05,0.007266475907005157,0.015340338025899763,3.535648249898819e-05,0.009688634542673541,5.90386547388765e-05,7.304782704979651e-05,0.05234553940416677,2.2347965353134078e-05,0.5558854068858944,0.010496020754563002,0.013187308127527868,0.008746683962135834,0.03135349789504075,2.868544806521685e-05,2.1680861909756944e-05,0.0336410921620609,0.05867006473063422,0.01103427822915597,1.734468952780551e-05,0.01103427822915597,7.571624082330492e-05,6.0039309903942276e-05,0.007670169012949881,3.635713766405392e-05,3.1353861838725436e-05,0.020453784034533032,0.008208426487542862,2.201441363144549e-05,4.96992065315967e-05,3.335517216885683e-05,2.5016379126642606e-05,3.435582733392253e-05,2.83518963435283e-05,2.4015723961576885e-05,0.013321872496176118,0.01009232764861827,0.021395734615070737,0.00941950580537705,2.068020674469121e-05,0.011303406966452463,0.008208426487542862,3.535648249898819e-05,6.904520638953365e-05,0.011572535703748946,0.006189960957819207
2026-03-11,2.4015723961576885e-05,0.015340338025899763,0.018166189767512893,0.01910814034805058,3.268806872547969e-05,0.007266475907005157,0.015340338025899763,3.535648249898819e-05,0.009688634542673541,5.90386547388765e-05,7.304782704979651e-05,0.05234553940416677,2.2347965353134078e-05,0.5558854068858944,0.010496020754563002,0.013187308127527868,0.008746683962135834,0.03135349789504075,2.868544806521685e-05,2.1680861909756944e-05,0.0336410921620609,0.05867006473063422,0.01103427822915597,1.734468952780551e-05,0.01103427822915597,7.571624082330492e-05,6.0039309903942276e-05,0.007670169012949881,3.635713766405392e-05,3.1353861838725436e-05,0.020453784034533032,0.008208426487542862,2.201441363144549e-05,4.96992065315967e-05,3.335517216885683e-05,2.5016379126642606e-05,3.435582733392253e-05,2.83518963435283e-05,2.4015723961576885e-05,0.013321872496176118,0.01009232764861827,0.021395734615070737,0.00941950580537705,2.068020674469121e-05,0.011303406966452463,0.008208426487542862,3.535648249898819e-05,6.904520638953365e-05,0.011572535703748946,0.006189960957819207
2026-03-12,2.4015723961576885e-05,0.015340338025899763,0.018166189767512893,0.01910814034805058,3.268806872547969e-05,0.007266475907005157,0.015340338025899763,3.535648249898819e-05,0.009688634542673541,5.90386547388765e-05,7.304782704979651e-05,0.05234553940416677,2.2347965353134078e-05,0.5558854068858944,0.010496020754563002,0.013187308127527868,0.008746683962135834,0.03135349789504075,2.868544806521685e-05,2.1680861909756944e-05,0.0336410921620609,0.05867006473063422,0.01103427822915597,1.734468952780551e-05,0.01103427822915597,7.571624082330492e-05,6.0039309903942276e-05,0.007670169012949881,3.635713766405392e-05,3.1353861838725436e-05,0.020453784034533032,0.008208426487542862,2.201441363144549e-05,4.96992065315967e-05,3.335517216885683e-05,2.5016379126642606e-05,3.435582733392253e-05,2.83518963435283e-05,2.4015723961576885e-05,0.013321872496176118,0.01009232764861827,0.021395734615070737,0.00941950580537705,2.068020674469121e-05,0.011303406966452463,0.008208426487542862,3.535648249898819e-05,6.904520638953365e-05,0.011572535703748946,0.006189960957819207
2026-03-13,2.4015723961576885e-05,0.015340338025899763,0.018166189767512893,0.01910814034805058,3.268806872547969e-05,0.007266475907005157,0.015340338025899763,3.535648249898819e-05,0.009688634542673541,5.90386547388765e-05,7.304782704979651e-05,0.05234553940416677,2.2347965353134078e-05,0.5558854068858944,0.010496020754563002,0.013187308127527868,0.008746683962135834,0.03135349789504075,2.868544806521685e-05,2.1680861909756944e-05,0.0336410921620609,0.05867006473063422,0.01103427822915597,1.734468952780551e-05,0.01103427822915597,7.571624082330492e-05,6.0039309903942276e-05,0.007670169012949881,3.635713766405392e-05,3.1353861838725436e-05,0.020453784034533032,0.008208426487542862,2.201441363144549e-05,4.96992065315967e-05,3.335517216885683e-05,2.5016379126642606e-05,3.435582733392253e-05,2.83518963435283e-05,2.4015723961576885e-05,0.013321872496176118,0.01009232764861827,0.021395734615070737,0.00941950580537705,2.068020674469121e-05,0.011303406966452463,0.008208426487542862,3.535648249898819e-05,6.904520638953365e-05,0.011572535703748946,0.006189960957819207
2026-03-16,2.4015723961576885e-05,0.015340338025899763,0.018166189767512893,0.01910814034805058,3.268806872547969e-05,0.007266475907005157,0.015340338025899763,3.535648249898819e-05,0.009688634542673541,5.90386547388765e-05,7.304782704979651e-05,0.05234553940416677,2.2347965353134078e-05,0.5558854068858944,0.010496020754563002,0.013187308127527868,0.008746683962135834,0.03135349789504075,2.868544806521685e-05,2.1680861909756944e-05,0.0336410921620609,0.05867006473063422,0.01103427822915597,1.734468952780551e-05,0.01103427822915597,7.571624082330492e-05,6.0039309903942276e-05,0.007670169012949881,3.635713766405392e-05,3.1353861838725436e-05,0.020453784034533032,0.008208426487542862,2.201441363144549e-05,4.96992065315967e-05,3.335517216885683e-05,2.5016379126642606e-05,3.435582733392253e-05,2.83518963435283e-05,2.4015723961576885e-05,0.013321872496176118,0.01009232764861827,0.021395734615070737,0.00941950580537705,2.068020674469121e-05,0.011303406966452463,0.008208426487542862,3.535648249898819e-05,6.904520638953365e-05,0.011572535703748946,0.006189960957819207
2026-03-17,2.4015723961576885e-05,0.015340338025899763,0.018166189767512893,0.01910814034805058,3.268806872547969e-05,0.007266475907005157,0.015340338025899763,3.535648249898819e-05,0.009688634542673541,5.90386547388765e-05,7.304782704979651e-05,0.05234553940416677,2.2347965353134078e-05,0.5558854068858944,0.010496020754563002,0.013187308127527868,0.008746683962135834,0.03135349789504075,2.868544806521685e-05,2.1680861909756944e-05,0.0336410921620609,0.05867006473063422,0.01103427822915597,1.734468952780551e-05,0.01103427822915597,7.571624082330492e-05,6.0039309903942276e-05,0.007670169012949881,3.635713766405392e-05,3.1353861838725436e-05,0.020453784034533032,0.008208426487542862,2.201441363144549e-05,4.96992065315967e-05,3.335517216885683e-05,2.5016379126642606e-05,3.435582733392253e-05,2.83518963435283e-05,2.4015723961576885e-05,0.013321872496176118,0.01009232764861827,0.021395734615070737,0.00941950580537705,2.068020674469121e-05,0.011303406966452463,0.008208426487542862,3.535648249898819e-05,6.904520638953365e-05,0.011572535703748946,0.006189960957819207
2026-03-18,2.4015723961576885e-05,0.015340338025899763,0.018166189767512893,0.01910814034805058,3.268806872547969e-05,0.007266475907005157,0.015340338025899763,3.535648249898819e-05,0.009688634542673541,5.90386547388765e-05,7.304782704979651e-05,0.05234553940416677,2.2347965353134078e-05,0.5558854068858944,0.010496020754563002,0.013187308127527868,0.008746683962135834,0.03135349789504075,2.868544806521685e-05,2.1680861909756944e-05,0.0336410921620609,0.05867006473063422,0.01103427822915597,1.734468952780551e-05,0.01103427822915597,7.571624082330492e-05,6.0039309903942276e-05,0.007670169012949881,3.635713766405392e-05,3.1353861838725436e-05,0.020453784034533032,0.008208426487542862,2.201441363144549e-05,4.96992065315967e-05,3.335517216885683e-05,2.5016379126642606e-05,3.435582733392253e-05,2.83518963435283e-05,2.4015723961576885e-05,0.013321872496176118,0.01009232764861827,0.021395734615070737,0.00941950580537705,2.068020674469121e-05,0.011303406966452463,0.008208426487542862,3.535648249898819e-05,6.904520638953365e-05,0.011572535703748946,0.006189960957819207
2026-03-19,2.4015723961576885e-05,0.015340338025899763,0.018166189767512893,0.01910814034805058,3.268806872547969e-05,0.007266475907005157,0.015340338025899763,3.535648249898819e-05,0.009688634542673541,5.90386547388765e-05,7.304782704979651e-05,0.05234553940416677,2.2347965353134078e-05,0.5558854068858944,0.010496020754563002,0.013187308127527868,0.008746683962135834,0.03135349789504075,2.868544806521685e-05,2.1680861909756944e-05,0.0336410921620609,0.05867006473063422,0.01103427822915597,1.734468952780551e-05,0.01103427822915597,7.571624082330492e-05,6.0039309903942276e-05,0.007670169012949881,3.635713766405392e-05,3.1353861838725436e-05,0.020453784034533032,0.008208426487542862,2.201441363144549e-05,4.96992065315967e-05,3.335517216885683e-05,2.5016379126642606e-05,3.435582733392253e-05,2.83518963435283e-05,2.4015723961576885e-05,0.013321872496176118,0.01009232764861827,0.021395734615070737,0.00941950580537705,2.068020674469121e-05,0.011303406966452463,0.008208426487542862,3.535648249898819e-05,6.904520638953365e-05,0.011572535703748946,0.006189960957819207
2026-03-20,2.4015723961576885e-05,0.015340338025899763,0.018166189767512893,0.01910814034805058,3.268806872547969e-05,0.007266475907005157,0.015340338025899763,3.535648249898819e-05,0.009688634542673541,5.90386547388765e-05,7.304782704979651e-05,0.05234553940416677,2.2347965353134078e-05,0.5558854068858944,0.010496020754563002,0.013187308127527868,0.008746683962135834,0.03135349789504075,2.868544806521685e-05,2.1680861909756944e-05,0.0336410921620609,0.05867006473063422,0.01103427822915597,1.734468952780551e-05,0.01103427822915597,7.571624082330492e-05,6.0039309903942276e-05,0.007670169012949881,3.635713766405392e-05,3.1353861838725436e-05,0.020453784034533032,0.008208426487542862,2.201441363144549e-05,4.96992065315967e-05,3.335517216885683e-05,2.5016379126642606e-05,3.435582733392253e-05,2.83518963435283e-05,2.4015723961576885e-05,0.013321872496176118,0.01009232764861827,0.021395734615070737,0.00941950580537705,2.068020674469121e-05,0.011303406966452463,0.008208426487542862,3.535648249898819e-05,6.904520638953365e-05,0.011572535703748946,0.006189960957819207
2026-03-23,2.4015723961576885e-05,0.015340338025899763,0.018166189767512893,0.01910814034805058,3.268806872547969e-05,0.007266475907005157,0.015340338025899763,3.535648249898819e-05,0.009688634542673541,5.90386547388765e-05,7.304782704979651e-05,0.05234553940416677,2.2347965353134078e-05,0.5558854068858944,0.010496020754563002,0.013187308127527868,0.008746683962135834,0.03135349789504075,2.868544806521685e-05,2.1680861909756944e-05,0.0336410921620609,0.05867006473063422,0.01103427822915597,1.734468952780551e-05,0.01103427822915597,7.571624082330492e-05,6.0039309903942276e-05,0.007670169012949881,3.635713766405392e-05,3.1353861838725436e-05,0.020453784034533032,0.008208426487542862,2.201441363144549e-05,4.96992065315967e-05,3.335517216885683e-05,2.5016379126642606e-05,3.435582733392253e-05,2.83518963435283e-05,2.4015723961576885e-05,0.013321872496176118,0.01009232764861827,0.021395734615070737,0.00941950580537705,2.068020674469121e-05,0.011303406966452463,0.008208426487542862,3.535648249898819e-05,6.904520638953365e-05,0.011572535703748946,0.006189960957819207
2026-03-24,2.4015723961576885e-05,0.015340338025899763,0.018166189767512893,0.01910814034805058,3.268806872547969e-05,0.007266475907005157,0.015340338025899763,3.535648249898819e-05,0.009688634542673541,5.90386547388765e-05,7.304782704979651e-05,0.05234553940416677,2.2347965353134078e-05,0.5558854068858944,0.010496020754563002,0.013187308127527868,0.008746683962135834,0.03135349789504075,2.868544806521685e-05,2.1680861909756944e-05,0.0336410921620609,0.05867006473063422,0.01103427822915597,1.734468952780551e-05,0.01103427822915597,7.571624082330492e-05,6.0039309903942276e-05,0.007670169012949881,3.635713766405392e-05,3.1353861838725436e-05,0.020453784034533032,0.008208426487542862,2.201441363144549e-05,4.96992065315967e-05,3.335517216885683e-05,2.5016379126642606e-05,3.435582733392253e-05,2.83518963435283e-05,2.4015723961576885e-05,0.013321872496176118,0.01009232764861827,0.021395734615070737,0.00941950580537705,2.068020674469121e-05,0.011303406966452463,0.008208426487542862,3.535648249898819e-05,6.904520638953365e-05,0.011572535703748946,0.006189960957819207
2026-03-25,2.4015723961576885e-05,0.015340338025899763,0.018166189767512893,0.01910814034805058,3.268806872547969e-05,0.007266475907005157,0.015340338025899763,3.535648249898819e-05,0.009688634542673541,5.90386547388765e-05,7.304782704979651e-05,0.05234553940416677,2.2347965353134078e-05,0.5558854068858944,0.010496020754563002,0.013187308127527868,0.008746683962135834,0.03135349789504075,2.868544806521685e-05,2.1680861909756944e-05,0.0336410921620609,0.05867006473063422,0.01103427822915597,1.734468952780551e-05,0.01103427822915597,7.571624082330492e-05,6.0039309903942276e-05,0.007670169012949881,3.635713766405392e-05,3.1353861838725436e-05,0.020453784034533032,0.008208426487542862,2.201441363144549e-05,4.96992065315967e-05,3.335517216885683e-05,2.5016379126642606e-05,3.435582733392253e-05,2.83518963435283e-05,2.4015723961576885e-05,0.013321872496176118,0.01009232764861827,0.021395734615070737,0.00941950580537705,2.068020674469121e-05,0.011303406966452463,0.008208426487542862,3.535648249898819e-05,6.904520638953365e-05,0.011572535703748946,0.006189960957819207
2026-03-26,2.4015723961576885e-05,0.015340338025899763,0.018166189767512893,0.01910814034805058,3.268806872547969e-05,0.007266475907005157,0.015340338025899763,3.535648249898819e-05,0.009688634542673541,5.90386547388765e-05,7.304782704979651e-05,0.05234553940416677,2.2347965353134078e-05,0.5558854068858944,0.010496020754563002,0.013187308127527868,0.008746683962135834,0.03135349789504075,2.868544806521685e-05,2.1680861909756944e-05,0.0336410921620609,0.05867006473063422,0.01103427822915597,1.734468952780551e-05,0.01103427822915597,7.571624082330492e-05,6.0039309903942276e-05,0.007670169012949881,3.635713766405392e-05,3.1353861838725436e-05,0.020453784034533032,0.008208426487542862,2.201441363144549e-05,4.96992065315967e-05,3.335517216885683e-05,2.5016379126642606e-05,3.435582733392253e-05,2.83518963435283e-05,2.4015723961576885e-05,0.013321872496176118,0.01009232764861827,0.021395734615070737,0.00941950580537705,2.068020674469121e-05,0.011303406966452463,0.008208426487542862,3.535648249898819e-05,6.904520638953365e-05,0.011572535703748946,0.006189960957819207
2026-03-27,2.4015723961576885e-05,0.015340338025899763,0.018166189767512893,0.01910814034805058,3.268806872547969e-05,0.007266475907005157,0.015340338025899763,3.535648249898819e-05,0.009688634542673541,5.90386547388765e-05,7.304782704979651e-05,0.05234553940416677,2.2347965353134078e-05,0.5558854068858944,0.010496020754563002,0.013187308127527868,0.008746683962135834,0.03135349789504075,2.868544806521685e-05,2.1680861909756944e-05,0.0336410921620609,0.05867006473063422,0.01103427822915597,1.734468952780551e-05,0.01103427822915597,7.571624082330492e-05,6.0039309903942276e-05,0.007670169012949881,3.635713766405392e-05,3.1353861838725436e-05,0.020453784034533032,0.008208426487542862,2.201441363144549e-05,4.96992065315967e-05,3.335517216885683e-05,2.5016379126642606e-05,3.435582733392253e-05,2.83518963435283e-05,2.4015723961576885e-05,0.013321872496176118,0.01009232764861827,0.021395734615070737,0.00941950580537705,2.068020674469121e-05,0.011303406966452463,0.008208426487542862,3.535648249898819e-05,6.904520638953365e-05,0.011572535703748946,0.006189960957819207
2026-03-30,2.4015723961576885e-05,0.015340338025899763,0.018166189767512893,0.01910814034805058,3.268806872547969e-05,0.007266475907005157,0.015340338025899763,3.535648249898819e-05,0.009688634542673541,5.90386547388765e-05,7.304782704979651e-05,0.05234553940416677,2.2347965353134078e-05,0.5558854068858944,0.010496020754563002,0.013187308127527868,0.008746683962135834,0.03135349789504075,2.868544806521685e-05,2.1680861909756944e-05,0.0336410921620609,0.05867006473063422,0.01103427822915597,1.734468952780551e-05,0.01103427822915597,7.571624082330492e-05,6.0039309903942276e-05,0.007670169012949881,3.635713766405392e-05,3.1353861838725436e-05,0.020453784034533032,0.008208426487542862,2.201441363144549e-05,4.96992065315967e-05,3.335517216885683e-05,2.5016379126642606e-05,3.435582733392253e-05,2.83518963435283e-05,2.4015723961576885e-05,0.013321872496176118,0.01009232764861827,0.021395734615070737,0.00941950580537705,2.068020674469121e-05,0.011303406966452463,0.008208426487542862,3.535648249898819e-05,6.904520638953365e-05,0.011572535703748946,0.006189960957819207
2026-03-31,2.4015723961576885e-05,0.015340338025899763,0.018166189767512893,0.01910814034805058,3.268806872547969e-05,0.007266475907005157,0.015340338025899763,3.535648249898819e-05,0.009688634542673541,5.90386547388765e-05,7.304782704979651e-05,0.05234553940416677,2.2347965353134078e-05,0.5558854068858944,0.010496020754563002,0.013187308127527868,0.008746683962135834,0.03135349789504075,2.868544806521685e-05,2.1680861909756944e-05,0.0336410921620609,0.05867006473063422,0.01103427822915597,1.734468952780551e-05,0.01103427822915597,7.571624082330492e-05,6.0039309903942276e-05,0.007670169012949881,3.635713766405392e-05,3.1353861838725436e-05,0.020453784034533032,0.008208426487542862,2.201441363144549e-05,4.96992065315967e-05,3.335517216885683e-05,2.5016379126642606e-05,3.435582733392253e-05,2.83518963435283e-05,2.4015723961576885e-05,0.013321872496176118,0.01009232764861827,0.021395734615070737,0.00941950580537705,2.068020674469121e-05,0.011303406966452463,0.008208426487542862,3.535648249898819e-05,6.904520638953365e-05,0.011572535703748946,0.006189960957819207
