date,1101,1216,1301,1303,1326,1590,2002,2207,2301,2303,2308,2317,2327,2330,2345,2357,2379,2382,2395,2408,2412,2454,2603,2801,2880,2881,2882,2883,2884,2885,2886,2887,2890,2891,2892,2912,3008,3034,3037,3045,3231,3711,4904,4938,5871,5876,5880,6505,6669,9910
2024-01-02,0.007198560287942412,0.011397720455908818,0.013497300539892024,0.014197160567886422,0.009798040391921616,0.0053989202159568095,0.011397720455908818,0.010597880423915218,0.007198560287942412,0.01769646070785843,0.021895620875824834,0.03889222155568887,0.006698660267946411,0.4130173965206959,0.007798440311937613,0.009798040391921616,0.006498700259948011,0.023295340931813638,0.008598280343931213,0.006498700259948011,0.02499500099980004,0.043591281743651275,0.008198360327934412,0.005198960207958409,0.008198360327934412,0.02269546090781844,0.01799640071985603,0.005698860227954409,0.010897820435912819,0.009398120375924815,0.015196960607878425,0.00609878024395121,0.006598680263947211,0.014897020595880824,0.009998000399920017,0.007498500299940012,0.010297940411917617,0.008498300339932013,0.007198560287942412,0.009898020395920816,0.007498500299940012,0.015896820635872826,0.006998600279944011,0.00619876024795041,0.008398320335932814,0.00609878024395121,0.010597880423915218,0.020695860827834433,0.008598280343931213,0.004599080183963208
2024-01-03,6.014198817724772e-05,0.038416432070285486,0.00011276622783233949,0.04785204696474157,0.0330246521305963,0.018197257296451035,9.522481461397539e-05,0.03572054210044091,6.014198817724772e-05,0.05964656558281169,0.00018293188070579516,0.13108764978369356,0.022578078497448494,0.0034506465716695857,6.515382052535169e-05,8.185992835236492e-05,0.021904106004987343,0.00019462615618470435,0.02898081717582941,0.021904106004987343,0.08424656155764362,0.0003641931506288886,6.849504209075424e-05,0.017523284803989878,6.849504209075424e-05,0.07649587789434044,0.00015035497044311915,4.7612407306987696e-05,0.03673150083913263,0.03167670714567401,0.05122190942704735,0.020556161020065057,5.5130155829143774e-05,0.00012446050331124876,0.03369862462305745,0.02527396846729309,8.603645530911818e-05,7.100095826480628e-05,6.014198817724772e-05,0.03336163837682689,6.264790435129963e-05,0.00013281355722475526,0.023589037236140212,0.020893147266295632,0.028306844683368266,5.095362887239043e-05,0.03572054210044091,0.00017290821600958714,7.18362636561569e-05,0.015501367326606435
2024-01-04,6.014198817724772e-05,0.038416432070285486,0.00011276622783233949,0.04785204696474157,0.0330246521305963,0.018197257296451035,9.522481461397539e-05,0.03572054210044091,6.014198817724772e-05,0.05964656558281169,0.00018293188070579516,0.13108764978369356,0.022578078497448494,0.0034506465716695857,6.515382052535169e-05,8.185992835236492e-05,0.021904106004987343,0.00019462615618470435,0.02898081717582941,0.021904106004987343,0.08424656155764362,0.0003641931506288886,6.849504209075424e-05,0.017523284803989878,6.849504209075424e-05,0.07649587789434044,0.00015035497044311915,4.7612407306987696e-05,0.03673150083913263,0.03167670714567401,0.05122190942704735,0.020556161020065057,5.5130155829143774e-05,0.00012446050331124876,0.03369862462305745,0.02527396846729309,8.603645530911818e-05,7.100095826480628e-05,6.014198817724772e-05,0.03336163837682689,6.264790435129963e-05,0.00013281355722475526,0.023589037236140212,0.020893147266295632,0.028306844683368266,5.095362887239043e-05,0.03572054210044091,0.00017290821600958714,7.18362636561569e-05,0.015501367326606435
2024-01-05,6.014198817724772e-05,0.038416432070285486,0.00011276622783233949,0.04785204696474157,0.0330246521305963,0.018197257296451035,9.522481461397539e-05,0.03572054210044091,6.014198817724772e-05,0.05964656558281169,0.00018293188070579516,0.13108764978369356,0.022578078497448494,0.0034506465716695857,6.515382052535169e-05,8.185992835236492e-05,0.021904106004987343,0.00019462615618470435,0.02898081717582941,0.021904106004987343,0.08424656155764362,0.0003641931506288886,6.849504209075424e-05,0.017523284803989878,6.849504209075424e-05,0.07649587789434044,0.00015035497044311915,4.7612407306987696e-05,0.03673150083913263,0.03167670714567401,0.05122190942704735,0.020556161020065057,5.5130155829143774e-05,0.00012446050331124876,0.03369862462305745,0.02527396846729309,8.603645530911818e-05,7.100095826480628e-05,6.014198817724772e-05,0.03336163837682689,6.264790435129963e-05,0.00013281355722475526,0.023589037236140212,0.020893147266295632,0.028306844683368266,5.095362887239043e-05,0.03572054210044091,0.00017290821600958714,7.18362636561569e-05,0.015501367326606435
2024-01-08,6.014198817724772e-05,0.038416432070285486,0.00011276622783233949,0.04785204696474157,0.0330246521305963,0.018197257296451035,9.522481461397539e-05,0.03572054210044091,6.014198817724772e-05,0.05964656558281169,0.00018293188070579516,0.13108764978369356,0.022578078497448494,0.0034506465716695857,6.515382052535169e-05,8.185992835236492e-05,0.021904106004987343,0.00019462615618470435,0.02898081717582941,0.021904106004987343,0.08424656155764362,0.0003641931506288886,6.849504209075424e-05,0.017523284803989878,6.849504209075424e-05,0.07649587789434044,0.00015035497044311915,4.7612407306987696e-05,0.03673150083913263,0.03167670714567401,0.05122190942704735,0.020556161020065057,5.5130155829143774e-05,0.00012446050331124876,0.03369862462305745,0.02527396846729309,8.603645530911818e-05,7.100095826480628e-05,6.014198817724772e-05,0.03336163837682689,6.264790435129963e-05,0.00013281355722475526,0.023589037236140212,0.020893147266295632,0.028306844683368266,5.095362887239043e-05,0.03572054210044091,0.00017290821600958714,7.18362636561569e-05,0.015501367326606435
2024-01-09,6.014198817724772e-05,0.038416432070285486,0.00011276622783233949,0.04785204696474157,0.0330246521305963,0.018197257296451035,9.522481461397539e-05,0.03572054210044091,6.014198817724772e-05,0.05964656558281169,0.00018293188070579516,0.13108764978369356,0.022578078497448494,0.0034506465716695857,6.515382052535169e-05,8.185992835236492e-05,0.021904106004987343,0.00019462615618470435,0.02898081717582941,0.021904106004987343,0.08424656155764362,0.0003641931506288886,6.849504209075424e-05,0.017523284803989878,6.849504209075424e-05,0.07649587789434044,0.00015035497044311915,4.7612407306987696e-05,0.03673150083913263,0.03167670714567401,0.05122190942704735,0.020556161020065057,5.5130155829143774e-05,0.00012446050331124876,0.03369862462305745,0.02527396846729309,8.603645530911818e-05,7.100095826480628e-05,6.014198817724772e-05,0.03336163837682689,6.264790435129963e-05,0.00013281355722475526,0.023589037236140212,0.020893147266295632,0.028306844683368266,5.095362887239043e-05,0.03572054210044091,0.00017290821600958714,7.18362636561569e-05,0.015501367326606435
2024-01-10,6.014198817724772e-05,0.038416432070285486,0.00011276622783233949,0.04785204696474157,0.0330246521305963,0.018197257296451035,9.522481461397539e-05,0.03572054210044091,6.014198817724772e-05,0.05964656558281169,0.00018293188070579516,0.13108764978369356,0.022578078497448494,0.0034506465716695857,6.515382052535169e-05,8.185992835236492e-05,0.021904106004987343,0.00019462615618470435,0.02898081717582941,0.021904106004987343,0.08424656155764362,0.0003641931506288886,6.849504209075424e-05,0.017523284803989878,6.849504209075424e-05,0.07649587789434044,0.00015035497044311915,4.7612407306987696e-05,0.03673150083913263,0.03167670714567401,0.05122190942704735,0.020556161020065057,5.5130155829143774e-05,0.00012446050331124876,0.03369862462305745,0.02527396846729309,8.603645530911818e-05,7.100095826480628e-05,6.014198817724772e-05,0.03336163837682689,6.264790435129963e-05,0.00013281355722475526,0.023589037236140212,0.020893147266295632,0.028306844683368266,5.095362887239043e-05,0.03572054210044091,0.00017290821600958714,7.18362636561569e-05,0.015501367326606435
2024-01-11,6.014198817724772e-05,0.038416432070285486,0.00011276622783233949,0.04785204696474157,0.0330246521305963,0.018197257296451035,9.522481461397539e-05,0.03572054210044091,6.014198817724772e-05,0.05964656558281169,0.00018293188070579516,0.13108764978369356,0.022578078497448494,0.0034506465716695857,6.515382052535169e-05,8.185992835236492e-05,0.021904106004987343,0.00019462615618470435,0.02898081717582941,0.021904106004987343,0.08424656155764362,0.0003641931506288886,6.849504209075424e-05,0.017523284803989878,6.849504209075424e-05,0.07649587789434044,0.00015035497044311915,4.7612407306987696e-05,0.03673150083913263,0.03167670714567401,0.05122190942704735,0.020556161020065057,5.5130155829143774e-05,0.00012446050331124876,0.03369862462305745,0.02527396846729309,8.603645530911818e-05,7.100095826480628e-05,6.014198817724772e-05,0.03336163837682689,6.264790435129963e-05,0.00013281355722475526,0.023589037236140212,0.020893147266295632,0.028306844683368266,5.095362887239043e-05,0.03572054210044091,0.00017290821600958714,7.18362636561569e-05,0.015501367326606435
2024-01-12,6.014198817724772e-05,0.038416432070285486,0.00011276622783233949,0.04785204696474157,0.0330246521305963,0.018197257296451035,9.522481461397539e-05,0.03572054210044091,6.014198817724772e-05,0.05964656558281169,0.00018293188070579516,0.13108764978369356,0.022578078497448494,0.0034506465716695857,6.515382052535169e-05,8.185992835236492e-05,0.021904106004987343,0.00019462615618470435,0.02898081717582941,0.021904106004987343,0.08424656155764362,0.0003641931506288886,6.849504209075424e-05,0.017523284803989878,6.849504209075424e-05,0.07649587789434044,0.00015035497044311915,4.7612407306987696e-05,0.03673150083913263,0.03167670714567401,0.05122190942704735,0.020556161020065057,5.5130155829143774e-05,0.00012446050331124876,0.03369862462305745,0.02527396846729309,8.603645530911818e-05,7.100095826480628e-05,6.014198817724772e-05,0.03336163837682689,6.264790435129963e-05,0.00013281355722475526,0.023589037236140212,0.020893147266295632,0.028306844683368266,5.095362887239043e-05,0.03572054210044091,0.00017290821600958714,7.18362636561569e-05,0.015501367326606435
2024-01-15,6.014198817724772e-05,0.038416432070285486,0.00011276622783233949,0.04785204696474157,0.0330246521305963,0.018197257296451035,9.522481461397539e-05,0.03572054210044091,6.014198817724772e-05,0.05964656558281169,0.00018293188070579516,0.13108764978369356,0.022578078497448494,0.0034506465716695857,6.515382052535169e-05,8.185992835236492e-05,0.021904106004987343,0.00019462615618470435,0.02898081717582941,0.021904106004987343,0.08424656155764362,0.0003641931506288886,6.849504209075424e-05,0.017523284803989878,6.849504209075424e-05,0.07649587789434044,0.00015035497044311915,4.7612407306987696e-05,0.03673150083913263,0.03167670714567401,0.05122190942704735,0.020556161020065057,5.5130155829143774e-05,0.00012446050331124876,0.03369862462305745,0.02527396846729309,8.603645530911818e-05,7.100095826480628e-05,6.014198817724772e-05,0.03336163837682689,6.264790435129963e-05,0.00013281355722475526,0.023589037236140212,0.020893147266295632,0.028306844683368266,5.095362887239043e-05,0.03572054210044091,0.00017290821600958714,7.18362636561569e-05,0.015501367326606435
2024-01-16,6.014198817724772e-05,0.038416432070285486,0.00011276622783233949,0.04785204696474157,0.0330246521305963,0.018197257296451035,9.522481461397539e-05,0.03572054210044091,6.014198817724772e-05,0.05964656558281169,0.00018293188070579516,0.13108764978369356,0.022578078497448494,0.0034506465716695857,6.515382052535169e-05,8.185992835236492e-05,0.021904106004987343,0.00019462615618470435,0.02898081717582941,0.021904106004987343,0.08424656155764362,0.0003641931506288886,6.849504209075424e-05,0.017523284803989878,6.849504209075424e-05,0.07649587789434044,0.00015035497044311915,4.7612407306987696e-05,0.03673150083913263,0.03167670714567401,0.05122190942704735,0.020556161020065057,5.5130155829143774e-05,0.00012446050331124876,0.03369862462305745,0.02527396846729309,8.603645530911818e-05,7.100095826480628e-05,6.014198817724772e-05,0.03336163837682689,6.264790435129963e-05,0.00013281355722475526,0.023589037236140212,0.020893147266295632,0.028306844683368266,5.095362887239043e-05,0.03572054210044091,0.00017290821600958714,7.18362636561569e-05,0.015501367326606435
2024-01-17,6.014198817724772e-05,0.038416432070285486,0.00011276622783233949,0.04785204696474157,0.0330246521305963,0.018197257296451035,9.522481461397539e-05,0.03572054210044091,6.014198817724772e-05,0.05964656558281169,0.00018293188070579516,0.13108764978369356,0.022578078497448494,0.0034506465716695857,6.515382052535169e-05,8.185992835236492e-05,0.021904106004987343,0.00019462615618470435,0.02898081717582941,0.021904106004987343,0.08424656155764362,0.0003641931506288886,6.849504209075424e-05,0.017523284803989878,6.849504209075424e-05,0.07649587789434044,0.00015035497044311915,4.7612407306987696e-05,0.03673150083913263,0.03167670714567401,0.05122190942704735,0.020556161020065057,5.5130155829143774e-05,0.00012446050331124876,0.03369862462305745,0.02527396846729309,8.603645530911818e-05,7.100095826480628e-05,6.014198817724772e-05,0.03336163837682689,6.264790435129963e-05,0.00013281355722475526,0.023589037236140212,0.020893147266295632,0.028306844683368266,5.095362887239043e-05,0.03572054210044091,0.00017290821600958714,7.18362636561569e-05,0.015501367326606435
2024-01-18,6.014198817724772e-05,0.038416432070285486,0.00011276622783233949,0.04785204696474157,0.0330246521305963,0.018197257296451035,9.522481461397539e-05,0.03572054210044091,6.014198817724772e-05,0.05964656558281169,0.00018293188070579516,0.13108764978369356,0.022578078497448494,0.0034506465716695857,6.515382052535169e-05,8.185992835236492e-05,0.021904106004987343,0.00019462615618470435,0.02898081717582941,0.021904106004987343,0.08424656155764362,0.0003641931506288886,6.849504209075424e-05,0.017523284803989878,6.849504209075424e-05,0.07649587789434044,0.00015035497044311915,4.7612407306987696e-05,0.03673150083913263,0.03167670714567401,0.05122190942704735,0.020556161020065057,5.5130155829143774e-05,0.00012446050331124876,0.03369862462305745,0.02527396846729309,8.603645530911818e-05,7.100095826480628e-05,6.014198817724772e-05,0.03336163837682689,6.264790435129963e-05,0.00013281355722475526,0.023589037236140212,0.020893147266295632,0.028306844683368266,5.095362887239043e-05,0.03572054210044091,0.00017290821600958714,7.18362636561569e-05,0.015501367326606435
2024-01-19,6.014198817724772e-05,0.038416432070285486,0.00011276622783233949,0.04785204696474157,0.0330246521305963,0.018197257296451035,9.522481461397539e-05,0.03572054210044091,6.014198817724772e-05,0.05964656558281169,0.00018293188070579516,0.13108764978369356,0.022578078497448494,0.0034506465716695857,6.515382052535169e-05,8.185992835236492e-05,0.021904106004987343,0.00019462615618470435,0.02898081717582941,0.021904106004987343,0.08424656155764362,0.0003641931506288886,6.849504209075424e-05,0.017523284803989878,6.849504209075424e-05,0.07649587789434044,0.00015035497044311915,4.7612407306987696e-05,0.03673150083913263,0.03167670714567401,0.05122190942704735,0.020556161020065057,5.5130155829143774e-05,0.00012446050331124876,0.03369862462305745,0.02527396846729309,8.603645530911818e-05,7.100095826480628e-05,6.014198817724772e-05,0.03336163837682689,6.264790435129963e-05,0.00013281355722475526,0.023589037236140212,0.020893147266295632,0.028306844683368266,5.095362887239043e-05,0.03572054210044091,0.00017290821600958714,7.18362636561569e-05,0.015501367326606435
2024-01-22,6.014198817724772e-05,0.038416432070285486,0.00011276622783233949,0.04785204696474157,0.0330246521305963,0.018197257296451035,9.522481461397539e-05,0.03572054210044091,6.014198817724772e-05,0.05964656558281169,0.00018293188070579516,0.13108764978369356,0.022578078497448494,0.0034506465716695857,6.515382052535169e-05,8.185992835236492e-05,0.021904106004987343,0.00019462615618470435,0.02898081717582941,0.021904106004987343,0.08424656155764362,0.0003641931506288886,6.849504209075424e-05,0.017523284803989878,6.849504209075424e-05,0.07649587789434044,0.00015035497044311915,4.7612407306987696e-05,0.03673150083913263,0.03167670714567401,0.05122190942704735,0.020556161020065057,5.5130155829143774e-05,0.00012446050331124876,0.03369862462305745,0.02527396846729309,8.603645530911818e-05,7.100095826480628e-05,6.014198817724772e-05,0.03336163837682689,6.264790435129963e-05,0.00013281355722475526,0.023589037236140212,0.020893147266295632,0.028306844683368266,5.095362887239043e-05,0.03572054210044091,0.00017290821600958714,7.18362636561569e-05,0.015501367326606435
2024-01-23,6.014198817724772e-05,0.038416432070285486,0.00011276622783233949,0.04785204696474157,0.0330246521305963,0.018197257296451035,9.522481461397539e-05,0.03572054210044091,6.014198817724772e-05,0.05964656558281169,0.00018293188070579516,0.13108764978369356,0.022578078497448494,0.0034506465716695857,6.515382052535169e-05,8.185992835236492e-05,0.021904106004987343,0.00019462615618470435,0.02898081717582941,0.021904106004987343,0.08424656155764362,0.0003641931506288886,6.849504209075424e-05,0.017523284803989878,6.849504209075424e-05,0.07649587789434044,0.00015035497044311915,4.7612407306987696e-05,0.03673150083913263,0.03167670714567401,0.05122190942704735,0.020556161020065057,5.5130155829143774e-05,0.00012446050331124876,0.03369862462305745,0.02527396846729309,8.603645530911818e-05,7.100095826480628e-05,6.014198817724772e-05,0.03336163837682689,6.264790435129963e-05,0.00013281355722475526,0.023589037236140212,0.020893147266295632,0.028306844683368266,5.095362887239043e-05,0.03572054210044091,0.00017290821600958714,7.18362636561569e-05,0.015501367326606435
2024-01-24,6.014198817724772e-05,0.038416432070285486,0.00011276622783233949,0.04785204696474157,0.0330246521305963,0.018197257296451035,9.522481461397539e-05,0.03572054210044091,6.014198817724772e-05,0.05964656558281169,0.00018293188070579516,0.13108764978369356,0.022578078497448494,0.0034506465716695857,6.515382052535169e-05,8.185992835236492e-05,0.021904106004987343,0.00019462615618470435,0.02898081717582941,0.021904106004987343,0.08424656155764362,0.0003641931506288886,6.849504209075424e-05,0.017523284803989878,6.849504209075424e-05,0.07649587789434044,0.00015035497044311915,4.7612407306987696e-05,0.03673150083913263,0.03167670714567401,0.05122190942704735,0.020556161020065057,5.5130155829143774e-05,0.00012446050331124876,0.03369862462305745,0.02527396846729309,8.603645530911818e-05,7.100095826480628e-05,6.014198817724772e-05,0.03336163837682689,6.264790435129963e-05,0.00013281355722475526,0.023589037236140212,0.020893147266295632,0.028306844683368266,5.095362887239043e-05,0.03572054210044091,0.00017290821600958714,7.18362636561569e-05,0.015501367326606435
2024-01-25,6.014198817724772e-05,0.038416432070285486,0.00011276622783233949,0.04785204696474157,0.0330246521305963,0.018197257296451035,9.522481461397539e-05,0.03572054210044091,6.014198817724772e-05,0.05964656558281169,0.00018293188070579516,0.13108764978369356,0.022578078497448494,0.0034506465716695857,6.515382052535169e-05,8.185992835236492e-05,0.021904106004987343,0.00019462615618470435,0.02898081717582941,0.021904106004987343,0.08424656155764362,0.0003641931506288886,6.849504209075424e-05,0.017523284803989878,6.849504209075424e-05,0.07649587789434044,0.00015035497044311915,4.7612407306987696e-05,0.03673150083913263,0.03167670714567401,0.05122190942704735,0.020556161020065057,5.5130155829143774e-05,0.00012446050331124876,0.03369862462305745,0.02527396846729309,8.603645530911818e-05,7.100095826480628e-05,6.014198817724772e-05,0.03336163837682689,6.264790435129963e-05,0.00013281355722475526,0.023589037236140212,0.020893147266295632,0.028306844683368266,5.095362887239043e-05,0.03572054210044091,0.00017290821600958714,7.18362636561569e-05,0.015501367326606435
2024-01-26,6.014198817724772e-05,0.038416432070285486,0.00011276622783233949,0.04785204696474157,0.0330246521305963,0.018197257296451035,9.522481461397539e-05,0.03572054210044091,6.014198817724772e-05,0.05964656558281169,0.00018293188070579516,0.13108764978369356,0.022578078497448494,0.0034506465716695857,6.515382052535169e-05,8.185992835236492e-05,0.021904106004987343,0.00019462615618470435,0.02898081717582941,0.021904106004987343,0.08424656155764362,0.0003641931506288886,6.849504209075424e-05,0.017523284803989878,6.849504209075424e-05,0.07649587789434044,0.00015035497044311915,4.7612407306987696e-05,0.03673150083913263,0.03167670714567401,0.05122190942704735,0.020556161020065057,5.5130155829143774e-05,0.00012446050331124876,0.03369862462305745,0.02527396846729309,8.603645530911818e-05,7.100095826480628e-05,6.014198817724772e-05,0.03336163837682689,6.264790435129963e-05,0.00013281355722475526,0.023589037236140212,0.020893147266295632,0.028306844683368266,5.095362887239043e-05,0.03572054210044091,0.00017290821600958714,7.18362636561569e-05,0.015501367326606435
2024-01-29,6.014198817724772e-05,0.038416432070285486,0.00011276622783233949,0.04785204696474157,0.0330246521305963,0.018197257296451035,9.522481461397539e-05,0.03572054210044091,6.014198817724772e-05,0.05964656558281169,0.00018293188070579516,0.13108764978369356,0.022578078497448494,0.0034506465716695857,6.515382052535169e-05,8.185992835236492e-05,0.021904106004987343,0.00019462615618470435,0.02898081717582941,0.021904106004987343,0.08424656155764362,0.0003641931506288886,6.849504209075424e-05,0.017523284803989878,6.849504209075424e-05,0.07649587789434044,0.00015035497044311915,4.7612407306987696e-05,0.03673150083913263,0.03167670714567401,0.05122190942704735,0.020556161020065057,5.5130155829143774e-05,0.00012446050331124876,0.03369862462305745,0.02527396846729309,8.603645530911818e-05,7.100095826480628e-05,6.014198817724772e-05,0.03336163837682689,6.264790435129963e-05,0.00013281355722475526,0.023589037236140212,0.020893147266295632,0.028306844683368266,5.095362887239043e-05,0.03572054210044091,0.00017290821600958714,7.18362636561569e-05,0.015501367326606435
2024-01-30,6.014198817724772e-05,0.038416432070285486,0.00011276622783233949,0.04785204696474157,0.0330246521305963,0.018197257296451035,9.522481461397539e-05,0.03572054210044091,6.014198817724772e-05,0.05964656558281169,0.00018293188070579516,0.13108764978369356,0.022578078497448494,0.0034506465716695857,6.515382052535169e-05,8.185992835236492e-05,0.021904106004987343,0.00019462615618470435,0.02898081717582941,0.021904106004987343,0.08424656155764362,0.0003641931506288886,6.849504209075424e-05,0.017523284803989878,6.849504209075424e-05,0.07649587789434044,0.00015035497044311915,4.7612407306987696e-05,0.03673150083913263,0.03167670714567401,0.05122190942704735,0.020556161020065057,5.5130155829143774e-05,0.00012446050331124876,0.03369862462305745,0.02527396846729309,8.603645530911818e-05,7.100095826480628e-05,6.014198817724772e-05,0.03336163837682689,6.264790435129963e-05,0.00013281355722475526,0.023589037236140212,0.020893147266295632,0.028306844683368266,5.095362887239043e-05,0.03572054210044091,0.00017290821600958714,7.18362636561569e-05,0.015501367326606435
2024-01-31,6.014198817724772e-05,0.038416432070285486,0.00011276622783233949,0.04785204696474157,0.0330246521305963,0.018197257296451035,9.522481461397539e-05,0.03572054210044091,6.014198817724772e-05,0.05964656558281169,0.00018293188070579516,0.13108764978369356,0.022578078497448494,0.0034506465716695857,6.515382052535169e-05,8.185992835236492e-05,0.021904106004987343,0.00019462615618470435,0.02898081717582941,0.021904106004987343,0.08424656155764362,0.0003641931506288886,6.849504209075424e-05,0.017523284803989878,6.849504209075424e-05,0.07649587789434044,0.00015035497044311915,4.7612407306987696e-05,0.03673150083913263,0.03167670714567401,0.05122190942704735,0.020556161020065057,5.5130155829143774e-05,0.00012446050331124876,0.03369862462305745,0.02527396846729309,8.603645530911818e-05,7.100095826480628e-05,6.014198817724772e-05,0.03336163837682689,6.264790435129963e-05,0.00013281355722475526,0.023589037236140212,0.020893147266295632,0.028306844683368266,5.095362887239043e-05,0.03572054210044091,0.00017290821600958714,7.18362636561569e-05,0.015501367326606435
2024-02-01,6.014198817724772e-05,0.038416432070285486,0.00011276622783233949,0.04785204696474157,0.0330246521305963,0.018197257296451035,9.522481461397539e-05,0.03572054210044091,6.014198817724772e-05,0.05964656558281169,0.00018293188070579516,0.13108764978369356,0.022578078497448494,0.0034506465716695857,6.515382052535169e-05,8.185992835236492e-05,0.021904106004987343,0.00019462615618470435,0.02898081717582941,0.021904106004987343,0.08424656155764362,0.0003641931506288886,6.849504209075424e-05,0.017523284803989878,6.849504209075424e-05,0.07649587789434044,0.00015035497044311915,4.7612407306987696e-05,0.03673150083913263,0.03167670714567401,0.05122190942704735,0.020556161020065057,5.5130155829143774e-05,0.00012446050331124876,0.03369862462305745,0.02527396846729309,8.603645530911818e-05,7.100095826480628e-05,6.014198817724772e-05,0.03336163837682689,6.264790435129963e-05,0.00013281355722475526,0.023589037236140212,0.020893147266295632,0.028306844683368266,5.095362887239043e-05,0.03572054210044091,0.00017290821600958714,7.18362636561569e-05,0.015501367326606435
2024-02-02,6.014198817724772e-05,0.038416432070285486,0.00011276622783233949,0.04785204696474157,0.0330246521305963,0.018197257296451035,9.522481461397539e-05,0.03572054210044091,6.014198817724772e-05,0.05964656558281169,0.00018293188070579516,0.13108764978369356,0.022578078497448494,0.0034506465716695857,6.515382052535169e-05,8.185992835236492e-05,0.021904106004987343,0.00019462615618470435,0.02898081717582941,0.021904106004987343,0.08424656155764362,0.0003641931506288886,6.849504209075424e-05,0.017523284803989878,6.849504209075424e-05,0.07649587789434044,0.00015035497044311915,4.7612407306987696e-05,0.03673150083913263,0.03167670714567401,0.05122190942704735,0.020556161020065057,5.5130155829143774e-05,0.00012446050331124876,0.03369862462305745,0.02527396846729309,8.603645530911818e-05,7.100095826480628e-05,6.014198817724772e-05,0.03336163837682689,6.264790435129963e-05,0.00013281355722475526,0.023589037236140212,0.020893147266295632,0.028306844683368266,5.095362887239043e-05,0.03572054210044091,0.00017290821600958714,7.18362636561569e-05,0.015501367326606435
2024-02-05,6.014198817724772e-05,0.038416432070285486,0.00011276622783233949,0.04785204696474157,0.0330246521305963,0.018197257296451035,9.522481461397539e-05,0.03572054210044091,6.014198817724772e-05,0.05964656558281169,0.00018293188070579516,0.13108764978369356,0.022578078497448494,0.0034506465716695857,6.515382052535169e-05,8.185992835236492e-05,0.021904106004987343,0.00019462615618470435,0.02898081717582941,0.021904106004987343,0.08424656155764362,0.0003641931506288886,6.849504209075424e-05,0.017523284803989878,6.849504209075424e-05,0.07649587789434044,0.00015035497044311915,4.7612407306987696e-05,0.03673150083913263,0.03167670714567401,0.05122190942704735,0.020556161020065057,5.5130155829143774e-05,0.00012446050331124876,0.03369862462305745,0.02527396846729309,8.603645530911818e-05,7.100095826480628e-05,6.014198817724772e-05,0.03336163837682689,6.264790435129963e-05,0.00013281355722475526,0.023589037236140212,0.020893147266295632,0.028306844683368266,5.095362887239043e-05,0.03572054210044091,0.00017290821600958714,7.18362636561569e-05,0.015501367326606435
2024-02-15,6.014198817724772e-05,0.038416432070285486,0.00011276622783233949,0.04785204696474157,0.0330246521305963,0.018197257296451035,9.522481461397539e-05,0.03572054210044091,6.014198817724772e-05,0.05964656558281169,0.00018293188070579516,0.13108764978369356,0.022578078497448494,0.0034506465716695857,6.515382052535169e-05,8.185992835236492e-05,0.021904106004987343,0.00019462615618470435,0.02898081717582941,0.021904106004987343,0.08424656155764362,0.0003641931506288886,6.849504209075424e-05,0.017523284803989878,6.849504209075424e-05,0.07649587789434044,0.00015035497044311915,4.7612407306987696e-05,0.03673150083913263,0.03167670714567401,0.05122190942704735,0.020556161020065057,5.5130155829143774e-05,0.00012446050331124876,0.03369862462305745,0.02527396846729309,8.603645530911818e-05,7.100095826480628e-05,6.014198817724772e-05,0.03336163837682689,6.264790435129963e-05,0.00013281355722475526,0.023589037236140212,0.020893147266295632,0.028306844683368266,5.095362887239043e-05,0.03572054210044091,0.00017290821600958714,7.18362636561569e-05,0.015501367326606435
2024-02-16,6.014198817724772e-05,0.038416432070285486,0.00011276622783233949,0.04785204696474157,0.0330246521305963,0.018197257296451035,9.522481461397539e-05,0.03572054210044091,6.014198817724772e-05,0.05964656558281169,0.00018293188070579516,0.13108764978369356,0.022578078497448494,0.0034506465716695857,6.515382052535169e-05,8.185992835236492e-05,0.021904106004987343,0.00019462615618470435,0.02898081717582941,0.021904106004987343,0.08424656155764362,0.0003641931506288886,6.849504209075424e-05,0.017523284803989878,6.849504209075424e-05,0.07649587789434044,0.00015035497044311915,4.7612407306987696e-05,0.03673150083913263,0.03167670714567401,0.05122190942704735,0.020556161020065057,5.5130155829143774e-05,0.00012446050331124876,0.03369862462305745,0.02527396846729309,8.603645530911818e-05,7.100095826480628e-05,6.014198817724772e-05,0.03336163837682689,6.264790435129963e-05,0.00013281355722475526,0.023589037236140212,0.020893147266295632,0.028306844683368266,5.095362887239043e-05,0.03572054210044091,0.00017290821600958714,7.18362636561569e-05,0.015501367326606435
2024-02-19,6.014198817724772e-05,0.038416432070285486,0.00011276622783233949,0.04785204696474157,0.0330246521305963,0.018197257296451035,9.522481461397539e-05,0.03572054210044091,6.014198817724772e-05,0.05964656558281169,0.00018293188070579516,0.13108764978369356,0.022578078497448494,0.0034506465716695857,6.515382052535169e-05,8.185992835236492e-05,0.021904106004987343,0.00019462615618470435,0.02898081717582941,0.021904106004987343,0.08424656155764362,0.0003641931506288886,6.849504209075424e-05,0.017523284803989878,6.849504209075424e-05,0.07649587789434044,0.00015035497044311915,4.7612407306987696e-05,0.03673150083913263,0.03167670714567401,0.05122190942704735,0.020556161020065057,5.5130155829143774e-05,0.00012446050331124876,0.03369862462305745,0.02527396846729309,8.603645530911818e-05,7.100095826480628e-05,6.014198817724772e-05,0.03336163837682689,6.264790435129963e-05,0.00013281355722475526,0.023589037236140212,0.020893147266295632,0.028306844683368266,5.095362887239043e-05,0.03572054210044091,0.00017290821600958714,7.18362636561569e-05,0.015501367326606435
2024-02-20,6.014198817724772e-05,0.038416432070285486,0.00011276622783233949,0.04785204696474157,0.0330246521305963,0.018197257296451035,9.522481461397539e-05,0.03572054210044091,6.014198817724772e-05,0.05964656558281169,0.00018293188070579516,0.13108764978369356,0.022578078497448494,0.0034506465716695857,6.515382052535169e-05,8.185992835236492e-05,0.021904106004987343,0.00019462615618470435,0.02898081717582941,0.021904106004987343,0.08424656155764362,0.0003641931506288886,6.849504209075424e-05,0.017523284803989878,6.849504209075424e-05,0.07649587789434044,0.00015035497044311915,4.7612407306987696e-05,0.03673150083913263,0.03167670714567401,0.05122190942704735,0.020556161020065057,5.5130155829143774e-05,0.00012446050331124876,0.03369862462305745,0.02527396846729309,8.603645530911818e-05,7.100095826480628e-05,6.014198817724772e-05,0.03336163837682689,6.264790435129963e-05,0.00013281355722475526,0.023589037236140212,0.020893147266295632,0.028306844683368266,5.095362887239043e-05,0.03572054210044091,0.00017290821600958714,7.18362636561569e-05,0.015501367326606435
2024-02-21,6.014198817724772e-05,0.038416432070285486,0.00011276622783233949,0.04785204696474157,0.0330246521305963,0.018197257296451035,9.522481461397539e-05,0.03572054210044091,6.014198817724772e-05,0.05964656558281169,0.00018293188070579516,0.13108764978369356,0.022578078497448494,0.0034506465716695857,6.515382052535169e-05,8.185992835236492e-05,0.021904106004987343,0.00019462615618470435,0.02898081717582941,0.021904106004987343,0.08424656155764362,0.0003641931506288886,6.849504209075424e-05,0.017523284803989878,6.849504209075424e-05,0.07649587789434044,0.00015035497044311915,4.7612407306987696e-05,0.03673150083913263,0.03167670714567401,0.05122190942704735,0.020556161020065057,5.5130155829143774e-05,0.00012446050331124876,0.03369862462305745,0.02527396846729309,8.603645530911818e-05,7.100095826480628e-05,6.014198817724772e-05,0.03336163837682689,6.264790435129963e-05,0.00013281355722475526,0.023589037236140212,0.020893147266295632,0.028306844683368266,5.095362887239043e-05,0.03572054210044091,0.00017290821600958714,7.18362636561569e-05,0.015501367326606435
2024-02-22,6.014198817724772e-05,0.038416432070285486,0.00011276622783233949,0.04785204696474157,0.0330246521305963,0.018197257296451035,9.522481461397539e-05,0.03572054210044091,6.014198817724772e-05,0.05964656558281169,0.00018293188070579516,0.13108764978369356,0.022578078497448494,0.0034506465716695857,6.515382052535169e-05,8.185992835236492e-05,0.021904106004987343,0.00019462615618470435,0.02898081717582941,0.021904106004987343,0.08424656155764362,0.0003641931506288886,6.849504209075424e-05,0.017523284803989878,6.849504209075424e-05,0.07649587789434044,0.00015035497044311915,4.7612407306987696e-05,0.03673150083913263,0.03167670714567401,0.05122190942704735,0.020556161020065057,5.5130155829143774e-05,0.00012446050331124876,0.03369862462305745,0.02527396846729309,8.603645530911818e-05,7.100095826480628e-05,6.014198817724772e-05,0.03336163837682689,6.264790435129963e-05,0.00013281355722475526,0.023589037236140212,0.020893147266295632,0.028306844683368266,5.095362887239043e-05,0.03572054210044091,0.00017290821600958714,7.18362636561569e-05,0.015501367326606435
2024-02-23,6.014198817724772e-05,0.038416432070285486,0.00011276622783233949,0.04785204696474157,0.0330246521305963,0.018197257296451035,9.522481461397539e-05,0.03572054210044091,6.014198817724772e-05,0.05964656558281169,0.00018293188070579516,0.13108764978369356,0.022578078497448494,0.0034506465716695857,6.515382052535169e-05,8.185992835236492e-05,0.021904106004987343,0.00019462615618470435,0.02898081717582941,0.021904106004987343,0.08424656155764362,0.0003641931506288886,6.849504209075424e-05,0.017523284803989878,6.849504209075424e-05,0.07649587789434044,0.00015035497044311915,4.7612407306987696e-05,0.03673150083913263,0.03167670714567401,0.05122190942704735,0.020556161020065057,5.5130155829143774e-05,0.00012446050331124876,0.03369862462305745,0.02527396846729309,8.603645530911818e-05,7.100095826480628e-05,6.014198817724772e-05,0.03336163837682689,6.264790435129963e-05,0.00013281355722475526,0.023589037236140212,0.020893147266295632,0.028306844683368266,5.095362887239043e-05,0.03572054210044091,0.00017290821600958714,7.18362636561569e-05,0.015501367326606435
2024-02-26,6.014198817724772e-05,0.038416432070285486,0.00011276622783233949,0.04785204696474157,0.0330246521305963,0.018197257296451035,9.522481461397539e-05,0.03572054210044091,6.014198817724772e-05,0.05964656558281169,0.00018293188070579516,0.13108764978369356,0.022578078497448494,0.0034506465716695857,6.515382052535169e-05,8.185992835236492e-05,0.021904106004987343,0.00019462615618470435,0.02898081717582941,0.021904106004987343,0.08424656155764362,0.0003641931506288886,6.849504209075424e-05,0.017523284803989878,6.849504209075424e-05,0.07649587789434044,0.00015035497044311915,4.7612407306987696e-05,0.03673150083913263,0.03167670714567401,0.05122190942704735,0.020556161020065057,5.5130155829143774e-05,0.00012446050331124876,0.03369862462305745,0.02527396846729309,8.603645530911818e-05,7.100095826480628e-05,6.014198817724772e-05,0.03336163837682689,6.264790435129963e-05,0.00013281355722475526,0.023589037236140212,0.020893147266295632,0.028306844683368266,5.095362887239043e-05,0.03572054210044091,0.00017290821600958714,7.18362636561569e-05,0.015501367326606435
2024-02-27,6.014198817724772e-05,0.038416432070285486,0.00011276622783233949,0.04785204696474157,0.0330246521305963,0.018197257296451035,9.522481461397539e-05,0.03572054210044091,6.014198817724772e-05,0.05964656558281169,0.00018293188070579516,0.13108764978369356,0.022578078497448494,0.0034506465716695857,6.515382052535169e-05,8.185992835236492e-05,0.021904106004987343,0.00019462615618470435,0.02898081717582941,0.021904106004987343,0.08424656155764362,0.0003641931506288886,6.849504209075424e-05,0.017523284803989878,6.849504209075424e-05,0.07649587789434044,0.00015035497044311915,4.7612407306987696e-05,0.03673150083913263,0.03167670714567401,0.05122190942704735,0.020556161020065057,5.5130155829143774e-05,0.00012446050331124876,0.03369862462305745,0.02527396846729309,8.603645530911818e-05,7.100095826480628e-05,6.014198817724772e-05,0.03336163837682689,6.264790435129963e-05,0.00013281355722475526,0.023589037236140212,0.020893147266295632,0.028306844683368266,5.095362887239043e-05,0.03572054210044091,0.00017290821600958714,7.18362636561569e-05,0.015501367326606435
2024-02-29,6.014198817724772e-05,0.038416432070285486,0.00011276622783233949,0.04785204696474157,0.0330246521305963,0.018197257296451035,9.522481461397539e-05,0.03572054210044091,6.014198817724772e-05,0.05964656558281169,0.00018293188070579516,0.13108764978369356,0.022578078497448494,0.0034506465716695857,6.515382052535169e-05,8.185992835236492e-05,0.021904106004987343,0.00019462615618470435,0.02898081717582941,0.021904106004987343,0.08424656155764362,0.0003641931506288886,6.849504209075424e-05,0.017523284803989878,6.849504209075424e-05,0.07649587789434044,0.00015035497044311915,4.7612407306987696e-05,0.03673150083913263,0.03167670714567401,0.05122190942704735,0.020556161020065057,5.5130155829143774e-05,0.00012446050331124876,0.03369862462305745,0.02527396846729309,8.603645530911818e-05,7.100095826480628e-05,6.014198817724772e-05,0.03336163837682689,6.264790435129963e-05,0.00013281355722475526,0.023589037236140212,0.020893147266295632,0.028306844683368266,5.095362887239043e-05,0.03572054210044091,0.00017290821600958714,7.18362636561569e-05,0.015501367326606435
2024-03-01,6.014198817724772e-05,0.038416432070285486,0.00011276622783233949,0.04785204696474157,0.0330246521305963,0.018197257296451035,9.522481461397539e-05,0.03572054210044091,6.014198817724772e-05,0.05964656558281169,0.00018293188070579516,0.13108764978369356,0.022578078497448494,0.0034506465716695857,6.515382052535169e-05,8.185992835236492e-05,0.021904106004987343,0.00019462615618470435,0.02898081717582941,0.021904106004987343,0.08424656155764362,0.0003641931506288886,6.849504209075424e-05,0.017523284803989878,6.849504209075424e-05,0.07649587789434044,0.00015035497044311915,4.7612407306987696e-05,0.03673150083913263,0.03167670714567401,0.05122190942704735,0.020556161020065057,5.5130155829143774e-05,0.00012446050331124876,0.03369862462305745,0.02527396846729309,8.603645530911818e-05,7.100095826480628e-05,6.014198817724772e-05,0.03336163837682689,6.264790435129963e-05,0.00013281355722475526,0.023589037236140212,0.020893147266295632,0.028306844683368266,5.095362887239043e-05,0.03572054210044091,0.00017290821600958714,7.18362636561569e-05,0.015501367326606435
2024-03-04,6.014198817724772e-05,0.038416432070285486,0.00011276622783233949,0.04785204696474157,0.0330246521305963,0.018197257296451035,9.522481461397539e-05,0.03572054210044091,6.014198817724772e-05,0.05964656558281169,0.00018293188070579516,0.13108764978369356,0.022578078497448494,0.0034506465716695857,6.515382052535169e-05,8.185992835236492e-05,0.021904106004987343,0.00019462615618470435,0.02898081717582941,0.021904106004987343,0.08424656155764362,0.0003641931506288886,6.849504209075424e-05,0.017523284803989878,6.849504209075424e-05,0.07649587789434044,0.00015035497044311915,4.7612407306987696e-05,0.03673150083913263,0.03167670714567401,0.05122190942704735,0.020556161020065057,5.5130155829143774e-05,0.00012446050331124876,0.03369862462305745,0.02527396846729309,8.603645530911818e-05,7.100095826480628e-05,6.014198817724772e-05,0.03336163837682689,6.264790435129963e-05,0.00013281355722475526,0.023589037236140212,0.020893147266295632,0.028306844683368266,5.095362887239043e-05,0.03572054210044091,0.00017290821600958714,7.18362636561569e-05,0.015501367326606435
2024-03-05,6.014198817724772e-05,0.038416432070285486,0.00011276622783233949,0.04785204696474157,0.0330246521305963,0.018197257296451035,9.522481461397539e-05,0.03572054210044091,6.014198817724772e-05,0.05964656558281169,0.00018293188070579516,0.13108764978369356,0.022578078497448494,0.0034506465716695857,6.515382052535169e-05,8.185992835236492e-05,0.021904106004987343,0.00019462615618470435,0.02898081717582941,0.021904106004987343,0.08424656155764362,0.0003641931506288886,6.849504209075424e-05,0.017523284803989878,6.849504209075424e-05,0.07649587789434044,0.00015035497044311915,4.7612407306987696e-05,0.03673150083913263,0.03167670714567401,0.05122190942704735,0.020556161020065057,5.5130155829143774e-05,0.00012446050331124876,0.03369862462305745,0.02527396846729309,8.603645530911818e-05,7.100095826480628e-05,6.014198817724772e-05,0.03336163837682689,6.264790435129963e-05,0.00013281355722475526,0.023589037236140212,0.020893147266295632,0.028306844683368266,5.095362887239043e-05,0.03572054210044091,0.00017290821600958714,7.18362636561569e-05,0.015501367326606435
2024-03-06,6.014198817724772e-05,0.038416432070285486,0.00011276622783233949,0.04785204696474157,0.0330246521305963,0.018197257296451035,9.522481461397539e-05,0.03572054210044091,6.014198817724772e-05,0.05964656558281169,0.00018293188070579516,0.13108764978369356,0.022578078497448494,0.0034506465716695857,6.515382052535169e-05,8.185992835236492e-05,0.021904106004987343,0.00019462615618470435,0.02898081717582941,0.021904106004987343,0.08424656155764362,0.0003641931506288886,6.849504209075424e-05,0.017523284803989878,6.849504209075424e-05,0.07649587789434044,0.00015035497044311915,4.7612407306987696e-05,0.03673150083913263,0.03167670714567401,0.05122190942704735,0.020556161020065057,5.5130155829143774e-05,0.00012446050331124876,0.03369862462305745,0.02527396846729309,8.603645530911818e-05,7.100095826480628e-05,6.014198817724772e-05,0.03336163837682689,6.264790435129963e-05,0.00013281355722475526,0.023589037236140212,0.020893147266295632,0.028306844683368266,5.095362887239043e-05,0.03572054210044091,0.00017290821600958714,7.18362636561569e-05,0.015501367326606435
2024-03-07,6.014198817724772e-05,0.038416432070285486,0.00011276622783233949,0.04785204696474157,0.0330246521305963,0.018197257296451035,9.522481461397539e-05,0.03572054210044091,6.014198817724772e-05,0.05964656558281169,0.00018293188070579516,0.13108764978369356,0.022578078497448494,0.0034506465716695857,6.515382052535169e-05,8.185992835236492e-05,0.021904106004987343,0.00019462615618470435,0.02898081717582941,0.021904106004987343,0.08424656155764362,0.0003641931506288886,6.849504209075424e-05,0.017523284803989878,6.849504209075424e-05,0.07649587789434044,0.00015035497044311915,4.7612407306987696e-05,0.03673150083913263,0.03167670714567401,0.05122190942704735,0.020556161020065057,5.5130155829143774e-05,0.00012446050331124876,0.03369862462305745,0.02527396846729309,8.603645530911818e-05,7.100095826480628e-05,6.014198817724772e-05,0.03336163837682689,6.264790435129963e-05,0.00013281355722475526,0.023589037236140212,0.020893147266295632,0.028306844683368266,5.095362887239043e-05,0.03572054210044091,0.00017290821600958714,7.18362636561569e-05,0.015501367326606435
2024-03-08,6.014198817724772e-05,0.038416432070285486,0.00011276622783233949,0.04785204696474157,0.0330246521305963,0.018197257296451035,9.522481461397539e-05,0.03572054210044091,6.014198817724772e-05,0.05964656558281169,0.00018293188070579516,0.13108764978369356,0.022578078497448494,0.0034506465716695857,6.515382052535169e-05,8.185992835236492e-05,0.021904106004987343,0.00019462615618470435,0.02898081717582941,0.021904106004987343,0.08424656155764362,0.0003641931506288886,6.849504209075424e-05,0.017523284803989878,6.849504209075424e-05,0.07649587789434044,0.00015035497044311915,4.7612407306987696e-05,0.03673150083913263,0.03167670714567401,0.05122190942704735,0.020556161020065057,5.5130155829143774e-05,0.00012446050331124876,0.03369862462305745,0.02527396846729309,8.603645530911818e-05,7.100095826480628e-05,6.014198817724772e-05,0.03336163837682689,6.264790435129963e-05,0.00013281355722475526,0.023589037236140212,0.020893147266295632,0.028306844683368266,5.095362887239043e-05,0.03572054210044091,0.00017290821600958714,7.18362636561569e-05,0.015501367326606435
2024-03-11,6.014198817724772e-05,0.038416432070285486,0.00011276622783233949,0.04785204696474157,0.0330246521305963,0.018197257296451035,9.522481461397539e-05,0.03572054210044091,6.014198817724772e-05,0.05964656558281169,0.00018293188070579516,0.13108764978369356,0.022578078497448494,0.0034506465716695857,6.515382052535169e-05,8.185992835236492e-05,0.021904106004987343,0.00019462615618470435,0.02898081717582941,0.021904106004987343,0.08424656155764362,0.0003641931506288886,6.849504209075424e-05,0.017523284803989878,6.849504209075424e-05,0.07649587789434044,0.00015035497044311915,4.7612407306987696e-05,0.03673150083913263,0.03167670714567401,0.05122190942704735,0.020556161020065057,5.5130155829143774e-05,0.00012446050331124876,0.03369862462305745,0.02527396846729309,8.603645530911818e-05,7.100095826480628e-05,6.014198817724772e-05,0.03336163837682689,6.264790435129963e-05,0.00013281355722475526,0.023589037236140212,0.020893147266295632,0.028306844683368266,5.095362887239043e-05,0.03572054210044091,0.00017290821600958714,7.18362636561569e-05,0.015501367326606435
2024-03-12,6.014198817724772e-05,0.038416432070285486,0.00011276622783233949,0.04785204696474157,0.0330246521305963,0.018197257296451035,9.522481461397539e-05,0.03572054210044091,6.014198817724772e-05,0.05964656558281169,0.00018293188070579516,0.13108764978369356,0.022578078497448494,0.0034506465716695857,6.515382052535169e-05,8.185992835236492e-05,0.021904106004987343,0.00019462615618470435,0.02898081717582941,0.021904106004987343,0.08424656155764362,0.0003641931506288886,6.849504209075424e-05,0.017523284803989878,6.849504209075424e-05,0.07649587789434044,0.00015035497044311915,4.7612407306987696e-05,0.03673150083913263,0.03167670714567401,0.05122190942704735,0.020556161020065057,5.5130155829143774e-05,0.00012446050331124876,0.03369862462305745,0.02527396846729309,8.603645530911818e-05,7.100095826480628e-05,6.014198817724772e-05,0.03336163837682689,6.264790435129963e-05,0.00013281355722475526,0.023589037236140212,0.020893147266295632,0.028306844683368266,5.095362887239043e-05,0.03572054210044091,0.00017290821600958714,7.18362636561569e-05,0.015501367326606435
2024-03-13,6.014198817724772e-05,0.038416432070285486,0.00011276622783233949,0.04785204696474157,0.0330246521305963,0.018197257296451035,9.522481461397539e-05,0.03572054210044091,6.014198817724772e-05,0.05964656558281169,0.00018293188070579516,0.13108764978369356,0.022578078497448494,0.0034506465716695857,6.515382052535169e-05,8.185992835236492e-05,0.021904106004987343,0.00019462615618470435,0.02898081717582941,0.021904106004987343,0.08424656155764362,0.0003641931506288886,6.849504209075424e-05,0.017523284803989878,6.849504209075424e-05,0.07649587789434044,0.00015035497044311915,4.7612407306987696e-05,0.03673150083913263,0.03167670714567401,0.05122190942704735,0.020556161020065057,5.5130155829143774e-05,0.00012446050331124876,0.03369862462305745,0.02527396846729309,8.603645530911818e-05,7.100095826480628e-05,6.014198817724772e-05,0.03336163837682689,6.264790435129963e-05,0.00013281355722475526,0.023589037236140212,0.020893147266295632,0.028306844683368266,5.095362887239043e-05,0.03572054210044091,0.00017290821600958714,7.18362636561569e-05,0.015501367326606435
2024-03-14,6.014198817724772e-05,0.038416432070285486,0.00011276622783233949,0.04785204696474157,0.0330246521305963,0.018197257296451035,9.522481461397539e-05,0.03572054210044091,6.014198817724772e-05,0.05964656558281169,0.00018293188070579516,0.13108764978369356,0.022578078497448494,0.0034506465716695857,6.515382052535169e-05,8.185992835236492e-05,0.021904106004987343,0.00019462615618470435,0.02898081717582941,0.021904106004987343,0.08424656155764362,0.0003641931506288886,6.849504209075424e-05,0.017523284803989878,6.849504209075424e-05,0.07649587789434044,0.00015035497044311915,4.7612407306987696e-05,0.03673150083913263,0.03167670714567401,0.05122190942704735,0.020556161020065057,5.5130155829143774e-05,0.00012446050331124876,0.03369862462305745,0.02527396846729309,8.603645530911818e-05,7.100095826480628e-05,6.014198817724772e-05,0.03336163837682689,6.264790435129963e-05,0.00013281355722475526,0.023589037236140212,0.020893147266295632,0.028306844683368266,5.095362887239043e-05,0.03572054210044091,0.00017290821600958714,7.18362636561569e-05,0.015501367326606435
2024-03-15,6.014198817724772e-05,0.038416432070285486,0.00011276622783233949,0.04785204696474157,0.0330246521305963,0.018197257296451035,9.522481461397539e-05,0.03572054210044091,6.014198817724772e-05,0.05964656558281169,0.00018293188070579516,0.13108764978369356,0.022578078497448494,0.0034506465716695857,6.515382052535169e-05,8.185992835236492e-05,0.021904106004987343,0.00019462615618470435,0.02898081717582941,0.021904106004987343,0.08424656155764362,0.0003641931506288886,6.849504209075424e-05,0.017523284803989878,6.849504209075424e-05,0.07649587789434044,0.00015035497044311915,4.7612407306987696e-05,0.03673150083913263,0.03167670714567401,0.05122190942704735,0.020556161020065057,5.5130155829143774e-05,0.00012446050331124876,0.03369862462305745,0.02527396846729309,8.603645530911818e-05,7.100095826480628e-05,6.014198817724772e-05,0.03336163837682689,6.264790435129963e-05,0.00013281355722475526,0.023589037236140212,0.020893147266295632,0.028306844683368266,5.095362887239043e-05,0.03572054210044091,0.00017290821600958714,7.18362636561569e-05,0.015501367326606435
2024-03-18,6.014198817724772e-05,0.038416432070285486,0.00011276622783233949,0.04785204696474157,0.0330246521305963,0.018197257296451035,9.522481461397539e-05,0.03572054210044091,6.014198817724772e-05,0.05964656558281169,0.00018293188070579516,0.13108764978369356,0.022578078497448494,0.0034506465716695857,6.515382052535169e-05,8.185992835236492e-05,0.021904106004987343,0.00019462615618470435,0.02898081717582941,0.021904106004987343,0.08424656155764362,0.0003641931506288886,6.849504209075424e-05,0.017523284803989878,6.849504209075424e-05,0.07649587789434044,0.00015035497044311915,4.7612407306987696e-05,0.03673150083913263,0.03167670714567401,0.05122190942704735,0.020556161020065057,5.5130155829143774e-05,0.00012446050331124876,0.03369862462305745,0.02527396846729309,8.603645530911818e-05,7.100095826480628e-05,6.014198817724772e-05,0.03336163837682689,6.264790435129963e-05,0.00013281355722475526,0.023589037236140212,0.020893147266295632,0.028306844683368266,5.095362887239043e-05,0.03572054210044091,0.00017290821600958714,7.18362636561569e-05,0.015501367326606435
2024-03-19,6.014198817724772e-05,0.038416432070285486,0.00011276622783233949,0.04785204696474157,0.0330246521305963,0.018197257296451035,9.522481461397539e-05,0.03572054210044091,6.014198817724772e-05,0.05964656558281169,0.00018293188070579516,0.13108764978369356,0.022578078497448494,0.0034506465716695857,6.515382052535169e-05,8.185992835236492e-05,0.021904106004987343,0.00019462615618470435,0.02898081717582941,0.021904106004987343,0.08424656155764362,0.0003641931506288886,6.849504209075424e-05,0.017523284803989878,6.849504209075424e-05,0.07649587789434044,0.00015035497044311915,4.7612407306987696e-05,0.03673150083913263,0.03167670714567401,0.05122190942704735,0.020556161020065057,5.5130155829143774e-05,0.00012446050331124876,0.03369862462305745,0.02527396846729309,8.603645530911818e-05,7.100095826480628e-05,6.014198817724772e-05,0.03336163837682689,6.264790435129963e-05,0.00013281355722475526,0.023589037236140212,0.020893147266295632,0.028306844683368266,5.095362887239043e-05,0.03572054210044091,0.00017290821600958714,7.18362636561569e-05,0.015501367326606435
2024-03-20,6.014198817724772e-05,0.038416432070285486,0.00011276622783233949,0.04785204696474157,0.0330246521305963,0.018197257296451035,9.522481461397539e-05,0.03572054210044091,6.014198817724772e-05,0.05964656558281169,0.00018293188070579516,0.13108764978369356,0.022578078497448494,0.0034506465716695857,6.515382052535169e-05,8.185992835236492e-05,0.021904106004987343,0.00019462615618470435,0.02898081717582941,0.021904106004987343,0.08424656155764362,0.0003641931506288886,6.849504209075424e-05,0.017523284803989878,6.849504209075424e-05,0.07649587789434044,0.00015035497044311915,4.7612407306987696e-05,0.03673150083913263,0.03167670714567401,0.05122190942704735,0.020556161020065057,5.5130155829143774e-05,0.00012446050331124876,0.03369862462305745,0.02527396846729309,8.603645530911818e-05,7.100095826480628e-05,6.014198817724772e-05,0.03336163837682689,6.264790435129963e-05,0.00013281355722475526,0.023589037236140212,0.020893147266295632,0.028306844683368266,5.095362887239043e-05,0.03572054210044091,0.00017290821600958714,7.18362636561569e-05,0.015501367326606435
2024-03-21,6.014198817724772e-05,0.038416432070285486,0.00011276622783233949,0.04785204696474157,0.0330246521305963,0.018197257296451035,9.522481461397539e-05,0.03572054210044091,6.014198817724772e-05,0.05964656558281169,0.00018293188070579516,0.13108764978369356,0.022578078497448494,0.0034506465716695857,6.515382052535169e-05,8.185992835236492e-05,0.021904106004987343,0.00019462615618470435,0.02898081717582941,0.021904106004987343,0.08424656155764362,0.0003641931506288886,6.849504209075424e-05,0.017523284803989878,6.849504209075424e-05,0.07649587789434044,0.00015035497044311915,4.7612407306987696e-05,0.03673150083913263,0.03167670714567401,0.05122190942704735,0.020556161020065057,5.5130155829143774e-05,0.00012446050331124876,0.03369862462305745,0.02527396846729309,8.603645530911818e-05,7.100095826480628e-05,6.014198817724772e-05,0.03336163837682689,6.264790435129963e-05,0.00013281355722475526,0.023589037236140212,0.020893147266295632,0.028306844683368266,5.095362887239043e-05,0.03572054210044091,0.00017290821600958714,7.18362636561569e-05,0.015501367326606435
2024-03-22,6.014198817724772e-05,0.038416432070285486,0.00011276622783233949,0.04785204696474157,0.0330246521305963,0.018197257296451035,9.522481461397539e-05,0.03572054210044091,6.014198817724772e-05,0.05964656558281169,0.00018293188070579516,0.13108764978369356,0.022578078497448494,0.0034506465716695857,6.515382052535169e-05,8.185992835236492e-05,0.021904106004987343,0.00019462615618470435,0.02898081717582941,0.021904106004987343,0.08424656155764362,0.0003641931506288886,6.849504209075424e-05,0.017523284803989878,6.849504209075424e-05,0.07649587789434044,0.00015035497044311915,4.7612407306987696e-05,0.03673150083913263,0.03167670714567401,0.05122190942704735,0.020556161020065057,5.5130155829143774e-05,0.00012446050331124876,0.03369862462305745,0.02527396846729309,8.603645530911818e-05,7.100095826480628e-05,6.014198817724772e-05,0.03336163837682689,6.264790435129963e-05,0.00013281355722475526,0.023589037236140212,0.020893147266295632,0.028306844683368266,5.095362887239043e-05,0.03572054210044091,0.00017290821600958714,7.18362636561569e-05,0.015501367326606435
2024-03-25,6.014198817724772e-05,0.038416432070285486,0.00011276622783233949,0.04785204696474157,0.0330246521305963,0.018197257296451035,9.522481461397539e-05,0.03572054210044091,6.014198817724772e-05,0.05964656558281169,0.00018293188070579516,0.13108764978369356,0.022578078497448494,0.0034506465716695857,6.515382052535169e-05,8.185992835236492e-05,0.021904106004987343,0.00019462615618470435,0.02898081717582941,0.021904106004987343,0.08424656155764362,0.0003641931506288886,6.849504209075424e-05,0.017523284803989878,6.849504209075424e-05,0.07649587789434044,0.00015035497044311915,4.7612407306987696e-05,0.03673150083913263,0.03167670714567401,0.05122190942704735,0.020556161020065057,5.5130155829143774e-05,0.00012446050331124876,0.03369862462305745,0.02527396846729309,8.603645530911818e-05,7.100095826480628e-05,6.014198817724772e-05,0.03336163837682689,6.264790435129963e-05,0.00013281355722475526,0.023589037236140212,0.020893147266295632,0.028306844683368266,5.095362887239043e-05,0.03572054210044091,0.00017290821600958714,7.18362636561569e-05,0.015501367326606435
2024-03-26,6.014198817724772e-05,0.038416432070285486,0.00011276622783233949,0.04785204696474157,0.0330246521305963,0.018197257296451035,9.522481461397539e-05,0.03572054210044091,6.014198817724772e-05,0.05964656558281169,0.00018293188070579516,0.13108764978369356,0.022578078497448494,0.0034506465716695857,6.515382052535169e-05,8.185992835236492e-05,0.021904106004987343,0.00019462615618470435,0.02898081717582941,0.021904106004987343,0.08424656155764362,0.0003641931506288886,6.849504209075424e-05,0.017523284803989878,6.849504209075424e-05,0.07649587789434044,0.00015035497044311915,4.7612407306987696e-05,0.03673150083913263,0.03167670714567401,0.05122190942704735,0.020556161020065057,5.5130155829143774e-05,0.00012446050331124876,0.03369862462305745,0.02527396846729309,8.603645530911818e-05,7.100095826480628e-05,6.014198817724772e-05,0.03336163837682689,6.264790435129963e-05,0.00013281355722475526,0.023589037236140212,0.020893147266295632,0.028306844683368266,5.095362887239043e-05,0.03572054210044091,0.00017290821600958714,7.18362636561569e-05,0.015501367326606435
2024-03-27,6.014198817724772e-05,0.038416432070285486,0.00011276622783233949,0.04785204696474157,0.0330246521305963,0.018197257296451035,9.522481461397539e-05,0.03572054210044091,6.014198817724772e-05,0.05964656558281169,0.00018293188070579516,0.13108764978369356,0.022578078497448494,0.0034506465716695857,6.515382052535169e-05,8.185992835236492e-05,0.021904106004987343,0.00019462615618470435,0.02898081717582941,0.021904106004987343,0.08424656155764362,0.0003641931506288886,6.849504209075424e-05,0.017523284803989878,6.849504209075424e-05,0.07649587789434044,0.00015035497044311915,4.7612407306987696e-05,0.03673150083913263,0.03167670714567401,0.05122190942704735,0.020556161020065057,5.5130155829143774e-05,0.00012446050331124876,0.03369862462305745,0.02527396846729309,8.603645530911818e-05,7.100095826480628e-05,6.014198817724772e-05,0.03336163837682689,6.264790435129963e-05,0.00013281355722475526,0.023589037236140212,0.020893147266295632,0.028306844683368266,5.095362887239043e-05,0.03572054210044091,0.00017290821600958714,7.18362636561569e-05,0.015501367326606435
2024-03-28,6.014198817724772e-05,0.038416432070285486,0.00011276622783233949,0.04785204696474157,0.0330246521305963,0.018197257296451035,9.522481461397539e-05,0.03572054210044091,6.014198817724772e-05,0.05964656558281169,0.00018293188070579516,0.13108764978369356,0.022578078497448494,0.0034506465716695857,6.515382052535169e-05,8.185992835236492e-05,0.021904106004987343,0.00019462615618470435,0.02898081717582941,0.021904106004987343,0.08424656155764362,0.0003641931506288886,6.849504209075424e-05,0.017523284803989878,6.849504209075424e-05,0.07649587789434044,0.00015035497044311915,4.7612407306987696e-05,0.03673150083913263,0.03167670714567401,0.05122190942704735,0.020556161020065057,5.5130155829143774e-05,0.00012446050331124876,0.03369862462305745,0.02527396846729309,8.603645530911818e-05,7.100095826480628e-05,6.014198817724772e-05,0.03336163837682689,6.264790435129963e-05,0.00013281355722475526,0.023589037236140212,0.020893147266295632,0.028306844683368266,5.095362887239043e-05,0.03572054210044091,0.00017290821600958714,7.18362636561569e-05,0.015501367326606435
2024-03-29,6.014198817724772e-05,0.038416432070285486,0.00011276622783233949,0.04785204696474157,0.0330246521305963,0.018197257296451035,9.522481461397539e-05,0.03572054210044091,6.014198817724772e-05,0.05964656558281169,0.00018293188070579516,0.13108764978369356,0.022578078497448494,0.0034506465716695857,6.515382052535169e-05,8.185992835236492e-05,0.021904106004987343,0.00019462615618470435,0.02898081717582941,0.021904106004987343,0.08424656155764362,0.0003641931506288886,6.849504209075424e-05,0.017523284803989878,6.849504209075424e-05,0.07649587789434044,0.00015035497044311915,4.7612407306987696e-05,0.03673150083913263,0.03167670714567401,0.05122190942704735,0.020556161020065057,5.5130155829143774e-05,0.00012446050331124876,0.03369862462305745,0.02527396846729309,8.603645530911818e-05,7.100095826480628e-05,6.014198817724772e-05,0.03336163837682689,6.264790435129963e-05,0.00013281355722475526,0.023589037236140212,0.020893147266295632,0.028306844683368266,5.095362887239043e-05,0.03572054210044091,0.00017290821600958714,7.18362636561569e-05,0.015501367326606435
2024-04-01,6.014198817724772e-05,0.038416432070285486,0.00011276622783233949,0.04785204696474157,0.0330246521305963,0.018197257296451035,9.522481461397539e-05,0.03572054210044091,6.014198817724772e-05,0.05964656558281169,0.00018293188070579516,0.13108764978369356,0.022578078497448494,0.0034506465716695857,6.515382052535169e-05,8.185992835236492e-05,0.021904106004987343,0.00019462615618470435,0.02898081717582941,0.021904106004987343,0.08424656155764362,0.0003641931506288886,6.849504209075424e-05,0.017523284803989878,6.849504209075424e-05,0.07649587789434044,0.00015035497044311915,4.7612407306987696e-05,0.03673150083913263,0.03167670714567401,0.05122190942704735,0.020556161020065057,5.5130155829143774e-05,0.00012446050331124876,0.03369862462305745,0.02527396846729309,8.603645530911818e-05,7.100095826480628e-05,6.014198817724772e-05,0.03336163837682689,6.264790435129963e-05,0.00013281355722475526,0.023589037236140212,0.020893147266295632,0.028306844683368266,5.095362887239043e-05,0.03572054210044091,0.00017290821600958714,7.18362636561569e-05,0.015501367326606435
2024-04-02,6.014198817724772e-05,0.038416432070285486,0.00011276622783233949,0.04785204696474157,0.0330246521305963,0.018197257296451035,9.522481461397539e-05,0.03572054210044091,6.014198817724772e-05,0.05964656558281169,0.00018293188070579516,0.13108764978369356,0.022578078497448494,0.0034506465716695857,6.515382052535169e-05,8.185992835236492e-05,0.021904106004987343,0.00019462615618470435,0.02898081717582941,0.021904106004987343,0.08424656155764362,0.0003641931506288886,6.849504209075424e-05,0.017523284803989878,6.849504209075424e-05,0.07649587789434044,0.00015035497044311915,4.7612407306987696e-05,0.03673150083913263,0.03167670714567401,0.05122190942704735,0.020556161020065057,5.5130155829143774e-05,0.00012446050331124876,0.03369862462305745,0.02527396846729309,8.603645530911818e-05,7.100095826480628e-05,6.014198817724772e-05,0.03336163837682689,6.264790435129963e-05,0.00013281355722475526,0.023589037236140212,0.020893147266295632,0.028306844683368266,5.095362887239043e-05,0.03572054210044091,0.00017290821600958714,7.18362636561569e-05,0.015501367326606435
2024-04-03,6.014198817724772e-05,0.038416432070285486,0.00011276622783233949,0.04785204696474157,0.0330246521305963,0.018197257296451035,9.522481461397539e-05,0.03572054210044091,6.014198817724772e-05,0.05964656558281169,0.00018293188070579516,0.13108764978369356,0.022578078497448494,0.0034506465716695857,6.515382052535169e-05,8.185992835236492e-05,0.021904106004987343,0.00019462615618470435,0.02898081717582941,0.021904106004987343,0.08424656155764362,0.0003641931506288886,6.849504209075424e-05,0.017523284803989878,6.849504209075424e-05,0.07649587789434044,0.00015035497044311915,4.7612407306987696e-05,0.03673150083913263,0.03167670714567401,0.05122190942704735,0.020556161020065057,5.5130155829143774e-05,0.00012446050331124876,0.03369862462305745,0.02527396846729309,8.603645530911818e-05,7.100095826480628e-05,6.014198817724772e-05,0.03336163837682689,6.264790435129963e-05,0.00013281355722475526,0.023589037236140212,0.020893147266295632,0.028306844683368266,5.095362887239043e-05,0.03572054210044091,0.00017290821600958714,7.18362636561569e-05,0.015501367326606435
2024-04-08,6.014198817724772e-05,0.038416432070285486,0.00011276622783233949,0.04785204696474157,0.0330246521305963,0.018197257296451035,9.522481461397539e-05,0.03572054210044091,6.014198817724772e-05,0.05964656558281169,0.00018293188070579516,0.13108764978369356,0.022578078497448494,0.0034506465716695857,6.515382052535169e-05,8.185992835236492e-05,0.021904106004987343,0.00019462615618470435,0.02898081717582941,0.021904106004987343,0.08424656155764362,0.0003641931506288886,6.849504209075424e-05,0.017523284803989878,6.849504209075424e-05,0.07649587789434044,0.00015035497044311915,4.7612407306987696e-05,0.03673150083913263,0.03167670714567401,0.05122190942704735,0.020556161020065057,5.5130155829143774e-05,0.00012446050331124876,0.03369862462305745,0.02527396846729309,8.603645530911818e-05,7.100095826480628e-05,6.014198817724772e-05,0.03336163837682689,6.264790435129963e-05,0.00013281355722475526,0.023589037236140212,0.020893147266295632,0.028306844683368266,5.095362887239043e-05,0.03572054210044091,0.00017290821600958714,7.18362636561569e-05,0.015501367326606435
2024-04-09,6.014198817724772e-05,0.038416432070285486,0.00011276622783233949,0.04785204696474157,0.0330246521305963,0.018197257296451035,9.522481461397539e-05,0.03572054210044091,6.014198817724772e-05,0.05964656558281169,0.00018293188070579516,0.13108764978369356,0.022578078497448494,0.0034506465716695857,6.515382052535169e-05,8.185992835236492e-05,0.021904106004987343,0.00019462615618470435,0.02898081717582941,0.021904106004987343,0.08424656155764362,0.0003641931506288886,6.849504209075424e-05,0.017523284803989878,6.849504209075424e-05,0.07649587789434044,0.00015035497044311915,4.7612407306987696e-05,0.03673150083913263,0.03167670714567401,0.05122190942704735,0.020556161020065057,5.5130155829143774e-05,0.00012446050331124876,0.03369862462305745,0.02527396846729309,8.603645530911818e-05,7.100095826480628e-05,6.014198817724772e-05,0.03336163837682689,6.264790435129963e-05,0.00013281355722475526,0.023589037236140212,0.020893147266295632,0.028306844683368266,5.095362887239043e-05,0.03572054210044091,0.00017290821600958714,7.18362636561569e-05,0.015501367326606435
2024-04-10,6.014198817724772e-05,0.038416432070285486,0.00011276622783233949,0.04785204696474157,0.0330246521305963,0.018197257296451035,9.522481461397539e-05,0.03572054210044091,6.014198817724772e-05,0.05964656558281169,0.00018293188070579516,0.13108764978369356,0.022578078497448494,0.0034506465716695857,6.515382052535169e-05,8.185992835236492e-05,0.021904106004987343,0.00019462615618470435,0.02898081717582941,0.021904106004987343,0.08424656155764362,0.0003641931506288886,6.849504209075424e-05,0.017523284803989878,6.849504209075424e-05,0.07649587789434044,0.00015035497044311915,4.7612407306987696e-05,0.03673150083913263,0.03167670714567401,0.05122190942704735,0.020556161020065057,5.5130155829143774e-05,0.00012446050331124876,0.03369862462305745,0.02527396846729309,8.603645530911818e-05,7.100095826480628e-05,6.014198817724772e-05,0.03336163837682689,6.264790435129963e-05,0.00013281355722475526,0.023589037236140212,0.020893147266295632,0.028306844683368266,5.095362887239043e-05,0.03572054210044091,0.00017290821600958714,7.18362636561569e-05,0.015501367326606435
2024-04-11,6.014198817724772e-05,0.038416432070285486,0.00011276622783233949,0.04785204696474157,0.0330246521305963,0.018197257296451035,9.522481461397539e-05,0.03572054210044091,6.014198817724772e-05,0.05964656558281169,0.00018293188070579516,0.13108764978369356,0.022578078497448494,0.0034506465716695857,6.515382052535169e-05,8.185992835236492e-05,0.021904106004987343,0.00019462615618470435,0.02898081717582941,0.021904106004987343,0.08424656155764362,0.0003641931506288886,6.849504209075424e-05,0.017523284803989878,6.849504209075424e-05,0.07649587789434044,0.00015035497044311915,4.7612407306987696e-05,0.03673150083913263,0.03167670714567401,0.05122190942704735,0.020556161020065057,5.5130155829143774e-05,0.00012446050331124876,0.03369862462305745,0.02527396846729309,8.603645530911818e-05,7.100095826480628e-05,6.014198817724772e-05,0.03336163837682689,6.264790435129963e-05,0.00013281355722475526,0.023589037236140212,0.020893147266295632,0.028306844683368266,5.095362887239043e-05,0.03572054210044091,0.00017290821600958714,7.18362636561569e-05,0.015501367326606435
2024-04-12,6.014198817724772e-05,0.038416432070285486,0.00011276622783233949,0.04785204696474157,0.0330246521305963,0.018197257296451035,9.522481461397539e-05,0.03572054210044091,6.014198817724772e-05,0.05964656558281169,0.00018293188070579516,0.13108764978369356,0.022578078497448494,0.0034506465716695857,6.515382052535169e-05,8.185992835236492e-05,0.021904106004987343,0.00019462615618470435,0.02898081717582941,0.021904106004987343,0.08424656155764362,0.0003641931506288886,6.849504209075424e-05,0.017523284803989878,6.849504209075424e-05,0.07649587789434044,0.00015035497044311915,4.7612407306987696e-05,0.03673150083913263,0.03167670714567401,0.05122190942704735,0.020556161020065057,5.5130155829143774e-05,0.00012446050331124876,0.03369862462305745,0.02527396846729309,8.603645530911818e-05,7.100095826480628e-05,6.014198817724772e-05,0.03336163837682689,6.264790435129963e-05,0.00013281355722475526,0.023589037236140212,0.020893147266295632,0.028306844683368266,5.095362887239043e-05,0.03572054210044091,0.00017290821600958714,7.18362636561569e-05,0.015501367326606435
2024-04-15,6.014198817724772e-05,0.038416432070285486,0.00011276622783233949,0.04785204696474157,0.0330246521305963,0.018197257296451035,9.522481461397539e-05,0.03572054210044091,6.014198817724772e-05,0.05964656558281169,0.00018293188070579516,0.13108764978369356,0.022578078497448494,0.0034506465716695857,6.515382052535169e-05,8.185992835236492e-05,0.021904106004987343,0.00019462615618470435,0.02898081717582941,0.021904106004987343,0.08424656155764362,0.0003641931506288886,6.849504209075424e-05,0.017523284803989878,6.849504209075424e-05,0.07649587789434044,0.00015035497044311915,4.7612407306987696e-05,0.03673150083913263,0.03167670714567401,0.05122190942704735,0.020556161020065057,5.5130155829143774e-05,0.00012446050331124876,0.03369862462305745,0.02527396846729309,8.603645530911818e-05,7.100095826480628e-05,6.014198817724772e-05,0.03336163837682689,6.264790435129963e-05,0.00013281355722475526,0.023589037236140212,0.020893147266295632,0.028306844683368266,5.095362887239043e-05,0.03572054210044091,0.00017290821600958714,7.18362636561569e-05,0.015501367326606435
2024-04-16,6.014198817724772e-05,0.038416432070285486,0.00011276622783233949,0.04785204696474157,0.0330246521305963,0.018197257296451035,9.522481461397539e-05,0.03572054210044091,6.014198817724772e-05,0.05964656558281169,0.00018293188070579516,0.13108764978369356,0.022578078497448494,0.0034506465716695857,6.515382052535169e-05,8.185992835236492e-05,0.021904106004987343,0.00019462615618470435,0.02898081717582941,0.021904106004987343,0.08424656155764362,0.0003641931506288886,6.849504209075424e-05,0.017523284803989878,6.849504209075424e-05,0.07649587789434044,0.00015035497044311915,4.7612407306987696e-05,0.03673150083913263,0.03167670714567401,0.05122190942704735,0.020556161020065057,5.5130155829143774e-05,0.00012446050331124876,0.03369862462305745,0.02527396846729309,8.603645530911818e-05,7.100095826480628e-05,6.014198817724772e-05,0.03336163837682689,6.264790435129963e-05,0.00013281355722475526,0.023589037236140212,0.020893147266295632,0.028306844683368266,5.095362887239043e-05,0.03572054210044091,0.00017290821600958714,7.18362636561569e-05,0.015501367326606435
2024-04-17,6.014198817724772e-05,0.038416432070285486,0.00011276622783233949,0.04785204696474157,0.0330246521305963,0.018197257296451035,9.522481461397539e-05,0.03572054210044091,6.014198817724772e-05,0.05964656558281169,0.00018293188070579516,0.13108764978369356,0.022578078497448494,0.0034506465716695857,6.515382052535169e-05,8.185992835236492e-05,0.021904106004987343,0.00019462615618470435,0.02898081717582941,0.021904106004987343,0.08424656155764362,0.0003641931506288886,6.849504209075424e-05,0.017523284803989878,6.849504209075424e-05,0.07649587789434044,0.00015035497044311915,4.7612407306987696e-05,0.03673150083913263,0.03167670714567401,0.05122190942704735,0.020556161020065057,5.5130155829143774e-05,0.00012446050331124876,0.03369862462305745,0.02527396846729309,8.603645530911818e-05,7.100095826480628e-05,6.014198817724772e-05,0.03336163837682689,6.264790435129963e-05,0.00013281355722475526,0.023589037236140212,0.020893147266295632,0.028306844683368266,5.095362887239043e-05,0.03572054210044091,0.00017290821600958714,7.18362636561569e-05,0.015501367326606435
2024-04-18,6.014198817724772e-05,0.038416432070285486,0.00011276622783233949,0.04785204696474157,0.0330246521305963,0.018197257296451035,9.522481461397539e-05,0.03572054210044091,6.014198817724772e-05,0.05964656558281169,0.00018293188070579516,0.13108764978369356,0.022578078497448494,0.0034506465716695857,6.515382052535169e-05,8.185992835236492e-05,0.021904106004987343,0.00019462615618470435,0.02898081717582941,0.021904106004987343,0.08424656155764362,0.0003641931506288886,6.849504209075424e-05,0.017523284803989878,6.849504209075424e-05,0.07649587789434044,0.00015035497044311915,4.7612407306987696e-05,0.03673150083913263,0.03167670714567401,0.05122190942704735,0.020556161020065057,5.5130155829143774e-05,0.00012446050331124876,0.03369862462305745,0.02527396846729309,8.603645530911818e-05,7.100095826480628e-05,6.014198817724772e-05,0.03336163837682689,6.264790435129963e-05,0.00013281355722475526,0.023589037236140212,0.020893147266295632,0.028306844683368266,5.095362887239043e-05,0.03572054210044091,0.00017290821600958714,7.18362636561569e-05,0.015501367326606435
2024-04-19,6.014198817724772e-05,0.038416432070285486,0.00011276622783233949,0.04785204696474157,0.0330246521305963,0.018197257296451035,9.522481461397539e-05,0.03572054210044091,6.014198817724772e-05,0.05964656558281169,0.00018293188070579516,0.13108764978369356,0.022578078497448494,0.0034506465716695857,6.515382052535169e-05,8.185992835236492e-05,0.021904106004987343,0.00019462615618470435,0.02898081717582941,0.021904106004987343,0.08424656155764362,0.0003641931506288886,6.849504209075424e-05,0.017523284803989878,6.849504209075424e-05,0.07649587789434044,0.00015035497044311915,4.7612407306987696e-05,0.03673150083913263,0.03167670714567401,0.05122190942704735,0.020556161020065057,5.5130155829143774e-05,0.00012446050331124876,0.03369862462305745,0.02527396846729309,8.603645530911818e-05,7.100095826480628e-05,6.014198817724772e-05,0.03336163837682689,6.264790435129963e-05,0.00013281355722475526,0.023589037236140212,0.020893147266295632,0.028306844683368266,5.095362887239043e-05,0.03572054210044091,0.00017290821600958714,7.18362636561569e-05,0.015501367326606435
2024-04-22,6.014198817724772e-05,0.038416432070285486,0.00011276622783233949,0.04785204696474157,0.0330246521305963,0.018197257296451035,9.522481461397539e-05,0.03572054210044091,6.014198817724772e-05,0.05964656558281169,0.00018293188070579516,0.13108764978369356,0.022578078497448494,0.0034506465716695857,6.515382052535169e-05,8.185992835236492e-05,0.021904106004987343,0.00019462615618470435,0.02898081717582941,0.021904106004987343,0.08424656155764362,0.0003641931506288886,6.849504209075424e-05,0.017523284803989878,6.849504209075424e-05,0.07649587789434044,0.00015035497044311915,4.7612407306987696e-05,0.03673150083913263,0.03167670714567401,0.05122190942704735,0.020556161020065057,5.5130155829143774e-05,0.00012446050331124876,0.03369862462305745,0.02527396846729309,8.603645530911818e-05,7.100095826480628e-05,6.014198817724772e-05,0.03336163837682689,6.264790435129963e-05,0.00013281355722475526,0.023589037236140212,0.020893147266295632,0.028306844683368266,5.095362887239043e-05,0.03572054210044091,0.00017290821600958714,7.18362636561569e-05,0.015501367326606435
2024-04-23,6.014198817724772e-05,0.038416432070285486,0.00011276622783233949,0.04785204696474157,0.0330246521305963,0.018197257296451035,9.522481461397539e-05,0.03572054210044091,6.014198817724772e-05,0.05964656558281169,0.00018293188070579516,0.13108764978369356,0.022578078497448494,0.0034506465716695857,6.515382052535169e-05,8.185992835236492e-05,0.021904106004987343,0.00019462615618470435,0.02898081717582941,0.021904106004987343,0.08424656155764362,0.0003641931506288886,6.849504209075424e-05,0.017523284803989878,6.849504209075424e-05,0.07649587789434044,0.00015035497044311915,4.7612407306987696e-05,0.03673150083913263,0.03167670714567401,0.05122190942704735,0.020556161020065057,5.5130155829143774e-05,0.00012446050331124876,0.03369862462305745,0.02527396846729309,8.603645530911818e-05,7.100095826480628e-05,6.014198817724772e-05,0.03336163837682689,6.264790435129963e-05,0.00013281355722475526,0.023589037236140212,0.020893147266295632,0.028306844683368266,5.095362887239043e-05,0.03572054210044091,0.00017290821600958714,7.18362636561569e-05,0.015501367326606435
2024-04-24,6.014198817724772e-05,0.038416432070285486,0.00011276622783233949,0.04785204696474157,0.0330246521305963,0.018197257296451035,9.522481461397539e-05,0.03572054210044091,6.014198817724772e-05,0.05964656558281169,0.00018293188070579516,0.13108764978369356,0.022578078497448494,0.0034506465716695857,6.515382052535169e-05,8.185992835236492e-05,0.021904106004987343,0.00019462615618470435,0.02898081717582941,0.021904106004987343,0.08424656155764362,0.0003641931506288886,6.849504209075424e-05,0.017523284803989878,6.849504209075424e-05,0.07649587789434044,0.00015035497044311915,4.7612407306987696e-05,0.03673150083913263,0.03167670714567401,0.05122190942704735,0.020556161020065057,5.5130155829143774e-05,0.00012446050331124876,0.03369862462305745,0.02527396846729309,8.603645530911818e-05,7.100095826480628e-05,6.014198817724772e-05,0.03336163837682689,6.264790435129963e-05,0.00013281355722475526,0.023589037236140212,0.020893147266295632,0.028306844683368266,5.095362887239043e-05,0.03572054210044091,0.00017290821600958714,7.18362636561569e-05,0.015501367326606435
2024-04-25,6.014198817724772e-05,0.038416432070285486,0.00011276622783233949,0.04785204696474157,0.0330246521305963,0.018197257296451035,9.522481461397539e-05,0.03572054210044091,6.014198817724772e-05,0.05964656558281169,0.00018293188070579516,0.13108764978369356,0.022578078497448494,0.0034506465716695857,6.515382052535169e-05,8.185992835236492e-05,0.021904106004987343,0.00019462615618470435,0.02898081717582941,0.021904106004987343,0.08424656155764362,0.0003641931506288886,6.849504209075424e-05,0.017523284803989878,6.849504209075424e-05,0.07649587789434044,0.00015035497044311915,4.7612407306987696e-05,0.03673150083913263,0.03167670714567401,0.05122190942704735,0.020556161020065057,5.5130155829143774e-05,0.00012446050331124876,0.03369862462305745,0.02527396846729309,8.603645530911818e-05,7.100095826480628e-05,6.014198817724772e-05,0.03336163837682689,6.264790435129963e-05,0.00013281355722475526,0.023589037236140212,0.020893147266295632,0.028306844683368266,5.095362887239043e-05,0.03572054210044091,0.00017290821600958714,7.18362636561569e-05,0.015501367326606435
2024-04-26,6.014198817724772e-05,0.038416432070285486,0.00011276622783233949,0.04785204696474157,0.0330246521305963,0.018197257296451035,9.522481461397539e-05,0.03572054210044091,6.014198817724772e-05,0.05964656558281169,0.00018293188070579516,0.13108764978369356,0.022578078497448494,0.0034506465716695857,6.515382052535169e-05,8.185992835236492e-05,0.021904106004987343,0.00019462615618470435,0.02898081717582941,0.021904106004987343,0.08424656155764362,0.0003641931506288886,6.849504209075424e-05,0.017523284803989878,6.849504209075424e-05,0.07649587789434044,0.00015035497044311915,4.7612407306987696e-05,0.03673150083913263,0.03167670714567401,0.05122190942704735,0.020556161020065057,5.5130155829143774e-05,0.00012446050331124876,0.03369862462305745,0.02527396846729309,8.603645530911818e-05,7.100095826480628e-05,6.014198817724772e-05,0.03336163837682689,6.264790435129963e-05,0.00013281355722475526,0.023589037236140212,0.020893147266295632,0.028306844683368266,5.095362887239043e-05,0.03572054210044091,0.00017290821600958714,7.18362636561569e-05,0.015501367326606435
2024-04-29,6.014198817724772e-05,0.038416432070285486,0.00011276622783233949,0.04785204696474157,0.0330246521305963,0.018197257296451035,9.522481461397539e-05,0.03572054210044091,6.014198817724772e-05,0.05964656558281169,0.00018293188070579516,0.13108764978369356,0.022578078497448494,0.0034506465716695857,6.515382052535169e-05,8.185992835236492e-05,0.021904106004987343,0.00019462615618470435,0.02898081717582941,0.021904106004987343,0.08424656155764362,0.0003641931506288886,6.849504209075424e-05,0.017523284803989878,6.849504209075424e-05,0.07649587789434044,0.00015035497044311915,4.7612407306987696e-05,0.03673150083913263,0.03167670714567401,0.05122190942704735,0.020556161020065057,5.5130155829143774e-05,0.00012446050331124876,0.03369862462305745,0.02527396846729309,8.603645530911818e-05,7.100095826480628e-05,6.014198817724772e-05,0.03336163837682689,6.264790435129963e-05,0.00013281355722475526,0.023589037236140212,0.020893147266295632,0.028306844683368266,5.095362887239043e-05,0.03572054210044091,0.00017290821600958714,7.18362636561569e-05,0.015501367326606435
2024-04-30,6.014198817724772e-05,0.038416432070285486,0.00011276622783233949,0.04785204696474157,0.0330246521305963,0.018197257296451035,9.522481461397539e-05,0.03572054210044091,6.014198817724772e-05,0.05964656558281169,0.00018293188070579516,0.13108764978369356,0.022578078497448494,0.0034506465716695857,6.515382052535169e-05,8.185992835236492e-05,0.021904106004987343,0.00019462615618470435,0.02898081717582941,0.021904106004987343,0.08424656155764362,0.0003641931506288886,6.849504209075424e-05,0.017523284803989878,6.849504209075424e-05,0.07649587789434044,0.00015035497044311915,4.7612407306987696e-05,0.03673150083913263,0.03167670714567401,0.05122190942704735,0.020556161020065057,5.5130155829143774e-05,0.00012446050331124876,0.03369862462305745,0.02527396846729309,8.603645530911818e-05,7.100095826480628e-05,6.014198817724772e-05,0.03336163837682689,6.264790435129963e-05,0.00013281355722475526,0.023589037236140212,0.020893147266295632,0.028306844683368266,5.095362887239043e-05,0.03572054210044091,0.00017290821600958714,7.18362636561569e-05,0.015501367326606435
2024-05-02,6.014198817724772e-05,0.038416432070285486,0.00011276622783233949,0.04785204696474157,0.0330246521305963,0.018197257296451035,9.522481461397539e-05,0.03572054210044091,6.014198817724772e-05,0.05964656558281169,0.00018293188070579516,0.13108764978369356,0.022578078497448494,0.0034506465716695857,6.515382052535169e-05,8.185992835236492e-05,0.021904106004987343,0.00019462615618470435,0.02898081717582941,0.021904106004987343,0.08424656155764362,0.0003641931506288886,6.849504209075424e-05,0.017523284803989878,6.849504209075424e-05,0.07649587789434044,0.00015035497044311915,4.7612407306987696e-05,0.03673150083913263,0.03167670714567401,0.05122190942704735,0.020556161020065057,5.5130155829143774e-05,0.00012446050331124876,0.03369862462305745,0.02527396846729309,8.603645530911818e-05,7.100095826480628e-05,6.014198817724772e-05,0.03336163837682689,6.264790435129963e-05,0.00013281355722475526,0.023589037236140212,0.020893147266295632,0.028306844683368266,5.095362887239043e-05,0.03572054210044091,0.00017290821600958714,7.18362636561569e-05,0.015501367326606435
2024-05-03,6.014198817724772e-05,0.038416432070285486,0.00011276622783233949,0.04785204696474157,0.0330246521305963,0.018197257296451035,9.522481461397539e-05,0.03572054210044091,6.014198817724772e-05,0.05964656558281169,0.00018293188070579516,0.13108764978369356,0.022578078497448494,0.0034506465716695857,6.515382052535169e-05,8.185992835236492e-05,0.021904106004987343,0.00019462615618470435,0.02898081717582941,0.021904106004987343,0.08424656155764362,0.0003641931506288886,6.849504209075424e-05,0.017523284803989878,6.849504209075424e-05,0.07649587789434044,0.00015035497044311915,4.7612407306987696e-05,0.03673150083913263,0.03167670714567401,0.05122190942704735,0.020556161020065057,5.5130155829143774e-05,0.00012446050331124876,0.03369862462305745,0.02527396846729309,8.603645530911818e-05,7.100095826480628e-05,6.014198817724772e-05,0.03336163837682689,6.264790435129963e-05,0.00013281355722475526,0.023589037236140212,0.020893147266295632,0.028306844683368266,5.095362887239043e-05,0.03572054210044091,0.00017290821600958714,7.18362636561569e-05,0.015501367326606435
2024-05-06,6.014198817724772e-05,0.038416432070285486,0.00011276622783233949,0.04785204696474157,0.0330246521305963,0.018197257296451035,9.522481461397539e-05,0.03572054210044091,6.014198817724772e-05,0.05964656558281169,0.00018293188070579516,0.13108764978369356,0.022578078497448494,0.0034506465716695857,6.515382052535169e-05,8.185992835236492e-05,0.021904106004987343,0.00019462615618470435,0.02898081717582941,0.021904106004987343,0.08424656155764362,0.0003641931506288886,6.849504209075424e-05,0.017523284803989878,6.849504209075424e-05,0.07649587789434044,0.00015035497044311915,4.7612407306987696e-05,0.03673150083913263,0.03167670714567401,0.05122190942704735,0.020556161020065057,5.5130155829143774e-05,0.00012446050331124876,0.03369862462305745,0.02527396846729309,8.603645530911818e-05,7.100095826480628e-05,6.014198817724772e-05,0.03336163837682689,6.264790435129963e-05,0.00013281355722475526,0.023589037236140212,0.020893147266295632,0.028306844683368266,5.095362887239043e-05,0.03572054210044091,0.00017290821600958714,7.18362636561569e-05,0.015501367326606435
2024-05-07,6.014198817724772e-05,0.038416432070285486,0.00011276622783233949,0.04785204696474157,0.0330246521305963,0.018197257296451035,9.522481461397539e-05,0.03572054210044091,6.014198817724772e-05,0.05964656558281169,0.00018293188070579516,0.13108764978369356,0.022578078497448494,0.0034506465716695857,6.515382052535169e-05,8.185992835236492e-05,0.021904106004987343,0.00019462615618470435,0.02898081717582941,0.021904106004987343,0.08424656155764362,0.0003641931506288886,6.849504209075424e-05,0.017523284803989878,6.849504209075424e-05,0.07649587789434044,0.00015035497044311915,4.7612407306987696e-05,0.03673150083913263,0.03167670714567401,0.05122190942704735,0.020556161020065057,5.5130155829143774e-05,0.00012446050331124876,0.03369862462305745,0.02527396846729309,8.603645530911818e-05,7.100095826480628e-05,6.014198817724772e-05,0.03336163837682689,6.264790435129963e-05,0.00013281355722475526,0.023589037236140212,0.020893147266295632,0.028306844683368266,5.095362887239043e-05,0.03572054210044091,0.00017290821600958714,7.18362636561569e-05,0.015501367326606435
2024-05-08,6.014198817724772e-05,0.038416432070285486,0.00011276622783233949,0.04785204696474157,0.0330246521305963,0.018197257296451035,9.522481461397539e-05,0.03572054210044091,6.014198817724772e-05,0.05964656558281169,0.00018293188070579516,0.13108764978369356,0.022578078497448494,0.0034506465716695857,6.515382052535169e-05,8.185992835236492e-05,0.021904106004987343,0.00019462615618470435,0.02898081717582941,0.021904106004987343,0.08424656155764362,0.0003641931506288886,6.849504209075424e-05,0.017523284803989878,6.849504209075424e-05,0.07649587789434044,0.00015035497044311915,4.7612407306987696e-05,0.03673150083913263,0.03167670714567401,0.05122190942704735,0.020556161020065057,5.5130155829143774e-05,0.00012446050331124876,0.03369862462305745,0.02527396846729309,8.603645530911818e-05,7.100095826480628e-05,6.014198817724772e-05,0.03336163837682689,6.264790435129963e-05,0.00013281355722475526,0.023589037236140212,0.020893147266295632,0.028306844683368266,5.095362887239043e-05,0.03572054210044091,0.00017290821600958714,7.18362636561569e-05,0.015501367326606435
2024-05-09,6.014198817724772e-05,0.038416432070285486,0.00011276622783233949,0.04785204696474157,0.0330246521305963,0.018197257296451035,9.522481461397539e-05,0.03572054210044091,6.014198817724772e-05,0.05964656558281169,0.00018293188070579516,0.13108764978369356,0.022578078497448494,0.0034506465716695857,6.515382052535169e-05,8.185992835236492e-05,0.021904106004987343,0.00019462615618470435,0.02898081717582941,0.021904106004987343,0.08424656155764362,0.0003641931506288886,6.849504209075424e-05,0.017523284803989878,6.849504209075424e-05,0.07649587789434044,0.00015035497044311915,4.7612407306987696e-05,0.03673150083913263,0.03167670714567401,0.05122190942704735,0.020556161020065057,5.5130155829143774e-05,0.00012446050331124876,0.03369862462305745,0.02527396846729309,8.603645530911818e-05,7.100095826480628e-05,6.014198817724772e-05,0.03336163837682689,6.264790435129963e-05,0.00013281355722475526,0.023589037236140212,0.020893147266295632,0.028306844683368266,5.095362887239043e-05,0.03572054210044091,0.00017290821600958714,7.18362636561569e-05,0.015501367326606435
2024-05-10,6.014198817724772e-05,0.038416432070285486,0.00011276622783233949,0.04785204696474157,0.0330246521305963,0.018197257296451035,9.522481461397539e-05,0.03572054210044091,6.014198817724772e-05,0.05964656558281169,0.00018293188070579516,0.13108764978369356,0.022578078497448494,0.0034506465716695857,6.515382052535169e-05,8.185992835236492e-05,0.021904106004987343,0.00019462615618470435,0.02898081717582941,0.021904106004987343,0.08424656155764362,0.0003641931506288886,6.849504209075424e-05,0.017523284803989878,6.849504209075424e-05,0.07649587789434044,0.00015035497044311915,4.7612407306987696e-05,0.03673150083913263,0.03167670714567401,0.05122190942704735,0.020556161020065057,5.5130155829143774e-05,0.00012446050331124876,0.03369862462305745,0.02527396846729309,8.603645530911818e-05,7.100095826480628e-05,6.014198817724772e-05,0.03336163837682689,6.264790435129963e-05,0.00013281355722475526,0.023589037236140212,0.020893147266295632,0.028306844683368266,5.095362887239043e-05,0.03572054210044091,0.00017290821600958714,7.18362636561569e-05,0.015501367326606435
2024-05-13,6.014198817724772e-05,0.038416432070285486,0.00011276622783233949,0.04785204696474157,0.0330246521305963,0.018197257296451035,9.522481461397539e-05,0.03572054210044091,6.014198817724772e-05,0.05964656558281169,0.00018293188070579516,0.13108764978369356,0.022578078497448494,0.0034506465716695857,6.515382052535169e-05,8.185992835236492e-05,0.021904106004987343,0.00019462615618470435,0.02898081717582941,0.021904106004987343,0.08424656155764362,0.0003641931506288886,6.849504209075424e-05,0.017523284803989878,6.849504209075424e-05,0.07649587789434044,0.00015035497044311915,4.7612407306987696e-05,0.03673150083913263,0.03167670714567401,0.05122190942704735,0.020556161020065057,5.5130155829143774e-05,0.00012446050331124876,0.03369862462305745,0.02527396846729309,8.603645530911818e-05,7.100095826480628e-05,6.014198817724772e-05,0.03336163837682689,6.264790435129963e-05,0.00013281355722475526,0.023589037236140212,0.020893147266295632,0.028306844683368266,5.095362887239043e-05,0.03572054210044091,0.00017290821600958714,7.18362636561569e-05,0.015501367326606435
2024-05-14,6.014198817724772e-05,0.038416432070285486,0.00011276622783233949,0.04785204696474157,0.0330246521305963,0.018197257296451035,9.522481461397539e-05,0.03572054210044091,6.014198817724772e-05,0.05964656558281169,0.00018293188070579516,0.13108764978369356,0.022578078497448494,0.0034506465716695857,6.515382052535169e-05,8.185992835236492e-05,0.021904106004987343,0.00019462615618470435,0.02898081717582941,0.021904106004987343,0.08424656155764362,0.0003641931506288886,6.849504209075424e-05,0.017523284803989878,6.849504209075424e-05,0.07649587789434044,0.00015035497044311915,4.7612407306987696e-05,0.03673150083913263,0.03167670714567401,0.05122190942704735,0.020556161020065057,5.5130155829143774e-05,0.00012446050331124876,0.03369862462305745,0.02527396846729309,8.603645530911818e-05,7.100095826480628e-05,6.014198817724772e-05,0.03336163837682689,6.264790435129963e-05,0.00013281355722475526,0.023589037236140212,0.020893147266295632,0.028306844683368266,5.095362887239043e-05,0.03572054210044091,0.00017290821600958714,7.18362636561569e-05,0.015501367326606435
2024-05-15,6.014198817724772e-05,0.038416432070285486,0.00011276622783233949,0.04785204696474157,0.0330246521305963,0.018197257296451035,9.522481461397539e-05,0.03572054210044091,6.014198817724772e-05,0.05964656558281169,0.00018293188070579516,0.13108764978369356,0.022578078497448494,0.0034506465716695857,6.515382052535169e-05,8.185992835236492e-05,0.021904106004987343,0.00019462615618470435,0.02898081717582941,0.021904106004987343,0.08424656155764362,0.0003641931506288886,6.849504209075424e-05,0.017523284803989878,6.849504209075424e-05,0.07649587789434044,0.00015035497044311915,4.7612407306987696e-05,0.03673150083913263,0.03167670714567401,0.05122190942704735,0.020556161020065057,5.5130155829143774e-05,0.00012446050331124876,0.03369862462305745,0.02527396846729309,8.603645530911818e-05,7.100095826480628e-05,6.014198817724772e-05,0.03336163837682689,6.264790435129963e-05,0.00013281355722475526,0.023589037236140212,0.020893147266295632,0.028306844683368266,5.095362887239043e-05,0.03572054210044091,0.00017290821600958714,7.18362636561569e-05,0.015501367326606435
2024-05-16,6.014198817724772e-05,0.038416432070285486,0.00011276622783233949,0.04785204696474157,0.0330246521305963,0.018197257296451035,9.522481461397539e-05,0.03572054210044091,6.014198817724772e-05,0.05964656558281169,0.00018293188070579516,0.13108764978369356,0.022578078497448494,0.0034506465716695857,6.515382052535169e-05,8.185992835236492e-05,0.021904106004987343,0.00019462615618470435,0.02898081717582941,0.021904106004987343,0.08424656155764362,0.0003641931506288886,6.849504209075424e-05,0.017523284803989878,6.849504209075424e-05,0.07649587789434044,0.00015035497044311915,4.7612407306987696e-05,0.03673150083913263,0.03167670714567401,0.05122190942704735,0.020556161020065057,5.5130155829143774e-05,0.00012446050331124876,0.03369862462305745,0.02527396846729309,8.603645530911818e-05,7.100095826480628e-05,6.014198817724772e-05,0.03336163837682689,6.264790435129963e-05,0.00013281355722475526,0.023589037236140212,0.020893147266295632,0.028306844683368266,5.095362887239043e-05,0.03572054210044091,0.00017290821600958714,7.18362636561569e-05,0.015501367326606435
2024-05-17,6.014198817724772e-05,0.038416432070285486,0.00011276622783233949,0.04785204696474157,0.0330246521305963,0.018197257296451035,9.522481461397539e-05,0.03572054210044091,6.014198817724772e-05,0.05964656558281169,0.00018293188070579516,0.13108764978369356,0.022578078497448494,0.0034506465716695857,6.515382052535169e-05,8.185992835236492e-05,0.021904106004987343,0.00019462615618470435,0.02898081717582941,0.021904106004987343,0.08424656155764362,0.0003641931506288886,6.849504209075424e-05,0.017523284803989878,6.849504209075424e-05,0.07649587789434044,0.00015035497044311915,4.7612407306987696e-05,0.03673150083913263,0.03167670714567401,0.05122190942704735,0.020556161020065057,5.5130155829143774e-05,0.00012446050331124876,0.03369862462305745,0.02527396846729309,8.603645530911818e-05,7.100095826480628e-05,6.014198817724772e-05,0.03336163837682689,6.264790435129963e-05,0.00013281355722475526,0.023589037236140212,0.020893147266295632,0.028306844683368266,5.095362887239043e-05,0.03572054210044091,0.00017290821600958714,7.18362636561569e-05,0.015501367326606435
2024-05-20,6.014198817724772e-05,0.038416432070285486,0.00011276622783233949,0.04785204696474157,0.0330246521305963,0.018197257296451035,9.522481461397539e-05,0.03572054210044091,6.014198817724772e-05,0.05964656558281169,0.00018293188070579516,0.13108764978369356,0.022578078497448494,0.0034506465716695857,6.515382052535169e-05,8.185992835236492e-05,0.021904106004987343,0.00019462615618470435,0.02898081717582941,0.021904106004987343,0.08424656155764362,0.0003641931506288886,6.849504209075424e-05,0.017523284803989878,6.849504209075424e-05,0.07649587789434044,0.00015035497044311915,4.7612407306987696e-05,0.03673150083913263,0.03167670714567401,0.05122190942704735,0.020556161020065057,5.5130155829143774e-05,0.00012446050331124876,0.03369862462305745,0.02527396846729309,8.603645530911818e-05,7.100095826480628e-05,6.014198817724772e-05,0.03336163837682689,6.264790435129963e-05,0.00013281355722475526,0.023589037236140212,0.020893147266295632,0.028306844683368266,5.095362887239043e-05,0.03572054210044091,0.00017290821600958714,7.18362636561569e-05,0.015501367326606435
2024-05-21,6.014198817724772e-05,0.038416432070285486,0.00011276622783233949,0.04785204696474157,0.0330246521305963,0.018197257296451035,9.522481461397539e-05,0.03572054210044091,6.014198817724772e-05,0.05964656558281169,0.00018293188070579516,0.13108764978369356,0.022578078497448494,0.0034506465716695857,6.515382052535169e-05,8.185992835236492e-05,0.021904106004987343,0.00019462615618470435,0.02898081717582941,0.021904106004987343,0.08424656155764362,0.0003641931506288886,6.849504209075424e-05,0.017523284803989878,6.849504209075424e-05,0.07649587789434044,0.00015035497044311915,4.7612407306987696e-05,0.03673150083913263,0.03167670714567401,0.05122190942704735,0.020556161020065057,5.5130155829143774e-05,0.00012446050331124876,0.03369862462305745,0.02527396846729309,8.603645530911818e-05,7.100095826480628e-05,6.014198817724772e-05,0.03336163837682689,6.264790435129963e-05,0.00013281355722475526,0.023589037236140212,0.020893147266295632,0.028306844683368266,5.095362887239043e-05,0.03572054210044091,0.00017290821600958714,7.18362636561569e-05,0.015501367326606435
2024-05-22,6.014198817724772e-05,0.038416432070285486,0.00011276622783233949,0.04785204696474157,0.0330246521305963,0.018197257296451035,9.522481461397539e-05,0.03572054210044091,6.014198817724772e-05,0.05964656558281169,0.00018293188070579516,0.13108764978369356,0.022578078497448494,0.0034506465716695857,6.515382052535169e-05,8.185992835236492e-05,0.021904106004987343,0.00019462615618470435,0.02898081717582941,0.021904106004987343,0.08424656155764362,0.0003641931506288886,6.849504209075424e-05,0.017523284803989878,6.849504209075424e-05,0.07649587789434044,0.00015035497044311915,4.7612407306987696e-05,0.03673150083913263,0.03167670714567401,0.05122190942704735,0.020556161020065057,5.5130155829143774e-05,0.00012446050331124876,0.03369862462305745,0.02527396846729309,8.603645530911818e-05,7.100095826480628e-05,6.014198817724772e-05,0.03336163837682689,6.264790435129963e-05,0.00013281355722475526,0.023589037236140212,0.020893147266295632,0.028306844683368266,5.095362887239043e-05,0.03572054210044091,0.00017290821600958714,7.18362636561569e-05,0.015501367326606435
2024-05-23,6.014198817724772e-05,0.038416432070285486,0.00011276622783233949,0.04785204696474157,0.0330246521305963,0.018197257296451035,9.522481461397539e-05,0.03572054210044091,6.014198817724772e-05,0.05964656558281169,0.00018293188070579516,0.13108764978369356,0.022578078497448494,0.0034506465716695857,6.515382052535169e-05,8.185992835236492e-05,0.021904106004987343,0.00019462615618470435,0.02898081717582941,0.021904106004987343,0.08424656155764362,0.0003641931506288886,6.849504209075424e-05,0.017523284803989878,6.849504209075424e-05,0.07649587789434044,0.00015035497044311915,4.7612407306987696e-05,0.03673150083913263,0.03167670714567401,0.05122190942704735,0.020556161020065057,5.5130155829143774e-05,0.00012446050331124876,0.03369862462305745,0.02527396846729309,8.603645530911818e-05,7.100095826480628e-05,6.014198817724772e-05,0.03336163837682689,6.264790435129963e-05,0.00013281355722475526,0.023589037236140212,0.020893147266295632,0.028306844683368266,5.095362887239043e-05,0.03572054210044091,0.00017290821600958714,7.18362636561569e-05,0.015501367326606435
2024-05-24,6.014198817724772e-05,0.038416432070285486,0.00011276622783233949,0.04785204696474157,0.0330246521305963,0.018197257296451035,9.522481461397539e-05,0.03572054210044091,6.014198817724772e-05,0.05964656558281169,0.00018293188070579516,0.13108764978369356,0.022578078497448494,0.0034506465716695857,6.515382052535169e-05,8.185992835236492e-05,0.021904106004987343,0.00019462615618470435,0.02898081717582941,0.021904106004987343,0.08424656155764362,0.0003641931506288886,6.849504209075424e-05,0.017523284803989878,6.849504209075424e-05,0.07649587789434044,0.00015035497044311915,4.7612407306987696e-05,0.03673150083913263,0.03167670714567401,0.05122190942704735,0.020556161020065057,5.5130155829143774e-05,0.00012446050331124876,0.03369862462305745,0.02527396846729309,8.603645530911818e-05,7.100095826480628e-05,6.014198817724772e-05,0.03336163837682689,6.264790435129963e-05,0.00013281355722475526,0.023589037236140212,0.020893147266295632,0.028306844683368266,5.095362887239043e-05,0.03572054210044091,0.00017290821600958714,7.18362636561569e-05,0.015501367326606435
2024-05-27,6.014198817724772e-05,0.038416432070285486,0.00011276622783233949,0.04785204696474157,0.0330246521305963,0.018197257296451035,9.522481461397539e-05,0.03572054210044091,6.014198817724772e-05,0.05964656558281169,0.00018293188070579516,0.13108764978369356,0.022578078497448494,0.0034506465716695857,6.515382052535169e-05,8.185992835236492e-05,0.021904106004987343,0.00019462615618470435,0.02898081717582941,0.021904106004987343,0.08424656155764362,0.0003641931506288886,6.849504209075424e-05,0.017523284803989878,6.849504209075424e-05,0.07649587789434044,0.00015035497044311915,4.7612407306987696e-05,0.03673150083913263,0.03167670714567401,0.05122190942704735,0.020556161020065057,5.5130155829143774e-05,0.00012446050331124876,0.03369862462305745,0.02527396846729309,8.603645530911818e-05,7.100095826480628e-05,6.014198817724772e-05,0.03336163837682689,6.264790435129963e-05,0.00013281355722475526,0.023589037236140212,0.020893147266295632,0.028306844683368266,5.095362887239043e-05,0.03572054210044091,0.00017290821600958714,7.18362636561569e-05,0.015501367326606435
2024-05-28,6.014198817724772e-05,0.038416432070285486,0.00011276622783233949,0.04785204696474157,0.0330246521305963,0.018197257296451035,9.522481461397539e-05,0.03572054210044091,6.014198817724772e-05,0.05964656558281169,0.00018293188070579516,0.13108764978369356,0.022578078497448494,0.0034506465716695857,6.515382052535169e-05,8.185992835236492e-05,0.021904106004987343,0.00019462615618470435,0.02898081717582941,0.021904106004987343,0.08424656155764362,0.0003641931506288886,6.849504209075424e-05,0.017523284803989878,6.849504209075424e-05,0.07649587789434044,0.00015035497044311915,4.7612407306987696e-05,0.03673150083913263,0.03167670714567401,0.05122190942704735,0.020556161020065057,5.5130155829143774e-05,0.00012446050331124876,0.03369862462305745,0.02527396846729309,8.603645530911818e-05,7.100095826480628e-05,6.014198817724772e-05,0.03336163837682689,6.264790435129963e-05,0.00013281355722475526,0.023589037236140212,0.020893147266295632,0.028306844683368266,5.095362887239043e-05,0.03572054210044091,0.00017290821600958714,7.18362636561569e-05,0.015501367326606435
2024-05-29,6.014198817724772e-05,0.038416432070285486,0.00011276622783233949,0.04785204696474157,0.0330246521305963,0.018197257296451035,9.522481461397539e-05,0.03572054210044091,6.014198817724772e-05,0.05964656558281169,0.00018293188070579516,0.13108764978369356,0.022578078497448494,0.0034506465716695857,6.515382052535169e-05,8.185992835236492e-05,0.021904106004987343,0.00019462615618470435,0.02898081717582941,0.021904106004987343,0.08424656155764362,0.0003641931506288886,6.849504209075424e-05,0.017523284803989878,6.849504209075424e-05,0.07649587789434044,0.00015035497044311915,4.7612407306987696e-05,0.03673150083913263,0.03167670714567401,0.05122190942704735,0.020556161020065057,5.5130155829143774e-05,0.00012446050331124876,0.03369862462305745,0.02527396846729309,8.603645530911818e-05,7.100095826480628e-05,6.014198817724772e-05,0.03336163837682689,6.264790435129963e-05,0.00013281355722475526,0.023589037236140212,0.020893147266295632,0.028306844683368266,5.095362887239043e-05,0.03572054210044091,0.00017290821600958714,7.18362636561569e-05,0.015501367326606435
2024-05-30,6.014198817724772e-05,0.038416432070285486,0.00011276622783233949,0.04785204696474157,0.0330246521305963,0.018197257296451035,9.522481461397539e-05,0.03572054210044091,6.014198817724772e-05,0.05964656558281169,0.00018293188070579516,0.13108764978369356,0.022578078497448494,0.0034506465716695857,6.515382052535169e-05,8.185992835236492e-05,0.021904106004987343,0.00019462615618470435,0.02898081717582941,0.021904106004987343,0.08424656155764362,0.0003641931506288886,6.849504209075424e-05,0.017523284803989878,6.849504209075424e-05,0.07649587789434044,0.00015035497044311915,4.7612407306987696e-05,0.03673150083913263,0.03167670714567401,0.05122190942704735,0.020556161020065057,5.5130155829143774e-05,0.00012446050331124876,0.03369862462305745,0.02527396846729309,8.603645530911818e-05,7.100095826480628e-05,6.014198817724772e-05,0.03336163837682689,6.264790435129963e-05,0.00013281355722475526,0.023589037236140212,0.020893147266295632,0.028306844683368266,5.095362887239043e-05,0.03572054210044091,0.00017290821600958714,7.18362636561569e-05,0.015501367326606435
2024-05-31,6.014198817724772e-05,0.038416432070285486,0.00011276622783233949,0.04785204696474157,0.0330246521305963,0.018197257296451035,9.522481461397539e-05,0.03572054210044091,6.014198817724772e-05,0.05964656558281169,0.00018293188070579516,0.13108764978369356,0.022578078497448494,0.0034506465716695857,6.515382052535169e-05,8.185992835236492e-05,0.021904106004987343,0.00019462615618470435,0.02898081717582941,0.021904106004987343,0.08424656155764362,0.0003641931506288886,6.849504209075424e-05,0.017523284803989878,6.849504209075424e-05,0.07649587789434044,0.00015035497044311915,4.7612407306987696e-05,0.03673150083913263,0.03167670714567401,0.05122190942704735,0.020556161020065057,5.5130155829143774e-05,0.00012446050331124876,0.03369862462305745,0.02527396846729309,8.603645530911818e-05,7.100095826480628e-05,6.014198817724772e-05,0.03336163837682689,6.264790435129963e-05,0.00013281355722475526,0.023589037236140212,0.020893147266295632,0.028306844683368266,5.095362887239043e-05,0.03572054210044091,0.00017290821600958714,7.18362636561569e-05,0.015501367326606435
2024-06-03,6.014198817724772e-05,0.038416432070285486,0.00011276622783233949,0.04785204696474157,0.0330246521305963,0.018197257296451035,9.522481461397539e-05,0.03572054210044091,6.014198817724772e-05,0.05964656558281169,0.00018293188070579516,0.13108764978369356,0.022578078497448494,0.0034506465716695857,6.515382052535169e-05,8.185992835236492e-05,0.021904106004987343,0.00019462615618470435,0.02898081717582941,0.021904106004987343,0.08424656155764362,0.0003641931506288886,6.849504209075424e-05,0.017523284803989878,6.849504209075424e-05,0.07649587789434044,0.00015035497044311915,4.7612407306987696e-05,0.03673150083913263,0.03167670714567401,0.05122190942704735,0.020556161020065057,5.5130155829143774e-05,0.00012446050331124876,0.03369862462305745,0.02527396846729309,8.603645530911818e-05,7.100095826480628e-05,6.014198817724772e-05,0.03336163837682689,6.264790435129963e-05,0.00013281355722475526,0.023589037236140212,0.020893147266295632,0.028306844683368266,5.095362887239043e-05,0.03572054210044091,0.00017290821600958714,7.18362636561569e-05,0.015501367326606435
2024-06-04,6.014198817724772e-05,0.038416432070285486,0.00011276622783233949,0.04785204696474157,0.0330246521305963,0.018197257296451035,9.522481461397539e-05,0.03572054210044091,6.014198817724772e-05,0.05964656558281169,0.00018293188070579516,0.13108764978369356,0.022578078497448494,0.0034506465716695857,6.515382052535169e-05,8.185992835236492e-05,0.021904106004987343,0.00019462615618470435,0.02898081717582941,0.021904106004987343,0.08424656155764362,0.0003641931506288886,6.849504209075424e-05,0.017523284803989878,6.849504209075424e-05,0.07649587789434044,0.00015035497044311915,4.7612407306987696e-05,0.03673150083913263,0.03167670714567401,0.05122190942704735,0.020556161020065057,5.5130155829143774e-05,0.00012446050331124876,0.03369862462305745,0.02527396846729309,8.603645530911818e-05,7.100095826480628e-05,6.014198817724772e-05,0.03336163837682689,6.264790435129963e-05,0.00013281355722475526,0.023589037236140212,0.020893147266295632,0.028306844683368266,5.095362887239043e-05,0.03572054210044091,0.00017290821600958714,7.18362636561569e-05,0.015501367326606435
2024-06-05,6.014198817724772e-05,0.038416432070285486,0.00011276622783233949,0.04785204696474157,0.0330246521305963,0.018197257296451035,9.522481461397539e-05,0.03572054210044091,6.014198817724772e-05,0.05964656558281169,0.00018293188070579516,0.13108764978369356,0.022578078497448494,0.0034506465716695857,6.515382052535169e-05,8.185992835236492e-05,0.021904106004987343,0.00019462615618470435,0.02898081717582941,0.021904106004987343,0.08424656155764362,0.0003641931506288886,6.849504209075424e-05,0.017523284803989878,6.849504209075424e-05,0.07649587789434044,0.00015035497044311915,4.7612407306987696e-05,0.03673150083913263,0.03167670714567401,0.05122190942704735,0.020556161020065057,5.5130155829143774e-05,0.00012446050331124876,0.03369862462305745,0.02527396846729309,8.603645530911818e-05,7.100095826480628e-05,6.014198817724772e-05,0.03336163837682689,6.264790435129963e-05,0.00013281355722475526,0.023589037236140212,0.020893147266295632,0.028306844683368266,5.095362887239043e-05,0.03572054210044091,0.00017290821600958714,7.18362636561569e-05,0.015501367326606435
2024-06-06,6.014198817724772e-05,0.038416432070285486,0.00011276622783233949,0.04785204696474157,0.0330246521305963,0.018197257296451035,9.522481461397539e-05,0.03572054210044091,6.014198817724772e-05,0.05964656558281169,0.00018293188070579516,0.13108764978369356,0.022578078497448494,0.0034506465716695857,6.515382052535169e-05,8.185992835236492e-05,0.021904106004987343,0.00019462615618470435,0.02898081717582941,0.021904106004987343,0.08424656155764362,0.0003641931506288886,6.849504209075424e-05,0.017523284803989878,6.849504209075424e-05,0.07649587789434044,0.00015035497044311915,4.7612407306987696e-05,0.03673150083913263,0.03167670714567401,0.05122190942704735,0.020556161020065057,5.5130155829143774e-05,0.00012446050331124876,0.03369862462305745,0.02527396846729309,8.603645530911818e-05,7.100095826480628e-05,6.014198817724772e-05,0.03336163837682689,6.264790435129963e-05,0.00013281355722475526,0.023589037236140212,0.020893147266295632,0.028306844683368266,5.095362887239043e-05,0.03572054210044091,0.00017290821600958714,7.18362636561569e-05,0.015501367326606435
2024-06-07,6.014198817724772e-05,0.038416432070285486,0.00011276622783233949,0.04785204696474157,0.0330246521305963,0.018197257296451035,9.522481461397539e-05,0.03572054210044091,6.014198817724772e-05,0.05964656558281169,0.00018293188070579516,0.13108764978369356,0.022578078497448494,0.0034506465716695857,6.515382052535169e-05,8.185992835236492e-05,0.021904106004987343,0.00019462615618470435,0.02898081717582941,0.021904106004987343,0.08424656155764362,0.0003641931506288886,6.849504209075424e-05,0.017523284803989878,6.849504209075424e-05,0.07649587789434044,0.00015035497044311915,4.7612407306987696e-05,0.03673150083913263,0.03167670714567401,0.05122190942704735,0.020556161020065057,5.5130155829143774e-05,0.00012446050331124876,0.03369862462305745,0.02527396846729309,8.603645530911818e-05,7.100095826480628e-05,6.014198817724772e-05,0.03336163837682689,6.264790435129963e-05,0.00013281355722475526,0.023589037236140212,0.020893147266295632,0.028306844683368266,5.095362887239043e-05,0.03572054210044091,0.00017290821600958714,7.18362636561569e-05,0.015501367326606435
2024-06-11,6.014198817724772e-05,0.038416432070285486,0.00011276622783233949,0.04785204696474157,0.0330246521305963,0.018197257296451035,9.522481461397539e-05,0.03572054210044091,6.014198817724772e-05,0.05964656558281169,0.00018293188070579516,0.13108764978369356,0.022578078497448494,0.0034506465716695857,6.515382052535169e-05,8.185992835236492e-05,0.021904106004987343,0.00019462615618470435,0.02898081717582941,0.021904106004987343,0.08424656155764362,0.0003641931506288886,6.849504209075424e-05,0.017523284803989878,6.849504209075424e-05,0.07649587789434044,0.00015035497044311915,4.7612407306987696e-05,0.03673150083913263,0.03167670714567401,0.05122190942704735,0.020556161020065057,5.5130155829143774e-05,0.00012446050331124876,0.03369862462305745,0.02527396846729309,8.603645530911818e-05,7.100095826480628e-05,6.014198817724772e-05,0.03336163837682689,6.264790435129963e-05,0.00013281355722475526,0.023589037236140212,0.020893147266295632,0.028306844683368266,5.095362887239043e-05,0.03572054210044091,0.00017290821600958714,7.18362636561569e-05,0.015501367326606435
2024-06-12,6.014198817724772e-05,0.038416432070285486,0.00011276622783233949,0.04785204696474157,0.0330246521305963,0.018197257296451035,9.522481461397539e-05,0.03572054210044091,6.014198817724772e-05,0.05964656558281169,0.00018293188070579516,0.13108764978369356,0.022578078497448494,0.0034506465716695857,6.515382052535169e-05,8.185992835236492e-05,0.021904106004987343,0.00019462615618470435,0.02898081717582941,0.021904106004987343,0.08424656155764362,0.0003641931506288886,6.849504209075424e-05,0.017523284803989878,6.849504209075424e-05,0.07649587789434044,0.00015035497044311915,4.7612407306987696e-05,0.03673150083913263,0.03167670714567401,0.05122190942704735,0.020556161020065057,5.5130155829143774e-05,0.00012446050331124876,0.03369862462305745,0.02527396846729309,8.603645530911818e-05,7.100095826480628e-05,6.014198817724772e-05,0.03336163837682689,6.264790435129963e-05,0.00013281355722475526,0.023589037236140212,0.020893147266295632,0.028306844683368266,5.095362887239043e-05,0.03572054210044091,0.00017290821600958714,7.18362636561569e-05,0.015501367326606435
2024-06-13,6.014198817724772e-05,0.038416432070285486,0.00011276622783233949,0.04785204696474157,0.0330246521305963,0.018197257296451035,9.522481461397539e-05,0.03572054210044091,6.014198817724772e-05,0.05964656558281169,0.00018293188070579516,0.13108764978369356,0.022578078497448494,0.0034506465716695857,6.515382052535169e-05,8.185992835236492e-05,0.021904106004987343,0.00019462615618470435,0.02898081717582941,0.021904106004987343,0.08424656155764362,0.0003641931506288886,6.849504209075424e-05,0.017523284803989878,6.849504209075424e-05,0.07649587789434044,0.00015035497044311915,4.7612407306987696e-05,0.03673150083913263,0.03167670714567401,0.05122190942704735,0.020556161020065057,5.5130155829143774e-05,0.00012446050331124876,0.03369862462305745,0.02527396846729309,8.603645530911818e-05,7.100095826480628e-05,6.014198817724772e-05,0.03336163837682689,6.264790435129963e-05,0.00013281355722475526,0.023589037236140212,0.020893147266295632,0.028306844683368266,5.095362887239043e-05,0.03572054210044091,0.00017290821600958714,7.18362636561569e-05,0.015501367326606435
2024-06-14,6.014198817724772e-05,0.038416432070285486,0.00011276622783233949,0.04785204696474157,0.0330246521305963,0.018197257296451035,9.522481461397539e-05,0.03572054210044091,6.014198817724772e-05,0.05964656558281169,0.00018293188070579516,0.13108764978369356,0.022578078497448494,0.0034506465716695857,6.515382052535169e-05,8.185992835236492e-05,0.021904106004987343,0.00019462615618470435,0.02898081717582941,0.021904106004987343,0.08424656155764362,0.0003641931506288886,6.849504209075424e-05,0.017523284803989878,6.849504209075424e-05,0.07649587789434044,0.00015035497044311915,4.7612407306987696e-05,0.03673150083913263,0.03167670714567401,0.05122190942704735,0.020556161020065057,5.5130155829143774e-05,0.00012446050331124876,0.03369862462305745,0.02527396846729309,8.603645530911818e-05,7.100095826480628e-05,6.014198817724772e-05,0.03336163837682689,6.264790435129963e-05,0.00013281355722475526,0.023589037236140212,0.020893147266295632,0.028306844683368266,5.095362887239043e-05,0.03572054210044091,0.00017290821600958714,7.18362636561569e-05,0.015501367326606435
2024-06-17,6.014198817724772e-05,0.038416432070285486,0.00011276622783233949,0.04785204696474157,0.0330246521305963,0.018197257296451035,9.522481461397539e-05,0.03572054210044091,6.014198817724772e-05,0.05964656558281169,0.00018293188070579516,0.13108764978369356,0.022578078497448494,0.0034506465716695857,6.515382052535169e-05,8.185992835236492e-05,0.021904106004987343,0.00019462615618470435,0.02898081717582941,0.021904106004987343,0.08424656155764362,0.0003641931506288886,6.849504209075424e-05,0.017523284803989878,6.849504209075424e-05,0.07649587789434044,0.00015035497044311915,4.7612407306987696e-05,0.03673150083913263,0.03167670714567401,0.05122190942704735,0.020556161020065057,5.5130155829143774e-05,0.00012446050331124876,0.03369862462305745,0.02527396846729309,8.603645530911818e-05,7.100095826480628e-05,6.014198817724772e-05,0.03336163837682689,6.264790435129963e-05,0.00013281355722475526,0.023589037236140212,0.020893147266295632,0.028306844683368266,5.095362887239043e-05,0.03572054210044091,0.00017290821600958714,7.18362636561569e-05,0.015501367326606435
2024-06-18,6.014198817724772e-05,0.038416432070285486,0.00011276622783233949,0.04785204696474157,0.0330246521305963,0.018197257296451035,9.522481461397539e-05,0.03572054210044091,6.014198817724772e-05,0.05964656558281169,0.00018293188070579516,0.13108764978369356,0.022578078497448494,0.0034506465716695857,6.515382052535169e-05,8.185992835236492e-05,0.021904106004987343,0.00019462615618470435,0.02898081717582941,0.021904106004987343,0.08424656155764362,0.0003641931506288886,6.849504209075424e-05,0.017523284803989878,6.849504209075424e-05,0.07649587789434044,0.00015035497044311915,4.7612407306987696e-05,0.03673150083913263,0.03167670714567401,0.05122190942704735,0.020556161020065057,5.5130155829143774e-05,0.00012446050331124876,0.03369862462305745,0.02527396846729309,8.603645530911818e-05,7.100095826480628e-05,6.014198817724772e-05,0.03336163837682689,6.264790435129963e-05,0.00013281355722475526,0.023589037236140212,0.020893147266295632,0.028306844683368266,5.095362887239043e-05,0.03572054210044091,0.00017290821600958714,7.18362636561569e-05,0.015501367326606435
2024-06-19,6.014198817724772e-05,0.038416432070285486,0.00011276622783233949,0.04785204696474157,0.0330246521305963,0.018197257296451035,9.522481461397539e-05,0.03572054210044091,6.014198817724772e-05,0.05964656558281169,0.00018293188070579516,0.13108764978369356,0.022578078497448494,0.0034506465716695857,6.515382052535169e-05,8.185992835236492e-05,0.021904106004987343,0.00019462615618470435,0.02898081717582941,0.021904106004987343,0.08424656155764362,0.0003641931506288886,6.849504209075424e-05,0.017523284803989878,6.849504209075424e-05,0.07649587789434044,0.00015035497044311915,4.7612407306987696e-05,0.03673150083913263,0.03167670714567401,0.05122190942704735,0.020556161020065057,5.5130155829143774e-05,0.00012446050331124876,0.03369862462305745,0.02527396846729309,8.603645530911818e-05,7.100095826480628e-05,6.014198817724772e-05,0.03336163837682689,6.264790435129963e-05,0.00013281355722475526,0.023589037236140212,0.020893147266295632,0.028306844683368266,5.095362887239043e-05,0.03572054210044091,0.00017290821600958714,7.18362636561569e-05,0.015501367326606435
2024-06-20,6.014198817724772e-05,0.038416432070285486,0.00011276622783233949,0.04785204696474157,0.0330246521305963,0.018197257296451035,9.522481461397539e-05,0.03572054210044091,6.014198817724772e-05,0.05964656558281169,0.00018293188070579516,0.13108764978369356,0.022578078497448494,0.0034506465716695857,6.515382052535169e-05,8.185992835236492e-05,0.021904106004987343,0.00019462615618470435,0.02898081717582941,0.021904106004987343,0.08424656155764362,0.0003641931506288886,6.849504209075424e-05,0.017523284803989878,6.849504209075424e-05,0.07649587789434044,0.00015035497044311915,4.7612407306987696e-05,0.03673150083913263,0.03167670714567401,0.05122190942704735,0.020556161020065057,5.5130155829143774e-05,0.00012446050331124876,0.03369862462305745,0.02527396846729309,8.603645530911818e-05,7.100095826480628e-05,6.014198817724772e-05,0.03336163837682689,6.264790435129963e-05,0.00013281355722475526,0.023589037236140212,0.020893147266295632,0.028306844683368266,5.095362887239043e-05,0.03572054210044091,0.00017290821600958714,7.18362636561569e-05,0.015501367326606435
2024-06-21,6.014198817724772e-05,0.038416432070285486,0.00011276622783233949,0.04785204696474157,0.0330246521305963,0.018197257296451035,9.522481461397539e-05,0.03572054210044091,6.014198817724772e-05,0.05964656558281169,0.00018293188070579516,0.13108764978369356,0.022578078497448494,0.0034506465716695857,6.515382052535169e-05,8.185992835236492e-05,0.021904106004987343,0.00019462615618470435,0.02898081717582941,0.021904106004987343,0.08424656155764362,0.0003641931506288886,6.849504209075424e-05,0.017523284803989878,6.849504209075424e-05,0.07649587789434044,0.00015035497044311915,4.7612407306987696e-05,0.03673150083913263,0.03167670714567401,0.05122190942704735,0.020556161020065057,5.5130155829143774e-05,0.00012446050331124876,0.03369862462305745,0.02527396846729309,8.603645530911818e-05,7.100095826480628e-05,6.014198817724772e-05,0.03336163837682689,6.264790435129963e-05,0.00013281355722475526,0.023589037236140212,0.020893147266295632,0.028306844683368266,5.095362887239043e-05,0.03572054210044091,0.00017290821600958714,7.18362636561569e-05,0.015501367326606435
2024-06-24,6.014198817724772e-05,0.038416432070285486,0.00011276622783233949,0.04785204696474157,0.0330246521305963,0.018197257296451035,9.522481461397539e-05,0.03572054210044091,6.014198817724772e-05,0.05964656558281169,0.00018293188070579516,0.13108764978369356,0.022578078497448494,0.0034506465716695857,6.515382052535169e-05,8.185992835236492e-05,0.021904106004987343,0.00019462615618470435,0.02898081717582941,0.021904106004987343,0.08424656155764362,0.0003641931506288886,6.849504209075424e-05,0.017523284803989878,6.849504209075424e-05,0.07649587789434044,0.00015035497044311915,4.7612407306987696e-05,0.03673150083913263,0.03167670714567401,0.05122190942704735,0.020556161020065057,5.5130155829143774e-05,0.00012446050331124876,0.03369862462305745,0.02527396846729309,8.603645530911818e-05,7.100095826480628e-05,6.014198817724772e-05,0.03336163837682689,6.264790435129963e-05,0.00013281355722475526,0.023589037236140212,0.020893147266295632,0.028306844683368266,5.095362887239043e-05,0.03572054210044091,0.00017290821600958714,7.18362636561569e-05,0.015501367326606435
2024-06-25,6.014198817724772e-05,0.038416432070285486,0.00011276622783233949,0.04785204696474157,0.0330246521305963,0.018197257296451035,9.522481461397539e-05,0.03572054210044091,6.014198817724772e-05,0.05964656558281169,0.00018293188070579516,0.13108764978369356,0.022578078497448494,0.0034506465716695857,6.515382052535169e-05,8.185992835236492e-05,0.021904106004987343,0.00019462615618470435,0.02898081717582941,0.021904106004987343,0.08424656155764362,0.0003641931506288886,6.849504209075424e-05,0.017523284803989878,6.849504209075424e-05,0.07649587789434044,0.00015035497044311915,4.7612407306987696e-05,0.03673150083913263,0.03167670714567401,0.05122190942704735,0.020556161020065057,5.5130155829143774e-05,0.00012446050331124876,0.03369862462305745,0.02527396846729309,8.603645530911818e-05,7.100095826480628e-05,6.014198817724772e-05,0.03336163837682689,6.264790435129963e-05,0.00013281355722475526,0.023589037236140212,0.020893147266295632,0.028306844683368266,5.095362887239043e-05,0.03572054210044091,0.00017290821600958714,7.18362636561569e-05,0.015501367326606435
2024-06-26,6.014198817724772e-05,0.038416432070285486,0.00011276622783233949,0.04785204696474157,0.0330246521305963,0.018197257296451035,9.522481461397539e-05,0.03572054210044091,6.014198817724772e-05,0.05964656558281169,0.00018293188070579516,0.13108764978369356,0.022578078497448494,0.0034506465716695857,6.515382052535169e-05,8.185992835236492e-05,0.021904106004987343,0.00019462615618470435,0.02898081717582941,0.021904106004987343,0.08424656155764362,0.0003641931506288886,6.849504209075424e-05,0.017523284803989878,6.849504209075424e-05,0.07649587789434044,0.00015035497044311915,4.7612407306987696e-05,0.03673150083913263,0.03167670714567401,0.05122190942704735,0.020556161020065057,5.5130155829143774e-05,0.00012446050331124876,0.03369862462305745,0.02527396846729309,8.603645530911818e-05,7.100095826480628e-05,6.014198817724772e-05,0.03336163837682689,6.264790435129963e-05,0.00013281355722475526,0.023589037236140212,0.020893147266295632,0.028306844683368266,5.095362887239043e-05,0.03572054210044091,0.00017290821600958714,7.18362636561569e-05,0.015501367326606435
2024-06-27,6.014198817724772e-05,0.038416432070285486,0.00011276622783233949,0.04785204696474157,0.0330246521305963,0.018197257296451035,9.522481461397539e-05,0.03572054210044091,6.014198817724772e-05,0.05964656558281169,0.00018293188070579516,0.13108764978369356,0.022578078497448494,0.0034506465716695857,6.515382052535169e-05,8.185992835236492e-05,0.021904106004987343,0.00019462615618470435,0.02898081717582941,0.021904106004987343,0.08424656155764362,0.0003641931506288886,6.849504209075424e-05,0.017523284803989878,6.849504209075424e-05,0.07649587789434044,0.00015035497044311915,4.7612407306987696e-05,0.03673150083913263,0.03167670714567401,0.05122190942704735,0.020556161020065057,5.5130155829143774e-05,0.00012446050331124876,0.03369862462305745,0.02527396846729309,8.603645530911818e-05,7.100095826480628e-05,6.014198817724772e-05,0.03336163837682689,6.264790435129963e-05,0.00013281355722475526,0.023589037236140212,0.020893147266295632,0.028306844683368266,5.095362887239043e-05,0.03572054210044091,0.00017290821600958714,7.18362636561569e-05,0.015501367326606435
2024-06-28,6.014198817724772e-05,0.038416432070285486,0.00011276622783233949,0.04785204696474157,0.0330246521305963,0.018197257296451035,9.522481461397539e-05,0.03572054210044091,6.014198817724772e-05,0.05964656558281169,0.00018293188070579516,0.13108764978369356,0.022578078497448494,0.0034506465716695857,6.515382052535169e-05,8.185992835236492e-05,0.021904106004987343,0.00019462615618470435,0.02898081717582941,0.021904106004987343,0.08424656155764362,0.0003641931506288886,6.849504209075424e-05,0.017523284803989878,6.849504209075424e-05,0.07649587789434044,0.00015035497044311915,4.7612407306987696e-05,0.03673150083913263,0.03167670714567401,0.05122190942704735,0.020556161020065057,5.5130155829143774e-05,0.00012446050331124876,0.03369862462305745,0.02527396846729309,8.603645530911818e-05,7.100095826480628e-05,6.014198817724772e-05,0.03336163837682689,6.264790435129963e-05,0.00013281355722475526,0.023589037236140212,0.020893147266295632,0.028306844683368266,5.095362887239043e-05,0.03572054210044091,0.00017290821600958714,7.18362636561569e-05,0.015501367326606435
2024-07-01,6.014198817724772e-05,0.038416432070285486,0.00011276622783233949,0.04785204696474157,0.0330246521305963,0.018197257296451035,9.522481461397539e-05,0.03572054210044091,6.014198817724772e-05,0.05964656558281169,0.00018293188070579516,0.13108764978369356,0.022578078497448494,0.0034506465716695857,6.515382052535169e-05,8.185992835236492e-05,0.021904106004987343,0.00019462615618470435,0.02898081717582941,0.021904106004987343,0.08424656155764362,0.0003641931506288886,6.849504209075424e-05,0.017523284803989878,6.849504209075424e-05,0.07649587789434044,0.00015035497044311915,4.7612407306987696e-05,0.03673150083913263,0.03167670714567401,0.05122190942704735,0.020556161020065057,5.5130155829143774e-05,0.00012446050331124876,0.03369862462305745,0.02527396846729309,8.603645530911818e-05,7.100095826480628e-05,6.014198817724772e-05,0.03336163837682689,6.264790435129963e-05,0.00013281355722475526,0.023589037236140212,0.020893147266295632,0.028306844683368266,5.095362887239043e-05,0.03572054210044091,0.00017290821600958714,7.18362636561569e-05,0.015501367326606435
2024-07-02,6.014198817724772e-05,0.038416432070285486,0.00011276622783233949,0.04785204696474157,0.0330246521305963,0.018197257296451035,9.522481461397539e-05,0.03572054210044091,6.014198817724772e-05,0.05964656558281169,0.00018293188070579516,0.13108764978369356,0.022578078497448494,0.0034506465716695857,6.515382052535169e-05,8.185992835236492e-05,0.021904106004987343,0.00019462615618470435,0.02898081717582941,0.021904106004987343,0.08424656155764362,0.0003641931506288886,6.849504209075424e-05,0.017523284803989878,6.849504209075424e-05,0.07649587789434044,0.00015035497044311915,4.7612407306987696e-05,0.03673150083913263,0.03167670714567401,0.05122190942704735,0.020556161020065057,5.5130155829143774e-05,0.00012446050331124876,0.03369862462305745,0.02527396846729309,8.603645530911818e-05,7.100095826480628e-05,6.014198817724772e-05,0.03336163837682689,6.264790435129963e-05,0.00013281355722475526,0.023589037236140212,0.020893147266295632,0.028306844683368266,5.095362887239043e-05,0.03572054210044091,0.00017290821600958714,7.18362636561569e-05,0.015501367326606435
2024-07-03,6.014198817724772e-05,0.038416432070285486,0.00011276622783233949,0.04785204696474157,0.0330246521305963,0.018197257296451035,9.522481461397539e-05,0.03572054210044091,6.014198817724772e-05,0.05964656558281169,0.00018293188070579516,0.13108764978369356,0.022578078497448494,0.0034506465716695857,6.515382052535169e-05,8.185992835236492e-05,0.021904106004987343,0.00019462615618470435,0.02898081717582941,0.021904106004987343,0.08424656155764362,0.0003641931506288886,6.849504209075424e-05,0.017523284803989878,6.849504209075424e-05,0.07649587789434044,0.00015035497044311915,4.7612407306987696e-05,0.03673150083913263,0.03167670714567401,0.05122190942704735,0.020556161020065057,5.5130155829143774e-05,0.00012446050331124876,0.03369862462305745,0.02527396846729309,8.603645530911818e-05,7.100095826480628e-05,6.014198817724772e-05,0.03336163837682689,6.264790435129963e-05,0.00013281355722475526,0.023589037236140212,0.020893147266295632,0.028306844683368266,5.095362887239043e-05,0.03572054210044091,0.00017290821600958714,7.18362636561569e-05,0.015501367326606435
2024-07-04,6.014198817724772e-05,0.038416432070285486,0.00011276622783233949,0.04785204696474157,0.0330246521305963,0.018197257296451035,9.522481461397539e-05,0.03572054210044091,6.014198817724772e-05,0.05964656558281169,0.00018293188070579516,0.13108764978369356,0.022578078497448494,0.0034506465716695857,6.515382052535169e-05,8.185992835236492e-05,0.021904106004987343,0.00019462615618470435,0.02898081717582941,0.021904106004987343,0.08424656155764362,0.0003641931506288886,6.849504209075424e-05,0.017523284803989878,6.849504209075424e-05,0.07649587789434044,0.00015035497044311915,4.7612407306987696e-05,0.03673150083913263,0.03167670714567401,0.05122190942704735,0.020556161020065057,5.5130155829143774e-05,0.00012446050331124876,0.03369862462305745,0.02527396846729309,8.603645530911818e-05,7.100095826480628e-05,6.014198817724772e-05,0.03336163837682689,6.264790435129963e-05,0.00013281355722475526,0.023589037236140212,0.020893147266295632,0.028306844683368266,5.095362887239043e-05,0.03572054210044091,0.00017290821600958714,7.18362636561569e-05,0.015501367326606435
2024-07-05,6.014198817724772e-05,0.038416432070285486,0.00011276622783233949,0.04785204696474157,0.0330246521305963,0.018197257296451035,9.522481461397539e-05,0.03572054210044091,6.014198817724772e-05,0.05964656558281169,0.00018293188070579516,0.13108764978369356,0.022578078497448494,0.0034506465716695857,6.515382052535169e-05,8.185992835236492e-05,0.021904106004987343,0.00019462615618470435,0.02898081717582941,0.021904106004987343,0.08424656155764362,0.0003641931506288886,6.849504209075424e-05,0.017523284803989878,6.849504209075424e-05,0.07649587789434044,0.00015035497044311915,4.7612407306987696e-05,0.03673150083913263,0.03167670714567401,0.05122190942704735,0.020556161020065057,5.5130155829143774e-05,0.00012446050331124876,0.03369862462305745,0.02527396846729309,8.603645530911818e-05,7.100095826480628e-05,6.014198817724772e-05,0.03336163837682689,6.264790435129963e-05,0.00013281355722475526,0.023589037236140212,0.020893147266295632,0.028306844683368266,5.095362887239043e-05,0.03572054210044091,0.00017290821600958714,7.18362636561569e-05,0.015501367326606435
2024-07-08,6.014198817724772e-05,0.038416432070285486,0.00011276622783233949,0.04785204696474157,0.0330246521305963,0.018197257296451035,9.522481461397539e-05,0.03572054210044091,6.014198817724772e-05,0.05964656558281169,0.00018293188070579516,0.13108764978369356,0.022578078497448494,0.0034506465716695857,6.515382052535169e-05,8.185992835236492e-05,0.021904106004987343,0.00019462615618470435,0.02898081717582941,0.021904106004987343,0.08424656155764362,0.0003641931506288886,6.849504209075424e-05,0.017523284803989878,6.849504209075424e-05,0.07649587789434044,0.00015035497044311915,4.7612407306987696e-05,0.03673150083913263,0.03167670714567401,0.05122190942704735,0.020556161020065057,5.5130155829143774e-05,0.00012446050331124876,0.03369862462305745,0.02527396846729309,8.603645530911818e-05,7.100095826480628e-05,6.014198817724772e-05,0.03336163837682689,6.264790435129963e-05,0.00013281355722475526,0.023589037236140212,0.020893147266295632,0.028306844683368266,5.095362887239043e-05,0.03572054210044091,0.00017290821600958714,7.18362636561569e-05,0.015501367326606435
2024-07-09,6.014198817724772e-05,0.038416432070285486,0.00011276622783233949,0.04785204696474157,0.0330246521305963,0.018197257296451035,9.522481461397539e-05,0.03572054210044091,6.014198817724772e-05,0.05964656558281169,0.00018293188070579516,0.13108764978369356,0.022578078497448494,0.0034506465716695857,6.515382052535169e-05,8.185992835236492e-05,0.021904106004987343,0.00019462615618470435,0.02898081717582941,0.021904106004987343,0.08424656155764362,0.0003641931506288886,6.849504209075424e-05,0.017523284803989878,6.849504209075424e-05,0.07649587789434044,0.00015035497044311915,4.7612407306987696e-05,0.03673150083913263,0.03167670714567401,0.05122190942704735,0.020556161020065057,5.5130155829143774e-05,0.00012446050331124876,0.03369862462305745,0.02527396846729309,8.603645530911818e-05,7.100095826480628e-05,6.014198817724772e-05,0.03336163837682689,6.264790435129963e-05,0.00013281355722475526,0.023589037236140212,0.020893147266295632,0.028306844683368266,5.095362887239043e-05,0.03572054210044091,0.00017290821600958714,7.18362636561569e-05,0.015501367326606435
2024-07-10,6.014198817724772e-05,0.038416432070285486,0.00011276622783233949,0.04785204696474157,0.0330246521305963,0.018197257296451035,9.522481461397539e-05,0.03572054210044091,6.014198817724772e-05,0.05964656558281169,0.00018293188070579516,0.13108764978369356,0.022578078497448494,0.0034506465716695857,6.515382052535169e-05,8.185992835236492e-05,0.021904106004987343,0.00019462615618470435,0.02898081717582941,0.021904106004987343,0.08424656155764362,0.0003641931506288886,6.849504209075424e-05,0.017523284803989878,6.849504209075424e-05,0.07649587789434044,0.00015035497044311915,4.7612407306987696e-05,0.03673150083913263,0.03167670714567401,0.05122190942704735,0.020556161020065057,5.5130155829143774e-05,0.00012446050331124876,0.03369862462305745,0.02527396846729309,8.603645530911818e-05,7.100095826480628e-05,6.014198817724772e-05,0.03336163837682689,6.264790435129963e-05,0.00013281355722475526,0.023589037236140212,0.020893147266295632,0.028306844683368266,5.095362887239043e-05,0.03572054210044091,0.00017290821600958714,7.18362636561569e-05,0.015501367326606435
2024-07-11,6.014198817724772e-05,0.038416432070285486,0.00011276622783233949,0.04785204696474157,0.0330246521305963,0.018197257296451035,9.522481461397539e-05,0.03572054210044091,6.014198817724772e-05,0.05964656558281169,0.00018293188070579516,0.13108764978369356,0.022578078497448494,0.0034506465716695857,6.515382052535169e-05,8.185992835236492e-05,0.021904106004987343,0.00019462615618470435,0.02898081717582941,0.021904106004987343,0.08424656155764362,0.0003641931506288886,6.849504209075424e-05,0.017523284803989878,6.849504209075424e-05,0.07649587789434044,0.00015035497044311915,4.7612407306987696e-05,0.03673150083913263,0.03167670714567401,0.05122190942704735,0.020556161020065057,5.5130155829143774e-05,0.00012446050331124876,0.03369862462305745,0.02527396846729309,8.603645530911818e-05,7.100095826480628e-05,6.014198817724772e-05,0.03336163837682689,6.264790435129963e-05,0.00013281355722475526,0.023589037236140212,0.020893147266295632,0.028306844683368266,5.095362887239043e-05,0.03572054210044091,0.00017290821600958714,7.18362636561569e-05,0.015501367326606435
2024-07-12,6.014198817724772e-05,0.038416432070285486,0.00011276622783233949,0.04785204696474157,0.0330246521305963,0.018197257296451035,9.522481461397539e-05,0.03572054210044091,6.014198817724772e-05,0.05964656558281169,0.00018293188070579516,0.13108764978369356,0.022578078497448494,0.0034506465716695857,6.515382052535169e-05,8.185992835236492e-05,0.021904106004987343,0.00019462615618470435,0.02898081717582941,0.021904106004987343,0.08424656155764362,0.0003641931506288886,6.849504209075424e-05,0.017523284803989878,6.849504209075424e-05,0.07649587789434044,0.00015035497044311915,4.7612407306987696e-05,0.03673150083913263,0.03167670714567401,0.05122190942704735,0.020556161020065057,5.5130155829143774e-05,0.00012446050331124876,0.03369862462305745,0.02527396846729309,8.603645530911818e-05,7.100095826480628e-05,6.014198817724772e-05,0.03336163837682689,6.264790435129963e-05,0.00013281355722475526,0.023589037236140212,0.020893147266295632,0.028306844683368266,5.095362887239043e-05,0.03572054210044091,0.00017290821600958714,7.18362636561569e-05,0.015501367326606435
2024-07-15,6.014198817724772e-05,0.038416432070285486,0.00011276622783233949,0.04785204696474157,0.0330246521305963,0.018197257296451035,9.522481461397539e-05,0.03572054210044091,6.014198817724772e-05,0.05964656558281169,0.00018293188070579516,0.13108764978369356,0.022578078497448494,0.0034506465716695857,6.515382052535169e-05,8.185992835236492e-05,0.021904106004987343,0.00019462615618470435,0.02898081717582941,0.021904106004987343,0.08424656155764362,0.0003641931506288886,6.849504209075424e-05,0.017523284803989878,6.849504209075424e-05,0.07649587789434044,0.00015035497044311915,4.7612407306987696e-05,0.03673150083913263,0.03167670714567401,0.05122190942704735,0.020556161020065057,5.5130155829143774e-05,0.00012446050331124876,0.03369862462305745,0.02527396846729309,8.603645530911818e-05,7.100095826480628e-05,6.014198817724772e-05,0.03336163837682689,6.264790435129963e-05,0.00013281355722475526,0.023589037236140212,0.020893147266295632,0.028306844683368266,5.095362887239043e-05,0.03572054210044091,0.00017290821600958714,7.18362636561569e-05,0.015501367326606435
2024-07-16,6.014198817724772e-05,0.038416432070285486,0.00011276622783233949,0.04785204696474157,0.0330246521305963,0.018197257296451035,9.522481461397539e-05,0.03572054210044091,6.014198817724772e-05,0.05964656558281169,0.00018293188070579516,0.13108764978369356,0.022578078497448494,0.0034506465716695857,6.515382052535169e-05,8.185992835236492e-05,0.021904106004987343,0.00019462615618470435,0.02898081717582941,0.021904106004987343,0.08424656155764362,0.0003641931506288886,6.849504209075424e-05,0.017523284803989878,6.849504209075424e-05,0.07649587789434044,0.00015035497044311915,4.7612407306987696e-05,0.03673150083913263,0.03167670714567401,0.05122190942704735,0.020556161020065057,5.5130155829143774e-05,0.00012446050331124876,0.03369862462305745,0.02527396846729309,8.603645530911818e-05,7.100095826480628e-05,6.014198817724772e-05,0.03336163837682689,6.264790435129963e-05,0.00013281355722475526,0.023589037236140212,0.020893147266295632,0.028306844683368266,5.095362887239043e-05,0.03572054210044091,0.00017290821600958714,7.18362636561569e-05,0.015501367326606435
2024-07-17,6.014198817724772e-05,0.038416432070285486,0.00011276622783233949,0.04785204696474157,0.0330246521305963,0.018197257296451035,9.522481461397539e-05,0.03572054210044091,6.014198817724772e-05,0.05964656558281169,0.00018293188070579516,0.13108764978369356,0.022578078497448494,0.0034506465716695857,6.515382052535169e-05,8.185992835236492e-05,0.021904106004987343,0.00019462615618470435,0.02898081717582941,0.021904106004987343,0.08424656155764362,0.0003641931506288886,6.849504209075424e-05,0.017523284803989878,6.849504209075424e-05,0.07649587789434044,0.00015035497044311915,4.7612407306987696e-05,0.03673150083913263,0.03167670714567401,0.05122190942704735,0.020556161020065057,5.5130155829143774e-05,0.00012446050331124876,0.03369862462305745,0.02527396846729309,8.603645530911818e-05,7.100095826480628e-05,6.014198817724772e-05,0.03336163837682689,6.264790435129963e-05,0.00013281355722475526,0.023589037236140212,0.020893147266295632,0.028306844683368266,5.095362887239043e-05,0.03572054210044091,0.00017290821600958714,7.18362636561569e-05,0.015501367326606435
2024-07-18,6.014198817724772e-05,0.038416432070285486,0.00011276622783233949,0.04785204696474157,0.0330246521305963,0.018197257296451035,9.522481461397539e-05,0.03572054210044091,6.014198817724772e-05,0.05964656558281169,0.00018293188070579516,0.13108764978369356,0.022578078497448494,0.0034506465716695857,6.515382052535169e-05,8.185992835236492e-05,0.021904106004987343,0.00019462615618470435,0.02898081717582941,0.021904106004987343,0.08424656155764362,0.0003641931506288886,6.849504209075424e-05,0.017523284803989878,6.849504209075424e-05,0.07649587789434044,0.00015035497044311915,4.7612407306987696e-05,0.03673150083913263,0.03167670714567401,0.05122190942704735,0.020556161020065057,5.5130155829143774e-05,0.00012446050331124876,0.03369862462305745,0.02527396846729309,8.603645530911818e-05,7.100095826480628e-05,6.014198817724772e-05,0.03336163837682689,6.264790435129963e-05,0.00013281355722475526,0.023589037236140212,0.020893147266295632,0.028306844683368266,5.095362887239043e-05,0.03572054210044091,0.00017290821600958714,7.18362636561569e-05,0.015501367326606435
2024-07-19,6.014198817724772e-05,0.038416432070285486,0.00011276622783233949,0.04785204696474157,0.0330246521305963,0.018197257296451035,9.522481461397539e-05,0.03572054210044091,6.014198817724772e-05,0.05964656558281169,0.00018293188070579516,0.13108764978369356,0.022578078497448494,0.0034506465716695857,6.515382052535169e-05,8.185992835236492e-05,0.021904106004987343,0.00019462615618470435,0.02898081717582941,0.021904106004987343,0.08424656155764362,0.0003641931506288886,6.849504209075424e-05,0.017523284803989878,6.849504209075424e-05,0.07649587789434044,0.00015035497044311915,4.7612407306987696e-05,0.03673150083913263,0.03167670714567401,0.05122190942704735,0.020556161020065057,5.5130155829143774e-05,0.00012446050331124876,0.03369862462305745,0.02527396846729309,8.603645530911818e-05,7.100095826480628e-05,6.014198817724772e-05,0.03336163837682689,6.264790435129963e-05,0.00013281355722475526,0.023589037236140212,0.020893147266295632,0.028306844683368266,5.095362887239043e-05,0.03572054210044091,0.00017290821600958714,7.18362636561569e-05,0.015501367326606435
2024-07-22,6.014198817724772e-05,0.038416432070285486,0.00011276622783233949,0.04785204696474157,0.0330246521305963,0.018197257296451035,9.522481461397539e-05,0.03572054210044091,6.014198817724772e-05,0.05964656558281169,0.00018293188070579516,0.13108764978369356,0.022578078497448494,0.0034506465716695857,6.515382052535169e-05,8.185992835236492e-05,0.021904106004987343,0.00019462615618470435,0.02898081717582941,0.021904106004987343,0.08424656155764362,0.0003641931506288886,6.849504209075424e-05,0.017523284803989878,6.849504209075424e-05,0.07649587789434044,0.00015035497044311915,4.7612407306987696e-05,0.03673150083913263,0.03167670714567401,0.05122190942704735,0.020556161020065057,5.5130155829143774e-05,0.00012446050331124876,0.03369862462305745,0.02527396846729309,8.603645530911818e-05,7.100095826480628e-05,6.014198817724772e-05,0.03336163837682689,6.264790435129963e-05,0.00013281355722475526,0.023589037236140212,0.020893147266295632,0.028306844683368266,5.095362887239043e-05,0.03572054210044091,0.00017290821600958714,7.18362636561569e-05,0.015501367326606435
2024-07-23,6.014198817724772e-05,0.038416432070285486,0.00011276622783233949,0.04785204696474157,0.0330246521305963,0.018197257296451035,9.522481461397539e-05,0.03572054210044091,6.014198817724772e-05,0.05964656558281169,0.00018293188070579516,0.13108764978369356,0.022578078497448494,0.0034506465716695857,6.515382052535169e-05,8.185992835236492e-05,0.021904106004987343,0.00019462615618470435,0.02898081717582941,0.021904106004987343,0.08424656155764362,0.0003641931506288886,6.849504209075424e-05,0.017523284803989878,6.849504209075424e-05,0.07649587789434044,0.00015035497044311915,4.7612407306987696e-05,0.03673150083913263,0.03167670714567401,0.05122190942704735,0.020556161020065057,5.5130155829143774e-05,0.00012446050331124876,0.03369862462305745,0.02527396846729309,8.603645530911818e-05,7.100095826480628e-05,6.014198817724772e-05,0.03336163837682689,6.264790435129963e-05,0.00013281355722475526,0.023589037236140212,0.020893147266295632,0.028306844683368266,5.095362887239043e-05,0.03572054210044091,0.00017290821600958714,7.18362636561569e-05,0.015501367326606435
2024-07-26,6.014198817724772e-05,0.038416432070285486,0.00011276622783233949,0.04785204696474157,0.0330246521305963,0.018197257296451035,9.522481461397539e-05,0.03572054210044091,6.014198817724772e-05,0.05964656558281169,0.00018293188070579516,0.13108764978369356,0.022578078497448494,0.0034506465716695857,6.515382052535169e-05,8.185992835236492e-05,0.021904106004987343,0.00019462615618470435,0.02898081717582941,0.021904106004987343,0.08424656155764362,0.0003641931506288886,6.849504209075424e-05,0.017523284803989878,6.849504209075424e-05,0.07649587789434044,0.00015035497044311915,4.7612407306987696e-05,0.03673150083913263,0.03167670714567401,0.05122190942704735,0.020556161020065057,5.5130155829143774e-05,0.00012446050331124876,0.03369862462305745,0.02527396846729309,8.603645530911818e-05,7.100095826480628e-05,6.014198817724772e-05,0.03336163837682689,6.264790435129963e-05,0.00013281355722475526,0.023589037236140212,0.020893147266295632,0.028306844683368266,5.095362887239043e-05,0.03572054210044091,0.00017290821600958714,7.18362636561569e-05,0.015501367326606435
2024-07-29,6.014198817724772e-05,0.038416432070285486,0.00011276622783233949,0.04785204696474157,0.0330246521305963,0.018197257296451035,9.522481461397539e-05,0.03572054210044091,6.014198817724772e-05,0.05964656558281169,0.00018293188070579516,0.13108764978369356,0.022578078497448494,0.0034506465716695857,6.515382052535169e-05,8.185992835236492e-05,0.021904106004987343,0.00019462615618470435,0.02898081717582941,0.021904106004987343,0.08424656155764362,0.0003641931506288886,6.849504209075424e-05,0.017523284803989878,6.849504209075424e-05,0.07649587789434044,0.00015035497044311915,4.7612407306987696e-05,0.03673150083913263,0.03167670714567401,0.05122190942704735,0.020556161020065057,5.5130155829143774e-05,0.00012446050331124876,0.03369862462305745,0.02527396846729309,8.603645530911818e-05,7.100095826480628e-05,6.014198817724772e-05,0.03336163837682689,6.264790435129963e-05,0.00013281355722475526,0.023589037236140212,0.020893147266295632,0.028306844683368266,5.095362887239043e-05,0.03572054210044091,0.00017290821600958714,7.18362636561569e-05,0.015501367326606435
2024-07-30,6.014198817724772e-05,0.038416432070285486,0.00011276622783233949,0.04785204696474157,0.0330246521305963,0.018197257296451035,9.522481461397539e-05,0.03572054210044091,6.014198817724772e-05,0.05964656558281169,0.00018293188070579516,0.13108764978369356,0.022578078497448494,0.0034506465716695857,6.515382052535169e-05,8.185992835236492e-05,0.021904106004987343,0.00019462615618470435,0.02898081717582941,0.021904106004987343,0.08424656155764362,0.0003641931506288886,6.849504209075424e-05,0.017523284803989878,6.849504209075424e-05,0.07649587789434044,0.00015035497044311915,4.7612407306987696e-05,0.03673150083913263,0.03167670714567401,0.05122190942704735,0.020556161020065057,5.5130155829143774e-05,0.00012446050331124876,0.03369862462305745,0.02527396846729309,8.603645530911818e-05,7.100095826480628e-05,6.014198817724772e-05,0.03336163837682689,6.264790435129963e-05,0.00013281355722475526,0.023589037236140212,0.020893147266295632,0.028306844683368266,5.095362887239043e-05,0.03572054210044091,0.00017290821600958714,7.18362636561569e-05,0.015501367326606435
2024-07-31,6.014198817724772e-05,0.038416432070285486,0.00011276622783233949,0.04785204696474157,0.0330246521305963,0.018197257296451035,9.522481461397539e-05,0.03572054210044091,6.014198817724772e-05,0.05964656558281169,0.00018293188070579516,0.13108764978369356,0.022578078497448494,0.0034506465716695857,6.515382052535169e-05,8.185992835236492e-05,0.021904106004987343,0.00019462615618470435,0.02898081717582941,0.021904106004987343,0.08424656155764362,0.0003641931506288886,6.849504209075424e-05,0.017523284803989878,6.849504209075424e-05,0.07649587789434044,0.00015035497044311915,4.7612407306987696e-05,0.03673150083913263,0.03167670714567401,0.05122190942704735,0.020556161020065057,5.5130155829143774e-05,0.00012446050331124876,0.03369862462305745,0.02527396846729309,8.603645530911818e-05,7.100095826480628e-05,6.014198817724772e-05,0.03336163837682689,6.264790435129963e-05,0.00013281355722475526,0.023589037236140212,0.020893147266295632,0.028306844683368266,5.095362887239043e-05,0.03572054210044091,0.00017290821600958714,7.18362636561569e-05,0.015501367326606435
2024-08-01,6.014198817724772e-05,0.038416432070285486,0.00011276622783233949,0.04785204696474157,0.0330246521305963,0.018197257296451035,9.522481461397539e-05,0.03572054210044091,6.014198817724772e-05,0.05964656558281169,0.00018293188070579516,0.13108764978369356,0.022578078497448494,0.0034506465716695857,6.515382052535169e-05,8.185992835236492e-05,0.021904106004987343,0.00019462615618470435,0.02898081717582941,0.021904106004987343,0.08424656155764362,0.0003641931506288886,6.849504209075424e-05,0.017523284803989878,6.849504209075424e-05,0.07649587789434044,0.00015035497044311915,4.7612407306987696e-05,0.03673150083913263,0.03167670714567401,0.05122190942704735,0.020556161020065057,5.5130155829143774e-05,0.00012446050331124876,0.03369862462305745,0.02527396846729309,8.603645530911818e-05,7.100095826480628e-05,6.014198817724772e-05,0.03336163837682689,6.264790435129963e-05,0.00013281355722475526,0.023589037236140212,0.020893147266295632,0.028306844683368266,5.095362887239043e-05,0.03572054210044091,0.00017290821600958714,7.18362636561569e-05,0.015501367326606435
2024-08-02,6.014198817724772e-05,0.038416432070285486,0.00011276622783233949,0.04785204696474157,0.0330246521305963,0.018197257296451035,9.522481461397539e-05,0.03572054210044091,6.014198817724772e-05,0.05964656558281169,0.00018293188070579516,0.13108764978369356,0.022578078497448494,0.0034506465716695857,6.515382052535169e-05,8.185992835236492e-05,0.021904106004987343,0.00019462615618470435,0.02898081717582941,0.021904106004987343,0.08424656155764362,0.0003641931506288886,6.849504209075424e-05,0.017523284803989878,6.849504209075424e-05,0.07649587789434044,0.00015035497044311915,4.7612407306987696e-05,0.03673150083913263,0.03167670714567401,0.05122190942704735,0.020556161020065057,5.5130155829143774e-05,0.00012446050331124876,0.03369862462305745,0.02527396846729309,8.603645530911818e-05,7.100095826480628e-05,6.014198817724772e-05,0.03336163837682689,6.264790435129963e-05,0.00013281355722475526,0.023589037236140212,0.020893147266295632,0.028306844683368266,5.095362887239043e-05,0.03572054210044091,0.00017290821600958714,7.18362636561569e-05,0.015501367326606435
2024-08-05,6.014198817724772e-05,0.038416432070285486,0.00011276622783233949,0.04785204696474157,0.0330246521305963,0.018197257296451035,9.522481461397539e-05,0.03572054210044091,6.014198817724772e-05,0.05964656558281169,0.00018293188070579516,0.13108764978369356,0.022578078497448494,0.0034506465716695857,6.515382052535169e-05,8.185992835236492e-05,0.021904106004987343,0.00019462615618470435,0.02898081717582941,0.021904106004987343,0.08424656155764362,0.0003641931506288886,6.849504209075424e-05,0.017523284803989878,6.849504209075424e-05,0.07649587789434044,0.00015035497044311915,4.7612407306987696e-05,0.03673150083913263,0.03167670714567401,0.05122190942704735,0.020556161020065057,5.5130155829143774e-05,0.00012446050331124876,0.03369862462305745,0.02527396846729309,8.603645530911818e-05,7.100095826480628e-05,6.014198817724772e-05,0.03336163837682689,6.264790435129963e-05,0.00013281355722475526,0.023589037236140212,0.020893147266295632,0.028306844683368266,5.095362887239043e-05,0.03572054210044091,0.00017290821600958714,7.18362636561569e-05,0.015501367326606435
2024-08-06,6.014198817724772e-05,0.038416432070285486,0.00011276622783233949,0.04785204696474157,0.0330246521305963,0.018197257296451035,9.522481461397539e-05,0.03572054210044091,6.014198817724772e-05,0.05964656558281169,0.00018293188070579516,0.13108764978369356,0.022578078497448494,0.0034506465716695857,6.515382052535169e-05,8.185992835236492e-05,0.021904106004987343,0.00019462615618470435,0.02898081717582941,0.021904106004987343,0.08424656155764362,0.0003641931506288886,6.849504209075424e-05,0.017523284803989878,6.849504209075424e-05,0.07649587789434044,0.00015035497044311915,4.7612407306987696e-05,0.03673150083913263,0.03167670714567401,0.05122190942704735,0.020556161020065057,5.5130155829143774e-05,0.00012446050331124876,0.03369862462305745,0.02527396846729309,8.603645530911818e-05,7.100095826480628e-05,6.014198817724772e-05,0.03336163837682689,6.264790435129963e-05,0.00013281355722475526,0.023589037236140212,0.020893147266295632,0.028306844683368266,5.095362887239043e-05,0.03572054210044091,0.00017290821600958714,7.18362636561569e-05,0.015501367326606435
2024-08-07,6.014198817724772e-05,0.038416432070285486,0.00011276622783233949,0.04785204696474157,0.0330246521305963,0.018197257296451035,9.522481461397539e-05,0.03572054210044091,6.014198817724772e-05,0.05964656558281169,0.00018293188070579516,0.13108764978369356,0.022578078497448494,0.0034506465716695857,6.515382052535169e-05,8.185992835236492e-05,0.021904106004987343,0.00019462615618470435,0.02898081717582941,0.021904106004987343,0.08424656155764362,0.0003641931506288886,6.849504209075424e-05,0.017523284803989878,6.849504209075424e-05,0.07649587789434044,0.00015035497044311915,4.7612407306987696e-05,0.03673150083913263,0.03167670714567401,0.05122190942704735,0.020556161020065057,5.5130155829143774e-05,0.00012446050331124876,0.03369862462305745,0.02527396846729309,8.603645530911818e-05,7.100095826480628e-05,6.014198817724772e-05,0.03336163837682689,6.264790435129963e-05,0.00013281355722475526,0.023589037236140212,0.020893147266295632,0.028306844683368266,5.095362887239043e-05,0.03572054210044091,0.00017290821600958714,7.18362636561569e-05,0.015501367326606435
2024-08-08,6.014198817724772e-05,0.038416432070285486,0.00011276622783233949,0.04785204696474157,0.0330246521305963,0.018197257296451035,9.522481461397539e-05,0.03572054210044091,6.014198817724772e-05,0.05964656558281169,0.00018293188070579516,0.13108764978369356,0.022578078497448494,0.0034506465716695857,6.515382052535169e-05,8.185992835236492e-05,0.021904106004987343,0.00019462615618470435,0.02898081717582941,0.021904106004987343,0.08424656155764362,0.0003641931506288886,6.849504209075424e-05,0.017523284803989878,6.849504209075424e-05,0.07649587789434044,0.00015035497044311915,4.7612407306987696e-05,0.03673150083913263,0.03167670714567401,0.05122190942704735,0.020556161020065057,5.5130155829143774e-05,0.00012446050331124876,0.03369862462305745,0.02527396846729309,8.603645530911818e-05,7.100095826480628e-05,6.014198817724772e-05,0.03336163837682689,6.264790435129963e-05,0.00013281355722475526,0.023589037236140212,0.020893147266295632,0.028306844683368266,5.095362887239043e-05,0.03572054210044091,0.00017290821600958714,7.18362636561569e-05,0.015501367326606435
2024-08-09,6.014198817724772e-05,0.038416432070285486,0.00011276622783233949,0.04785204696474157,0.0330246521305963,0.018197257296451035,9.522481461397539e-05,0.03572054210044091,6.014198817724772e-05,0.05964656558281169,0.00018293188070579516,0.13108764978369356,0.022578078497448494,0.0034506465716695857,6.515382052535169e-05,8.185992835236492e-05,0.021904106004987343,0.00019462615618470435,0.02898081717582941,0.021904106004987343,0.08424656155764362,0.0003641931506288886,6.849504209075424e-05,0.017523284803989878,6.849504209075424e-05,0.07649587789434044,0.00015035497044311915,4.7612407306987696e-05,0.03673150083913263,0.03167670714567401,0.05122190942704735,0.020556161020065057,5.5130155829143774e-05,0.00012446050331124876,0.03369862462305745,0.02527396846729309,8.603645530911818e-05,7.100095826480628e-05,6.014198817724772e-05,0.03336163837682689,6.264790435129963e-05,0.00013281355722475526,0.023589037236140212,0.020893147266295632,0.028306844683368266,5.095362887239043e-05,0.03572054210044091,0.00017290821600958714,7.18362636561569e-05,0.015501367326606435
2024-08-12,6.014198817724772e-05,0.038416432070285486,0.00011276622783233949,0.04785204696474157,0.0330246521305963,0.018197257296451035,9.522481461397539e-05,0.03572054210044091,6.014198817724772e-05,0.05964656558281169,0.00018293188070579516,0.13108764978369356,0.022578078497448494,0.0034506465716695857,6.515382052535169e-05,8.185992835236492e-05,0.021904106004987343,0.00019462615618470435,0.02898081717582941,0.021904106004987343,0.08424656155764362,0.0003641931506288886,6.849504209075424e-05,0.017523284803989878,6.849504209075424e-05,0.07649587789434044,0.00015035497044311915,4.7612407306987696e-05,0.03673150083913263,0.03167670714567401,0.05122190942704735,0.020556161020065057,5.5130155829143774e-05,0.00012446050331124876,0.03369862462305745,0.02527396846729309,8.603645530911818e-05,7.100095826480628e-05,6.014198817724772e-05,0.03336163837682689,6.264790435129963e-05,0.00013281355722475526,0.023589037236140212,0.020893147266295632,0.028306844683368266,5.095362887239043e-05,0.03572054210044091,0.00017290821600958714,7.18362636561569e-05,0.015501367326606435
2024-08-13,6.014198817724772e-05,0.038416432070285486,0.00011276622783233949,0.04785204696474157,0.0330246521305963,0.018197257296451035,9.522481461397539e-05,0.03572054210044091,6.014198817724772e-05,0.05964656558281169,0.00018293188070579516,0.13108764978369356,0.022578078497448494,0.0034506465716695857,6.515382052535169e-05,8.185992835236492e-05,0.021904106004987343,0.00019462615618470435,0.02898081717582941,0.021904106004987343,0.08424656155764362,0.0003641931506288886,6.849504209075424e-05,0.017523284803989878,6.849504209075424e-05,0.07649587789434044,0.00015035497044311915,4.7612407306987696e-05,0.03673150083913263,0.03167670714567401,0.05122190942704735,0.020556161020065057,5.5130155829143774e-05,0.00012446050331124876,0.03369862462305745,0.02527396846729309,8.603645530911818e-05,7.100095826480628e-05,6.014198817724772e-05,0.03336163837682689,6.264790435129963e-05,0.00013281355722475526,0.023589037236140212,0.020893147266295632,0.028306844683368266,5.095362887239043e-05,0.03572054210044091,0.00017290821600958714,7.18362636561569e-05,0.015501367326606435
2024-08-14,6.014198817724772e-05,0.038416432070285486,0.00011276622783233949,0.04785204696474157,0.0330246521305963,0.018197257296451035,9.522481461397539e-05,0.03572054210044091,6.014198817724772e-05,0.05964656558281169,0.00018293188070579516,0.13108764978369356,0.022578078497448494,0.0034506465716695857,6.515382052535169e-05,8.185992835236492e-05,0.021904106004987343,0.00019462615618470435,0.02898081717582941,0.021904106004987343,0.08424656155764362,0.0003641931506288886,6.849504209075424e-05,0.017523284803989878,6.849504209075424e-05,0.07649587789434044,0.00015035497044311915,4.7612407306987696e-05,0.03673150083913263,0.03167670714567401,0.05122190942704735,0.020556161020065057,5.5130155829143774e-05,0.00012446050331124876,0.03369862462305745,0.02527396846729309,8.603645530911818e-05,7.100095826480628e-05,6.014198817724772e-05,0.03336163837682689,6.264790435129963e-05,0.00013281355722475526,0.023589037236140212,0.020893147266295632,0.028306844683368266,5.095362887239043e-05,0.03572054210044091,0.00017290821600958714,7.18362636561569e-05,0.015501367326606435
2024-08-15,6.014198817724772e-05,0.038416432070285486,0.00011276622783233949,0.04785204696474157,0.0330246521305963,0.018197257296451035,9.522481461397539e-05,0.03572054210044091,6.014198817724772e-05,0.05964656558281169,0.00018293188070579516,0.13108764978369356,0.022578078497448494,0.0034506465716695857,6.515382052535169e-05,8.185992835236492e-05,0.021904106004987343,0.00019462615618470435,0.02898081717582941,0.021904106004987343,0.08424656155764362,0.0003641931506288886,6.849504209075424e-05,0.017523284803989878,6.849504209075424e-05,0.07649587789434044,0.00015035497044311915,4.7612407306987696e-05,0.03673150083913263,0.03167670714567401,0.05122190942704735,0.020556161020065057,5.5130155829143774e-05,0.00012446050331124876,0.03369862462305745,0.02527396846729309,8.603645530911818e-05,7.100095826480628e-05,6.014198817724772e-05,0.03336163837682689,6.264790435129963e-05,0.00013281355722475526,0.023589037236140212,0.020893147266295632,0.028306844683368266,5.095362887239043e-05,0.03572054210044091,0.00017290821600958714,7.18362636561569e-05,0.015501367326606435
2024-08-16,6.014198817724772e-05,0.038416432070285486,0.00011276622783233949,0.04785204696474157,0.0330246521305963,0.018197257296451035,9.522481461397539e-05,0.03572054210044091,6.014198817724772e-05,0.05964656558281169,0.00018293188070579516,0.13108764978369356,0.022578078497448494,0.0034506465716695857,6.515382052535169e-05,8.185992835236492e-05,0.021904106004987343,0.00019462615618470435,0.02898081717582941,0.021904106004987343,0.08424656155764362,0.0003641931506288886,6.849504209075424e-05,0.017523284803989878,6.849504209075424e-05,0.07649587789434044,0.00015035497044311915,4.7612407306987696e-05,0.03673150083913263,0.03167670714567401,0.05122190942704735,0.020556161020065057,5.5130155829143774e-05,0.00012446050331124876,0.03369862462305745,0.02527396846729309,8.603645530911818e-05,7.100095826480628e-05,6.014198817724772e-05,0.03336163837682689,6.264790435129963e-05,0.00013281355722475526,0.023589037236140212,0.020893147266295632,0.028306844683368266,5.095362887239043e-05,0.03572054210044091,0.00017290821600958714,7.18362636561569e-05,0.015501367326606435
2024-08-19,6.014198817724772e-05,0.038416432070285486,0.00011276622783233949,0.04785204696474157,0.0330246521305963,0.018197257296451035,9.522481461397539e-05,0.03572054210044091,6.014198817724772e-05,0.05964656558281169,0.00018293188070579516,0.13108764978369356,0.022578078497448494,0.0034506465716695857,6.515382052535169e-05,8.185992835236492e-05,0.021904106004987343,0.00019462615618470435,0.02898081717582941,0.021904106004987343,0.08424656155764362,0.0003641931506288886,6.849504209075424e-05,0.017523284803989878,6.849504209075424e-05,0.07649587789434044,0.00015035497044311915,4.7612407306987696e-05,0.03673150083913263,0.03167670714567401,0.05122190942704735,0.020556161020065057,5.5130155829143774e-05,0.00012446050331124876,0.03369862462305745,0.02527396846729309,8.603645530911818e-05,7.100095826480628e-05,6.014198817724772e-05,0.03336163837682689,6.264790435129963e-05,0.00013281355722475526,0.023589037236140212,0.020893147266295632,0.028306844683368266,5.095362887239043e-05,0.03572054210044091,0.00017290821600958714,7.18362636561569e-05,0.015501367326606435
2024-08-20,6.014198817724772e-05,0.038416432070285486,0.00011276622783233949,0.04785204696474157,0.0330246521305963,0.018197257296451035,9.522481461397539e-05,0.03572054210044091,6.014198817724772e-05,0.05964656558281169,0.00018293188070579516,0.13108764978369356,0.022578078497448494,0.0034506465716695857,6.515382052535169e-05,8.185992835236492e-05,0.021904106004987343,0.00019462615618470435,0.02898081717582941,0.021904106004987343,0.08424656155764362,0.0003641931506288886,6.849504209075424e-05,0.017523284803989878,6.849504209075424e-05,0.07649587789434044,0.00015035497044311915,4.7612407306987696e-05,0.03673150083913263,0.03167670714567401,0.05122190942704735,0.020556161020065057,5.5130155829143774e-05,0.00012446050331124876,0.03369862462305745,0.02527396846729309,8.603645530911818e-05,7.100095826480628e-05,6.014198817724772e-05,0.03336163837682689,6.264790435129963e-05,0.00013281355722475526,0.023589037236140212,0.020893147266295632,0.028306844683368266,5.095362887239043e-05,0.03572054210044091,0.00017290821600958714,7.18362636561569e-05,0.015501367326606435
2024-08-21,6.014198817724772e-05,0.038416432070285486,0.00011276622783233949,0.04785204696474157,0.0330246521305963,0.018197257296451035,9.522481461397539e-05,0.03572054210044091,6.014198817724772e-05,0.05964656558281169,0.00018293188070579516,0.13108764978369356,0.022578078497448494,0.0034506465716695857,6.515382052535169e-05,8.185992835236492e-05,0.021904106004987343,0.00019462615618470435,0.02898081717582941,0.021904106004987343,0.08424656155764362,0.0003641931506288886,6.849504209075424e-05,0.017523284803989878,6.849504209075424e-05,0.07649587789434044,0.00015035497044311915,4.7612407306987696e-05,0.03673150083913263,0.03167670714567401,0.05122190942704735,0.020556161020065057,5.5130155829143774e-05,0.00012446050331124876,0.03369862462305745,0.02527396846729309,8.603645530911818e-05,7.100095826480628e-05,6.014198817724772e-05,0.03336163837682689,6.264790435129963e-05,0.00013281355722475526,0.023589037236140212,0.020893147266295632,0.028306844683368266,5.095362887239043e-05,0.03572054210044091,0.00017290821600958714,7.18362636561569e-05,0.015501367326606435
2024-08-22,6.014198817724772e-05,0.038416432070285486,0.00011276622783233949,0.04785204696474157,0.0330246521305963,0.018197257296451035,9.522481461397539e-05,0.03572054210044091,6.014198817724772e-05,0.05964656558281169,0.00018293188070579516,0.13108764978369356,0.022578078497448494,0.0034506465716695857,6.515382052535169e-05,8.185992835236492e-05,0.021904106004987343,0.00019462615618470435,0.02898081717582941,0.021904106004987343,0.08424656155764362,0.0003641931506288886,6.849504209075424e-05,0.017523284803989878,6.849504209075424e-05,0.07649587789434044,0.00015035497044311915,4.7612407306987696e-05,0.03673150083913263,0.03167670714567401,0.05122190942704735,0.020556161020065057,5.5130155829143774e-05,0.00012446050331124876,0.03369862462305745,0.02527396846729309,8.603645530911818e-05,7.100095826480628e-05,6.014198817724772e-05,0.03336163837682689,6.264790435129963e-05,0.00013281355722475526,0.023589037236140212,0.020893147266295632,0.028306844683368266,5.095362887239043e-05,0.03572054210044091,0.00017290821600958714,7.18362636561569e-05,0.015501367326606435
2024-08-23,6.014198817724772e-05,0.038416432070285486,0.00011276622783233949,0.04785204696474157,0.0330246521305963,0.018197257296451035,9.522481461397539e-05,0.03572054210044091,6.014198817724772e-05,0.05964656558281169,0.00018293188070579516,0.13108764978369356,0.022578078497448494,0.0034506465716695857,6.515382052535169e-05,8.185992835236492e-05,0.021904106004987343,0.00019462615618470435,0.02898081717582941,0.021904106004987343,0.08424656155764362,0.0003641931506288886,6.849504209075424e-05,0.017523284803989878,6.849504209075424e-05,0.07649587789434044,0.00015035497044311915,4.7612407306987696e-05,0.03673150083913263,0.03167670714567401,0.05122190942704735,0.020556161020065057,5.5130155829143774e-05,0.00012446050331124876,0.03369862462305745,0.02527396846729309,8.603645530911818e-05,7.100095826480628e-05,6.014198817724772e-05,0.03336163837682689,6.264790435129963e-05,0.00013281355722475526,0.023589037236140212,0.020893147266295632,0.028306844683368266,5.095362887239043e-05,0.03572054210044091,0.00017290821600958714,7.18362636561569e-05,0.015501367326606435
2024-08-26,6.014198817724772e-05,0.038416432070285486,0.00011276622783233949,0.04785204696474157,0.0330246521305963,0.018197257296451035,9.522481461397539e-05,0.03572054210044091,6.014198817724772e-05,0.05964656558281169,0.00018293188070579516,0.13108764978369356,0.022578078497448494,0.0034506465716695857,6.515382052535169e-05,8.185992835236492e-05,0.021904106004987343,0.00019462615618470435,0.02898081717582941,0.021904106004987343,0.08424656155764362,0.0003641931506288886,6.849504209075424e-05,0.017523284803989878,6.849504209075424e-05,0.07649587789434044,0.00015035497044311915,4.7612407306987696e-05,0.03673150083913263,0.03167670714567401,0.05122190942704735,0.020556161020065057,5.5130155829143774e-05,0.00012446050331124876,0.03369862462305745,0.02527396846729309,8.603645530911818e-05,7.100095826480628e-05,6.014198817724772e-05,0.03336163837682689,6.264790435129963e-05,0.00013281355722475526,0.023589037236140212,0.020893147266295632,0.028306844683368266,5.095362887239043e-05,0.03572054210044091,0.00017290821600958714,7.18362636561569e-05,0.015501367326606435
2024-08-27,6.014198817724772e-05,0.038416432070285486,0.00011276622783233949,0.04785204696474157,0.0330246521305963,0.018197257296451035,9.522481461397539e-05,0.03572054210044091,6.014198817724772e-05,0.05964656558281169,0.00018293188070579516,0.13108764978369356,0.022578078497448494,0.0034506465716695857,6.515382052535169e-05,8.185992835236492e-05,0.021904106004987343,0.00019462615618470435,0.02898081717582941,0.021904106004987343,0.08424656155764362,0.0003641931506288886,6.849504209075424e-05,0.017523284803989878,6.849504209075424e-05,0.07649587789434044,0.00015035497044311915,4.7612407306987696e-05,0.03673150083913263,0.03167670714567401,0.05122190942704735,0.020556161020065057,5.5130155829143774e-05,0.00012446050331124876,0.03369862462305745,0.02527396846729309,8.603645530911818e-05,7.100095826480628e-05,6.014198817724772e-05,0.03336163837682689,6.264790435129963e-05,0.00013281355722475526,0.023589037236140212,0.020893147266295632,0.028306844683368266,5.095362887239043e-05,0.03572054210044091,0.00017290821600958714,7.18362636561569e-05,0.015501367326606435
2024-08-28,6.014198817724772e-05,0.038416432070285486,0.00011276622783233949,0.04785204696474157,0.0330246521305963,0.018197257296451035,9.522481461397539e-05,0.03572054210044091,6.014198817724772e-05,0.05964656558281169,0.00018293188070579516,0.13108764978369356,0.022578078497448494,0.0034506465716695857,6.515382052535169e-05,8.185992835236492e-05,0.021904106004987343,0.00019462615618470435,0.02898081717582941,0.021904106004987343,0.08424656155764362,0.0003641931506288886,6.849504209075424e-05,0.017523284803989878,6.849504209075424e-05,0.07649587789434044,0.00015035497044311915,4.7612407306987696e-05,0.03673150083913263,0.03167670714567401,0.05122190942704735,0.020556161020065057,5.5130155829143774e-05,0.00012446050331124876,0.03369862462305745,0.02527396846729309,8.603645530911818e-05,7.100095826480628e-05,6.014198817724772e-05,0.03336163837682689,6.264790435129963e-05,0.00013281355722475526,0.023589037236140212,0.020893147266295632,0.028306844683368266,5.095362887239043e-05,0.03572054210044091,0.00017290821600958714,7.18362636561569e-05,0.015501367326606435
2024-08-29,6.014198817724772e-05,0.038416432070285486,0.00011276622783233949,0.04785204696474157,0.0330246521305963,0.018197257296451035,9.522481461397539e-05,0.03572054210044091,6.014198817724772e-05,0.05964656558281169,0.00018293188070579516,0.13108764978369356,0.022578078497448494,0.0034506465716695857,6.515382052535169e-05,8.185992835236492e-05,0.021904106004987343,0.00019462615618470435,0.02898081717582941,0.021904106004987343,0.08424656155764362,0.0003641931506288886,6.849504209075424e-05,0.017523284803989878,6.849504209075424e-05,0.07649587789434044,0.00015035497044311915,4.7612407306987696e-05,0.03673150083913263,0.03167670714567401,0.05122190942704735,0.020556161020065057,5.5130155829143774e-05,0.00012446050331124876,0.03369862462305745,0.02527396846729309,8.603645530911818e-05,7.100095826480628e-05,6.014198817724772e-05,0.03336163837682689,6.264790435129963e-05,0.00013281355722475526,0.023589037236140212,0.020893147266295632,0.028306844683368266,5.095362887239043e-05,0.03572054210044091,0.00017290821600958714,7.18362636561569e-05,0.015501367326606435
2024-08-30,6.014198817724772e-05,0.038416432070285486,0.00011276622783233949,0.04785204696474157,0.0330246521305963,0.018197257296451035,9.522481461397539e-05,0.03572054210044091,6.014198817724772e-05,0.05964656558281169,0.00018293188070579516,0.13108764978369356,0.022578078497448494,0.0034506465716695857,6.515382052535169e-05,8.185992835236492e-05,0.021904106004987343,0.00019462615618470435,0.02898081717582941,0.021904106004987343,0.08424656155764362,0.0003641931506288886,6.849504209075424e-05,0.017523284803989878,6.849504209075424e-05,0.07649587789434044,0.00015035497044311915,4.7612407306987696e-05,0.03673150083913263,0.03167670714567401,0.05122190942704735,0.020556161020065057,5.5130155829143774e-05,0.00012446050331124876,0.03369862462305745,0.02527396846729309,8.603645530911818e-05,7.100095826480628e-05,6.014198817724772e-05,0.03336163837682689,6.264790435129963e-05,0.00013281355722475526,0.023589037236140212,0.020893147266295632,0.028306844683368266,5.095362887239043e-05,0.03572054210044091,0.00017290821600958714,7.18362636561569e-05,0.015501367326606435
2024-09-02,6.014198817724772e-05,0.038416432070285486,0.00011276622783233949,0.04785204696474157,0.0330246521305963,0.018197257296451035,9.522481461397539e-05,0.03572054210044091,6.014198817724772e-05,0.05964656558281169,0.00018293188070579516,0.13108764978369356,0.022578078497448494,0.0034506465716695857,6.515382052535169e-05,8.185992835236492e-05,0.021904106004987343,0.00019462615618470435,0.02898081717582941,0.021904106004987343,0.08424656155764362,0.0003641931506288886,6.849504209075424e-05,0.017523284803989878,6.849504209075424e-05,0.07649587789434044,0.00015035497044311915,4.7612407306987696e-05,0.03673150083913263,0.03167670714567401,0.05122190942704735,0.020556161020065057,5.5130155829143774e-05,0.00012446050331124876,0.03369862462305745,0.02527396846729309,8.603645530911818e-05,7.100095826480628e-05,6.014198817724772e-05,0.03336163837682689,6.264790435129963e-05,0.00013281355722475526,0.023589037236140212,0.020893147266295632,0.028306844683368266,5.095362887239043e-05,0.03572054210044091,0.00017290821600958714,7.18362636561569e-05,0.015501367326606435
2024-09-03,6.014198817724772e-05,0.038416432070285486,0.00011276622783233949,0.04785204696474157,0.0330246521305963,0.018197257296451035,9.522481461397539e-05,0.03572054210044091,6.014198817724772e-05,0.05964656558281169,0.00018293188070579516,0.13108764978369356,0.022578078497448494,0.0034506465716695857,6.515382052535169e-05,8.185992835236492e-05,0.021904106004987343,0.00019462615618470435,0.02898081717582941,0.021904106004987343,0.08424656155764362,0.0003641931506288886,6.849504209075424e-05,0.017523284803989878,6.849504209075424e-05,0.07649587789434044,0.00015035497044311915,4.7612407306987696e-05,0.03673150083913263,0.03167670714567401,0.05122190942704735,0.020556161020065057,5.5130155829143774e-05,0.00012446050331124876,0.03369862462305745,0.02527396846729309,8.603645530911818e-05,7.100095826480628e-05,6.014198817724772e-05,0.03336163837682689,6.264790435129963e-05,0.00013281355722475526,0.023589037236140212,0.020893147266295632,0.028306844683368266,5.095362887239043e-05,0.03572054210044091,0.00017290821600958714,7.18362636561569e-05,0.015501367326606435
2024-09-04,6.014198817724772e-05,0.038416432070285486,0.00011276622783233949,0.04785204696474157,0.0330246521305963,0.018197257296451035,9.522481461397539e-05,0.03572054210044091,6.014198817724772e-05,0.05964656558281169,0.00018293188070579516,0.13108764978369356,0.022578078497448494,0.0034506465716695857,6.515382052535169e-05,8.185992835236492e-05,0.021904106004987343,0.00019462615618470435,0.02898081717582941,0.021904106004987343,0.08424656155764362,0.0003641931506288886,6.849504209075424e-05,0.017523284803989878,6.849504209075424e-05,0.07649587789434044,0.00015035497044311915,4.7612407306987696e-05,0.03673150083913263,0.03167670714567401,0.05122190942704735,0.020556161020065057,5.5130155829143774e-05,0.00012446050331124876,0.03369862462305745,0.02527396846729309,8.603645530911818e-05,7.100095826480628e-05,6.014198817724772e-05,0.03336163837682689,6.264790435129963e-05,0.00013281355722475526,0.023589037236140212,0.020893147266295632,0.028306844683368266,5.095362887239043e-05,0.03572054210044091,0.00017290821600958714,7.18362636561569e-05,0.015501367326606435
2024-09-05,6.014198817724772e-05,0.038416432070285486,0.00011276622783233949,0.04785204696474157,0.0330246521305963,0.018197257296451035,9.522481461397539e-05,0.03572054210044091,6.014198817724772e-05,0.05964656558281169,0.00018293188070579516,0.13108764978369356,0.022578078497448494,0.0034506465716695857,6.515382052535169e-05,8.185992835236492e-05,0.021904106004987343,0.00019462615618470435,0.02898081717582941,0.021904106004987343,0.08424656155764362,0.0003641931506288886,6.849504209075424e-05,0.017523284803989878,6.849504209075424e-05,0.07649587789434044,0.00015035497044311915,4.7612407306987696e-05,0.03673150083913263,0.03167670714567401,0.05122190942704735,0.020556161020065057,5.5130155829143774e-05,0.00012446050331124876,0.03369862462305745,0.02527396846729309,8.603645530911818e-05,7.100095826480628e-05,6.014198817724772e-05,0.03336163837682689,6.264790435129963e-05,0.00013281355722475526,0.023589037236140212,0.020893147266295632,0.028306844683368266,5.095362887239043e-05,0.03572054210044091,0.00017290821600958714,7.18362636561569e-05,0.015501367326606435
2024-09-06,6.014198817724772e-05,0.038416432070285486,0.00011276622783233949,0.04785204696474157,0.0330246521305963,0.018197257296451035,9.522481461397539e-05,0.03572054210044091,6.014198817724772e-05,0.05964656558281169,0.00018293188070579516,0.13108764978369356,0.022578078497448494,0.0034506465716695857,6.515382052535169e-05,8.185992835236492e-05,0.021904106004987343,0.00019462615618470435,0.02898081717582941,0.021904106004987343,0.08424656155764362,0.0003641931506288886,6.849504209075424e-05,0.017523284803989878,6.849504209075424e-05,0.07649587789434044,0.00015035497044311915,4.7612407306987696e-05,0.03673150083913263,0.03167670714567401,0.05122190942704735,0.020556161020065057,5.5130155829143774e-05,0.00012446050331124876,0.03369862462305745,0.02527396846729309,8.603645530911818e-05,7.100095826480628e-05,6.014198817724772e-05,0.03336163837682689,6.264790435129963e-05,0.00013281355722475526,0.023589037236140212,0.020893147266295632,0.028306844683368266,5.095362887239043e-05,0.03572054210044091,0.00017290821600958714,7.18362636561569e-05,0.015501367326606435
2024-09-09,6.014198817724772e-05,0.038416432070285486,0.00011276622783233949,0.04785204696474157,0.0330246521305963,0.018197257296451035,9.522481461397539e-05,0.03572054210044091,6.014198817724772e-05,0.05964656558281169,0.00018293188070579516,0.13108764978369356,0.022578078497448494,0.0034506465716695857,6.515382052535169e-05,8.185992835236492e-05,0.021904106004987343,0.00019462615618470435,0.02898081717582941,0.021904106004987343,0.08424656155764362,0.0003641931506288886,6.849504209075424e-05,0.017523284803989878,6.849504209075424e-05,0.07649587789434044,0.00015035497044311915,4.7612407306987696e-05,0.03673150083913263,0.03167670714567401,0.05122190942704735,0.020556161020065057,5.5130155829143774e-05,0.00012446050331124876,0.03369862462305745,0.02527396846729309,8.603645530911818e-05,7.100095826480628e-05,6.014198817724772e-05,0.03336163837682689,6.264790435129963e-05,0.00013281355722475526,0.023589037236140212,0.020893147266295632,0.028306844683368266,5.095362887239043e-05,0.03572054210044091,0.00017290821600958714,7.18362636561569e-05,0.015501367326606435
2024-09-10,6.014198817724772e-05,0.038416432070285486,0.00011276622783233949,0.04785204696474157,0.0330246521305963,0.018197257296451035,9.522481461397539e-05,0.03572054210044091,6.014198817724772e-05,0.05964656558281169,0.00018293188070579516,0.13108764978369356,0.022578078497448494,0.0034506465716695857,6.515382052535169e-05,8.185992835236492e-05,0.021904106004987343,0.00019462615618470435,0.02898081717582941,0.021904106004987343,0.08424656155764362,0.0003641931506288886,6.849504209075424e-05,0.017523284803989878,6.849504209075424e-05,0.07649587789434044,0.00015035497044311915,4.7612407306987696e-05,0.03673150083913263,0.03167670714567401,0.05122190942704735,0.020556161020065057,5.5130155829143774e-05,0.00012446050331124876,0.03369862462305745,0.02527396846729309,8.603645530911818e-05,7.100095826480628e-05,6.014198817724772e-05,0.03336163837682689,6.264790435129963e-05,0.00013281355722475526,0.023589037236140212,0.020893147266295632,0.028306844683368266,5.095362887239043e-05,0.03572054210044091,0.00017290821600958714,7.18362636561569e-05,0.015501367326606435
2024-09-11,6.014198817724772e-05,0.038416432070285486,0.00011276622783233949,0.04785204696474157,0.0330246521305963,0.018197257296451035,9.522481461397539e-05,0.03572054210044091,6.014198817724772e-05,0.05964656558281169,0.00018293188070579516,0.13108764978369356,0.022578078497448494,0.0034506465716695857,6.515382052535169e-05,8.185992835236492e-05,0.021904106004987343,0.00019462615618470435,0.02898081717582941,0.021904106004987343,0.08424656155764362,0.0003641931506288886,6.849504209075424e-05,0.017523284803989878,6.849504209075424e-05,0.07649587789434044,0.00015035497044311915,4.7612407306987696e-05,0.03673150083913263,0.03167670714567401,0.05122190942704735,0.020556161020065057,5.5130155829143774e-05,0.00012446050331124876,0.03369862462305745,0.02527396846729309,8.603645530911818e-05,7.100095826480628e-05,6.014198817724772e-05,0.03336163837682689,6.264790435129963e-05,0.00013281355722475526,0.023589037236140212,0.020893147266295632,0.028306844683368266,5.095362887239043e-05,0.03572054210044091,0.00017290821600958714,7.18362636561569e-05,0.015501367326606435
2024-09-12,6.014198817724772e-05,0.038416432070285486,0.00011276622783233949,0.04785204696474157,0.0330246521305963,0.018197257296451035,9.522481461397539e-05,0.03572054210044091,6.014198817724772e-05,0.05964656558281169,0.00018293188070579516,0.13108764978369356,0.022578078497448494,0.0034506465716695857,6.515382052535169e-05,8.185992835236492e-05,0.021904106004987343,0.00019462615618470435,0.02898081717582941,0.021904106004987343,0.08424656155764362,0.0003641931506288886,6.849504209075424e-05,0.017523284803989878,6.849504209075424e-05,0.07649587789434044,0.00015035497044311915,4.7612407306987696e-05,0.03673150083913263,0.03167670714567401,0.05122190942704735,0.020556161020065057,5.5130155829143774e-05,0.00012446050331124876,0.03369862462305745,0.02527396846729309,8.603645530911818e-05,7.100095826480628e-05,6.014198817724772e-05,0.03336163837682689,6.264790435129963e-05,0.00013281355722475526,0.023589037236140212,0.020893147266295632,0.028306844683368266,5.095362887239043e-05,0.03572054210044091,0.00017290821600958714,7.18362636561569e-05,0.015501367326606435
2024-09-13,6.014198817724772e-05,0.038416432070285486,0.00011276622783233949,0.04785204696474157,0.0330246521305963,0.018197257296451035,9.522481461397539e-05,0.03572054210044091,6.014198817724772e-05,0.05964656558281169,0.00018293188070579516,0.13108764978369356,0.022578078497448494,0.0034506465716695857,6.515382052535169e-05,8.185992835236492e-05,0.021904106004987343,0.00019462615618470435,0.02898081717582941,0.021904106004987343,0.08424656155764362,0.0003641931506288886,6.849504209075424e-05,0.017523284803989878,6.849504209075424e-05,0.07649587789434044,0.00015035497044311915,4.7612407306987696e-05,0.03673150083913263,0.03167670714567401,0.05122190942704735,0.020556161020065057,5.5130155829143774e-05,0.00012446050331124876,0.03369862462305745,0.02527396846729309,8.603645530911818e-05,7.100095826480628e-05,6.014198817724772e-05,0.03336163837682689,6.264790435129963e-05,0.00013281355722475526,0.023589037236140212,0.020893147266295632,0.028306844683368266,5.095362887239043e-05,0.03572054210044091,0.00017290821600958714,7.18362636561569e-05,0.015501367326606435
2024-09-16,6.014198817724772e-05,0.038416432070285486,0.00011276622783233949,0.04785204696474157,0.0330246521305963,0.018197257296451035,9.522481461397539e-05,0.03572054210044091,6.014198817724772e-05,0.05964656558281169,0.00018293188070579516,0.13108764978369356,0.022578078497448494,0.0034506465716695857,6.515382052535169e-05,8.185992835236492e-05,0.021904106004987343,0.00019462615618470435,0.02898081717582941,0.021904106004987343,0.08424656155764362,0.0003641931506288886,6.849504209075424e-05,0.017523284803989878,6.849504209075424e-05,0.07649587789434044,0.00015035497044311915,4.7612407306987696e-05,0.03673150083913263,0.03167670714567401,0.05122190942704735,0.020556161020065057,5.5130155829143774e-05,0.00012446050331124876,0.03369862462305745,0.02527396846729309,8.603645530911818e-05,7.100095826480628e-05,6.014198817724772e-05,0.03336163837682689,6.264790435129963e-05,0.00013281355722475526,0.023589037236140212,0.020893147266295632,0.028306844683368266,5.095362887239043e-05,0.03572054210044091,0.00017290821600958714,7.18362636561569e-05,0.015501367326606435
2024-09-18,6.014198817724772e-05,0.038416432070285486,0.00011276622783233949,0.04785204696474157,0.0330246521305963,0.018197257296451035,9.522481461397539e-05,0.03572054210044091,6.014198817724772e-05,0.05964656558281169,0.00018293188070579516,0.13108764978369356,0.022578078497448494,0.0034506465716695857,6.515382052535169e-05,8.185992835236492e-05,0.021904106004987343,0.00019462615618470435,0.02898081717582941,0.021904106004987343,0.08424656155764362,0.0003641931506288886,6.849504209075424e-05,0.017523284803989878,6.849504209075424e-05,0.07649587789434044,0.00015035497044311915,4.7612407306987696e-05,0.03673150083913263,0.03167670714567401,0.05122190942704735,0.020556161020065057,5.5130155829143774e-05,0.00012446050331124876,0.03369862462305745,0.02527396846729309,8.603645530911818e-05,7.100095826480628e-05,6.014198817724772e-05,0.03336163837682689,6.264790435129963e-05,0.00013281355722475526,0.023589037236140212,0.020893147266295632,0.028306844683368266,5.095362887239043e-05,0.03572054210044091,0.00017290821600958714,7.18362636561569e-05,0.015501367326606435
2024-09-19,6.014198817724772e-05,0.038416432070285486,0.00011276622783233949,0.04785204696474157,0.0330246521305963,0.018197257296451035,9.522481461397539e-05,0.03572054210044091,6.014198817724772e-05,0.05964656558281169,0.00018293188070579516,0.13108764978369356,0.022578078497448494,0.0034506465716695857,6.515382052535169e-05,8.185992835236492e-05,0.021904106004987343,0.00019462615618470435,0.02898081717582941,0.021904106004987343,0.08424656155764362,0.0003641931506288886,6.849504209075424e-05,0.017523284803989878,6.849504209075424e-05,0.07649587789434044,0.00015035497044311915,4.7612407306987696e-05,0.03673150083913263,0.03167670714567401,0.05122190942704735,0.020556161020065057,5.5130155829143774e-05,0.00012446050331124876,0.03369862462305745,0.02527396846729309,8.603645530911818e-05,7.100095826480628e-05,6.014198817724772e-05,0.03336163837682689,6.264790435129963e-05,0.00013281355722475526,0.023589037236140212,0.020893147266295632,0.028306844683368266,5.095362887239043e-05,0.03572054210044091,0.00017290821600958714,7.18362636561569e-05,0.015501367326606435
2024-09-20,6.014198817724772e-05,0.038416432070285486,0.00011276622783233949,0.04785204696474157,0.0330246521305963,0.018197257296451035,9.522481461397539e-05,0.03572054210044091,6.014198817724772e-05,0.05964656558281169,0.00018293188070579516,0.13108764978369356,0.022578078497448494,0.0034506465716695857,6.515382052535169e-05,8.185992835236492e-05,0.021904106004987343,0.00019462615618470435,0.02898081717582941,0.021904106004987343,0.08424656155764362,0.0003641931506288886,6.849504209075424e-05,0.017523284803989878,6.849504209075424e-05,0.07649587789434044,0.00015035497044311915,4.7612407306987696e-05,0.03673150083913263,0.03167670714567401,0.05122190942704735,0.020556161020065057,5.5130155829143774e-05,0.00012446050331124876,0.03369862462305745,0.02527396846729309,8.603645530911818e-05,7.100095826480628e-05,6.014198817724772e-05,0.03336163837682689,6.264790435129963e-05,0.00013281355722475526,0.023589037236140212,0.020893147266295632,0.028306844683368266,5.095362887239043e-05,0.03572054210044091,0.00017290821600958714,7.18362636561569e-05,0.015501367326606435
2024-09-23,6.014198817724772e-05,0.038416432070285486,0.00011276622783233949,0.04785204696474157,0.0330246521305963,0.018197257296451035,9.522481461397539e-05,0.03572054210044091,6.014198817724772e-05,0.05964656558281169,0.00018293188070579516,0.13108764978369356,0.022578078497448494,0.0034506465716695857,6.515382052535169e-05,8.185992835236492e-05,0.021904106004987343,0.00019462615618470435,0.02898081717582941,0.021904106004987343,0.08424656155764362,0.0003641931506288886,6.849504209075424e-05,0.017523284803989878,6.849504209075424e-05,0.07649587789434044,0.00015035497044311915,4.7612407306987696e-05,0.03673150083913263,0.03167670714567401,0.05122190942704735,0.020556161020065057,5.5130155829143774e-05,0.00012446050331124876,0.03369862462305745,0.02527396846729309,8.603645530911818e-05,7.100095826480628e-05,6.014198817724772e-05,0.03336163837682689,6.264790435129963e-05,0.00013281355722475526,0.023589037236140212,0.020893147266295632,0.028306844683368266,5.095362887239043e-05,0.03572054210044091,0.00017290821600958714,7.18362636561569e-05,0.015501367326606435
2024-09-24,6.014198817724772e-05,0.038416432070285486,0.00011276622783233949,0.04785204696474157,0.0330246521305963,0.018197257296451035,9.522481461397539e-05,0.03572054210044091,6.014198817724772e-05,0.05964656558281169,0.00018293188070579516,0.13108764978369356,0.022578078497448494,0.0034506465716695857,6.515382052535169e-05,8.185992835236492e-05,0.021904106004987343,0.00019462615618470435,0.02898081717582941,0.021904106004987343,0.08424656155764362,0.0003641931506288886,6.849504209075424e-05,0.017523284803989878,6.849504209075424e-05,0.07649587789434044,0.00015035497044311915,4.7612407306987696e-05,0.03673150083913263,0.03167670714567401,0.05122190942704735,0.020556161020065057,5.5130155829143774e-05,0.00012446050331124876,0.03369862462305745,0.02527396846729309,8.603645530911818e-05,7.100095826480628e-05,6.014198817724772e-05,0.03336163837682689,6.264790435129963e-05,0.00013281355722475526,0.023589037236140212,0.020893147266295632,0.028306844683368266,5.095362887239043e-05,0.03572054210044091,0.00017290821600958714,7.18362636561569e-05,0.015501367326606435
2024-09-25,6.014198817724772e-05,0.038416432070285486,0.00011276622783233949,0.04785204696474157,0.0330246521305963,0.018197257296451035,9.522481461397539e-05,0.03572054210044091,6.014198817724772e-05,0.05964656558281169,0.00018293188070579516,0.13108764978369356,0.022578078497448494,0.0034506465716695857,6.515382052535169e-05,8.185992835236492e-05,0.021904106004987343,0.00019462615618470435,0.02898081717582941,0.021904106004987343,0.08424656155764362,0.0003641931506288886,6.849504209075424e-05,0.017523284803989878,6.849504209075424e-05,0.07649587789434044,0.00015035497044311915,4.7612407306987696e-05,0.03673150083913263,0.03167670714567401,0.05122190942704735,0.020556161020065057,5.5130155829143774e-05,0.00012446050331124876,0.03369862462305745,0.02527396846729309,8.603645530911818e-05,7.100095826480628e-05,6.014198817724772e-05,0.03336163837682689,6.264790435129963e-05,0.00013281355722475526,0.023589037236140212,0.020893147266295632,0.028306844683368266,5.095362887239043e-05,0.03572054210044091,0.00017290821600958714,7.18362636561569e-05,0.015501367326606435
2024-09-26,6.014198817724772e-05,0.038416432070285486,0.00011276622783233949,0.04785204696474157,0.0330246521305963,0.018197257296451035,9.522481461397539e-05,0.03572054210044091,6.014198817724772e-05,0.05964656558281169,0.00018293188070579516,0.13108764978369356,0.022578078497448494,0.0034506465716695857,6.515382052535169e-05,8.185992835236492e-05,0.021904106004987343,0.00019462615618470435,0.02898081717582941,0.021904106004987343,0.08424656155764362,0.0003641931506288886,6.849504209075424e-05,0.017523284803989878,6.849504209075424e-05,0.07649587789434044,0.00015035497044311915,4.7612407306987696e-05,0.03673150083913263,0.03167670714567401,0.05122190942704735,0.020556161020065057,5.5130155829143774e-05,0.00012446050331124876,0.03369862462305745,0.02527396846729309,8.603645530911818e-05,7.100095826480628e-05,6.014198817724772e-05,0.03336163837682689,6.264790435129963e-05,0.00013281355722475526,0.023589037236140212,0.020893147266295632,0.028306844683368266,5.095362887239043e-05,0.03572054210044091,0.00017290821600958714,7.18362636561569e-05,0.015501367326606435
2024-09-27,6.014198817724772e-05,0.038416432070285486,0.00011276622783233949,0.04785204696474157,0.0330246521305963,0.018197257296451035,9.522481461397539e-05,0.03572054210044091,6.014198817724772e-05,0.05964656558281169,0.00018293188070579516,0.13108764978369356,0.022578078497448494,0.0034506465716695857,6.515382052535169e-05,8.185992835236492e-05,0.021904106004987343,0.00019462615618470435,0.02898081717582941,0.021904106004987343,0.08424656155764362,0.0003641931506288886,6.849504209075424e-05,0.017523284803989878,6.849504209075424e-05,0.07649587789434044,0.00015035497044311915,4.7612407306987696e-05,0.03673150083913263,0.03167670714567401,0.05122190942704735,0.020556161020065057,5.5130155829143774e-05,0.00012446050331124876,0.03369862462305745,0.02527396846729309,8.603645530911818e-05,7.100095826480628e-05,6.014198817724772e-05,0.03336163837682689,6.264790435129963e-05,0.00013281355722475526,0.023589037236140212,0.020893147266295632,0.028306844683368266,5.095362887239043e-05,0.03572054210044091,0.00017290821600958714,7.18362636561569e-05,0.015501367326606435
2024-09-30,6.014198817724772e-05,0.038416432070285486,0.00011276622783233949,0.04785204696474157,0.0330246521305963,0.018197257296451035,9.522481461397539e-05,0.03572054210044091,6.014198817724772e-05,0.05964656558281169,0.00018293188070579516,0.13108764978369356,0.022578078497448494,0.0034506465716695857,6.515382052535169e-05,8.185992835236492e-05,0.021904106004987343,0.00019462615618470435,0.02898081717582941,0.021904106004987343,0.08424656155764362,0.0003641931506288886,6.849504209075424e-05,0.017523284803989878,6.849504209075424e-05,0.07649587789434044,0.00015035497044311915,4.7612407306987696e-05,0.03673150083913263,0.03167670714567401,0.05122190942704735,0.020556161020065057,5.5130155829143774e-05,0.00012446050331124876,0.03369862462305745,0.02527396846729309,8.603645530911818e-05,7.100095826480628e-05,6.014198817724772e-05,0.03336163837682689,6.264790435129963e-05,0.00013281355722475526,0.023589037236140212,0.020893147266295632,0.028306844683368266,5.095362887239043e-05,0.03572054210044091,0.00017290821600958714,7.18362636561569e-05,0.015501367326606435
2024-10-01,6.014198817724772e-05,0.038416432070285486,0.00011276622783233949,0.04785204696474157,0.0330246521305963,0.018197257296451035,9.522481461397539e-05,0.03572054210044091,6.014198817724772e-05,0.05964656558281169,0.00018293188070579516,0.13108764978369356,0.022578078497448494,0.0034506465716695857,6.515382052535169e-05,8.185992835236492e-05,0.021904106004987343,0.00019462615618470435,0.02898081717582941,0.021904106004987343,0.08424656155764362,0.0003641931506288886,6.849504209075424e-05,0.017523284803989878,6.849504209075424e-05,0.07649587789434044,0.00015035497044311915,4.7612407306987696e-05,0.03673150083913263,0.03167670714567401,0.05122190942704735,0.020556161020065057,5.5130155829143774e-05,0.00012446050331124876,0.03369862462305745,0.02527396846729309,8.603645530911818e-05,7.100095826480628e-05,6.014198817724772e-05,0.03336163837682689,6.264790435129963e-05,0.00013281355722475526,0.023589037236140212,0.020893147266295632,0.028306844683368266,5.095362887239043e-05,0.03572054210044091,0.00017290821600958714,7.18362636561569e-05,0.015501367326606435
2024-10-04,6.014198817724772e-05,0.038416432070285486,0.00011276622783233949,0.04785204696474157,0.0330246521305963,0.018197257296451035,9.522481461397539e-05,0.03572054210044091,6.014198817724772e-05,0.05964656558281169,0.00018293188070579516,0.13108764978369356,0.022578078497448494,0.0034506465716695857,6.515382052535169e-05,8.185992835236492e-05,0.021904106004987343,0.00019462615618470435,0.02898081717582941,0.021904106004987343,0.08424656155764362,0.0003641931506288886,6.849504209075424e-05,0.017523284803989878,6.849504209075424e-05,0.07649587789434044,0.00015035497044311915,4.7612407306987696e-05,0.03673150083913263,0.03167670714567401,0.05122190942704735,0.020556161020065057,5.5130155829143774e-05,0.00012446050331124876,0.03369862462305745,0.02527396846729309,8.603645530911818e-05,7.100095826480628e-05,6.014198817724772e-05,0.03336163837682689,6.264790435129963e-05,0.00013281355722475526,0.023589037236140212,0.020893147266295632,0.028306844683368266,5.095362887239043e-05,0.03572054210044091,0.00017290821600958714,7.18362636561569e-05,0.015501367326606435
2024-10-07,6.014198817724772e-05,0.038416432070285486,0.00011276622783233949,0.04785204696474157,0.0330246521305963,0.018197257296451035,9.522481461397539e-05,0.03572054210044091,6.014198817724772e-05,0.05964656558281169,0.00018293188070579516,0.13108764978369356,0.022578078497448494,0.0034506465716695857,6.515382052535169e-05,8.185992835236492e-05,0.021904106004987343,0.00019462615618470435,0.02898081717582941,0.021904106004987343,0.08424656155764362,0.0003641931506288886,6.849504209075424e-05,0.017523284803989878,6.849504209075424e-05,0.07649587789434044,0.00015035497044311915,4.7612407306987696e-05,0.03673150083913263,0.03167670714567401,0.05122190942704735,0.020556161020065057,5.5130155829143774e-05,0.00012446050331124876,0.03369862462305745,0.02527396846729309,8.603645530911818e-05,7.100095826480628e-05,6.014198817724772e-05,0.03336163837682689,6.264790435129963e-05,0.00013281355722475526,0.023589037236140212,0.020893147266295632,0.028306844683368266,5.095362887239043e-05,0.03572054210044091,0.00017290821600958714,7.18362636561569e-05,0.015501367326606435
2024-10-08,6.014198817724772e-05,0.038416432070285486,0.00011276622783233949,0.04785204696474157,0.0330246521305963,0.018197257296451035,9.522481461397539e-05,0.03572054210044091,6.014198817724772e-05,0.05964656558281169,0.00018293188070579516,0.13108764978369356,0.022578078497448494,0.0034506465716695857,6.515382052535169e-05,8.185992835236492e-05,0.021904106004987343,0.00019462615618470435,0.02898081717582941,0.021904106004987343,0.08424656155764362,0.0003641931506288886,6.849504209075424e-05,0.017523284803989878,6.849504209075424e-05,0.07649587789434044,0.00015035497044311915,4.7612407306987696e-05,0.03673150083913263,0.03167670714567401,0.05122190942704735,0.020556161020065057,5.5130155829143774e-05,0.00012446050331124876,0.03369862462305745,0.02527396846729309,8.603645530911818e-05,7.100095826480628e-05,6.014198817724772e-05,0.03336163837682689,6.264790435129963e-05,0.00013281355722475526,0.023589037236140212,0.020893147266295632,0.028306844683368266,5.095362887239043e-05,0.03572054210044091,0.00017290821600958714,7.18362636561569e-05,0.015501367326606435
2024-10-09,6.014198817724772e-05,0.038416432070285486,0.00011276622783233949,0.04785204696474157,0.0330246521305963,0.018197257296451035,9.522481461397539e-05,0.03572054210044091,6.014198817724772e-05,0.05964656558281169,0.00018293188070579516,0.13108764978369356,0.022578078497448494,0.0034506465716695857,6.515382052535169e-05,8.185992835236492e-05,0.021904106004987343,0.00019462615618470435,0.02898081717582941,0.021904106004987343,0.08424656155764362,0.0003641931506288886,6.849504209075424e-05,0.017523284803989878,6.849504209075424e-05,0.07649587789434044,0.00015035497044311915,4.7612407306987696e-05,0.03673150083913263,0.03167670714567401,0.05122190942704735,0.020556161020065057,5.5130155829143774e-05,0.00012446050331124876,0.03369862462305745,0.02527396846729309,8.603645530911818e-05,7.100095826480628e-05,6.014198817724772e-05,0.03336163837682689,6.264790435129963e-05,0.00013281355722475526,0.023589037236140212,0.020893147266295632,0.028306844683368266,5.095362887239043e-05,0.03572054210044091,0.00017290821600958714,7.18362636561569e-05,0.015501367326606435
2024-10-11,6.014198817724772e-05,0.038416432070285486,0.00011276622783233949,0.04785204696474157,0.0330246521305963,0.018197257296451035,9.522481461397539e-05,0.03572054210044091,6.014198817724772e-05,0.05964656558281169,0.00018293188070579516,0.13108764978369356,0.022578078497448494,0.0034506465716695857,6.515382052535169e-05,8.185992835236492e-05,0.021904106004987343,0.00019462615618470435,0.02898081717582941,0.021904106004987343,0.08424656155764362,0.0003641931506288886,6.849504209075424e-05,0.017523284803989878,6.849504209075424e-05,0.07649587789434044,0.00015035497044311915,4.7612407306987696e-05,0.03673150083913263,0.03167670714567401,0.05122190942704735,0.020556161020065057,5.5130155829143774e-05,0.00012446050331124876,0.03369862462305745,0.02527396846729309,8.603645530911818e-05,7.100095826480628e-05,6.014198817724772e-05,0.03336163837682689,6.264790435129963e-05,0.00013281355722475526,0.023589037236140212,0.020893147266295632,0.028306844683368266,5.095362887239043e-05,0.03572054210044091,0.00017290821600958714,7.18362636561569e-05,0.015501367326606435
2024-10-14,6.014198817724772e-05,0.038416432070285486,0.00011276622783233949,0.04785204696474157,0.0330246521305963,0.018197257296451035,9.522481461397539e-05,0.03572054210044091,6.014198817724772e-05,0.05964656558281169,0.00018293188070579516,0.13108764978369356,0.022578078497448494,0.0034506465716695857,6.515382052535169e-05,8.185992835236492e-05,0.021904106004987343,0.00019462615618470435,0.02898081717582941,0.021904106004987343,0.08424656155764362,0.0003641931506288886,6.849504209075424e-05,0.017523284803989878,6.849504209075424e-05,0.07649587789434044,0.00015035497044311915,4.7612407306987696e-05,0.03673150083913263,0.03167670714567401,0.05122190942704735,0.020556161020065057,5.5130155829143774e-05,0.00012446050331124876,0.03369862462305745,0.02527396846729309,8.603645530911818e-05,7.100095826480628e-05,6.014198817724772e-05,0.03336163837682689,6.264790435129963e-05,0.00013281355722475526,0.023589037236140212,0.020893147266295632,0.028306844683368266,5.095362887239043e-05,0.03572054210044091,0.00017290821600958714,7.18362636561569e-05,0.015501367326606435
2024-10-15,6.014198817724772e-05,0.038416432070285486,0.00011276622783233949,0.04785204696474157,0.0330246521305963,0.018197257296451035,9.522481461397539e-05,0.03572054210044091,6.014198817724772e-05,0.05964656558281169,0.00018293188070579516,0.13108764978369356,0.022578078497448494,0.0034506465716695857,6.515382052535169e-05,8.185992835236492e-05,0.021904106004987343,0.00019462615618470435,0.02898081717582941,0.021904106004987343,0.08424656155764362,0.0003641931506288886,6.849504209075424e-05,0.017523284803989878,6.849504209075424e-05,0.07649587789434044,0.00015035497044311915,4.7612407306987696e-05,0.03673150083913263,0.03167670714567401,0.05122190942704735,0.020556161020065057,5.5130155829143774e-05,0.00012446050331124876,0.03369862462305745,0.02527396846729309,8.603645530911818e-05,7.100095826480628e-05,6.014198817724772e-05,0.03336163837682689,6.264790435129963e-05,0.00013281355722475526,0.023589037236140212,0.020893147266295632,0.028306844683368266,5.095362887239043e-05,0.03572054210044091,0.00017290821600958714,7.18362636561569e-05,0.015501367326606435
2024-10-16,6.014198817724772e-05,0.038416432070285486,0.00011276622783233949,0.04785204696474157,0.0330246521305963,0.018197257296451035,9.522481461397539e-05,0.03572054210044091,6.014198817724772e-05,0.05964656558281169,0.00018293188070579516,0.13108764978369356,0.022578078497448494,0.0034506465716695857,6.515382052535169e-05,8.185992835236492e-05,0.021904106004987343,0.00019462615618470435,0.02898081717582941,0.021904106004987343,0.08424656155764362,0.0003641931506288886,6.849504209075424e-05,0.017523284803989878,6.849504209075424e-05,0.07649587789434044,0.00015035497044311915,4.7612407306987696e-05,0.03673150083913263,0.03167670714567401,0.05122190942704735,0.020556161020065057,5.5130155829143774e-05,0.00012446050331124876,0.03369862462305745,0.02527396846729309,8.603645530911818e-05,7.100095826480628e-05,6.014198817724772e-05,0.03336163837682689,6.264790435129963e-05,0.00013281355722475526,0.023589037236140212,0.020893147266295632,0.028306844683368266,5.095362887239043e-05,0.03572054210044091,0.00017290821600958714,7.18362636561569e-05,0.015501367326606435
2024-10-17,6.014198817724772e-05,0.038416432070285486,0.00011276622783233949,0.04785204696474157,0.0330246521305963,0.018197257296451035,9.522481461397539e-05,0.03572054210044091,6.014198817724772e-05,0.05964656558281169,0.00018293188070579516,0.13108764978369356,0.022578078497448494,0.0034506465716695857,6.515382052535169e-05,8.185992835236492e-05,0.021904106004987343,0.00019462615618470435,0.02898081717582941,0.021904106004987343,0.08424656155764362,0.0003641931506288886,6.849504209075424e-05,0.017523284803989878,6.849504209075424e-05,0.07649587789434044,0.00015035497044311915,4.7612407306987696e-05,0.03673150083913263,0.03167670714567401,0.05122190942704735,0.020556161020065057,5.5130155829143774e-05,0.00012446050331124876,0.03369862462305745,0.02527396846729309,8.603645530911818e-05,7.100095826480628e-05,6.014198817724772e-05,0.03336163837682689,6.264790435129963e-05,0.00013281355722475526,0.023589037236140212,0.020893147266295632,0.028306844683368266,5.095362887239043e-05,0.03572054210044091,0.00017290821600958714,7.18362636561569e-05,0.015501367326606435
2024-10-18,6.014198817724772e-05,0.038416432070285486,0.00011276622783233949,0.04785204696474157,0.0330246521305963,0.018197257296451035,9.522481461397539e-05,0.03572054210044091,6.014198817724772e-05,0.05964656558281169,0.00018293188070579516,0.13108764978369356,0.022578078497448494,0.0034506465716695857,6.515382052535169e-05,8.185992835236492e-05,0.021904106004987343,0.00019462615618470435,0.02898081717582941,0.021904106004987343,0.08424656155764362,0.0003641931506288886,6.849504209075424e-05,0.017523284803989878,6.849504209075424e-05,0.07649587789434044,0.00015035497044311915,4.7612407306987696e-05,0.03673150083913263,0.03167670714567401,0.05122190942704735,0.020556161020065057,5.5130155829143774e-05,0.00012446050331124876,0.03369862462305745,0.02527396846729309,8.603645530911818e-05,7.100095826480628e-05,6.014198817724772e-05,0.03336163837682689,6.264790435129963e-05,0.00013281355722475526,0.023589037236140212,0.020893147266295632,0.028306844683368266,5.095362887239043e-05,0.03572054210044091,0.00017290821600958714,7.18362636561569e-05,0.015501367326606435
2024-10-21,6.014198817724772e-05,0.038416432070285486,0.00011276622783233949,0.04785204696474157,0.0330246521305963,0.018197257296451035,9.522481461397539e-05,0.03572054210044091,6.014198817724772e-05,0.05964656558281169,0.00018293188070579516,0.13108764978369356,0.022578078497448494,0.0034506465716695857,6.515382052535169e-05,8.185992835236492e-05,0.021904106004987343,0.00019462615618470435,0.02898081717582941,0.021904106004987343,0.08424656155764362,0.0003641931506288886,6.849504209075424e-05,0.017523284803989878,6.849504209075424e-05,0.07649587789434044,0.00015035497044311915,4.7612407306987696e-05,0.03673150083913263,0.03167670714567401,0.05122190942704735,0.020556161020065057,5.5130155829143774e-05,0.00012446050331124876,0.03369862462305745,0.02527396846729309,8.603645530911818e-05,7.100095826480628e-05,6.014198817724772e-05,0.03336163837682689,6.264790435129963e-05,0.00013281355722475526,0.023589037236140212,0.020893147266295632,0.028306844683368266,5.095362887239043e-05,0.03572054210044091,0.00017290821600958714,7.18362636561569e-05,0.015501367326606435
2024-10-22,6.014198817724772e-05,0.038416432070285486,0.00011276622783233949,0.04785204696474157,0.0330246521305963,0.018197257296451035,9.522481461397539e-05,0.03572054210044091,6.014198817724772e-05,0.05964656558281169,0.00018293188070579516,0.13108764978369356,0.022578078497448494,0.0034506465716695857,6.515382052535169e-05,8.185992835236492e-05,0.021904106004987343,0.00019462615618470435,0.02898081717582941,0.021904106004987343,0.08424656155764362,0.0003641931506288886,6.849504209075424e-05,0.017523284803989878,6.849504209075424e-05,0.07649587789434044,0.00015035497044311915,4.7612407306987696e-05,0.03673150083913263,0.03167670714567401,0.05122190942704735,0.020556161020065057,5.5130155829143774e-05,0.00012446050331124876,0.03369862462305745,0.02527396846729309,8.603645530911818e-05,7.100095826480628e-05,6.014198817724772e-05,0.03336163837682689,6.264790435129963e-05,0.00013281355722475526,0.023589037236140212,0.020893147266295632,0.028306844683368266,5.095362887239043e-05,0.03572054210044091,0.00017290821600958714,7.18362636561569e-05,0.015501367326606435
2024-10-23,6.014198817724772e-05,0.038416432070285486,0.00011276622783233949,0.04785204696474157,0.0330246521305963,0.018197257296451035,9.522481461397539e-05,0.03572054210044091,6.014198817724772e-05,0.05964656558281169,0.00018293188070579516,0.13108764978369356,0.022578078497448494,0.0034506465716695857,6.515382052535169e-05,8.185992835236492e-05,0.021904106004987343,0.00019462615618470435,0.02898081717582941,0.021904106004987343,0.08424656155764362,0.0003641931506288886,6.849504209075424e-05,0.017523284803989878,6.849504209075424e-05,0.07649587789434044,0.00015035497044311915,4.7612407306987696e-05,0.03673150083913263,0.03167670714567401,0.05122190942704735,0.020556161020065057,5.5130155829143774e-05,0.00012446050331124876,0.03369862462305745,0.02527396846729309,8.603645530911818e-05,7.100095826480628e-05,6.014198817724772e-05,0.03336163837682689,6.264790435129963e-05,0.00013281355722475526,0.023589037236140212,0.020893147266295632,0.028306844683368266,5.095362887239043e-05,0.03572054210044091,0.00017290821600958714,7.18362636561569e-05,0.015501367326606435
2024-10-24,6.014198817724772e-05,0.038416432070285486,0.00011276622783233949,0.04785204696474157,0.0330246521305963,0.018197257296451035,9.522481461397539e-05,0.03572054210044091,6.014198817724772e-05,0.05964656558281169,0.00018293188070579516,0.13108764978369356,0.022578078497448494,0.0034506465716695857,6.515382052535169e-05,8.185992835236492e-05,0.021904106004987343,0.00019462615618470435,0.02898081717582941,0.021904106004987343,0.08424656155764362,0.0003641931506288886,6.849504209075424e-05,0.017523284803989878,6.849504209075424e-05,0.07649587789434044,0.00015035497044311915,4.7612407306987696e-05,0.03673150083913263,0.03167670714567401,0.05122190942704735,0.020556161020065057,5.5130155829143774e-05,0.00012446050331124876,0.03369862462305745,0.02527396846729309,8.603645530911818e-05,7.100095826480628e-05,6.014198817724772e-05,0.03336163837682689,6.264790435129963e-05,0.00013281355722475526,0.023589037236140212,0.020893147266295632,0.028306844683368266,5.095362887239043e-05,0.03572054210044091,0.00017290821600958714,7.18362636561569e-05,0.015501367326606435
2024-10-25,6.014198817724772e-05,0.038416432070285486,0.00011276622783233949,0.04785204696474157,0.0330246521305963,0.018197257296451035,9.522481461397539e-05,0.03572054210044091,6.014198817724772e-05,0.05964656558281169,0.00018293188070579516,0.13108764978369356,0.022578078497448494,0.0034506465716695857,6.515382052535169e-05,8.185992835236492e-05,0.021904106004987343,0.00019462615618470435,0.02898081717582941,0.021904106004987343,0.08424656155764362,0.0003641931506288886,6.849504209075424e-05,0.017523284803989878,6.849504209075424e-05,0.07649587789434044,0.00015035497044311915,4.7612407306987696e-05,0.03673150083913263,0.03167670714567401,0.05122190942704735,0.020556161020065057,5.5130155829143774e-05,0.00012446050331124876,0.03369862462305745,0.02527396846729309,8.603645530911818e-05,7.100095826480628e-05,6.014198817724772e-05,0.03336163837682689,6.264790435129963e-05,0.00013281355722475526,0.023589037236140212,0.020893147266295632,0.028306844683368266,5.095362887239043e-05,0.03572054210044091,0.00017290821600958714,7.18362636561569e-05,0.015501367326606435
2024-10-28,6.014198817724772e-05,0.038416432070285486,0.00011276622783233949,0.04785204696474157,0.0330246521305963,0.018197257296451035,9.522481461397539e-05,0.03572054210044091,6.014198817724772e-05,0.05964656558281169,0.00018293188070579516,0.13108764978369356,0.022578078497448494,0.0034506465716695857,6.515382052535169e-05,8.185992835236492e-05,0.021904106004987343,0.00019462615618470435,0.02898081717582941,0.021904106004987343,0.08424656155764362,0.0003641931506288886,6.849504209075424e-05,0.017523284803989878,6.849504209075424e-05,0.07649587789434044,0.00015035497044311915,4.7612407306987696e-05,0.03673150083913263,0.03167670714567401,0.05122190942704735,0.020556161020065057,5.5130155829143774e-05,0.00012446050331124876,0.03369862462305745,0.02527396846729309,8.603645530911818e-05,7.100095826480628e-05,6.014198817724772e-05,0.03336163837682689,6.264790435129963e-05,0.00013281355722475526,0.023589037236140212,0.020893147266295632,0.028306844683368266,5.095362887239043e-05,0.03572054210044091,0.00017290821600958714,7.18362636561569e-05,0.015501367326606435
2024-10-29,6.014198817724772e-05,0.038416432070285486,0.00011276622783233949,0.04785204696474157,0.0330246521305963,0.018197257296451035,9.522481461397539e-05,0.03572054210044091,6.014198817724772e-05,0.05964656558281169,0.00018293188070579516,0.13108764978369356,0.022578078497448494,0.0034506465716695857,6.515382052535169e-05,8.185992835236492e-05,0.021904106004987343,0.00019462615618470435,0.02898081717582941,0.021904106004987343,0.08424656155764362,0.0003641931506288886,6.849504209075424e-05,0.017523284803989878,6.849504209075424e-05,0.07649587789434044,0.00015035497044311915,4.7612407306987696e-05,0.03673150083913263,0.03167670714567401,0.05122190942704735,0.020556161020065057,5.5130155829143774e-05,0.00012446050331124876,0.03369862462305745,0.02527396846729309,8.603645530911818e-05,7.100095826480628e-05,6.014198817724772e-05,0.03336163837682689,6.264790435129963e-05,0.00013281355722475526,0.023589037236140212,0.020893147266295632,0.028306844683368266,5.095362887239043e-05,0.03572054210044091,0.00017290821600958714,7.18362636561569e-05,0.015501367326606435
2024-10-30,6.014198817724772e-05,0.038416432070285486,0.00011276622783233949,0.04785204696474157,0.0330246521305963,0.018197257296451035,9.522481461397539e-05,0.03572054210044091,6.014198817724772e-05,0.05964656558281169,0.00018293188070579516,0.13108764978369356,0.022578078497448494,0.0034506465716695857,6.515382052535169e-05,8.185992835236492e-05,0.021904106004987343,0.00019462615618470435,0.02898081717582941,0.021904106004987343,0.08424656155764362,0.0003641931506288886,6.849504209075424e-05,0.017523284803989878,6.849504209075424e-05,0.07649587789434044,0.00015035497044311915,4.7612407306987696e-05,0.03673150083913263,0.03167670714567401,0.05122190942704735,0.020556161020065057,5.5130155829143774e-05,0.00012446050331124876,0.03369862462305745,0.02527396846729309,8.603645530911818e-05,7.100095826480628e-05,6.014198817724772e-05,0.03336163837682689,6.264790435129963e-05,0.00013281355722475526,0.023589037236140212,0.020893147266295632,0.028306844683368266,5.095362887239043e-05,0.03572054210044091,0.00017290821600958714,7.18362636561569e-05,0.015501367326606435
2024-11-01,6.014198817724772e-05,0.038416432070285486,0.00011276622783233949,0.04785204696474157,0.0330246521305963,0.018197257296451035,9.522481461397539e-05,0.03572054210044091,6.014198817724772e-05,0.05964656558281169,0.00018293188070579516,0.13108764978369356,0.022578078497448494,0.0034506465716695857,6.515382052535169e-05,8.185992835236492e-05,0.021904106004987343,0.00019462615618470435,0.02898081717582941,0.021904106004987343,0.08424656155764362,0.0003641931506288886,6.849504209075424e-05,0.017523284803989878,6.849504209075424e-05,0.07649587789434044,0.00015035497044311915,4.7612407306987696e-05,0.03673150083913263,0.03167670714567401,0.05122190942704735,0.020556161020065057,5.5130155829143774e-05,0.00012446050331124876,0.03369862462305745,0.02527396846729309,8.603645530911818e-05,7.100095826480628e-05,6.014198817724772e-05,0.03336163837682689,6.264790435129963e-05,0.00013281355722475526,0.023589037236140212,0.020893147266295632,0.028306844683368266,5.095362887239043e-05,0.03572054210044091,0.00017290821600958714,7.18362636561569e-05,0.015501367326606435
2024-11-04,6.014198817724772e-05,0.038416432070285486,0.00011276622783233949,0.04785204696474157,0.0330246521305963,0.018197257296451035,9.522481461397539e-05,0.03572054210044091,6.014198817724772e-05,0.05964656558281169,0.00018293188070579516,0.13108764978369356,0.022578078497448494,0.0034506465716695857,6.515382052535169e-05,8.185992835236492e-05,0.021904106004987343,0.00019462615618470435,0.02898081717582941,0.021904106004987343,0.08424656155764362,0.0003641931506288886,6.849504209075424e-05,0.017523284803989878,6.849504209075424e-05,0.07649587789434044,0.00015035497044311915,4.7612407306987696e-05,0.03673150083913263,0.03167670714567401,0.05122190942704735,0.020556161020065057,5.5130155829143774e-05,0.00012446050331124876,0.03369862462305745,0.02527396846729309,8.603645530911818e-05,7.100095826480628e-05,6.014198817724772e-05,0.03336163837682689,6.264790435129963e-05,0.00013281355722475526,0.023589037236140212,0.020893147266295632,0.028306844683368266,5.095362887239043e-05,0.03572054210044091,0.00017290821600958714,7.18362636561569e-05,0.015501367326606435
2024-11-05,6.014198817724772e-05,0.038416432070285486,0.00011276622783233949,0.04785204696474157,0.0330246521305963,0.018197257296451035,9.522481461397539e-05,0.03572054210044091,6.014198817724772e-05,0.05964656558281169,0.00018293188070579516,0.13108764978369356,0.022578078497448494,0.0034506465716695857,6.515382052535169e-05,8.185992835236492e-05,0.021904106004987343,0.00019462615618470435,0.02898081717582941,0.021904106004987343,0.08424656155764362,0.0003641931506288886,6.849504209075424e-05,0.017523284803989878,6.849504209075424e-05,0.07649587789434044,0.00015035497044311915,4.7612407306987696e-05,0.03673150083913263,0.03167670714567401,0.05122190942704735,0.020556161020065057,5.5130155829143774e-05,0.00012446050331124876,0.03369862462305745,0.02527396846729309,8.603645530911818e-05,7.100095826480628e-05,6.014198817724772e-05,0.03336163837682689,6.264790435129963e-05,0.00013281355722475526,0.023589037236140212,0.020893147266295632,0.028306844683368266,5.095362887239043e-05,0.03572054210044091,0.00017290821600958714,7.18362636561569e-05,0.015501367326606435
2024-11-06,6.014198817724772e-05,0.038416432070285486,0.00011276622783233949,0.04785204696474157,0.0330246521305963,0.018197257296451035,9.522481461397539e-05,0.03572054210044091,6.014198817724772e-05,0.05964656558281169,0.00018293188070579516,0.13108764978369356,0.022578078497448494,0.0034506465716695857,6.515382052535169e-05,8.185992835236492e-05,0.021904106004987343,0.00019462615618470435,0.02898081717582941,0.021904106004987343,0.08424656155764362,0.0003641931506288886,6.849504209075424e-05,0.017523284803989878,6.849504209075424e-05,0.07649587789434044,0.00015035497044311915,4.7612407306987696e-05,0.03673150083913263,0.03167670714567401,0.05122190942704735,0.020556161020065057,5.5130155829143774e-05,0.00012446050331124876,0.03369862462305745,0.02527396846729309,8.603645530911818e-05,7.100095826480628e-05,6.014198817724772e-05,0.03336163837682689,6.264790435129963e-05,0.00013281355722475526,0.023589037236140212,0.020893147266295632,0.028306844683368266,5.095362887239043e-05,0.03572054210044091,0.00017290821600958714,7.18362636561569e-05,0.015501367326606435
2024-11-07,6.014198817724772e-05,0.038416432070285486,0.00011276622783233949,0.04785204696474157,0.0330246521305963,0.018197257296451035,9.522481461397539e-05,0.03572054210044091,6.014198817724772e-05,0.05964656558281169,0.00018293188070579516,0.13108764978369356,0.022578078497448494,0.0034506465716695857,6.515382052535169e-05,8.185992835236492e-05,0.021904106004987343,0.00019462615618470435,0.02898081717582941,0.021904106004987343,0.08424656155764362,0.0003641931506288886,6.849504209075424e-05,0.017523284803989878,6.849504209075424e-05,0.07649587789434044,0.00015035497044311915,4.7612407306987696e-05,0.03673150083913263,0.03167670714567401,0.05122190942704735,0.020556161020065057,5.5130155829143774e-05,0.00012446050331124876,0.03369862462305745,0.02527396846729309,8.603645530911818e-05,7.100095826480628e-05,6.014198817724772e-05,0.03336163837682689,6.264790435129963e-05,0.00013281355722475526,0.023589037236140212,0.020893147266295632,0.028306844683368266,5.095362887239043e-05,0.03572054210044091,0.00017290821600958714,7.18362636561569e-05,0.015501367326606435
2024-11-08,6.014198817724772e-05,0.038416432070285486,0.00011276622783233949,0.04785204696474157,0.0330246521305963,0.018197257296451035,9.522481461397539e-05,0.03572054210044091,6.014198817724772e-05,0.05964656558281169,0.00018293188070579516,0.13108764978369356,0.022578078497448494,0.0034506465716695857,6.515382052535169e-05,8.185992835236492e-05,0.021904106004987343,0.00019462615618470435,0.02898081717582941,0.021904106004987343,0.08424656155764362,0.0003641931506288886,6.849504209075424e-05,0.017523284803989878,6.849504209075424e-05,0.07649587789434044,0.00015035497044311915,4.7612407306987696e-05,0.03673150083913263,0.03167670714567401,0.05122190942704735,0.020556161020065057,5.5130155829143774e-05,0.00012446050331124876,0.03369862462305745,0.02527396846729309,8.603645530911818e-05,7.100095826480628e-05,6.014198817724772e-05,0.03336163837682689,6.264790435129963e-05,0.00013281355722475526,0.023589037236140212,0.020893147266295632,0.028306844683368266,5.095362887239043e-05,0.03572054210044091,0.00017290821600958714,7.18362636561569e-05,0.015501367326606435
2024-11-11,6.014198817724772e-05,0.038416432070285486,0.00011276622783233949,0.04785204696474157,0.0330246521305963,0.018197257296451035,9.522481461397539e-05,0.03572054210044091,6.014198817724772e-05,0.05964656558281169,0.00018293188070579516,0.13108764978369356,0.022578078497448494,0.0034506465716695857,6.515382052535169e-05,8.185992835236492e-05,0.021904106004987343,0.00019462615618470435,0.02898081717582941,0.021904106004987343,0.08424656155764362,0.0003641931506288886,6.849504209075424e-05,0.017523284803989878,6.849504209075424e-05,0.07649587789434044,0.00015035497044311915,4.7612407306987696e-05,0.03673150083913263,0.03167670714567401,0.05122190942704735,0.020556161020065057,5.5130155829143774e-05,0.00012446050331124876,0.03369862462305745,0.02527396846729309,8.603645530911818e-05,7.100095826480628e-05,6.014198817724772e-05,0.03336163837682689,6.264790435129963e-05,0.00013281355722475526,0.023589037236140212,0.020893147266295632,0.028306844683368266,5.095362887239043e-05,0.03572054210044091,0.00017290821600958714,7.18362636561569e-05,0.015501367326606435
2024-11-12,6.014198817724772e-05,0.038416432070285486,0.00011276622783233949,0.04785204696474157,0.0330246521305963,0.018197257296451035,9.522481461397539e-05,0.03572054210044091,6.014198817724772e-05,0.05964656558281169,0.00018293188070579516,0.13108764978369356,0.022578078497448494,0.0034506465716695857,6.515382052535169e-05,8.185992835236492e-05,0.021904106004987343,0.00019462615618470435,0.02898081717582941,0.021904106004987343,0.08424656155764362,0.0003641931506288886,6.849504209075424e-05,0.017523284803989878,6.849504209075424e-05,0.07649587789434044,0.00015035497044311915,4.7612407306987696e-05,0.03673150083913263,0.03167670714567401,0.05122190942704735,0.020556161020065057,5.5130155829143774e-05,0.00012446050331124876,0.03369862462305745,0.02527396846729309,8.603645530911818e-05,7.100095826480628e-05,6.014198817724772e-05,0.03336163837682689,6.264790435129963e-05,0.00013281355722475526,0.023589037236140212,0.020893147266295632,0.028306844683368266,5.095362887239043e-05,0.03572054210044091,0.00017290821600958714,7.18362636561569e-05,0.015501367326606435
2024-11-13,6.014198817724772e-05,0.038416432070285486,0.00011276622783233949,0.04785204696474157,0.0330246521305963,0.018197257296451035,9.522481461397539e-05,0.03572054210044091,6.014198817724772e-05,0.05964656558281169,0.00018293188070579516,0.13108764978369356,0.022578078497448494,0.0034506465716695857,6.515382052535169e-05,8.185992835236492e-05,0.021904106004987343,0.00019462615618470435,0.02898081717582941,0.021904106004987343,0.08424656155764362,0.0003641931506288886,6.849504209075424e-05,0.017523284803989878,6.849504209075424e-05,0.07649587789434044,0.00015035497044311915,4.7612407306987696e-05,0.03673150083913263,0.03167670714567401,0.05122190942704735,0.020556161020065057,5.5130155829143774e-05,0.00012446050331124876,0.03369862462305745,0.02527396846729309,8.603645530911818e-05,7.100095826480628e-05,6.014198817724772e-05,0.03336163837682689,6.264790435129963e-05,0.00013281355722475526,0.023589037236140212,0.020893147266295632,0.028306844683368266,5.095362887239043e-05,0.03572054210044091,0.00017290821600958714,7.18362636561569e-05,0.015501367326606435
2024-11-14,6.014198817724772e-05,0.038416432070285486,0.00011276622783233949,0.04785204696474157,0.0330246521305963,0.018197257296451035,9.522481461397539e-05,0.03572054210044091,6.014198817724772e-05,0.05964656558281169,0.00018293188070579516,0.13108764978369356,0.022578078497448494,0.0034506465716695857,6.515382052535169e-05,8.185992835236492e-05,0.021904106004987343,0.00019462615618470435,0.02898081717582941,0.021904106004987343,0.08424656155764362,0.0003641931506288886,6.849504209075424e-05,0.017523284803989878,6.849504209075424e-05,0.07649587789434044,0.00015035497044311915,4.7612407306987696e-05,0.03673150083913263,0.03167670714567401,0.05122190942704735,0.020556161020065057,5.5130155829143774e-05,0.00012446050331124876,0.03369862462305745,0.02527396846729309,8.603645530911818e-05,7.100095826480628e-05,6.014198817724772e-05,0.03336163837682689,6.264790435129963e-05,0.00013281355722475526,0.023589037236140212,0.020893147266295632,0.028306844683368266,5.095362887239043e-05,0.03572054210044091,0.00017290821600958714,7.18362636561569e-05,0.015501367326606435
2024-11-15,6.014198817724772e-05,0.038416432070285486,0.00011276622783233949,0.04785204696474157,0.0330246521305963,0.018197257296451035,9.522481461397539e-05,0.03572054210044091,6.014198817724772e-05,0.05964656558281169,0.00018293188070579516,0.13108764978369356,0.022578078497448494,0.0034506465716695857,6.515382052535169e-05,8.185992835236492e-05,0.021904106004987343,0.00019462615618470435,0.02898081717582941,0.021904106004987343,0.08424656155764362,0.0003641931506288886,6.849504209075424e-05,0.017523284803989878,6.849504209075424e-05,0.07649587789434044,0.00015035497044311915,4.7612407306987696e-05,0.03673150083913263,0.03167670714567401,0.05122190942704735,0.020556161020065057,5.5130155829143774e-05,0.00012446050331124876,0.03369862462305745,0.02527396846729309,8.603645530911818e-05,7.100095826480628e-05,6.014198817724772e-05,0.03336163837682689,6.264790435129963e-05,0.00013281355722475526,0.023589037236140212,0.020893147266295632,0.028306844683368266,5.095362887239043e-05,0.03572054210044091,0.00017290821600958714,7.18362636561569e-05,0.015501367326606435
2024-11-18,6.014198817724772e-05,0.038416432070285486,0.00011276622783233949,0.04785204696474157,0.0330246521305963,0.018197257296451035,9.522481461397539e-05,0.03572054210044091,6.014198817724772e-05,0.05964656558281169,0.00018293188070579516,0.13108764978369356,0.022578078497448494,0.0034506465716695857,6.515382052535169e-05,8.185992835236492e-05,0.021904106004987343,0.00019462615618470435,0.02898081717582941,0.021904106004987343,0.08424656155764362,0.0003641931506288886,6.849504209075424e-05,0.017523284803989878,6.849504209075424e-05,0.07649587789434044,0.00015035497044311915,4.7612407306987696e-05,0.03673150083913263,0.03167670714567401,0.05122190942704735,0.020556161020065057,5.5130155829143774e-05,0.00012446050331124876,0.03369862462305745,0.02527396846729309,8.603645530911818e-05,7.100095826480628e-05,6.014198817724772e-05,0.03336163837682689,6.264790435129963e-05,0.00013281355722475526,0.023589037236140212,0.020893147266295632,0.028306844683368266,5.095362887239043e-05,0.03572054210044091,0.00017290821600958714,7.18362636561569e-05,0.015501367326606435
2024-11-19,6.014198817724772e-05,0.038416432070285486,0.00011276622783233949,0.04785204696474157,0.0330246521305963,0.018197257296451035,9.522481461397539e-05,0.03572054210044091,6.014198817724772e-05,0.05964656558281169,0.00018293188070579516,0.13108764978369356,0.022578078497448494,0.0034506465716695857,6.515382052535169e-05,8.185992835236492e-05,0.021904106004987343,0.00019462615618470435,0.02898081717582941,0.021904106004987343,0.08424656155764362,0.0003641931506288886,6.849504209075424e-05,0.017523284803989878,6.849504209075424e-05,0.07649587789434044,0.00015035497044311915,4.7612407306987696e-05,0.03673150083913263,0.03167670714567401,0.05122190942704735,0.020556161020065057,5.5130155829143774e-05,0.00012446050331124876,0.03369862462305745,0.02527396846729309,8.603645530911818e-05,7.100095826480628e-05,6.014198817724772e-05,0.03336163837682689,6.264790435129963e-05,0.00013281355722475526,0.023589037236140212,0.020893147266295632,0.028306844683368266,5.095362887239043e-05,0.03572054210044091,0.00017290821600958714,7.18362636561569e-05,0.015501367326606435
2024-11-20,6.014198817724772e-05,0.038416432070285486,0.00011276622783233949,0.04785204696474157,0.0330246521305963,0.018197257296451035,9.522481461397539e-05,0.03572054210044091,6.014198817724772e-05,0.05964656558281169,0.00018293188070579516,0.13108764978369356,0.022578078497448494,0.0034506465716695857,6.515382052535169e-05,8.185992835236492e-05,0.021904106004987343,0.00019462615618470435,0.02898081717582941,0.021904106004987343,0.08424656155764362,0.0003641931506288886,6.849504209075424e-05,0.017523284803989878,6.849504209075424e-05,0.07649587789434044,0.00015035497044311915,4.7612407306987696e-05,0.03673150083913263,0.03167670714567401,0.05122190942704735,0.020556161020065057,5.5130155829143774e-05,0.00012446050331124876,0.03369862462305745,0.02527396846729309,8.603645530911818e-05,7.100095826480628e-05,6.014198817724772e-05,0.03336163837682689,6.264790435129963e-05,0.00013281355722475526,0.023589037236140212,0.020893147266295632,0.028306844683368266,5.095362887239043e-05,0.03572054210044091,0.00017290821600958714,7.18362636561569e-05,0.015501367326606435
2024-11-21,6.014198817724772e-05,0.038416432070285486,0.00011276622783233949,0.04785204696474157,0.0330246521305963,0.018197257296451035,9.522481461397539e-05,0.03572054210044091,6.014198817724772e-05,0.05964656558281169,0.00018293188070579516,0.13108764978369356,0.022578078497448494,0.0034506465716695857,6.515382052535169e-05,8.185992835236492e-05,0.021904106004987343,0.00019462615618470435,0.02898081717582941,0.021904106004987343,0.08424656155764362,0.0003641931506288886,6.849504209075424e-05,0.017523284803989878,6.849504209075424e-05,0.07649587789434044,0.00015035497044311915,4.7612407306987696e-05,0.03673150083913263,0.03167670714567401,0.05122190942704735,0.020556161020065057,5.5130155829143774e-05,0.00012446050331124876,0.03369862462305745,0.02527396846729309,8.603645530911818e-05,7.100095826480628e-05,6.014198817724772e-05,0.03336163837682689,6.264790435129963e-05,0.00013281355722475526,0.023589037236140212,0.020893147266295632,0.028306844683368266,5.095362887239043e-05,0.03572054210044091,0.00017290821600958714,7.18362636561569e-05,0.015501367326606435
2024-11-22,6.014198817724772e-05,0.038416432070285486,0.00011276622783233949,0.04785204696474157,0.0330246521305963,0.018197257296451035,9.522481461397539e-05,0.03572054210044091,6.014198817724772e-05,0.05964656558281169,0.00018293188070579516,0.13108764978369356,0.022578078497448494,0.0034506465716695857,6.515382052535169e-05,8.185992835236492e-05,0.021904106004987343,0.00019462615618470435,0.02898081717582941,0.021904106004987343,0.08424656155764362,0.0003641931506288886,6.849504209075424e-05,0.017523284803989878,6.849504209075424e-05,0.07649587789434044,0.00015035497044311915,4.7612407306987696e-05,0.03673150083913263,0.03167670714567401,0.05122190942704735,0.020556161020065057,5.5130155829143774e-05,0.00012446050331124876,0.03369862462305745,0.02527396846729309,8.603645530911818e-05,7.100095826480628e-05,6.014198817724772e-05,0.03336163837682689,6.264790435129963e-05,0.00013281355722475526,0.023589037236140212,0.020893147266295632,0.028306844683368266,5.095362887239043e-05,0.03572054210044091,0.00017290821600958714,7.18362636561569e-05,0.015501367326606435
2024-11-25,6.014198817724772e-05,0.038416432070285486,0.00011276622783233949,0.04785204696474157,0.0330246521305963,0.018197257296451035,9.522481461397539e-05,0.03572054210044091,6.014198817724772e-05,0.05964656558281169,0.00018293188070579516,0.13108764978369356,0.022578078497448494,0.0034506465716695857,6.515382052535169e-05,8.185992835236492e-05,0.021904106004987343,0.00019462615618470435,0.02898081717582941,0.021904106004987343,0.08424656155764362,0.0003641931506288886,6.849504209075424e-05,0.017523284803989878,6.849504209075424e-05,0.07649587789434044,0.00015035497044311915,4.7612407306987696e-05,0.03673150083913263,0.03167670714567401,0.05122190942704735,0.020556161020065057,5.5130155829143774e-05,0.00012446050331124876,0.03369862462305745,0.02527396846729309,8.603645530911818e-05,7.100095826480628e-05,6.014198817724772e-05,0.03336163837682689,6.264790435129963e-05,0.00013281355722475526,0.023589037236140212,0.020893147266295632,0.028306844683368266,5.095362887239043e-05,0.03572054210044091,0.00017290821600958714,7.18362636561569e-05,0.015501367326606435
2024-11-26,6.014198817724772e-05,0.038416432070285486,0.00011276622783233949,0.04785204696474157,0.0330246521305963,0.018197257296451035,9.522481461397539e-05,0.03572054210044091,6.014198817724772e-05,0.05964656558281169,0.00018293188070579516,0.13108764978369356,0.022578078497448494,0.0034506465716695857,6.515382052535169e-05,8.185992835236492e-05,0.021904106004987343,0.00019462615618470435,0.02898081717582941,0.021904106004987343,0.08424656155764362,0.0003641931506288886,6.849504209075424e-05,0.017523284803989878,6.849504209075424e-05,0.07649587789434044,0.00015035497044311915,4.7612407306987696e-05,0.03673150083913263,0.03167670714567401,0.05122190942704735,0.020556161020065057,5.5130155829143774e-05,0.00012446050331124876,0.03369862462305745,0.02527396846729309,8.603645530911818e-05,7.100095826480628e-05,6.014198817724772e-05,0.03336163837682689,6.264790435129963e-05,0.00013281355722475526,0.023589037236140212,0.020893147266295632,0.028306844683368266,5.095362887239043e-05,0.03572054210044091,0.00017290821600958714,7.18362636561569e-05,0.015501367326606435
2024-11-27,6.014198817724772e-05,0.038416432070285486,0.00011276622783233949,0.04785204696474157,0.0330246521305963,0.018197257296451035,9.522481461397539e-05,0.03572054210044091,6.014198817724772e-05,0.05964656558281169,0.00018293188070579516,0.13108764978369356,0.022578078497448494,0.0034506465716695857,6.515382052535169e-05,8.185992835236492e-05,0.021904106004987343,0.00019462615618470435,0.02898081717582941,0.021904106004987343,0.08424656155764362,0.0003641931506288886,6.849504209075424e-05,0.017523284803989878,6.849504209075424e-05,0.07649587789434044,0.00015035497044311915,4.7612407306987696e-05,0.03673150083913263,0.03167670714567401,0.05122190942704735,0.020556161020065057,5.5130155829143774e-05,0.00012446050331124876,0.03369862462305745,0.02527396846729309,8.603645530911818e-05,7.100095826480628e-05,6.014198817724772e-05,0.03336163837682689,6.264790435129963e-05,0.00013281355722475526,0.023589037236140212,0.020893147266295632,0.028306844683368266,5.095362887239043e-05,0.03572054210044091,0.00017290821600958714,7.18362636561569e-05,0.015501367326606435
2024-11-28,6.014198817724772e-05,0.038416432070285486,0.00011276622783233949,0.04785204696474157,0.0330246521305963,0.018197257296451035,9.522481461397539e-05,0.03572054210044091,6.014198817724772e-05,0.05964656558281169,0.00018293188070579516,0.13108764978369356,0.022578078497448494,0.0034506465716695857,6.515382052535169e-05,8.185992835236492e-05,0.021904106004987343,0.00019462615618470435,0.02898081717582941,0.021904106004987343,0.08424656155764362,0.0003641931506288886,6.849504209075424e-05,0.017523284803989878,6.849504209075424e-05,0.07649587789434044,0.00015035497044311915,4.7612407306987696e-05,0.03673150083913263,0.03167670714567401,0.05122190942704735,0.020556161020065057,5.5130155829143774e-05,0.00012446050331124876,0.03369862462305745,0.02527396846729309,8.603645530911818e-05,7.100095826480628e-05,6.014198817724772e-05,0.03336163837682689,6.264790435129963e-05,0.00013281355722475526,0.023589037236140212,0.020893147266295632,0.028306844683368266,5.095362887239043e-05,0.03572054210044091,0.00017290821600958714,7.18362636561569e-05,0.015501367326606435
2024-11-29,6.014198817724772e-05,0.038416432070285486,0.00011276622783233949,0.04785204696474157,0.0330246521305963,0.018197257296451035,9.522481461397539e-05,0.03572054210044091,6.014198817724772e-05,0.05964656558281169,0.00018293188070579516,0.13108764978369356,0.022578078497448494,0.0034506465716695857,6.515382052535169e-05,8.185992835236492e-05,0.021904106004987343,0.00019462615618470435,0.02898081717582941,0.021904106004987343,0.08424656155764362,0.0003641931506288886,6.849504209075424e-05,0.017523284803989878,6.849504209075424e-05,0.07649587789434044,0.00015035497044311915,4.7612407306987696e-05,0.03673150083913263,0.03167670714567401,0.05122190942704735,0.020556161020065057,5.5130155829143774e-05,0.00012446050331124876,0.03369862462305745,0.02527396846729309,8.603645530911818e-05,7.100095826480628e-05,6.014198817724772e-05,0.03336163837682689,6.264790435129963e-05,0.00013281355722475526,0.023589037236140212,0.020893147266295632,0.028306844683368266,5.095362887239043e-05,0.03572054210044091,0.00017290821600958714,7.18362636561569e-05,0.015501367326606435
2024-12-02,6.014198817724772e-05,0.038416432070285486,0.00011276622783233949,0.04785204696474157,0.0330246521305963,0.018197257296451035,9.522481461397539e-05,0.03572054210044091,6.014198817724772e-05,0.05964656558281169,0.00018293188070579516,0.13108764978369356,0.022578078497448494,0.0034506465716695857,6.515382052535169e-05,8.185992835236492e-05,0.021904106004987343,0.00019462615618470435,0.02898081717582941,0.021904106004987343,0.08424656155764362,0.0003641931506288886,6.849504209075424e-05,0.017523284803989878,6.849504209075424e-05,0.07649587789434044,0.00015035497044311915,4.7612407306987696e-05,0.03673150083913263,0.03167670714567401,0.05122190942704735,0.020556161020065057,5.5130155829143774e-05,0.00012446050331124876,0.03369862462305745,0.02527396846729309,8.603645530911818e-05,7.100095826480628e-05,6.014198817724772e-05,0.03336163837682689,6.264790435129963e-05,0.00013281355722475526,0.023589037236140212,0.020893147266295632,0.028306844683368266,5.095362887239043e-05,0.03572054210044091,0.00017290821600958714,7.18362636561569e-05,0.015501367326606435
2024-12-03,6.014198817724772e-05,0.038416432070285486,0.00011276622783233949,0.04785204696474157,0.0330246521305963,0.018197257296451035,9.522481461397539e-05,0.03572054210044091,6.014198817724772e-05,0.05964656558281169,0.00018293188070579516,0.13108764978369356,0.022578078497448494,0.0034506465716695857,6.515382052535169e-05,8.185992835236492e-05,0.021904106004987343,0.00019462615618470435,0.02898081717582941,0.021904106004987343,0.08424656155764362,0.0003641931506288886,6.849504209075424e-05,0.017523284803989878,6.849504209075424e-05,0.07649587789434044,0.00015035497044311915,4.7612407306987696e-05,0.03673150083913263,0.03167670714567401,0.05122190942704735,0.020556161020065057,5.5130155829143774e-05,0.00012446050331124876,0.03369862462305745,0.02527396846729309,8.603645530911818e-05,7.100095826480628e-05,6.014198817724772e-05,0.03336163837682689,6.264790435129963e-05,0.00013281355722475526,0.023589037236140212,0.020893147266295632,0.028306844683368266,5.095362887239043e-05,0.03572054210044091,0.00017290821600958714,7.18362636561569e-05,0.015501367326606435
2024-12-04,6.014198817724772e-05,0.038416432070285486,0.00011276622783233949,0.04785204696474157,0.0330246521305963,0.018197257296451035,9.522481461397539e-05,0.03572054210044091,6.014198817724772e-05,0.05964656558281169,0.00018293188070579516,0.13108764978369356,0.022578078497448494,0.0034506465716695857,6.515382052535169e-05,8.185992835236492e-05,0.021904106004987343,0.00019462615618470435,0.02898081717582941,0.021904106004987343,0.08424656155764362,0.0003641931506288886,6.849504209075424e-05,0.017523284803989878,6.849504209075424e-05,0.07649587789434044,0.00015035497044311915,4.7612407306987696e-05,0.03673150083913263,0.03167670714567401,0.05122190942704735,0.020556161020065057,5.5130155829143774e-05,0.00012446050331124876,0.03369862462305745,0.02527396846729309,8.603645530911818e-05,7.100095826480628e-05,6.014198817724772e-05,0.03336163837682689,6.264790435129963e-05,0.00013281355722475526,0.023589037236140212,0.020893147266295632,0.028306844683368266,5.095362887239043e-05,0.03572054210044091,0.00017290821600958714,7.18362636561569e-05,0.015501367326606435
2024-12-05,6.014198817724772e-05,0.038416432070285486,0.00011276622783233949,0.04785204696474157,0.0330246521305963,0.018197257296451035,9.522481461397539e-05,0.03572054210044091,6.014198817724772e-05,0.05964656558281169,0.00018293188070579516,0.13108764978369356,0.022578078497448494,0.0034506465716695857,6.515382052535169e-05,8.185992835236492e-05,0.021904106004987343,0.00019462615618470435,0.02898081717582941,0.021904106004987343,0.08424656155764362,0.0003641931506288886,6.849504209075424e-05,0.017523284803989878,6.849504209075424e-05,0.07649587789434044,0.00015035497044311915,4.7612407306987696e-05,0.03673150083913263,0.03167670714567401,0.05122190942704735,0.020556161020065057,5.5130155829143774e-05,0.00012446050331124876,0.03369862462305745,0.02527396846729309,8.603645530911818e-05,7.100095826480628e-05,6.014198817724772e-05,0.03336163837682689,6.264790435129963e-05,0.00013281355722475526,0.023589037236140212,0.020893147266295632,0.028306844683368266,5.095362887239043e-05,0.03572054210044091,0.00017290821600958714,7.18362636561569e-05,0.015501367326606435
2024-12-06,6.014198817724772e-05,0.038416432070285486,0.00011276622783233949,0.04785204696474157,0.0330246521305963,0.018197257296451035,9.522481461397539e-05,0.03572054210044091,6.014198817724772e-05,0.05964656558281169,0.00018293188070579516,0.13108764978369356,0.022578078497448494,0.0034506465716695857,6.515382052535169e-05,8.185992835236492e-05,0.021904106004987343,0.00019462615618470435,0.02898081717582941,0.021904106004987343,0.08424656155764362,0.0003641931506288886,6.849504209075424e-05,0.017523284803989878,6.849504209075424e-05,0.07649587789434044,0.00015035497044311915,4.7612407306987696e-05,0.03673150083913263,0.03167670714567401,0.05122190942704735,0.020556161020065057,5.5130155829143774e-05,0.00012446050331124876,0.03369862462305745,0.02527396846729309,8.603645530911818e-05,7.100095826480628e-05,6.014198817724772e-05,0.03336163837682689,6.264790435129963e-05,0.00013281355722475526,0.023589037236140212,0.020893147266295632,0.028306844683368266,5.095362887239043e-05,0.03572054210044091,0.00017290821600958714,7.18362636561569e-05,0.015501367326606435
2024-12-09,6.014198817724772e-05,0.038416432070285486,0.00011276622783233949,0.04785204696474157,0.0330246521305963,0.018197257296451035,9.522481461397539e-05,0.03572054210044091,6.014198817724772e-05,0.05964656558281169,0.00018293188070579516,0.13108764978369356,0.022578078497448494,0.0034506465716695857,6.515382052535169e-05,8.185992835236492e-05,0.021904106004987343,0.00019462615618470435,0.02898081717582941,0.021904106004987343,0.08424656155764362,0.0003641931506288886,6.849504209075424e-05,0.017523284803989878,6.849504209075424e-05,0.07649587789434044,0.00015035497044311915,4.7612407306987696e-05,0.03673150083913263,0.03167670714567401,0.05122190942704735,0.020556161020065057,5.5130155829143774e-05,0.00012446050331124876,0.03369862462305745,0.02527396846729309,8.603645530911818e-05,7.100095826480628e-05,6.014198817724772e-05,0.03336163837682689,6.264790435129963e-05,0.00013281355722475526,0.023589037236140212,0.020893147266295632,0.028306844683368266,5.095362887239043e-05,0.03572054210044091,0.00017290821600958714,7.18362636561569e-05,0.015501367326606435
2024-12-10,6.014198817724772e-05,0.038416432070285486,0.00011276622783233949,0.04785204696474157,0.0330246521305963,0.018197257296451035,9.522481461397539e-05,0.03572054210044091,6.014198817724772e-05,0.05964656558281169,0.00018293188070579516,0.13108764978369356,0.022578078497448494,0.0034506465716695857,6.515382052535169e-05,8.185992835236492e-05,0.021904106004987343,0.00019462615618470435,0.02898081717582941,0.021904106004987343,0.08424656155764362,0.0003641931506288886,6.849504209075424e-05,0.017523284803989878,6.849504209075424e-05,0.07649587789434044,0.00015035497044311915,4.7612407306987696e-05,0.03673150083913263,0.03167670714567401,0.05122190942704735,0.020556161020065057,5.5130155829143774e-05,0.00012446050331124876,0.03369862462305745,0.02527396846729309,8.603645530911818e-05,7.100095826480628e-05,6.014198817724772e-05,0.03336163837682689,6.264790435129963e-05,0.00013281355722475526,0.023589037236140212,0.020893147266295632,0.028306844683368266,5.095362887239043e-05,0.03572054210044091,0.00017290821600958714,7.18362636561569e-05,0.015501367326606435
2024-12-11,6.014198817724772e-05,0.038416432070285486,0.00011276622783233949,0.04785204696474157,0.0330246521305963,0.018197257296451035,9.522481461397539e-05,0.03572054210044091,6.014198817724772e-05,0.05964656558281169,0.00018293188070579516,0.13108764978369356,0.022578078497448494,0.0034506465716695857,6.515382052535169e-05,8.185992835236492e-05,0.021904106004987343,0.00019462615618470435,0.02898081717582941,0.021904106004987343,0.08424656155764362,0.0003641931506288886,6.849504209075424e-05,0.017523284803989878,6.849504209075424e-05,0.07649587789434044,0.00015035497044311915,4.7612407306987696e-05,0.03673150083913263,0.03167670714567401,0.05122190942704735,0.020556161020065057,5.5130155829143774e-05,0.00012446050331124876,0.03369862462305745,0.02527396846729309,8.603645530911818e-05,7.100095826480628e-05,6.014198817724772e-05,0.03336163837682689,6.264790435129963e-05,0.00013281355722475526,0.023589037236140212,0.020893147266295632,0.028306844683368266,5.095362887239043e-05,0.03572054210044091,0.00017290821600958714,7.18362636561569e-05,0.015501367326606435
2024-12-12,6.014198817724772e-05,0.038416432070285486,0.00011276622783233949,0.04785204696474157,0.0330246521305963,0.018197257296451035,9.522481461397539e-05,0.03572054210044091,6.014198817724772e-05,0.05964656558281169,0.00018293188070579516,0.13108764978369356,0.022578078497448494,0.0034506465716695857,6.515382052535169e-05,8.185992835236492e-05,0.021904106004987343,0.00019462615618470435,0.02898081717582941,0.021904106004987343,0.08424656155764362,0.0003641931506288886,6.849504209075424e-05,0.017523284803989878,6.849504209075424e-05,0.07649587789434044,0.00015035497044311915,4.7612407306987696e-05,0.03673150083913263,0.03167670714567401,0.05122190942704735,0.020556161020065057,5.5130155829143774e-05,0.00012446050331124876,0.03369862462305745,0.02527396846729309,8.603645530911818e-05,7.100095826480628e-05,6.014198817724772e-05,0.03336163837682689,6.264790435129963e-05,0.00013281355722475526,0.023589037236140212,0.020893147266295632,0.028306844683368266,5.095362887239043e-05,0.03572054210044091,0.00017290821600958714,7.18362636561569e-05,0.015501367326606435
2024-12-13,6.014198817724772e-05,0.038416432070285486,0.00011276622783233949,0.04785204696474157,0.0330246521305963,0.018197257296451035,9.522481461397539e-05,0.03572054210044091,6.014198817724772e-05,0.05964656558281169,0.00018293188070579516,0.13108764978369356,0.022578078497448494,0.0034506465716695857,6.515382052535169e-05,8.185992835236492e-05,0.021904106004987343,0.00019462615618470435,0.02898081717582941,0.021904106004987343,0.08424656155764362,0.0003641931506288886,6.849504209075424e-05,0.017523284803989878,6.849504209075424e-05,0.07649587789434044,0.00015035497044311915,4.7612407306987696e-05,0.03673150083913263,0.03167670714567401,0.05122190942704735,0.020556161020065057,5.5130155829143774e-05,0.00012446050331124876,0.03369862462305745,0.02527396846729309,8.603645530911818e-05,7.100095826480628e-05,6.014198817724772e-05,0.03336163837682689,6.264790435129963e-05,0.00013281355722475526,0.023589037236140212,0.020893147266295632,0.028306844683368266,5.095362887239043e-05,0.03572054210044091,0.00017290821600958714,7.18362636561569e-05,0.015501367326606435
2024-12-16,6.014198817724772e-05,0.038416432070285486,0.00011276622783233949,0.04785204696474157,0.0330246521305963,0.018197257296451035,9.522481461397539e-05,0.03572054210044091,6.014198817724772e-05,0.05964656558281169,0.00018293188070579516,0.13108764978369356,0.022578078497448494,0.0034506465716695857,6.515382052535169e-05,8.185992835236492e-05,0.021904106004987343,0.00019462615618470435,0.02898081717582941,0.021904106004987343,0.08424656155764362,0.0003641931506288886,6.849504209075424e-05,0.017523284803989878,6.849504209075424e-05,0.07649587789434044,0.00015035497044311915,4.7612407306987696e-05,0.03673150083913263,0.03167670714567401,0.05122190942704735,0.020556161020065057,5.5130155829143774e-05,0.00012446050331124876,0.03369862462305745,0.02527396846729309,8.603645530911818e-05,7.100095826480628e-05,6.014198817724772e-05,0.03336163837682689,6.264790435129963e-05,0.00013281355722475526,0.023589037236140212,0.020893147266295632,0.028306844683368266,5.095362887239043e-05,0.03572054210044091,0.00017290821600958714,7.18362636561569e-05,0.015501367326606435
2024-12-17,6.014198817724772e-05,0.038416432070285486,0.00011276622783233949,0.04785204696474157,0.0330246521305963,0.018197257296451035,9.522481461397539e-05,0.03572054210044091,6.014198817724772e-05,0.05964656558281169,0.00018293188070579516,0.13108764978369356,0.022578078497448494,0.0034506465716695857,6.515382052535169e-05,8.185992835236492e-05,0.021904106004987343,0.00019462615618470435,0.02898081717582941,0.021904106004987343,0.08424656155764362,0.0003641931506288886,6.849504209075424e-05,0.017523284803989878,6.849504209075424e-05,0.07649587789434044,0.00015035497044311915,4.7612407306987696e-05,0.03673150083913263,0.03167670714567401,0.05122190942704735,0.020556161020065057,5.5130155829143774e-05,0.00012446050331124876,0.03369862462305745,0.02527396846729309,8.603645530911818e-05,7.100095826480628e-05,6.014198817724772e-05,0.03336163837682689,6.264790435129963e-05,0.00013281355722475526,0.023589037236140212,0.020893147266295632,0.028306844683368266,5.095362887239043e-05,0.03572054210044091,0.00017290821600958714,7.18362636561569e-05,0.015501367326606435
2024-12-18,6.014198817724772e-05,0.038416432070285486,0.00011276622783233949,0.04785204696474157,0.0330246521305963,0.018197257296451035,9.522481461397539e-05,0.03572054210044091,6.014198817724772e-05,0.05964656558281169,0.00018293188070579516,0.13108764978369356,0.022578078497448494,0.0034506465716695857,6.515382052535169e-05,8.185992835236492e-05,0.021904106004987343,0.00019462615618470435,0.02898081717582941,0.021904106004987343,0.08424656155764362,0.0003641931506288886,6.849504209075424e-05,0.017523284803989878,6.849504209075424e-05,0.07649587789434044,0.00015035497044311915,4.7612407306987696e-05,0.03673150083913263,0.03167670714567401,0.05122190942704735,0.020556161020065057,5.5130155829143774e-05,0.00012446050331124876,0.03369862462305745,0.02527396846729309,8.603645530911818e-05,7.100095826480628e-05,6.014198817724772e-05,0.03336163837682689,6.264790435129963e-05,0.00013281355722475526,0.023589037236140212,0.020893147266295632,0.028306844683368266,5.095362887239043e-05,0.03572054210044091,0.00017290821600958714,7.18362636561569e-05,0.015501367326606435
2024-12-19,6.014198817724772e-05,0.038416432070285486,0.00011276622783233949,0.04785204696474157,0.0330246521305963,0.018197257296451035,9.522481461397539e-05,0.03572054210044091,6.014198817724772e-05,0.05964656558281169,0.00018293188070579516,0.13108764978369356,0.022578078497448494,0.0034506465716695857,6.515382052535169e-05,8.185992835236492e-05,0.021904106004987343,0.00019462615618470435,0.02898081717582941,0.021904106004987343,0.08424656155764362,0.0003641931506288886,6.849504209075424e-05,0.017523284803989878,6.849504209075424e-05,0.07649587789434044,0.00015035497044311915,4.7612407306987696e-05,0.03673150083913263,0.03167670714567401,0.05122190942704735,0.020556161020065057,5.5130155829143774e-05,0.00012446050331124876,0.03369862462305745,0.02527396846729309,8.603645530911818e-05,7.100095826480628e-05,6.014198817724772e-05,0.03336163837682689,6.264790435129963e-05,0.00013281355722475526,0.023589037236140212,0.020893147266295632,0.028306844683368266,5.095362887239043e-05,0.03572054210044091,0.00017290821600958714,7.18362636561569e-05,0.015501367326606435
2024-12-20,6.014198817724772e-05,0.038416432070285486,0.00011276622783233949,0.04785204696474157,0.0330246521305963,0.018197257296451035,9.522481461397539e-05,0.03572054210044091,6.014198817724772e-05,0.05964656558281169,0.00018293188070579516,0.13108764978369356,0.022578078497448494,0.0034506465716695857,6.515382052535169e-05,8.185992835236492e-05,0.021904106004987343,0.00019462615618470435,0.02898081717582941,0.021904106004987343,0.08424656155764362,0.0003641931506288886,6.849504209075424e-05,0.017523284803989878,6.849504209075424e-05,0.07649587789434044,0.00015035497044311915,4.7612407306987696e-05,0.03673150083913263,0.03167670714567401,0.05122190942704735,0.020556161020065057,5.5130155829143774e-05,0.00012446050331124876,0.03369862462305745,0.02527396846729309,8.603645530911818e-05,7.100095826480628e-05,6.014198817724772e-05,0.03336163837682689,6.264790435129963e-05,0.00013281355722475526,0.023589037236140212,0.020893147266295632,0.028306844683368266,5.095362887239043e-05,0.03572054210044091,0.00017290821600958714,7.18362636561569e-05,0.015501367326606435
2024-12-23,6.014198817724772e-05,0.038416432070285486,0.00011276622783233949,0.04785204696474157,0.0330246521305963,0.018197257296451035,9.522481461397539e-05,0.03572054210044091,6.014198817724772e-05,0.05964656558281169,0.00018293188070579516,0.13108764978369356,0.022578078497448494,0.0034506465716695857,6.515382052535169e-05,8.185992835236492e-05,0.021904106004987343,0.00019462615618470435,0.02898081717582941,0.021904106004987343,0.08424656155764362,0.0003641931506288886,6.849504209075424e-05,0.017523284803989878,6.849504209075424e-05,0.07649587789434044,0.00015035497044311915,4.7612407306987696e-05,0.03673150083913263,0.03167670714567401,0.05122190942704735,0.020556161020065057,5.5130155829143774e-05,0.00012446050331124876,0.03369862462305745,0.02527396846729309,8.603645530911818e-05,7.100095826480628e-05,6.014198817724772e-05,0.03336163837682689,6.264790435129963e-05,0.00013281355722475526,0.023589037236140212,0.020893147266295632,0.028306844683368266,5.095362887239043e-05,0.03572054210044091,0.00017290821600958714,7.18362636561569e-05,0.015501367326606435
2024-12-24,6.014198817724772e-05,0.038416432070285486,0.00011276622783233949,0.04785204696474157,0.0330246521305963,0.018197257296451035,9.522481461397539e-05,0.03572054210044091,6.014198817724772e-05,0.05964656558281169,0.00018293188070579516,0.13108764978369356,0.022578078497448494,0.0034506465716695857,6.515382052535169e-05,8.185992835236492e-05,0.021904106004987343,0.00019462615618470435,0.02898081717582941,0.021904106004987343,0.08424656155764362,0.0003641931506288886,6.849504209075424e-05,0.017523284803989878,6.849504209075424e-05,0.07649587789434044,0.00015035497044311915,4.7612407306987696e-05,0.03673150083913263,0.03167670714567401,0.05122190942704735,0.020556161020065057,5.5130155829143774e-05,0.00012446050331124876,0.03369862462305745,0.02527396846729309,8.603645530911818e-05,7.100095826480628e-05,6.014198817724772e-05,0.03336163837682689,6.264790435129963e-05,0.00013281355722475526,0.023589037236140212,0.020893147266295632,0.028306844683368266,5.095362887239043e-05,0.03572054210044091,0.00017290821600958714,7.18362636561569e-05,0.015501367326606435
2024-12-25,6.014198817724772e-05,0.038416432070285486,0.00011276622783233949,0.04785204696474157,0.0330246521305963,0.018197257296451035,9.522481461397539e-05,0.03572054210044091,6.014198817724772e-05,0.05964656558281169,0.00018293188070579516,0.13108764978369356,0.022578078497448494,0.0034506465716695857,6.515382052535169e-05,8.185992835236492e-05,0.021904106004987343,0.00019462615618470435,0.02898081717582941,0.021904106004987343,0.08424656155764362,0.0003641931506288886,6.849504209075424e-05,0.017523284803989878,6.849504209075424e-05,0.07649587789434044,0.00015035497044311915,4.7612407306987696e-05,0.03673150083913263,0.03167670714567401,0.05122190942704735,0.020556161020065057,5.5130155829143774e-05,0.00012446050331124876,0.03369862462305745,0.02527396846729309,8.603645530911818e-05,7.100095826480628e-05,6.014198817724772e-05,0.03336163837682689,6.264790435129963e-05,0.00013281355722475526,0.023589037236140212,0.020893147266295632,0.028306844683368266,5.095362887239043e-05,0.03572054210044091,0.00017290821600958714,7.18362636561569e-05,0.015501367326606435
2024-12-26,6.014198817724772e-05,0.038416432070285486,0.00011276622783233949,0.04785204696474157,0.0330246521305963,0.018197257296451035,9.522481461397539e-05,0.03572054210044091,6.014198817724772e-05,0.05964656558281169,0.00018293188070579516,0.13108764978369356,0.022578078497448494,0.0034506465716695857,6.515382052535169e-05,8.185992835236492e-05,0.021904106004987343,0.00019462615618470435,0.02898081717582941,0.021904106004987343,0.08424656155764362,0.0003641931506288886,6.849504209075424e-05,0.017523284803989878,6.849504209075424e-05,0.07649587789434044,0.00015035497044311915,4.7612407306987696e-05,0.03673150083913263,0.03167670714567401,0.05122190942704735,0.020556161020065057,5.5130155829143774e-05,0.00012446050331124876,0.03369862462305745,0.02527396846729309,8.603645530911818e-05,7.100095826480628e-05,6.014198817724772e-05,0.03336163837682689,6.264790435129963e-05,0.00013281355722475526,0.023589037236140212,0.020893147266295632,0.028306844683368266,5.095362887239043e-05,0.03572054210044091,0.00017290821600958714,7.18362636561569e-05,0.015501367326606435
2024-12-27,6.014198817724772e-05,0.038416432070285486,0.00011276622783233949,0.04785204696474157,0.0330246521305963,0.018197257296451035,9.522481461397539e-05,0.03572054210044091,6.014198817724772e-05,0.05964656558281169,0.00018293188070579516,0.13108764978369356,0.022578078497448494,0.0034506465716695857,6.515382052535169e-05,8.185992835236492e-05,0.021904106004987343,0.00019462615618470435,0.02898081717582941,0.021904106004987343,0.08424656155764362,0.0003641931506288886,6.849504209075424e-05,0.017523284803989878,6.849504209075424e-05,0.07649587789434044,0.00015035497044311915,4.7612407306987696e-05,0.03673150083913263,0.03167670714567401,0.05122190942704735,0.020556161020065057,5.5130155829143774e-05,0.00012446050331124876,0.03369862462305745,0.02527396846729309,8.603645530911818e-05,7.100095826480628e-05,6.014198817724772e-05,0.03336163837682689,6.264790435129963e-05,0.00013281355722475526,0.023589037236140212,0.020893147266295632,0.028306844683368266,5.095362887239043e-05,0.03572054210044091,0.00017290821600958714,7.18362636561569e-05,0.015501367326606435
2024-12-30,6.014198817724772e-05,0.038416432070285486,0.00011276622783233949,0.04785204696474157,0.0330246521305963,0.018197257296451035,9.522481461397539e-05,0.03572054210044091,6.014198817724772e-05,0.05964656558281169,0.00018293188070579516,0.13108764978369356,0.022578078497448494,0.0034506465716695857,6.515382052535169e-05,8.185992835236492e-05,0.021904106004987343,0.00019462615618470435,0.02898081717582941,0.021904106004987343,0.08424656155764362,0.0003641931506288886,6.849504209075424e-05,0.017523284803989878,6.849504209075424e-05,0.07649587789434044,0.00015035497044311915,4.7612407306987696e-05,0.03673150083913263,0.03167670714567401,0.05122190942704735,0.020556161020065057,5.5130155829143774e-05,0.00012446050331124876,0.03369862462305745,0.02527396846729309,8.603645530911818e-05,7.100095826480628e-05,6.014198817724772e-05,0.03336163837682689,6.264790435129963e-05,0.00013281355722475526,0.023589037236140212,0.020893147266295632,0.028306844683368266,5.095362887239043e-05,0.03572054210044091,0.00017290821600958714,7.18362636561569e-05,0.015501367326606435
2024-12-31,6.014198817724772e-05,0.038416432070285486,0.00011276622783233949,0.04785204696474157,0.0330246521305963,0.018197257296451035,9.522481461397539e-05,0.03572054210044091,6.014198817724772e-05,0.05964656558281169,0.00018293188070579516,0.13108764978369356,0.022578078497448494,0.0034506465716695857,6.515382052535169e-05,8.185992835236492e-05,0.021904106004987343,0.00019462615618470435,0.02898081717582941,0.021904106004987343,0.08424656155764362,0.0003641931506288886,6.849504209075424e-05,0.017523284803989878,6.849504209075424e-05,0.07649587789434044,0.00015035497044311915,4.7612407306987696e-05,0.03673150083913263,0.03167670714567401,0.05122190942704735,0.020556161020065057,5.5130155829143774e-05,0.00012446050331124876,0.03369862462305745,0.02527396846729309,8.603645530911818e-05,7.100095826480628e-05,6.014198817724772e-05,0.03336163837682689,6.264790435129963e-05,0.00013281355722475526,0.023589037236140212,0.020893147266295632,0.028306844683368266,5.095362887239043e-05,0.03572054210044091,0.00017290821600958714,7.18362636561569e-05,0.015501367326606435
2025-01-02,6.014198817724772e-05,0.038416432070285486,0.00011276622783233949,0.04785204696474157,0.0330246521305963,0.018197257296451035,9.522481461397539e-05,0.03572054210044091,6.014198817724772e-05,0.05964656558281169,0.00018293188070579516,0.13108764978369356,0.022578078497448494,0.0034506465716695857,6.515382052535169e-05,8.185992835236492e-05,0.021904106004987343,0.00019462615618470435,0.02898081717582941,0.021904106004987343,0.08424656155764362,0.0003641931506288886,6.849504209075424e-05,0.017523284803989878,6.849504209075424e-05,0.07649587789434044,0.00015035497044311915,4.7612407306987696e-05,0.03673150083913263,0.03167670714567401,0.05122190942704735,0.020556161020065057,5.5130155829143774e-05,0.00012446050331124876,0.03369862462305745,0.02527396846729309,8.603645530911818e-05,7.100095826480628e-05,6.014198817724772e-05,0.03336163837682689,6.264790435129963e-05,0.00013281355722475526,0.023589037236140212,0.020893147266295632,0.028306844683368266,5.095362887239043e-05,0.03572054210044091,0.00017290821600958714,7.18362636561569e-05,0.015501367326606435
2025-01-03,6.014198817724772e-05,0.038416432070285486,0.00011276622783233949,0.04785204696474157,0.0330246521305963,0.018197257296451035,9.522481461397539e-05,0.03572054210044091,6.014198817724772e-05,0.05964656558281169,0.00018293188070579516,0.13108764978369356,0.022578078497448494,0.0034506465716695857,6.515382052535169e-05,8.185992835236492e-05,0.021904106004987343,0.00019462615618470435,0.02898081717582941,0.021904106004987343,0.08424656155764362,0.0003641931506288886,6.849504209075424e-05,0.017523284803989878,6.849504209075424e-05,0.07649587789434044,0.00015035497044311915,4.7612407306987696e-05,0.03673150083913263,0.03167670714567401,0.05122190942704735,0.020556161020065057,5.5130155829143774e-05,0.00012446050331124876,0.03369862462305745,0.02527396846729309,8.603645530911818e-05,7.100095826480628e-05,6.014198817724772e-05,0.03336163837682689,6.264790435129963e-05,0.00013281355722475526,0.023589037236140212,0.020893147266295632,0.028306844683368266,5.095362887239043e-05,0.03572054210044091,0.00017290821600958714,7.18362636561569e-05,0.015501367326606435
2025-01-06,6.014198817724772e-05,0.038416432070285486,0.00011276622783233949,0.04785204696474157,0.0330246521305963,0.018197257296451035,9.522481461397539e-05,0.03572054210044091,6.014198817724772e-05,0.05964656558281169,0.00018293188070579516,0.13108764978369356,0.022578078497448494,0.0034506465716695857,6.515382052535169e-05,8.185992835236492e-05,0.021904106004987343,0.00019462615618470435,0.02898081717582941,0.021904106004987343,0.08424656155764362,0.0003641931506288886,6.849504209075424e-05,0.017523284803989878,6.849504209075424e-05,0.07649587789434044,0.00015035497044311915,4.7612407306987696e-05,0.03673150083913263,0.03167670714567401,0.05122190942704735,0.020556161020065057,5.5130155829143774e-05,0.00012446050331124876,0.03369862462305745,0.02527396846729309,8.603645530911818e-05,7.100095826480628e-05,6.014198817724772e-05,0.03336163837682689,6.264790435129963e-05,0.00013281355722475526,0.023589037236140212,0.020893147266295632,0.028306844683368266,5.095362887239043e-05,0.03572054210044091,0.00017290821600958714,7.18362636561569e-05,0.015501367326606435
2025-01-07,6.014198817724772e-05,0.038416432070285486,0.00011276622783233949,0.04785204696474157,0.0330246521305963,0.018197257296451035,9.522481461397539e-05,0.03572054210044091,6.014198817724772e-05,0.05964656558281169,0.00018293188070579516,0.13108764978369356,0.022578078497448494,0.0034506465716695857,6.515382052535169e-05,8.185992835236492e-05,0.021904106004987343,0.00019462615618470435,0.02898081717582941,0.021904106004987343,0.08424656155764362,0.0003641931506288886,6.849504209075424e-05,0.017523284803989878,6.849504209075424e-05,0.07649587789434044,0.00015035497044311915,4.7612407306987696e-05,0.03673150083913263,0.03167670714567401,0.05122190942704735,0.020556161020065057,5.5130155829143774e-05,0.00012446050331124876,0.03369862462305745,0.02527396846729309,8.603645530911818e-05,7.100095826480628e-05,6.014198817724772e-05,0.03336163837682689,6.264790435129963e-05,0.00013281355722475526,0.023589037236140212,0.020893147266295632,0.028306844683368266,5.095362887239043e-05,0.03572054210044091,0.00017290821600958714,7.18362636561569e-05,0.015501367326606435
2025-01-08,6.014198817724772e-05,0.038416432070285486,0.00011276622783233949,0.04785204696474157,0.0330246521305963,0.018197257296451035,9.522481461397539e-05,0.03572054210044091,6.014198817724772e-05,0.05964656558281169,0.00018293188070579516,0.13108764978369356,0.022578078497448494,0.0034506465716695857,6.515382052535169e-05,8.185992835236492e-05,0.021904106004987343,0.00019462615618470435,0.02898081717582941,0.021904106004987343,0.08424656155764362,0.0003641931506288886,6.849504209075424e-05,0.017523284803989878,6.849504209075424e-05,0.07649587789434044,0.00015035497044311915,4.7612407306987696e-05,0.03673150083913263,0.03167670714567401,0.05122190942704735,0.020556161020065057,5.5130155829143774e-05,0.00012446050331124876,0.03369862462305745,0.02527396846729309,8.603645530911818e-05,7.100095826480628e-05,6.014198817724772e-05,0.03336163837682689,6.264790435129963e-05,0.00013281355722475526,0.023589037236140212,0.020893147266295632,0.028306844683368266,5.095362887239043e-05,0.03572054210044091,0.00017290821600958714,7.18362636561569e-05,0.015501367326606435
2025-01-09,6.014198817724772e-05,0.038416432070285486,0.00011276622783233949,0.04785204696474157,0.0330246521305963,0.018197257296451035,9.522481461397539e-05,0.03572054210044091,6.014198817724772e-05,0.05964656558281169,0.00018293188070579516,0.13108764978369356,0.022578078497448494,0.0034506465716695857,6.515382052535169e-05,8.185992835236492e-05,0.021904106004987343,0.00019462615618470435,0.02898081717582941,0.021904106004987343,0.08424656155764362,0.0003641931506288886,6.849504209075424e-05,0.017523284803989878,6.849504209075424e-05,0.07649587789434044,0.00015035497044311915,4.7612407306987696e-05,0.03673150083913263,0.03167670714567401,0.05122190942704735,0.020556161020065057,5.5130155829143774e-05,0.00012446050331124876,0.03369862462305745,0.02527396846729309,8.603645530911818e-05,7.100095826480628e-05,6.014198817724772e-05,0.03336163837682689,6.264790435129963e-05,0.00013281355722475526,0.023589037236140212,0.020893147266295632,0.028306844683368266,5.095362887239043e-05,0.03572054210044091,0.00017290821600958714,7.18362636561569e-05,0.015501367326606435
2025-01-10,6.014198817724772e-05,0.038416432070285486,0.00011276622783233949,0.04785204696474157,0.0330246521305963,0.018197257296451035,9.522481461397539e-05,0.03572054210044091,6.014198817724772e-05,0.05964656558281169,0.00018293188070579516,0.13108764978369356,0.022578078497448494,0.0034506465716695857,6.515382052535169e-05,8.185992835236492e-05,0.021904106004987343,0.00019462615618470435,0.02898081717582941,0.021904106004987343,0.08424656155764362,0.0003641931506288886,6.849504209075424e-05,0.017523284803989878,6.849504209075424e-05,0.07649587789434044,0.00015035497044311915,4.7612407306987696e-05,0.03673150083913263,0.03167670714567401,0.05122190942704735,0.020556161020065057,5.5130155829143774e-05,0.00012446050331124876,0.03369862462305745,0.02527396846729309,8.603645530911818e-05,7.100095826480628e-05,6.014198817724772e-05,0.03336163837682689,6.264790435129963e-05,0.00013281355722475526,0.023589037236140212,0.020893147266295632,0.028306844683368266,5.095362887239043e-05,0.03572054210044091,0.00017290821600958714,7.18362636561569e-05,0.015501367326606435
2025-01-13,6.014198817724772e-05,0.038416432070285486,0.00011276622783233949,0.04785204696474157,0.0330246521305963,0.018197257296451035,9.522481461397539e-05,0.03572054210044091,6.014198817724772e-05,0.05964656558281169,0.00018293188070579516,0.13108764978369356,0.022578078497448494,0.0034506465716695857,6.515382052535169e-05,8.185992835236492e-05,0.021904106004987343,0.00019462615618470435,0.02898081717582941,0.021904106004987343,0.08424656155764362,0.0003641931506288886,6.849504209075424e-05,0.017523284803989878,6.849504209075424e-05,0.07649587789434044,0.00015035497044311915,4.7612407306987696e-05,0.03673150083913263,0.03167670714567401,0.05122190942704735,0.020556161020065057,5.5130155829143774e-05,0.00012446050331124876,0.03369862462305745,0.02527396846729309,8.603645530911818e-05,7.100095826480628e-05,6.014198817724772e-05,0.03336163837682689,6.264790435129963e-05,0.00013281355722475526,0.023589037236140212,0.020893147266295632,0.028306844683368266,5.095362887239043e-05,0.03572054210044091,0.00017290821600958714,7.18362636561569e-05,0.015501367326606435
2025-01-14,6.014198817724772e-05,0.038416432070285486,0.00011276622783233949,0.04785204696474157,0.0330246521305963,0.018197257296451035,9.522481461397539e-05,0.03572054210044091,6.014198817724772e-05,0.05964656558281169,0.00018293188070579516,0.13108764978369356,0.022578078497448494,0.0034506465716695857,6.515382052535169e-05,8.185992835236492e-05,0.021904106004987343,0.00019462615618470435,0.02898081717582941,0.021904106004987343,0.08424656155764362,0.0003641931506288886,6.849504209075424e-05,0.017523284803989878,6.849504209075424e-05,0.07649587789434044,0.00015035497044311915,4.7612407306987696e-05,0.03673150083913263,0.03167670714567401,0.05122190942704735,0.020556161020065057,5.5130155829143774e-05,0.00012446050331124876,0.03369862462305745,0.02527396846729309,8.603645530911818e-05,7.100095826480628e-05,6.014198817724772e-05,0.03336163837682689,6.264790435129963e-05,0.00013281355722475526,0.023589037236140212,0.020893147266295632,0.028306844683368266,5.095362887239043e-05,0.03572054210044091,0.00017290821600958714,7.18362636561569e-05,0.015501367326606435
2025-01-15,6.014198817724772e-05,0.038416432070285486,0.00011276622783233949,0.04785204696474157,0.0330246521305963,0.018197257296451035,9.522481461397539e-05,0.03572054210044091,6.014198817724772e-05,0.05964656558281169,0.00018293188070579516,0.13108764978369356,0.022578078497448494,0.0034506465716695857,6.515382052535169e-05,8.185992835236492e-05,0.021904106004987343,0.00019462615618470435,0.02898081717582941,0.021904106004987343,0.08424656155764362,0.0003641931506288886,6.849504209075424e-05,0.017523284803989878,6.849504209075424e-05,0.07649587789434044,0.00015035497044311915,4.7612407306987696e-05,0.03673150083913263,0.03167670714567401,0.05122190942704735,0.020556161020065057,5.5130155829143774e-05,0.00012446050331124876,0.03369862462305745,0.02527396846729309,8.603645530911818e-05,7.100095826480628e-05,6.014198817724772e-05,0.03336163837682689,6.264790435129963e-05,0.00013281355722475526,0.023589037236140212,0.020893147266295632,0.028306844683368266,5.095362887239043e-05,0.03572054210044091,0.00017290821600958714,7.18362636561569e-05,0.015501367326606435
2025-01-16,6.014198817724772e-05,0.038416432070285486,0.00011276622783233949,0.04785204696474157,0.0330246521305963,0.018197257296451035,9.522481461397539e-05,0.03572054210044091,6.014198817724772e-05,0.05964656558281169,0.00018293188070579516,0.13108764978369356,0.022578078497448494,0.0034506465716695857,6.515382052535169e-05,8.185992835236492e-05,0.021904106004987343,0.00019462615618470435,0.02898081717582941,0.021904106004987343,0.08424656155764362,0.0003641931506288886,6.849504209075424e-05,0.017523284803989878,6.849504209075424e-05,0.07649587789434044,0.00015035497044311915,4.7612407306987696e-05,0.03673150083913263,0.03167670714567401,0.05122190942704735,0.020556161020065057,5.5130155829143774e-05,0.00012446050331124876,0.03369862462305745,0.02527396846729309,8.603645530911818e-05,7.100095826480628e-05,6.014198817724772e-05,0.03336163837682689,6.264790435129963e-05,0.00013281355722475526,0.023589037236140212,0.020893147266295632,0.028306844683368266,5.095362887239043e-05,0.03572054210044091,0.00017290821600958714,7.18362636561569e-05,0.015501367326606435
2025-01-17,6.014198817724772e-05,0.038416432070285486,0.00011276622783233949,0.04785204696474157,0.0330246521305963,0.018197257296451035,9.522481461397539e-05,0.03572054210044091,6.014198817724772e-05,0.05964656558281169,0.00018293188070579516,0.13108764978369356,0.022578078497448494,0.0034506465716695857,6.515382052535169e-05,8.185992835236492e-05,0.021904106004987343,0.00019462615618470435,0.02898081717582941,0.021904106004987343,0.08424656155764362,0.0003641931506288886,6.849504209075424e-05,0.017523284803989878,6.849504209075424e-05,0.07649587789434044,0.00015035497044311915,4.7612407306987696e-05,0.03673150083913263,0.03167670714567401,0.05122190942704735,0.020556161020065057,5.5130155829143774e-05,0.00012446050331124876,0.03369862462305745,0.02527396846729309,8.603645530911818e-05,7.100095826480628e-05,6.014198817724772e-05,0.03336163837682689,6.264790435129963e-05,0.00013281355722475526,0.023589037236140212,0.020893147266295632,0.028306844683368266,5.095362887239043e-05,0.03572054210044091,0.00017290821600958714,7.18362636561569e-05,0.015501367326606435
2025-01-20,6.014198817724772e-05,0.038416432070285486,0.00011276622783233949,0.04785204696474157,0.0330246521305963,0.018197257296451035,9.522481461397539e-05,0.03572054210044091,6.014198817724772e-05,0.05964656558281169,0.00018293188070579516,0.13108764978369356,0.022578078497448494,0.0034506465716695857,6.515382052535169e-05,8.185992835236492e-05,0.021904106004987343,0.00019462615618470435,0.02898081717582941,0.021904106004987343,0.08424656155764362,0.0003641931506288886,6.849504209075424e-05,0.017523284803989878,6.849504209075424e-05,0.07649587789434044,0.00015035497044311915,4.7612407306987696e-05,0.03673150083913263,0.03167670714567401,0.05122190942704735,0.020556161020065057,5.5130155829143774e-05,0.00012446050331124876,0.03369862462305745,0.02527396846729309,8.603645530911818e-05,7.100095826480628e-05,6.014198817724772e-05,0.03336163837682689,6.264790435129963e-05,0.00013281355722475526,0.023589037236140212,0.020893147266295632,0.028306844683368266,5.095362887239043e-05,0.03572054210044091,0.00017290821600958714,7.18362636561569e-05,0.015501367326606435
2025-01-21,6.014198817724772e-05,0.038416432070285486,0.00011276622783233949,0.04785204696474157,0.0330246521305963,0.018197257296451035,9.522481461397539e-05,0.03572054210044091,6.014198817724772e-05,0.05964656558281169,0.00018293188070579516,0.13108764978369356,0.022578078497448494,0.0034506465716695857,6.515382052535169e-05,8.185992835236492e-05,0.021904106004987343,0.00019462615618470435,0.02898081717582941,0.021904106004987343,0.08424656155764362,0.0003641931506288886,6.849504209075424e-05,0.017523284803989878,6.849504209075424e-05,0.07649587789434044,0.00015035497044311915,4.7612407306987696e-05,0.03673150083913263,0.03167670714567401,0.05122190942704735,0.020556161020065057,5.5130155829143774e-05,0.00012446050331124876,0.03369862462305745,0.02527396846729309,8.603645530911818e-05,7.100095826480628e-05,6.014198817724772e-05,0.03336163837682689,6.264790435129963e-05,0.00013281355722475526,0.023589037236140212,0.020893147266295632,0.028306844683368266,5.095362887239043e-05,0.03572054210044091,0.00017290821600958714,7.18362636561569e-05,0.015501367326606435
2025-01-22,6.014198817724772e-05,0.038416432070285486,0.00011276622783233949,0.04785204696474157,0.0330246521305963,0.018197257296451035,9.522481461397539e-05,0.03572054210044091,6.014198817724772e-05,0.05964656558281169,0.00018293188070579516,0.13108764978369356,0.022578078497448494,0.0034506465716695857,6.515382052535169e-05,8.185992835236492e-05,0.021904106004987343,0.00019462615618470435,0.02898081717582941,0.021904106004987343,0.08424656155764362,0.0003641931506288886,6.849504209075424e-05,0.017523284803989878,6.849504209075424e-05,0.07649587789434044,0.00015035497044311915,4.7612407306987696e-05,0.03673150083913263,0.03167670714567401,0.05122190942704735,0.020556161020065057,5.5130155829143774e-05,0.00012446050331124876,0.03369862462305745,0.02527396846729309,8.603645530911818e-05,7.100095826480628e-05,6.014198817724772e-05,0.03336163837682689,6.264790435129963e-05,0.00013281355722475526,0.023589037236140212,0.020893147266295632,0.028306844683368266,5.095362887239043e-05,0.03572054210044091,0.00017290821600958714,7.18362636561569e-05,0.015501367326606435
2025-02-03,6.014198817724772e-05,0.038416432070285486,0.00011276622783233949,0.04785204696474157,0.0330246521305963,0.018197257296451035,9.522481461397539e-05,0.03572054210044091,6.014198817724772e-05,0.05964656558281169,0.00018293188070579516,0.13108764978369356,0.022578078497448494,0.0034506465716695857,6.515382052535169e-05,8.185992835236492e-05,0.021904106004987343,0.00019462615618470435,0.02898081717582941,0.021904106004987343,0.08424656155764362,0.0003641931506288886,6.849504209075424e-05,0.017523284803989878,6.849504209075424e-05,0.07649587789434044,0.00015035497044311915,4.7612407306987696e-05,0.03673150083913263,0.03167670714567401,0.05122190942704735,0.020556161020065057,5.5130155829143774e-05,0.00012446050331124876,0.03369862462305745,0.02527396846729309,8.603645530911818e-05,7.100095826480628e-05,6.014198817724772e-05,0.03336163837682689,6.264790435129963e-05,0.00013281355722475526,0.023589037236140212,0.020893147266295632,0.028306844683368266,5.095362887239043e-05,0.03572054210044091,0.00017290821600958714,7.18362636561569e-05,0.015501367326606435
2025-02-04,6.014198817724772e-05,0.038416432070285486,0.00011276622783233949,0.04785204696474157,0.0330246521305963,0.018197257296451035,9.522481461397539e-05,0.03572054210044091,6.014198817724772e-05,0.05964656558281169,0.00018293188070579516,0.13108764978369356,0.022578078497448494,0.0034506465716695857,6.515382052535169e-05,8.185992835236492e-05,0.021904106004987343,0.00019462615618470435,0.02898081717582941,0.021904106004987343,0.08424656155764362,0.0003641931506288886,6.849504209075424e-05,0.017523284803989878,6.849504209075424e-05,0.07649587789434044,0.00015035497044311915,4.7612407306987696e-05,0.03673150083913263,0.03167670714567401,0.05122190942704735,0.020556161020065057,5.5130155829143774e-05,0.00012446050331124876,0.03369862462305745,0.02527396846729309,8.603645530911818e-05,7.100095826480628e-05,6.014198817724772e-05,0.03336163837682689,6.264790435129963e-05,0.00013281355722475526,0.023589037236140212,0.020893147266295632,0.028306844683368266,5.095362887239043e-05,0.03572054210044091,0.00017290821600958714,7.18362636561569e-05,0.015501367326606435
2025-02-05,6.014198817724772e-05,0.038416432070285486,0.00011276622783233949,0.04785204696474157,0.0330246521305963,0.018197257296451035,9.522481461397539e-05,0.03572054210044091,6.014198817724772e-05,0.05964656558281169,0.00018293188070579516,0.13108764978369356,0.022578078497448494,0.0034506465716695857,6.515382052535169e-05,8.185992835236492e-05,0.021904106004987343,0.00019462615618470435,0.02898081717582941,0.021904106004987343,0.08424656155764362,0.0003641931506288886,6.849504209075424e-05,0.017523284803989878,6.849504209075424e-05,0.07649587789434044,0.00015035497044311915,4.7612407306987696e-05,0.03673150083913263,0.03167670714567401,0.05122190942704735,0.020556161020065057,5.5130155829143774e-05,0.00012446050331124876,0.03369862462305745,0.02527396846729309,8.603645530911818e-05,7.100095826480628e-05,6.014198817724772e-05,0.03336163837682689,6.264790435129963e-05,0.00013281355722475526,0.023589037236140212,0.020893147266295632,0.028306844683368266,5.095362887239043e-05,0.03572054210044091,0.00017290821600958714,7.18362636561569e-05,0.015501367326606435
2025-02-06,6.014198817724772e-05,0.038416432070285486,0.00011276622783233949,0.04785204696474157,0.0330246521305963,0.018197257296451035,9.522481461397539e-05,0.03572054210044091,6.014198817724772e-05,0.05964656558281169,0.00018293188070579516,0.13108764978369356,0.022578078497448494,0.0034506465716695857,6.515382052535169e-05,8.185992835236492e-05,0.021904106004987343,0.00019462615618470435,0.02898081717582941,0.021904106004987343,0.08424656155764362,0.0003641931506288886,6.849504209075424e-05,0.017523284803989878,6.849504209075424e-05,0.07649587789434044,0.00015035497044311915,4.7612407306987696e-05,0.03673150083913263,0.03167670714567401,0.05122190942704735,0.020556161020065057,5.5130155829143774e-05,0.00012446050331124876,0.03369862462305745,0.02527396846729309,8.603645530911818e-05,7.100095826480628e-05,6.014198817724772e-05,0.03336163837682689,6.264790435129963e-05,0.00013281355722475526,0.023589037236140212,0.020893147266295632,0.028306844683368266,5.095362887239043e-05,0.03572054210044091,0.00017290821600958714,7.18362636561569e-05,0.015501367326606435
2025-02-07,6.014198817724772e-05,0.038416432070285486,0.00011276622783233949,0.04785204696474157,0.0330246521305963,0.018197257296451035,9.522481461397539e-05,0.03572054210044091,6.014198817724772e-05,0.05964656558281169,0.00018293188070579516,0.13108764978369356,0.022578078497448494,0.0034506465716695857,6.515382052535169e-05,8.185992835236492e-05,0.021904106004987343,0.00019462615618470435,0.02898081717582941,0.021904106004987343,0.08424656155764362,0.0003641931506288886,6.849504209075424e-05,0.017523284803989878,6.849504209075424e-05,0.07649587789434044,0.00015035497044311915,4.7612407306987696e-05,0.03673150083913263,0.03167670714567401,0.05122190942704735,0.020556161020065057,5.5130155829143774e-05,0.00012446050331124876,0.03369862462305745,0.02527396846729309,8.603645530911818e-05,7.100095826480628e-05,6.014198817724772e-05,0.03336163837682689,6.264790435129963e-05,0.00013281355722475526,0.023589037236140212,0.020893147266295632,0.028306844683368266,5.095362887239043e-05,0.03572054210044091,0.00017290821600958714,7.18362636561569e-05,0.015501367326606435
2025-02-10,6.014198817724772e-05,0.038416432070285486,0.00011276622783233949,0.04785204696474157,0.0330246521305963,0.018197257296451035,9.522481461397539e-05,0.03572054210044091,6.014198817724772e-05,0.05964656558281169,0.00018293188070579516,0.13108764978369356,0.022578078497448494,0.0034506465716695857,6.515382052535169e-05,8.185992835236492e-05,0.021904106004987343,0.00019462615618470435,0.02898081717582941,0.021904106004987343,0.08424656155764362,0.0003641931506288886,6.849504209075424e-05,0.017523284803989878,6.849504209075424e-05,0.07649587789434044,0.00015035497044311915,4.7612407306987696e-05,0.03673150083913263,0.03167670714567401,0.05122190942704735,0.020556161020065057,5.5130155829143774e-05,0.00012446050331124876,0.03369862462305745,0.02527396846729309,8.603645530911818e-05,7.100095826480628e-05,6.014198817724772e-05,0.03336163837682689,6.264790435129963e-05,0.00013281355722475526,0.023589037236140212,0.020893147266295632,0.028306844683368266,5.095362887239043e-05,0.03572054210044091,0.00017290821600958714,7.18362636561569e-05,0.015501367326606435
2025-02-11,6.014198817724772e-05,0.038416432070285486,0.00011276622783233949,0.04785204696474157,0.0330246521305963,0.018197257296451035,9.522481461397539e-05,0.03572054210044091,6.014198817724772e-05,0.05964656558281169,0.00018293188070579516,0.13108764978369356,0.022578078497448494,0.0034506465716695857,6.515382052535169e-05,8.185992835236492e-05,0.021904106004987343,0.00019462615618470435,0.02898081717582941,0.021904106004987343,0.08424656155764362,0.0003641931506288886,6.849504209075424e-05,0.017523284803989878,6.849504209075424e-05,0.07649587789434044,0.00015035497044311915,4.7612407306987696e-05,0.03673150083913263,0.03167670714567401,0.05122190942704735,0.020556161020065057,5.5130155829143774e-05,0.00012446050331124876,0.03369862462305745,0.02527396846729309,8.603645530911818e-05,7.100095826480628e-05,6.014198817724772e-05,0.03336163837682689,6.264790435129963e-05,0.00013281355722475526,0.023589037236140212,0.020893147266295632,0.028306844683368266,5.095362887239043e-05,0.03572054210044091,0.00017290821600958714,7.18362636561569e-05,0.015501367326606435
2025-02-12,6.014198817724772e-05,0.038416432070285486,0.00011276622783233949,0.04785204696474157,0.0330246521305963,0.018197257296451035,9.522481461397539e-05,0.03572054210044091,6.014198817724772e-05,0.05964656558281169,0.00018293188070579516,0.13108764978369356,0.022578078497448494,0.0034506465716695857,6.515382052535169e-05,8.185992835236492e-05,0.021904106004987343,0.00019462615618470435,0.02898081717582941,0.021904106004987343,0.08424656155764362,0.0003641931506288886,6.849504209075424e-05,0.017523284803989878,6.849504209075424e-05,0.07649587789434044,0.00015035497044311915,4.7612407306987696e-05,0.03673150083913263,0.03167670714567401,0.05122190942704735,0.020556161020065057,5.5130155829143774e-05,0.00012446050331124876,0.03369862462305745,0.02527396846729309,8.603645530911818e-05,7.100095826480628e-05,6.014198817724772e-05,0.03336163837682689,6.264790435129963e-05,0.00013281355722475526,0.023589037236140212,0.020893147266295632,0.028306844683368266,5.095362887239043e-05,0.03572054210044091,0.00017290821600958714,7.18362636561569e-05,0.015501367326606435
2025-02-13,6.014198817724772e-05,0.038416432070285486,0.00011276622783233949,0.04785204696474157,0.0330246521305963,0.018197257296451035,9.522481461397539e-05,0.03572054210044091,6.014198817724772e-05,0.05964656558281169,0.00018293188070579516,0.13108764978369356,0.022578078497448494,0.0034506465716695857,6.515382052535169e-05,8.185992835236492e-05,0.021904106004987343,0.00019462615618470435,0.02898081717582941,0.021904106004987343,0.08424656155764362,0.0003641931506288886,6.849504209075424e-05,0.017523284803989878,6.849504209075424e-05,0.07649587789434044,0.00015035497044311915,4.7612407306987696e-05,0.03673150083913263,0.03167670714567401,0.05122190942704735,0.020556161020065057,5.5130155829143774e-05,0.00012446050331124876,0.03369862462305745,0.02527396846729309,8.603645530911818e-05,7.100095826480628e-05,6.014198817724772e-05,0.03336163837682689,6.264790435129963e-05,0.00013281355722475526,0.023589037236140212,0.020893147266295632,0.028306844683368266,5.095362887239043e-05,0.03572054210044091,0.00017290821600958714,7.18362636561569e-05,0.015501367326606435
2025-02-14,6.014198817724772e-05,0.038416432070285486,0.00011276622783233949,0.04785204696474157,0.0330246521305963,0.018197257296451035,9.522481461397539e-05,0.03572054210044091,6.014198817724772e-05,0.05964656558281169,0.00018293188070579516,0.13108764978369356,0.022578078497448494,0.0034506465716695857,6.515382052535169e-05,8.185992835236492e-05,0.021904106004987343,0.00019462615618470435,0.02898081717582941,0.021904106004987343,0.08424656155764362,0.0003641931506288886,6.849504209075424e-05,0.017523284803989878,6.849504209075424e-05,0.07649587789434044,0.00015035497044311915,4.7612407306987696e-05,0.03673150083913263,0.03167670714567401,0.05122190942704735,0.020556161020065057,5.5130155829143774e-05,0.00012446050331124876,0.03369862462305745,0.02527396846729309,8.603645530911818e-05,7.100095826480628e-05,6.014198817724772e-05,0.03336163837682689,6.264790435129963e-05,0.00013281355722475526,0.023589037236140212,0.020893147266295632,0.028306844683368266,5.095362887239043e-05,0.03572054210044091,0.00017290821600958714,7.18362636561569e-05,0.015501367326606435
2025-02-17,6.014198817724772e-05,0.038416432070285486,0.00011276622783233949,0.04785204696474157,0.0330246521305963,0.018197257296451035,9.522481461397539e-05,0.03572054210044091,6.014198817724772e-05,0.05964656558281169,0.00018293188070579516,0.13108764978369356,0.022578078497448494,0.0034506465716695857,6.515382052535169e-05,8.185992835236492e-05,0.021904106004987343,0.00019462615618470435,0.02898081717582941,0.021904106004987343,0.08424656155764362,0.0003641931506288886,6.849504209075424e-05,0.017523284803989878,6.849504209075424e-05,0.07649587789434044,0.00015035497044311915,4.7612407306987696e-05,0.03673150083913263,0.03167670714567401,0.05122190942704735,0.020556161020065057,5.5130155829143774e-05,0.00012446050331124876,0.03369862462305745,0.02527396846729309,8.603645530911818e-05,7.100095826480628e-05,6.014198817724772e-05,0.03336163837682689,6.264790435129963e-05,0.00013281355722475526,0.023589037236140212,0.020893147266295632,0.028306844683368266,5.095362887239043e-05,0.03572054210044091,0.00017290821600958714,7.18362636561569e-05,0.015501367326606435
2025-02-18,6.014198817724772e-05,0.038416432070285486,0.00011276622783233949,0.04785204696474157,0.0330246521305963,0.018197257296451035,9.522481461397539e-05,0.03572054210044091,6.014198817724772e-05,0.05964656558281169,0.00018293188070579516,0.13108764978369356,0.022578078497448494,0.0034506465716695857,6.515382052535169e-05,8.185992835236492e-05,0.021904106004987343,0.00019462615618470435,0.02898081717582941,0.021904106004987343,0.08424656155764362,0.0003641931506288886,6.849504209075424e-05,0.017523284803989878,6.849504209075424e-05,0.07649587789434044,0.00015035497044311915,4.7612407306987696e-05,0.03673150083913263,0.03167670714567401,0.05122190942704735,0.020556161020065057,5.5130155829143774e-05,0.00012446050331124876,0.03369862462305745,0.02527396846729309,8.603645530911818e-05,7.100095826480628e-05,6.014198817724772e-05,0.03336163837682689,6.264790435129963e-05,0.00013281355722475526,0.023589037236140212,0.020893147266295632,0.028306844683368266,5.095362887239043e-05,0.03572054210044091,0.00017290821600958714,7.18362636561569e-05,0.015501367326606435
2025-02-19,6.014198817724772e-05,0.038416432070285486,0.00011276622783233949,0.04785204696474157,0.0330246521305963,0.018197257296451035,9.522481461397539e-05,0.03572054210044091,6.014198817724772e-05,0.05964656558281169,0.00018293188070579516,0.13108764978369356,0.022578078497448494,0.0034506465716695857,6.515382052535169e-05,8.185992835236492e-05,0.021904106004987343,0.00019462615618470435,0.02898081717582941,0.021904106004987343,0.08424656155764362,0.0003641931506288886,6.849504209075424e-05,0.017523284803989878,6.849504209075424e-05,0.07649587789434044,0.00015035497044311915,4.7612407306987696e-05,0.03673150083913263,0.03167670714567401,0.05122190942704735,0.020556161020065057,5.5130155829143774e-05,0.00012446050331124876,0.03369862462305745,0.02527396846729309,8.603645530911818e-05,7.100095826480628e-05,6.014198817724772e-05,0.03336163837682689,6.264790435129963e-05,0.00013281355722475526,0.023589037236140212,0.020893147266295632,0.028306844683368266,5.095362887239043e-05,0.03572054210044091,0.00017290821600958714,7.18362636561569e-05,0.015501367326606435
2025-02-20,6.014198817724772e-05,0.038416432070285486,0.00011276622783233949,0.04785204696474157,0.0330246521305963,0.018197257296451035,9.522481461397539e-05,0.03572054210044091,6.014198817724772e-05,0.05964656558281169,0.00018293188070579516,0.13108764978369356,0.022578078497448494,0.0034506465716695857,6.515382052535169e-05,8.185992835236492e-05,0.021904106004987343,0.00019462615618470435,0.02898081717582941,0.021904106004987343,0.08424656155764362,0.0003641931506288886,6.849504209075424e-05,0.017523284803989878,6.849504209075424e-05,0.07649587789434044,0.00015035497044311915,4.7612407306987696e-05,0.03673150083913263,0.03167670714567401,0.05122190942704735,0.020556161020065057,5.5130155829143774e-05,0.00012446050331124876,0.03369862462305745,0.02527396846729309,8.603645530911818e-05,7.100095826480628e-05,6.014198817724772e-05,0.03336163837682689,6.264790435129963e-05,0.00013281355722475526,0.023589037236140212,0.020893147266295632,0.028306844683368266,5.095362887239043e-05,0.03572054210044091,0.00017290821600958714,7.18362636561569e-05,0.015501367326606435
2025-02-21,6.014198817724772e-05,0.038416432070285486,0.00011276622783233949,0.04785204696474157,0.0330246521305963,0.018197257296451035,9.522481461397539e-05,0.03572054210044091,6.014198817724772e-05,0.05964656558281169,0.00018293188070579516,0.13108764978369356,0.022578078497448494,0.0034506465716695857,6.515382052535169e-05,8.185992835236492e-05,0.021904106004987343,0.00019462615618470435,0.02898081717582941,0.021904106004987343,0.08424656155764362,0.0003641931506288886,6.849504209075424e-05,0.017523284803989878,6.849504209075424e-05,0.07649587789434044,0.00015035497044311915,4.7612407306987696e-05,0.03673150083913263,0.03167670714567401,0.05122190942704735,0.020556161020065057,5.5130155829143774e-05,0.00012446050331124876,0.03369862462305745,0.02527396846729309,8.603645530911818e-05,7.100095826480628e-05,6.014198817724772e-05,0.03336163837682689,6.264790435129963e-05,0.00013281355722475526,0.023589037236140212,0.020893147266295632,0.028306844683368266,5.095362887239043e-05,0.03572054210044091,0.00017290821600958714,7.18362636561569e-05,0.015501367326606435
2025-02-24,6.014198817724772e-05,0.038416432070285486,0.00011276622783233949,0.04785204696474157,0.0330246521305963,0.018197257296451035,9.522481461397539e-05,0.03572054210044091,6.014198817724772e-05,0.05964656558281169,0.00018293188070579516,0.13108764978369356,0.022578078497448494,0.0034506465716695857,6.515382052535169e-05,8.185992835236492e-05,0.021904106004987343,0.00019462615618470435,0.02898081717582941,0.021904106004987343,0.08424656155764362,0.0003641931506288886,6.849504209075424e-05,0.017523284803989878,6.849504209075424e-05,0.07649587789434044,0.00015035497044311915,4.7612407306987696e-05,0.03673150083913263,0.03167670714567401,0.05122190942704735,0.020556161020065057,5.5130155829143774e-05,0.00012446050331124876,0.03369862462305745,0.02527396846729309,8.603645530911818e-05,7.100095826480628e-05,6.014198817724772e-05,0.03336163837682689,6.264790435129963e-05,0.00013281355722475526,0.023589037236140212,0.020893147266295632,0.028306844683368266,5.095362887239043e-05,0.03572054210044091,0.00017290821600958714,7.18362636561569e-05,0.015501367326606435
2025-02-25,6.014198817724772e-05,0.038416432070285486,0.00011276622783233949,0.04785204696474157,0.0330246521305963,0.018197257296451035,9.522481461397539e-05,0.03572054210044091,6.014198817724772e-05,0.05964656558281169,0.00018293188070579516,0.13108764978369356,0.022578078497448494,0.0034506465716695857,6.515382052535169e-05,8.185992835236492e-05,0.021904106004987343,0.00019462615618470435,0.02898081717582941,0.021904106004987343,0.08424656155764362,0.0003641931506288886,6.849504209075424e-05,0.017523284803989878,6.849504209075424e-05,0.07649587789434044,0.00015035497044311915,4.7612407306987696e-05,0.03673150083913263,0.03167670714567401,0.05122190942704735,0.020556161020065057,5.5130155829143774e-05,0.00012446050331124876,0.03369862462305745,0.02527396846729309,8.603645530911818e-05,7.100095826480628e-05,6.014198817724772e-05,0.03336163837682689,6.264790435129963e-05,0.00013281355722475526,0.023589037236140212,0.020893147266295632,0.028306844683368266,5.095362887239043e-05,0.03572054210044091,0.00017290821600958714,7.18362636561569e-05,0.015501367326606435
2025-02-26,6.014198817724772e-05,0.038416432070285486,0.00011276622783233949,0.04785204696474157,0.0330246521305963,0.018197257296451035,9.522481461397539e-05,0.03572054210044091,6.014198817724772e-05,0.05964656558281169,0.00018293188070579516,0.13108764978369356,0.022578078497448494,0.0034506465716695857,6.515382052535169e-05,8.185992835236492e-05,0.021904106004987343,0.00019462615618470435,0.02898081717582941,0.021904106004987343,0.08424656155764362,0.0003641931506288886,6.849504209075424e-05,0.017523284803989878,6.849504209075424e-05,0.07649587789434044,0.00015035497044311915,4.7612407306987696e-05,0.03673150083913263,0.03167670714567401,0.05122190942704735,0.020556161020065057,5.5130155829143774e-05,0.00012446050331124876,0.03369862462305745,0.02527396846729309,8.603645530911818e-05,7.100095826480628e-05,6.014198817724772e-05,0.03336163837682689,6.264790435129963e-05,0.00013281355722475526,0.023589037236140212,0.020893147266295632,0.028306844683368266,5.095362887239043e-05,0.03572054210044091,0.00017290821600958714,7.18362636561569e-05,0.015501367326606435
2025-02-27,6.014198817724772e-05,0.038416432070285486,0.00011276622783233949,0.04785204696474157,0.0330246521305963,0.018197257296451035,9.522481461397539e-05,0.03572054210044091,6.014198817724772e-05,0.05964656558281169,0.00018293188070579516,0.13108764978369356,0.022578078497448494,0.0034506465716695857,6.515382052535169e-05,8.185992835236492e-05,0.021904106004987343,0.00019462615618470435,0.02898081717582941,0.021904106004987343,0.08424656155764362,0.0003641931506288886,6.849504209075424e-05,0.017523284803989878,6.849504209075424e-05,0.07649587789434044,0.00015035497044311915,4.7612407306987696e-05,0.03673150083913263,0.03167670714567401,0.05122190942704735,0.020556161020065057,5.5130155829143774e-05,0.00012446050331124876,0.03369862462305745,0.02527396846729309,8.603645530911818e-05,7.100095826480628e-05,6.014198817724772e-05,0.03336163837682689,6.264790435129963e-05,0.00013281355722475526,0.023589037236140212,0.020893147266295632,0.028306844683368266,5.095362887239043e-05,0.03572054210044091,0.00017290821600958714,7.18362636561569e-05,0.015501367326606435
2025-03-03,6.014198817724772e-05,0.038416432070285486,0.00011276622783233949,0.04785204696474157,0.0330246521305963,0.018197257296451035,9.522481461397539e-05,0.03572054210044091,6.014198817724772e-05,0.05964656558281169,0.00018293188070579516,0.13108764978369356,0.022578078497448494,0.0034506465716695857,6.515382052535169e-05,8.185992835236492e-05,0.021904106004987343,0.00019462615618470435,0.02898081717582941,0.021904106004987343,0.08424656155764362,0.0003641931506288886,6.849504209075424e-05,0.017523284803989878,6.849504209075424e-05,0.07649587789434044,0.00015035497044311915,4.7612407306987696e-05,0.03673150083913263,0.03167670714567401,0.05122190942704735,0.020556161020065057,5.5130155829143774e-05,0.00012446050331124876,0.03369862462305745,0.02527396846729309,8.603645530911818e-05,7.100095826480628e-05,6.014198817724772e-05,0.03336163837682689,6.264790435129963e-05,0.00013281355722475526,0.023589037236140212,0.020893147266295632,0.028306844683368266,5.095362887239043e-05,0.03572054210044091,0.00017290821600958714,7.18362636561569e-05,0.015501367326606435
2025-03-04,6.014198817724772e-05,0.038416432070285486,0.00011276622783233949,0.04785204696474157,0.0330246521305963,0.018197257296451035,9.522481461397539e-05,0.03572054210044091,6.014198817724772e-05,0.05964656558281169,0.00018293188070579516,0.13108764978369356,0.022578078497448494,0.0034506465716695857,6.515382052535169e-05,8.185992835236492e-05,0.021904106004987343,0.00019462615618470435,0.02898081717582941,0.021904106004987343,0.08424656155764362,0.0003641931506288886,6.849504209075424e-05,0.017523284803989878,6.849504209075424e-05,0.07649587789434044,0.00015035497044311915,4.7612407306987696e-05,0.03673150083913263,0.03167670714567401,0.05122190942704735,0.020556161020065057,5.5130155829143774e-05,0.00012446050331124876,0.03369862462305745,0.02527396846729309,8.603645530911818e-05,7.100095826480628e-05,6.014198817724772e-05,0.03336163837682689,6.264790435129963e-05,0.00013281355722475526,0.023589037236140212,0.020893147266295632,0.028306844683368266,5.095362887239043e-05,0.03572054210044091,0.00017290821600958714,7.18362636561569e-05,0.015501367326606435
2025-03-05,6.014198817724772e-05,0.038416432070285486,0.00011276622783233949,0.04785204696474157,0.0330246521305963,0.018197257296451035,9.522481461397539e-05,0.03572054210044091,6.014198817724772e-05,0.05964656558281169,0.00018293188070579516,0.13108764978369356,0.022578078497448494,0.0034506465716695857,6.515382052535169e-05,8.185992835236492e-05,0.021904106004987343,0.00019462615618470435,0.02898081717582941,0.021904106004987343,0.08424656155764362,0.0003641931506288886,6.849504209075424e-05,0.017523284803989878,6.849504209075424e-05,0.07649587789434044,0.00015035497044311915,4.7612407306987696e-05,0.03673150083913263,0.03167670714567401,0.05122190942704735,0.020556161020065057,5.5130155829143774e-05,0.00012446050331124876,0.03369862462305745,0.02527396846729309,8.603645530911818e-05,7.100095826480628e-05,6.014198817724772e-05,0.03336163837682689,6.264790435129963e-05,0.00013281355722475526,0.023589037236140212,0.020893147266295632,0.028306844683368266,5.095362887239043e-05,0.03572054210044091,0.00017290821600958714,7.18362636561569e-05,0.015501367326606435
2025-03-06,6.014198817724772e-05,0.038416432070285486,0.00011276622783233949,0.04785204696474157,0.0330246521305963,0.018197257296451035,9.522481461397539e-05,0.03572054210044091,6.014198817724772e-05,0.05964656558281169,0.00018293188070579516,0.13108764978369356,0.022578078497448494,0.0034506465716695857,6.515382052535169e-05,8.185992835236492e-05,0.021904106004987343,0.00019462615618470435,0.02898081717582941,0.021904106004987343,0.08424656155764362,0.0003641931506288886,6.849504209075424e-05,0.017523284803989878,6.849504209075424e-05,0.07649587789434044,0.00015035497044311915,4.7612407306987696e-05,0.03673150083913263,0.03167670714567401,0.05122190942704735,0.020556161020065057,5.5130155829143774e-05,0.00012446050331124876,0.03369862462305745,0.02527396846729309,8.603645530911818e-05,7.100095826480628e-05,6.014198817724772e-05,0.03336163837682689,6.264790435129963e-05,0.00013281355722475526,0.023589037236140212,0.020893147266295632,0.028306844683368266,5.095362887239043e-05,0.03572054210044091,0.00017290821600958714,7.18362636561569e-05,0.015501367326606435
2025-03-07,6.014198817724772e-05,0.038416432070285486,0.00011276622783233949,0.04785204696474157,0.0330246521305963,0.018197257296451035,9.522481461397539e-05,0.03572054210044091,6.014198817724772e-05,0.05964656558281169,0.00018293188070579516,0.13108764978369356,0.022578078497448494,0.0034506465716695857,6.515382052535169e-05,8.185992835236492e-05,0.021904106004987343,0.00019462615618470435,0.02898081717582941,0.021904106004987343,0.08424656155764362,0.0003641931506288886,6.849504209075424e-05,0.017523284803989878,6.849504209075424e-05,0.07649587789434044,0.00015035497044311915,4.7612407306987696e-05,0.03673150083913263,0.03167670714567401,0.05122190942704735,0.020556161020065057,5.5130155829143774e-05,0.00012446050331124876,0.03369862462305745,0.02527396846729309,8.603645530911818e-05,7.100095826480628e-05,6.014198817724772e-05,0.03336163837682689,6.264790435129963e-05,0.00013281355722475526,0.023589037236140212,0.020893147266295632,0.028306844683368266,5.095362887239043e-05,0.03572054210044091,0.00017290821600958714,7.18362636561569e-05,0.015501367326606435
2025-03-10,6.014198817724772e-05,0.038416432070285486,0.00011276622783233949,0.04785204696474157,0.0330246521305963,0.018197257296451035,9.522481461397539e-05,0.03572054210044091,6.014198817724772e-05,0.05964656558281169,0.00018293188070579516,0.13108764978369356,0.022578078497448494,0.0034506465716695857,6.515382052535169e-05,8.185992835236492e-05,0.021904106004987343,0.00019462615618470435,0.02898081717582941,0.021904106004987343,0.08424656155764362,0.0003641931506288886,6.849504209075424e-05,0.017523284803989878,6.849504209075424e-05,0.07649587789434044,0.00015035497044311915,4.7612407306987696e-05,0.03673150083913263,0.03167670714567401,0.05122190942704735,0.020556161020065057,5.5130155829143774e-05,0.00012446050331124876,0.03369862462305745,0.02527396846729309,8.603645530911818e-05,7.100095826480628e-05,6.014198817724772e-05,0.03336163837682689,6.264790435129963e-05,0.00013281355722475526,0.023589037236140212,0.020893147266295632,0.028306844683368266,5.095362887239043e-05,0.03572054210044091,0.00017290821600958714,7.18362636561569e-05,0.015501367326606435
2025-03-11,6.014198817724772e-05,0.038416432070285486,0.00011276622783233949,0.04785204696474157,0.0330246521305963,0.018197257296451035,9.522481461397539e-05,0.03572054210044091,6.014198817724772e-05,0.05964656558281169,0.00018293188070579516,0.13108764978369356,0.022578078497448494,0.0034506465716695857,6.515382052535169e-05,8.185992835236492e-05,0.021904106004987343,0.00019462615618470435,0.02898081717582941,0.021904106004987343,0.08424656155764362,0.0003641931506288886,6.849504209075424e-05,0.017523284803989878,6.849504209075424e-05,0.07649587789434044,0.00015035497044311915,4.7612407306987696e-05,0.03673150083913263,0.03167670714567401,0.05122190942704735,0.020556161020065057,5.5130155829143774e-05,0.00012446050331124876,0.03369862462305745,0.02527396846729309,8.603645530911818e-05,7.100095826480628e-05,6.014198817724772e-05,0.03336163837682689,6.264790435129963e-05,0.00013281355722475526,0.023589037236140212,0.020893147266295632,0.028306844683368266,5.095362887239043e-05,0.03572054210044091,0.00017290821600958714,7.18362636561569e-05,0.015501367326606435
2025-03-12,6.014198817724772e-05,0.038416432070285486,0.00011276622783233949,0.04785204696474157,0.0330246521305963,0.018197257296451035,9.522481461397539e-05,0.03572054210044091,6.014198817724772e-05,0.05964656558281169,0.00018293188070579516,0.13108764978369356,0.022578078497448494,0.0034506465716695857,6.515382052535169e-05,8.185992835236492e-05,0.021904106004987343,0.00019462615618470435,0.02898081717582941,0.021904106004987343,0.08424656155764362,0.0003641931506288886,6.849504209075424e-05,0.017523284803989878,6.849504209075424e-05,0.07649587789434044,0.00015035497044311915,4.7612407306987696e-05,0.03673150083913263,0.03167670714567401,0.05122190942704735,0.020556161020065057,5.5130155829143774e-05,0.00012446050331124876,0.03369862462305745,0.02527396846729309,8.603645530911818e-05,7.100095826480628e-05,6.014198817724772e-05,0.03336163837682689,6.264790435129963e-05,0.00013281355722475526,0.023589037236140212,0.020893147266295632,0.028306844683368266,5.095362887239043e-05,0.03572054210044091,0.00017290821600958714,7.18362636561569e-05,0.015501367326606435
2025-03-13,6.014198817724772e-05,0.038416432070285486,0.00011276622783233949,0.04785204696474157,0.0330246521305963,0.018197257296451035,9.522481461397539e-05,0.03572054210044091,6.014198817724772e-05,0.05964656558281169,0.00018293188070579516,0.13108764978369356,0.022578078497448494,0.0034506465716695857,6.515382052535169e-05,8.185992835236492e-05,0.021904106004987343,0.00019462615618470435,0.02898081717582941,0.021904106004987343,0.08424656155764362,0.0003641931506288886,6.849504209075424e-05,0.017523284803989878,6.849504209075424e-05,0.07649587789434044,0.00015035497044311915,4.7612407306987696e-05,0.03673150083913263,0.03167670714567401,0.05122190942704735,0.020556161020065057,5.5130155829143774e-05,0.00012446050331124876,0.03369862462305745,0.02527396846729309,8.603645530911818e-05,7.100095826480628e-05,6.014198817724772e-05,0.03336163837682689,6.264790435129963e-05,0.00013281355722475526,0.023589037236140212,0.020893147266295632,0.028306844683368266,5.095362887239043e-05,0.03572054210044091,0.00017290821600958714,7.18362636561569e-05,0.015501367326606435
2025-03-14,6.014198817724772e-05,0.038416432070285486,0.00011276622783233949,0.04785204696474157,0.0330246521305963,0.018197257296451035,9.522481461397539e-05,0.03572054210044091,6.014198817724772e-05,0.05964656558281169,0.00018293188070579516,0.13108764978369356,0.022578078497448494,0.0034506465716695857,6.515382052535169e-05,8.185992835236492e-05,0.021904106004987343,0.00019462615618470435,0.02898081717582941,0.021904106004987343,0.08424656155764362,0.0003641931506288886,6.849504209075424e-05,0.017523284803989878,6.849504209075424e-05,0.07649587789434044,0.00015035497044311915,4.7612407306987696e-05,0.03673150083913263,0.03167670714567401,0.05122190942704735,0.020556161020065057,5.5130155829143774e-05,0.00012446050331124876,0.03369862462305745,0.02527396846729309,8.603645530911818e-05,7.100095826480628e-05,6.014198817724772e-05,0.03336163837682689,6.264790435129963e-05,0.00013281355722475526,0.023589037236140212,0.020893147266295632,0.028306844683368266,5.095362887239043e-05,0.03572054210044091,0.00017290821600958714,7.18362636561569e-05,0.015501367326606435
2025-03-17,6.014198817724772e-05,0.038416432070285486,0.00011276622783233949,0.04785204696474157,0.0330246521305963,0.018197257296451035,9.522481461397539e-05,0.03572054210044091,6.014198817724772e-05,0.05964656558281169,0.00018293188070579516,0.13108764978369356,0.022578078497448494,0.0034506465716695857,6.515382052535169e-05,8.185992835236492e-05,0.021904106004987343,0.00019462615618470435,0.02898081717582941,0.021904106004987343,0.08424656155764362,0.0003641931506288886,6.849504209075424e-05,0.017523284803989878,6.849504209075424e-05,0.07649587789434044,0.00015035497044311915,4.7612407306987696e-05,0.03673150083913263,0.03167670714567401,0.05122190942704735,0.020556161020065057,5.5130155829143774e-05,0.00012446050331124876,0.03369862462305745,0.02527396846729309,8.603645530911818e-05,7.100095826480628e-05,6.014198817724772e-05,0.03336163837682689,6.264790435129963e-05,0.00013281355722475526,0.023589037236140212,0.020893147266295632,0.028306844683368266,5.095362887239043e-05,0.03572054210044091,0.00017290821600958714,7.18362636561569e-05,0.015501367326606435
2025-03-18,6.014198817724772e-05,0.038416432070285486,0.00011276622783233949,0.04785204696474157,0.0330246521305963,0.018197257296451035,9.522481461397539e-05,0.03572054210044091,6.014198817724772e-05,0.05964656558281169,0.00018293188070579516,0.13108764978369356,0.022578078497448494,0.0034506465716695857,6.515382052535169e-05,8.185992835236492e-05,0.021904106004987343,0.00019462615618470435,0.02898081717582941,0.021904106004987343,0.08424656155764362,0.0003641931506288886,6.849504209075424e-05,0.017523284803989878,6.849504209075424e-05,0.07649587789434044,0.00015035497044311915,4.7612407306987696e-05,0.03673150083913263,0.03167670714567401,0.05122190942704735,0.020556161020065057,5.5130155829143774e-05,0.00012446050331124876,0.03369862462305745,0.02527396846729309,8.603645530911818e-05,7.100095826480628e-05,6.014198817724772e-05,0.03336163837682689,6.264790435129963e-05,0.00013281355722475526,0.023589037236140212,0.020893147266295632,0.028306844683368266,5.095362887239043e-05,0.03572054210044091,0.00017290821600958714,7.18362636561569e-05,0.015501367326606435
2025-03-19,6.014198817724772e-05,0.038416432070285486,0.00011276622783233949,0.04785204696474157,0.0330246521305963,0.018197257296451035,9.522481461397539e-05,0.03572054210044091,6.014198817724772e-05,0.05964656558281169,0.00018293188070579516,0.13108764978369356,0.022578078497448494,0.0034506465716695857,6.515382052535169e-05,8.185992835236492e-05,0.021904106004987343,0.00019462615618470435,0.02898081717582941,0.021904106004987343,0.08424656155764362,0.0003641931506288886,6.849504209075424e-05,0.017523284803989878,6.849504209075424e-05,0.07649587789434044,0.00015035497044311915,4.7612407306987696e-05,0.03673150083913263,0.03167670714567401,0.05122190942704735,0.020556161020065057,5.5130155829143774e-05,0.00012446050331124876,0.03369862462305745,0.02527396846729309,8.603645530911818e-05,7.100095826480628e-05,6.014198817724772e-05,0.03336163837682689,6.264790435129963e-05,0.00013281355722475526,0.023589037236140212,0.020893147266295632,0.028306844683368266,5.095362887239043e-05,0.03572054210044091,0.00017290821600958714,7.18362636561569e-05,0.015501367326606435
2025-03-20,6.014198817724772e-05,0.038416432070285486,0.00011276622783233949,0.04785204696474157,0.0330246521305963,0.018197257296451035,9.522481461397539e-05,0.03572054210044091,6.014198817724772e-05,0.05964656558281169,0.00018293188070579516,0.13108764978369356,0.022578078497448494,0.0034506465716695857,6.515382052535169e-05,8.185992835236492e-05,0.021904106004987343,0.00019462615618470435,0.02898081717582941,0.021904106004987343,0.08424656155764362,0.0003641931506288886,6.849504209075424e-05,0.017523284803989878,6.849504209075424e-05,0.07649587789434044,0.00015035497044311915,4.7612407306987696e-05,0.03673150083913263,0.03167670714567401,0.05122190942704735,0.020556161020065057,5.5130155829143774e-05,0.00012446050331124876,0.03369862462305745,0.02527396846729309,8.603645530911818e-05,7.100095826480628e-05,6.014198817724772e-05,0.03336163837682689,6.264790435129963e-05,0.00013281355722475526,0.023589037236140212,0.020893147266295632,0.028306844683368266,5.095362887239043e-05,0.03572054210044091,0.00017290821600958714,7.18362636561569e-05,0.015501367326606435
2025-03-21,6.014198817724772e-05,0.038416432070285486,0.00011276622783233949,0.04785204696474157,0.0330246521305963,0.018197257296451035,9.522481461397539e-05,0.03572054210044091,6.014198817724772e-05,0.05964656558281169,0.00018293188070579516,0.13108764978369356,0.022578078497448494,0.0034506465716695857,6.515382052535169e-05,8.185992835236492e-05,0.021904106004987343,0.00019462615618470435,0.02898081717582941,0.021904106004987343,0.08424656155764362,0.0003641931506288886,6.849504209075424e-05,0.017523284803989878,6.849504209075424e-05,0.07649587789434044,0.00015035497044311915,4.7612407306987696e-05,0.03673150083913263,0.03167670714567401,0.05122190942704735,0.020556161020065057,5.5130155829143774e-05,0.00012446050331124876,0.03369862462305745,0.02527396846729309,8.603645530911818e-05,7.100095826480628e-05,6.014198817724772e-05,0.03336163837682689,6.264790435129963e-05,0.00013281355722475526,0.023589037236140212,0.020893147266295632,0.028306844683368266,5.095362887239043e-05,0.03572054210044091,0.00017290821600958714,7.18362636561569e-05,0.015501367326606435
2025-03-24,6.014198817724772e-05,0.038416432070285486,0.00011276622783233949,0.04785204696474157,0.0330246521305963,0.018197257296451035,9.522481461397539e-05,0.03572054210044091,6.014198817724772e-05,0.05964656558281169,0.00018293188070579516,0.13108764978369356,0.022578078497448494,0.0034506465716695857,6.515382052535169e-05,8.185992835236492e-05,0.021904106004987343,0.00019462615618470435,0.02898081717582941,0.021904106004987343,0.08424656155764362,0.0003641931506288886,6.849504209075424e-05,0.017523284803989878,6.849504209075424e-05,0.07649587789434044,0.00015035497044311915,4.7612407306987696e-05,0.03673150083913263,0.03167670714567401,0.05122190942704735,0.020556161020065057,5.5130155829143774e-05,0.00012446050331124876,0.03369862462305745,0.02527396846729309,8.603645530911818e-05,7.100095826480628e-05,6.014198817724772e-05,0.03336163837682689,6.264790435129963e-05,0.00013281355722475526,0.023589037236140212,0.020893147266295632,0.028306844683368266,5.095362887239043e-05,0.03572054210044091,0.00017290821600958714,7.18362636561569e-05,0.015501367326606435
2025-03-25,6.014198817724772e-05,0.038416432070285486,0.00011276622783233949,0.04785204696474157,0.0330246521305963,0.018197257296451035,9.522481461397539e-05,0.03572054210044091,6.014198817724772e-05,0.05964656558281169,0.00018293188070579516,0.13108764978369356,0.022578078497448494,0.0034506465716695857,6.515382052535169e-05,8.185992835236492e-05,0.021904106004987343,0.00019462615618470435,0.02898081717582941,0.021904106004987343,0.08424656155764362,0.0003641931506288886,6.849504209075424e-05,0.017523284803989878,6.849504209075424e-05,0.07649587789434044,0.00015035497044311915,4.7612407306987696e-05,0.03673150083913263,0.03167670714567401,0.05122190942704735,0.020556161020065057,5.5130155829143774e-05,0.00012446050331124876,0.03369862462305745,0.02527396846729309,8.603645530911818e-05,7.100095826480628e-05,6.014198817724772e-05,0.03336163837682689,6.264790435129963e-05,0.00013281355722475526,0.023589037236140212,0.020893147266295632,0.028306844683368266,5.095362887239043e-05,0.03572054210044091,0.00017290821600958714,7.18362636561569e-05,0.015501367326606435
2025-03-26,6.014198817724772e-05,0.038416432070285486,0.00011276622783233949,0.04785204696474157,0.0330246521305963,0.018197257296451035,9.522481461397539e-05,0.03572054210044091,6.014198817724772e-05,0.05964656558281169,0.00018293188070579516,0.13108764978369356,0.022578078497448494,0.0034506465716695857,6.515382052535169e-05,8.185992835236492e-05,0.021904106004987343,0.00019462615618470435,0.02898081717582941,0.021904106004987343,0.08424656155764362,0.0003641931506288886,6.849504209075424e-05,0.017523284803989878,6.849504209075424e-05,0.07649587789434044,0.00015035497044311915,4.7612407306987696e-05,0.03673150083913263,0.03167670714567401,0.05122190942704735,0.020556161020065057,5.5130155829143774e-05,0.00012446050331124876,0.03369862462305745,0.02527396846729309,8.603645530911818e-05,7.100095826480628e-05,6.014198817724772e-05,0.03336163837682689,6.264790435129963e-05,0.00013281355722475526,0.023589037236140212,0.020893147266295632,0.028306844683368266,5.095362887239043e-05,0.03572054210044091,0.00017290821600958714,7.18362636561569e-05,0.015501367326606435
2025-03-27,6.014198817724772e-05,0.038416432070285486,0.00011276622783233949,0.04785204696474157,0.0330246521305963,0.018197257296451035,9.522481461397539e-05,0.03572054210044091,6.014198817724772e-05,0.05964656558281169,0.00018293188070579516,0.13108764978369356,0.022578078497448494,0.0034506465716695857,6.515382052535169e-05,8.185992835236492e-05,0.021904106004987343,0.00019462615618470435,0.02898081717582941,0.021904106004987343,0.08424656155764362,0.0003641931506288886,6.849504209075424e-05,0.017523284803989878,6.849504209075424e-05,0.07649587789434044,0.00015035497044311915,4.7612407306987696e-05,0.03673150083913263,0.03167670714567401,0.05122190942704735,0.020556161020065057,5.5130155829143774e-05,0.00012446050331124876,0.03369862462305745,0.02527396846729309,8.603645530911818e-05,7.100095826480628e-05,6.014198817724772e-05,0.03336163837682689,6.264790435129963e-05,0.00013281355722475526,0.023589037236140212,0.020893147266295632,0.028306844683368266,5.095362887239043e-05,0.03572054210044091,0.00017290821600958714,7.18362636561569e-05,0.015501367326606435
2025-03-28,6.014198817724772e-05,0.038416432070285486,0.00011276622783233949,0.04785204696474157,0.0330246521305963,0.018197257296451035,9.522481461397539e-05,0.03572054210044091,6.014198817724772e-05,0.05964656558281169,0.00018293188070579516,0.13108764978369356,0.022578078497448494,0.0034506465716695857,6.515382052535169e-05,8.185992835236492e-05,0.021904106004987343,0.00019462615618470435,0.02898081717582941,0.021904106004987343,0.08424656155764362,0.0003641931506288886,6.849504209075424e-05,0.017523284803989878,6.849504209075424e-05,0.07649587789434044,0.00015035497044311915,4.7612407306987696e-05,0.03673150083913263,0.03167670714567401,0.05122190942704735,0.020556161020065057,5.5130155829143774e-05,0.00012446050331124876,0.03369862462305745,0.02527396846729309,8.603645530911818e-05,7.100095826480628e-05,6.014198817724772e-05,0.03336163837682689,6.264790435129963e-05,0.00013281355722475526,0.023589037236140212,0.020893147266295632,0.028306844683368266,5.095362887239043e-05,0.03572054210044091,0.00017290821600958714,7.18362636561569e-05,0.015501367326606435
2025-03-31,6.014198817724772e-05,0.038416432070285486,0.00011276622783233949,0.04785204696474157,0.0330246521305963,0.018197257296451035,9.522481461397539e-05,0.03572054210044091,6.014198817724772e-05,0.05964656558281169,0.00018293188070579516,0.13108764978369356,0.022578078497448494,0.0034506465716695857,6.515382052535169e-05,8.185992835236492e-05,0.021904106004987343,0.00019462615618470435,0.02898081717582941,0.021904106004987343,0.08424656155764362,0.0003641931506288886,6.849504209075424e-05,0.017523284803989878,6.849504209075424e-05,0.07649587789434044,0.00015035497044311915,4.7612407306987696e-05,0.03673150083913263,0.03167670714567401,0.05122190942704735,0.020556161020065057,5.5130155829143774e-05,0.00012446050331124876,0.03369862462305745,0.02527396846729309,8.603645530911818e-05,7.100095826480628e-05,6.014198817724772e-05,0.03336163837682689,6.264790435129963e-05,0.00013281355722475526,0.023589037236140212,0.020893147266295632,0.028306844683368266,5.095362887239043e-05,0.03572054210044091,0.00017290821600958714,7.18362636561569e-05,0.015501367326606435
2025-04-01,6.014198817724772e-05,0.038416432070285486,0.00011276622783233949,0.04785204696474157,0.0330246521305963,0.018197257296451035,9.522481461397539e-05,0.03572054210044091,6.014198817724772e-05,0.05964656558281169,0.00018293188070579516,0.13108764978369356,0.022578078497448494,0.0034506465716695857,6.515382052535169e-05,8.185992835236492e-05,0.021904106004987343,0.00019462615618470435,0.02898081717582941,0.021904106004987343,0.08424656155764362,0.0003641931506288886,6.849504209075424e-05,0.017523284803989878,6.849504209075424e-05,0.07649587789434044,0.00015035497044311915,4.7612407306987696e-05,0.03673150083913263,0.03167670714567401,0.05122190942704735,0.020556161020065057,5.5130155829143774e-05,0.00012446050331124876,0.03369862462305745,0.02527396846729309,8.603645530911818e-05,7.100095826480628e-05,6.014198817724772e-05,0.03336163837682689,6.264790435129963e-05,0.00013281355722475526,0.023589037236140212,0.020893147266295632,0.028306844683368266,5.095362887239043e-05,0.03572054210044091,0.00017290821600958714,7.18362636561569e-05,0.015501367326606435
2025-04-02,6.014198817724772e-05,0.038416432070285486,0.00011276622783233949,0.04785204696474157,0.0330246521305963,0.018197257296451035,9.522481461397539e-05,0.03572054210044091,6.014198817724772e-05,0.05964656558281169,0.00018293188070579516,0.13108764978369356,0.022578078497448494,0.0034506465716695857,6.515382052535169e-05,8.185992835236492e-05,0.021904106004987343,0.00019462615618470435,0.02898081717582941,0.021904106004987343,0.08424656155764362,0.0003641931506288886,6.849504209075424e-05,0.017523284803989878,6.849504209075424e-05,0.07649587789434044,0.00015035497044311915,4.7612407306987696e-05,0.03673150083913263,0.03167670714567401,0.05122190942704735,0.020556161020065057,5.5130155829143774e-05,0.00012446050331124876,0.03369862462305745,0.02527396846729309,8.603645530911818e-05,7.100095826480628e-05,6.014198817724772e-05,0.03336163837682689,6.264790435129963e-05,0.00013281355722475526,0.023589037236140212,0.020893147266295632,0.028306844683368266,5.095362887239043e-05,0.03572054210044091,0.00017290821600958714,7.18362636561569e-05,0.015501367326606435
2025-04-07,6.014198817724772e-05,0.038416432070285486,0.00011276622783233949,0.04785204696474157,0.0330246521305963,0.018197257296451035,9.522481461397539e-05,0.03572054210044091,6.014198817724772e-05,0.05964656558281169,0.00018293188070579516,0.13108764978369356,0.022578078497448494,0.0034506465716695857,6.515382052535169e-05,8.185992835236492e-05,0.021904106004987343,0.00019462615618470435,0.02898081717582941,0.021904106004987343,0.08424656155764362,0.0003641931506288886,6.849504209075424e-05,0.017523284803989878,6.849504209075424e-05,0.07649587789434044,0.00015035497044311915,4.7612407306987696e-05,0.03673150083913263,0.03167670714567401,0.05122190942704735,0.020556161020065057,5.5130155829143774e-05,0.00012446050331124876,0.03369862462305745,0.02527396846729309,8.603645530911818e-05,7.100095826480628e-05,6.014198817724772e-05,0.03336163837682689,6.264790435129963e-05,0.00013281355722475526,0.023589037236140212,0.020893147266295632,0.028306844683368266,5.095362887239043e-05,0.03572054210044091,0.00017290821600958714,7.18362636561569e-05,0.015501367326606435
2025-04-08,6.014198817724772e-05,0.038416432070285486,0.00011276622783233949,0.04785204696474157,0.0330246521305963,0.018197257296451035,9.522481461397539e-05,0.03572054210044091,6.014198817724772e-05,0.05964656558281169,0.00018293188070579516,0.13108764978369356,0.022578078497448494,0.0034506465716695857,6.515382052535169e-05,8.185992835236492e-05,0.021904106004987343,0.00019462615618470435,0.02898081717582941,0.021904106004987343,0.08424656155764362,0.0003641931506288886,6.849504209075424e-05,0.017523284803989878,6.849504209075424e-05,0.07649587789434044,0.00015035497044311915,4.7612407306987696e-05,0.03673150083913263,0.03167670714567401,0.05122190942704735,0.020556161020065057,5.5130155829143774e-05,0.00012446050331124876,0.03369862462305745,0.02527396846729309,8.603645530911818e-05,7.100095826480628e-05,6.014198817724772e-05,0.03336163837682689,6.264790435129963e-05,0.00013281355722475526,0.023589037236140212,0.020893147266295632,0.028306844683368266,5.095362887239043e-05,0.03572054210044091,0.00017290821600958714,7.18362636561569e-05,0.015501367326606435
2025-04-09,6.014198817724772e-05,0.038416432070285486,0.00011276622783233949,0.04785204696474157,0.0330246521305963,0.018197257296451035,9.522481461397539e-05,0.03572054210044091,6.014198817724772e-05,0.05964656558281169,0.00018293188070579516,0.13108764978369356,0.022578078497448494,0.0034506465716695857,6.515382052535169e-05,8.185992835236492e-05,0.021904106004987343,0.00019462615618470435,0.02898081717582941,0.021904106004987343,0.08424656155764362,0.0003641931506288886,6.849504209075424e-05,0.017523284803989878,6.849504209075424e-05,0.07649587789434044,0.00015035497044311915,4.7612407306987696e-05,0.03673150083913263,0.03167670714567401,0.05122190942704735,0.020556161020065057,5.5130155829143774e-05,0.00012446050331124876,0.03369862462305745,0.02527396846729309,8.603645530911818e-05,7.100095826480628e-05,6.014198817724772e-05,0.03336163837682689,6.264790435129963e-05,0.00013281355722475526,0.023589037236140212,0.020893147266295632,0.028306844683368266,5.095362887239043e-05,0.03572054210044091,0.00017290821600958714,7.18362636561569e-05,0.015501367326606435
2025-04-10,6.014198817724772e-05,0.038416432070285486,0.00011276622783233949,0.04785204696474157,0.0330246521305963,0.018197257296451035,9.522481461397539e-05,0.03572054210044091,6.014198817724772e-05,0.05964656558281169,0.00018293188070579516,0.13108764978369356,0.022578078497448494,0.0034506465716695857,6.515382052535169e-05,8.185992835236492e-05,0.021904106004987343,0.00019462615618470435,0.02898081717582941,0.021904106004987343,0.08424656155764362,0.0003641931506288886,6.849504209075424e-05,0.017523284803989878,6.849504209075424e-05,0.07649587789434044,0.00015035497044311915,4.7612407306987696e-05,0.03673150083913263,0.03167670714567401,0.05122190942704735,0.020556161020065057,5.5130155829143774e-05,0.00012446050331124876,0.03369862462305745,0.02527396846729309,8.603645530911818e-05,7.100095826480628e-05,6.014198817724772e-05,0.03336163837682689,6.264790435129963e-05,0.00013281355722475526,0.023589037236140212,0.020893147266295632,0.028306844683368266,5.095362887239043e-05,0.03572054210044091,0.00017290821600958714,7.18362636561569e-05,0.015501367326606435
2025-04-11,6.014198817724772e-05,0.038416432070285486,0.00011276622783233949,0.04785204696474157,0.0330246521305963,0.018197257296451035,9.522481461397539e-05,0.03572054210044091,6.014198817724772e-05,0.05964656558281169,0.00018293188070579516,0.13108764978369356,0.022578078497448494,0.0034506465716695857,6.515382052535169e-05,8.185992835236492e-05,0.021904106004987343,0.00019462615618470435,0.02898081717582941,0.021904106004987343,0.08424656155764362,0.0003641931506288886,6.849504209075424e-05,0.017523284803989878,6.849504209075424e-05,0.07649587789434044,0.00015035497044311915,4.7612407306987696e-05,0.03673150083913263,0.03167670714567401,0.05122190942704735,0.020556161020065057,5.5130155829143774e-05,0.00012446050331124876,0.03369862462305745,0.02527396846729309,8.603645530911818e-05,7.100095826480628e-05,6.014198817724772e-05,0.03336163837682689,6.264790435129963e-05,0.00013281355722475526,0.023589037236140212,0.020893147266295632,0.028306844683368266,5.095362887239043e-05,0.03572054210044091,0.00017290821600958714,7.18362636561569e-05,0.015501367326606435
2025-04-14,6.014198817724772e-05,0.038416432070285486,0.00011276622783233949,0.04785204696474157,0.0330246521305963,0.018197257296451035,9.522481461397539e-05,0.03572054210044091,6.014198817724772e-05,0.05964656558281169,0.00018293188070579516,0.13108764978369356,0.022578078497448494,0.0034506465716695857,6.515382052535169e-05,8.185992835236492e-05,0.021904106004987343,0.00019462615618470435,0.02898081717582941,0.021904106004987343,0.08424656155764362,0.0003641931506288886,6.849504209075424e-05,0.017523284803989878,6.849504209075424e-05,0.07649587789434044,0.00015035497044311915,4.7612407306987696e-05,0.03673150083913263,0.03167670714567401,0.05122190942704735,0.020556161020065057,5.5130155829143774e-05,0.00012446050331124876,0.03369862462305745,0.02527396846729309,8.603645530911818e-05,7.100095826480628e-05,6.014198817724772e-05,0.03336163837682689,6.264790435129963e-05,0.00013281355722475526,0.023589037236140212,0.020893147266295632,0.028306844683368266,5.095362887239043e-05,0.03572054210044091,0.00017290821600958714,7.18362636561569e-05,0.015501367326606435
2025-04-15,6.014198817724772e-05,0.038416432070285486,0.00011276622783233949,0.04785204696474157,0.0330246521305963,0.018197257296451035,9.522481461397539e-05,0.03572054210044091,6.014198817724772e-05,0.05964656558281169,0.00018293188070579516,0.13108764978369356,0.022578078497448494,0.0034506465716695857,6.515382052535169e-05,8.185992835236492e-05,0.021904106004987343,0.00019462615618470435,0.02898081717582941,0.021904106004987343,0.08424656155764362,0.0003641931506288886,6.849504209075424e-05,0.017523284803989878,6.849504209075424e-05,0.07649587789434044,0.00015035497044311915,4.7612407306987696e-05,0.03673150083913263,0.03167670714567401,0.05122190942704735,0.020556161020065057,5.5130155829143774e-05,0.00012446050331124876,0.03369862462305745,0.02527396846729309,8.603645530911818e-05,7.100095826480628e-05,6.014198817724772e-05,0.03336163837682689,6.264790435129963e-05,0.00013281355722475526,0.023589037236140212,0.020893147266295632,0.028306844683368266,5.095362887239043e-05,0.03572054210044091,0.00017290821600958714,7.18362636561569e-05,0.015501367326606435
2025-04-16,6.014198817724772e-05,0.038416432070285486,0.00011276622783233949,0.04785204696474157,0.0330246521305963,0.018197257296451035,9.522481461397539e-05,0.03572054210044091,6.014198817724772e-05,0.05964656558281169,0.00018293188070579516,0.13108764978369356,0.022578078497448494,0.0034506465716695857,6.515382052535169e-05,8.185992835236492e-05,0.021904106004987343,0.00019462615618470435,0.02898081717582941,0.021904106004987343,0.08424656155764362,0.0003641931506288886,6.849504209075424e-05,0.017523284803989878,6.849504209075424e-05,0.07649587789434044,0.00015035497044311915,4.7612407306987696e-05,0.03673150083913263,0.03167670714567401,0.05122190942704735,0.020556161020065057,5.5130155829143774e-05,0.00012446050331124876,0.03369862462305745,0.02527396846729309,8.603645530911818e-05,7.100095826480628e-05,6.014198817724772e-05,0.03336163837682689,6.264790435129963e-05,0.00013281355722475526,0.023589037236140212,0.020893147266295632,0.028306844683368266,5.095362887239043e-05,0.03572054210044091,0.00017290821600958714,7.18362636561569e-05,0.015501367326606435
2025-04-17,6.014198817724772e-05,0.038416432070285486,0.00011276622783233949,0.04785204696474157,0.0330246521305963,0.018197257296451035,9.522481461397539e-05,0.03572054210044091,6.014198817724772e-05,0.05964656558281169,0.00018293188070579516,0.13108764978369356,0.022578078497448494,0.0034506465716695857,6.515382052535169e-05,8.185992835236492e-05,0.021904106004987343,0.00019462615618470435,0.02898081717582941,0.021904106004987343,0.08424656155764362,0.0003641931506288886,6.849504209075424e-05,0.017523284803989878,6.849504209075424e-05,0.07649587789434044,0.00015035497044311915,4.7612407306987696e-05,0.03673150083913263,0.03167670714567401,0.05122190942704735,0.020556161020065057,5.5130155829143774e-05,0.00012446050331124876,0.03369862462305745,0.02527396846729309,8.603645530911818e-05,7.100095826480628e-05,6.014198817724772e-05,0.03336163837682689,6.264790435129963e-05,0.00013281355722475526,0.023589037236140212,0.020893147266295632,0.028306844683368266,5.095362887239043e-05,0.03572054210044091,0.00017290821600958714,7.18362636561569e-05,0.015501367326606435
2025-04-18,6.014198817724772e-05,0.038416432070285486,0.00011276622783233949,0.04785204696474157,0.0330246521305963,0.018197257296451035,9.522481461397539e-05,0.03572054210044091,6.014198817724772e-05,0.05964656558281169,0.00018293188070579516,0.13108764978369356,0.022578078497448494,0.0034506465716695857,6.515382052535169e-05,8.185992835236492e-05,0.021904106004987343,0.00019462615618470435,0.02898081717582941,0.021904106004987343,0.08424656155764362,0.0003641931506288886,6.849504209075424e-05,0.017523284803989878,6.849504209075424e-05,0.07649587789434044,0.00015035497044311915,4.7612407306987696e-05,0.03673150083913263,0.03167670714567401,0.05122190942704735,0.020556161020065057,5.5130155829143774e-05,0.00012446050331124876,0.03369862462305745,0.02527396846729309,8.603645530911818e-05,7.100095826480628e-05,6.014198817724772e-05,0.03336163837682689,6.264790435129963e-05,0.00013281355722475526,0.023589037236140212,0.020893147266295632,0.028306844683368266,5.095362887239043e-05,0.03572054210044091,0.00017290821600958714,7.18362636561569e-05,0.015501367326606435
2025-04-21,6.014198817724772e-05,0.038416432070285486,0.00011276622783233949,0.04785204696474157,0.0330246521305963,0.018197257296451035,9.522481461397539e-05,0.03572054210044091,6.014198817724772e-05,0.05964656558281169,0.00018293188070579516,0.13108764978369356,0.022578078497448494,0.0034506465716695857,6.515382052535169e-05,8.185992835236492e-05,0.021904106004987343,0.00019462615618470435,0.02898081717582941,0.021904106004987343,0.08424656155764362,0.0003641931506288886,6.849504209075424e-05,0.017523284803989878,6.849504209075424e-05,0.07649587789434044,0.00015035497044311915,4.7612407306987696e-05,0.03673150083913263,0.03167670714567401,0.05122190942704735,0.020556161020065057,5.5130155829143774e-05,0.00012446050331124876,0.03369862462305745,0.02527396846729309,8.603645530911818e-05,7.100095826480628e-05,6.014198817724772e-05,0.03336163837682689,6.264790435129963e-05,0.00013281355722475526,0.023589037236140212,0.020893147266295632,0.028306844683368266,5.095362887239043e-05,0.03572054210044091,0.00017290821600958714,7.18362636561569e-05,0.015501367326606435
2025-04-22,6.014198817724772e-05,0.038416432070285486,0.00011276622783233949,0.04785204696474157,0.0330246521305963,0.018197257296451035,9.522481461397539e-05,0.03572054210044091,6.014198817724772e-05,0.05964656558281169,0.00018293188070579516,0.13108764978369356,0.022578078497448494,0.0034506465716695857,6.515382052535169e-05,8.185992835236492e-05,0.021904106004987343,0.00019462615618470435,0.02898081717582941,0.021904106004987343,0.08424656155764362,0.0003641931506288886,6.849504209075424e-05,0.017523284803989878,6.849504209075424e-05,0.07649587789434044,0.00015035497044311915,4.7612407306987696e-05,0.03673150083913263,0.03167670714567401,0.05122190942704735,0.020556161020065057,5.5130155829143774e-05,0.00012446050331124876,0.03369862462305745,0.02527396846729309,8.603645530911818e-05,7.100095826480628e-05,6.014198817724772e-05,0.03336163837682689,6.264790435129963e-05,0.00013281355722475526,0.023589037236140212,0.020893147266295632,0.028306844683368266,5.095362887239043e-05,0.03572054210044091,0.00017290821600958714,7.18362636561569e-05,0.015501367326606435
2025-04-23,6.014198817724772e-05,0.038416432070285486,0.00011276622783233949,0.04785204696474157,0.0330246521305963,0.018197257296451035,9.522481461397539e-05,0.03572054210044091,6.014198817724772e-05,0.05964656558281169,0.00018293188070579516,0.13108764978369356,0.022578078497448494,0.0034506465716695857,6.515382052535169e-05,8.185992835236492e-05,0.021904106004987343,0.00019462615618470435,0.02898081717582941,0.021904106004987343,0.08424656155764362,0.0003641931506288886,6.849504209075424e-05,0.017523284803989878,6.849504209075424e-05,0.07649587789434044,0.00015035497044311915,4.7612407306987696e-05,0.03673150083913263,0.03167670714567401,0.05122190942704735,0.020556161020065057,5.5130155829143774e-05,0.00012446050331124876,0.03369862462305745,0.02527396846729309,8.603645530911818e-05,7.100095826480628e-05,6.014198817724772e-05,0.03336163837682689,6.264790435129963e-05,0.00013281355722475526,0.023589037236140212,0.020893147266295632,0.028306844683368266,5.095362887239043e-05,0.03572054210044091,0.00017290821600958714,7.18362636561569e-05,0.015501367326606435
2025-04-24,6.014198817724772e-05,0.038416432070285486,0.00011276622783233949,0.04785204696474157,0.0330246521305963,0.018197257296451035,9.522481461397539e-05,0.03572054210044091,6.014198817724772e-05,0.05964656558281169,0.00018293188070579516,0.13108764978369356,0.022578078497448494,0.0034506465716695857,6.515382052535169e-05,8.185992835236492e-05,0.021904106004987343,0.00019462615618470435,0.02898081717582941,0.021904106004987343,0.08424656155764362,0.0003641931506288886,6.849504209075424e-05,0.017523284803989878,6.849504209075424e-05,0.07649587789434044,0.00015035497044311915,4.7612407306987696e-05,0.03673150083913263,0.03167670714567401,0.05122190942704735,0.020556161020065057,5.5130155829143774e-05,0.00012446050331124876,0.03369862462305745,0.02527396846729309,8.603645530911818e-05,7.100095826480628e-05,6.014198817724772e-05,0.03336163837682689,6.264790435129963e-05,0.00013281355722475526,0.023589037236140212,0.020893147266295632,0.028306844683368266,5.095362887239043e-05,0.03572054210044091,0.00017290821600958714,7.18362636561569e-05,0.015501367326606435
2025-04-25,6.014198817724772e-05,0.038416432070285486,0.00011276622783233949,0.04785204696474157,0.0330246521305963,0.018197257296451035,9.522481461397539e-05,0.03572054210044091,6.014198817724772e-05,0.05964656558281169,0.00018293188070579516,0.13108764978369356,0.022578078497448494,0.0034506465716695857,6.515382052535169e-05,8.185992835236492e-05,0.021904106004987343,0.00019462615618470435,0.02898081717582941,0.021904106004987343,0.08424656155764362,0.0003641931506288886,6.849504209075424e-05,0.017523284803989878,6.849504209075424e-05,0.07649587789434044,0.00015035497044311915,4.7612407306987696e-05,0.03673150083913263,0.03167670714567401,0.05122190942704735,0.020556161020065057,5.5130155829143774e-05,0.00012446050331124876,0.03369862462305745,0.02527396846729309,8.603645530911818e-05,7.100095826480628e-05,6.014198817724772e-05,0.03336163837682689,6.264790435129963e-05,0.00013281355722475526,0.023589037236140212,0.020893147266295632,0.028306844683368266,5.095362887239043e-05,0.03572054210044091,0.00017290821600958714,7.18362636561569e-05,0.015501367326606435
2025-04-28,6.014198817724772e-05,0.038416432070285486,0.00011276622783233949,0.04785204696474157,0.0330246521305963,0.018197257296451035,9.522481461397539e-05,0.03572054210044091,6.014198817724772e-05,0.05964656558281169,0.00018293188070579516,0.13108764978369356,0.022578078497448494,0.0034506465716695857,6.515382052535169e-05,8.185992835236492e-05,0.021904106004987343,0.00019462615618470435,0.02898081717582941,0.021904106004987343,0.08424656155764362,0.0003641931506288886,6.849504209075424e-05,0.017523284803989878,6.849504209075424e-05,0.07649587789434044,0.00015035497044311915,4.7612407306987696e-05,0.03673150083913263,0.03167670714567401,0.05122190942704735,0.020556161020065057,5.5130155829143774e-05,0.00012446050331124876,0.03369862462305745,0.02527396846729309,8.603645530911818e-05,7.100095826480628e-05,6.014198817724772e-05,0.03336163837682689,6.264790435129963e-05,0.00013281355722475526,0.023589037236140212,0.020893147266295632,0.028306844683368266,5.095362887239043e-05,0.03572054210044091,0.00017290821600958714,7.18362636561569e-05,0.015501367326606435
2025-04-29,6.014198817724772e-05,0.038416432070285486,0.00011276622783233949,0.04785204696474157,0.0330246521305963,0.018197257296451035,9.522481461397539e-05,0.03572054210044091,6.014198817724772e-05,0.05964656558281169,0.00018293188070579516,0.13108764978369356,0.022578078497448494,0.0034506465716695857,6.515382052535169e-05,8.185992835236492e-05,0.021904106004987343,0.00019462615618470435,0.02898081717582941,0.021904106004987343,0.08424656155764362,0.0003641931506288886,6.849504209075424e-05,0.017523284803989878,6.849504209075424e-05,0.07649587789434044,0.00015035497044311915,4.7612407306987696e-05,0.03673150083913263,0.03167670714567401,0.05122190942704735,0.020556161020065057,5.5130155829143774e-05,0.00012446050331124876,0.03369862462305745,0.02527396846729309,8.603645530911818e-05,7.100095826480628e-05,6.014198817724772e-05,0.03336163837682689,6.264790435129963e-05,0.00013281355722475526,0.023589037236140212,0.020893147266295632,0.028306844683368266,5.095362887239043e-05,0.03572054210044091,0.00017290821600958714,7.18362636561569e-05,0.015501367326606435
2025-04-30,6.014198817724772e-05,0.038416432070285486,0.00011276622783233949,0.04785204696474157,0.0330246521305963,0.018197257296451035,9.522481461397539e-05,0.03572054210044091,6.014198817724772e-05,0.05964656558281169,0.00018293188070579516,0.13108764978369356,0.022578078497448494,0.0034506465716695857,6.515382052535169e-05,8.185992835236492e-05,0.021904106004987343,0.00019462615618470435,0.02898081717582941,0.021904106004987343,0.08424656155764362,0.0003641931506288886,6.849504209075424e-05,0.017523284803989878,6.849504209075424e-05,0.07649587789434044,0.00015035497044311915,4.7612407306987696e-05,0.03673150083913263,0.03167670714567401,0.05122190942704735,0.020556161020065057,5.5130155829143774e-05,0.00012446050331124876,0.03369862462305745,0.02527396846729309,8.603645530911818e-05,7.100095826480628e-05,6.014198817724772e-05,0.03336163837682689,6.264790435129963e-05,0.00013281355722475526,0.023589037236140212,0.020893147266295632,0.028306844683368266,5.095362887239043e-05,0.03572054210044091,0.00017290821600958714,7.18362636561569e-05,0.015501367326606435
2025-05-02,6.014198817724772e-05,0.038416432070285486,0.00011276622783233949,0.04785204696474157,0.0330246521305963,0.018197257296451035,9.522481461397539e-05,0.03572054210044091,6.014198817724772e-05,0.05964656558281169,0.00018293188070579516,0.13108764978369356,0.022578078497448494,0.0034506465716695857,6.515382052535169e-05,8.185992835236492e-05,0.021904106004987343,0.00019462615618470435,0.02898081717582941,0.021904106004987343,0.08424656155764362,0.0003641931506288886,6.849504209075424e-05,0.017523284803989878,6.849504209075424e-05,0.07649587789434044,0.00015035497044311915,4.7612407306987696e-05,0.03673150083913263,0.03167670714567401,0.05122190942704735,0.020556161020065057,5.5130155829143774e-05,0.00012446050331124876,0.03369862462305745,0.02527396846729309,8.603645530911818e-05,7.100095826480628e-05,6.014198817724772e-05,0.03336163837682689,6.264790435129963e-05,0.00013281355722475526,0.023589037236140212,0.020893147266295632,0.028306844683368266,5.095362887239043e-05,0.03572054210044091,0.00017290821600958714,7.18362636561569e-05,0.015501367326606435
2025-05-05,6.014198817724772e-05,0.038416432070285486,0.00011276622783233949,0.04785204696474157,0.0330246521305963,0.018197257296451035,9.522481461397539e-05,0.03572054210044091,6.014198817724772e-05,0.05964656558281169,0.00018293188070579516,0.13108764978369356,0.022578078497448494,0.0034506465716695857,6.515382052535169e-05,8.185992835236492e-05,0.021904106004987343,0.00019462615618470435,0.02898081717582941,0.021904106004987343,0.08424656155764362,0.0003641931506288886,6.849504209075424e-05,0.017523284803989878,6.849504209075424e-05,0.07649587789434044,0.00015035497044311915,4.7612407306987696e-05,0.03673150083913263,0.03167670714567401,0.05122190942704735,0.020556161020065057,5.5130155829143774e-05,0.00012446050331124876,0.03369862462305745,0.02527396846729309,8.603645530911818e-05,7.100095826480628e-05,6.014198817724772e-05,0.03336163837682689,6.264790435129963e-05,0.00013281355722475526,0.023589037236140212,0.020893147266295632,0.028306844683368266,5.095362887239043e-05,0.03572054210044091,0.00017290821600958714,7.18362636561569e-05,0.015501367326606435
2025-05-06,6.014198817724772e-05,0.038416432070285486,0.00011276622783233949,0.04785204696474157,0.0330246521305963,0.018197257296451035,9.522481461397539e-05,0.03572054210044091,6.014198817724772e-05,0.05964656558281169,0.00018293188070579516,0.13108764978369356,0.022578078497448494,0.0034506465716695857,6.515382052535169e-05,8.185992835236492e-05,0.021904106004987343,0.00019462615618470435,0.02898081717582941,0.021904106004987343,0.08424656155764362,0.0003641931506288886,6.849504209075424e-05,0.017523284803989878,6.849504209075424e-05,0.07649587789434044,0.00015035497044311915,4.7612407306987696e-05,0.03673150083913263,0.03167670714567401,0.05122190942704735,0.020556161020065057,5.5130155829143774e-05,0.00012446050331124876,0.03369862462305745,0.02527396846729309,8.603645530911818e-05,7.100095826480628e-05,6.014198817724772e-05,0.03336163837682689,6.264790435129963e-05,0.00013281355722475526,0.023589037236140212,0.020893147266295632,0.028306844683368266,5.095362887239043e-05,0.03572054210044091,0.00017290821600958714,7.18362636561569e-05,0.015501367326606435
2025-05-07,6.014198817724772e-05,0.038416432070285486,0.00011276622783233949,0.04785204696474157,0.0330246521305963,0.018197257296451035,9.522481461397539e-05,0.03572054210044091,6.014198817724772e-05,0.05964656558281169,0.00018293188070579516,0.13108764978369356,0.022578078497448494,0.0034506465716695857,6.515382052535169e-05,8.185992835236492e-05,0.021904106004987343,0.00019462615618470435,0.02898081717582941,0.021904106004987343,0.08424656155764362,0.0003641931506288886,6.849504209075424e-05,0.017523284803989878,6.849504209075424e-05,0.07649587789434044,0.00015035497044311915,4.7612407306987696e-05,0.03673150083913263,0.03167670714567401,0.05122190942704735,0.020556161020065057,5.5130155829143774e-05,0.00012446050331124876,0.03369862462305745,0.02527396846729309,8.603645530911818e-05,7.100095826480628e-05,6.014198817724772e-05,0.03336163837682689,6.264790435129963e-05,0.00013281355722475526,0.023589037236140212,0.020893147266295632,0.028306844683368266,5.095362887239043e-05,0.03572054210044091,0.00017290821600958714,7.18362636561569e-05,0.015501367326606435
2025-05-08,6.014198817724772e-05,0.038416432070285486,0.00011276622783233949,0.04785204696474157,0.0330246521305963,0.018197257296451035,9.522481461397539e-05,0.03572054210044091,6.014198817724772e-05,0.05964656558281169,0.00018293188070579516,0.13108764978369356,0.022578078497448494,0.0034506465716695857,6.515382052535169e-05,8.185992835236492e-05,0.021904106004987343,0.00019462615618470435,0.02898081717582941,0.021904106004987343,0.08424656155764362,0.0003641931506288886,6.849504209075424e-05,0.017523284803989878,6.849504209075424e-05,0.07649587789434044,0.00015035497044311915,4.7612407306987696e-05,0.03673150083913263,0.03167670714567401,0.05122190942704735,0.020556161020065057,5.5130155829143774e-05,0.00012446050331124876,0.03369862462305745,0.02527396846729309,8.603645530911818e-05,7.100095826480628e-05,6.014198817724772e-05,0.03336163837682689,6.264790435129963e-05,0.00013281355722475526,0.023589037236140212,0.020893147266295632,0.028306844683368266,5.095362887239043e-05,0.03572054210044091,0.00017290821600958714,7.18362636561569e-05,0.015501367326606435
2025-05-09,6.014198817724772e-05,0.038416432070285486,0.00011276622783233949,0.04785204696474157,0.0330246521305963,0.018197257296451035,9.522481461397539e-05,0.03572054210044091,6.014198817724772e-05,0.05964656558281169,0.00018293188070579516,0.13108764978369356,0.022578078497448494,0.0034506465716695857,6.515382052535169e-05,8.185992835236492e-05,0.021904106004987343,0.00019462615618470435,0.02898081717582941,0.021904106004987343,0.08424656155764362,0.0003641931506288886,6.849504209075424e-05,0.017523284803989878,6.849504209075424e-05,0.07649587789434044,0.00015035497044311915,4.7612407306987696e-05,0.03673150083913263,0.03167670714567401,0.05122190942704735,0.020556161020065057,5.5130155829143774e-05,0.00012446050331124876,0.03369862462305745,0.02527396846729309,8.603645530911818e-05,7.100095826480628e-05,6.014198817724772e-05,0.03336163837682689,6.264790435129963e-05,0.00013281355722475526,0.023589037236140212,0.020893147266295632,0.028306844683368266,5.095362887239043e-05,0.03572054210044091,0.00017290821600958714,7.18362636561569e-05,0.015501367326606435
2025-05-12,6.014198817724772e-05,0.038416432070285486,0.00011276622783233949,0.04785204696474157,0.0330246521305963,0.018197257296451035,9.522481461397539e-05,0.03572054210044091,6.014198817724772e-05,0.05964656558281169,0.00018293188070579516,0.13108764978369356,0.022578078497448494,0.0034506465716695857,6.515382052535169e-05,8.185992835236492e-05,0.021904106004987343,0.00019462615618470435,0.02898081717582941,0.021904106004987343,0.08424656155764362,0.0003641931506288886,6.849504209075424e-05,0.017523284803989878,6.849504209075424e-05,0.07649587789434044,0.00015035497044311915,4.7612407306987696e-05,0.03673150083913263,0.03167670714567401,0.05122190942704735,0.020556161020065057,5.5130155829143774e-05,0.00012446050331124876,0.03369862462305745,0.02527396846729309,8.603645530911818e-05,7.100095826480628e-05,6.014198817724772e-05,0.03336163837682689,6.264790435129963e-05,0.00013281355722475526,0.023589037236140212,0.020893147266295632,0.028306844683368266,5.095362887239043e-05,0.03572054210044091,0.00017290821600958714,7.18362636561569e-05,0.015501367326606435
2025-05-13,6.014198817724772e-05,0.038416432070285486,0.00011276622783233949,0.04785204696474157,0.0330246521305963,0.018197257296451035,9.522481461397539e-05,0.03572054210044091,6.014198817724772e-05,0.05964656558281169,0.00018293188070579516,0.13108764978369356,0.022578078497448494,0.0034506465716695857,6.515382052535169e-05,8.185992835236492e-05,0.021904106004987343,0.00019462615618470435,0.02898081717582941,0.021904106004987343,0.08424656155764362,0.0003641931506288886,6.849504209075424e-05,0.017523284803989878,6.849504209075424e-05,0.07649587789434044,0.00015035497044311915,4.7612407306987696e-05,0.03673150083913263,0.03167670714567401,0.05122190942704735,0.020556161020065057,5.5130155829143774e-05,0.00012446050331124876,0.03369862462305745,0.02527396846729309,8.603645530911818e-05,7.100095826480628e-05,6.014198817724772e-05,0.03336163837682689,6.264790435129963e-05,0.00013281355722475526,0.023589037236140212,0.020893147266295632,0.028306844683368266,5.095362887239043e-05,0.03572054210044091,0.00017290821600958714,7.18362636561569e-05,0.015501367326606435
2025-05-14,6.014198817724772e-05,0.038416432070285486,0.00011276622783233949,0.04785204696474157,0.0330246521305963,0.018197257296451035,9.522481461397539e-05,0.03572054210044091,6.014198817724772e-05,0.05964656558281169,0.00018293188070579516,0.13108764978369356,0.022578078497448494,0.0034506465716695857,6.515382052535169e-05,8.185992835236492e-05,0.021904106004987343,0.00019462615618470435,0.02898081717582941,0.021904106004987343,0.08424656155764362,0.0003641931506288886,6.849504209075424e-05,0.017523284803989878,6.849504209075424e-05,0.07649587789434044,0.00015035497044311915,4.7612407306987696e-05,0.03673150083913263,0.03167670714567401,0.05122190942704735,0.020556161020065057,5.5130155829143774e-05,0.00012446050331124876,0.03369862462305745,0.02527396846729309,8.603645530911818e-05,7.100095826480628e-05,6.014198817724772e-05,0.03336163837682689,6.264790435129963e-05,0.00013281355722475526,0.023589037236140212,0.020893147266295632,0.028306844683368266,5.095362887239043e-05,0.03572054210044091,0.00017290821600958714,7.18362636561569e-05,0.015501367326606435
2025-05-15,6.014198817724772e-05,0.038416432070285486,0.00011276622783233949,0.04785204696474157,0.0330246521305963,0.018197257296451035,9.522481461397539e-05,0.03572054210044091,6.014198817724772e-05,0.05964656558281169,0.00018293188070579516,0.13108764978369356,0.022578078497448494,0.0034506465716695857,6.515382052535169e-05,8.185992835236492e-05,0.021904106004987343,0.00019462615618470435,0.02898081717582941,0.021904106004987343,0.08424656155764362,0.0003641931506288886,6.849504209075424e-05,0.017523284803989878,6.849504209075424e-05,0.07649587789434044,0.00015035497044311915,4.7612407306987696e-05,0.03673150083913263,0.03167670714567401,0.05122190942704735,0.020556161020065057,5.5130155829143774e-05,0.00012446050331124876,0.03369862462305745,0.02527396846729309,8.603645530911818e-05,7.100095826480628e-05,6.014198817724772e-05,0.03336163837682689,6.264790435129963e-05,0.00013281355722475526,0.023589037236140212,0.020893147266295632,0.028306844683368266,5.095362887239043e-05,0.03572054210044091,0.00017290821600958714,7.18362636561569e-05,0.015501367326606435
2025-05-16,6.014198817724772e-05,0.038416432070285486,0.00011276622783233949,0.04785204696474157,0.0330246521305963,0.018197257296451035,9.522481461397539e-05,0.03572054210044091,6.014198817724772e-05,0.05964656558281169,0.00018293188070579516,0.13108764978369356,0.022578078497448494,0.0034506465716695857,6.515382052535169e-05,8.185992835236492e-05,0.021904106004987343,0.00019462615618470435,0.02898081717582941,0.021904106004987343,0.08424656155764362,0.0003641931506288886,6.849504209075424e-05,0.017523284803989878,6.849504209075424e-05,0.07649587789434044,0.00015035497044311915,4.7612407306987696e-05,0.03673150083913263,0.03167670714567401,0.05122190942704735,0.020556161020065057,5.5130155829143774e-05,0.00012446050331124876,0.03369862462305745,0.02527396846729309,8.603645530911818e-05,7.100095826480628e-05,6.014198817724772e-05,0.03336163837682689,6.264790435129963e-05,0.00013281355722475526,0.023589037236140212,0.020893147266295632,0.028306844683368266,5.095362887239043e-05,0.03572054210044091,0.00017290821600958714,7.18362636561569e-05,0.015501367326606435
2025-05-19,6.014198817724772e-05,0.038416432070285486,0.00011276622783233949,0.04785204696474157,0.0330246521305963,0.018197257296451035,9.522481461397539e-05,0.03572054210044091,6.014198817724772e-05,0.05964656558281169,0.00018293188070579516,0.13108764978369356,0.022578078497448494,0.0034506465716695857,6.515382052535169e-05,8.185992835236492e-05,0.021904106004987343,0.00019462615618470435,0.02898081717582941,0.021904106004987343,0.08424656155764362,0.0003641931506288886,6.849504209075424e-05,0.017523284803989878,6.849504209075424e-05,0.07649587789434044,0.00015035497044311915,4.7612407306987696e-05,0.03673150083913263,0.03167670714567401,0.05122190942704735,0.020556161020065057,5.5130155829143774e-05,0.00012446050331124876,0.03369862462305745,0.02527396846729309,8.603645530911818e-05,7.100095826480628e-05,6.014198817724772e-05,0.03336163837682689,6.264790435129963e-05,0.00013281355722475526,0.023589037236140212,0.020893147266295632,0.028306844683368266,5.095362887239043e-05,0.03572054210044091,0.00017290821600958714,7.18362636561569e-05,0.015501367326606435
2025-05-20,6.014198817724772e-05,0.038416432070285486,0.00011276622783233949,0.04785204696474157,0.0330246521305963,0.018197257296451035,9.522481461397539e-05,0.03572054210044091,6.014198817724772e-05,0.05964656558281169,0.00018293188070579516,0.13108764978369356,0.022578078497448494,0.0034506465716695857,6.515382052535169e-05,8.185992835236492e-05,0.021904106004987343,0.00019462615618470435,0.02898081717582941,0.021904106004987343,0.08424656155764362,0.0003641931506288886,6.849504209075424e-05,0.017523284803989878,6.849504209075424e-05,0.07649587789434044,0.00015035497044311915,4.7612407306987696e-05,0.03673150083913263,0.03167670714567401,0.05122190942704735,0.020556161020065057,5.5130155829143774e-05,0.00012446050331124876,0.03369862462305745,0.02527396846729309,8.603645530911818e-05,7.100095826480628e-05,6.014198817724772e-05,0.03336163837682689,6.264790435129963e-05,0.00013281355722475526,0.023589037236140212,0.020893147266295632,0.028306844683368266,5.095362887239043e-05,0.03572054210044091,0.00017290821600958714,7.18362636561569e-05,0.015501367326606435
2025-05-21,6.014198817724772e-05,0.038416432070285486,0.00011276622783233949,0.04785204696474157,0.0330246521305963,0.018197257296451035,9.522481461397539e-05,0.03572054210044091,6.014198817724772e-05,0.05964656558281169,0.00018293188070579516,0.13108764978369356,0.022578078497448494,0.0034506465716695857,6.515382052535169e-05,8.185992835236492e-05,0.021904106004987343,0.00019462615618470435,0.02898081717582941,0.021904106004987343,0.08424656155764362,0.0003641931506288886,6.849504209075424e-05,0.017523284803989878,6.849504209075424e-05,0.07649587789434044,0.00015035497044311915,4.7612407306987696e-05,0.03673150083913263,0.03167670714567401,0.05122190942704735,0.020556161020065057,5.5130155829143774e-05,0.00012446050331124876,0.03369862462305745,0.02527396846729309,8.603645530911818e-05,7.100095826480628e-05,6.014198817724772e-05,0.03336163837682689,6.264790435129963e-05,0.00013281355722475526,0.023589037236140212,0.020893147266295632,0.028306844683368266,5.095362887239043e-05,0.03572054210044091,0.00017290821600958714,7.18362636561569e-05,0.015501367326606435
2025-05-22,6.014198817724772e-05,0.038416432070285486,0.00011276622783233949,0.04785204696474157,0.0330246521305963,0.018197257296451035,9.522481461397539e-05,0.03572054210044091,6.014198817724772e-05,0.05964656558281169,0.00018293188070579516,0.13108764978369356,0.022578078497448494,0.0034506465716695857,6.515382052535169e-05,8.185992835236492e-05,0.021904106004987343,0.00019462615618470435,0.02898081717582941,0.021904106004987343,0.08424656155764362,0.0003641931506288886,6.849504209075424e-05,0.017523284803989878,6.849504209075424e-05,0.07649587789434044,0.00015035497044311915,4.7612407306987696e-05,0.03673150083913263,0.03167670714567401,0.05122190942704735,0.020556161020065057,5.5130155829143774e-05,0.00012446050331124876,0.03369862462305745,0.02527396846729309,8.603645530911818e-05,7.100095826480628e-05,6.014198817724772e-05,0.03336163837682689,6.264790435129963e-05,0.00013281355722475526,0.023589037236140212,0.020893147266295632,0.028306844683368266,5.095362887239043e-05,0.03572054210044091,0.00017290821600958714,7.18362636561569e-05,0.015501367326606435
2025-05-23,6.014198817724772e-05,0.038416432070285486,0.00011276622783233949,0.04785204696474157,0.0330246521305963,0.018197257296451035,9.522481461397539e-05,0.03572054210044091,6.014198817724772e-05,0.05964656558281169,0.00018293188070579516,0.13108764978369356,0.022578078497448494,0.0034506465716695857,6.515382052535169e-05,8.185992835236492e-05,0.021904106004987343,0.00019462615618470435,0.02898081717582941,0.021904106004987343,0.08424656155764362,0.0003641931506288886,6.849504209075424e-05,0.017523284803989878,6.849504209075424e-05,0.07649587789434044,0.00015035497044311915,4.7612407306987696e-05,0.03673150083913263,0.03167670714567401,0.05122190942704735,0.020556161020065057,5.5130155829143774e-05,0.00012446050331124876,0.03369862462305745,0.02527396846729309,8.603645530911818e-05,7.100095826480628e-05,6.014198817724772e-05,0.03336163837682689,6.264790435129963e-05,0.00013281355722475526,0.023589037236140212,0.020893147266295632,0.028306844683368266,5.095362887239043e-05,0.03572054210044091,0.00017290821600958714,7.18362636561569e-05,0.015501367326606435
2025-05-26,6.014198817724772e-05,0.038416432070285486,0.00011276622783233949,0.04785204696474157,0.0330246521305963,0.018197257296451035,9.522481461397539e-05,0.03572054210044091,6.014198817724772e-05,0.05964656558281169,0.00018293188070579516,0.13108764978369356,0.022578078497448494,0.0034506465716695857,6.515382052535169e-05,8.185992835236492e-05,0.021904106004987343,0.00019462615618470435,0.02898081717582941,0.021904106004987343,0.08424656155764362,0.0003641931506288886,6.849504209075424e-05,0.017523284803989878,6.849504209075424e-05,0.07649587789434044,0.00015035497044311915,4.7612407306987696e-05,0.03673150083913263,0.03167670714567401,0.05122190942704735,0.020556161020065057,5.5130155829143774e-05,0.00012446050331124876,0.03369862462305745,0.02527396846729309,8.603645530911818e-05,7.100095826480628e-05,6.014198817724772e-05,0.03336163837682689,6.264790435129963e-05,0.00013281355722475526,0.023589037236140212,0.020893147266295632,0.028306844683368266,5.095362887239043e-05,0.03572054210044091,0.00017290821600958714,7.18362636561569e-05,0.015501367326606435
2025-05-27,6.014198817724772e-05,0.038416432070285486,0.00011276622783233949,0.04785204696474157,0.0330246521305963,0.018197257296451035,9.522481461397539e-05,0.03572054210044091,6.014198817724772e-05,0.05964656558281169,0.00018293188070579516,0.13108764978369356,0.022578078497448494,0.0034506465716695857,6.515382052535169e-05,8.185992835236492e-05,0.021904106004987343,0.00019462615618470435,0.02898081717582941,0.021904106004987343,0.08424656155764362,0.0003641931506288886,6.849504209075424e-05,0.017523284803989878,6.849504209075424e-05,0.07649587789434044,0.00015035497044311915,4.7612407306987696e-05,0.03673150083913263,0.03167670714567401,0.05122190942704735,0.020556161020065057,5.5130155829143774e-05,0.00012446050331124876,0.03369862462305745,0.02527396846729309,8.603645530911818e-05,7.100095826480628e-05,6.014198817724772e-05,0.03336163837682689,6.264790435129963e-05,0.00013281355722475526,0.023589037236140212,0.020893147266295632,0.028306844683368266,5.095362887239043e-05,0.03572054210044091,0.00017290821600958714,7.18362636561569e-05,0.015501367326606435
2025-05-28,6.014198817724772e-05,0.038416432070285486,0.00011276622783233949,0.04785204696474157,0.0330246521305963,0.018197257296451035,9.522481461397539e-05,0.03572054210044091,6.014198817724772e-05,0.05964656558281169,0.00018293188070579516,0.13108764978369356,0.022578078497448494,0.0034506465716695857,6.515382052535169e-05,8.185992835236492e-05,0.021904106004987343,0.00019462615618470435,0.02898081717582941,0.021904106004987343,0.08424656155764362,0.0003641931506288886,6.849504209075424e-05,0.017523284803989878,6.849504209075424e-05,0.07649587789434044,0.00015035497044311915,4.7612407306987696e-05,0.03673150083913263,0.03167670714567401,0.05122190942704735,0.020556161020065057,5.5130155829143774e-05,0.00012446050331124876,0.03369862462305745,0.02527396846729309,8.603645530911818e-05,7.100095826480628e-05,6.014198817724772e-05,0.03336163837682689,6.264790435129963e-05,0.00013281355722475526,0.023589037236140212,0.020893147266295632,0.028306844683368266,5.095362887239043e-05,0.03572054210044091,0.00017290821600958714,7.18362636561569e-05,0.015501367326606435
2025-05-29,6.014198817724772e-05,0.038416432070285486,0.00011276622783233949,0.04785204696474157,0.0330246521305963,0.018197257296451035,9.522481461397539e-05,0.03572054210044091,6.014198817724772e-05,0.05964656558281169,0.00018293188070579516,0.13108764978369356,0.022578078497448494,0.0034506465716695857,6.515382052535169e-05,8.185992835236492e-05,0.021904106004987343,0.00019462615618470435,0.02898081717582941,0.021904106004987343,0.08424656155764362,0.0003641931506288886,6.849504209075424e-05,0.017523284803989878,6.849504209075424e-05,0.07649587789434044,0.00015035497044311915,4.7612407306987696e-05,0.03673150083913263,0.03167670714567401,0.05122190942704735,0.020556161020065057,5.5130155829143774e-05,0.00012446050331124876,0.03369862462305745,0.02527396846729309,8.603645530911818e-05,7.100095826480628e-05,6.014198817724772e-05,0.03336163837682689,6.264790435129963e-05,0.00013281355722475526,0.023589037236140212,0.020893147266295632,0.028306844683368266,5.095362887239043e-05,0.03572054210044091,0.00017290821600958714,7.18362636561569e-05,0.015501367326606435
2025-06-02,6.014198817724772e-05,0.038416432070285486,0.00011276622783233949,0.04785204696474157,0.0330246521305963,0.018197257296451035,9.522481461397539e-05,0.03572054210044091,6.014198817724772e-05,0.05964656558281169,0.00018293188070579516,0.13108764978369356,0.022578078497448494,0.0034506465716695857,6.515382052535169e-05,8.185992835236492e-05,0.021904106004987343,0.00019462615618470435,0.02898081717582941,0.021904106004987343,0.08424656155764362,0.0003641931506288886,6.849504209075424e-05,0.017523284803989878,6.849504209075424e-05,0.07649587789434044,0.00015035497044311915,4.7612407306987696e-05,0.03673150083913263,0.03167670714567401,0.05122190942704735,0.020556161020065057,5.5130155829143774e-05,0.00012446050331124876,0.03369862462305745,0.02527396846729309,8.603645530911818e-05,7.100095826480628e-05,6.014198817724772e-05,0.03336163837682689,6.264790435129963e-05,0.00013281355722475526,0.023589037236140212,0.020893147266295632,0.028306844683368266,5.095362887239043e-05,0.03572054210044091,0.00017290821600958714,7.18362636561569e-05,0.015501367326606435
2025-06-03,6.014198817724772e-05,0.038416432070285486,0.00011276622783233949,0.04785204696474157,0.0330246521305963,0.018197257296451035,9.522481461397539e-05,0.03572054210044091,6.014198817724772e-05,0.05964656558281169,0.00018293188070579516,0.13108764978369356,0.022578078497448494,0.0034506465716695857,6.515382052535169e-05,8.185992835236492e-05,0.021904106004987343,0.00019462615618470435,0.02898081717582941,0.021904106004987343,0.08424656155764362,0.0003641931506288886,6.849504209075424e-05,0.017523284803989878,6.849504209075424e-05,0.07649587789434044,0.00015035497044311915,4.7612407306987696e-05,0.03673150083913263,0.03167670714567401,0.05122190942704735,0.020556161020065057,5.5130155829143774e-05,0.00012446050331124876,0.03369862462305745,0.02527396846729309,8.603645530911818e-05,7.100095826480628e-05,6.014198817724772e-05,0.03336163837682689,6.264790435129963e-05,0.00013281355722475526,0.023589037236140212,0.020893147266295632,0.028306844683368266,5.095362887239043e-05,0.03572054210044091,0.00017290821600958714,7.18362636561569e-05,0.015501367326606435
2025-06-04,6.014198817724772e-05,0.038416432070285486,0.00011276622783233949,0.04785204696474157,0.0330246521305963,0.018197257296451035,9.522481461397539e-05,0.03572054210044091,6.014198817724772e-05,0.05964656558281169,0.00018293188070579516,0.13108764978369356,0.022578078497448494,0.0034506465716695857,6.515382052535169e-05,8.185992835236492e-05,0.021904106004987343,0.00019462615618470435,0.02898081717582941,0.021904106004987343,0.08424656155764362,0.0003641931506288886,6.849504209075424e-05,0.017523284803989878,6.849504209075424e-05,0.07649587789434044,0.00015035497044311915,4.7612407306987696e-05,0.03673150083913263,0.03167670714567401,0.05122190942704735,0.020556161020065057,5.5130155829143774e-05,0.00012446050331124876,0.03369862462305745,0.02527396846729309,8.603645530911818e-05,7.100095826480628e-05,6.014198817724772e-05,0.03336163837682689,6.264790435129963e-05,0.00013281355722475526,0.023589037236140212,0.020893147266295632,0.028306844683368266,5.095362887239043e-05,0.03572054210044091,0.00017290821600958714,7.18362636561569e-05,0.015501367326606435
2025-06-05,6.014198817724772e-05,0.038416432070285486,0.00011276622783233949,0.04785204696474157,0.0330246521305963,0.018197257296451035,9.522481461397539e-05,0.03572054210044091,6.014198817724772e-05,0.05964656558281169,0.00018293188070579516,0.13108764978369356,0.022578078497448494,0.0034506465716695857,6.515382052535169e-05,8.185992835236492e-05,0.021904106004987343,0.00019462615618470435,0.02898081717582941,0.021904106004987343,0.08424656155764362,0.0003641931506288886,6.849504209075424e-05,0.017523284803989878,6.849504209075424e-05,0.07649587789434044,0.00015035497044311915,4.7612407306987696e-05,0.03673150083913263,0.03167670714567401,0.05122190942704735,0.020556161020065057,5.5130155829143774e-05,0.00012446050331124876,0.03369862462305745,0.02527396846729309,8.603645530911818e-05,7.100095826480628e-05,6.014198817724772e-05,0.03336163837682689,6.264790435129963e-05,0.00013281355722475526,0.023589037236140212,0.020893147266295632,0.028306844683368266,5.095362887239043e-05,0.03572054210044091,0.00017290821600958714,7.18362636561569e-05,0.015501367326606435
2025-06-06,6.014198817724772e-05,0.038416432070285486,0.00011276622783233949,0.04785204696474157,0.0330246521305963,0.018197257296451035,9.522481461397539e-05,0.03572054210044091,6.014198817724772e-05,0.05964656558281169,0.00018293188070579516,0.13108764978369356,0.022578078497448494,0.0034506465716695857,6.515382052535169e-05,8.185992835236492e-05,0.021904106004987343,0.00019462615618470435,0.02898081717582941,0.021904106004987343,0.08424656155764362,0.0003641931506288886,6.849504209075424e-05,0.017523284803989878,6.849504209075424e-05,0.07649587789434044,0.00015035497044311915,4.7612407306987696e-05,0.03673150083913263,0.03167670714567401,0.05122190942704735,0.020556161020065057,5.5130155829143774e-05,0.00012446050331124876,0.03369862462305745,0.02527396846729309,8.603645530911818e-05,7.100095826480628e-05,6.014198817724772e-05,0.03336163837682689,6.264790435129963e-05,0.00013281355722475526,0.023589037236140212,0.020893147266295632,0.028306844683368266,5.095362887239043e-05,0.03572054210044091,0.00017290821600958714,7.18362636561569e-05,0.015501367326606435
2025-06-09,6.014198817724772e-05,0.038416432070285486,0.00011276622783233949,0.04785204696474157,0.0330246521305963,0.018197257296451035,9.522481461397539e-05,0.03572054210044091,6.014198817724772e-05,0.05964656558281169,0.00018293188070579516,0.13108764978369356,0.022578078497448494,0.0034506465716695857,6.515382052535169e-05,8.185992835236492e-05,0.021904106004987343,0.00019462615618470435,0.02898081717582941,0.021904106004987343,0.08424656155764362,0.0003641931506288886,6.849504209075424e-05,0.017523284803989878,6.849504209075424e-05,0.07649587789434044,0.00015035497044311915,4.7612407306987696e-05,0.03673150083913263,0.03167670714567401,0.05122190942704735,0.020556161020065057,5.5130155829143774e-05,0.00012446050331124876,0.03369862462305745,0.02527396846729309,8.603645530911818e-05,7.100095826480628e-05,6.014198817724772e-05,0.03336163837682689,6.264790435129963e-05,0.00013281355722475526,0.023589037236140212,0.020893147266295632,0.028306844683368266,5.095362887239043e-05,0.03572054210044091,0.00017290821600958714,7.18362636561569e-05,0.015501367326606435
2025-06-10,6.014198817724772e-05,0.038416432070285486,0.00011276622783233949,0.04785204696474157,0.0330246521305963,0.018197257296451035,9.522481461397539e-05,0.03572054210044091,6.014198817724772e-05,0.05964656558281169,0.00018293188070579516,0.13108764978369356,0.022578078497448494,0.0034506465716695857,6.515382052535169e-05,8.185992835236492e-05,0.021904106004987343,0.00019462615618470435,0.02898081717582941,0.021904106004987343,0.08424656155764362,0.0003641931506288886,6.849504209075424e-05,0.017523284803989878,6.849504209075424e-05,0.07649587789434044,0.00015035497044311915,4.7612407306987696e-05,0.03673150083913263,0.03167670714567401,0.05122190942704735,0.020556161020065057,5.5130155829143774e-05,0.00012446050331124876,0.03369862462305745,0.02527396846729309,8.603645530911818e-05,7.100095826480628e-05,6.014198817724772e-05,0.03336163837682689,6.264790435129963e-05,0.00013281355722475526,0.023589037236140212,0.020893147266295632,0.028306844683368266,5.095362887239043e-05,0.03572054210044091,0.00017290821600958714,7.18362636561569e-05,0.015501367326606435
2025-06-11,6.014198817724772e-05,0.038416432070285486,0.00011276622783233949,0.04785204696474157,0.0330246521305963,0.018197257296451035,9.522481461397539e-05,0.03572054210044091,6.014198817724772e-05,0.05964656558281169,0.00018293188070579516,0.13108764978369356,0.022578078497448494,0.0034506465716695857,6.515382052535169e-05,8.185992835236492e-05,0.021904106004987343,0.00019462615618470435,0.02898081717582941,0.021904106004987343,0.08424656155764362,0.0003641931506288886,6.849504209075424e-05,0.017523284803989878,6.849504209075424e-05,0.07649587789434044,0.00015035497044311915,4.7612407306987696e-05,0.03673150083913263,0.03167670714567401,0.05122190942704735,0.020556161020065057,5.5130155829143774e-05,0.00012446050331124876,0.03369862462305745,0.02527396846729309,8.603645530911818e-05,7.100095826480628e-05,6.014198817724772e-05,0.03336163837682689,6.264790435129963e-05,0.00013281355722475526,0.023589037236140212,0.020893147266295632,0.028306844683368266,5.095362887239043e-05,0.03572054210044091,0.00017290821600958714,7.18362636561569e-05,0.015501367326606435
2025-06-12,6.014198817724772e-05,0.038416432070285486,0.00011276622783233949,0.04785204696474157,0.0330246521305963,0.018197257296451035,9.522481461397539e-05,0.03572054210044091,6.014198817724772e-05,0.05964656558281169,0.00018293188070579516,0.13108764978369356,0.022578078497448494,0.0034506465716695857,6.515382052535169e-05,8.185992835236492e-05,0.021904106004987343,0.00019462615618470435,0.02898081717582941,0.021904106004987343,0.08424656155764362,0.0003641931506288886,6.849504209075424e-05,0.017523284803989878,6.849504209075424e-05,0.07649587789434044,0.00015035497044311915,4.7612407306987696e-05,0.03673150083913263,0.03167670714567401,0.05122190942704735,0.020556161020065057,5.5130155829143774e-05,0.00012446050331124876,0.03369862462305745,0.02527396846729309,8.603645530911818e-05,7.100095826480628e-05,6.014198817724772e-05,0.03336163837682689,6.264790435129963e-05,0.00013281355722475526,0.023589037236140212,0.020893147266295632,0.028306844683368266,5.095362887239043e-05,0.03572054210044091,0.00017290821600958714,7.18362636561569e-05,0.015501367326606435
2025-06-13,6.014198817724772e-05,0.038416432070285486,0.00011276622783233949,0.04785204696474157,0.0330246521305963,0.018197257296451035,9.522481461397539e-05,0.03572054210044091,6.014198817724772e-05,0.05964656558281169,0.00018293188070579516,0.13108764978369356,0.022578078497448494,0.0034506465716695857,6.515382052535169e-05,8.185992835236492e-05,0.021904106004987343,0.00019462615618470435,0.02898081717582941,0.021904106004987343,0.08424656155764362,0.0003641931506288886,6.849504209075424e-05,0.017523284803989878,6.849504209075424e-05,0.07649587789434044,0.00015035497044311915,4.7612407306987696e-05,0.03673150083913263,0.03167670714567401,0.05122190942704735,0.020556161020065057,5.5130155829143774e-05,0.00012446050331124876,0.03369862462305745,0.02527396846729309,8.603645530911818e-05,7.100095826480628e-05,6.014198817724772e-05,0.03336163837682689,6.264790435129963e-05,0.00013281355722475526,0.023589037236140212,0.020893147266295632,0.028306844683368266,5.095362887239043e-05,0.03572054210044091,0.00017290821600958714,7.18362636561569e-05,0.015501367326606435
2025-06-16,6.014198817724772e-05,0.038416432070285486,0.00011276622783233949,0.04785204696474157,0.0330246521305963,0.018197257296451035,9.522481461397539e-05,0.03572054210044091,6.014198817724772e-05,0.05964656558281169,0.00018293188070579516,0.13108764978369356,0.022578078497448494,0.0034506465716695857,6.515382052535169e-05,8.185992835236492e-05,0.021904106004987343,0.00019462615618470435,0.02898081717582941,0.021904106004987343,0.08424656155764362,0.0003641931506288886,6.849504209075424e-05,0.017523284803989878,6.849504209075424e-05,0.07649587789434044,0.00015035497044311915,4.7612407306987696e-05,0.03673150083913263,0.03167670714567401,0.05122190942704735,0.020556161020065057,5.5130155829143774e-05,0.00012446050331124876,0.03369862462305745,0.02527396846729309,8.603645530911818e-05,7.100095826480628e-05,6.014198817724772e-05,0.03336163837682689,6.264790435129963e-05,0.00013281355722475526,0.023589037236140212,0.020893147266295632,0.028306844683368266,5.095362887239043e-05,0.03572054210044091,0.00017290821600958714,7.18362636561569e-05,0.015501367326606435
2025-06-17,6.014198817724772e-05,0.038416432070285486,0.00011276622783233949,0.04785204696474157,0.0330246521305963,0.018197257296451035,9.522481461397539e-05,0.03572054210044091,6.014198817724772e-05,0.05964656558281169,0.00018293188070579516,0.13108764978369356,0.022578078497448494,0.0034506465716695857,6.515382052535169e-05,8.185992835236492e-05,0.021904106004987343,0.00019462615618470435,0.02898081717582941,0.021904106004987343,0.08424656155764362,0.0003641931506288886,6.849504209075424e-05,0.017523284803989878,6.849504209075424e-05,0.07649587789434044,0.00015035497044311915,4.7612407306987696e-05,0.03673150083913263,0.03167670714567401,0.05122190942704735,0.020556161020065057,5.5130155829143774e-05,0.00012446050331124876,0.03369862462305745,0.02527396846729309,8.603645530911818e-05,7.100095826480628e-05,6.014198817724772e-05,0.03336163837682689,6.264790435129963e-05,0.00013281355722475526,0.023589037236140212,0.020893147266295632,0.028306844683368266,5.095362887239043e-05,0.03572054210044091,0.00017290821600958714,7.18362636561569e-05,0.015501367326606435
2025-06-18,6.014198817724772e-05,0.038416432070285486,0.00011276622783233949,0.04785204696474157,0.0330246521305963,0.018197257296451035,9.522481461397539e-05,0.03572054210044091,6.014198817724772e-05,0.05964656558281169,0.00018293188070579516,0.13108764978369356,0.022578078497448494,0.0034506465716695857,6.515382052535169e-05,8.185992835236492e-05,0.021904106004987343,0.00019462615618470435,0.02898081717582941,0.021904106004987343,0.08424656155764362,0.0003641931506288886,6.849504209075424e-05,0.017523284803989878,6.849504209075424e-05,0.07649587789434044,0.00015035497044311915,4.7612407306987696e-05,0.03673150083913263,0.03167670714567401,0.05122190942704735,0.020556161020065057,5.5130155829143774e-05,0.00012446050331124876,0.03369862462305745,0.02527396846729309,8.603645530911818e-05,7.100095826480628e-05,6.014198817724772e-05,0.03336163837682689,6.264790435129963e-05,0.00013281355722475526,0.023589037236140212,0.020893147266295632,0.028306844683368266,5.095362887239043e-05,0.03572054210044091,0.00017290821600958714,7.18362636561569e-05,0.015501367326606435
2025-06-19,6.014198817724772e-05,0.038416432070285486,0.00011276622783233949,0.04785204696474157,0.0330246521305963,0.018197257296451035,9.522481461397539e-05,0.03572054210044091,6.014198817724772e-05,0.05964656558281169,0.00018293188070579516,0.13108764978369356,0.022578078497448494,0.0034506465716695857,6.515382052535169e-05,8.185992835236492e-05,0.021904106004987343,0.00019462615618470435,0.02898081717582941,0.021904106004987343,0.08424656155764362,0.0003641931506288886,6.849504209075424e-05,0.017523284803989878,6.849504209075424e-05,0.07649587789434044,0.00015035497044311915,4.7612407306987696e-05,0.03673150083913263,0.03167670714567401,0.05122190942704735,0.020556161020065057,5.5130155829143774e-05,0.00012446050331124876,0.03369862462305745,0.02527396846729309,8.603645530911818e-05,7.100095826480628e-05,6.014198817724772e-05,0.03336163837682689,6.264790435129963e-05,0.00013281355722475526,0.023589037236140212,0.020893147266295632,0.028306844683368266,5.095362887239043e-05,0.03572054210044091,0.00017290821600958714,7.18362636561569e-05,0.015501367326606435
2025-06-20,6.014198817724772e-05,0.038416432070285486,0.00011276622783233949,0.04785204696474157,0.0330246521305963,0.018197257296451035,9.522481461397539e-05,0.03572054210044091,6.014198817724772e-05,0.05964656558281169,0.00018293188070579516,0.13108764978369356,0.022578078497448494,0.0034506465716695857,6.515382052535169e-05,8.185992835236492e-05,0.021904106004987343,0.00019462615618470435,0.02898081717582941,0.021904106004987343,0.08424656155764362,0.0003641931506288886,6.849504209075424e-05,0.017523284803989878,6.849504209075424e-05,0.07649587789434044,0.00015035497044311915,4.7612407306987696e-05,0.03673150083913263,0.03167670714567401,0.05122190942704735,0.020556161020065057,5.5130155829143774e-05,0.00012446050331124876,0.03369862462305745,0.02527396846729309,8.603645530911818e-05,7.100095826480628e-05,6.014198817724772e-05,0.03336163837682689,6.264790435129963e-05,0.00013281355722475526,0.023589037236140212,0.020893147266295632,0.028306844683368266,5.095362887239043e-05,0.03572054210044091,0.00017290821600958714,7.18362636561569e-05,0.015501367326606435
2025-06-23,6.014198817724772e-05,0.038416432070285486,0.00011276622783233949,0.04785204696474157,0.0330246521305963,0.018197257296451035,9.522481461397539e-05,0.03572054210044091,6.014198817724772e-05,0.05964656558281169,0.00018293188070579516,0.13108764978369356,0.022578078497448494,0.0034506465716695857,6.515382052535169e-05,8.185992835236492e-05,0.021904106004987343,0.00019462615618470435,0.02898081717582941,0.021904106004987343,0.08424656155764362,0.0003641931506288886,6.849504209075424e-05,0.017523284803989878,6.849504209075424e-05,0.07649587789434044,0.00015035497044311915,4.7612407306987696e-05,0.03673150083913263,0.03167670714567401,0.05122190942704735,0.020556161020065057,5.5130155829143774e-05,0.00012446050331124876,0.03369862462305745,0.02527396846729309,8.603645530911818e-05,7.100095826480628e-05,6.014198817724772e-05,0.03336163837682689,6.264790435129963e-05,0.00013281355722475526,0.023589037236140212,0.020893147266295632,0.028306844683368266,5.095362887239043e-05,0.03572054210044091,0.00017290821600958714,7.18362636561569e-05,0.015501367326606435
2025-06-24,6.014198817724772e-05,0.038416432070285486,0.00011276622783233949,0.04785204696474157,0.0330246521305963,0.018197257296451035,9.522481461397539e-05,0.03572054210044091,6.014198817724772e-05,0.05964656558281169,0.00018293188070579516,0.13108764978369356,0.022578078497448494,0.0034506465716695857,6.515382052535169e-05,8.185992835236492e-05,0.021904106004987343,0.00019462615618470435,0.02898081717582941,0.021904106004987343,0.08424656155764362,0.0003641931506288886,6.849504209075424e-05,0.017523284803989878,6.849504209075424e-05,0.07649587789434044,0.00015035497044311915,4.7612407306987696e-05,0.03673150083913263,0.03167670714567401,0.05122190942704735,0.020556161020065057,5.5130155829143774e-05,0.00012446050331124876,0.03369862462305745,0.02527396846729309,8.603645530911818e-05,7.100095826480628e-05,6.014198817724772e-05,0.03336163837682689,6.264790435129963e-05,0.00013281355722475526,0.023589037236140212,0.020893147266295632,0.028306844683368266,5.095362887239043e-05,0.03572054210044091,0.00017290821600958714,7.18362636561569e-05,0.015501367326606435
2025-06-25,6.014198817724772e-05,0.038416432070285486,0.00011276622783233949,0.04785204696474157,0.0330246521305963,0.018197257296451035,9.522481461397539e-05,0.03572054210044091,6.014198817724772e-05,0.05964656558281169,0.00018293188070579516,0.13108764978369356,0.022578078497448494,0.0034506465716695857,6.515382052535169e-05,8.185992835236492e-05,0.021904106004987343,0.00019462615618470435,0.02898081717582941,0.021904106004987343,0.08424656155764362,0.0003641931506288886,6.849504209075424e-05,0.017523284803989878,6.849504209075424e-05,0.07649587789434044,0.00015035497044311915,4.7612407306987696e-05,0.03673150083913263,0.03167670714567401,0.05122190942704735,0.020556161020065057,5.5130155829143774e-05,0.00012446050331124876,0.03369862462305745,0.02527396846729309,8.603645530911818e-05,7.100095826480628e-05,6.014198817724772e-05,0.03336163837682689,6.264790435129963e-05,0.00013281355722475526,0.023589037236140212,0.020893147266295632,0.028306844683368266,5.095362887239043e-05,0.03572054210044091,0.00017290821600958714,7.18362636561569e-05,0.015501367326606435
2025-06-26,6.014198817724772e-05,0.038416432070285486,0.00011276622783233949,0.04785204696474157,0.0330246521305963,0.018197257296451035,9.522481461397539e-05,0.03572054210044091,6.014198817724772e-05,0.05964656558281169,0.00018293188070579516,0.13108764978369356,0.022578078497448494,0.0034506465716695857,6.515382052535169e-05,8.185992835236492e-05,0.021904106004987343,0.00019462615618470435,0.02898081717582941,0.021904106004987343,0.08424656155764362,0.0003641931506288886,6.849504209075424e-05,0.017523284803989878,6.849504209075424e-05,0.07649587789434044,0.00015035497044311915,4.7612407306987696e-05,0.03673150083913263,0.03167670714567401,0.05122190942704735,0.020556161020065057,5.5130155829143774e-05,0.00012446050331124876,0.03369862462305745,0.02527396846729309,8.603645530911818e-05,7.100095826480628e-05,6.014198817724772e-05,0.03336163837682689,6.264790435129963e-05,0.00013281355722475526,0.023589037236140212,0.020893147266295632,0.028306844683368266,5.095362887239043e-05,0.03572054210044091,0.00017290821600958714,7.18362636561569e-05,0.015501367326606435
2025-06-27,6.014198817724772e-05,0.038416432070285486,0.00011276622783233949,0.04785204696474157,0.0330246521305963,0.018197257296451035,9.522481461397539e-05,0.03572054210044091,6.014198817724772e-05,0.05964656558281169,0.00018293188070579516,0.13108764978369356,0.022578078497448494,0.0034506465716695857,6.515382052535169e-05,8.185992835236492e-05,0.021904106004987343,0.00019462615618470435,0.02898081717582941,0.021904106004987343,0.08424656155764362,0.0003641931506288886,6.849504209075424e-05,0.017523284803989878,6.849504209075424e-05,0.07649587789434044,0.00015035497044311915,4.7612407306987696e-05,0.03673150083913263,0.03167670714567401,0.05122190942704735,0.020556161020065057,5.5130155829143774e-05,0.00012446050331124876,0.03369862462305745,0.02527396846729309,8.603645530911818e-05,7.100095826480628e-05,6.014198817724772e-05,0.03336163837682689,6.264790435129963e-05,0.00013281355722475526,0.023589037236140212,0.020893147266295632,0.028306844683368266,5.095362887239043e-05,0.03572054210044091,0.00017290821600958714,7.18362636561569e-05,0.015501367326606435
2025-06-30,6.014198817724772e-05,0.038416432070285486,0.00011276622783233949,0.04785204696474157,0.0330246521305963,0.018197257296451035,9.522481461397539e-05,0.03572054210044091,6.014198817724772e-05,0.05964656558281169,0.00018293188070579516,0.13108764978369356,0.022578078497448494,0.0034506465716695857,6.515382052535169e-05,8.185992835236492e-05,0.021904106004987343,0.00019462615618470435,0.02898081717582941,0.021904106004987343,0.08424656155764362,0.0003641931506288886,6.849504209075424e-05,0.017523284803989878,6.849504209075424e-05,0.07649587789434044,0.00015035497044311915,4.7612407306987696e-05,0.03673150083913263,0.03167670714567401,0.05122190942704735,0.020556161020065057,5.5130155829143774e-05,0.00012446050331124876,0.03369862462305745,0.02527396846729309,8.603645530911818e-05,7.100095826480628e-05,6.014198817724772e-05,0.03336163837682689,6.264790435129963e-05,0.00013281355722475526,0.023589037236140212,0.020893147266295632,0.028306844683368266,5.095362887239043e-05,0.03572054210044091,0.00017290821600958714,7.18362636561569e-05,0.015501367326606435
2025-07-01,6.014198817724772e-05,0.038416432070285486,0.00011276622783233949,0.04785204696474157,0.0330246521305963,0.018197257296451035,9.522481461397539e-05,0.03572054210044091,6.014198817724772e-05,0.05964656558281169,0.00018293188070579516,0.13108764978369356,0.022578078497448494,0.0034506465716695857,6.515382052535169e-05,8.185992835236492e-05,0.021904106004987343,0.00019462615618470435,0.02898081717582941,0.021904106004987343,0.08424656155764362,0.0003641931506288886,6.849504209075424e-05,0.017523284803989878,6.849504209075424e-05,0.07649587789434044,0.00015035497044311915,4.7612407306987696e-05,0.03673150083913263,0.03167670714567401,0.05122190942704735,0.020556161020065057,5.5130155829143774e-05,0.00012446050331124876,0.03369862462305745,0.02527396846729309,8.603645530911818e-05,7.100095826480628e-05,6.014198817724772e-05,0.03336163837682689,6.264790435129963e-05,0.00013281355722475526,0.023589037236140212,0.020893147266295632,0.028306844683368266,5.095362887239043e-05,0.03572054210044091,0.00017290821600958714,7.18362636561569e-05,0.015501367326606435
2025-07-02,6.014198817724772e-05,0.038416432070285486,0.00011276622783233949,0.04785204696474157,0.0330246521305963,0.018197257296451035,9.522481461397539e-05,0.03572054210044091,6.014198817724772e-05,0.05964656558281169,0.00018293188070579516,0.13108764978369356,0.022578078497448494,0.0034506465716695857,6.515382052535169e-05,8.185992835236492e-05,0.021904106004987343,0.00019462615618470435,0.02898081717582941,0.021904106004987343,0.08424656155764362,0.0003641931506288886,6.849504209075424e-05,0.017523284803989878,6.849504209075424e-05,0.07649587789434044,0.00015035497044311915,4.7612407306987696e-05,0.03673150083913263,0.03167670714567401,0.05122190942704735,0.020556161020065057,5.5130155829143774e-05,0.00012446050331124876,0.03369862462305745,0.02527396846729309,8.603645530911818e-05,7.100095826480628e-05,6.014198817724772e-05,0.03336163837682689,6.264790435129963e-05,0.00013281355722475526,0.023589037236140212,0.020893147266295632,0.028306844683368266,5.095362887239043e-05,0.03572054210044091,0.00017290821600958714,7.18362636561569e-05,0.015501367326606435
2025-07-03,6.014198817724772e-05,0.038416432070285486,0.00011276622783233949,0.04785204696474157,0.0330246521305963,0.018197257296451035,9.522481461397539e-05,0.03572054210044091,6.014198817724772e-05,0.05964656558281169,0.00018293188070579516,0.13108764978369356,0.022578078497448494,0.0034506465716695857,6.515382052535169e-05,8.185992835236492e-05,0.021904106004987343,0.00019462615618470435,0.02898081717582941,0.021904106004987343,0.08424656155764362,0.0003641931506288886,6.849504209075424e-05,0.017523284803989878,6.849504209075424e-05,0.07649587789434044,0.00015035497044311915,4.7612407306987696e-05,0.03673150083913263,0.03167670714567401,0.05122190942704735,0.020556161020065057,5.5130155829143774e-05,0.00012446050331124876,0.03369862462305745,0.02527396846729309,8.603645530911818e-05,7.100095826480628e-05,6.014198817724772e-05,0.03336163837682689,6.264790435129963e-05,0.00013281355722475526,0.023589037236140212,0.020893147266295632,0.028306844683368266,5.095362887239043e-05,0.03572054210044091,0.00017290821600958714,7.18362636561569e-05,0.015501367326606435
2025-07-04,6.014198817724772e-05,0.038416432070285486,0.00011276622783233949,0.04785204696474157,0.0330246521305963,0.018197257296451035,9.522481461397539e-05,0.03572054210044091,6.014198817724772e-05,0.05964656558281169,0.00018293188070579516,0.13108764978369356,0.022578078497448494,0.0034506465716695857,6.515382052535169e-05,8.185992835236492e-05,0.021904106004987343,0.00019462615618470435,0.02898081717582941,0.021904106004987343,0.08424656155764362,0.0003641931506288886,6.849504209075424e-05,0.017523284803989878,6.849504209075424e-05,0.07649587789434044,0.00015035497044311915,4.7612407306987696e-05,0.03673150083913263,0.03167670714567401,0.05122190942704735,0.020556161020065057,5.5130155829143774e-05,0.00012446050331124876,0.03369862462305745,0.02527396846729309,8.603645530911818e-05,7.100095826480628e-05,6.014198817724772e-05,0.03336163837682689,6.264790435129963e-05,0.00013281355722475526,0.023589037236140212,0.020893147266295632,0.028306844683368266,5.095362887239043e-05,0.03572054210044091,0.00017290821600958714,7.18362636561569e-05,0.015501367326606435
2025-07-07,6.014198817724772e-05,0.038416432070285486,0.00011276622783233949,0.04785204696474157,0.0330246521305963,0.018197257296451035,9.522481461397539e-05,0.03572054210044091,6.014198817724772e-05,0.05964656558281169,0.00018293188070579516,0.13108764978369356,0.022578078497448494,0.0034506465716695857,6.515382052535169e-05,8.185992835236492e-05,0.021904106004987343,0.00019462615618470435,0.02898081717582941,0.021904106004987343,0.08424656155764362,0.0003641931506288886,6.849504209075424e-05,0.017523284803989878,6.849504209075424e-05,0.07649587789434044,0.00015035497044311915,4.7612407306987696e-05,0.03673150083913263,0.03167670714567401,0.05122190942704735,0.020556161020065057,5.5130155829143774e-05,0.00012446050331124876,0.03369862462305745,0.02527396846729309,8.603645530911818e-05,7.100095826480628e-05,6.014198817724772e-05,0.03336163837682689,6.264790435129963e-05,0.00013281355722475526,0.023589037236140212,0.020893147266295632,0.028306844683368266,5.095362887239043e-05,0.03572054210044091,0.00017290821600958714,7.18362636561569e-05,0.015501367326606435
2025-07-08,6.014198817724772e-05,0.038416432070285486,0.00011276622783233949,0.04785204696474157,0.0330246521305963,0.018197257296451035,9.522481461397539e-05,0.03572054210044091,6.014198817724772e-05,0.05964656558281169,0.00018293188070579516,0.13108764978369356,0.022578078497448494,0.0034506465716695857,6.515382052535169e-05,8.185992835236492e-05,0.021904106004987343,0.00019462615618470435,0.02898081717582941,0.021904106004987343,0.08424656155764362,0.0003641931506288886,6.849504209075424e-05,0.017523284803989878,6.849504209075424e-05,0.07649587789434044,0.00015035497044311915,4.7612407306987696e-05,0.03673150083913263,0.03167670714567401,0.05122190942704735,0.020556161020065057,5.5130155829143774e-05,0.00012446050331124876,0.03369862462305745,0.02527396846729309,8.603645530911818e-05,7.100095826480628e-05,6.014198817724772e-05,0.03336163837682689,6.264790435129963e-05,0.00013281355722475526,0.023589037236140212,0.020893147266295632,0.028306844683368266,5.095362887239043e-05,0.03572054210044091,0.00017290821600958714,7.18362636561569e-05,0.015501367326606435
2025-07-09,6.014198817724772e-05,0.038416432070285486,0.00011276622783233949,0.04785204696474157,0.0330246521305963,0.018197257296451035,9.522481461397539e-05,0.03572054210044091,6.014198817724772e-05,0.05964656558281169,0.00018293188070579516,0.13108764978369356,0.022578078497448494,0.0034506465716695857,6.515382052535169e-05,8.185992835236492e-05,0.021904106004987343,0.00019462615618470435,0.02898081717582941,0.021904106004987343,0.08424656155764362,0.0003641931506288886,6.849504209075424e-05,0.017523284803989878,6.849504209075424e-05,0.07649587789434044,0.00015035497044311915,4.7612407306987696e-05,0.03673150083913263,0.03167670714567401,0.05122190942704735,0.020556161020065057,5.5130155829143774e-05,0.00012446050331124876,0.03369862462305745,0.02527396846729309,8.603645530911818e-05,7.100095826480628e-05,6.014198817724772e-05,0.03336163837682689,6.264790435129963e-05,0.00013281355722475526,0.023589037236140212,0.020893147266295632,0.028306844683368266,5.095362887239043e-05,0.03572054210044091,0.00017290821600958714,7.18362636561569e-05,0.015501367326606435
2025-07-10,6.014198817724772e-05,0.038416432070285486,0.00011276622783233949,0.04785204696474157,0.0330246521305963,0.018197257296451035,9.522481461397539e-05,0.03572054210044091,6.014198817724772e-05,0.05964656558281169,0.00018293188070579516,0.13108764978369356,0.022578078497448494,0.0034506465716695857,6.515382052535169e-05,8.185992835236492e-05,0.021904106004987343,0.00019462615618470435,0.02898081717582941,0.021904106004987343,0.08424656155764362,0.0003641931506288886,6.849504209075424e-05,0.017523284803989878,6.849504209075424e-05,0.07649587789434044,0.00015035497044311915,4.7612407306987696e-05,0.03673150083913263,0.03167670714567401,0.05122190942704735,0.020556161020065057,5.5130155829143774e-05,0.00012446050331124876,0.03369862462305745,0.02527396846729309,8.603645530911818e-05,7.100095826480628e-05,6.014198817724772e-05,0.03336163837682689,6.264790435129963e-05,0.00013281355722475526,0.023589037236140212,0.020893147266295632,0.028306844683368266,5.095362887239043e-05,0.03572054210044091,0.00017290821600958714,7.18362636561569e-05,0.015501367326606435
2025-07-11,6.014198817724772e-05,0.038416432070285486,0.00011276622783233949,0.04785204696474157,0.0330246521305963,0.018197257296451035,9.522481461397539e-05,0.03572054210044091,6.014198817724772e-05,0.05964656558281169,0.00018293188070579516,0.13108764978369356,0.022578078497448494,0.0034506465716695857,6.515382052535169e-05,8.185992835236492e-05,0.021904106004987343,0.00019462615618470435,0.02898081717582941,0.021904106004987343,0.08424656155764362,0.0003641931506288886,6.849504209075424e-05,0.017523284803989878,6.849504209075424e-05,0.07649587789434044,0.00015035497044311915,4.7612407306987696e-05,0.03673150083913263,0.03167670714567401,0.05122190942704735,0.020556161020065057,5.5130155829143774e-05,0.00012446050331124876,0.03369862462305745,0.02527396846729309,8.603645530911818e-05,7.100095826480628e-05,6.014198817724772e-05,0.03336163837682689,6.264790435129963e-05,0.00013281355722475526,0.023589037236140212,0.020893147266295632,0.028306844683368266,5.095362887239043e-05,0.03572054210044091,0.00017290821600958714,7.18362636561569e-05,0.015501367326606435
2025-07-14,6.014198817724772e-05,0.038416432070285486,0.00011276622783233949,0.04785204696474157,0.0330246521305963,0.018197257296451035,9.522481461397539e-05,0.03572054210044091,6.014198817724772e-05,0.05964656558281169,0.00018293188070579516,0.13108764978369356,0.022578078497448494,0.0034506465716695857,6.515382052535169e-05,8.185992835236492e-05,0.021904106004987343,0.00019462615618470435,0.02898081717582941,0.021904106004987343,0.08424656155764362,0.0003641931506288886,6.849504209075424e-05,0.017523284803989878,6.849504209075424e-05,0.07649587789434044,0.00015035497044311915,4.7612407306987696e-05,0.03673150083913263,0.03167670714567401,0.05122190942704735,0.020556161020065057,5.5130155829143774e-05,0.00012446050331124876,0.03369862462305745,0.02527396846729309,8.603645530911818e-05,7.100095826480628e-05,6.014198817724772e-05,0.03336163837682689,6.264790435129963e-05,0.00013281355722475526,0.023589037236140212,0.020893147266295632,0.028306844683368266,5.095362887239043e-05,0.03572054210044091,0.00017290821600958714,7.18362636561569e-05,0.015501367326606435
2025-07-15,6.014198817724772e-05,0.038416432070285486,0.00011276622783233949,0.04785204696474157,0.0330246521305963,0.018197257296451035,9.522481461397539e-05,0.03572054210044091,6.014198817724772e-05,0.05964656558281169,0.00018293188070579516,0.13108764978369356,0.022578078497448494,0.0034506465716695857,6.515382052535169e-05,8.185992835236492e-05,0.021904106004987343,0.00019462615618470435,0.02898081717582941,0.021904106004987343,0.08424656155764362,0.0003641931506288886,6.849504209075424e-05,0.017523284803989878,6.849504209075424e-05,0.07649587789434044,0.00015035497044311915,4.7612407306987696e-05,0.03673150083913263,0.03167670714567401,0.05122190942704735,0.020556161020065057,5.5130155829143774e-05,0.00012446050331124876,0.03369862462305745,0.02527396846729309,8.603645530911818e-05,7.100095826480628e-05,6.014198817724772e-05,0.03336163837682689,6.264790435129963e-05,0.00013281355722475526,0.023589037236140212,0.020893147266295632,0.028306844683368266,5.095362887239043e-05,0.03572054210044091,0.00017290821600958714,7.18362636561569e-05,0.015501367326606435
2025-07-16,6.014198817724772e-05,0.038416432070285486,0.00011276622783233949,0.04785204696474157,0.0330246521305963,0.018197257296451035,9.522481461397539e-05,0.03572054210044091,6.014198817724772e-05,0.05964656558281169,0.00018293188070579516,0.13108764978369356,0.022578078497448494,0.0034506465716695857,6.515382052535169e-05,8.185992835236492e-05,0.021904106004987343,0.00019462615618470435,0.02898081717582941,0.021904106004987343,0.08424656155764362,0.0003641931506288886,6.849504209075424e-05,0.017523284803989878,6.849504209075424e-05,0.07649587789434044,0.00015035497044311915,4.7612407306987696e-05,0.03673150083913263,0.03167670714567401,0.05122190942704735,0.020556161020065057,5.5130155829143774e-05,0.00012446050331124876,0.03369862462305745,0.02527396846729309,8.603645530911818e-05,7.100095826480628e-05,6.014198817724772e-05,0.03336163837682689,6.264790435129963e-05,0.00013281355722475526,0.023589037236140212,0.020893147266295632,0.028306844683368266,5.095362887239043e-05,0.03572054210044091,0.00017290821600958714,7.18362636561569e-05,0.015501367326606435
2025-07-17,6.014198817724772e-05,0.038416432070285486,0.00011276622783233949,0.04785204696474157,0.0330246521305963,0.018197257296451035,9.522481461397539e-05,0.03572054210044091,6.014198817724772e-05,0.05964656558281169,0.00018293188070579516,0.13108764978369356,0.022578078497448494,0.0034506465716695857,6.515382052535169e-05,8.185992835236492e-05,0.021904106004987343,0.00019462615618470435,0.02898081717582941,0.021904106004987343,0.08424656155764362,0.0003641931506288886,6.849504209075424e-05,0.017523284803989878,6.849504209075424e-05,0.07649587789434044,0.00015035497044311915,4.7612407306987696e-05,0.03673150083913263,0.03167670714567401,0.05122190942704735,0.020556161020065057,5.5130155829143774e-05,0.00012446050331124876,0.03369862462305745,0.02527396846729309,8.603645530911818e-05,7.100095826480628e-05,6.014198817724772e-05,0.03336163837682689,6.264790435129963e-05,0.00013281355722475526,0.023589037236140212,0.020893147266295632,0.028306844683368266,5.095362887239043e-05,0.03572054210044091,0.00017290821600958714,7.18362636561569e-05,0.015501367326606435
2025-07-18,6.014198817724772e-05,0.038416432070285486,0.00011276622783233949,0.04785204696474157,0.0330246521305963,0.018197257296451035,9.522481461397539e-05,0.03572054210044091,6.014198817724772e-05,0.05964656558281169,0.00018293188070579516,0.13108764978369356,0.022578078497448494,0.0034506465716695857,6.515382052535169e-05,8.185992835236492e-05,0.021904106004987343,0.00019462615618470435,0.02898081717582941,0.021904106004987343,0.08424656155764362,0.0003641931506288886,6.849504209075424e-05,0.017523284803989878,6.849504209075424e-05,0.07649587789434044,0.00015035497044311915,4.7612407306987696e-05,0.03673150083913263,0.03167670714567401,0.05122190942704735,0.020556161020065057,5.5130155829143774e-05,0.00012446050331124876,0.03369862462305745,0.02527396846729309,8.603645530911818e-05,7.100095826480628e-05,6.014198817724772e-05,0.03336163837682689,6.264790435129963e-05,0.00013281355722475526,0.023589037236140212,0.020893147266295632,0.028306844683368266,5.095362887239043e-05,0.03572054210044091,0.00017290821600958714,7.18362636561569e-05,0.015501367326606435
2025-07-21,6.014198817724772e-05,0.038416432070285486,0.00011276622783233949,0.04785204696474157,0.0330246521305963,0.018197257296451035,9.522481461397539e-05,0.03572054210044091,6.014198817724772e-05,0.05964656558281169,0.00018293188070579516,0.13108764978369356,0.022578078497448494,0.0034506465716695857,6.515382052535169e-05,8.185992835236492e-05,0.021904106004987343,0.00019462615618470435,0.02898081717582941,0.021904106004987343,0.08424656155764362,0.0003641931506288886,6.849504209075424e-05,0.017523284803989878,6.849504209075424e-05,0.07649587789434044,0.00015035497044311915,4.7612407306987696e-05,0.03673150083913263,0.03167670714567401,0.05122190942704735,0.020556161020065057,5.5130155829143774e-05,0.00012446050331124876,0.03369862462305745,0.02527396846729309,8.603645530911818e-05,7.100095826480628e-05,6.014198817724772e-05,0.03336163837682689,6.264790435129963e-05,0.00013281355722475526,0.023589037236140212,0.020893147266295632,0.028306844683368266,5.095362887239043e-05,0.03572054210044091,0.00017290821600958714,7.18362636561569e-05,0.015501367326606435
2025-07-22,6.014198817724772e-05,0.038416432070285486,0.00011276622783233949,0.04785204696474157,0.0330246521305963,0.018197257296451035,9.522481461397539e-05,0.03572054210044091,6.014198817724772e-05,0.05964656558281169,0.00018293188070579516,0.13108764978369356,0.022578078497448494,0.0034506465716695857,6.515382052535169e-05,8.185992835236492e-05,0.021904106004987343,0.00019462615618470435,0.02898081717582941,0.021904106004987343,0.08424656155764362,0.0003641931506288886,6.849504209075424e-05,0.017523284803989878,6.849504209075424e-05,0.07649587789434044,0.00015035497044311915,4.7612407306987696e-05,0.03673150083913263,0.03167670714567401,0.05122190942704735,0.020556161020065057,5.5130155829143774e-05,0.00012446050331124876,0.03369862462305745,0.02527396846729309,8.603645530911818e-05,7.100095826480628e-05,6.014198817724772e-05,0.03336163837682689,6.264790435129963e-05,0.00013281355722475526,0.023589037236140212,0.020893147266295632,0.028306844683368266,5.095362887239043e-05,0.03572054210044091,0.00017290821600958714,7.18362636561569e-05,0.015501367326606435
2025-07-23,6.014198817724772e-05,0.038416432070285486,0.00011276622783233949,0.04785204696474157,0.0330246521305963,0.018197257296451035,9.522481461397539e-05,0.03572054210044091,6.014198817724772e-05,0.05964656558281169,0.00018293188070579516,0.13108764978369356,0.022578078497448494,0.0034506465716695857,6.515382052535169e-05,8.185992835236492e-05,0.021904106004987343,0.00019462615618470435,0.02898081717582941,0.021904106004987343,0.08424656155764362,0.0003641931506288886,6.849504209075424e-05,0.017523284803989878,6.849504209075424e-05,0.07649587789434044,0.00015035497044311915,4.7612407306987696e-05,0.03673150083913263,0.03167670714567401,0.05122190942704735,0.020556161020065057,5.5130155829143774e-05,0.00012446050331124876,0.03369862462305745,0.02527396846729309,8.603645530911818e-05,7.100095826480628e-05,6.014198817724772e-05,0.03336163837682689,6.264790435129963e-05,0.00013281355722475526,0.023589037236140212,0.020893147266295632,0.028306844683368266,5.095362887239043e-05,0.03572054210044091,0.00017290821600958714,7.18362636561569e-05,0.015501367326606435
2025-07-24,6.014198817724772e-05,0.038416432070285486,0.00011276622783233949,0.04785204696474157,0.0330246521305963,0.018197257296451035,9.522481461397539e-05,0.03572054210044091,6.014198817724772e-05,0.05964656558281169,0.00018293188070579516,0.13108764978369356,0.022578078497448494,0.0034506465716695857,6.515382052535169e-05,8.185992835236492e-05,0.021904106004987343,0.00019462615618470435,0.02898081717582941,0.021904106004987343,0.08424656155764362,0.0003641931506288886,6.849504209075424e-05,0.017523284803989878,6.849504209075424e-05,0.07649587789434044,0.00015035497044311915,4.7612407306987696e-05,0.03673150083913263,0.03167670714567401,0.05122190942704735,0.020556161020065057,5.5130155829143774e-05,0.00012446050331124876,0.03369862462305745,0.02527396846729309,8.603645530911818e-05,7.100095826480628e-05,6.014198817724772e-05,0.03336163837682689,6.264790435129963e-05,0.00013281355722475526,0.023589037236140212,0.020893147266295632,0.028306844683368266,5.095362887239043e-05,0.03572054210044091,0.00017290821600958714,7.18362636561569e-05,0.015501367326606435
2025-07-25,6.014198817724772e-05,0.038416432070285486,0.00011276622783233949,0.04785204696474157,0.0330246521305963,0.018197257296451035,9.522481461397539e-05,0.03572054210044091,6.014198817724772e-05,0.05964656558281169,0.00018293188070579516,0.13108764978369356,0.022578078497448494,0.0034506465716695857,6.515382052535169e-05,8.185992835236492e-05,0.021904106004987343,0.00019462615618470435,0.02898081717582941,0.021904106004987343,0.08424656155764362,0.0003641931506288886,6.849504209075424e-05,0.017523284803989878,6.849504209075424e-05,0.07649587789434044,0.00015035497044311915,4.7612407306987696e-05,0.03673150083913263,0.03167670714567401,0.05122190942704735,0.020556161020065057,5.5130155829143774e-05,0.00012446050331124876,0.03369862462305745,0.02527396846729309,8.603645530911818e-05,7.100095826480628e-05,6.014198817724772e-05,0.03336163837682689,6.264790435129963e-05,0.00013281355722475526,0.023589037236140212,0.020893147266295632,0.028306844683368266,5.095362887239043e-05,0.03572054210044091,0.00017290821600958714,7.18362636561569e-05,0.015501367326606435
2025-07-28,6.014198817724772e-05,0.038416432070285486,0.00011276622783233949,0.04785204696474157,0.0330246521305963,0.018197257296451035,9.522481461397539e-05,0.03572054210044091,6.014198817724772e-05,0.05964656558281169,0.00018293188070579516,0.13108764978369356,0.022578078497448494,0.0034506465716695857,6.515382052535169e-05,8.185992835236492e-05,0.021904106004987343,0.00019462615618470435,0.02898081717582941,0.021904106004987343,0.08424656155764362,0.0003641931506288886,6.849504209075424e-05,0.017523284803989878,6.849504209075424e-05,0.07649587789434044,0.00015035497044311915,4.7612407306987696e-05,0.03673150083913263,0.03167670714567401,0.05122190942704735,0.020556161020065057,5.5130155829143774e-05,0.00012446050331124876,0.03369862462305745,0.02527396846729309,8.603645530911818e-05,7.100095826480628e-05,6.014198817724772e-05,0.03336163837682689,6.264790435129963e-05,0.00013281355722475526,0.023589037236140212,0.020893147266295632,0.028306844683368266,5.095362887239043e-05,0.03572054210044091,0.00017290821600958714,7.18362636561569e-05,0.015501367326606435
2025-07-29,6.014198817724772e-05,0.038416432070285486,0.00011276622783233949,0.04785204696474157,0.0330246521305963,0.018197257296451035,9.522481461397539e-05,0.03572054210044091,6.014198817724772e-05,0.05964656558281169,0.00018293188070579516,0.13108764978369356,0.022578078497448494,0.0034506465716695857,6.515382052535169e-05,8.185992835236492e-05,0.021904106004987343,0.00019462615618470435,0.02898081717582941,0.021904106004987343,0.08424656155764362,0.0003641931506288886,6.849504209075424e-05,0.017523284803989878,6.849504209075424e-05,0.07649587789434044,0.00015035497044311915,4.7612407306987696e-05,0.03673150083913263,0.03167670714567401,0.05122190942704735,0.020556161020065057,5.5130155829143774e-05,0.00012446050331124876,0.03369862462305745,0.02527396846729309,8.603645530911818e-05,7.100095826480628e-05,6.014198817724772e-05,0.03336163837682689,6.264790435129963e-05,0.00013281355722475526,0.023589037236140212,0.020893147266295632,0.028306844683368266,5.095362887239043e-05,0.03572054210044091,0.00017290821600958714,7.18362636561569e-05,0.015501367326606435
2025-07-30,6.014198817724772e-05,0.038416432070285486,0.00011276622783233949,0.04785204696474157,0.0330246521305963,0.018197257296451035,9.522481461397539e-05,0.03572054210044091,6.014198817724772e-05,0.05964656558281169,0.00018293188070579516,0.13108764978369356,0.022578078497448494,0.0034506465716695857,6.515382052535169e-05,8.185992835236492e-05,0.021904106004987343,0.00019462615618470435,0.02898081717582941,0.021904106004987343,0.08424656155764362,0.0003641931506288886,6.849504209075424e-05,0.017523284803989878,6.849504209075424e-05,0.07649587789434044,0.00015035497044311915,4.7612407306987696e-05,0.03673150083913263,0.03167670714567401,0.05122190942704735,0.020556161020065057,5.5130155829143774e-05,0.00012446050331124876,0.03369862462305745,0.02527396846729309,8.603645530911818e-05,7.100095826480628e-05,6.014198817724772e-05,0.03336163837682689,6.264790435129963e-05,0.00013281355722475526,0.023589037236140212,0.020893147266295632,0.028306844683368266,5.095362887239043e-05,0.03572054210044091,0.00017290821600958714,7.18362636561569e-05,0.015501367326606435
2025-07-31,6.014198817724772e-05,0.038416432070285486,0.00011276622783233949,0.04785204696474157,0.0330246521305963,0.018197257296451035,9.522481461397539e-05,0.03572054210044091,6.014198817724772e-05,0.05964656558281169,0.00018293188070579516,0.13108764978369356,0.022578078497448494,0.0034506465716695857,6.515382052535169e-05,8.185992835236492e-05,0.021904106004987343,0.00019462615618470435,0.02898081717582941,0.021904106004987343,0.08424656155764362,0.0003641931506288886,6.849504209075424e-05,0.017523284803989878,6.849504209075424e-05,0.07649587789434044,0.00015035497044311915,4.7612407306987696e-05,0.03673150083913263,0.03167670714567401,0.05122190942704735,0.020556161020065057,5.5130155829143774e-05,0.00012446050331124876,0.03369862462305745,0.02527396846729309,8.603645530911818e-05,7.100095826480628e-05,6.014198817724772e-05,0.03336163837682689,6.264790435129963e-05,0.00013281355722475526,0.023589037236140212,0.020893147266295632,0.028306844683368266,5.095362887239043e-05,0.03572054210044091,0.00017290821600958714,7.18362636561569e-05,0.015501367326606435
2025-08-01,6.014198817724772e-05,0.038416432070285486,0.00011276622783233949,0.04785204696474157,0.0330246521305963,0.018197257296451035,9.522481461397539e-05,0.03572054210044091,6.014198817724772e-05,0.05964656558281169,0.00018293188070579516,0.13108764978369356,0.022578078497448494,0.0034506465716695857,6.515382052535169e-05,8.185992835236492e-05,0.021904106004987343,0.00019462615618470435,0.02898081717582941,0.021904106004987343,0.08424656155764362,0.0003641931506288886,6.849504209075424e-05,0.017523284803989878,6.849504209075424e-05,0.07649587789434044,0.00015035497044311915,4.7612407306987696e-05,0.03673150083913263,0.03167670714567401,0.05122190942704735,0.020556161020065057,5.5130155829143774e-05,0.00012446050331124876,0.03369862462305745,0.02527396846729309,8.603645530911818e-05,7.100095826480628e-05,6.014198817724772e-05,0.03336163837682689,6.264790435129963e-05,0.00013281355722475526,0.023589037236140212,0.020893147266295632,0.028306844683368266,5.095362887239043e-05,0.03572054210044091,0.00017290821600958714,7.18362636561569e-05,0.015501367326606435
2025-08-04,6.014198817724772e-05,0.038416432070285486,0.00011276622783233949,0.04785204696474157,0.0330246521305963,0.018197257296451035,9.522481461397539e-05,0.03572054210044091,6.014198817724772e-05,0.05964656558281169,0.00018293188070579516,0.13108764978369356,0.022578078497448494,0.0034506465716695857,6.515382052535169e-05,8.185992835236492e-05,0.021904106004987343,0.00019462615618470435,0.02898081717582941,0.021904106004987343,0.08424656155764362,0.0003641931506288886,6.849504209075424e-05,0.017523284803989878,6.849504209075424e-05,0.07649587789434044,0.00015035497044311915,4.7612407306987696e-05,0.03673150083913263,0.03167670714567401,0.05122190942704735,0.020556161020065057,5.5130155829143774e-05,0.00012446050331124876,0.03369862462305745,0.02527396846729309,8.603645530911818e-05,7.100095826480628e-05,6.014198817724772e-05,0.03336163837682689,6.264790435129963e-05,0.00013281355722475526,0.023589037236140212,0.020893147266295632,0.028306844683368266,5.095362887239043e-05,0.03572054210044091,0.00017290821600958714,7.18362636561569e-05,0.015501367326606435
2025-08-05,6.014198817724772e-05,0.038416432070285486,0.00011276622783233949,0.04785204696474157,0.0330246521305963,0.018197257296451035,9.522481461397539e-05,0.03572054210044091,6.014198817724772e-05,0.05964656558281169,0.00018293188070579516,0.13108764978369356,0.022578078497448494,0.0034506465716695857,6.515382052535169e-05,8.185992835236492e-05,0.021904106004987343,0.00019462615618470435,0.02898081717582941,0.021904106004987343,0.08424656155764362,0.0003641931506288886,6.849504209075424e-05,0.017523284803989878,6.849504209075424e-05,0.07649587789434044,0.00015035497044311915,4.7612407306987696e-05,0.03673150083913263,0.03167670714567401,0.05122190942704735,0.020556161020065057,5.5130155829143774e-05,0.00012446050331124876,0.03369862462305745,0.02527396846729309,8.603645530911818e-05,7.100095826480628e-05,6.014198817724772e-05,0.03336163837682689,6.264790435129963e-05,0.00013281355722475526,0.023589037236140212,0.020893147266295632,0.028306844683368266,5.095362887239043e-05,0.03572054210044091,0.00017290821600958714,7.18362636561569e-05,0.015501367326606435
2025-08-06,6.014198817724772e-05,0.038416432070285486,0.00011276622783233949,0.04785204696474157,0.0330246521305963,0.018197257296451035,9.522481461397539e-05,0.03572054210044091,6.014198817724772e-05,0.05964656558281169,0.00018293188070579516,0.13108764978369356,0.022578078497448494,0.0034506465716695857,6.515382052535169e-05,8.185992835236492e-05,0.021904106004987343,0.00019462615618470435,0.02898081717582941,0.021904106004987343,0.08424656155764362,0.0003641931506288886,6.849504209075424e-05,0.017523284803989878,6.849504209075424e-05,0.07649587789434044,0.00015035497044311915,4.7612407306987696e-05,0.03673150083913263,0.03167670714567401,0.05122190942704735,0.020556161020065057,5.5130155829143774e-05,0.00012446050331124876,0.03369862462305745,0.02527396846729309,8.603645530911818e-05,7.100095826480628e-05,6.014198817724772e-05,0.03336163837682689,6.264790435129963e-05,0.00013281355722475526,0.023589037236140212,0.020893147266295632,0.028306844683368266,5.095362887239043e-05,0.03572054210044091,0.00017290821600958714,7.18362636561569e-05,0.015501367326606435
2025-08-07,6.014198817724772e-05,0.038416432070285486,0.00011276622783233949,0.04785204696474157,0.0330246521305963,0.018197257296451035,9.522481461397539e-05,0.03572054210044091,6.014198817724772e-05,0.05964656558281169,0.00018293188070579516,0.13108764978369356,0.022578078497448494,0.0034506465716695857,6.515382052535169e-05,8.185992835236492e-05,0.021904106004987343,0.00019462615618470435,0.02898081717582941,0.021904106004987343,0.08424656155764362,0.0003641931506288886,6.849504209075424e-05,0.017523284803989878,6.849504209075424e-05,0.07649587789434044,0.00015035497044311915,4.7612407306987696e-05,0.03673150083913263,0.03167670714567401,0.05122190942704735,0.020556161020065057,5.5130155829143774e-05,0.00012446050331124876,0.03369862462305745,0.02527396846729309,8.603645530911818e-05,7.100095826480628e-05,6.014198817724772e-05,0.03336163837682689,6.264790435129963e-05,0.00013281355722475526,0.023589037236140212,0.020893147266295632,0.028306844683368266,5.095362887239043e-05,0.03572054210044091,0.00017290821600958714,7.18362636561569e-05,0.015501367326606435
2025-08-08,6.014198817724772e-05,0.038416432070285486,0.00011276622783233949,0.04785204696474157,0.0330246521305963,0.018197257296451035,9.522481461397539e-05,0.03572054210044091,6.014198817724772e-05,0.05964656558281169,0.00018293188070579516,0.13108764978369356,0.022578078497448494,0.0034506465716695857,6.515382052535169e-05,8.185992835236492e-05,0.021904106004987343,0.00019462615618470435,0.02898081717582941,0.021904106004987343,0.08424656155764362,0.0003641931506288886,6.849504209075424e-05,0.017523284803989878,6.849504209075424e-05,0.07649587789434044,0.00015035497044311915,4.7612407306987696e-05,0.03673150083913263,0.03167670714567401,0.05122190942704735,0.020556161020065057,5.5130155829143774e-05,0.00012446050331124876,0.03369862462305745,0.02527396846729309,8.603645530911818e-05,7.100095826480628e-05,6.014198817724772e-05,0.03336163837682689,6.264790435129963e-05,0.00013281355722475526,0.023589037236140212,0.020893147266295632,0.028306844683368266,5.095362887239043e-05,0.03572054210044091,0.00017290821600958714,7.18362636561569e-05,0.015501367326606435
2025-08-11,6.014198817724772e-05,0.038416432070285486,0.00011276622783233949,0.04785204696474157,0.0330246521305963,0.018197257296451035,9.522481461397539e-05,0.03572054210044091,6.014198817724772e-05,0.05964656558281169,0.00018293188070579516,0.13108764978369356,0.022578078497448494,0.0034506465716695857,6.515382052535169e-05,8.185992835236492e-05,0.021904106004987343,0.00019462615618470435,0.02898081717582941,0.021904106004987343,0.08424656155764362,0.0003641931506288886,6.849504209075424e-05,0.017523284803989878,6.849504209075424e-05,0.07649587789434044,0.00015035497044311915,4.7612407306987696e-05,0.03673150083913263,0.03167670714567401,0.05122190942704735,0.020556161020065057,5.5130155829143774e-05,0.00012446050331124876,0.03369862462305745,0.02527396846729309,8.603645530911818e-05,7.100095826480628e-05,6.014198817724772e-05,0.03336163837682689,6.264790435129963e-05,0.00013281355722475526,0.023589037236140212,0.020893147266295632,0.028306844683368266,5.095362887239043e-05,0.03572054210044091,0.00017290821600958714,7.18362636561569e-05,0.015501367326606435
2025-08-12,6.014198817724772e-05,0.038416432070285486,0.00011276622783233949,0.04785204696474157,0.0330246521305963,0.018197257296451035,9.522481461397539e-05,0.03572054210044091,6.014198817724772e-05,0.05964656558281169,0.00018293188070579516,0.13108764978369356,0.022578078497448494,0.0034506465716695857,6.515382052535169e-05,8.185992835236492e-05,0.021904106004987343,0.00019462615618470435,0.02898081717582941,0.021904106004987343,0.08424656155764362,0.0003641931506288886,6.849504209075424e-05,0.017523284803989878,6.849504209075424e-05,0.07649587789434044,0.00015035497044311915,4.7612407306987696e-05,0.03673150083913263,0.03167670714567401,0.05122190942704735,0.020556161020065057,5.5130155829143774e-05,0.00012446050331124876,0.03369862462305745,0.02527396846729309,8.603645530911818e-05,7.100095826480628e-05,6.014198817724772e-05,0.03336163837682689,6.264790435129963e-05,0.00013281355722475526,0.023589037236140212,0.020893147266295632,0.028306844683368266,5.095362887239043e-05,0.03572054210044091,0.00017290821600958714,7.18362636561569e-05,0.015501367326606435
2025-08-13,6.014198817724772e-05,0.038416432070285486,0.00011276622783233949,0.04785204696474157,0.0330246521305963,0.018197257296451035,9.522481461397539e-05,0.03572054210044091,6.014198817724772e-05,0.05964656558281169,0.00018293188070579516,0.13108764978369356,0.022578078497448494,0.0034506465716695857,6.515382052535169e-05,8.185992835236492e-05,0.021904106004987343,0.00019462615618470435,0.02898081717582941,0.021904106004987343,0.08424656155764362,0.0003641931506288886,6.849504209075424e-05,0.017523284803989878,6.849504209075424e-05,0.07649587789434044,0.00015035497044311915,4.7612407306987696e-05,0.03673150083913263,0.03167670714567401,0.05122190942704735,0.020556161020065057,5.5130155829143774e-05,0.00012446050331124876,0.03369862462305745,0.02527396846729309,8.603645530911818e-05,7.100095826480628e-05,6.014198817724772e-05,0.03336163837682689,6.264790435129963e-05,0.00013281355722475526,0.023589037236140212,0.020893147266295632,0.028306844683368266,5.095362887239043e-05,0.03572054210044091,0.00017290821600958714,7.18362636561569e-05,0.015501367326606435
2025-08-14,6.014198817724772e-05,0.038416432070285486,0.00011276622783233949,0.04785204696474157,0.0330246521305963,0.018197257296451035,9.522481461397539e-05,0.03572054210044091,6.014198817724772e-05,0.05964656558281169,0.00018293188070579516,0.13108764978369356,0.022578078497448494,0.0034506465716695857,6.515382052535169e-05,8.185992835236492e-05,0.021904106004987343,0.00019462615618470435,0.02898081717582941,0.021904106004987343,0.08424656155764362,0.0003641931506288886,6.849504209075424e-05,0.017523284803989878,6.849504209075424e-05,0.07649587789434044,0.00015035497044311915,4.7612407306987696e-05,0.03673150083913263,0.03167670714567401,0.05122190942704735,0.020556161020065057,5.5130155829143774e-05,0.00012446050331124876,0.03369862462305745,0.02527396846729309,8.603645530911818e-05,7.100095826480628e-05,6.014198817724772e-05,0.03336163837682689,6.264790435129963e-05,0.00013281355722475526,0.023589037236140212,0.020893147266295632,0.028306844683368266,5.095362887239043e-05,0.03572054210044091,0.00017290821600958714,7.18362636561569e-05,0.015501367326606435
2025-08-15,6.014198817724772e-05,0.038416432070285486,0.00011276622783233949,0.04785204696474157,0.0330246521305963,0.018197257296451035,9.522481461397539e-05,0.03572054210044091,6.014198817724772e-05,0.05964656558281169,0.00018293188070579516,0.13108764978369356,0.022578078497448494,0.0034506465716695857,6.515382052535169e-05,8.185992835236492e-05,0.021904106004987343,0.00019462615618470435,0.02898081717582941,0.021904106004987343,0.08424656155764362,0.0003641931506288886,6.849504209075424e-05,0.017523284803989878,6.849504209075424e-05,0.07649587789434044,0.00015035497044311915,4.7612407306987696e-05,0.03673150083913263,0.03167670714567401,0.05122190942704735,0.020556161020065057,5.5130155829143774e-05,0.00012446050331124876,0.03369862462305745,0.02527396846729309,8.603645530911818e-05,7.100095826480628e-05,6.014198817724772e-05,0.03336163837682689,6.264790435129963e-05,0.00013281355722475526,0.023589037236140212,0.020893147266295632,0.028306844683368266,5.095362887239043e-05,0.03572054210044091,0.00017290821600958714,7.18362636561569e-05,0.015501367326606435
2025-08-18,6.014198817724772e-05,0.038416432070285486,0.00011276622783233949,0.04785204696474157,0.0330246521305963,0.018197257296451035,9.522481461397539e-05,0.03572054210044091,6.014198817724772e-05,0.05964656558281169,0.00018293188070579516,0.13108764978369356,0.022578078497448494,0.0034506465716695857,6.515382052535169e-05,8.185992835236492e-05,0.021904106004987343,0.00019462615618470435,0.02898081717582941,0.021904106004987343,0.08424656155764362,0.0003641931506288886,6.849504209075424e-05,0.017523284803989878,6.849504209075424e-05,0.07649587789434044,0.00015035497044311915,4.7612407306987696e-05,0.03673150083913263,0.03167670714567401,0.05122190942704735,0.020556161020065057,5.5130155829143774e-05,0.00012446050331124876,0.03369862462305745,0.02527396846729309,8.603645530911818e-05,7.100095826480628e-05,6.014198817724772e-05,0.03336163837682689,6.264790435129963e-05,0.00013281355722475526,0.023589037236140212,0.020893147266295632,0.028306844683368266,5.095362887239043e-05,0.03572054210044091,0.00017290821600958714,7.18362636561569e-05,0.015501367326606435
2025-08-19,6.014198817724772e-05,0.038416432070285486,0.00011276622783233949,0.04785204696474157,0.0330246521305963,0.018197257296451035,9.522481461397539e-05,0.03572054210044091,6.014198817724772e-05,0.05964656558281169,0.00018293188070579516,0.13108764978369356,0.022578078497448494,0.0034506465716695857,6.515382052535169e-05,8.185992835236492e-05,0.021904106004987343,0.00019462615618470435,0.02898081717582941,0.021904106004987343,0.08424656155764362,0.0003641931506288886,6.849504209075424e-05,0.017523284803989878,6.849504209075424e-05,0.07649587789434044,0.00015035497044311915,4.7612407306987696e-05,0.03673150083913263,0.03167670714567401,0.05122190942704735,0.020556161020065057,5.5130155829143774e-05,0.00012446050331124876,0.03369862462305745,0.02527396846729309,8.603645530911818e-05,7.100095826480628e-05,6.014198817724772e-05,0.03336163837682689,6.264790435129963e-05,0.00013281355722475526,0.023589037236140212,0.020893147266295632,0.028306844683368266,5.095362887239043e-05,0.03572054210044091,0.00017290821600958714,7.18362636561569e-05,0.015501367326606435
2025-08-20,6.014198817724772e-05,0.038416432070285486,0.00011276622783233949,0.04785204696474157,0.0330246521305963,0.018197257296451035,9.522481461397539e-05,0.03572054210044091,6.014198817724772e-05,0.05964656558281169,0.00018293188070579516,0.13108764978369356,0.022578078497448494,0.0034506465716695857,6.515382052535169e-05,8.185992835236492e-05,0.021904106004987343,0.00019462615618470435,0.02898081717582941,0.021904106004987343,0.08424656155764362,0.0003641931506288886,6.849504209075424e-05,0.017523284803989878,6.849504209075424e-05,0.07649587789434044,0.00015035497044311915,4.7612407306987696e-05,0.03673150083913263,0.03167670714567401,0.05122190942704735,0.020556161020065057,5.5130155829143774e-05,0.00012446050331124876,0.03369862462305745,0.02527396846729309,8.603645530911818e-05,7.100095826480628e-05,6.014198817724772e-05,0.03336163837682689,6.264790435129963e-05,0.00013281355722475526,0.023589037236140212,0.020893147266295632,0.028306844683368266,5.095362887239043e-05,0.03572054210044091,0.00017290821600958714,7.18362636561569e-05,0.015501367326606435
2025-08-21,6.014198817724772e-05,0.038416432070285486,0.00011276622783233949,0.04785204696474157,0.0330246521305963,0.018197257296451035,9.522481461397539e-05,0.03572054210044091,6.014198817724772e-05,0.05964656558281169,0.00018293188070579516,0.13108764978369356,0.022578078497448494,0.0034506465716695857,6.515382052535169e-05,8.185992835236492e-05,0.021904106004987343,0.00019462615618470435,0.02898081717582941,0.021904106004987343,0.08424656155764362,0.0003641931506288886,6.849504209075424e-05,0.017523284803989878,6.849504209075424e-05,0.07649587789434044,0.00015035497044311915,4.7612407306987696e-05,0.03673150083913263,0.03167670714567401,0.05122190942704735,0.020556161020065057,5.5130155829143774e-05,0.00012446050331124876,0.03369862462305745,0.02527396846729309,8.603645530911818e-05,7.100095826480628e-05,6.014198817724772e-05,0.03336163837682689,6.264790435129963e-05,0.00013281355722475526,0.023589037236140212,0.020893147266295632,0.028306844683368266,5.095362887239043e-05,0.03572054210044091,0.00017290821600958714,7.18362636561569e-05,0.015501367326606435
2025-08-22,6.014198817724772e-05,0.038416432070285486,0.00011276622783233949,0.04785204696474157,0.0330246521305963,0.018197257296451035,9.522481461397539e-05,0.03572054210044091,6.014198817724772e-05,0.05964656558281169,0.00018293188070579516,0.13108764978369356,0.022578078497448494,0.0034506465716695857,6.515382052535169e-05,8.185992835236492e-05,0.021904106004987343,0.00019462615618470435,0.02898081717582941,0.021904106004987343,0.08424656155764362,0.0003641931506288886,6.849504209075424e-05,0.017523284803989878,6.849504209075424e-05,0.07649587789434044,0.00015035497044311915,4.7612407306987696e-05,0.03673150083913263,0.03167670714567401,0.05122190942704735,0.020556161020065057,5.5130155829143774e-05,0.00012446050331124876,0.03369862462305745,0.02527396846729309,8.603645530911818e-05,7.100095826480628e-05,6.014198817724772e-05,0.03336163837682689,6.264790435129963e-05,0.00013281355722475526,0.023589037236140212,0.020893147266295632,0.028306844683368266,5.095362887239043e-05,0.03572054210044091,0.00017290821600958714,7.18362636561569e-05,0.015501367326606435
2025-08-25,6.014198817724772e-05,0.038416432070285486,0.00011276622783233949,0.04785204696474157,0.0330246521305963,0.018197257296451035,9.522481461397539e-05,0.03572054210044091,6.014198817724772e-05,0.05964656558281169,0.00018293188070579516,0.13108764978369356,0.022578078497448494,0.0034506465716695857,6.515382052535169e-05,8.185992835236492e-05,0.021904106004987343,0.00019462615618470435,0.02898081717582941,0.021904106004987343,0.08424656155764362,0.0003641931506288886,6.849504209075424e-05,0.017523284803989878,6.849504209075424e-05,0.07649587789434044,0.00015035497044311915,4.7612407306987696e-05,0.03673150083913263,0.03167670714567401,0.05122190942704735,0.020556161020065057,5.5130155829143774e-05,0.00012446050331124876,0.03369862462305745,0.02527396846729309,8.603645530911818e-05,7.100095826480628e-05,6.014198817724772e-05,0.03336163837682689,6.264790435129963e-05,0.00013281355722475526,0.023589037236140212,0.020893147266295632,0.028306844683368266,5.095362887239043e-05,0.03572054210044091,0.00017290821600958714,7.18362636561569e-05,0.015501367326606435
2025-08-26,6.014198817724772e-05,0.038416432070285486,0.00011276622783233949,0.04785204696474157,0.0330246521305963,0.018197257296451035,9.522481461397539e-05,0.03572054210044091,6.014198817724772e-05,0.05964656558281169,0.00018293188070579516,0.13108764978369356,0.022578078497448494,0.0034506465716695857,6.515382052535169e-05,8.185992835236492e-05,0.021904106004987343,0.00019462615618470435,0.02898081717582941,0.021904106004987343,0.08424656155764362,0.0003641931506288886,6.849504209075424e-05,0.017523284803989878,6.849504209075424e-05,0.07649587789434044,0.00015035497044311915,4.7612407306987696e-05,0.03673150083913263,0.03167670714567401,0.05122190942704735,0.020556161020065057,5.5130155829143774e-05,0.00012446050331124876,0.03369862462305745,0.02527396846729309,8.603645530911818e-05,7.100095826480628e-05,6.014198817724772e-05,0.03336163837682689,6.264790435129963e-05,0.00013281355722475526,0.023589037236140212,0.020893147266295632,0.028306844683368266,5.095362887239043e-05,0.03572054210044091,0.00017290821600958714,7.18362636561569e-05,0.015501367326606435
2025-08-27,6.014198817724772e-05,0.038416432070285486,0.00011276622783233949,0.04785204696474157,0.0330246521305963,0.018197257296451035,9.522481461397539e-05,0.03572054210044091,6.014198817724772e-05,0.05964656558281169,0.00018293188070579516,0.13108764978369356,0.022578078497448494,0.0034506465716695857,6.515382052535169e-05,8.185992835236492e-05,0.021904106004987343,0.00019462615618470435,0.02898081717582941,0.021904106004987343,0.08424656155764362,0.0003641931506288886,6.849504209075424e-05,0.017523284803989878,6.849504209075424e-05,0.07649587789434044,0.00015035497044311915,4.7612407306987696e-05,0.03673150083913263,0.03167670714567401,0.05122190942704735,0.020556161020065057,5.5130155829143774e-05,0.00012446050331124876,0.03369862462305745,0.02527396846729309,8.603645530911818e-05,7.100095826480628e-05,6.014198817724772e-05,0.03336163837682689,6.264790435129963e-05,0.00013281355722475526,0.023589037236140212,0.020893147266295632,0.028306844683368266,5.095362887239043e-05,0.03572054210044091,0.00017290821600958714,7.18362636561569e-05,0.015501367326606435
2025-08-28,6.014198817724772e-05,0.038416432070285486,0.00011276622783233949,0.04785204696474157,0.0330246521305963,0.018197257296451035,9.522481461397539e-05,0.03572054210044091,6.014198817724772e-05,0.05964656558281169,0.00018293188070579516,0.13108764978369356,0.022578078497448494,0.0034506465716695857,6.515382052535169e-05,8.185992835236492e-05,0.021904106004987343,0.00019462615618470435,0.02898081717582941,0.021904106004987343,0.08424656155764362,0.0003641931506288886,6.849504209075424e-05,0.017523284803989878,6.849504209075424e-05,0.07649587789434044,0.00015035497044311915,4.7612407306987696e-05,0.03673150083913263,0.03167670714567401,0.05122190942704735,0.020556161020065057,5.5130155829143774e-05,0.00012446050331124876,0.03369862462305745,0.02527396846729309,8.603645530911818e-05,7.100095826480628e-05,6.014198817724772e-05,0.03336163837682689,6.264790435129963e-05,0.00013281355722475526,0.023589037236140212,0.020893147266295632,0.028306844683368266,5.095362887239043e-05,0.03572054210044091,0.00017290821600958714,7.18362636561569e-05,0.015501367326606435
2025-08-29,6.014198817724772e-05,0.038416432070285486,0.00011276622783233949,0.04785204696474157,0.0330246521305963,0.018197257296451035,9.522481461397539e-05,0.03572054210044091,6.014198817724772e-05,0.05964656558281169,0.00018293188070579516,0.13108764978369356,0.022578078497448494,0.0034506465716695857,6.515382052535169e-05,8.185992835236492e-05,0.021904106004987343,0.00019462615618470435,0.02898081717582941,0.021904106004987343,0.08424656155764362,0.0003641931506288886,6.849504209075424e-05,0.017523284803989878,6.849504209075424e-05,0.07649587789434044,0.00015035497044311915,4.7612407306987696e-05,0.03673150083913263,0.03167670714567401,0.05122190942704735,0.020556161020065057,5.5130155829143774e-05,0.00012446050331124876,0.03369862462305745,0.02527396846729309,8.603645530911818e-05,7.100095826480628e-05,6.014198817724772e-05,0.03336163837682689,6.264790435129963e-05,0.00013281355722475526,0.023589037236140212,0.020893147266295632,0.028306844683368266,5.095362887239043e-05,0.03572054210044091,0.00017290821600958714,7.18362636561569e-05,0.015501367326606435
2025-09-01,6.014198817724772e-05,0.038416432070285486,0.00011276622783233949,0.04785204696474157,0.0330246521305963,0.018197257296451035,9.522481461397539e-05,0.03572054210044091,6.014198817724772e-05,0.05964656558281169,0.00018293188070579516,0.13108764978369356,0.022578078497448494,0.0034506465716695857,6.515382052535169e-05,8.185992835236492e-05,0.021904106004987343,0.00019462615618470435,0.02898081717582941,0.021904106004987343,0.08424656155764362,0.0003641931506288886,6.849504209075424e-05,0.017523284803989878,6.849504209075424e-05,0.07649587789434044,0.00015035497044311915,4.7612407306987696e-05,0.03673150083913263,0.03167670714567401,0.05122190942704735,0.020556161020065057,5.5130155829143774e-05,0.00012446050331124876,0.03369862462305745,0.02527396846729309,8.603645530911818e-05,7.100095826480628e-05,6.014198817724772e-05,0.03336163837682689,6.264790435129963e-05,0.00013281355722475526,0.023589037236140212,0.020893147266295632,0.028306844683368266,5.095362887239043e-05,0.03572054210044091,0.00017290821600958714,7.18362636561569e-05,0.015501367326606435
2025-09-02,6.014198817724772e-05,0.038416432070285486,0.00011276622783233949,0.04785204696474157,0.0330246521305963,0.018197257296451035,9.522481461397539e-05,0.03572054210044091,6.014198817724772e-05,0.05964656558281169,0.00018293188070579516,0.13108764978369356,0.022578078497448494,0.0034506465716695857,6.515382052535169e-05,8.185992835236492e-05,0.021904106004987343,0.00019462615618470435,0.02898081717582941,0.021904106004987343,0.08424656155764362,0.0003641931506288886,6.849504209075424e-05,0.017523284803989878,6.849504209075424e-05,0.07649587789434044,0.00015035497044311915,4.7612407306987696e-05,0.03673150083913263,0.03167670714567401,0.05122190942704735,0.020556161020065057,5.5130155829143774e-05,0.00012446050331124876,0.03369862462305745,0.02527396846729309,8.603645530911818e-05,7.100095826480628e-05,6.014198817724772e-05,0.03336163837682689,6.264790435129963e-05,0.00013281355722475526,0.023589037236140212,0.020893147266295632,0.028306844683368266,5.095362887239043e-05,0.03572054210044091,0.00017290821600958714,7.18362636561569e-05,0.015501367326606435
2025-09-03,6.014198817724772e-05,0.038416432070285486,0.00011276622783233949,0.04785204696474157,0.0330246521305963,0.018197257296451035,9.522481461397539e-05,0.03572054210044091,6.014198817724772e-05,0.05964656558281169,0.00018293188070579516,0.13108764978369356,0.022578078497448494,0.0034506465716695857,6.515382052535169e-05,8.185992835236492e-05,0.021904106004987343,0.00019462615618470435,0.02898081717582941,0.021904106004987343,0.08424656155764362,0.0003641931506288886,6.849504209075424e-05,0.017523284803989878,6.849504209075424e-05,0.07649587789434044,0.00015035497044311915,4.7612407306987696e-05,0.03673150083913263,0.03167670714567401,0.05122190942704735,0.020556161020065057,5.5130155829143774e-05,0.00012446050331124876,0.03369862462305745,0.02527396846729309,8.603645530911818e-05,7.100095826480628e-05,6.014198817724772e-05,0.03336163837682689,6.264790435129963e-05,0.00013281355722475526,0.023589037236140212,0.020893147266295632,0.028306844683368266,5.095362887239043e-05,0.03572054210044091,0.00017290821600958714,7.18362636561569e-05,0.015501367326606435
2025-09-04,6.014198817724772e-05,0.038416432070285486,0.00011276622783233949,0.04785204696474157,0.0330246521305963,0.018197257296451035,9.522481461397539e-05,0.03572054210044091,6.014198817724772e-05,0.05964656558281169,0.00018293188070579516,0.13108764978369356,0.022578078497448494,0.0034506465716695857,6.515382052535169e-05,8.185992835236492e-05,0.021904106004987343,0.00019462615618470435,0.02898081717582941,0.021904106004987343,0.08424656155764362,0.0003641931506288886,6.849504209075424e-05,0.017523284803989878,6.849504209075424e-05,0.07649587789434044,0.00015035497044311915,4.7612407306987696e-05,0.03673150083913263,0.03167670714567401,0.05122190942704735,0.020556161020065057,5.5130155829143774e-05,0.00012446050331124876,0.03369862462305745,0.02527396846729309,8.603645530911818e-05,7.100095826480628e-05,6.014198817724772e-05,0.03336163837682689,6.264790435129963e-05,0.00013281355722475526,0.023589037236140212,0.020893147266295632,0.028306844683368266,5.095362887239043e-05,0.03572054210044091,0.00017290821600958714,7.18362636561569e-05,0.015501367326606435
2025-09-05,6.014198817724772e-05,0.038416432070285486,0.00011276622783233949,0.04785204696474157,0.0330246521305963,0.018197257296451035,9.522481461397539e-05,0.03572054210044091,6.014198817724772e-05,0.05964656558281169,0.00018293188070579516,0.13108764978369356,0.022578078497448494,0.0034506465716695857,6.515382052535169e-05,8.185992835236492e-05,0.021904106004987343,0.00019462615618470435,0.02898081717582941,0.021904106004987343,0.08424656155764362,0.0003641931506288886,6.849504209075424e-05,0.017523284803989878,6.849504209075424e-05,0.07649587789434044,0.00015035497044311915,4.7612407306987696e-05,0.03673150083913263,0.03167670714567401,0.05122190942704735,0.020556161020065057,5.5130155829143774e-05,0.00012446050331124876,0.03369862462305745,0.02527396846729309,8.603645530911818e-05,7.100095826480628e-05,6.014198817724772e-05,0.03336163837682689,6.264790435129963e-05,0.00013281355722475526,0.023589037236140212,0.020893147266295632,0.028306844683368266,5.095362887239043e-05,0.03572054210044091,0.00017290821600958714,7.18362636561569e-05,0.015501367326606435
2025-09-08,6.014198817724772e-05,0.038416432070285486,0.00011276622783233949,0.04785204696474157,0.0330246521305963,0.018197257296451035,9.522481461397539e-05,0.03572054210044091,6.014198817724772e-05,0.05964656558281169,0.00018293188070579516,0.13108764978369356,0.022578078497448494,0.0034506465716695857,6.515382052535169e-05,8.185992835236492e-05,0.021904106004987343,0.00019462615618470435,0.02898081717582941,0.021904106004987343,0.08424656155764362,0.0003641931506288886,6.849504209075424e-05,0.017523284803989878,6.849504209075424e-05,0.07649587789434044,0.00015035497044311915,4.7612407306987696e-05,0.03673150083913263,0.03167670714567401,0.05122190942704735,0.020556161020065057,5.5130155829143774e-05,0.00012446050331124876,0.03369862462305745,0.02527396846729309,8.603645530911818e-05,7.100095826480628e-05,6.014198817724772e-05,0.03336163837682689,6.264790435129963e-05,0.00013281355722475526,0.023589037236140212,0.020893147266295632,0.028306844683368266,5.095362887239043e-05,0.03572054210044091,0.00017290821600958714,7.18362636561569e-05,0.015501367326606435
2025-09-09,6.014198817724772e-05,0.038416432070285486,0.00011276622783233949,0.04785204696474157,0.0330246521305963,0.018197257296451035,9.522481461397539e-05,0.03572054210044091,6.014198817724772e-05,0.05964656558281169,0.00018293188070579516,0.13108764978369356,0.022578078497448494,0.0034506465716695857,6.515382052535169e-05,8.185992835236492e-05,0.021904106004987343,0.00019462615618470435,0.02898081717582941,0.021904106004987343,0.08424656155764362,0.0003641931506288886,6.849504209075424e-05,0.017523284803989878,6.849504209075424e-05,0.07649587789434044,0.00015035497044311915,4.7612407306987696e-05,0.03673150083913263,0.03167670714567401,0.05122190942704735,0.020556161020065057,5.5130155829143774e-05,0.00012446050331124876,0.03369862462305745,0.02527396846729309,8.603645530911818e-05,7.100095826480628e-05,6.014198817724772e-05,0.03336163837682689,6.264790435129963e-05,0.00013281355722475526,0.023589037236140212,0.020893147266295632,0.028306844683368266,5.095362887239043e-05,0.03572054210044091,0.00017290821600958714,7.18362636561569e-05,0.015501367326606435
2025-09-10,6.014198817724772e-05,0.038416432070285486,0.00011276622783233949,0.04785204696474157,0.0330246521305963,0.018197257296451035,9.522481461397539e-05,0.03572054210044091,6.014198817724772e-05,0.05964656558281169,0.00018293188070579516,0.13108764978369356,0.022578078497448494,0.0034506465716695857,6.515382052535169e-05,8.185992835236492e-05,0.021904106004987343,0.00019462615618470435,0.02898081717582941,0.021904106004987343,0.08424656155764362,0.0003641931506288886,6.849504209075424e-05,0.017523284803989878,6.849504209075424e-05,0.07649587789434044,0.00015035497044311915,4.7612407306987696e-05,0.03673150083913263,0.03167670714567401,0.05122190942704735,0.020556161020065057,5.5130155829143774e-05,0.00012446050331124876,0.03369862462305745,0.02527396846729309,8.603645530911818e-05,7.100095826480628e-05,6.014198817724772e-05,0.03336163837682689,6.264790435129963e-05,0.00013281355722475526,0.023589037236140212,0.020893147266295632,0.028306844683368266,5.095362887239043e-05,0.03572054210044091,0.00017290821600958714,7.18362636561569e-05,0.015501367326606435
2025-09-11,6.014198817724772e-05,0.038416432070285486,0.00011276622783233949,0.04785204696474157,0.0330246521305963,0.018197257296451035,9.522481461397539e-05,0.03572054210044091,6.014198817724772e-05,0.05964656558281169,0.00018293188070579516,0.13108764978369356,0.022578078497448494,0.0034506465716695857,6.515382052535169e-05,8.185992835236492e-05,0.021904106004987343,0.00019462615618470435,0.02898081717582941,0.021904106004987343,0.08424656155764362,0.0003641931506288886,6.849504209075424e-05,0.017523284803989878,6.849504209075424e-05,0.07649587789434044,0.00015035497044311915,4.7612407306987696e-05,0.03673150083913263,0.03167670714567401,0.05122190942704735,0.020556161020065057,5.5130155829143774e-05,0.00012446050331124876,0.03369862462305745,0.02527396846729309,8.603645530911818e-05,7.100095826480628e-05,6.014198817724772e-05,0.03336163837682689,6.264790435129963e-05,0.00013281355722475526,0.023589037236140212,0.020893147266295632,0.028306844683368266,5.095362887239043e-05,0.03572054210044091,0.00017290821600958714,7.18362636561569e-05,0.015501367326606435
2025-09-12,6.014198817724772e-05,0.038416432070285486,0.00011276622783233949,0.04785204696474157,0.0330246521305963,0.018197257296451035,9.522481461397539e-05,0.03572054210044091,6.014198817724772e-05,0.05964656558281169,0.00018293188070579516,0.13108764978369356,0.022578078497448494,0.0034506465716695857,6.515382052535169e-05,8.185992835236492e-05,0.021904106004987343,0.00019462615618470435,0.02898081717582941,0.021904106004987343,0.08424656155764362,0.0003641931506288886,6.849504209075424e-05,0.017523284803989878,6.849504209075424e-05,0.07649587789434044,0.00015035497044311915,4.7612407306987696e-05,0.03673150083913263,0.03167670714567401,0.05122190942704735,0.020556161020065057,5.5130155829143774e-05,0.00012446050331124876,0.03369862462305745,0.02527396846729309,8.603645530911818e-05,7.100095826480628e-05,6.014198817724772e-05,0.03336163837682689,6.264790435129963e-05,0.00013281355722475526,0.023589037236140212,0.020893147266295632,0.028306844683368266,5.095362887239043e-05,0.03572054210044091,0.00017290821600958714,7.18362636561569e-05,0.015501367326606435
2025-09-15,6.014198817724772e-05,0.038416432070285486,0.00011276622783233949,0.04785204696474157,0.0330246521305963,0.018197257296451035,9.522481461397539e-05,0.03572054210044091,6.014198817724772e-05,0.05964656558281169,0.00018293188070579516,0.13108764978369356,0.022578078497448494,0.0034506465716695857,6.515382052535169e-05,8.185992835236492e-05,0.021904106004987343,0.00019462615618470435,0.02898081717582941,0.021904106004987343,0.08424656155764362,0.0003641931506288886,6.849504209075424e-05,0.017523284803989878,6.849504209075424e-05,0.07649587789434044,0.00015035497044311915,4.7612407306987696e-05,0.03673150083913263,0.03167670714567401,0.05122190942704735,0.020556161020065057,5.5130155829143774e-05,0.00012446050331124876,0.03369862462305745,0.02527396846729309,8.603645530911818e-05,7.100095826480628e-05,6.014198817724772e-05,0.03336163837682689,6.264790435129963e-05,0.00013281355722475526,0.023589037236140212,0.020893147266295632,0.028306844683368266,5.095362887239043e-05,0.03572054210044091,0.00017290821600958714,7.18362636561569e-05,0.015501367326606435
2025-09-16,6.014198817724772e-05,0.038416432070285486,0.00011276622783233949,0.04785204696474157,0.0330246521305963,0.018197257296451035,9.522481461397539e-05,0.03572054210044091,6.014198817724772e-05,0.05964656558281169,0.00018293188070579516,0.13108764978369356,0.022578078497448494,0.0034506465716695857,6.515382052535169e-05,8.185992835236492e-05,0.021904106004987343,0.00019462615618470435,0.02898081717582941,0.021904106004987343,0.08424656155764362,0.0003641931506288886,6.849504209075424e-05,0.017523284803989878,6.849504209075424e-05,0.07649587789434044,0.00015035497044311915,4.7612407306987696e-05,0.03673150083913263,0.03167670714567401,0.05122190942704735,0.020556161020065057,5.5130155829143774e-05,0.00012446050331124876,0.03369862462305745,0.02527396846729309,8.603645530911818e-05,7.100095826480628e-05,6.014198817724772e-05,0.03336163837682689,6.264790435129963e-05,0.00013281355722475526,0.023589037236140212,0.020893147266295632,0.028306844683368266,5.095362887239043e-05,0.03572054210044091,0.00017290821600958714,7.18362636561569e-05,0.015501367326606435
2025-09-17,6.014198817724772e-05,0.038416432070285486,0.00011276622783233949,0.04785204696474157,0.0330246521305963,0.018197257296451035,9.522481461397539e-05,0.03572054210044091,6.014198817724772e-05,0.05964656558281169,0.00018293188070579516,0.13108764978369356,0.022578078497448494,0.0034506465716695857,6.515382052535169e-05,8.185992835236492e-05,0.021904106004987343,0.00019462615618470435,0.02898081717582941,0.021904106004987343,0.08424656155764362,0.0003641931506288886,6.849504209075424e-05,0.017523284803989878,6.849504209075424e-05,0.07649587789434044,0.00015035497044311915,4.7612407306987696e-05,0.03673150083913263,0.03167670714567401,0.05122190942704735,0.020556161020065057,5.5130155829143774e-05,0.00012446050331124876,0.03369862462305745,0.02527396846729309,8.603645530911818e-05,7.100095826480628e-05,6.014198817724772e-05,0.03336163837682689,6.264790435129963e-05,0.00013281355722475526,0.023589037236140212,0.020893147266295632,0.028306844683368266,5.095362887239043e-05,0.03572054210044091,0.00017290821600958714,7.18362636561569e-05,0.015501367326606435
2025-09-18,6.014198817724772e-05,0.038416432070285486,0.00011276622783233949,0.04785204696474157,0.0330246521305963,0.018197257296451035,9.522481461397539e-05,0.03572054210044091,6.014198817724772e-05,0.05964656558281169,0.00018293188070579516,0.13108764978369356,0.022578078497448494,0.0034506465716695857,6.515382052535169e-05,8.185992835236492e-05,0.021904106004987343,0.00019462615618470435,0.02898081717582941,0.021904106004987343,0.08424656155764362,0.0003641931506288886,6.849504209075424e-05,0.017523284803989878,6.849504209075424e-05,0.07649587789434044,0.00015035497044311915,4.7612407306987696e-05,0.03673150083913263,0.03167670714567401,0.05122190942704735,0.020556161020065057,5.5130155829143774e-05,0.00012446050331124876,0.03369862462305745,0.02527396846729309,8.603645530911818e-05,7.100095826480628e-05,6.014198817724772e-05,0.03336163837682689,6.264790435129963e-05,0.00013281355722475526,0.023589037236140212,0.020893147266295632,0.028306844683368266,5.095362887239043e-05,0.03572054210044091,0.00017290821600958714,7.18362636561569e-05,0.015501367326606435
2025-09-19,6.014198817724772e-05,0.038416432070285486,0.00011276622783233949,0.04785204696474157,0.0330246521305963,0.018197257296451035,9.522481461397539e-05,0.03572054210044091,6.014198817724772e-05,0.05964656558281169,0.00018293188070579516,0.13108764978369356,0.022578078497448494,0.0034506465716695857,6.515382052535169e-05,8.185992835236492e-05,0.021904106004987343,0.00019462615618470435,0.02898081717582941,0.021904106004987343,0.08424656155764362,0.0003641931506288886,6.849504209075424e-05,0.017523284803989878,6.849504209075424e-05,0.07649587789434044,0.00015035497044311915,4.7612407306987696e-05,0.03673150083913263,0.03167670714567401,0.05122190942704735,0.020556161020065057,5.5130155829143774e-05,0.00012446050331124876,0.03369862462305745,0.02527396846729309,8.603645530911818e-05,7.100095826480628e-05,6.014198817724772e-05,0.03336163837682689,6.264790435129963e-05,0.00013281355722475526,0.023589037236140212,0.020893147266295632,0.028306844683368266,5.095362887239043e-05,0.03572054210044091,0.00017290821600958714,7.18362636561569e-05,0.015501367326606435
2025-09-22,6.014198817724772e-05,0.038416432070285486,0.00011276622783233949,0.04785204696474157,0.0330246521305963,0.018197257296451035,9.522481461397539e-05,0.03572054210044091,6.014198817724772e-05,0.05964656558281169,0.00018293188070579516,0.13108764978369356,0.022578078497448494,0.0034506465716695857,6.515382052535169e-05,8.185992835236492e-05,0.021904106004987343,0.00019462615618470435,0.02898081717582941,0.021904106004987343,0.08424656155764362,0.0003641931506288886,6.849504209075424e-05,0.017523284803989878,6.849504209075424e-05,0.07649587789434044,0.00015035497044311915,4.7612407306987696e-05,0.03673150083913263,0.03167670714567401,0.05122190942704735,0.020556161020065057,5.5130155829143774e-05,0.00012446050331124876,0.03369862462305745,0.02527396846729309,8.603645530911818e-05,7.100095826480628e-05,6.014198817724772e-05,0.03336163837682689,6.264790435129963e-05,0.00013281355722475526,0.023589037236140212,0.020893147266295632,0.028306844683368266,5.095362887239043e-05,0.03572054210044091,0.00017290821600958714,7.18362636561569e-05,0.015501367326606435
2025-09-23,6.014198817724772e-05,0.038416432070285486,0.00011276622783233949,0.04785204696474157,0.0330246521305963,0.018197257296451035,9.522481461397539e-05,0.03572054210044091,6.014198817724772e-05,0.05964656558281169,0.00018293188070579516,0.13108764978369356,0.022578078497448494,0.0034506465716695857,6.515382052535169e-05,8.185992835236492e-05,0.021904106004987343,0.00019462615618470435,0.02898081717582941,0.021904106004987343,0.08424656155764362,0.0003641931506288886,6.849504209075424e-05,0.017523284803989878,6.849504209075424e-05,0.07649587789434044,0.00015035497044311915,4.7612407306987696e-05,0.03673150083913263,0.03167670714567401,0.05122190942704735,0.020556161020065057,5.5130155829143774e-05,0.00012446050331124876,0.03369862462305745,0.02527396846729309,8.603645530911818e-05,7.100095826480628e-05,6.014198817724772e-05,0.03336163837682689,6.264790435129963e-05,0.00013281355722475526,0.023589037236140212,0.020893147266295632,0.028306844683368266,5.095362887239043e-05,0.03572054210044091,0.00017290821600958714,7.18362636561569e-05,0.015501367326606435
2025-09-24,6.014198817724772e-05,0.038416432070285486,0.00011276622783233949,0.04785204696474157,0.0330246521305963,0.018197257296451035,9.522481461397539e-05,0.03572054210044091,6.014198817724772e-05,0.05964656558281169,0.00018293188070579516,0.13108764978369356,0.022578078497448494,0.0034506465716695857,6.515382052535169e-05,8.185992835236492e-05,0.021904106004987343,0.00019462615618470435,0.02898081717582941,0.021904106004987343,0.08424656155764362,0.0003641931506288886,6.849504209075424e-05,0.017523284803989878,6.849504209075424e-05,0.07649587789434044,0.00015035497044311915,4.7612407306987696e-05,0.03673150083913263,0.03167670714567401,0.05122190942704735,0.020556161020065057,5.5130155829143774e-05,0.00012446050331124876,0.03369862462305745,0.02527396846729309,8.603645530911818e-05,7.100095826480628e-05,6.014198817724772e-05,0.03336163837682689,6.264790435129963e-05,0.00013281355722475526,0.023589037236140212,0.020893147266295632,0.028306844683368266,5.095362887239043e-05,0.03572054210044091,0.00017290821600958714,7.18362636561569e-05,0.015501367326606435
2025-09-25,6.014198817724772e-05,0.038416432070285486,0.00011276622783233949,0.04785204696474157,0.0330246521305963,0.018197257296451035,9.522481461397539e-05,0.03572054210044091,6.014198817724772e-05,0.05964656558281169,0.00018293188070579516,0.13108764978369356,0.022578078497448494,0.0034506465716695857,6.515382052535169e-05,8.185992835236492e-05,0.021904106004987343,0.00019462615618470435,0.02898081717582941,0.021904106004987343,0.08424656155764362,0.0003641931506288886,6.849504209075424e-05,0.017523284803989878,6.849504209075424e-05,0.07649587789434044,0.00015035497044311915,4.7612407306987696e-05,0.03673150083913263,0.03167670714567401,0.05122190942704735,0.020556161020065057,5.5130155829143774e-05,0.00012446050331124876,0.03369862462305745,0.02527396846729309,8.603645530911818e-05,7.100095826480628e-05,6.014198817724772e-05,0.03336163837682689,6.264790435129963e-05,0.00013281355722475526,0.023589037236140212,0.020893147266295632,0.028306844683368266,5.095362887239043e-05,0.03572054210044091,0.00017290821600958714,7.18362636561569e-05,0.015501367326606435
2025-09-26,6.014198817724772e-05,0.038416432070285486,0.00011276622783233949,0.04785204696474157,0.0330246521305963,0.018197257296451035,9.522481461397539e-05,0.03572054210044091,6.014198817724772e-05,0.05964656558281169,0.00018293188070579516,0.13108764978369356,0.022578078497448494,0.0034506465716695857,6.515382052535169e-05,8.185992835236492e-05,0.021904106004987343,0.00019462615618470435,0.02898081717582941,0.021904106004987343,0.08424656155764362,0.0003641931506288886,6.849504209075424e-05,0.017523284803989878,6.849504209075424e-05,0.07649587789434044,0.00015035497044311915,4.7612407306987696e-05,0.03673150083913263,0.03167670714567401,0.05122190942704735,0.020556161020065057,5.5130155829143774e-05,0.00012446050331124876,0.03369862462305745,0.02527396846729309,8.603645530911818e-05,7.100095826480628e-05,6.014198817724772e-05,0.03336163837682689,6.264790435129963e-05,0.00013281355722475526,0.023589037236140212,0.020893147266295632,0.028306844683368266,5.095362887239043e-05,0.03572054210044091,0.00017290821600958714,7.18362636561569e-05,0.015501367326606435
2025-09-30,6.014198817724772e-05,0.038416432070285486,0.00011276622783233949,0.04785204696474157,0.0330246521305963,0.018197257296451035,9.522481461397539e-05,0.03572054210044091,6.014198817724772e-05,0.05964656558281169,0.00018293188070579516,0.13108764978369356,0.022578078497448494,0.0034506465716695857,6.515382052535169e-05,8.185992835236492e-05,0.021904106004987343,0.00019462615618470435,0.02898081717582941,0.021904106004987343,0.08424656155764362,0.0003641931506288886,6.849504209075424e-05,0.017523284803989878,6.849504209075424e-05,0.07649587789434044,0.00015035497044311915,4.7612407306987696e-05,0.03673150083913263,0.03167670714567401,0.05122190942704735,0.020556161020065057,5.5130155829143774e-05,0.00012446050331124876,0.03369862462305745,0.02527396846729309,8.603645530911818e-05,7.100095826480628e-05,6.014198817724772e-05,0.03336163837682689,6.264790435129963e-05,0.00013281355722475526,0.023589037236140212,0.020893147266295632,0.028306844683368266,5.095362887239043e-05,0.03572054210044091,0.00017290821600958714,7.18362636561569e-05,0.015501367326606435
2025-10-01,6.014198817724772e-05,0.038416432070285486,0.00011276622783233949,0.04785204696474157,0.0330246521305963,0.018197257296451035,9.522481461397539e-05,0.03572054210044091,6.014198817724772e-05,0.05964656558281169,0.00018293188070579516,0.13108764978369356,0.022578078497448494,0.0034506465716695857,6.515382052535169e-05,8.185992835236492e-05,0.021904106004987343,0.00019462615618470435,0.02898081717582941,0.021904106004987343,0.08424656155764362,0.0003641931506288886,6.849504209075424e-05,0.017523284803989878,6.849504209075424e-05,0.07649587789434044,0.00015035497044311915,4.7612407306987696e-05,0.03673150083913263,0.03167670714567401,0.05122190942704735,0.020556161020065057,5.5130155829143774e-05,0.00012446050331124876,0.03369862462305745,0.02527396846729309,8.603645530911818e-05,7.100095826480628e-05,6.014198817724772e-05,0.03336163837682689,6.264790435129963e-05,0.00013281355722475526,0.023589037236140212,0.020893147266295632,0.028306844683368266,5.095362887239043e-05,0.03572054210044091,0.00017290821600958714,7.18362636561569e-05,0.015501367326606435
2025-10-02,6.014198817724772e-05,0.038416432070285486,0.00011276622783233949,0.04785204696474157,0.0330246521305963,0.018197257296451035,9.522481461397539e-05,0.03572054210044091,6.014198817724772e-05,0.05964656558281169,0.00018293188070579516,0.13108764978369356,0.022578078497448494,0.0034506465716695857,6.515382052535169e-05,8.185992835236492e-05,0.021904106004987343,0.00019462615618470435,0.02898081717582941,0.021904106004987343,0.08424656155764362,0.0003641931506288886,6.849504209075424e-05,0.017523284803989878,6.849504209075424e-05,0.07649587789434044,0.00015035497044311915,4.7612407306987696e-05,0.03673150083913263,0.03167670714567401,0.05122190942704735,0.020556161020065057,5.5130155829143774e-05,0.00012446050331124876,0.03369862462305745,0.02527396846729309,8.603645530911818e-05,7.100095826480628e-05,6.014198817724772e-05,0.03336163837682689,6.264790435129963e-05,0.00013281355722475526,0.023589037236140212,0.020893147266295632,0.028306844683368266,5.095362887239043e-05,0.03572054210044091,0.00017290821600958714,7.18362636561569e-05,0.015501367326606435
2025-10-03,6.014198817724772e-05,0.038416432070285486,0.00011276622783233949,0.04785204696474157,0.0330246521305963,0.018197257296451035,9.522481461397539e-05,0.03572054210044091,6.014198817724772e-05,0.05964656558281169,0.00018293188070579516,0.13108764978369356,0.022578078497448494,0.0034506465716695857,6.515382052535169e-05,8.185992835236492e-05,0.021904106004987343,0.00019462615618470435,0.02898081717582941,0.021904106004987343,0.08424656155764362,0.0003641931506288886,6.849504209075424e-05,0.017523284803989878,6.849504209075424e-05,0.07649587789434044,0.00015035497044311915,4.7612407306987696e-05,0.03673150083913263,0.03167670714567401,0.05122190942704735,0.020556161020065057,5.5130155829143774e-05,0.00012446050331124876,0.03369862462305745,0.02527396846729309,8.603645530911818e-05,7.100095826480628e-05,6.014198817724772e-05,0.03336163837682689,6.264790435129963e-05,0.00013281355722475526,0.023589037236140212,0.020893147266295632,0.028306844683368266,5.095362887239043e-05,0.03572054210044091,0.00017290821600958714,7.18362636561569e-05,0.015501367326606435
2025-10-07,6.014198817724772e-05,0.038416432070285486,0.00011276622783233949,0.04785204696474157,0.0330246521305963,0.018197257296451035,9.522481461397539e-05,0.03572054210044091,6.014198817724772e-05,0.05964656558281169,0.00018293188070579516,0.13108764978369356,0.022578078497448494,0.0034506465716695857,6.515382052535169e-05,8.185992835236492e-05,0.021904106004987343,0.00019462615618470435,0.02898081717582941,0.021904106004987343,0.08424656155764362,0.0003641931506288886,6.849504209075424e-05,0.017523284803989878,6.849504209075424e-05,0.07649587789434044,0.00015035497044311915,4.7612407306987696e-05,0.03673150083913263,0.03167670714567401,0.05122190942704735,0.020556161020065057,5.5130155829143774e-05,0.00012446050331124876,0.03369862462305745,0.02527396846729309,8.603645530911818e-05,7.100095826480628e-05,6.014198817724772e-05,0.03336163837682689,6.264790435129963e-05,0.00013281355722475526,0.023589037236140212,0.020893147266295632,0.028306844683368266,5.095362887239043e-05,0.03572054210044091,0.00017290821600958714,7.18362636561569e-05,0.015501367326606435
2025-10-08,6.014198817724772e-05,0.038416432070285486,0.00011276622783233949,0.04785204696474157,0.0330246521305963,0.018197257296451035,9.522481461397539e-05,0.03572054210044091,6.014198817724772e-05,0.05964656558281169,0.00018293188070579516,0.13108764978369356,0.022578078497448494,0.0034506465716695857,6.515382052535169e-05,8.185992835236492e-05,0.021904106004987343,0.00019462615618470435,0.02898081717582941,0.021904106004987343,0.08424656155764362,0.0003641931506288886,6.849504209075424e-05,0.017523284803989878,6.849504209075424e-05,0.07649587789434044,0.00015035497044311915,4.7612407306987696e-05,0.03673150083913263,0.03167670714567401,0.05122190942704735,0.020556161020065057,5.5130155829143774e-05,0.00012446050331124876,0.03369862462305745,0.02527396846729309,8.603645530911818e-05,7.100095826480628e-05,6.014198817724772e-05,0.03336163837682689,6.264790435129963e-05,0.00013281355722475526,0.023589037236140212,0.020893147266295632,0.028306844683368266,5.095362887239043e-05,0.03572054210044091,0.00017290821600958714,7.18362636561569e-05,0.015501367326606435
2025-10-09,6.014198817724772e-05,0.038416432070285486,0.00011276622783233949,0.04785204696474157,0.0330246521305963,0.018197257296451035,9.522481461397539e-05,0.03572054210044091,6.014198817724772e-05,0.05964656558281169,0.00018293188070579516,0.13108764978369356,0.022578078497448494,0.0034506465716695857,6.515382052535169e-05,8.185992835236492e-05,0.021904106004987343,0.00019462615618470435,0.02898081717582941,0.021904106004987343,0.08424656155764362,0.0003641931506288886,6.849504209075424e-05,0.017523284803989878,6.849504209075424e-05,0.07649587789434044,0.00015035497044311915,4.7612407306987696e-05,0.03673150083913263,0.03167670714567401,0.05122190942704735,0.020556161020065057,5.5130155829143774e-05,0.00012446050331124876,0.03369862462305745,0.02527396846729309,8.603645530911818e-05,7.100095826480628e-05,6.014198817724772e-05,0.03336163837682689,6.264790435129963e-05,0.00013281355722475526,0.023589037236140212,0.020893147266295632,0.028306844683368266,5.095362887239043e-05,0.03572054210044091,0.00017290821600958714,7.18362636561569e-05,0.015501367326606435
2025-10-13,6.014198817724772e-05,0.038416432070285486,0.00011276622783233949,0.04785204696474157,0.0330246521305963,0.018197257296451035,9.522481461397539e-05,0.03572054210044091,6.014198817724772e-05,0.05964656558281169,0.00018293188070579516,0.13108764978369356,0.022578078497448494,0.0034506465716695857,6.515382052535169e-05,8.185992835236492e-05,0.021904106004987343,0.00019462615618470435,0.02898081717582941,0.021904106004987343,0.08424656155764362,0.0003641931506288886,6.849504209075424e-05,0.017523284803989878,6.849504209075424e-05,0.07649587789434044,0.00015035497044311915,4.7612407306987696e-05,0.03673150083913263,0.03167670714567401,0.05122190942704735,0.020556161020065057,5.5130155829143774e-05,0.00012446050331124876,0.03369862462305745,0.02527396846729309,8.603645530911818e-05,7.100095826480628e-05,6.014198817724772e-05,0.03336163837682689,6.264790435129963e-05,0.00013281355722475526,0.023589037236140212,0.020893147266295632,0.028306844683368266,5.095362887239043e-05,0.03572054210044091,0.00017290821600958714,7.18362636561569e-05,0.015501367326606435
2025-10-14,6.014198817724772e-05,0.038416432070285486,0.00011276622783233949,0.04785204696474157,0.0330246521305963,0.018197257296451035,9.522481461397539e-05,0.03572054210044091,6.014198817724772e-05,0.05964656558281169,0.00018293188070579516,0.13108764978369356,0.022578078497448494,0.0034506465716695857,6.515382052535169e-05,8.185992835236492e-05,0.021904106004987343,0.00019462615618470435,0.02898081717582941,0.021904106004987343,0.08424656155764362,0.0003641931506288886,6.849504209075424e-05,0.017523284803989878,6.849504209075424e-05,0.07649587789434044,0.00015035497044311915,4.7612407306987696e-05,0.03673150083913263,0.03167670714567401,0.05122190942704735,0.020556161020065057,5.5130155829143774e-05,0.00012446050331124876,0.03369862462305745,0.02527396846729309,8.603645530911818e-05,7.100095826480628e-05,6.014198817724772e-05,0.03336163837682689,6.264790435129963e-05,0.00013281355722475526,0.023589037236140212,0.020893147266295632,0.028306844683368266,5.095362887239043e-05,0.03572054210044091,0.00017290821600958714,7.18362636561569e-05,0.015501367326606435
2025-10-15,6.014198817724772e-05,0.038416432070285486,0.00011276622783233949,0.04785204696474157,0.0330246521305963,0.018197257296451035,9.522481461397539e-05,0.03572054210044091,6.014198817724772e-05,0.05964656558281169,0.00018293188070579516,0.13108764978369356,0.022578078497448494,0.0034506465716695857,6.515382052535169e-05,8.185992835236492e-05,0.021904106004987343,0.00019462615618470435,0.02898081717582941,0.021904106004987343,0.08424656155764362,0.0003641931506288886,6.849504209075424e-05,0.017523284803989878,6.849504209075424e-05,0.07649587789434044,0.00015035497044311915,4.7612407306987696e-05,0.03673150083913263,0.03167670714567401,0.05122190942704735,0.020556161020065057,5.5130155829143774e-05,0.00012446050331124876,0.03369862462305745,0.02527396846729309,8.603645530911818e-05,7.100095826480628e-05,6.014198817724772e-05,0.03336163837682689,6.264790435129963e-05,0.00013281355722475526,0.023589037236140212,0.020893147266295632,0.028306844683368266,5.095362887239043e-05,0.03572054210044091,0.00017290821600958714,7.18362636561569e-05,0.015501367326606435
2025-10-16,6.014198817724772e-05,0.038416432070285486,0.00011276622783233949,0.04785204696474157,0.0330246521305963,0.018197257296451035,9.522481461397539e-05,0.03572054210044091,6.014198817724772e-05,0.05964656558281169,0.00018293188070579516,0.13108764978369356,0.022578078497448494,0.0034506465716695857,6.515382052535169e-05,8.185992835236492e-05,0.021904106004987343,0.00019462615618470435,0.02898081717582941,0.021904106004987343,0.08424656155764362,0.0003641931506288886,6.849504209075424e-05,0.017523284803989878,6.849504209075424e-05,0.07649587789434044,0.00015035497044311915,4.7612407306987696e-05,0.03673150083913263,0.03167670714567401,0.05122190942704735,0.020556161020065057,5.5130155829143774e-05,0.00012446050331124876,0.03369862462305745,0.02527396846729309,8.603645530911818e-05,7.100095826480628e-05,6.014198817724772e-05,0.03336163837682689,6.264790435129963e-05,0.00013281355722475526,0.023589037236140212,0.020893147266295632,0.028306844683368266,5.095362887239043e-05,0.03572054210044091,0.00017290821600958714,7.18362636561569e-05,0.015501367326606435
2025-10-17,6.014198817724772e-05,0.038416432070285486,0.00011276622783233949,0.04785204696474157,0.0330246521305963,0.018197257296451035,9.522481461397539e-05,0.03572054210044091,6.014198817724772e-05,0.05964656558281169,0.00018293188070579516,0.13108764978369356,0.022578078497448494,0.0034506465716695857,6.515382052535169e-05,8.185992835236492e-05,0.021904106004987343,0.00019462615618470435,0.02898081717582941,0.021904106004987343,0.08424656155764362,0.0003641931506288886,6.849504209075424e-05,0.017523284803989878,6.849504209075424e-05,0.07649587789434044,0.00015035497044311915,4.7612407306987696e-05,0.03673150083913263,0.03167670714567401,0.05122190942704735,0.020556161020065057,5.5130155829143774e-05,0.00012446050331124876,0.03369862462305745,0.02527396846729309,8.603645530911818e-05,7.100095826480628e-05,6.014198817724772e-05,0.03336163837682689,6.264790435129963e-05,0.00013281355722475526,0.023589037236140212,0.020893147266295632,0.028306844683368266,5.095362887239043e-05,0.03572054210044091,0.00017290821600958714,7.18362636561569e-05,0.015501367326606435
2025-10-20,6.014198817724772e-05,0.038416432070285486,0.00011276622783233949,0.04785204696474157,0.0330246521305963,0.018197257296451035,9.522481461397539e-05,0.03572054210044091,6.014198817724772e-05,0.05964656558281169,0.00018293188070579516,0.13108764978369356,0.022578078497448494,0.0034506465716695857,6.515382052535169e-05,8.185992835236492e-05,0.021904106004987343,0.00019462615618470435,0.02898081717582941,0.021904106004987343,0.08424656155764362,0.0003641931506288886,6.849504209075424e-05,0.017523284803989878,6.849504209075424e-05,0.07649587789434044,0.00015035497044311915,4.7612407306987696e-05,0.03673150083913263,0.03167670714567401,0.05122190942704735,0.020556161020065057,5.5130155829143774e-05,0.00012446050331124876,0.03369862462305745,0.02527396846729309,8.603645530911818e-05,7.100095826480628e-05,6.014198817724772e-05,0.03336163837682689,6.264790435129963e-05,0.00013281355722475526,0.023589037236140212,0.020893147266295632,0.028306844683368266,5.095362887239043e-05,0.03572054210044091,0.00017290821600958714,7.18362636561569e-05,0.015501367326606435
2025-10-21,6.014198817724772e-05,0.038416432070285486,0.00011276622783233949,0.04785204696474157,0.0330246521305963,0.018197257296451035,9.522481461397539e-05,0.03572054210044091,6.014198817724772e-05,0.05964656558281169,0.00018293188070579516,0.13108764978369356,0.022578078497448494,0.0034506465716695857,6.515382052535169e-05,8.185992835236492e-05,0.021904106004987343,0.00019462615618470435,0.02898081717582941,0.021904106004987343,0.08424656155764362,0.0003641931506288886,6.849504209075424e-05,0.017523284803989878,6.849504209075424e-05,0.07649587789434044,0.00015035497044311915,4.7612407306987696e-05,0.03673150083913263,0.03167670714567401,0.05122190942704735,0.020556161020065057,5.5130155829143774e-05,0.00012446050331124876,0.03369862462305745,0.02527396846729309,8.603645530911818e-05,7.100095826480628e-05,6.014198817724772e-05,0.03336163837682689,6.264790435129963e-05,0.00013281355722475526,0.023589037236140212,0.020893147266295632,0.028306844683368266,5.095362887239043e-05,0.03572054210044091,0.00017290821600958714,7.18362636561569e-05,0.015501367326606435
2025-10-22,6.014198817724772e-05,0.038416432070285486,0.00011276622783233949,0.04785204696474157,0.0330246521305963,0.018197257296451035,9.522481461397539e-05,0.03572054210044091,6.014198817724772e-05,0.05964656558281169,0.00018293188070579516,0.13108764978369356,0.022578078497448494,0.0034506465716695857,6.515382052535169e-05,8.185992835236492e-05,0.021904106004987343,0.00019462615618470435,0.02898081717582941,0.021904106004987343,0.08424656155764362,0.0003641931506288886,6.849504209075424e-05,0.017523284803989878,6.849504209075424e-05,0.07649587789434044,0.00015035497044311915,4.7612407306987696e-05,0.03673150083913263,0.03167670714567401,0.05122190942704735,0.020556161020065057,5.5130155829143774e-05,0.00012446050331124876,0.03369862462305745,0.02527396846729309,8.603645530911818e-05,7.100095826480628e-05,6.014198817724772e-05,0.03336163837682689,6.264790435129963e-05,0.00013281355722475526,0.023589037236140212,0.020893147266295632,0.028306844683368266,5.095362887239043e-05,0.03572054210044091,0.00017290821600958714,7.18362636561569e-05,0.015501367326606435
2025-10-23,6.014198817724772e-05,0.038416432070285486,0.00011276622783233949,0.04785204696474157,0.0330246521305963,0.018197257296451035,9.522481461397539e-05,0.03572054210044091,6.014198817724772e-05,0.05964656558281169,0.00018293188070579516,0.13108764978369356,0.022578078497448494,0.0034506465716695857,6.515382052535169e-05,8.185992835236492e-05,0.021904106004987343,0.00019462615618470435,0.02898081717582941,0.021904106004987343,0.08424656155764362,0.0003641931506288886,6.849504209075424e-05,0.017523284803989878,6.849504209075424e-05,0.07649587789434044,0.00015035497044311915,4.7612407306987696e-05,0.03673150083913263,0.03167670714567401,0.05122190942704735,0.020556161020065057,5.5130155829143774e-05,0.00012446050331124876,0.03369862462305745,0.02527396846729309,8.603645530911818e-05,7.100095826480628e-05,6.014198817724772e-05,0.03336163837682689,6.264790435129963e-05,0.00013281355722475526,0.023589037236140212,0.020893147266295632,0.028306844683368266,5.095362887239043e-05,0.03572054210044091,0.00017290821600958714,7.18362636561569e-05,0.015501367326606435
2025-10-27,6.014198817724772e-05,0.038416432070285486,0.00011276622783233949,0.04785204696474157,0.0330246521305963,0.018197257296451035,9.522481461397539e-05,0.03572054210044091,6.014198817724772e-05,0.05964656558281169,0.00018293188070579516,0.13108764978369356,0.022578078497448494,0.0034506465716695857,6.515382052535169e-05,8.185992835236492e-05,0.021904106004987343,0.00019462615618470435,0.02898081717582941,0.021904106004987343,0.08424656155764362,0.0003641931506288886,6.849504209075424e-05,0.017523284803989878,6.849504209075424e-05,0.07649587789434044,0.00015035497044311915,4.7612407306987696e-05,0.03673150083913263,0.03167670714567401,0.05122190942704735,0.020556161020065057,5.5130155829143774e-05,0.00012446050331124876,0.03369862462305745,0.02527396846729309,8.603645530911818e-05,7.100095826480628e-05,6.014198817724772e-05,0.03336163837682689,6.264790435129963e-05,0.00013281355722475526,0.023589037236140212,0.020893147266295632,0.028306844683368266,5.095362887239043e-05,0.03572054210044091,0.00017290821600958714,7.18362636561569e-05,0.015501367326606435
2025-10-28,6.014198817724772e-05,0.038416432070285486,0.00011276622783233949,0.04785204696474157,0.0330246521305963,0.018197257296451035,9.522481461397539e-05,0.03572054210044091,6.014198817724772e-05,0.05964656558281169,0.00018293188070579516,0.13108764978369356,0.022578078497448494,0.0034506465716695857,6.515382052535169e-05,8.185992835236492e-05,0.021904106004987343,0.00019462615618470435,0.02898081717582941,0.021904106004987343,0.08424656155764362,0.0003641931506288886,6.849504209075424e-05,0.017523284803989878,6.849504209075424e-05,0.07649587789434044,0.00015035497044311915,4.7612407306987696e-05,0.03673150083913263,0.03167670714567401,0.05122190942704735,0.020556161020065057,5.5130155829143774e-05,0.00012446050331124876,0.03369862462305745,0.02527396846729309,8.603645530911818e-05,7.100095826480628e-05,6.014198817724772e-05,0.03336163837682689,6.264790435129963e-05,0.00013281355722475526,0.023589037236140212,0.020893147266295632,0.028306844683368266,5.095362887239043e-05,0.03572054210044091,0.00017290821600958714,7.18362636561569e-05,0.015501367326606435
2025-10-29,6.014198817724772e-05,0.038416432070285486,0.00011276622783233949,0.04785204696474157,0.0330246521305963,0.018197257296451035,9.522481461397539e-05,0.03572054210044091,6.014198817724772e-05,0.05964656558281169,0.00018293188070579516,0.13108764978369356,0.022578078497448494,0.0034506465716695857,6.515382052535169e-05,8.185992835236492e-05,0.021904106004987343,0.00019462615618470435,0.02898081717582941,0.021904106004987343,0.08424656155764362,0.0003641931506288886,6.849504209075424e-05,0.017523284803989878,6.849504209075424e-05,0.07649587789434044,0.00015035497044311915,4.7612407306987696e-05,0.03673150083913263,0.03167670714567401,0.05122190942704735,0.020556161020065057,5.5130155829143774e-05,0.00012446050331124876,0.03369862462305745,0.02527396846729309,8.603645530911818e-05,7.100095826480628e-05,6.014198817724772e-05,0.03336163837682689,6.264790435129963e-05,0.00013281355722475526,0.023589037236140212,0.020893147266295632,0.028306844683368266,5.095362887239043e-05,0.03572054210044091,0.00017290821600958714,7.18362636561569e-05,0.015501367326606435
2025-10-30,6.014198817724772e-05,0.038416432070285486,0.00011276622783233949,0.04785204696474157,0.0330246521305963,0.018197257296451035,9.522481461397539e-05,0.03572054210044091,6.014198817724772e-05,0.05964656558281169,0.00018293188070579516,0.13108764978369356,0.022578078497448494,0.0034506465716695857,6.515382052535169e-05,8.185992835236492e-05,0.021904106004987343,0.00019462615618470435,0.02898081717582941,0.021904106004987343,0.08424656155764362,0.0003641931506288886,6.849504209075424e-05,0.017523284803989878,6.849504209075424e-05,0.07649587789434044,0.00015035497044311915,4.7612407306987696e-05,0.03673150083913263,0.03167670714567401,0.05122190942704735,0.020556161020065057,5.5130155829143774e-05,0.00012446050331124876,0.03369862462305745,0.02527396846729309,8.603645530911818e-05,7.100095826480628e-05,6.014198817724772e-05,0.03336163837682689,6.264790435129963e-05,0.00013281355722475526,0.023589037236140212,0.020893147266295632,0.028306844683368266,5.095362887239043e-05,0.03572054210044091,0.00017290821600958714,7.18362636561569e-05,0.015501367326606435
2025-10-31,6.014198817724772e-05,0.038416432070285486,0.00011276622783233949,0.04785204696474157,0.0330246521305963,0.018197257296451035,9.522481461397539e-05,0.03572054210044091,6.014198817724772e-05,0.05964656558281169,0.00018293188070579516,0.13108764978369356,0.022578078497448494,0.0034506465716695857,6.515382052535169e-05,8.185992835236492e-05,0.021904106004987343,0.00019462615618470435,0.02898081717582941,0.021904106004987343,0.08424656155764362,0.0003641931506288886,6.849504209075424e-05,0.017523284803989878,6.849504209075424e-05,0.07649587789434044,0.00015035497044311915,4.7612407306987696e-05,0.03673150083913263,0.03167670714567401,0.05122190942704735,0.020556161020065057,5.5130155829143774e-05,0.00012446050331124876,0.03369862462305745,0.02527396846729309,8.603645530911818e-05,7.100095826480628e-05,6.014198817724772e-05,0.03336163837682689,6.264790435129963e-05,0.00013281355722475526,0.023589037236140212,0.020893147266295632,0.028306844683368266,5.095362887239043e-05,0.03572054210044091,0.00017290821600958714,7.18362636561569e-05,0.015501367326606435
2025-11-03,6.014198817724772e-05,0.038416432070285486,0.00011276622783233949,0.04785204696474157,0.0330246521305963,0.018197257296451035,9.522481461397539e-05,0.03572054210044091,6.014198817724772e-05,0.05964656558281169,0.00018293188070579516,0.13108764978369356,0.022578078497448494,0.0034506465716695857,6.515382052535169e-05,8.185992835236492e-05,0.021904106004987343,0.00019462615618470435,0.02898081717582941,0.021904106004987343,0.08424656155764362,0.0003641931506288886,6.849504209075424e-05,0.017523284803989878,6.849504209075424e-05,0.07649587789434044,0.00015035497044311915,4.7612407306987696e-05,0.03673150083913263,0.03167670714567401,0.05122190942704735,0.020556161020065057,5.5130155829143774e-05,0.00012446050331124876,0.03369862462305745,0.02527396846729309,8.603645530911818e-05,7.100095826480628e-05,6.014198817724772e-05,0.03336163837682689,6.264790435129963e-05,0.00013281355722475526,0.023589037236140212,0.020893147266295632,0.028306844683368266,5.095362887239043e-05,0.03572054210044091,0.00017290821600958714,7.18362636561569e-05,0.015501367326606435
2025-11-04,6.014198817724772e-05,0.038416432070285486,0.00011276622783233949,0.04785204696474157,0.0330246521305963,0.018197257296451035,9.522481461397539e-05,0.03572054210044091,6.014198817724772e-05,0.05964656558281169,0.00018293188070579516,0.13108764978369356,0.022578078497448494,0.0034506465716695857,6.515382052535169e-05,8.185992835236492e-05,0.021904106004987343,0.00019462615618470435,0.02898081717582941,0.021904106004987343,0.08424656155764362,0.0003641931506288886,6.849504209075424e-05,0.017523284803989878,6.849504209075424e-05,0.07649587789434044,0.00015035497044311915,4.7612407306987696e-05,0.03673150083913263,0.03167670714567401,0.05122190942704735,0.020556161020065057,5.5130155829143774e-05,0.00012446050331124876,0.03369862462305745,0.02527396846729309,8.603645530911818e-05,7.100095826480628e-05,6.014198817724772e-05,0.03336163837682689,6.264790435129963e-05,0.00013281355722475526,0.023589037236140212,0.020893147266295632,0.028306844683368266,5.095362887239043e-05,0.03572054210044091,0.00017290821600958714,7.18362636561569e-05,0.015501367326606435
2025-11-05,6.014198817724772e-05,0.038416432070285486,0.00011276622783233949,0.04785204696474157,0.0330246521305963,0.018197257296451035,9.522481461397539e-05,0.03572054210044091,6.014198817724772e-05,0.05964656558281169,0.00018293188070579516,0.13108764978369356,0.022578078497448494,0.0034506465716695857,6.515382052535169e-05,8.185992835236492e-05,0.021904106004987343,0.00019462615618470435,0.02898081717582941,0.021904106004987343,0.08424656155764362,0.0003641931506288886,6.849504209075424e-05,0.017523284803989878,6.849504209075424e-05,0.07649587789434044,0.00015035497044311915,4.7612407306987696e-05,0.03673150083913263,0.03167670714567401,0.05122190942704735,0.020556161020065057,5.5130155829143774e-05,0.00012446050331124876,0.03369862462305745,0.02527396846729309,8.603645530911818e-05,7.100095826480628e-05,6.014198817724772e-05,0.03336163837682689,6.264790435129963e-05,0.00013281355722475526,0.023589037236140212,0.020893147266295632,0.028306844683368266,5.095362887239043e-05,0.03572054210044091,0.00017290821600958714,7.18362636561569e-05,0.015501367326606435
2025-11-06,6.014198817724772e-05,0.038416432070285486,0.00011276622783233949,0.04785204696474157,0.0330246521305963,0.018197257296451035,9.522481461397539e-05,0.03572054210044091,6.014198817724772e-05,0.05964656558281169,0.00018293188070579516,0.13108764978369356,0.022578078497448494,0.0034506465716695857,6.515382052535169e-05,8.185992835236492e-05,0.021904106004987343,0.00019462615618470435,0.02898081717582941,0.021904106004987343,0.08424656155764362,0.0003641931506288886,6.849504209075424e-05,0.017523284803989878,6.849504209075424e-05,0.07649587789434044,0.00015035497044311915,4.7612407306987696e-05,0.03673150083913263,0.03167670714567401,0.05122190942704735,0.020556161020065057,5.5130155829143774e-05,0.00012446050331124876,0.03369862462305745,0.02527396846729309,8.603645530911818e-05,7.100095826480628e-05,6.014198817724772e-05,0.03336163837682689,6.264790435129963e-05,0.00013281355722475526,0.023589037236140212,0.020893147266295632,0.028306844683368266,5.095362887239043e-05,0.03572054210044091,0.00017290821600958714,7.18362636561569e-05,0.015501367326606435
2025-11-07,6.014198817724772e-05,0.038416432070285486,0.00011276622783233949,0.04785204696474157,0.0330246521305963,0.018197257296451035,9.522481461397539e-05,0.03572054210044091,6.014198817724772e-05,0.05964656558281169,0.00018293188070579516,0.13108764978369356,0.022578078497448494,0.0034506465716695857,6.515382052535169e-05,8.185992835236492e-05,0.021904106004987343,0.00019462615618470435,0.02898081717582941,0.021904106004987343,0.08424656155764362,0.0003641931506288886,6.849504209075424e-05,0.017523284803989878,6.849504209075424e-05,0.07649587789434044,0.00015035497044311915,4.7612407306987696e-05,0.03673150083913263,0.03167670714567401,0.05122190942704735,0.020556161020065057,5.5130155829143774e-05,0.00012446050331124876,0.03369862462305745,0.02527396846729309,8.603645530911818e-05,7.100095826480628e-05,6.014198817724772e-05,0.03336163837682689,6.264790435129963e-05,0.00013281355722475526,0.023589037236140212,0.020893147266295632,0.028306844683368266,5.095362887239043e-05,0.03572054210044091,0.00017290821600958714,7.18362636561569e-05,0.015501367326606435
2025-11-10,6.014198817724772e-05,0.038416432070285486,0.00011276622783233949,0.04785204696474157,0.0330246521305963,0.018197257296451035,9.522481461397539e-05,0.03572054210044091,6.014198817724772e-05,0.05964656558281169,0.00018293188070579516,0.13108764978369356,0.022578078497448494,0.0034506465716695857,6.515382052535169e-05,8.185992835236492e-05,0.021904106004987343,0.00019462615618470435,0.02898081717582941,0.021904106004987343,0.08424656155764362,0.0003641931506288886,6.849504209075424e-05,0.017523284803989878,6.849504209075424e-05,0.07649587789434044,0.00015035497044311915,4.7612407306987696e-05,0.03673150083913263,0.03167670714567401,0.05122190942704735,0.020556161020065057,5.5130155829143774e-05,0.00012446050331124876,0.03369862462305745,0.02527396846729309,8.603645530911818e-05,7.100095826480628e-05,6.014198817724772e-05,0.03336163837682689,6.264790435129963e-05,0.00013281355722475526,0.023589037236140212,0.020893147266295632,0.028306844683368266,5.095362887239043e-05,0.03572054210044091,0.00017290821600958714,7.18362636561569e-05,0.015501367326606435
2025-11-11,6.014198817724772e-05,0.038416432070285486,0.00011276622783233949,0.04785204696474157,0.0330246521305963,0.018197257296451035,9.522481461397539e-05,0.03572054210044091,6.014198817724772e-05,0.05964656558281169,0.00018293188070579516,0.13108764978369356,0.022578078497448494,0.0034506465716695857,6.515382052535169e-05,8.185992835236492e-05,0.021904106004987343,0.00019462615618470435,0.02898081717582941,0.021904106004987343,0.08424656155764362,0.0003641931506288886,6.849504209075424e-05,0.017523284803989878,6.849504209075424e-05,0.07649587789434044,0.00015035497044311915,4.7612407306987696e-05,0.03673150083913263,0.03167670714567401,0.05122190942704735,0.020556161020065057,5.5130155829143774e-05,0.00012446050331124876,0.03369862462305745,0.02527396846729309,8.603645530911818e-05,7.100095826480628e-05,6.014198817724772e-05,0.03336163837682689,6.264790435129963e-05,0.00013281355722475526,0.023589037236140212,0.020893147266295632,0.028306844683368266,5.095362887239043e-05,0.03572054210044091,0.00017290821600958714,7.18362636561569e-05,0.015501367326606435
2025-11-12,6.014198817724772e-05,0.038416432070285486,0.00011276622783233949,0.04785204696474157,0.0330246521305963,0.018197257296451035,9.522481461397539e-05,0.03572054210044091,6.014198817724772e-05,0.05964656558281169,0.00018293188070579516,0.13108764978369356,0.022578078497448494,0.0034506465716695857,6.515382052535169e-05,8.185992835236492e-05,0.021904106004987343,0.00019462615618470435,0.02898081717582941,0.021904106004987343,0.08424656155764362,0.0003641931506288886,6.849504209075424e-05,0.017523284803989878,6.849504209075424e-05,0.07649587789434044,0.00015035497044311915,4.7612407306987696e-05,0.03673150083913263,0.03167670714567401,0.05122190942704735,0.020556161020065057,5.5130155829143774e-05,0.00012446050331124876,0.03369862462305745,0.02527396846729309,8.603645530911818e-05,7.100095826480628e-05,6.014198817724772e-05,0.03336163837682689,6.264790435129963e-05,0.00013281355722475526,0.023589037236140212,0.020893147266295632,0.028306844683368266,5.095362887239043e-05,0.03572054210044091,0.00017290821600958714,7.18362636561569e-05,0.015501367326606435
2025-11-13,6.014198817724772e-05,0.038416432070285486,0.00011276622783233949,0.04785204696474157,0.0330246521305963,0.018197257296451035,9.522481461397539e-05,0.03572054210044091,6.014198817724772e-05,0.05964656558281169,0.00018293188070579516,0.13108764978369356,0.022578078497448494,0.0034506465716695857,6.515382052535169e-05,8.185992835236492e-05,0.021904106004987343,0.00019462615618470435,0.02898081717582941,0.021904106004987343,0.08424656155764362,0.0003641931506288886,6.849504209075424e-05,0.017523284803989878,6.849504209075424e-05,0.07649587789434044,0.00015035497044311915,4.7612407306987696e-05,0.03673150083913263,0.03167670714567401,0.05122190942704735,0.020556161020065057,5.5130155829143774e-05,0.00012446050331124876,0.03369862462305745,0.02527396846729309,8.603645530911818e-05,7.100095826480628e-05,6.014198817724772e-05,0.03336163837682689,6.264790435129963e-05,0.00013281355722475526,0.023589037236140212,0.020893147266295632,0.028306844683368266,5.095362887239043e-05,0.03572054210044091,0.00017290821600958714,7.18362636561569e-05,0.015501367326606435
2025-11-14,6.014198817724772e-05,0.038416432070285486,0.00011276622783233949,0.04785204696474157,0.0330246521305963,0.018197257296451035,9.522481461397539e-05,0.03572054210044091,6.014198817724772e-05,0.05964656558281169,0.00018293188070579516,0.13108764978369356,0.022578078497448494,0.0034506465716695857,6.515382052535169e-05,8.185992835236492e-05,0.021904106004987343,0.00019462615618470435,0.02898081717582941,0.021904106004987343,0.08424656155764362,0.0003641931506288886,6.849504209075424e-05,0.017523284803989878,6.849504209075424e-05,0.07649587789434044,0.00015035497044311915,4.7612407306987696e-05,0.03673150083913263,0.03167670714567401,0.05122190942704735,0.020556161020065057,5.5130155829143774e-05,0.00012446050331124876,0.03369862462305745,0.02527396846729309,8.603645530911818e-05,7.100095826480628e-05,6.014198817724772e-05,0.03336163837682689,6.264790435129963e-05,0.00013281355722475526,0.023589037236140212,0.020893147266295632,0.028306844683368266,5.095362887239043e-05,0.03572054210044091,0.00017290821600958714,7.18362636561569e-05,0.015501367326606435
2025-11-17,6.014198817724772e-05,0.038416432070285486,0.00011276622783233949,0.04785204696474157,0.0330246521305963,0.018197257296451035,9.522481461397539e-05,0.03572054210044091,6.014198817724772e-05,0.05964656558281169,0.00018293188070579516,0.13108764978369356,0.022578078497448494,0.0034506465716695857,6.515382052535169e-05,8.185992835236492e-05,0.021904106004987343,0.00019462615618470435,0.02898081717582941,0.021904106004987343,0.08424656155764362,0.0003641931506288886,6.849504209075424e-05,0.017523284803989878,6.849504209075424e-05,0.07649587789434044,0.00015035497044311915,4.7612407306987696e-05,0.03673150083913263,0.03167670714567401,0.05122190942704735,0.020556161020065057,5.5130155829143774e-05,0.00012446050331124876,0.03369862462305745,0.02527396846729309,8.603645530911818e-05,7.100095826480628e-05,6.014198817724772e-05,0.03336163837682689,6.264790435129963e-05,0.00013281355722475526,0.023589037236140212,0.020893147266295632,0.028306844683368266,5.095362887239043e-05,0.03572054210044091,0.00017290821600958714,7.18362636561569e-05,0.015501367326606435
2025-11-18,6.014198817724772e-05,0.038416432070285486,0.00011276622783233949,0.04785204696474157,0.0330246521305963,0.018197257296451035,9.522481461397539e-05,0.03572054210044091,6.014198817724772e-05,0.05964656558281169,0.00018293188070579516,0.13108764978369356,0.022578078497448494,0.0034506465716695857,6.515382052535169e-05,8.185992835236492e-05,0.021904106004987343,0.00019462615618470435,0.02898081717582941,0.021904106004987343,0.08424656155764362,0.0003641931506288886,6.849504209075424e-05,0.017523284803989878,6.849504209075424e-05,0.07649587789434044,0.00015035497044311915,4.7612407306987696e-05,0.03673150083913263,0.03167670714567401,0.05122190942704735,0.020556161020065057,5.5130155829143774e-05,0.00012446050331124876,0.03369862462305745,0.02527396846729309,8.603645530911818e-05,7.100095826480628e-05,6.014198817724772e-05,0.03336163837682689,6.264790435129963e-05,0.00013281355722475526,0.023589037236140212,0.020893147266295632,0.028306844683368266,5.095362887239043e-05,0.03572054210044091,0.00017290821600958714,7.18362636561569e-05,0.015501367326606435
2025-11-19,6.014198817724772e-05,0.038416432070285486,0.00011276622783233949,0.04785204696474157,0.0330246521305963,0.018197257296451035,9.522481461397539e-05,0.03572054210044091,6.014198817724772e-05,0.05964656558281169,0.00018293188070579516,0.13108764978369356,0.022578078497448494,0.0034506465716695857,6.515382052535169e-05,8.185992835236492e-05,0.021904106004987343,0.00019462615618470435,0.02898081717582941,0.021904106004987343,0.08424656155764362,0.0003641931506288886,6.849504209075424e-05,0.017523284803989878,6.849504209075424e-05,0.07649587789434044,0.00015035497044311915,4.7612407306987696e-05,0.03673150083913263,0.03167670714567401,0.05122190942704735,0.020556161020065057,5.5130155829143774e-05,0.00012446050331124876,0.03369862462305745,0.02527396846729309,8.603645530911818e-05,7.100095826480628e-05,6.014198817724772e-05,0.03336163837682689,6.264790435129963e-05,0.00013281355722475526,0.023589037236140212,0.020893147266295632,0.028306844683368266,5.095362887239043e-05,0.03572054210044091,0.00017290821600958714,7.18362636561569e-05,0.015501367326606435
2025-11-20,6.014198817724772e-05,0.038416432070285486,0.00011276622783233949,0.04785204696474157,0.0330246521305963,0.018197257296451035,9.522481461397539e-05,0.03572054210044091,6.014198817724772e-05,0.05964656558281169,0.00018293188070579516,0.13108764978369356,0.022578078497448494,0.0034506465716695857,6.515382052535169e-05,8.185992835236492e-05,0.021904106004987343,0.00019462615618470435,0.02898081717582941,0.021904106004987343,0.08424656155764362,0.0003641931506288886,6.849504209075424e-05,0.017523284803989878,6.849504209075424e-05,0.07649587789434044,0.00015035497044311915,4.7612407306987696e-05,0.03673150083913263,0.03167670714567401,0.05122190942704735,0.020556161020065057,5.5130155829143774e-05,0.00012446050331124876,0.03369862462305745,0.02527396846729309,8.603645530911818e-05,7.100095826480628e-05,6.014198817724772e-05,0.03336163837682689,6.264790435129963e-05,0.00013281355722475526,0.023589037236140212,0.020893147266295632,0.028306844683368266,5.095362887239043e-05,0.03572054210044091,0.00017290821600958714,7.18362636561569e-05,0.015501367326606435
2025-11-21,6.014198817724772e-05,0.038416432070285486,0.00011276622783233949,0.04785204696474157,0.0330246521305963,0.018197257296451035,9.522481461397539e-05,0.03572054210044091,6.014198817724772e-05,0.05964656558281169,0.00018293188070579516,0.13108764978369356,0.022578078497448494,0.0034506465716695857,6.515382052535169e-05,8.185992835236492e-05,0.021904106004987343,0.00019462615618470435,0.02898081717582941,0.021904106004987343,0.08424656155764362,0.0003641931506288886,6.849504209075424e-05,0.017523284803989878,6.849504209075424e-05,0.07649587789434044,0.00015035497044311915,4.7612407306987696e-05,0.03673150083913263,0.03167670714567401,0.05122190942704735,0.020556161020065057,5.5130155829143774e-05,0.00012446050331124876,0.03369862462305745,0.02527396846729309,8.603645530911818e-05,7.100095826480628e-05,6.014198817724772e-05,0.03336163837682689,6.264790435129963e-05,0.00013281355722475526,0.023589037236140212,0.020893147266295632,0.028306844683368266,5.095362887239043e-05,0.03572054210044091,0.00017290821600958714,7.18362636561569e-05,0.015501367326606435
2025-11-24,6.014198817724772e-05,0.038416432070285486,0.00011276622783233949,0.04785204696474157,0.0330246521305963,0.018197257296451035,9.522481461397539e-05,0.03572054210044091,6.014198817724772e-05,0.05964656558281169,0.00018293188070579516,0.13108764978369356,0.022578078497448494,0.0034506465716695857,6.515382052535169e-05,8.185992835236492e-05,0.021904106004987343,0.00019462615618470435,0.02898081717582941,0.021904106004987343,0.08424656155764362,0.0003641931506288886,6.849504209075424e-05,0.017523284803989878,6.849504209075424e-05,0.07649587789434044,0.00015035497044311915,4.7612407306987696e-05,0.03673150083913263,0.03167670714567401,0.05122190942704735,0.020556161020065057,5.5130155829143774e-05,0.00012446050331124876,0.03369862462305745,0.02527396846729309,8.603645530911818e-05,7.100095826480628e-05,6.014198817724772e-05,0.03336163837682689,6.264790435129963e-05,0.00013281355722475526,0.023589037236140212,0.020893147266295632,0.028306844683368266,5.095362887239043e-05,0.03572054210044091,0.00017290821600958714,7.18362636561569e-05,0.015501367326606435
2025-11-25,6.014198817724772e-05,0.038416432070285486,0.00011276622783233949,0.04785204696474157,0.0330246521305963,0.018197257296451035,9.522481461397539e-05,0.03572054210044091,6.014198817724772e-05,0.05964656558281169,0.00018293188070579516,0.13108764978369356,0.022578078497448494,0.0034506465716695857,6.515382052535169e-05,8.185992835236492e-05,0.021904106004987343,0.00019462615618470435,0.02898081717582941,0.021904106004987343,0.08424656155764362,0.0003641931506288886,6.849504209075424e-05,0.017523284803989878,6.849504209075424e-05,0.07649587789434044,0.00015035497044311915,4.7612407306987696e-05,0.03673150083913263,0.03167670714567401,0.05122190942704735,0.020556161020065057,5.5130155829143774e-05,0.00012446050331124876,0.03369862462305745,0.02527396846729309,8.603645530911818e-05,7.100095826480628e-05,6.014198817724772e-05,0.03336163837682689,6.264790435129963e-05,0.00013281355722475526,0.023589037236140212,0.020893147266295632,0.028306844683368266,5.095362887239043e-05,0.03572054210044091,0.00017290821600958714,7.18362636561569e-05,0.015501367326606435
2025-11-26,6.014198817724772e-05,0.038416432070285486,0.00011276622783233949,0.04785204696474157,0.0330246521305963,0.018197257296451035,9.522481461397539e-05,0.03572054210044091,6.014198817724772e-05,0.05964656558281169,0.00018293188070579516,0.13108764978369356,0.022578078497448494,0.0034506465716695857,6.515382052535169e-05,8.185992835236492e-05,0.021904106004987343,0.00019462615618470435,0.02898081717582941,0.021904106004987343,0.08424656155764362,0.0003641931506288886,6.849504209075424e-05,0.017523284803989878,6.849504209075424e-05,0.07649587789434044,0.00015035497044311915,4.7612407306987696e-05,0.03673150083913263,0.03167670714567401,0.05122190942704735,0.020556161020065057,5.5130155829143774e-05,0.00012446050331124876,0.03369862462305745,0.02527396846729309,8.603645530911818e-05,7.100095826480628e-05,6.014198817724772e-05,0.03336163837682689,6.264790435129963e-05,0.00013281355722475526,0.023589037236140212,0.020893147266295632,0.028306844683368266,5.095362887239043e-05,0.03572054210044091,0.00017290821600958714,7.18362636561569e-05,0.015501367326606435
2025-11-27,6.014198817724772e-05,0.038416432070285486,0.00011276622783233949,0.04785204696474157,0.0330246521305963,0.018197257296451035,9.522481461397539e-05,0.03572054210044091,6.014198817724772e-05,0.05964656558281169,0.00018293188070579516,0.13108764978369356,0.022578078497448494,0.0034506465716695857,6.515382052535169e-05,8.185992835236492e-05,0.021904106004987343,0.00019462615618470435,0.02898081717582941,0.021904106004987343,0.08424656155764362,0.0003641931506288886,6.849504209075424e-05,0.017523284803989878,6.849504209075424e-05,0.07649587789434044,0.00015035497044311915,4.7612407306987696e-05,0.03673150083913263,0.03167670714567401,0.05122190942704735,0.020556161020065057,5.5130155829143774e-05,0.00012446050331124876,0.03369862462305745,0.02527396846729309,8.603645530911818e-05,7.100095826480628e-05,6.014198817724772e-05,0.03336163837682689,6.264790435129963e-05,0.00013281355722475526,0.023589037236140212,0.020893147266295632,0.028306844683368266,5.095362887239043e-05,0.03572054210044091,0.00017290821600958714,7.18362636561569e-05,0.015501367326606435
2025-11-28,6.014198817724772e-05,0.038416432070285486,0.00011276622783233949,0.04785204696474157,0.0330246521305963,0.018197257296451035,9.522481461397539e-05,0.03572054210044091,6.014198817724772e-05,0.05964656558281169,0.00018293188070579516,0.13108764978369356,0.022578078497448494,0.0034506465716695857,6.515382052535169e-05,8.185992835236492e-05,0.021904106004987343,0.00019462615618470435,0.02898081717582941,0.021904106004987343,0.08424656155764362,0.0003641931506288886,6.849504209075424e-05,0.017523284803989878,6.849504209075424e-05,0.07649587789434044,0.00015035497044311915,4.7612407306987696e-05,0.03673150083913263,0.03167670714567401,0.05122190942704735,0.020556161020065057,5.5130155829143774e-05,0.00012446050331124876,0.03369862462305745,0.02527396846729309,8.603645530911818e-05,7.100095826480628e-05,6.014198817724772e-05,0.03336163837682689,6.264790435129963e-05,0.00013281355722475526,0.023589037236140212,0.020893147266295632,0.028306844683368266,5.095362887239043e-05,0.03572054210044091,0.00017290821600958714,7.18362636561569e-05,0.015501367326606435
2025-12-01,6.014198817724772e-05,0.038416432070285486,0.00011276622783233949,0.04785204696474157,0.0330246521305963,0.018197257296451035,9.522481461397539e-05,0.03572054210044091,6.014198817724772e-05,0.05964656558281169,0.00018293188070579516,0.13108764978369356,0.022578078497448494,0.0034506465716695857,6.515382052535169e-05,8.185992835236492e-05,0.021904106004987343,0.00019462615618470435,0.02898081717582941,0.021904106004987343,0.08424656155764362,0.0003641931506288886,6.849504209075424e-05,0.017523284803989878,6.849504209075424e-05,0.07649587789434044,0.00015035497044311915,4.7612407306987696e-05,0.03673150083913263,0.03167670714567401,0.05122190942704735,0.020556161020065057,5.5130155829143774e-05,0.00012446050331124876,0.03369862462305745,0.02527396846729309,8.603645530911818e-05,7.100095826480628e-05,6.014198817724772e-05,0.03336163837682689,6.264790435129963e-05,0.00013281355722475526,0.023589037236140212,0.020893147266295632,0.028306844683368266,5.095362887239043e-05,0.03572054210044091,0.00017290821600958714,7.18362636561569e-05,0.015501367326606435
2025-12-02,6.014198817724772e-05,0.038416432070285486,0.00011276622783233949,0.04785204696474157,0.0330246521305963,0.018197257296451035,9.522481461397539e-05,0.03572054210044091,6.014198817724772e-05,0.05964656558281169,0.00018293188070579516,0.13108764978369356,0.022578078497448494,0.0034506465716695857,6.515382052535169e-05,8.185992835236492e-05,0.021904106004987343,0.00019462615618470435,0.02898081717582941,0.021904106004987343,0.08424656155764362,0.0003641931506288886,6.849504209075424e-05,0.017523284803989878,6.849504209075424e-05,0.07649587789434044,0.00015035497044311915,4.7612407306987696e-05,0.03673150083913263,0.03167670714567401,0.05122190942704735,0.020556161020065057,5.5130155829143774e-05,0.00012446050331124876,0.03369862462305745,0.02527396846729309,8.603645530911818e-05,7.100095826480628e-05,6.014198817724772e-05,0.03336163837682689,6.264790435129963e-05,0.00013281355722475526,0.023589037236140212,0.020893147266295632,0.028306844683368266,5.095362887239043e-05,0.03572054210044091,0.00017290821600958714,7.18362636561569e-05,0.015501367326606435
2025-12-03,6.014198817724772e-05,0.038416432070285486,0.00011276622783233949,0.04785204696474157,0.0330246521305963,0.018197257296451035,9.522481461397539e-05,0.03572054210044091,6.014198817724772e-05,0.05964656558281169,0.00018293188070579516,0.13108764978369356,0.022578078497448494,0.0034506465716695857,6.515382052535169e-05,8.185992835236492e-05,0.021904106004987343,0.00019462615618470435,0.02898081717582941,0.021904106004987343,0.08424656155764362,0.0003641931506288886,6.849504209075424e-05,0.017523284803989878,6.849504209075424e-05,0.07649587789434044,0.00015035497044311915,4.7612407306987696e-05,0.03673150083913263,0.03167670714567401,0.05122190942704735,0.020556161020065057,5.5130155829143774e-05,0.00012446050331124876,0.03369862462305745,0.02527396846729309,8.603645530911818e-05,7.100095826480628e-05,6.014198817724772e-05,0.03336163837682689,6.264790435129963e-05,0.00013281355722475526,0.023589037236140212,0.020893147266295632,0.028306844683368266,5.095362887239043e-05,0.03572054210044091,0.00017290821600958714,7.18362636561569e-05,0.015501367326606435
2025-12-04,6.014198817724772e-05,0.038416432070285486,0.00011276622783233949,0.04785204696474157,0.0330246521305963,0.018197257296451035,9.522481461397539e-05,0.03572054210044091,6.014198817724772e-05,0.05964656558281169,0.00018293188070579516,0.13108764978369356,0.022578078497448494,0.0034506465716695857,6.515382052535169e-05,8.185992835236492e-05,0.021904106004987343,0.00019462615618470435,0.02898081717582941,0.021904106004987343,0.08424656155764362,0.0003641931506288886,6.849504209075424e-05,0.017523284803989878,6.849504209075424e-05,0.07649587789434044,0.00015035497044311915,4.7612407306987696e-05,0.03673150083913263,0.03167670714567401,0.05122190942704735,0.020556161020065057,5.5130155829143774e-05,0.00012446050331124876,0.03369862462305745,0.02527396846729309,8.603645530911818e-05,7.100095826480628e-05,6.014198817724772e-05,0.03336163837682689,6.264790435129963e-05,0.00013281355722475526,0.023589037236140212,0.020893147266295632,0.028306844683368266,5.095362887239043e-05,0.03572054210044091,0.00017290821600958714,7.18362636561569e-05,0.015501367326606435
2025-12-05,6.014198817724772e-05,0.038416432070285486,0.00011276622783233949,0.04785204696474157,0.0330246521305963,0.018197257296451035,9.522481461397539e-05,0.03572054210044091,6.014198817724772e-05,0.05964656558281169,0.00018293188070579516,0.13108764978369356,0.022578078497448494,0.0034506465716695857,6.515382052535169e-05,8.185992835236492e-05,0.021904106004987343,0.00019462615618470435,0.02898081717582941,0.021904106004987343,0.08424656155764362,0.0003641931506288886,6.849504209075424e-05,0.017523284803989878,6.849504209075424e-05,0.07649587789434044,0.00015035497044311915,4.7612407306987696e-05,0.03673150083913263,0.03167670714567401,0.05122190942704735,0.020556161020065057,5.5130155829143774e-05,0.00012446050331124876,0.03369862462305745,0.02527396846729309,8.603645530911818e-05,7.100095826480628e-05,6.014198817724772e-05,0.03336163837682689,6.264790435129963e-05,0.00013281355722475526,0.023589037236140212,0.020893147266295632,0.028306844683368266,5.095362887239043e-05,0.03572054210044091,0.00017290821600958714,7.18362636561569e-05,0.015501367326606435
2025-12-08,6.014198817724772e-05,0.038416432070285486,0.00011276622783233949,0.04785204696474157,0.0330246521305963,0.018197257296451035,9.522481461397539e-05,0.03572054210044091,6.014198817724772e-05,0.05964656558281169,0.00018293188070579516,0.13108764978369356,0.022578078497448494,0.0034506465716695857,6.515382052535169e-05,8.185992835236492e-05,0.021904106004987343,0.00019462615618470435,0.02898081717582941,0.021904106004987343,0.08424656155764362,0.0003641931506288886,6.849504209075424e-05,0.017523284803989878,6.849504209075424e-05,0.07649587789434044,0.00015035497044311915,4.7612407306987696e-05,0.03673150083913263,0.03167670714567401,0.05122190942704735,0.020556161020065057,5.5130155829143774e-05,0.00012446050331124876,0.03369862462305745,0.02527396846729309,8.603645530911818e-05,7.100095826480628e-05,6.014198817724772e-05,0.03336163837682689,6.264790435129963e-05,0.00013281355722475526,0.023589037236140212,0.020893147266295632,0.028306844683368266,5.095362887239043e-05,0.03572054210044091,0.00017290821600958714,7.18362636561569e-05,0.015501367326606435
2025-12-09,6.014198817724772e-05,0.038416432070285486,0.00011276622783233949,0.04785204696474157,0.0330246521305963,0.018197257296451035,9.522481461397539e-05,0.03572054210044091,6.014198817724772e-05,0.05964656558281169,0.00018293188070579516,0.13108764978369356,0.022578078497448494,0.0034506465716695857,6.515382052535169e-05,8.185992835236492e-05,0.021904106004987343,0.00019462615618470435,0.02898081717582941,0.021904106004987343,0.08424656155764362,0.0003641931506288886,6.849504209075424e-05,0.017523284803989878,6.849504209075424e-05,0.07649587789434044,0.00015035497044311915,4.7612407306987696e-05,0.03673150083913263,0.03167670714567401,0.05122190942704735,0.020556161020065057,5.5130155829143774e-05,0.00012446050331124876,0.03369862462305745,0.02527396846729309,8.603645530911818e-05,7.100095826480628e-05,6.014198817724772e-05,0.03336163837682689,6.264790435129963e-05,0.00013281355722475526,0.023589037236140212,0.020893147266295632,0.028306844683368266,5.095362887239043e-05,0.03572054210044091,0.00017290821600958714,7.18362636561569e-05,0.015501367326606435
2025-12-10,6.014198817724772e-05,0.038416432070285486,0.00011276622783233949,0.04785204696474157,0.0330246521305963,0.018197257296451035,9.522481461397539e-05,0.03572054210044091,6.014198817724772e-05,0.05964656558281169,0.00018293188070579516,0.13108764978369356,0.022578078497448494,0.0034506465716695857,6.515382052535169e-05,8.185992835236492e-05,0.021904106004987343,0.00019462615618470435,0.02898081717582941,0.021904106004987343,0.08424656155764362,0.0003641931506288886,6.849504209075424e-05,0.017523284803989878,6.849504209075424e-05,0.07649587789434044,0.00015035497044311915,4.7612407306987696e-05,0.03673150083913263,0.03167670714567401,0.05122190942704735,0.020556161020065057,5.5130155829143774e-05,0.00012446050331124876,0.03369862462305745,0.02527396846729309,8.603645530911818e-05,7.100095826480628e-05,6.014198817724772e-05,0.03336163837682689,6.264790435129963e-05,0.00013281355722475526,0.023589037236140212,0.020893147266295632,0.028306844683368266,5.095362887239043e-05,0.03572054210044091,0.00017290821600958714,7.18362636561569e-05,0.015501367326606435
2025-12-11,6.014198817724772e-05,0.038416432070285486,0.00011276622783233949,0.04785204696474157,0.0330246521305963,0.018197257296451035,9.522481461397539e-05,0.03572054210044091,6.014198817724772e-05,0.05964656558281169,0.00018293188070579516,0.13108764978369356,0.022578078497448494,0.0034506465716695857,6.515382052535169e-05,8.185992835236492e-05,0.021904106004987343,0.00019462615618470435,0.02898081717582941,0.021904106004987343,0.08424656155764362,0.0003641931506288886,6.849504209075424e-05,0.017523284803989878,6.849504209075424e-05,0.07649587789434044,0.00015035497044311915,4.7612407306987696e-05,0.03673150083913263,0.03167670714567401,0.05122190942704735,0.020556161020065057,5.5130155829143774e-05,0.00012446050331124876,0.03369862462305745,0.02527396846729309,8.603645530911818e-05,7.100095826480628e-05,6.014198817724772e-05,0.03336163837682689,6.264790435129963e-05,0.00013281355722475526,0.023589037236140212,0.020893147266295632,0.028306844683368266,5.095362887239043e-05,0.03572054210044091,0.00017290821600958714,7.18362636561569e-05,0.015501367326606435
2025-12-12,6.014198817724772e-05,0.038416432070285486,0.00011276622783233949,0.04785204696474157,0.0330246521305963,0.018197257296451035,9.522481461397539e-05,0.03572054210044091,6.014198817724772e-05,0.05964656558281169,0.00018293188070579516,0.13108764978369356,0.022578078497448494,0.0034506465716695857,6.515382052535169e-05,8.185992835236492e-05,0.021904106004987343,0.00019462615618470435,0.02898081717582941,0.021904106004987343,0.08424656155764362,0.0003641931506288886,6.849504209075424e-05,0.017523284803989878,6.849504209075424e-05,0.07649587789434044,0.00015035497044311915,4.7612407306987696e-05,0.03673150083913263,0.03167670714567401,0.05122190942704735,0.020556161020065057,5.5130155829143774e-05,0.00012446050331124876,0.03369862462305745,0.02527396846729309,8.603645530911818e-05,7.100095826480628e-05,6.014198817724772e-05,0.03336163837682689,6.264790435129963e-05,0.00013281355722475526,0.023589037236140212,0.020893147266295632,0.028306844683368266,5.095362887239043e-05,0.03572054210044091,0.00017290821600958714,7.18362636561569e-05,0.015501367326606435
2025-12-15,6.014198817724772e-05,0.038416432070285486,0.00011276622783233949,0.04785204696474157,0.0330246521305963,0.018197257296451035,9.522481461397539e-05,0.03572054210044091,6.014198817724772e-05,0.05964656558281169,0.00018293188070579516,0.13108764978369356,0.022578078497448494,0.0034506465716695857,6.515382052535169e-05,8.185992835236492e-05,0.021904106004987343,0.00019462615618470435,0.02898081717582941,0.021904106004987343,0.08424656155764362,0.0003641931506288886,6.849504209075424e-05,0.017523284803989878,6.849504209075424e-05,0.07649587789434044,0.00015035497044311915,4.7612407306987696e-05,0.03673150083913263,0.03167670714567401,0.05122190942704735,0.020556161020065057,5.5130155829143774e-05,0.00012446050331124876,0.03369862462305745,0.02527396846729309,8.603645530911818e-05,7.100095826480628e-05,6.014198817724772e-05,0.03336163837682689,6.264790435129963e-05,0.00013281355722475526,0.023589037236140212,0.020893147266295632,0.028306844683368266,5.095362887239043e-05,0.03572054210044091,0.00017290821600958714,7.18362636561569e-05,0.015501367326606435
2025-12-16,6.014198817724772e-05,0.038416432070285486,0.00011276622783233949,0.04785204696474157,0.0330246521305963,0.018197257296451035,9.522481461397539e-05,0.03572054210044091,6.014198817724772e-05,0.05964656558281169,0.00018293188070579516,0.13108764978369356,0.022578078497448494,0.0034506465716695857,6.515382052535169e-05,8.185992835236492e-05,0.021904106004987343,0.00019462615618470435,0.02898081717582941,0.021904106004987343,0.08424656155764362,0.0003641931506288886,6.849504209075424e-05,0.017523284803989878,6.849504209075424e-05,0.07649587789434044,0.00015035497044311915,4.7612407306987696e-05,0.03673150083913263,0.03167670714567401,0.05122190942704735,0.020556161020065057,5.5130155829143774e-05,0.00012446050331124876,0.03369862462305745,0.02527396846729309,8.603645530911818e-05,7.100095826480628e-05,6.014198817724772e-05,0.03336163837682689,6.264790435129963e-05,0.00013281355722475526,0.023589037236140212,0.020893147266295632,0.028306844683368266,5.095362887239043e-05,0.03572054210044091,0.00017290821600958714,7.18362636561569e-05,0.015501367326606435
2025-12-17,6.014198817724772e-05,0.038416432070285486,0.00011276622783233949,0.04785204696474157,0.0330246521305963,0.018197257296451035,9.522481461397539e-05,0.03572054210044091,6.014198817724772e-05,0.05964656558281169,0.00018293188070579516,0.13108764978369356,0.022578078497448494,0.0034506465716695857,6.515382052535169e-05,8.185992835236492e-05,0.021904106004987343,0.00019462615618470435,0.02898081717582941,0.021904106004987343,0.08424656155764362,0.0003641931506288886,6.849504209075424e-05,0.017523284803989878,6.849504209075424e-05,0.07649587789434044,0.00015035497044311915,4.7612407306987696e-05,0.03673150083913263,0.03167670714567401,0.05122190942704735,0.020556161020065057,5.5130155829143774e-05,0.00012446050331124876,0.03369862462305745,0.02527396846729309,8.603645530911818e-05,7.100095826480628e-05,6.014198817724772e-05,0.03336163837682689,6.264790435129963e-05,0.00013281355722475526,0.023589037236140212,0.020893147266295632,0.028306844683368266,5.095362887239043e-05,0.03572054210044091,0.00017290821600958714,7.18362636561569e-05,0.015501367326606435
2025-12-18,6.014198817724772e-05,0.038416432070285486,0.00011276622783233949,0.04785204696474157,0.0330246521305963,0.018197257296451035,9.522481461397539e-05,0.03572054210044091,6.014198817724772e-05,0.05964656558281169,0.00018293188070579516,0.13108764978369356,0.022578078497448494,0.0034506465716695857,6.515382052535169e-05,8.185992835236492e-05,0.021904106004987343,0.00019462615618470435,0.02898081717582941,0.021904106004987343,0.08424656155764362,0.0003641931506288886,6.849504209075424e-05,0.017523284803989878,6.849504209075424e-05,0.07649587789434044,0.00015035497044311915,4.7612407306987696e-05,0.03673150083913263,0.03167670714567401,0.05122190942704735,0.020556161020065057,5.5130155829143774e-05,0.00012446050331124876,0.03369862462305745,0.02527396846729309,8.603645530911818e-05,7.100095826480628e-05,6.014198817724772e-05,0.03336163837682689,6.264790435129963e-05,0.00013281355722475526,0.023589037236140212,0.020893147266295632,0.028306844683368266,5.095362887239043e-05,0.03572054210044091,0.00017290821600958714,7.18362636561569e-05,0.015501367326606435
2025-12-19,6.014198817724772e-05,0.038416432070285486,0.00011276622783233949,0.04785204696474157,0.0330246521305963,0.018197257296451035,9.522481461397539e-05,0.03572054210044091,6.014198817724772e-05,0.05964656558281169,0.00018293188070579516,0.13108764978369356,0.022578078497448494,0.0034506465716695857,6.515382052535169e-05,8.185992835236492e-05,0.021904106004987343,0.00019462615618470435,0.02898081717582941,0.021904106004987343,0.08424656155764362,0.0003641931506288886,6.849504209075424e-05,0.017523284803989878,6.849504209075424e-05,0.07649587789434044,0.00015035497044311915,4.7612407306987696e-05,0.03673150083913263,0.03167670714567401,0.05122190942704735,0.020556161020065057,5.5130155829143774e-05,0.00012446050331124876,0.03369862462305745,0.02527396846729309,8.603645530911818e-05,7.100095826480628e-05,6.014198817724772e-05,0.03336163837682689,6.264790435129963e-05,0.00013281355722475526,0.023589037236140212,0.020893147266295632,0.028306844683368266,5.095362887239043e-05,0.03572054210044091,0.00017290821600958714,7.18362636561569e-05,0.015501367326606435
2025-12-22,6.014198817724772e-05,0.038416432070285486,0.00011276622783233949,0.04785204696474157,0.0330246521305963,0.018197257296451035,9.522481461397539e-05,0.03572054210044091,6.014198817724772e-05,0.05964656558281169,0.00018293188070579516,0.13108764978369356,0.022578078497448494,0.0034506465716695857,6.515382052535169e-05,8.185992835236492e-05,0.021904106004987343,0.00019462615618470435,0.02898081717582941,0.021904106004987343,0.08424656155764362,0.0003641931506288886,6.849504209075424e-05,0.017523284803989878,6.849504209075424e-05,0.07649587789434044,0.00015035497044311915,4.7612407306987696e-05,0.03673150083913263,0.03167670714567401,0.05122190942704735,0.020556161020065057,5.5130155829143774e-05,0.00012446050331124876,0.03369862462305745,0.02527396846729309,8.603645530911818e-05,7.100095826480628e-05,6.014198817724772e-05,0.03336163837682689,6.264790435129963e-05,0.00013281355722475526,0.023589037236140212,0.020893147266295632,0.028306844683368266,5.095362887239043e-05,0.03572054210044091,0.00017290821600958714,7.18362636561569e-05,0.015501367326606435
2025-12-23,6.014198817724772e-05,0.038416432070285486,0.00011276622783233949,0.04785204696474157,0.0330246521305963,0.018197257296451035,9.522481461397539e-05,0.03572054210044091,6.014198817724772e-05,0.05964656558281169,0.00018293188070579516,0.13108764978369356,0.022578078497448494,0.0034506465716695857,6.515382052535169e-05,8.185992835236492e-05,0.021904106004987343,0.00019462615618470435,0.02898081717582941,0.021904106004987343,0.08424656155764362,0.0003641931506288886,6.849504209075424e-05,0.017523284803989878,6.849504209075424e-05,0.07649587789434044,0.00015035497044311915,4.7612407306987696e-05,0.03673150083913263,0.03167670714567401,0.05122190942704735,0.020556161020065057,5.5130155829143774e-05,0.00012446050331124876,0.03369862462305745,0.02527396846729309,8.603645530911818e-05,7.100095826480628e-05,6.014198817724772e-05,0.03336163837682689,6.264790435129963e-05,0.00013281355722475526,0.023589037236140212,0.020893147266295632,0.028306844683368266,5.095362887239043e-05,0.03572054210044091,0.00017290821600958714,7.18362636561569e-05,0.015501367326606435
2025-12-24,6.014198817724772e-05,0.038416432070285486,0.00011276622783233949,0.04785204696474157,0.0330246521305963,0.018197257296451035,9.522481461397539e-05,0.03572054210044091,6.014198817724772e-05,0.05964656558281169,0.00018293188070579516,0.13108764978369356,0.022578078497448494,0.0034506465716695857,6.515382052535169e-05,8.185992835236492e-05,0.021904106004987343,0.00019462615618470435,0.02898081717582941,0.021904106004987343,0.08424656155764362,0.0003641931506288886,6.849504209075424e-05,0.017523284803989878,6.849504209075424e-05,0.07649587789434044,0.00015035497044311915,4.7612407306987696e-05,0.03673150083913263,0.03167670714567401,0.05122190942704735,0.020556161020065057,5.5130155829143774e-05,0.00012446050331124876,0.03369862462305745,0.02527396846729309,8.603645530911818e-05,7.100095826480628e-05,6.014198817724772e-05,0.03336163837682689,6.264790435129963e-05,0.00013281355722475526,0.023589037236140212,0.020893147266295632,0.028306844683368266,5.095362887239043e-05,0.03572054210044091,0.00017290821600958714,7.18362636561569e-05,0.015501367326606435
2025-12-26,6.014198817724772e-05,0.038416432070285486,0.00011276622783233949,0.04785204696474157,0.0330246521305963,0.018197257296451035,9.522481461397539e-05,0.03572054210044091,6.014198817724772e-05,0.05964656558281169,0.00018293188070579516,0.13108764978369356,0.022578078497448494,0.0034506465716695857,6.515382052535169e-05,8.185992835236492e-05,0.021904106004987343,0.00019462615618470435,0.02898081717582941,0.021904106004987343,0.08424656155764362,0.0003641931506288886,6.849504209075424e-05,0.017523284803989878,6.849504209075424e-05,0.07649587789434044,0.00015035497044311915,4.7612407306987696e-05,0.03673150083913263,0.03167670714567401,0.05122190942704735,0.020556161020065057,5.5130155829143774e-05,0.00012446050331124876,0.03369862462305745,0.02527396846729309,8.603645530911818e-05,7.100095826480628e-05,6.014198817724772e-05,0.03336163837682689,6.264790435129963e-05,0.00013281355722475526,0.023589037236140212,0.020893147266295632,0.028306844683368266,5.095362887239043e-05,0.03572054210044091,0.00017290821600958714,7.18362636561569e-05,0.015501367326606435
2025-12-29,6.014198817724772e-05,0.038416432070285486,0.00011276622783233949,0.04785204696474157,0.0330246521305963,0.018197257296451035,9.522481461397539e-05,0.03572054210044091,6.014198817724772e-05,0.05964656558281169,0.00018293188070579516,0.13108764978369356,0.022578078497448494,0.0034506465716695857,6.515382052535169e-05,8.185992835236492e-05,0.021904106004987343,0.00019462615618470435,0.02898081717582941,0.021904106004987343,0.08424656155764362,0.0003641931506288886,6.849504209075424e-05,0.017523284803989878,6.849504209075424e-05,0.07649587789434044,0.00015035497044311915,4.7612407306987696e-05,0.03673150083913263,0.03167670714567401,0.05122190942704735,0.020556161020065057,5.5130155829143774e-05,0.00012446050331124876,0.03369862462305745,0.02527396846729309,8.603645530911818e-05,7.100095826480628e-05,6.014198817724772e-05,0.03336163837682689,6.264790435129963e-05,0.00013281355722475526,0.023589037236140212,0.020893147266295632,0.028306844683368266,5.095362887239043e-05,0.03572054210044091,0.00017290821600958714,7.18362636561569e-05,0.015501367326606435
2025-12-30,6.014198817724772e-05,0.038416432070285486,0.00011276622783233949,0.04785204696474157,0.0330246521305963,0.018197257296451035,9.522481461397539e-05,0.03572054210044091,6.014198817724772e-05,0.05964656558281169,0.00018293188070579516,0.13108764978369356,0.022578078497448494,0.0034506465716695857,6.515382052535169e-05,8.185992835236492e-05,0.021904106004987343,0.00019462615618470435,0.02898081717582941,0.021904106004987343,0.08424656155764362,0.0003641931506288886,6.849504209075424e-05,0.017523284803989878,6.849504209075424e-05,0.07649587789434044,0.00015035497044311915,4.7612407306987696e-05,0.03673150083913263,0.03167670714567401,0.05122190942704735,0.020556161020065057,5.5130155829143774e-05,0.00012446050331124876,0.03369862462305745,0.02527396846729309,8.603645530911818e-05,7.100095826480628e-05,6.014198817724772e-05,0.03336163837682689,6.264790435129963e-05,0.00013281355722475526,0.023589037236140212,0.020893147266295632,0.028306844683368266,5.095362887239043e-05,0.03572054210044091,0.00017290821600958714,7.18362636561569e-05,0.015501367326606435
2025-12-31,6.014198817724772e-05,0.038416432070285486,0.00011276622783233949,0.04785204696474157,0.0330246521305963,0.018197257296451035,9.522481461397539e-05,0.03572054210044091,6.014198817724772e-05,0.05964656558281169,0.00018293188070579516,0.13108764978369356,0.022578078497448494,0.0034506465716695857,6.515382052535169e-05,8.185992835236492e-05,0.021904106004987343,0.00019462615618470435,0.02898081717582941,0.021904106004987343,0.08424656155764362,0.0003641931506288886,6.849504209075424e-05,0.017523284803989878,6.849504209075424e-05,0.07649587789434044,0.00015035497044311915,4.7612407306987696e-05,0.03673150083913263,0.03167670714567401,0.05122190942704735,0.020556161020065057,5.5130155829143774e-05,0.00012446050331124876,0.03369862462305745,0.02527396846729309,8.603645530911818e-05,7.100095826480628e-05,6.014198817724772e-05,0.03336163837682689,6.264790435129963e-05,0.00013281355722475526,0.023589037236140212,0.020893147266295632,0.028306844683368266,5.095362887239043e-05,0.03572054210044091,0.00017290821600958714,7.18362636561569e-05,0.015501367326606435
2026-01-02,6.014198817724772e-05,0.038416432070285486,0.00011276622783233949,0.04785204696474157,0.0330246521305963,0.018197257296451035,9.522481461397539e-05,0.03572054210044091,6.014198817724772e-05,0.05964656558281169,0.00018293188070579516,0.13108764978369356,0.022578078497448494,0.0034506465716695857,6.515382052535169e-05,8.185992835236492e-05,0.021904106004987343,0.00019462615618470435,0.02898081717582941,0.021904106004987343,0.08424656155764362,0.0003641931506288886,6.849504209075424e-05,0.017523284803989878,6.849504209075424e-05,0.07649587789434044,0.00015035497044311915,4.7612407306987696e-05,0.03673150083913263,0.03167670714567401,0.05122190942704735,0.020556161020065057,5.5130155829143774e-05,0.00012446050331124876,0.03369862462305745,0.02527396846729309,8.603645530911818e-05,7.100095826480628e-05,6.014198817724772e-05,0.03336163837682689,6.264790435129963e-05,0.00013281355722475526,0.023589037236140212,0.020893147266295632,0.028306844683368266,5.095362887239043e-05,0.03572054210044091,0.00017290821600958714,7.18362636561569e-05,0.015501367326606435
2026-01-05,6.014198817724772e-05,0.038416432070285486,0.00011276622783233949,0.04785204696474157,0.0330246521305963,0.018197257296451035,9.522481461397539e-05,0.03572054210044091,6.014198817724772e-05,0.05964656558281169,0.00018293188070579516,0.13108764978369356,0.022578078497448494,0.0034506465716695857,6.515382052535169e-05,8.185992835236492e-05,0.021904106004987343,0.00019462615618470435,0.02898081717582941,0.021904106004987343,0.08424656155764362,0.0003641931506288886,6.849504209075424e-05,0.017523284803989878,6.849504209075424e-05,0.07649587789434044,0.00015035497044311915,4.7612407306987696e-05,0.03673150083913263,0.03167670714567401,0.05122190942704735,0.020556161020065057,5.5130155829143774e-05,0.00012446050331124876,0.03369862462305745,0.02527396846729309,8.603645530911818e-05,7.100095826480628e-05,6.014198817724772e-05,0.03336163837682689,6.264790435129963e-05,0.00013281355722475526,0.023589037236140212,0.020893147266295632,0.028306844683368266,5.095362887239043e-05,0.03572054210044091,0.00017290821600958714,7.18362636561569e-05,0.015501367326606435
2026-01-06,6.014198817724772e-05,0.038416432070285486,0.00011276622783233949,0.04785204696474157,0.0330246521305963,0.018197257296451035,9.522481461397539e-05,0.03572054210044091,6.014198817724772e-05,0.05964656558281169,0.00018293188070579516,0.13108764978369356,0.022578078497448494,0.0034506465716695857,6.515382052535169e-05,8.185992835236492e-05,0.021904106004987343,0.00019462615618470435,0.02898081717582941,0.021904106004987343,0.08424656155764362,0.0003641931506288886,6.849504209075424e-05,0.017523284803989878,6.849504209075424e-05,0.07649587789434044,0.00015035497044311915,4.7612407306987696e-05,0.03673150083913263,0.03167670714567401,0.05122190942704735,0.020556161020065057,5.5130155829143774e-05,0.00012446050331124876,0.03369862462305745,0.02527396846729309,8.603645530911818e-05,7.100095826480628e-05,6.014198817724772e-05,0.03336163837682689,6.264790435129963e-05,0.00013281355722475526,0.023589037236140212,0.020893147266295632,0.028306844683368266,5.095362887239043e-05,0.03572054210044091,0.00017290821600958714,7.18362636561569e-05,0.015501367326606435
2026-01-07,6.014198817724772e-05,0.038416432070285486,0.00011276622783233949,0.04785204696474157,0.0330246521305963,0.018197257296451035,9.522481461397539e-05,0.03572054210044091,6.014198817724772e-05,0.05964656558281169,0.00018293188070579516,0.13108764978369356,0.022578078497448494,0.0034506465716695857,6.515382052535169e-05,8.185992835236492e-05,0.021904106004987343,0.00019462615618470435,0.02898081717582941,0.021904106004987343,0.08424656155764362,0.0003641931506288886,6.849504209075424e-05,0.017523284803989878,6.849504209075424e-05,0.07649587789434044,0.00015035497044311915,4.7612407306987696e-05,0.03673150083913263,0.03167670714567401,0.05122190942704735,0.020556161020065057,5.5130155829143774e-05,0.00012446050331124876,0.03369862462305745,0.02527396846729309,8.603645530911818e-05,7.100095826480628e-05,6.014198817724772e-05,0.03336163837682689,6.264790435129963e-05,0.00013281355722475526,0.023589037236140212,0.020893147266295632,0.028306844683368266,5.095362887239043e-05,0.03572054210044091,0.00017290821600958714,7.18362636561569e-05,0.015501367326606435
2026-01-08,6.014198817724772e-05,0.038416432070285486,0.00011276622783233949,0.04785204696474157,0.0330246521305963,0.018197257296451035,9.522481461397539e-05,0.03572054210044091,6.014198817724772e-05,0.05964656558281169,0.00018293188070579516,0.13108764978369356,0.022578078497448494,0.0034506465716695857,6.515382052535169e-05,8.185992835236492e-05,0.021904106004987343,0.00019462615618470435,0.02898081717582941,0.021904106004987343,0.08424656155764362,0.0003641931506288886,6.849504209075424e-05,0.017523284803989878,6.849504209075424e-05,0.07649587789434044,0.00015035497044311915,4.7612407306987696e-05,0.03673150083913263,0.03167670714567401,0.05122190942704735,0.020556161020065057,5.5130155829143774e-05,0.00012446050331124876,0.03369862462305745,0.02527396846729309,8.603645530911818e-05,7.100095826480628e-05,6.014198817724772e-05,0.03336163837682689,6.264790435129963e-05,0.00013281355722475526,0.023589037236140212,0.020893147266295632,0.028306844683368266,5.095362887239043e-05,0.03572054210044091,0.00017290821600958714,7.18362636561569e-05,0.015501367326606435
2026-01-09,6.014198817724772e-05,0.038416432070285486,0.00011276622783233949,0.04785204696474157,0.0330246521305963,0.018197257296451035,9.522481461397539e-05,0.03572054210044091,6.014198817724772e-05,0.05964656558281169,0.00018293188070579516,0.13108764978369356,0.022578078497448494,0.0034506465716695857,6.515382052535169e-05,8.185992835236492e-05,0.021904106004987343,0.00019462615618470435,0.02898081717582941,0.021904106004987343,0.08424656155764362,0.0003641931506288886,6.849504209075424e-05,0.017523284803989878,6.849504209075424e-05,0.07649587789434044,0.00015035497044311915,4.7612407306987696e-05,0.03673150083913263,0.03167670714567401,0.05122190942704735,0.020556161020065057,5.5130155829143774e-05,0.00012446050331124876,0.03369862462305745,0.02527396846729309,8.603645530911818e-05,7.100095826480628e-05,6.014198817724772e-05,0.03336163837682689,6.264790435129963e-05,0.00013281355722475526,0.023589037236140212,0.020893147266295632,0.028306844683368266,5.095362887239043e-05,0.03572054210044091,0.00017290821600958714,7.18362636561569e-05,0.015501367326606435
2026-01-12,6.014198817724772e-05,0.038416432070285486,0.00011276622783233949,0.04785204696474157,0.0330246521305963,0.018197257296451035,9.522481461397539e-05,0.03572054210044091,6.014198817724772e-05,0.05964656558281169,0.00018293188070579516,0.13108764978369356,0.022578078497448494,0.0034506465716695857,6.515382052535169e-05,8.185992835236492e-05,0.021904106004987343,0.00019462615618470435,0.02898081717582941,0.021904106004987343,0.08424656155764362,0.0003641931506288886,6.849504209075424e-05,0.017523284803989878,6.849504209075424e-05,0.07649587789434044,0.00015035497044311915,4.7612407306987696e-05,0.03673150083913263,0.03167670714567401,0.05122190942704735,0.020556161020065057,5.5130155829143774e-05,0.00012446050331124876,0.03369862462305745,0.02527396846729309,8.603645530911818e-05,7.100095826480628e-05,6.014198817724772e-05,0.03336163837682689,6.264790435129963e-05,0.00013281355722475526,0.023589037236140212,0.020893147266295632,0.028306844683368266,5.095362887239043e-05,0.03572054210044091,0.00017290821600958714,7.18362636561569e-05,0.015501367326606435
2026-01-13,6.014198817724772e-05,0.038416432070285486,0.00011276622783233949,0.04785204696474157,0.0330246521305963,0.018197257296451035,9.522481461397539e-05,0.03572054210044091,6.014198817724772e-05,0.05964656558281169,0.00018293188070579516,0.13108764978369356,0.022578078497448494,0.0034506465716695857,6.515382052535169e-05,8.185992835236492e-05,0.021904106004987343,0.00019462615618470435,0.02898081717582941,0.021904106004987343,0.08424656155764362,0.0003641931506288886,6.849504209075424e-05,0.017523284803989878,6.849504209075424e-05,0.07649587789434044,0.00015035497044311915,4.7612407306987696e-05,0.03673150083913263,0.03167670714567401,0.05122190942704735,0.020556161020065057,5.5130155829143774e-05,0.00012446050331124876,0.03369862462305745,0.02527396846729309,8.603645530911818e-05,7.100095826480628e-05,6.014198817724772e-05,0.03336163837682689,6.264790435129963e-05,0.00013281355722475526,0.023589037236140212,0.020893147266295632,0.028306844683368266,5.095362887239043e-05,0.03572054210044091,0.00017290821600958714,7.18362636561569e-05,0.015501367326606435
2026-01-14,6.014198817724772e-05,0.038416432070285486,0.00011276622783233949,0.04785204696474157,0.0330246521305963,0.018197257296451035,9.522481461397539e-05,0.03572054210044091,6.014198817724772e-05,0.05964656558281169,0.00018293188070579516,0.13108764978369356,0.022578078497448494,0.0034506465716695857,6.515382052535169e-05,8.185992835236492e-05,0.021904106004987343,0.00019462615618470435,0.02898081717582941,0.021904106004987343,0.08424656155764362,0.0003641931506288886,6.849504209075424e-05,0.017523284803989878,6.849504209075424e-05,0.07649587789434044,0.00015035497044311915,4.7612407306987696e-05,0.03673150083913263,0.03167670714567401,0.05122190942704735,0.020556161020065057,5.5130155829143774e-05,0.00012446050331124876,0.03369862462305745,0.02527396846729309,8.603645530911818e-05,7.100095826480628e-05,6.014198817724772e-05,0.03336163837682689,6.264790435129963e-05,0.00013281355722475526,0.023589037236140212,0.020893147266295632,0.028306844683368266,5.095362887239043e-05,0.03572054210044091,0.00017290821600958714,7.18362636561569e-05,0.015501367326606435
2026-01-15,6.014198817724772e-05,0.038416432070285486,0.00011276622783233949,0.04785204696474157,0.0330246521305963,0.018197257296451035,9.522481461397539e-05,0.03572054210044091,6.014198817724772e-05,0.05964656558281169,0.00018293188070579516,0.13108764978369356,0.022578078497448494,0.0034506465716695857,6.515382052535169e-05,8.185992835236492e-05,0.021904106004987343,0.00019462615618470435,0.02898081717582941,0.021904106004987343,0.08424656155764362,0.0003641931506288886,6.849504209075424e-05,0.017523284803989878,6.849504209075424e-05,0.07649587789434044,0.00015035497044311915,4.7612407306987696e-05,0.03673150083913263,0.03167670714567401,0.05122190942704735,0.020556161020065057,5.5130155829143774e-05,0.00012446050331124876,0.03369862462305745,0.02527396846729309,8.603645530911818e-05,7.100095826480628e-05,6.014198817724772e-05,0.03336163837682689,6.264790435129963e-05,0.00013281355722475526,0.023589037236140212,0.020893147266295632,0.028306844683368266,5.095362887239043e-05,0.03572054210044091,0.00017290821600958714,7.18362636561569e-05,0.015501367326606435
2026-01-16,6.014198817724772e-05,0.038416432070285486,0.00011276622783233949,0.04785204696474157,0.0330246521305963,0.018197257296451035,9.522481461397539e-05,0.03572054210044091,6.014198817724772e-05,0.05964656558281169,0.00018293188070579516,0.13108764978369356,0.022578078497448494,0.0034506465716695857,6.515382052535169e-05,8.185992835236492e-05,0.021904106004987343,0.00019462615618470435,0.02898081717582941,0.021904106004987343,0.08424656155764362,0.0003641931506288886,6.849504209075424e-05,0.017523284803989878,6.849504209075424e-05,0.07649587789434044,0.00015035497044311915,4.7612407306987696e-05,0.03673150083913263,0.03167670714567401,0.05122190942704735,0.020556161020065057,5.5130155829143774e-05,0.00012446050331124876,0.03369862462305745,0.02527396846729309,8.603645530911818e-05,7.100095826480628e-05,6.014198817724772e-05,0.03336163837682689,6.264790435129963e-05,0.00013281355722475526,0.023589037236140212,0.020893147266295632,0.028306844683368266,5.095362887239043e-05,0.03572054210044091,0.00017290821600958714,7.18362636561569e-05,0.015501367326606435
2026-01-19,6.014198817724772e-05,0.038416432070285486,0.00011276622783233949,0.04785204696474157,0.0330246521305963,0.018197257296451035,9.522481461397539e-05,0.03572054210044091,6.014198817724772e-05,0.05964656558281169,0.00018293188070579516,0.13108764978369356,0.022578078497448494,0.0034506465716695857,6.515382052535169e-05,8.185992835236492e-05,0.021904106004987343,0.00019462615618470435,0.02898081717582941,0.021904106004987343,0.08424656155764362,0.0003641931506288886,6.849504209075424e-05,0.017523284803989878,6.849504209075424e-05,0.07649587789434044,0.00015035497044311915,4.7612407306987696e-05,0.03673150083913263,0.03167670714567401,0.05122190942704735,0.020556161020065057,5.5130155829143774e-05,0.00012446050331124876,0.03369862462305745,0.02527396846729309,8.603645530911818e-05,7.100095826480628e-05,6.014198817724772e-05,0.03336163837682689,6.264790435129963e-05,0.00013281355722475526,0.023589037236140212,0.020893147266295632,0.028306844683368266,5.095362887239043e-05,0.03572054210044091,0.00017290821600958714,7.18362636561569e-05,0.015501367326606435
2026-01-20,6.014198817724772e-05,0.038416432070285486,0.00011276622783233949,0.04785204696474157,0.0330246521305963,0.018197257296451035,9.522481461397539e-05,0.03572054210044091,6.014198817724772e-05,0.05964656558281169,0.00018293188070579516,0.13108764978369356,0.022578078497448494,0.0034506465716695857,6.515382052535169e-05,8.185992835236492e-05,0.021904106004987343,0.00019462615618470435,0.02898081717582941,0.021904106004987343,0.08424656155764362,0.0003641931506288886,6.849504209075424e-05,0.017523284803989878,6.849504209075424e-05,0.07649587789434044,0.00015035497044311915,4.7612407306987696e-05,0.03673150083913263,0.03167670714567401,0.05122190942704735,0.020556161020065057,5.5130155829143774e-05,0.00012446050331124876,0.03369862462305745,0.02527396846729309,8.603645530911818e-05,7.100095826480628e-05,6.014198817724772e-05,0.03336163837682689,6.264790435129963e-05,0.00013281355722475526,0.023589037236140212,0.020893147266295632,0.028306844683368266,5.095362887239043e-05,0.03572054210044091,0.00017290821600958714,7.18362636561569e-05,0.015501367326606435
2026-01-21,6.014198817724772e-05,0.038416432070285486,0.00011276622783233949,0.04785204696474157,0.0330246521305963,0.018197257296451035,9.522481461397539e-05,0.03572054210044091,6.014198817724772e-05,0.05964656558281169,0.00018293188070579516,0.13108764978369356,0.022578078497448494,0.0034506465716695857,6.515382052535169e-05,8.185992835236492e-05,0.021904106004987343,0.00019462615618470435,0.02898081717582941,0.021904106004987343,0.08424656155764362,0.0003641931506288886,6.849504209075424e-05,0.017523284803989878,6.849504209075424e-05,0.07649587789434044,0.00015035497044311915,4.7612407306987696e-05,0.03673150083913263,0.03167670714567401,0.05122190942704735,0.020556161020065057,5.5130155829143774e-05,0.00012446050331124876,0.03369862462305745,0.02527396846729309,8.603645530911818e-05,7.100095826480628e-05,6.014198817724772e-05,0.03336163837682689,6.264790435129963e-05,0.00013281355722475526,0.023589037236140212,0.020893147266295632,0.028306844683368266,5.095362887239043e-05,0.03572054210044091,0.00017290821600958714,7.18362636561569e-05,0.015501367326606435
2026-01-22,6.014198817724772e-05,0.038416432070285486,0.00011276622783233949,0.04785204696474157,0.0330246521305963,0.018197257296451035,9.522481461397539e-05,0.03572054210044091,6.014198817724772e-05,0.05964656558281169,0.00018293188070579516,0.13108764978369356,0.022578078497448494,0.0034506465716695857,6.515382052535169e-05,8.185992835236492e-05,0.021904106004987343,0.00019462615618470435,0.02898081717582941,0.021904106004987343,0.08424656155764362,0.0003641931506288886,6.849504209075424e-05,0.017523284803989878,6.849504209075424e-05,0.07649587789434044,0.00015035497044311915,4.7612407306987696e-05,0.03673150083913263,0.03167670714567401,0.05122190942704735,0.020556161020065057,5.5130155829143774e-05,0.00012446050331124876,0.03369862462305745,0.02527396846729309,8.603645530911818e-05,7.100095826480628e-05,6.014198817724772e-05,0.03336163837682689,6.264790435129963e-05,0.00013281355722475526,0.023589037236140212,0.020893147266295632,0.028306844683368266,5.095362887239043e-05,0.03572054210044091,0.00017290821600958714,7.18362636561569e-05,0.015501367326606435
2026-01-23,6.014198817724772e-05,0.038416432070285486,0.00011276622783233949,0.04785204696474157,0.0330246521305963,0.018197257296451035,9.522481461397539e-05,0.03572054210044091,6.014198817724772e-05,0.05964656558281169,0.00018293188070579516,0.13108764978369356,0.022578078497448494,0.0034506465716695857,6.515382052535169e-05,8.185992835236492e-05,0.021904106004987343,0.00019462615618470435,0.02898081717582941,0.021904106004987343,0.08424656155764362,0.0003641931506288886,6.849504209075424e-05,0.017523284803989878,6.849504209075424e-05,0.07649587789434044,0.00015035497044311915,4.7612407306987696e-05,0.03673150083913263,0.03167670714567401,0.05122190942704735,0.020556161020065057,5.5130155829143774e-05,0.00012446050331124876,0.03369862462305745,0.02527396846729309,8.603645530911818e-05,7.100095826480628e-05,6.014198817724772e-05,0.03336163837682689,6.264790435129963e-05,0.00013281355722475526,0.023589037236140212,0.020893147266295632,0.028306844683368266,5.095362887239043e-05,0.03572054210044091,0.00017290821600958714,7.18362636561569e-05,0.015501367326606435
2026-01-26,6.014198817724772e-05,0.038416432070285486,0.00011276622783233949,0.04785204696474157,0.0330246521305963,0.018197257296451035,9.522481461397539e-05,0.03572054210044091,6.014198817724772e-05,0.05964656558281169,0.00018293188070579516,0.13108764978369356,0.022578078497448494,0.0034506465716695857,6.515382052535169e-05,8.185992835236492e-05,0.021904106004987343,0.00019462615618470435,0.02898081717582941,0.021904106004987343,0.08424656155764362,0.0003641931506288886,6.849504209075424e-05,0.017523284803989878,6.849504209075424e-05,0.07649587789434044,0.00015035497044311915,4.7612407306987696e-05,0.03673150083913263,0.03167670714567401,0.05122190942704735,0.020556161020065057,5.5130155829143774e-05,0.00012446050331124876,0.03369862462305745,0.02527396846729309,8.603645530911818e-05,7.100095826480628e-05,6.014198817724772e-05,0.03336163837682689,6.264790435129963e-05,0.00013281355722475526,0.023589037236140212,0.020893147266295632,0.028306844683368266,5.095362887239043e-05,0.03572054210044091,0.00017290821600958714,7.18362636561569e-05,0.015501367326606435
2026-01-27,6.014198817724772e-05,0.038416432070285486,0.00011276622783233949,0.04785204696474157,0.0330246521305963,0.018197257296451035,9.522481461397539e-05,0.03572054210044091,6.014198817724772e-05,0.05964656558281169,0.00018293188070579516,0.13108764978369356,0.022578078497448494,0.0034506465716695857,6.515382052535169e-05,8.185992835236492e-05,0.021904106004987343,0.00019462615618470435,0.02898081717582941,0.021904106004987343,0.08424656155764362,0.0003641931506288886,6.849504209075424e-05,0.017523284803989878,6.849504209075424e-05,0.07649587789434044,0.00015035497044311915,4.7612407306987696e-05,0.03673150083913263,0.03167670714567401,0.05122190942704735,0.020556161020065057,5.5130155829143774e-05,0.00012446050331124876,0.03369862462305745,0.02527396846729309,8.603645530911818e-05,7.100095826480628e-05,6.014198817724772e-05,0.03336163837682689,6.264790435129963e-05,0.00013281355722475526,0.023589037236140212,0.020893147266295632,0.028306844683368266,5.095362887239043e-05,0.03572054210044091,0.00017290821600958714,7.18362636561569e-05,0.015501367326606435
2026-01-28,6.014198817724772e-05,0.038416432070285486,0.00011276622783233949,0.04785204696474157,0.0330246521305963,0.018197257296451035,9.522481461397539e-05,0.03572054210044091,6.014198817724772e-05,0.05964656558281169,0.00018293188070579516,0.13108764978369356,0.022578078497448494,0.0034506465716695857,6.515382052535169e-05,8.185992835236492e-05,0.021904106004987343,0.00019462615618470435,0.02898081717582941,0.021904106004987343,0.08424656155764362,0.0003641931506288886,6.849504209075424e-05,0.017523284803989878,6.849504209075424e-05,0.07649587789434044,0.00015035497044311915,4.7612407306987696e-05,0.03673150083913263,0.03167670714567401,0.05122190942704735,0.020556161020065057,5.5130155829143774e-05,0.00012446050331124876,0.03369862462305745,0.02527396846729309,8.603645530911818e-05,7.100095826480628e-05,6.014198817724772e-05,0.03336163837682689,6.264790435129963e-05,0.00013281355722475526,0.023589037236140212,0.020893147266295632,0.028306844683368266,5.095362887239043e-05,0.03572054210044091,0.00017290821600958714,7.18362636561569e-05,0.015501367326606435
2026-01-29,6.014198817724772e-05,0.038416432070285486,0.00011276622783233949,0.04785204696474157,0.0330246521305963,0.018197257296451035,9.522481461397539e-05,0.03572054210044091,6.014198817724772e-05,0.05964656558281169,0.00018293188070579516,0.13108764978369356,0.022578078497448494,0.0034506465716695857,6.515382052535169e-05,8.185992835236492e-05,0.021904106004987343,0.00019462615618470435,0.02898081717582941,0.021904106004987343,0.08424656155764362,0.0003641931506288886,6.849504209075424e-05,0.017523284803989878,6.849504209075424e-05,0.07649587789434044,0.00015035497044311915,4.7612407306987696e-05,0.03673150083913263,0.03167670714567401,0.05122190942704735,0.020556161020065057,5.5130155829143774e-05,0.00012446050331124876,0.03369862462305745,0.02527396846729309,8.603645530911818e-05,7.100095826480628e-05,6.014198817724772e-05,0.03336163837682689,6.264790435129963e-05,0.00013281355722475526,0.023589037236140212,0.020893147266295632,0.028306844683368266,5.095362887239043e-05,0.03572054210044091,0.00017290821600958714,7.18362636561569e-05,0.015501367326606435
2026-01-30,6.014198817724772e-05,0.038416432070285486,0.00011276622783233949,0.04785204696474157,0.0330246521305963,0.018197257296451035,9.522481461397539e-05,0.03572054210044091,6.014198817724772e-05,0.05964656558281169,0.00018293188070579516,0.13108764978369356,0.022578078497448494,0.0034506465716695857,6.515382052535169e-05,8.185992835236492e-05,0.021904106004987343,0.00019462615618470435,0.02898081717582941,0.021904106004987343,0.08424656155764362,0.0003641931506288886,6.849504209075424e-05,0.017523284803989878,6.849504209075424e-05,0.07649587789434044,0.00015035497044311915,4.7612407306987696e-05,0.03673150083913263,0.03167670714567401,0.05122190942704735,0.020556161020065057,5.5130155829143774e-05,0.00012446050331124876,0.03369862462305745,0.02527396846729309,8.603645530911818e-05,7.100095826480628e-05,6.014198817724772e-05,0.03336163837682689,6.264790435129963e-05,0.00013281355722475526,0.023589037236140212,0.020893147266295632,0.028306844683368266,5.095362887239043e-05,0.03572054210044091,0.00017290821600958714,7.18362636561569e-05,0.015501367326606435
2026-02-02,6.014198817724772e-05,0.038416432070285486,0.00011276622783233949,0.04785204696474157,0.0330246521305963,0.018197257296451035,9.522481461397539e-05,0.03572054210044091,6.014198817724772e-05,0.05964656558281169,0.00018293188070579516,0.13108764978369356,0.022578078497448494,0.0034506465716695857,6.515382052535169e-05,8.185992835236492e-05,0.021904106004987343,0.00019462615618470435,0.02898081717582941,0.021904106004987343,0.08424656155764362,0.0003641931506288886,6.849504209075424e-05,0.017523284803989878,6.849504209075424e-05,0.07649587789434044,0.00015035497044311915,4.7612407306987696e-05,0.03673150083913263,0.03167670714567401,0.05122190942704735,0.020556161020065057,5.5130155829143774e-05,0.00012446050331124876,0.03369862462305745,0.02527396846729309,8.603645530911818e-05,7.100095826480628e-05,6.014198817724772e-05,0.03336163837682689,6.264790435129963e-05,0.00013281355722475526,0.023589037236140212,0.020893147266295632,0.028306844683368266,5.095362887239043e-05,0.03572054210044091,0.00017290821600958714,7.18362636561569e-05,0.015501367326606435
2026-02-03,6.014198817724772e-05,0.038416432070285486,0.00011276622783233949,0.04785204696474157,0.0330246521305963,0.018197257296451035,9.522481461397539e-05,0.03572054210044091,6.014198817724772e-05,0.05964656558281169,0.00018293188070579516,0.13108764978369356,0.022578078497448494,0.0034506465716695857,6.515382052535169e-05,8.185992835236492e-05,0.021904106004987343,0.00019462615618470435,0.02898081717582941,0.021904106004987343,0.08424656155764362,0.0003641931506288886,6.849504209075424e-05,0.017523284803989878,6.849504209075424e-05,0.07649587789434044,0.00015035497044311915,4.7612407306987696e-05,0.03673150083913263,0.03167670714567401,0.05122190942704735,0.020556161020065057,5.5130155829143774e-05,0.00012446050331124876,0.03369862462305745,0.02527396846729309,8.603645530911818e-05,7.100095826480628e-05,6.014198817724772e-05,0.03336163837682689,6.264790435129963e-05,0.00013281355722475526,0.023589037236140212,0.020893147266295632,0.028306844683368266,5.095362887239043e-05,0.03572054210044091,0.00017290821600958714,7.18362636561569e-05,0.015501367326606435
2026-02-04,6.014198817724772e-05,0.038416432070285486,0.00011276622783233949,0.04785204696474157,0.0330246521305963,0.018197257296451035,9.522481461397539e-05,0.03572054210044091,6.014198817724772e-05,0.05964656558281169,0.00018293188070579516,0.13108764978369356,0.022578078497448494,0.0034506465716695857,6.515382052535169e-05,8.185992835236492e-05,0.021904106004987343,0.00019462615618470435,0.02898081717582941,0.021904106004987343,0.08424656155764362,0.0003641931506288886,6.849504209075424e-05,0.017523284803989878,6.849504209075424e-05,0.07649587789434044,0.00015035497044311915,4.7612407306987696e-05,0.03673150083913263,0.03167670714567401,0.05122190942704735,0.020556161020065057,5.5130155829143774e-05,0.00012446050331124876,0.03369862462305745,0.02527396846729309,8.603645530911818e-05,7.100095826480628e-05,6.014198817724772e-05,0.03336163837682689,6.264790435129963e-05,0.00013281355722475526,0.023589037236140212,0.020893147266295632,0.028306844683368266,5.095362887239043e-05,0.03572054210044091,0.00017290821600958714,7.18362636561569e-05,0.015501367326606435
2026-02-05,6.014198817724772e-05,0.038416432070285486,0.00011276622783233949,0.04785204696474157,0.0330246521305963,0.018197257296451035,9.522481461397539e-05,0.03572054210044091,6.014198817724772e-05,0.05964656558281169,0.00018293188070579516,0.13108764978369356,0.022578078497448494,0.0034506465716695857,6.515382052535169e-05,8.185992835236492e-05,0.021904106004987343,0.00019462615618470435,0.02898081717582941,0.021904106004987343,0.08424656155764362,0.0003641931506288886,6.849504209075424e-05,0.017523284803989878,6.849504209075424e-05,0.07649587789434044,0.00015035497044311915,4.7612407306987696e-05,0.03673150083913263,0.03167670714567401,0.05122190942704735,0.020556161020065057,5.5130155829143774e-05,0.00012446050331124876,0.03369862462305745,0.02527396846729309,8.603645530911818e-05,7.100095826480628e-05,6.014198817724772e-05,0.03336163837682689,6.264790435129963e-05,0.00013281355722475526,0.023589037236140212,0.020893147266295632,0.028306844683368266,5.095362887239043e-05,0.03572054210044091,0.00017290821600958714,7.18362636561569e-05,0.015501367326606435
2026-02-06,6.014198817724772e-05,0.038416432070285486,0.00011276622783233949,0.04785204696474157,0.0330246521305963,0.018197257296451035,9.522481461397539e-05,0.03572054210044091,6.014198817724772e-05,0.05964656558281169,0.00018293188070579516,0.13108764978369356,0.022578078497448494,0.0034506465716695857,6.515382052535169e-05,8.185992835236492e-05,0.021904106004987343,0.00019462615618470435,0.02898081717582941,0.021904106004987343,0.08424656155764362,0.0003641931506288886,6.849504209075424e-05,0.017523284803989878,6.849504209075424e-05,0.07649587789434044,0.00015035497044311915,4.7612407306987696e-05,0.03673150083913263,0.03167670714567401,0.05122190942704735,0.020556161020065057,5.5130155829143774e-05,0.00012446050331124876,0.03369862462305745,0.02527396846729309,8.603645530911818e-05,7.100095826480628e-05,6.014198817724772e-05,0.03336163837682689,6.264790435129963e-05,0.00013281355722475526,0.023589037236140212,0.020893147266295632,0.028306844683368266,5.095362887239043e-05,0.03572054210044091,0.00017290821600958714,7.18362636561569e-05,0.015501367326606435
2026-02-09,6.014198817724772e-05,0.038416432070285486,0.00011276622783233949,0.04785204696474157,0.0330246521305963,0.018197257296451035,9.522481461397539e-05,0.03572054210044091,6.014198817724772e-05,0.05964656558281169,0.00018293188070579516,0.13108764978369356,0.022578078497448494,0.0034506465716695857,6.515382052535169e-05,8.185992835236492e-05,0.021904106004987343,0.00019462615618470435,0.02898081717582941,0.021904106004987343,0.08424656155764362,0.0003641931506288886,6.849504209075424e-05,0.017523284803989878,6.849504209075424e-05,0.07649587789434044,0.00015035497044311915,4.7612407306987696e-05,0.03673150083913263,0.03167670714567401,0.05122190942704735,0.020556161020065057,5.5130155829143774e-05,0.00012446050331124876,0.03369862462305745,0.02527396846729309,8.603645530911818e-05,7.100095826480628e-05,6.014198817724772e-05,0.03336163837682689,6.264790435129963e-05,0.00013281355722475526,0.023589037236140212,0.020893147266295632,0.028306844683368266,5.095362887239043e-05,0.03572054210044091,0.00017290821600958714,7.18362636561569e-05,0.015501367326606435
2026-02-10,6.014198817724772e-05,0.038416432070285486,0.00011276622783233949,0.04785204696474157,0.0330246521305963,0.018197257296451035,9.522481461397539e-05,0.03572054210044091,6.014198817724772e-05,0.05964656558281169,0.00018293188070579516,0.13108764978369356,0.022578078497448494,0.0034506465716695857,6.515382052535169e-05,8.185992835236492e-05,0.021904106004987343,0.00019462615618470435,0.02898081717582941,0.021904106004987343,0.08424656155764362,0.0003641931506288886,6.849504209075424e-05,0.017523284803989878,6.849504209075424e-05,0.07649587789434044,0.00015035497044311915,4.7612407306987696e-05,0.03673150083913263,0.03167670714567401,0.05122190942704735,0.020556161020065057,5.5130155829143774e-05,0.00012446050331124876,0.03369862462305745,0.02527396846729309,8.603645530911818e-05,7.100095826480628e-05,6.014198817724772e-05,0.03336163837682689,6.264790435129963e-05,0.00013281355722475526,0.023589037236140212,0.020893147266295632,0.028306844683368266,5.095362887239043e-05,0.03572054210044091,0.00017290821600958714,7.18362636561569e-05,0.015501367326606435
2026-02-11,6.014198817724772e-05,0.038416432070285486,0.00011276622783233949,0.04785204696474157,0.0330246521305963,0.018197257296451035,9.522481461397539e-05,0.03572054210044091,6.014198817724772e-05,0.05964656558281169,0.00018293188070579516,0.13108764978369356,0.022578078497448494,0.0034506465716695857,6.515382052535169e-05,8.185992835236492e-05,0.021904106004987343,0.00019462615618470435,0.02898081717582941,0.021904106004987343,0.08424656155764362,0.0003641931506288886,6.849504209075424e-05,0.017523284803989878,6.849504209075424e-05,0.07649587789434044,0.00015035497044311915,4.7612407306987696e-05,0.03673150083913263,0.03167670714567401,0.05122190942704735,0.020556161020065057,5.5130155829143774e-05,0.00012446050331124876,0.03369862462305745,0.02527396846729309,8.603645530911818e-05,7.100095826480628e-05,6.014198817724772e-05,0.03336163837682689,6.264790435129963e-05,0.00013281355722475526,0.023589037236140212,0.020893147266295632,0.028306844683368266,5.095362887239043e-05,0.03572054210044091,0.00017290821600958714,7.18362636561569e-05,0.015501367326606435
2026-02-23,6.014198817724772e-05,0.038416432070285486,0.00011276622783233949,0.04785204696474157,0.0330246521305963,0.018197257296451035,9.522481461397539e-05,0.03572054210044091,6.014198817724772e-05,0.05964656558281169,0.00018293188070579516,0.13108764978369356,0.022578078497448494,0.0034506465716695857,6.515382052535169e-05,8.185992835236492e-05,0.021904106004987343,0.00019462615618470435,0.02898081717582941,0.021904106004987343,0.08424656155764362,0.0003641931506288886,6.849504209075424e-05,0.017523284803989878,6.849504209075424e-05,0.07649587789434044,0.00015035497044311915,4.7612407306987696e-05,0.03673150083913263,0.03167670714567401,0.05122190942704735,0.020556161020065057,5.5130155829143774e-05,0.00012446050331124876,0.03369862462305745,0.02527396846729309,8.603645530911818e-05,7.100095826480628e-05,6.014198817724772e-05,0.03336163837682689,6.264790435129963e-05,0.00013281355722475526,0.023589037236140212,0.020893147266295632,0.028306844683368266,5.095362887239043e-05,0.03572054210044091,0.00017290821600958714,7.18362636561569e-05,0.015501367326606435
2026-02-24,6.014198817724772e-05,0.038416432070285486,0.00011276622783233949,0.04785204696474157,0.0330246521305963,0.018197257296451035,9.522481461397539e-05,0.03572054210044091,6.014198817724772e-05,0.05964656558281169,0.00018293188070579516,0.13108764978369356,0.022578078497448494,0.0034506465716695857,6.515382052535169e-05,8.185992835236492e-05,0.021904106004987343,0.00019462615618470435,0.02898081717582941,0.021904106004987343,0.08424656155764362,0.0003641931506288886,6.849504209075424e-05,0.017523284803989878,6.849504209075424e-05,0.07649587789434044,0.00015035497044311915,4.7612407306987696e-05,0.03673150083913263,0.03167670714567401,0.05122190942704735,0.020556161020065057,5.5130155829143774e-05,0.00012446050331124876,0.03369862462305745,0.02527396846729309,8.603645530911818e-05,7.100095826480628e-05,6.014198817724772e-05,0.03336163837682689,6.264790435129963e-05,0.00013281355722475526,0.023589037236140212,0.020893147266295632,0.028306844683368266,5.095362887239043e-05,0.03572054210044091,0.00017290821600958714,7.18362636561569e-05,0.015501367326606435
2026-02-25,6.014198817724772e-05,0.038416432070285486,0.00011276622783233949,0.04785204696474157,0.0330246521305963,0.018197257296451035,9.522481461397539e-05,0.03572054210044091,6.014198817724772e-05,0.05964656558281169,0.00018293188070579516,0.13108764978369356,0.022578078497448494,0.0034506465716695857,6.515382052535169e-05,8.185992835236492e-05,0.021904106004987343,0.00019462615618470435,0.02898081717582941,0.021904106004987343,0.08424656155764362,0.0003641931506288886,6.849504209075424e-05,0.017523284803989878,6.849504209075424e-05,0.07649587789434044,0.00015035497044311915,4.7612407306987696e-05,0.03673150083913263,0.03167670714567401,0.05122190942704735,0.020556161020065057,5.5130155829143774e-05,0.00012446050331124876,0.03369862462305745,0.02527396846729309,8.603645530911818e-05,7.100095826480628e-05,6.014198817724772e-05,0.03336163837682689,6.264790435129963e-05,0.00013281355722475526,0.023589037236140212,0.020893147266295632,0.028306844683368266,5.095362887239043e-05,0.03572054210044091,0.00017290821600958714,7.18362636561569e-05,0.015501367326606435
2026-02-26,6.014198817724772e-05,0.038416432070285486,0.00011276622783233949,0.04785204696474157,0.0330246521305963,0.018197257296451035,9.522481461397539e-05,0.03572054210044091,6.014198817724772e-05,0.05964656558281169,0.00018293188070579516,0.13108764978369356,0.022578078497448494,0.0034506465716695857,6.515382052535169e-05,8.185992835236492e-05,0.021904106004987343,0.00019462615618470435,0.02898081717582941,0.021904106004987343,0.08424656155764362,0.0003641931506288886,6.849504209075424e-05,0.017523284803989878,6.849504209075424e-05,0.07649587789434044,0.00015035497044311915,4.7612407306987696e-05,0.03673150083913263,0.03167670714567401,0.05122190942704735,0.020556161020065057,5.5130155829143774e-05,0.00012446050331124876,0.03369862462305745,0.02527396846729309,8.603645530911818e-05,7.100095826480628e-05,6.014198817724772e-05,0.03336163837682689,6.264790435129963e-05,0.00013281355722475526,0.023589037236140212,0.020893147266295632,0.028306844683368266,5.095362887239043e-05,0.03572054210044091,0.00017290821600958714,7.18362636561569e-05,0.015501367326606435
2026-03-02,6.014198817724772e-05,0.038416432070285486,0.00011276622783233949,0.04785204696474157,0.0330246521305963,0.018197257296451035,9.522481461397539e-05,0.03572054210044091,6.014198817724772e-05,0.05964656558281169,0.00018293188070579516,0.13108764978369356,0.022578078497448494,0.0034506465716695857,6.515382052535169e-05,8.185992835236492e-05,0.021904106004987343,0.00019462615618470435,0.02898081717582941,0.021904106004987343,0.08424656155764362,0.0003641931506288886,6.849504209075424e-05,0.017523284803989878,6.849504209075424e-05,0.07649587789434044,0.00015035497044311915,4.7612407306987696e-05,0.03673150083913263,0.03167670714567401,0.05122190942704735,0.020556161020065057,5.5130155829143774e-05,0.00012446050331124876,0.03369862462305745,0.02527396846729309,8.603645530911818e-05,7.100095826480628e-05,6.014198817724772e-05,0.03336163837682689,6.264790435129963e-05,0.00013281355722475526,0.023589037236140212,0.020893147266295632,0.028306844683368266,5.095362887239043e-05,0.03572054210044091,0.00017290821600958714,7.18362636561569e-05,0.015501367326606435
2026-03-03,6.014198817724772e-05,0.038416432070285486,0.00011276622783233949,0.04785204696474157,0.0330246521305963,0.018197257296451035,9.522481461397539e-05,0.03572054210044091,6.014198817724772e-05,0.05964656558281169,0.00018293188070579516,0.13108764978369356,0.022578078497448494,0.0034506465716695857,6.515382052535169e-05,8.185992835236492e-05,0.021904106004987343,0.00019462615618470435,0.02898081717582941,0.021904106004987343,0.08424656155764362,0.0003641931506288886,6.849504209075424e-05,0.017523284803989878,6.849504209075424e-05,0.07649587789434044,0.00015035497044311915,4.7612407306987696e-05,0.03673150083913263,0.03167670714567401,0.05122190942704735,0.020556161020065057,5.5130155829143774e-05,0.00012446050331124876,0.03369862462305745,0.02527396846729309,8.603645530911818e-05,7.100095826480628e-05,6.014198817724772e-05,0.03336163837682689,6.264790435129963e-05,0.00013281355722475526,0.023589037236140212,0.020893147266295632,0.028306844683368266,5.095362887239043e-05,0.03572054210044091,0.00017290821600958714,7.18362636561569e-05,0.015501367326606435
2026-03-04,6.014198817724772e-05,0.038416432070285486,0.00011276622783233949,0.04785204696474157,0.0330246521305963,0.018197257296451035,9.522481461397539e-05,0.03572054210044091,6.014198817724772e-05,0.05964656558281169,0.00018293188070579516,0.13108764978369356,0.022578078497448494,0.0034506465716695857,6.515382052535169e-05,8.185992835236492e-05,0.021904106004987343,0.00019462615618470435,0.02898081717582941,0.021904106004987343,0.08424656155764362,0.0003641931506288886,6.849504209075424e-05,0.017523284803989878,6.849504209075424e-05,0.07649587789434044,0.00015035497044311915,4.7612407306987696e-05,0.03673150083913263,0.03167670714567401,0.05122190942704735,0.020556161020065057,5.5130155829143774e-05,0.00012446050331124876,0.03369862462305745,0.02527396846729309,8.603645530911818e-05,7.100095826480628e-05,6.014198817724772e-05,0.03336163837682689,6.264790435129963e-05,0.00013281355722475526,0.023589037236140212,0.020893147266295632,0.028306844683368266,5.095362887239043e-05,0.03572054210044091,0.00017290821600958714,7.18362636561569e-05,0.015501367326606435
2026-03-05,6.014198817724772e-05,0.038416432070285486,0.00011276622783233949,0.04785204696474157,0.0330246521305963,0.018197257296451035,9.522481461397539e-05,0.03572054210044091,6.014198817724772e-05,0.05964656558281169,0.00018293188070579516,0.13108764978369356,0.022578078497448494,0.0034506465716695857,6.515382052535169e-05,8.185992835236492e-05,0.021904106004987343,0.00019462615618470435,0.02898081717582941,0.021904106004987343,0.08424656155764362,0.0003641931506288886,6.849504209075424e-05,0.017523284803989878,6.849504209075424e-05,0.07649587789434044,0.00015035497044311915,4.7612407306987696e-05,0.03673150083913263,0.03167670714567401,0.05122190942704735,0.020556161020065057,5.5130155829143774e-05,0.00012446050331124876,0.03369862462305745,0.02527396846729309,8.603645530911818e-05,7.100095826480628e-05,6.014198817724772e-05,0.03336163837682689,6.264790435129963e-05,0.00013281355722475526,0.023589037236140212,0.020893147266295632,0.028306844683368266,5.095362887239043e-05,0.03572054210044091,0.00017290821600958714,7.18362636561569e-05,0.015501367326606435
2026-03-06,6.014198817724772e-05,0.038416432070285486,0.00011276622783233949,0.04785204696474157,0.0330246521305963,0.018197257296451035,9.522481461397539e-05,0.03572054210044091,6.014198817724772e-05,0.05964656558281169,0.00018293188070579516,0.13108764978369356,0.022578078497448494,0.0034506465716695857,6.515382052535169e-05,8.185992835236492e-05,0.021904106004987343,0.00019462615618470435,0.02898081717582941,0.021904106004987343,0.08424656155764362,0.0003641931506288886,6.849504209075424e-05,0.017523284803989878,6.849504209075424e-05,0.07649587789434044,0.00015035497044311915,4.7612407306987696e-05,0.03673150083913263,0.03167670714567401,0.05122190942704735,0.020556161020065057,5.5130155829143774e-05,0.00012446050331124876,0.03369862462305745,0.02527396846729309,8.603645530911818e-05,7.100095826480628e-05,6.014198817724772e-05,0.03336163837682689,6.264790435129963e-05,0.00013281355722475526,0.023589037236140212,0.020893147266295632,0.028306844683368266,5.095362887239043e-05,0.03572054210044091,0.00017290821600958714,7.18362636561569e-05,0.015501367326606435
2026-03-09,6.014198817724772e-05,0.038416432070285486,0.00011276622783233949,0.04785204696474157,0.0330246521305963,0.018197257296451035,9.522481461397539e-05,0.03572054210044091,6.014198817724772e-05,0.05964656558281169,0.00018293188070579516,0.13108764978369356,0.022578078497448494,0.0034506465716695857,6.515382052535169e-05,8.185992835236492e-05,0.021904106004987343,0.00019462615618470435,0.02898081717582941,0.021904106004987343,0.08424656155764362,0.0003641931506288886,6.849504209075424e-05,0.017523284803989878,6.849504209075424e-05,0.07649587789434044,0.00015035497044311915,4.7612407306987696e-05,0.03673150083913263,0.03167670714567401,0.05122190942704735,0.020556161020065057,5.5130155829143774e-05,0.00012446050331124876,0.03369862462305745,0.02527396846729309,8.603645530911818e-05,7.100095826480628e-05,6.014198817724772e-05,0.03336163837682689,6.264790435129963e-05,0.00013281355722475526,0.023589037236140212,0.020893147266295632,0.028306844683368266,5.095362887239043e-05,0.03572054210044091,0.00017290821600958714,7.18362636561569e-05,0.015501367326606435
2026-03-10,6.014198817724772e-05,0.038416432070285486,0.00011276622783233949,0.04785204696474157,0.0330246521305963,0.018197257296451035,9.522481461397539e-05,0.03572054210044091,6.014198817724772e-05,0.05964656558281169,0.00018293188070579516,0.13108764978369356,0.022578078497448494,0.0034506465716695857,6.515382052535169e-05,8.185992835236492e-05,0.021904106004987343,0.00019462615618470435,0.02898081717582941,0.021904106004987343,0.08424656155764362,0.0003641931506288886,6.849504209075424e-05,0.017523284803989878,6.849504209075424e-05,0.07649587789434044,0.00015035497044311915,4.7612407306987696e-05,0.03673150083913263,0.03167670714567401,0.05122190942704735,0.020556161020065057,5.5130155829143774e-05,0.00012446050331124876,0.03369862462305745,0.02527396846729309,8.603645530911818e-05,7.100095826480628e-05,6.014198817724772e-05,0.03336163837682689,6.264790435129963e-05,0.00013281355722475526,0.023589037236140212,0.020893147266295632,0.028306844683368266,5.095362887239043e-05,0.03572054210044091,0.00017290821600958714,7.18362636561569e-05,0.015501367326606435
2026-03-11,6.014198817724772e-05,0.038416432070285486,0.00011276622783233949,0.04785204696474157,0.0330246521305963,0.018197257296451035,9.522481461397539e-05,0.03572054210044091,6.014198817724772e-05,0.05964656558281169,0.00018293188070579516,0.13108764978369356,0.022578078497448494,0.0034506465716695857,6.515382052535169e-05,8.185992835236492e-05,0.021904106004987343,0.00019462615618470435,0.02898081717582941,0.021904106004987343,0.08424656155764362,0.0003641931506288886,6.849504209075424e-05,0.017523284803989878,6.849504209075424e-05,0.07649587789434044,0.00015035497044311915,4.7612407306987696e-05,0.03673150083913263,0.03167670714567401,0.05122190942704735,0.020556161020065057,5.5130155829143774e-05,0.00012446050331124876,0.03369862462305745,0.02527396846729309,8.603645530911818e-05,7.100095826480628e-05,6.014198817724772e-05,0.03336163837682689,6.264790435129963e-05,0.00013281355722475526,0.023589037236140212,0.020893147266295632,0.028306844683368266,5.095362887239043e-05,0.03572054210044091,0.00017290821600958714,7.18362636561569e-05,0.015501367326606435
2026-03-12,6.014198817724772e-05,0.038416432070285486,0.00011276622783233949,0.04785204696474157,0.0330246521305963,0.018197257296451035,9.522481461397539e-05,0.03572054210044091,6.014198817724772e-05,0.05964656558281169,0.00018293188070579516,0.13108764978369356,0.022578078497448494,0.0034506465716695857,6.515382052535169e-05,8.185992835236492e-05,0.021904106004987343,0.00019462615618470435,0.02898081717582941,0.021904106004987343,0.08424656155764362,0.0003641931506288886,6.849504209075424e-05,0.017523284803989878,6.849504209075424e-05,0.07649587789434044,0.00015035497044311915,4.7612407306987696e-05,0.03673150083913263,0.03167670714567401,0.05122190942704735,0.020556161020065057,5.5130155829143774e-05,0.00012446050331124876,0.03369862462305745,0.02527396846729309,8.603645530911818e-05,7.100095826480628e-05,6.014198817724772e-05,0.03336163837682689,6.264790435129963e-05,0.00013281355722475526,0.023589037236140212,0.020893147266295632,0.028306844683368266,5.095362887239043e-05,0.03572054210044091,0.00017290821600958714,7.18362636561569e-05,0.015501367326606435
2026-03-13,6.014198817724772e-05,0.038416432070285486,0.00011276622783233949,0.04785204696474157,0.0330246521305963,0.018197257296451035,9.522481461397539e-05,0.03572054210044091,6.014198817724772e-05,0.05964656558281169,0.00018293188070579516,0.13108764978369356,0.022578078497448494,0.0034506465716695857,6.515382052535169e-05,8.185992835236492e-05,0.021904106004987343,0.00019462615618470435,0.02898081717582941,0.021904106004987343,0.08424656155764362,0.0003641931506288886,6.849504209075424e-05,0.017523284803989878,6.849504209075424e-05,0.07649587789434044,0.00015035497044311915,4.7612407306987696e-05,0.03673150083913263,0.03167670714567401,0.05122190942704735,0.020556161020065057,5.5130155829143774e-05,0.00012446050331124876,0.03369862462305745,0.02527396846729309,8.603645530911818e-05,7.100095826480628e-05,6.014198817724772e-05,0.03336163837682689,6.264790435129963e-05,0.00013281355722475526,0.023589037236140212,0.020893147266295632,0.028306844683368266,5.095362887239043e-05,0.03572054210044091,0.00017290821600958714,7.18362636561569e-05,0.015501367326606435
2026-03-16,6.014198817724772e-05,0.038416432070285486,0.00011276622783233949,0.04785204696474157,0.0330246521305963,0.018197257296451035,9.522481461397539e-05,0.03572054210044091,6.014198817724772e-05,0.05964656558281169,0.00018293188070579516,0.13108764978369356,0.022578078497448494,0.0034506465716695857,6.515382052535169e-05,8.185992835236492e-05,0.021904106004987343,0.00019462615618470435,0.02898081717582941,0.021904106004987343,0.08424656155764362,0.0003641931506288886,6.849504209075424e-05,0.017523284803989878,6.849504209075424e-05,0.07649587789434044,0.00015035497044311915,4.7612407306987696e-05,0.03673150083913263,0.03167670714567401,0.05122190942704735,0.020556161020065057,5.5130155829143774e-05,0.00012446050331124876,0.03369862462305745,0.02527396846729309,8.603645530911818e-05,7.100095826480628e-05,6.014198817724772e-05,0.03336163837682689,6.264790435129963e-05,0.00013281355722475526,0.023589037236140212,0.020893147266295632,0.028306844683368266,5.095362887239043e-05,0.03572054210044091,0.00017290821600958714,7.18362636561569e-05,0.015501367326606435
2026-03-17,6.014198817724772e-05,0.038416432070285486,0.00011276622783233949,0.04785204696474157,0.0330246521305963,0.018197257296451035,9.522481461397539e-05,0.03572054210044091,6.014198817724772e-05,0.05964656558281169,0.00018293188070579516,0.13108764978369356,0.022578078497448494,0.0034506465716695857,6.515382052535169e-05,8.185992835236492e-05,0.021904106004987343,0.00019462615618470435,0.02898081717582941,0.021904106004987343,0.08424656155764362,0.0003641931506288886,6.849504209075424e-05,0.017523284803989878,6.849504209075424e-05,0.07649587789434044,0.00015035497044311915,4.7612407306987696e-05,0.03673150083913263,0.03167670714567401,0.05122190942704735,0.020556161020065057,5.5130155829143774e-05,0.00012446050331124876,0.03369862462305745,0.02527396846729309,8.603645530911818e-05,7.100095826480628e-05,6.014198817724772e-05,0.03336163837682689,6.264790435129963e-05,0.00013281355722475526,0.023589037236140212,0.020893147266295632,0.028306844683368266,5.095362887239043e-05,0.03572054210044091,0.00017290821600958714,7.18362636561569e-05,0.015501367326606435
2026-03-18,6.014198817724772e-05,0.038416432070285486,0.00011276622783233949,0.04785204696474157,0.0330246521305963,0.018197257296451035,9.522481461397539e-05,0.03572054210044091,6.014198817724772e-05,0.05964656558281169,0.00018293188070579516,0.13108764978369356,0.022578078497448494,0.0034506465716695857,6.515382052535169e-05,8.185992835236492e-05,0.021904106004987343,0.00019462615618470435,0.02898081717582941,0.021904106004987343,0.08424656155764362,0.0003641931506288886,6.849504209075424e-05,0.017523284803989878,6.849504209075424e-05,0.07649587789434044,0.00015035497044311915,4.7612407306987696e-05,0.03673150083913263,0.03167670714567401,0.05122190942704735,0.020556161020065057,5.5130155829143774e-05,0.00012446050331124876,0.03369862462305745,0.02527396846729309,8.603645530911818e-05,7.100095826480628e-05,6.014198817724772e-05,0.03336163837682689,6.264790435129963e-05,0.00013281355722475526,0.023589037236140212,0.020893147266295632,0.028306844683368266,5.095362887239043e-05,0.03572054210044091,0.00017290821600958714,7.18362636561569e-05,0.015501367326606435
2026-03-19,6.014198817724772e-05,0.038416432070285486,0.00011276622783233949,0.04785204696474157,0.0330246521305963,0.018197257296451035,9.522481461397539e-05,0.03572054210044091,6.014198817724772e-05,0.05964656558281169,0.00018293188070579516,0.13108764978369356,0.022578078497448494,0.0034506465716695857,6.515382052535169e-05,8.185992835236492e-05,0.021904106004987343,0.00019462615618470435,0.02898081717582941,0.021904106004987343,0.08424656155764362,0.0003641931506288886,6.849504209075424e-05,0.017523284803989878,6.849504209075424e-05,0.07649587789434044,0.00015035497044311915,4.7612407306987696e-05,0.03673150083913263,0.03167670714567401,0.05122190942704735,0.020556161020065057,5.5130155829143774e-05,0.00012446050331124876,0.03369862462305745,0.02527396846729309,8.603645530911818e-05,7.100095826480628e-05,6.014198817724772e-05,0.03336163837682689,6.264790435129963e-05,0.00013281355722475526,0.023589037236140212,0.020893147266295632,0.028306844683368266,5.095362887239043e-05,0.03572054210044091,0.00017290821600958714,7.18362636561569e-05,0.015501367326606435
2026-03-20,6.014198817724772e-05,0.038416432070285486,0.00011276622783233949,0.04785204696474157,0.0330246521305963,0.018197257296451035,9.522481461397539e-05,0.03572054210044091,6.014198817724772e-05,0.05964656558281169,0.00018293188070579516,0.13108764978369356,0.022578078497448494,0.0034506465716695857,6.515382052535169e-05,8.185992835236492e-05,0.021904106004987343,0.00019462615618470435,0.02898081717582941,0.021904106004987343,0.08424656155764362,0.0003641931506288886,6.849504209075424e-05,0.017523284803989878,6.849504209075424e-05,0.07649587789434044,0.00015035497044311915,4.7612407306987696e-05,0.03673150083913263,0.03167670714567401,0.05122190942704735,0.020556161020065057,5.5130155829143774e-05,0.00012446050331124876,0.03369862462305745,0.02527396846729309,8.603645530911818e-05,7.100095826480628e-05,6.014198817724772e-05,0.03336163837682689,6.264790435129963e-05,0.00013281355722475526,0.023589037236140212,0.020893147266295632,0.028306844683368266,5.095362887239043e-05,0.03572054210044091,0.00017290821600958714,7.18362636561569e-05,0.015501367326606435
2026-03-23,6.014198817724772e-05,0.038416432070285486,0.00011276622783233949,0.04785204696474157,0.0330246521305963,0.018197257296451035,9.522481461397539e-05,0.03572054210044091,6.014198817724772e-05,0.05964656558281169,0.00018293188070579516,0.13108764978369356,0.022578078497448494,0.0034506465716695857,6.515382052535169e-05,8.185992835236492e-05,0.021904106004987343,0.00019462615618470435,0.02898081717582941,0.021904106004987343,0.08424656155764362,0.0003641931506288886,6.849504209075424e-05,0.017523284803989878,6.849504209075424e-05,0.07649587789434044,0.00015035497044311915,4.7612407306987696e-05,0.03673150083913263,0.03167670714567401,0.05122190942704735,0.020556161020065057,5.5130155829143774e-05,0.00012446050331124876,0.03369862462305745,0.02527396846729309,8.603645530911818e-05,7.100095826480628e-05,6.014198817724772e-05,0.03336163837682689,6.264790435129963e-05,0.00013281355722475526,0.023589037236140212,0.020893147266295632,0.028306844683368266,5.095362887239043e-05,0.03572054210044091,0.00017290821600958714,7.18362636561569e-05,0.015501367326606435
2026-03-24,6.014198817724772e-05,0.038416432070285486,0.00011276622783233949,0.04785204696474157,0.0330246521305963,0.018197257296451035,9.522481461397539e-05,0.03572054210044091,6.014198817724772e-05,0.05964656558281169,0.00018293188070579516,0.13108764978369356,0.022578078497448494,0.0034506465716695857,6.515382052535169e-05,8.185992835236492e-05,0.021904106004987343,0.00019462615618470435,0.02898081717582941,0.021904106004987343,0.08424656155764362,0.0003641931506288886,6.849504209075424e-05,0.017523284803989878,6.849504209075424e-05,0.07649587789434044,0.00015035497044311915,4.7612407306987696e-05,0.03673150083913263,0.03167670714567401,0.05122190942704735,0.020556161020065057,5.5130155829143774e-05,0.00012446050331124876,0.03369862462305745,0.02527396846729309,8.603645530911818e-05,7.100095826480628e-05,6.014198817724772e-05,0.03336163837682689,6.264790435129963e-05,0.00013281355722475526,0.023589037236140212,0.020893147266295632,0.028306844683368266,5.095362887239043e-05,0.03572054210044091,0.00017290821600958714,7.18362636561569e-05,0.015501367326606435
2026-03-25,6.014198817724772e-05,0.038416432070285486,0.00011276622783233949,0.04785204696474157,0.0330246521305963,0.018197257296451035,9.522481461397539e-05,0.03572054210044091,6.014198817724772e-05,0.05964656558281169,0.00018293188070579516,0.13108764978369356,0.022578078497448494,0.0034506465716695857,6.515382052535169e-05,8.185992835236492e-05,0.021904106004987343,0.00019462615618470435,0.02898081717582941,0.021904106004987343,0.08424656155764362,0.0003641931506288886,6.849504209075424e-05,0.017523284803989878,6.849504209075424e-05,0.07649587789434044,0.00015035497044311915,4.7612407306987696e-05,0.03673150083913263,0.03167670714567401,0.05122190942704735,0.020556161020065057,5.5130155829143774e-05,0.00012446050331124876,0.03369862462305745,0.02527396846729309,8.603645530911818e-05,7.100095826480628e-05,6.014198817724772e-05,0.03336163837682689,6.264790435129963e-05,0.00013281355722475526,0.023589037236140212,0.020893147266295632,0.028306844683368266,5.095362887239043e-05,0.03572054210044091,0.00017290821600958714,7.18362636561569e-05,0.015501367326606435
2026-03-26,6.014198817724772e-05,0.038416432070285486,0.00011276622783233949,0.04785204696474157,0.0330246521305963,0.018197257296451035,9.522481461397539e-05,0.03572054210044091,6.014198817724772e-05,0.05964656558281169,0.00018293188070579516,0.13108764978369356,0.022578078497448494,0.0034506465716695857,6.515382052535169e-05,8.185992835236492e-05,0.021904106004987343,0.00019462615618470435,0.02898081717582941,0.021904106004987343,0.08424656155764362,0.0003641931506288886,6.849504209075424e-05,0.017523284803989878,6.849504209075424e-05,0.07649587789434044,0.00015035497044311915,4.7612407306987696e-05,0.03673150083913263,0.03167670714567401,0.05122190942704735,0.020556161020065057,5.5130155829143774e-05,0.00012446050331124876,0.03369862462305745,0.02527396846729309,8.603645530911818e-05,7.100095826480628e-05,6.014198817724772e-05,0.03336163837682689,6.264790435129963e-05,0.00013281355722475526,0.023589037236140212,0.020893147266295632,0.028306844683368266,5.095362887239043e-05,0.03572054210044091,0.00017290821600958714,7.18362636561569e-05,0.015501367326606435
2026-03-27,6.014198817724772e-05,0.038416432070285486,0.00011276622783233949,0.04785204696474157,0.0330246521305963,0.018197257296451035,9.522481461397539e-05,0.03572054210044091,6.014198817724772e-05,0.05964656558281169,0.00018293188070579516,0.13108764978369356,0.022578078497448494,0.0034506465716695857,6.515382052535169e-05,8.185992835236492e-05,0.021904106004987343,0.00019462615618470435,0.02898081717582941,0.021904106004987343,0.08424656155764362,0.0003641931506288886,6.849504209075424e-05,0.017523284803989878,6.849504209075424e-05,0.07649587789434044,0.00015035497044311915,4.7612407306987696e-05,0.03673150083913263,0.03167670714567401,0.05122190942704735,0.020556161020065057,5.5130155829143774e-05,0.00012446050331124876,0.03369862462305745,0.02527396846729309,8.603645530911818e-05,7.100095826480628e-05,6.014198817724772e-05,0.03336163837682689,6.264790435129963e-05,0.00013281355722475526,0.023589037236140212,0.020893147266295632,0.028306844683368266,5.095362887239043e-05,0.03572054210044091,0.00017290821600958714,7.18362636561569e-05,0.015501367326606435
2026-03-30,6.014198817724772e-05,0.038416432070285486,0.00011276622783233949,0.04785204696474157,0.0330246521305963,0.018197257296451035,9.522481461397539e-05,0.03572054210044091,6.014198817724772e-05,0.05964656558281169,0.00018293188070579516,0.13108764978369356,0.022578078497448494,0.0034506465716695857,6.515382052535169e-05,8.185992835236492e-05,0.021904106004987343,0.00019462615618470435,0.02898081717582941,0.021904106004987343,0.08424656155764362,0.0003641931506288886,6.849504209075424e-05,0.017523284803989878,6.849504209075424e-05,0.07649587789434044,0.00015035497044311915,4.7612407306987696e-05,0.03673150083913263,0.03167670714567401,0.05122190942704735,0.020556161020065057,5.5130155829143774e-05,0.00012446050331124876,0.03369862462305745,0.02527396846729309,8.603645530911818e-05,7.100095826480628e-05,6.014198817724772e-05,0.03336163837682689,6.264790435129963e-05,0.00013281355722475526,0.023589037236140212,0.020893147266295632,0.028306844683368266,5.095362887239043e-05,0.03572054210044091,0.00017290821600958714,7.18362636561569e-05,0.015501367326606435
2026-03-31,6.014198817724772e-05,0.038416432070285486,0.00011276622783233949,0.04785204696474157,0.0330246521305963,0.018197257296451035,9.522481461397539e-05,0.03572054210044091,6.014198817724772e-05,0.05964656558281169,0.00018293188070579516,0.13108764978369356,0.022578078497448494,0.0034506465716695857,6.515382052535169e-05,8.185992835236492e-05,0.021904106004987343,0.00019462615618470435,0.02898081717582941,0.021904106004987343,0.08424656155764362,0.0003641931506288886,6.849504209075424e-05,0.017523284803989878,6.849504209075424e-05,0.07649587789434044,0.00015035497044311915,4.7612407306987696e-05,0.03673150083913263,0.03167670714567401,0.05122190942704735,0.020556161020065057,5.5130155829143774e-05,0.00012446050331124876,0.03369862462305745,0.02527396846729309,8.603645530911818e-05,7.100095826480628e-05,6.014198817724772e-05,0.03336163837682689,6.264790435129963e-05,0.00013281355722475526,0.023589037236140212,0.020893147266295632,0.028306844683368266,5.095362887239043e-05,0.03572054210044091,0.00017290821600958714,7.18362636561569e-05,0.015501367326606435
